0.000000000000000e+00 0.000000000000000e+00
8.268000000000000e-02 8.824619966010090e-03
1.653600000000000e-01 1.672518910055190e-02
2.480400000000000e-01 2.469448513031555e-02
3.307200000000000e-01 3.329857362243657e-02
4.134000000000000e-01 4.127066651953164e-02
4.960800000000000e-01 4.820612406446342e-02
5.787600000000001e-01 5.534036094448973e-02
6.614400000000000e-01 6.266393699662469e-02
7.441200000000000e-01 6.882312540429929e-02
8.268000000000000e-01 7.403722134039566e-02
9.094800000000001e-01 7.951022578715307e-02
9.921600000000000e-01 8.464609719469553e-02
1.074840000000000e+00 8.829804660925554e-02
1.157520000000000e+00 9.126387960967938e-02
1.240200000000000e+00 9.444395122133674e-02
1.322880000000000e+00 9.677818860048061e-02
1.405560000000000e+00 9.758056849668643e-02
1.488240000000000e+00 9.805125894597112e-02
1.570920000000000e+00 9.858134250976180e-02
1.653600000000000e+00 9.787816626998201e-02
1.736280000000000e+00 9.586978998744358e-02
1.818960000000000e+00 9.389149431721165e-02
1.901640000000000e+00 9.173618073239774e-02
1.984320000000000e+00 8.816561383452774e-02
2.067000000000000e+00 8.373803512550027e-02
2.149680000000000e+00 7.962845848648489e-02
2.232360000000000e+00 7.508024512609919e-02
2.315040000000000e+00 6.918444196325678e-02
2.397720000000000e+00 6.300580443500506e-02
2.480400000000000e+00 5.730450657639059e-02
2.563080000000000e+00 5.094672167925442e-02
2.645760000000000e+00 4.355220177884438e-02
2.728440000000000e+00 3.646000465907206e-02
2.811120000000000e+00 2.985806492950700e-02
2.893800000000000e+00 2.248841696370035e-02
2.976480000000000e+00 1.458074603516608e-02
3.059160000000000e+00 7.462428955918900e-03
3.141840000000000e+00 7.196299594515981e-04
3.224520000000000e+00 -6.754998151459235e-03
3.307200000000000e+00 -1.417244220992278e-02
3.389880000000000e+00 -2.049364962538665e-02
3.472560000000000e+00 -2.663528184186430e-02
3.555240000000000e+00 -3.331727369695203e-02
3.637920000000000e+00 -3.935836563748038e-02
3.720600000000000e+00 -4.421830935726193e-02
3.803280000000000e+00 -4.911519724261089e-02
3.885960000000000e+00 -5.423050145095185e-02
3.968640000000000e+00 -5.823638394782823e-02
4.051320000000000e+00 -6.119566937616145e-02
4.134000000000000e+00 -6.436854363969781e-02
4.216680000000000e+00 -6.736087537910931e-02
4.299360000000000e+00 -6.897147159050225e-02
4.382040000000000e+00 -6.984652171807301e-02
4.464720000000000e+00 -7.102432972975695e-02
4.547400000000001e+00 -7.161736254866329e-02
4.630080000000000e+00 -7.079745515309883e-02
4.712760000000000e+00 -6.965637197930347e-02
4.795440000000000e+00 -6.879459455873727e-02
4.878120000000000e+00 -6.701575187741537e-02
4.960800000000000e+00 -6.403556081607348e-02
5.043480000000001e+00 -6.116332180194822e-02
5.126160000000000e+00 -5.843717526942618e-02
5.208840000000000e+00 -5.460242699892331e-02
5.291520000000000e+00 -4.997913495622111e-02
5.374200000000000e+00 -4.582114959172568e-02
5.456880000000000e+00 -4.159760601006095e-02
5.539560000000000e+00 -3.626175986316661e-02
5.622240000000001e+00 -3.067375684976601e-02
5.704920000000000e+00 -2.576945898870797e-02
5.787600000000000e+00 -2.056379017932953e-02
5.870280000000000e+00 -1.444454469701252e-02
5.952960000000000e+00 -8.633365098293643e-03
6.035640000000000e+00 -3.551369683822676e-03
6.118320000000001e+00 2.026192473899307e-03
6.201000000000001e+00 8.139880381720782e-03
6.283680000000000e+00 1.346454854230032e-02
6.366360000000000e+00 1.818118186861570e-02
6.449040000000000e+00 2.348437287476721e-02
6.531720000000000e+00 2.882816664801396e-02
6.614400000000000e+00 3.306748624627415e-02
6.697080000000001e+00 3.694210815720420e-02
6.779760000000000e+00 4.135015367159165e-02
6.862440000000000e+00 4.527335943560097e-02
6.945120000000000e+00 4.799411590464492e-02
7.027800000000000e+00 5.064447943501610e-02
7.110480000000000e+00 5.362356017205720e-02
7.193160000000001e+00 5.566160642979034e-02
7.275840000000001e+00 5.662410791761722e-02
7.358520000000000e+00 5.778163987843073e-02
7.441200000000000e+00 5.894276129753504e-02
7.523880000000000e+00 5.886581343496579e-02
7.606560000000000e+00 5.802737955866552e-02
7.689240000000001e+00 5.755239352337722e-02
7.771920000000001e+00 5.670052902137095e-02
7.854600000000000e+00 5.453400222345454e-02
7.937280000000000e+00 5.203390410162801e-02
8.019960000000001e+00 4.992944040630067e-02
8.102640000000001e+00 4.709745421908092e-02
8.185320000000001e+00 4.311360884759008e-02
8.268000000000001e+00 3.924641973118356e-02
8.350680000000001e+00 3.566990196244498e-02
8.433360000000000e+00 3.113052436521523e-02
8.516040000000000e+00 2.581356568459966e-02
8.598720000000000e+00 2.099674843831087e-02
8.681400000000000e+00 1.626505854808601e-02
8.764080000000000e+00 1.051559582986947e-02
8.846760000000000e+00 4.505248380662981e-03
8.929440000000000e+00 -7.558416869061148e-04
9.012120000000001e+00 -6.174509346966332e-03
9.094800000000001e+00 -1.245698337417364e-02
9.177480000000001e+00 -1.843690563290321e-02
9.260160000000001e+00 -2.358639738169154e-02
9.342840000000001e+00 -2.910037626914615e-02
9.425520000000001e+00 -3.513133348440298e-02
9.508200000000000e+00 -4.035225104142766e-02
9.590880000000000e+00 -4.482526288259063e-02
9.673560000000000e+00 -4.977048753058119e-02
9.756240000000000e+00 -5.475106353338227e-02
9.838920000000000e+00 -5.855973959547089e-02
9.921600000000000e+00 -6.182968831277418e-02
1.000428000000000e+01 -6.554239100104592e-02
1.008696000000000e+01 -6.876243105519350e-02
1.016964000000000e+01 -7.065485758739537e-02
1.025232000000000e+01 -7.228596805621371e-02
1.033500000000000e+01 -7.418942304746096e-02
1.041768000000000e+01 -7.512677134097248e-02
1.050036000000000e+01 -7.480877899796519e-02
1.058304000000000e+01 -7.450958245508640e-02
1.066572000000000e+01 -7.420233677284482e-02
1.074840000000000e+01 -7.260385602791038e-02
1.083108000000000e+01 -7.003142928878089e-02
1.091376000000000e+01 -6.770168796693431e-02
1.099644000000000e+01 -6.503224507314365e-02
1.107912000000000e+01 -6.096346623030452e-02
1.116180000000000e+01 -5.635651037794460e-02
1.124448000000000e+01 -5.211848058010980e-02
1.132716000000000e+01 -4.723213970564295e-02
1.140984000000000e+01 -4.108599925271056e-02
1.149252000000000e+01 -3.491146118918803e-02
1.157520000000000e+01 -2.911747454075200e-02
1.165788000000000e+01 -2.246466912754590e-02
1.174056000000000e+01 -1.492509014892410e-02
1.182324000000000e+01 -7.849059453226724e-03
1.190592000000000e+01 -1.060710977247016e-03
1.198860000000000e+01 6.638266547422026e-03
1.207128000000000e+01 1.467579082232809e-02
1.215396000000000e+01 2.186264256834488e-02
1.223664000000000e+01 2.892403724601167e-02
1.231932000000000e+01 3.675671720392805e-02
1.240200000000000e+01 4.429866871473665e-02
1.248468000000000e+01 5.077337579899443e-02
1.256736000000000e+01 5.730123221324478e-02
1.265004000000000e+01 6.427553503271853e-02
1.273272000000000e+01 7.036309697719145e-02
1.281540000000000e+01 7.536835864320468e-02
1.289808000000000e+01 8.056310532735553e-02
1.298076000000000e+01 8.574136257567151e-02
1.306344000000000e+01 8.958303660865923e-02
1.314612000000000e+01 9.251800659763242e-02
1.322880000000000e+01 9.568764769281313e-02
1.331148000000000e+01 9.832358146563991e-02
1.339416000000000e+01 9.940701580336254e-02
1.347684000000000e+01 9.989969317367009e-02
1.355952000000000e+01 1.005569344886660e-01
1.364220000000000e+01 1.002139082943472e-01
1.372488000000000e+01 9.837876377177777e-02
1.380756000000000e+01 9.633195628723858e-02
1.389024000000000e+01 9.427427040093336e-02
1.397292000000000e+01 9.090340427338031e-02
1.405560000000000e+01 8.636351183521723e-02
1.413828000000000e+01 8.196988729131802e-02
1.422096000000000e+01 7.732818164834242e-02
1.430364000000000e+01 7.128998686848767e-02
1.438632000000000e+01 6.460202443680488e-02
1.446900000000000e+01 5.832673367447469e-02
1.455168000000000e+01 5.157033584929125e-02
1.463436000000000e+01 4.359316392047282e-02
1.471704000000000e+01 3.557817903425228e-02
1.479972000000000e+01 2.810992728572720e-02
1.488240000000000e+01 2.000144184301785e-02
1.496508000000000e+01 1.108202460324655e-02
1.504776000000000e+01 2.713040006453798e-03
1.513044000000000e+01 -5.112915022223695e-03
1.521312000000000e+01 -1.361032588794819e-02
1.529580000000000e+01 -2.234803760021917e-02
1.537848000000000e+01 -3.007542036197618e-02
1.546116000000000e+01 -3.737535579439313e-02
1.554384000000000e+01 -4.522592556263526e-02
1.562652000000000e+01 -5.269037471476162e-02
1.570920000000000e+01 -5.888661639362229e-02
1.579188000000000e+01 -6.483638155831006e-02
1.587456000000000e+01 -7.107497013909353e-02
1.595724000000000e+01 -7.635974168822611e-02
1.603992000000000e+01 -8.035250807818117e-02
1.612260000000000e+01 -8.429095023760985e-02
1.620528000000000e+01 -8.815829424090608e-02
1.628796000000000e+01 -9.066501519722538e-02
1.637064000000000e+01 -9.207842055456918e-02
1.645332000000000e+01 -9.359064036740289e-02
1.653600000000000e+01 -9.463893042075670e-02
1.661868000000000e+01 -9.415279655954215e-02
1.670136000000000e+01 -9.294422711952353e-02
1.678404000000000e+01 -9.191157975408176e-02
1.686672000000000e+01 -9.006425490421713e-02
1.694940000000000e+01 -8.677212939043416e-02
1.703208000000000e+01 -8.322192627225956e-02
1.711476000000000e+01 -7.983136802466854e-02
1.719744000000000e+01 -7.538900464412955e-02
1.728012000000000e+01 -6.983869519078267e-02
1.736280000000000e+01 -6.449541324299650e-02
1.744548000000000e+01 -5.920815871953736e-02
1.752816000000000e+01 -5.280097723098461e-02
1.761084000000000e+01 -4.580930626784346e-02
1.769352000000000e+01 -3.940099594724419e-02
1.777620000000000e+01 -3.288734515154632e-02
1.785888000000000e+01 -2.538271119349313e-02
1.794156000000000e+01 -1.790816020615699e-02
1.802424000000000e+01 -1.123606373607179e-02
1.810692000000000e+01 -4.287838663089791e-03
1.818960000000000e+01 3.332750402704372e-03
1.827228000000000e+01 1.033123475382855e-02
1.835496000000000e+01 1.649796253489305e-02
1.843764000000000e+01 2.306442159898476e-02
1.852032000000000e+01 2.984049312554483e-02
1.860300000000000e+01 3.553499644303210e-02
1.868568000000000e+01 4.054726095177391e-02
1.876836000000000e+01 4.598561373536154e-02
1.885104000000000e+01 5.110529797789995e-02
1.893372000000000e+01 5.489999901825507e-02
1.901640000000000e+01 5.828917895815995e-02
1.909908000000000e+01 6.200543921872786e-02
1.918176000000000e+01 6.490721955283418e-02
1.926444000000000e+01 6.649545520513242e-02
1.934712000000000e+01 6.800345680503618e-02
1.942980000000000e+01 6.961878984919762e-02
1.951248000000000e+01 7.005358978952496e-02
1.959516000000000e+01 6.942710001675151e-02
1.967784000000000e+01 6.900948520172132e-02
1.976052000000000e+01 6.839800377033772e-02
1.984320000000000e+01 6.644465181888057e-02
1.992588000000000e+01 6.386067647887447e-02
2.000856000000000e+01 6.166956988404283e-02
2.009124000000000e+01 5.896767860519774e-02
2.017392000000000e+01 5.500279306783520e-02
2.025660000000000e+01 5.092135250447886e-02
2.033928000000000e+01 4.727502951061816e-02
2.042196000000000e+01 4.286143924666892e-02
2.050464000000000e+01 3.749203382508276e-02
2.058732000000000e+01 3.249826328201177e-02
2.067000000000000e+01 2.784264262910432e-02
2.075268000000000e+01 2.229136688854609e-02
2.083536000000000e+01 1.626336670729274e-02
2.091804000000000e+01 1.098855126329317e-02
2.100072000000000e+01 5.853797205071690e-03
2.108340000000000e+01 -1.343021089234358e-04
2.116608000000000e+01 -6.036657200313931e-03
2.124876000000000e+01 -1.098524549911075e-02
2.133144000000000e+01 -1.603116187176898e-02
2.141412000000000e+01 -2.171017298385463e-02
2.149680000000000e+01 -2.676010248823012e-02
2.157948000000000e+01 -3.085473289960557e-02
2.166216000000000e+01 -3.525413046395131e-02
2.174484000000000e+01 -3.991884183074798e-02
2.182752000000000e+01 -4.352701184614820e-02
2.191020000000000e+01 -4.635841957106983e-02
2.199288000000000e+01 -4.961210864246472e-02
2.207556000000000e+01 -5.267836030920169e-02
2.215824000000000e+01 -5.444998685533369e-02
2.224092000000000e+01 -5.575061865466713e-02
2.232360000000000e+01 -5.746414850700372e-02
2.240628000000000e+01 -5.853550899497868e-02
2.248896000000000e+01 -5.830138540307581e-02
2.257164000000000e+01 -5.795561220977047e-02
2.265432000000000e+01 -5.788082206198252e-02
2.273700000000000e+01 -5.679499656116364e-02
2.281968000000000e+01 -5.461661010499093e-02
2.290236000000000e+01 -5.266107898541905e-02
2.298504000000000e+01 -5.072942442974501e-02
2.306772000000000e+01 -4.757975544734969e-02
2.315040000000000e+01 -4.373115318805246e-02
2.323308000000000e+01 -4.034791507610878e-02
2.331576000000000e+01 -3.669131948560135e-02
2.339844000000000e+01 -3.182083147816434e-02
2.348112000000000e+01 -2.675146785388115e-02
2.356380000000000e+01 -2.225525242671393e-02
2.364648000000000e+01 -1.720989497410623e-02
2.372916000000000e+01 -1.117758783000552e-02
2.381184000000000e+01 -5.461188965778577e-03
2.389452000000000e+01 -2.807059298371020e-04
2.397720000000000e+01 5.630402369647531e-03
2.405988000000000e+01 1.210880615253276e-02
2.414256000000000e+01 1.783403725842021e-02
2.422524000000000e+01 2.318208256036251e-02
2.430792000000000e+01 2.929036191855617e-02
2.439060000000000e+01 3.542225954596754e-02
2.447328000000000e+01 4.051678778515590e-02
2.455596000000000e+01 4.546276915543584e-02
2.463864000000000e+01 5.101910161726811e-02
2.472132000000000e+01 5.602766133712431e-02
2.480400000000000e+01 5.991206871252623e-02
2.488668000000000e+01 6.387897961461407e-02
2.496936000000000e+01 6.813871025151078e-02
2.505204000000000e+01 7.135806966812265e-02
2.513472000000000e+01 7.356833855317910e-02
2.521740000000000e+01 7.602770211015424e-02
2.530008000000000e+01 7.834747532994489e-02
2.538276000000000e+01 7.930869212291122e-02
2.546544000000000e+01 7.954174257501057e-02
2.554812000000000e+01 8.007721962631945e-02
2.563080000000000e+01 8.001130112834168e-02
2.571348000000000e+01 7.850732014130757e-02
2.579616000000000e+01 7.665419150126576e-02
2.587884000000000e+01 7.502668322291561e-02
2.596152000000000e+01 7.240743698955937e-02
2.604420000000000e+01 6.852738871675294e-02
2.612688000000000e+01 6.469205138952695e-02
2.620956000000000e+01 6.089627688637132e-02
2.629224000000000e+01 5.588303358244039e-02
2.637492000000000e+01 5.001009063393980e-02
2.645760000000000e+01 4.451174764617993e-02
2.654028000000000e+01 3.881155767549312e-02
2.662296000000000e+01 3.189523659355939e-02
2.670564000000000e+01 2.466726537385897e-02
2.678832000000000e+01 1.802337693415105e-02
2.687100000000000e+01 1.095319131608693e-02
2.695368000000000e+01 2.910750107525168e-03
2.703636000000000e+01 -4.852004536246685e-03
2.711904000000000e+01 -1.196489592197188e-02
2.720172000000000e+01 -1.964096058922149e-02
2.728440000000000e+01 -2.783917960282484e-02
2.736708000000000e+01 -3.523104989088003e-02
2.744976000000000e+01 -4.204003146595462e-02
2.753244000000000e+01 -4.941183608920765e-02
2.761512000000000e+01 -5.672976951472190e-02
2.769780000000000e+01 -6.287004507682085e-02
2.778048000000000e+01 -6.858945927606856e-02
2.786316000000000e+01 -7.471813175893019e-02
2.794584000000000e+01 -8.019776537255521e-02
2.802852000000000e+01 -8.434140380411936e-02
2.811120000000000e+01 -8.826916183088830e-02
2.819388000000000e+01 -9.232036057803487e-02
2.827656000000000e+01 -9.521947794872312e-02
2.835924000000000e+01 -9.685407087801892e-02
2.844192000000000e+01 -9.846718808522727e-02
2.852460000000000e+01 -9.983803480036813e-02
2.860728000000000e+01 -9.974043991441260e-02
2.868996000000000e+01 -9.865568766161018e-02
2.877264000000000e+01 -9.768898130025849e-02
2.885532000000000e+01 -9.610663897888008e-02
2.893800000000000e+01 -9.298733551227319e-02
2.902068000000000e+01 -8.930569706980661e-02
2.910336000000000e+01 -8.579901479727076e-02
2.918604000000000e+01 -8.137365517174774e-02
2.926872000000000e+01 -7.560804108872646e-02
2.935140000000000e+01 -6.977022200872313e-02
2.943408000000000e+01 -6.407479527496411e-02
2.951676000000000e+01 -5.729739973676954e-02
2.959944000000000e+01 -4.961183862793057e-02
2.968212000000000e+01 -4.231794106058934e-02
2.976480000000000e+01 -3.505982808013796e-02
2.984748000000000e+01 -2.674403026954616e-02
2.993016000000000e+01 -1.811420726563241e-02
3.001284000000000e+01 -1.022922484369336e-02
3.009552000000000e+01 -2.235082714595983e-03
3.017820000000000e+01 6.589406443103416e-03
3.026088000000000e+01 1.507733862660184e-02
3.034356000000000e+01 2.263851237168410e-02
3.042624000000000e+01 3.044269973826008e-02
3.050892000000000e+01 3.867048057372117e-02
3.059160000000000e+01 4.597423748982134e-02
3.067428000000000e+01 5.236388357503623e-02
3.075696000000000e+01 5.906764325104635e-02
3.083964000000000e+01 6.567184077449047e-02
3.092232000000000e+01 7.093779906346902e-02
3.100500000000000e+01 7.547704712288814e-02
3.108768000000000e+01 8.029954430537452e-02
3.117036000000000e+01 8.447669740878344e-02
3.125304000000000e+01 8.715155589392812e-02
3.133572000000000e+01 8.940373005221976e-02
3.141840000000000e+01 9.179325888110031e-02
3.150108000000000e+01 9.307581518724982e-02
3.158376000000000e+01 9.296802881519971e-02
3.166644000000000e+01 9.277713536406482e-02
3.174912000000000e+01 9.248312553898337e-02
3.183180000000000e+01 9.080084626315695e-02
3.191448000000000e+01 8.808496967024984e-02
3.199716000000000e+01 8.557881590293276e-02
3.207984000000000e+01 8.268576134312708e-02
3.216252000000000e+01 7.836605123567335e-02
3.224520000000000e+01 7.353423763220054e-02
3.232788000000000e+01 6.909581486755621e-02
3.241056000000000e+01 6.401276182644780e-02
3.249324000000000e+01 5.772125561456442e-02
3.257592000000000e+01 5.149494000375339e-02
3.265860000000000e+01 4.570787162920807e-02
3.274128000000000e+01 3.911344723758008e-02
3.282396000000000e+01 3.174704307732839e-02
3.290664000000000e+01 2.496634582008633e-02
3.298932000000000e+01 1.854134901554461e-02
3.307200000000000e+01 1.129165854128486e-02
3.315468000000000e+01 3.843685384275206e-03
3.323736000000000e+01 -2.647631269888441e-03
3.332004000000000e+01 -8.957219024340506e-03
3.340272000000000e+01 -1.594408620001032e-02
3.348540000000000e+01 -2.252411280298319e-02
3.356808000000000e+01 -2.798273566576331e-02
3.365076000000000e+01 -3.346709906847208e-02
3.373344000000000e+01 -3.933248560854656e-02
3.381612000000000e+01 -4.426360551436912e-02
3.389880000000000e+01 -4.812799500653550e-02
3.398148000000000e+01 -5.219874292150478e-02
3.406416000000000e+01 -5.625301592955633e-02
3.414684000000000e+01 -5.901561743872961e-02
3.422952000000000e+01 -6.095672929596422e-02
3.431220000000000e+01 -6.320746248849556e-02
3.439488000000000e+01 -6.501290633325904e-02
3.447756000000000e+01 -6.539916992088932e-02
3.456024000000000e+01 -6.533711378602482e-02
3.464292000000000e+01 -6.558019954125299e-02
3.472560000000000e+01 -6.499735743616419e-02
3.480828000000000e+01 -6.311568202107692e-02
3.489096000000000e+01 -6.120371187549806e-02
3.497364000000000e+01 -5.948075490306731e-02
3.505632000000000e+01 -5.667432769644815e-02
3.513900000000000e+01 -5.291085134103404e-02
3.522168000000000e+01 -4.949294059142828e-02
3.530436000000000e+01 -4.606052708049518e-02
3.538704000000000e+01 -4.146671731669452e-02
3.546972000000000e+01 -3.641313278567808e-02
3.555240000000000e+01 -3.196514605108663e-02
3.563508000000000e+01 -2.726040737860707e-02
3.571776000000000e+01 -2.152237220503224e-02
3.580044000000000e+01 -1.588369030785800e-02
3.588312000000000e+01 -1.094961121665750e-02
3.596580000000000e+01 -5.541309427442538e-03
3.604848000000000e+01 5.772931598701138e-04
3.613116000000000e+01 6.079470399133461e-03
3.621384000000000e+01 1.094625685785091e-02
3.629652000000000e+01 1.641587501322649e-02
3.637920000000000e+01 2.212751414148768e-02
3.646188000000000e+01 2.684174321437274e-02
3.654456000000000e+01 3.112599486110010e-02
3.662724000000000e+01 3.600446280891353e-02
3.670992000000000e+01 4.059254853207413e-02
3.679260000000000e+01 4.400365343706992e-02
3.687528000000000e+01 4.726334935060012e-02
3.695796000000000e+01 5.095298113289341e-02
3.704064000000000e+01 5.385395891279513e-02
3.712332000000000e+01 5.562329015907325e-02
3.720600000000000e+01 5.751490420138217e-02
3.728868000000000e+01 5.953585545215227e-02
3.737136000000000e+01 6.039990907218416e-02
3.745404000000000e+01 6.038015218820032e-02
3.753672000000000e+01 6.067849315021506e-02
3.761940000000000e+01 6.072503688127949e-02
3.770208000000000e+01 5.944983289415594e-02
3.778476000000000e+01 5.767909507421367e-02
3.786744000000000e+01 5.629516306059246e-02
3.795012000000000e+01 5.427902032548761e-02
3.803280000000000e+01 5.101448531940017e-02
3.811548000000001e+01 4.769650279202183e-02
3.819816000000000e+01 4.469387773877721e-02
3.828084000000000e+01 4.076788040030746e-02
3.836352000000000e+01 3.589346990862995e-02
3.844620000000000e+01 3.137045387191232e-02
3.852888000000000e+01 2.697706707941879e-02
3.861156000000000e+01 2.153326199207571e-02
3.869424000000000e+01 1.561200029990562e-02
3.877692000000000e+01 1.033436113915680e-02
3.885960000000000e+01 4.943573472289446e-03
3.894228000000000e+01 -1.417710682257672e-03
3.902496000000000e+01 -7.702364039714496e-03
3.910764000000000e+01 -1.320835216515623e-02
3.919032000000000e+01 -1.905438721094522e-02
3.927300000000000e+01 -2.558427561379755e-02
3.935568000000000e+01 -3.150201277080993e-02
3.943836000000000e+01 -3.667025693527069e-02
3.952104000000000e+01 -4.232024547171042e-02
3.960372000000000e+01 -4.820523237156469e-02
3.968640000000000e+01 -5.305634261971204e-02
3.976908000000000e+01 -5.732332042461987e-02
3.985176000000000e+01 -6.208053265663525e-02
3.993444000000000e+01 -6.654169925931115e-02
4.001712000000000e+01 -6.973211642370894e-02
4.009980000000000e+01 -7.258686485313905e-02
4.018248000000000e+01 -7.579212913895503e-02
4.026516000000000e+01 -7.818747556739662e-02
4.034784000000001e+01 -7.929523181471929e-02
4.043052000000000e+01 -8.033482400179534e-02
4.051320000000000e+01 -8.145834644389034e-02
4.059588000000000e+01 -8.137432658435438e-02
4.067856000000000e+01 -8.020095956382869e-02
4.076124000000000e+01 -7.918534615939340e-02
4.084392000000000e+01 -7.791299488535997e-02
4.092660000000000e+01 -7.523160050656684e-02
4.100928000000000e+01 -7.183200833434544e-02
4.109196000000000e+01 -6.872918035042581e-02
4.117464000000000e+01 -6.502792894824000e-02
4.125732000000000e+01 -5.995801199852112e-02
4.134000000000000e+01 -5.464322130036656e-02
4.142268000000000e+01 -4.965512660302057e-02
4.150536000000000e+01 -4.380456739961024e-02
4.158804000000000e+01 -3.687033937535409e-02
4.167072000000000e+01 -3.018022626880238e-02
4.175340000000000e+01 -2.374200700627135e-02
4.183608000000000e+01 -1.632355409410359e-02
4.191876000000000e+01 -8.308915056695992e-03
4.200144000000000e+01 -9.559889264783297e-04
4.208412000000000e+01 6.294900733868332e-03
4.216680000000000e+01 1.445339950008071e-02
4.224948000000000e+01 2.259954994337708e-02
4.233216000000000e+01 2.980950375374048e-02
4.241484000000001e+01 3.709321490245940e-02
4.249752000000000e+01 4.501324514035127e-02
4.258020000000000e+01 5.229914784305577e-02
4.266288000000000e+01 5.855977525732463e-02
4.274556000000000e+01 6.503794462987168e-02
4.282824000000000e+01 7.171597928925141e-02
4.291092000000000e+01 7.723975351687945e-02
4.299360000000000e+01 8.183825478245020e-02
4.307628000000000e+01 8.671363728858562e-02
4.315896000000000e+01 9.126051368873778e-02
4.324164000000000e+01 9.433366053949194e-02
4.332432000000000e+01 9.673459330952225e-02
4.340700000000000e+01 9.935560086108063e-02
4.348968000000000e+01 1.011291047134061e-01
4.357236000000000e+01 1.013713677352964e-01
4.365504000000000e+01 1.012805260237859e-01
4.373772000000000e+01 1.012373845879173e-01
4.382040000000000e+01 9.994583385445074e-02
4.390308000000000e+01 9.733634281854071e-02
4.398576000000000e+01 9.473810188787553e-02
4.406844000000000e+01 9.193557582459312e-02
4.415112000000000e+01 8.769273498676017e-02
4.423380000000000e+01 8.256993774454001e-02
4.431648000000000e+01 7.773423921705258e-02
4.439916000000000e+01 7.242620611793329e-02
4.448184000000001e+01 6.574529231895732e-02
4.456452000000000e+01 5.875707973038176e-02
4.464720000000001e+01 5.221446066574972e-02
4.472988000000000e+01 4.498955727427641e-02
4.481256000000000e+01 3.671519873572024e-02
4.489524000000000e+01 2.872844699463566e-02
4.497792000000000e+01 2.121377912971703e-02
4.506060000000000e+01 1.292916297891642e-02
4.514328000000000e+01 4.117970826648327e-03
4.522596000000000e+01 -3.898180380846819e-03
4.530864000000000e+01 -1.152937055967654e-02
4.539132000000000e+01 -1.985902287942659e-02
4.547400000000000e+01 -2.808940108591908e-02
4.555668000000000e+01 -3.519005291397630e-02
4.563936000000000e+01 -4.206444190079275e-02
4.572204000000000e+01 -4.940618845488588e-02
4.580472000000000e+01 -5.603506555286512e-02
4.588740000000000e+01 -6.141930508068975e-02
4.597008000000000e+01 -6.675501102419634e-02
4.605276000000000e+01 -7.220270239935603e-02
4.613544000000000e+01 -7.644707969068804e-02
4.621812000000000e+01 -7.955567913291159e-02
4.630080000000000e+01 -8.276211980956608e-02
4.638348000000000e+01 -8.566372370723069e-02
4.646616000000000e+01 -8.708126686424408e-02
4.654884000000000e+01 -8.765957452090430e-02
4.663152000000000e+01 -8.841237619569428e-02
4.671420000000001e+01 -8.845956794736591e-02
4.679688000000000e+01 -8.699963613242989e-02
4.687956000000001e+01 -8.511719038507794e-02
4.696224000000000e+01 -8.339640919378326e-02
4.704492000000000e+01 -8.066328805408046e-02
4.712760000000000e+01 -7.665969673297227e-02
4.721028000000000e+01 -7.268439479185847e-02
4.729296000000000e+01 -6.877088842776101e-02
4.737564000000000e+01 -6.369717550165450e-02
4.745832000000000e+01 -5.780514772548860e-02
4.754100000000000e+01 -5.233738186938445e-02
4.762368000000000e+01 -4.676960211114945e-02
4.770636000000000e+01 -4.009223021617479e-02
4.778904000000000e+01 -3.318072966828158e-02
4.787172000000000e+01 -2.696001596067460e-02
4.795440000000000e+01 -2.045970096606140e-02
4.803708000000000e+01 -1.310411688289983e-02
4.811976000000000e+01 -6.122073093623628e-03
4.820244000000000e+01 7.679636719506689e-05
4.828512000000000e+01 6.697964080348148e-03
4.836780000000000e+01 1.374997699868676e-02
4.845048000000000e+01 1.991078212176118e-02
4.853316000000000e+01 2.537466552637528e-02
4.861584000000000e+01 3.131460191189087e-02
4.869852000000000e+01 3.716071073736726e-02
4.878120000000001e+01 4.178347794243230e-02
4.886388000000000e+01 4.593735606865781e-02
4.894656000000001e+01 5.049767871596934e-02
4.902924000000000e+01 5.443431699949990e-02
4.911192000000000e+01 5.705811162927859e-02
4.919460000000000e+01 5.951412704772389e-02
4.927728000000000e+01 6.217913895668916e-02
4.935996000000000e+01 6.378723164692163e-02
4.944264000000000e+01 6.424187688212124e-02
4.952532000000000e+01 6.482068522408674e-02
4.960800000000000e+01 6.531356988094926e-02
4.969068000000000e+01 6.449952594696458e-02
4.977336000000000e+01 6.289536345043925e-02
4.985604000000000e+01 6.162418602649781e-02
4.993872000000000e+01 5.993486578294776e-02
5.002140000000000e+01 5.692367835653710e-02
5.010408000000000e+01 5.360531700183560e-02
5.018676000000000e+01 5.069873397101693e-02
5.026944000000000e+01 4.708053291264027e-02
5.035212000000000e+01 4.236599545678738e-02
5.043480000000000e+01 3.784375591298327e-02
5.051748000000000e+01 3.367255719029950e-02
5.060016000000000e+01 2.860825412375849e-02
5.068284000000000e+01 2.287170698631004e-02
5.076552000000000e+01 1.774495730741946e-02
5.084820000000001e+01 1.279671477288328e-02
5.093088000000000e+01 6.938346522776992e-03
5.101356000000001e+01 9.507504981621018e-04
5.109624000000000e+01 -4.165239301350826e-03
5.117892000000001e+01 -9.331542666271007e-03
5.126160000000000e+01 -1.524148946004980e-02
5.134428000000000e+01 -2.071916379243788e-02
5.142696000000000e+01 -2.525519209296148e-02
5.150964000000000e+01 -3.005863424022853e-02
5.159232000000000e+01 -3.527496016044321e-02
5.167500000000000e+01 -3.958031780089839e-02
5.175768000000000e+01 -4.306037357094959e-02
5.184036000000000e+01 -4.694963631555265e-02
5.192304000000000e+01 -5.081089442824675e-02
5.200572000000000e+01 -5.344864195259071e-02
5.208840000000000e+01 -5.552172083904976e-02
5.217108000000000e+01 -5.802617912558503e-02
5.225376000000000e+01 -6.003049520573819e-02
5.233644000000000e+01 -6.071595432202004e-02
5.241912000000000e+01 -6.117427099906661e-02
5.250180000000000e+01 -6.195155206785306e-02
5.258448000000000e+01 -6.181414905884719e-02
5.266716000000000e+01 -6.049056714509157e-02
5.274984000000000e+01 -5.927691303056800e-02
5.283252000000000e+01 -5.815330053238967e-02
5.291520000000000e+01 -5.584022997019674e-02
5.299788000000000e+01 -5.267169053751452e-02
5.308056000000001e+01 -4.987866262670137e-02
5.316324000000000e+01 -4.687820432532393e-02
5.324592000000001e+01 -4.261306537447539e-02
5.332860000000000e+01 -3.795682200331543e-02
5.341128000000000e+01 -3.381973794779129e-02
5.349396000000000e+01 -2.917759081119136e-02
5.357664000000000e+01 -2.342031731859523e-02
5.365932000000000e+01 -1.778344899680381e-02
5.374200000000000e+01 -1.266734181263136e-02
5.382468000000000e+01 -6.823068301398957e-03
5.390736000000000e+01 -2.222266695593842e-04
5.399004000000000e+01 5.792150735182011e-03
5.407272000000000e+01 1.141248411230824e-02
5.415540000000000e+01 1.784492127730799e-02
5.423808000000000e+01 2.452239176607624e-02
5.432076000000000e+01 3.027425048029933e-02
5.440344000000000e+01 3.584308950298827e-02
5.448612000000000e+01 4.212977342728361e-02
5.456880000000000e+01 4.808487351593936e-02
5.465148000000000e+01 5.295702191322812e-02
5.473416000000000e+01 5.787745067523145e-02
5.481684000000000e+01 6.324134075364336e-02
5.489952000000000e+01 6.773645882527692e-02
5.498220000000000e+01 7.119079930870841e-02
5.506488000000000e+01 7.487631366048263e-02
5.514756000000001e+01 7.859038695498216e-02
5.523024000000000e+01 8.103916719786054e-02
5.531292000000001e+01 8.266614495953273e-02
5.539560000000000e+01 8.460295555040021e-02
5.547828000000001e+01 8.608931048356082e-02
5.556096000000000e+01 8.613163513312606e-02
5.564364000000000e+01 8.569040484056969e-02
5.572632000000000e+01 8.550595872487006e-02
5.580900000000000e+01 8.442691489441297e-02
5.589168000000000e+01 8.197879605093887e-02
5.597436000000000e+01 7.942616827237396e-02
5.605704000000000e+01 7.695542050548500e-02
5.613972000000000e+01 7.328090345720373e-02
5.622240000000000e+01 6.855198439431197e-02
5.630508000000000e+01 6.405803123974503e-02
5.638776000000000e+01 5.939538271866215e-02
5.647044000000000e+01 5.343219248189315e-02
5.655312000000000e+01 4.690779649806710e-02
5.663580000000000e+01 4.085507403350074e-02
5.671848000000000e+01 3.437831595848297e-02
5.680116000000000e+01 2.675178496858909e-02
5.688384000000000e+01 1.914108604722596e-02
5.696652000000000e+01 1.210349017839131e-02
5.704920000000000e+01 4.458165174456981e-03
5.713188000000000e+01 -3.955423665901975e-03
5.721456000000001e+01 -1.179944760571969e-02
5.729724000000000e+01 -1.910181392383656e-02
5.737992000000001e+01 -2.706296799697985e-02
5.746260000000000e+01 -3.524581557945901e-02
5.754528000000001e+01 -4.242590346645125e-02
5.762796000000000e+01 -4.919666745290979e-02
5.771064000000001e+01 -5.651527428557297e-02
5.779332000000000e+01 -6.344406249716389e-02
5.787600000000000e+01 -6.912670132632495e-02
5.795868000000000e+01 -7.458351864972507e-02
5.804136000000000e+01 -8.032459483193684e-02
5.812404000000000e+01 -8.511274086658578e-02
5.820672000000000e+01 -8.863209834960702e-02
5.828940000000000e+01 -9.210665706441393e-02
5.837208000000000e+01 -9.549455071065431e-02
5.845476000000000e+01 -9.751901834070832e-02
5.853744000000000e+01 -9.846326595806786e-02
5.862012000000000e+01 -9.949557729777071e-02
5.870280000000000e+01 -1.000337306973350e-01
5.878548000000000e+01 -9.902677366918740e-02
5.886816000000000e+01 -9.729391299257920e-02
5.895084000000000e+01 -9.570423970231778e-02
5.903352000000000e+01 -9.325807103193132e-02
5.911620000000000e+01 -8.934924826475790e-02
5.919888000000000e+01 -8.516260413442903e-02
5.928156000000001e+01 -8.108740290613607e-02
5.936424000000000e+01 -7.591585605452410e-02
5.944692000000001e+01 -6.961682927857256e-02
5.952960000000000e+01 -6.349609666659449e-02
5.961228000000001e+01 -5.738071232820741e-02
5.969496000000000e+01 -5.011042432353909e-02
5.977764000000001e+01 -4.224362612945866e-02
5.986032000000000e+01 -3.493487372630975e-02
5.994300000000000e+01 -2.748338610137739e-02
6.002568000000000e+01 -1.902826264114323e-02
6.010836000000000e+01 -1.060946145806717e-02
6.019104000000000e+01 -2.984960429045536e-03
6.027372000000000e+01 4.925596350536678e-03
6.035640000000000e+01 1.348853607248109e-02
6.043908000000000e+01 2.139580198666024e-02
6.052176000000000e+01 2.845175892283653e-02
6.060444000000000e+01 3.588094406596819e-02
6.068712000000000e+01 4.346195002180629e-02
6.076980000000000e+01 4.989672740484921e-02
6.085248000000000e+01 5.559824573463384e-02
6.093516000000000e+01 6.166133721770982e-02
6.101784000000000e+01 6.731234651361555e-02
6.110052000000000e+01 7.154681269361672e-02
6.118320000000000e+01 7.529763249722767e-02
6.126588000000000e+01 7.927943991236074e-02
6.134856000000000e+01 8.232844923601020e-02
6.143124000000000e+01 8.395781857778881e-02
6.151392000000001e+01 8.541309580394939e-02
6.159660000000000e+01 8.686185855989816e-02
6.167928000000001e+01 8.700524155008017e-02
6.176196000000000e+01 8.598454556379476e-02
6.184464000000001e+01 8.507882473698868e-02
6.192732000000000e+01 8.386698914329153e-02
6.201000000000001e+01 8.120444282472639e-02
6.209268000000000e+01 7.783047099074501e-02
6.217536000000000e+01 7.477232690376583e-02
6.225804000000000e+01 7.111427592378901e-02
6.234072000000000e+01 6.612154113270678e-02
6.242340000000000e+01 6.096827431392392e-02
6.250608000000000e+01 5.620512403947923e-02
6.258876000000000e+01 5.062764361689778e-02
6.267144000000000e+01 4.407378862377237e-02
6.275412000000000e+01 3.789629604469733e-02
6.283680000000000e+01 3.205464428471738e-02
6.291948000000000e+01 2.532345667391199e-02
6.300216000000000e+01 1.814910088059905e-02
6.308484000000000e+01 1.177319052946802e-02
6.316752000000000e+01 5.581087926065338e-03
6.325020000000000e+01 -1.405615259864556e-03
6.333288000000000e+01 -8.227504730858126e-03
6.341556000000000e+01 -1.401368596457161e-02
6.349824000000000e+01 -1.981343865005029e-02
6.358092000000001e+01 -2.614795919913567e-02
6.366360000000000e+01 -3.174655232453270e-02
6.374628000000001e+01 -3.628563339253126e-02
6.382896000000000e+01 -4.102145958563581e-02
6.391164000000001e+01 -4.590735461501298e-02
6.399432000000000e+01 -4.962473577499028e-02
6.407700000000000e+01 -5.245808258759641e-02
6.415968000000001e+01 -5.560434028416363e-02
6.424236000000001e+01 -5.845764612329026e-02
6.432504000000000e+01 -5.992223370128056e-02
6.440772000000000e+01 -6.082671228998471e-02
6.449040000000001e+01 -6.205822921824906e-02
6.457308000000000e+01 -6.257596374205525e-02
6.465576000000000e+01 -6.173132718087179e-02
6.473844000000000e+01 -6.072320842742955e-02
6.482112000000001e+01 -5.994409179983061e-02
6.490380000000000e+01 -5.813262361664963e-02
6.498648000000000e+01 -5.522124719954553e-02
6.506916000000000e+01 -5.253042913281627e-02
6.515184000000001e+01 -4.987588857412916e-02
6.523452000000000e+01 -4.603795864162152e-02
6.531720000000000e+01 -4.154606539245043e-02
6.539988000000000e+01 -3.756826757790974e-02
6.548256000000001e+01 -3.338209319278427e-02
6.556524000000000e+01 -2.806690568025255e-02
6.564792000000000e+01 -2.264193076045301e-02
6.573060000000001e+01 -1.787936720536481e-02
6.581328000000001e+01 -1.267214502876657e-02
6.589596000000000e+01 -6.597323941770861e-03
6.597864000000000e+01 -9.529914580218683e-04
6.606132000000001e+01 4.045781773420708e-03
6.614400000000001e+01 9.651978289553291e-03
6.622668000000000e+01 1.569500035883087e-02
6.630936000000000e+01 2.087058986523679e-02
6.639204000000001e+01 2.556355562926005e-02
6.647472000000000e+01 3.089884937547164e-02
6.655740000000000e+01 3.614337397309821e-02
6.664008000000000e+01 4.026383586817238e-02
6.672276000000001e+01 4.415741534752217e-02
6.680544000000000e+01 4.857185878722174e-02
6.688812000000000e+01 5.236630664524359e-02
6.697080000000000e+01 5.499936161956754e-02
6.705348000000001e+01 5.768005718161312e-02
6.713616000000000e+01 6.061128257096286e-02
6.721884000000000e+01 6.249129902855655e-02
6.730152000000000e+01 6.338542420791174e-02
6.738420000000001e+01 6.454472918482897e-02
6.746688000000000e+01 6.558071013444695e-02
6.754956000000000e+01 6.531593613407090e-02
6.763224000000000e+01 6.440439883447584e-02
6.771492000000001e+01 6.386075580380501e-02
6.779760000000000e+01 6.279177998391804e-02
6.788028000000000e+01 6.040393279318518e-02
6.796296000000001e+01 5.779252228516973e-02
6.804564000000001e+01 5.551199721910482e-02
6.812832000000000e+01 5.236523656083501e-02
6.821100000000000e+01 4.811788273030171e-02
6.829368000000001e+01 4.406331479488525e-02
6.837636000000001e+01 4.017720278249224e-02
6.845904000000000e+01 3.522765569868671e-02
6.854172000000000e+01 2.959121875576682e-02
6.862440000000001e+01 2.447552000027016e-02
6.870708000000000e+01 1.928974299379568e-02
6.878976000000000e+01 1.304315238073193e-02
6.887244000000000e+01 6.640791936761413e-03
6.895512000000001e+01 9.438487404495516e-04
6.903780000000000e+01 -5.066885647324810e-03
6.912048000000000e+01 -1.192038090203914e-02
6.920316000000000e+01 -1.837953997852376e-02
6.928584000000001e+01 -2.411034844860408e-02
6.936852000000000e+01 -3.033014265449535e-02
6.945120000000000e+01 -3.698887012415673e-02
6.953388000000000e+01 -4.278286270309218e-02
6.961656000000001e+01 -4.796903228281819e-02
6.969924000000000e+01 -5.369349037462638e-02
6.978192000000000e+01 -5.933672434764756e-02
6.986460000000001e+01 -6.380454517704566e-02
6.994728000000001e+01 -6.788162612235792e-02
7.002996000000000e+01 -7.239373870025084e-02
7.011264000000000e+01 -7.628333920984907e-02
7.019532000000001e+01 -7.889411153587046e-02
7.027800000000001e+01 -8.136581347812662e-02
7.036068000000000e+01 -8.402716473377703e-02
7.044336000000000e+01 -8.560555997161207e-02
7.052604000000001e+01 -8.601754142572193e-02
7.060872000000001e+01 -8.651468527296749e-02
7.069140000000000e+01 -8.685912061426643e-02
7.077408000000000e+01 -8.583010911974893e-02
7.085676000000001e+01 -8.393344918011313e-02
7.093944000000000e+01 -8.226968014321168e-02
7.102212000000000e+01 -8.008402314233713e-02
7.110480000000000e+01 -7.646404826722961e-02
7.118748000000001e+01 -7.240113693541340e-02
7.127016000000000e+01 -6.861517164896500e-02
7.135284000000000e+01 -6.399217602199220e-02
7.143552000000000e+01 -5.812281001322468e-02
7.151820000000001e+01 -5.228134856559599e-02
7.160088000000000e+01 -4.665614801604668e-02
7.168356000000000e+01 -4.000839192041954e-02
7.176624000000000e+01 -3.252554538074465e-02
7.184892000000001e+01 -2.550250573502211e-02
7.193160000000000e+01 -1.855489035218283e-02
7.201428000000000e+01 -1.058386147132398e-02
7.209696000000001e+01 -2.345218801173108e-03
7.217964000000001e+01 5.115817074264736e-03
7.226232000000000e+01 1.267709931886344e-02
7.234500000000000e+01 2.105600942198497e-02
7.242768000000001e+01 2.907739193842229e-02
7.251036000000001e+01 3.616855809441389e-02
7.259304000000000e+01 4.351374050574967e-02
7.267572000000000e+01 5.128305433809817e-02
7.275840000000001e+01 5.812514451616216e-02
7.284108000000001e+01 6.406605422950384e-02
7.292376000000000e+01 7.033780752418176e-02
7.300644000000000e+01 7.651317165149728e-02
7.308912000000001e+01 8.135327290560737e-02
7.317180000000000e+01 8.548079150549813e-02
7.325448000000000e+01 8.990061986166521e-02
7.333716000000000e+01 9.367079170061300e-02
7.341984000000001e+01 9.593628577850499e-02
7.350252000000000e+01 9.778179787772472e-02
7.358520000000000e+01 9.975688985923641e-02
7.366788000000000e+01 1.006066536651712e-01
7.375056000000001e+01 1.000509286135411e-01
7.383324000000000e+01 9.939682054072213e-02
7.391592000000000e+01 9.861235793490290e-02
7.399860000000000e+01 9.640676702711212e-02
7.408128000000001e+01 9.313889921543270e-02
7.416396000000000e+01 9.004843547399773e-02
7.424664000000000e+01 8.652925763601292e-02
7.432932000000001e+01 8.154254385037239e-02
7.441200000000001e+01 7.600738502396205e-02
7.449468000000000e+01 7.082418447764442e-02
7.457736000000000e+01 6.495166243564310e-02
7.466004000000001e+01 5.783358122169856e-02
7.474272000000001e+01 5.074706566774206e-02
7.482540000000000e+01 4.406226683504171e-02
7.490808000000000e+01 3.653831700520668e-02
7.499076000000001e+01 2.822243722130851e-02
7.507344000000001e+01 2.047315128145392e-02
7.515612000000000e+01 1.306104462078344e-02
7.523880000000000e+01 4.820712419699581e-03
7.532148000000001e+01 -3.610083141745761e-03
7.540416000000000e+01 -1.107856787885197e-02
7.548684000000000e+01 -1.835150607623482e-02
7.556952000000000e+01 -2.626704029378669e-02
7.565220000000001e+01 -3.373557596445924e-02
7.573488000000000e+01 -4.004596492085175e-02
7.581756000000000e+01 -4.632855047310046e-02
7.590024000000000e+01 -5.291846098757172e-02
7.598292000000001e+01 -5.850433231539619e-02
7.606560000000000e+01 -6.295511095447914e-02
7.614828000000000e+01 -6.752081534117300e-02
7.623096000000001e+01 -7.196670828975420e-02
7.631364000000001e+01 -7.503089259649948e-02
7.639632000000000e+01 -7.718006408510969e-02
7.647900000000000e+01 -7.952160957805224e-02
7.656168000000001e+01 -8.130240986684557e-02
7.664436000000001e+01 -8.156785230074816e-02
7.672704000000000e+01 -8.127971489188487e-02
7.680972000000000e+01 -8.117388261043709e-02
7.689240000000001e+01 -8.013598141929636e-02
7.697508000000001e+01 -7.771344435965091e-02
7.705776000000000e+01 -7.516205794739521e-02
7.714044000000000e+01 -7.269480926920188e-02
7.722312000000001e+01 -6.906770798869541e-02
7.730580000000000e+01 -6.442432247722991e-02
7.738848000000000e+01 -6.005408180242706e-02
7.747116000000000e+01 -5.560327218285313e-02
7.755384000000001e+01 -4.995968433905966e-02
7.763652000000000e+01 -4.383640273104510e-02
7.771920000000000e+01 -3.828760961181153e-02
7.780188000000000e+01 -3.246776351250835e-02
7.788456000000001e+01 -2.563544101059948e-02
7.796724000000000e+01 -1.892783395431439e-02
7.804992000000000e+01 -1.294131566719857e-02
7.813260000000000e+01 -6.520314276947155e-03
7.821528000000001e+01 5.402571476315465e-04
7.829796000000000e+01 6.917277500850625e-03
7.838064000000000e+01 1.259959561749715e-02
7.846332000000001e+01 1.879936365500135e-02
7.854600000000001e+01 2.513251759929662e-02
7.862868000000000e+01 3.037307517189989e-02
7.871136000000000e+01 3.509610798634916e-02
7.879404000000001e+01 4.029930708897134e-02
7.887672000000001e+01 4.508610676486431e-02
7.895940000000000e+01 4.859423698188410e-02
7.904208000000000e+01 5.185559651586677e-02
7.912476000000001e+01 5.542657254385384e-02
7.920744000000001e+01 5.809141353463625e-02
7.929012000000000e+01 5.954067488687420e-02
7.937280000000000e+01 6.103031575826565e-02
7.945548000000001e+01 6.254690243928392e-02
7.953816000000000e+01 6.282377576469660e-02
7.962084000000000e+01 6.217131577835479e-02
7.970352000000000e+01 6.178638068639274e-02
7.978620000000001e+01 6.108706565350773e-02
7.986888000000000e+01 5.903786869738517e-02
7.995156000000000e+01 5.649795453182718e-02
8.003424000000000e+01 5.433725364351125e-02
8.011692000000001e+01 5.153657258448616e-02
8.019960000000000e+01 4.752247709806001e-02
8.028228000000000e+01 4.351098524789844e-02
8.036496000000000e+01 3.985395753829658e-02
8.044764000000001e+01 3.532455657768460e-02
8.053032000000000e+01 2.993915873815389e-02
8.061300000000000e+01 2.500292792618272e-02
8.069568000000001e+01 2.027685577021165e-02
8.077836000000001e+01 1.460085010766065e-02
8.086104000000000e+01 8.578881861126861e-03
8.094372000000000e+01 3.322589116232616e-03
8.102640000000001e+01 -1.939351199139028e-03
8.110908000000001e+01 -8.043094574148804e-03
8.119176000000000e+01 -1.392603193270062e-02
8.127444000000000e+01 -1.890620599618443e-02
8.135712000000001e+01 -2.411396052080097e-02
8.143980000000001e+01 -2.987707788446241e-02
8.152248000000000e+01 -3.489959077338363e-02
8.160516000000000e+01 -3.907017639425966e-02
8.168784000000001e+01 -4.363053625360395e-02
8.177052000000000e+01 -4.832613717715412e-02
8.185320000000000e+01 -5.189999495085159e-02
8.193588000000000e+01 -5.483041375949012e-02
8.201856000000001e+01 -5.820246402886503e-02
8.210124000000000e+01 -6.122933674688581e-02
8.218392000000000e+01 -6.295543858075470e-02
8.226660000000000e+01 -6.434470478623010e-02
8.234928000000001e+01 -6.609341882984934e-02
8.243196000000000e+01 -6.704456447439520e-02
8.251464000000000e+01 -6.674308389637426e-02
8.259732000000001e+01 -6.643502274913825e-02
8.268000000000001e+01 -6.627898254967450e-02
8.276268000000000e+01 -6.498783822495319e-02
8.284536000000000e+01 -6.270314330444218e-02
8.292804000000001e+01 -6.069256862817482e-02
8.301072000000001e+01 -5.854148903746236e-02
8.309340000000000e+01 -5.510170607203958e-02
8.317608000000000e+01 -5.108516534882987e-02
8.325876000000001e+01 -4.751699364296851e-02
8.334144000000001e+01 -4.349456626914185e-02
8.342412000000000e+01 -3.825169720456278e-02
8.350680000000000e+01 -3.292697165867297e-02
8.358948000000001e+01 -2.808910333422325e-02
8.367216000000001e+01 -2.253681679768999e-02
8.375484000000000e+01 -1.605266727294434e-02
8.383752000000000e+01 -9.968660610732375e-03
8.392020000000001e+01 -4.278036980752607e-03
8.400288000000000e+01 2.263630881551113e-03
8.408556000000000e+01 9.270864906704488e-03
8.416824000000000e+01 1.549432098402776e-02
8.425092000000001e+01 2.151426720588441e-02
8.433360000000000e+01 2.834926484515081e-02
8.441628000000000e+01 3.508359282599199e-02
8.449896000000000e+01 4.081272931843646e-02
8.458164000000001e+01 4.656551490367562e-02
8.466432000000000e+01 5.290957266704477e-02
8.474700000000000e+01 5.858679399458684e-02
8.482968000000001e+01 6.322967637916826e-02
8.491236000000001e+01 6.809188446913057e-02
8.499504000000000e+01 7.315957546526647e-02
8.507772000000000e+01 7.709824213088318e-02
8.516040000000001e+01 8.015624116848843e-02
8.524308000000001e+01 8.353642095837456e-02
8.532576000000000e+01 8.663959342063517e-02
8.540844000000000e+01 8.834274288878022e-02
8.549112000000001e+01 8.945544010456294e-02
8.557380000000001e+01 9.086300266465371e-02
8.565648000000000e+01 9.150833844817781e-02
8.573916000000000e+01 9.072575817259934e-02
8.582184000000001e+01 8.970756537366494e-02
8.590452000000001e+01 8.882501183841286e-02
8.598720000000000e+01 8.679579308865554e-02
8.606988000000000e+01 8.355857988670774e-02
8.615256000000001e+01 8.042521844261576e-02
8.623524000000000e+01 7.717294035209987e-02
8.631792000000000e+01 7.257987264397914e-02
8.640060000000000e+01 6.720247456810875e-02
8.648328000000001e+01 6.218444182947004e-02
8.656596000000000e+01 5.676444509344005e-02
8.664864000000000e+01 5.005346827023040e-02
8.673132000000000e+01 4.310252509285544e-02
8.681400000000001e+01 3.664119403871498e-02
8.689668000000000e+01 2.954616098311398e-02
8.697936000000000e+01 2.145754153444587e-02
8.706204000000001e+01 1.369075600012403e-02
8.714472000000001e+01 6.411992387537419e-03
8.722740000000000e+01 -1.609705550111443e-03
8.731008000000000e+01 -1.012829838422513e-02
8.739276000000001e+01 -1.784692110949286e-02
8.747544000000001e+01 -2.518534406137036e-02
8.755812000000000e+01 -3.321002995340817e-02
8.764080000000000e+01 -4.112536279098318e-02
8.772348000000001e+01 -4.792525214979358e-02
8.780616000000001e+01 -5.451189424348944e-02
8.788884000000000e+01 -6.155782695686812e-02
8.797152000000000e+01 -6.789036137971603e-02
8.805420000000001e+01 -7.299851062377925e-02
8.813688000000000e+01 -7.806524995443112e-02
8.821956000000000e+01 -8.322938427466658e-02
8.830224000000000e+01 -8.718925375556130e-02
8.838492000000001e+01 -9.002648432758756e-02
8.846760000000000e+01 -9.295102564604157e-02
8.855028000000000e+01 -9.554280010559296e-02
8.863296000000000e+01 -9.664198611907875e-02
8.871564000000001e+01 -9.689825343025113e-02
8.879832000000000e+01 -9.729518145780337e-02
8.888100000000000e+01 -9.694454612722553e-02
8.896368000000001e+01 -9.506794560691979e-02
8.904636000000001e+01 -9.274467344346334e-02
8.912904000000000e+01 -9.052847698438114e-02
8.921172000000000e+01 -8.724960244940706e-02
8.929440000000001e+01 -8.267338549930424e-02
8.937708000000001e+01 -7.808464064409334e-02
8.945976000000000e+01 -7.349268259045556e-02
8.954244000000000e+01 -6.769216512092167e-02
8.962512000000001e+01 -6.104544005087911e-02
8.970780000000001e+01 -5.477616030993187e-02
8.979048000000000e+01 -4.834675616171210e-02
8.987316000000000e+01 -4.077393231976192e-02
8.995584000000001e+01 -3.294844796144567e-02
9.003852000000001e+01 -2.577555539339751e-02
9.012120000000000e+01 -1.828395973098475e-02
9.020388000000000e+01 -9.929694441617674e-03
9.028656000000001e+01 -1.950926867243715e-03
9.036924000000000e+01 5.260096023148673e-03
9.045192000000000e+01 1.289876656582257e-02
9.053460000000000e+01 2.094071899327599e-02
9.061728000000001e+01 2.806076679063126e-02
9.069996000000000e+01 3.446734923771261e-02
9.078264000000000e+01 4.131522286307938e-02
9.086532000000000e+01 4.800410128808515e-02
9.094800000000001e+01 5.340838261276017e-02
9.103068000000000e+01 5.829382252685582e-02
9.111336000000000e+01 6.351235229137639e-02
9.119604000000001e+01 6.800964148090655e-02
9.127872000000001e+01 7.110879089865112e-02
9.136140000000000e+01 7.396349029147463e-02
9.144408000000000e+01 7.692476449006810e-02
9.152676000000001e+01 7.871275677399836e-02
9.160944000000001e+01 7.925192704676143e-02
9.169212000000000e+01 7.982488599102444e-02
9.177480000000000e+01 8.019688696885119e-02
9.185748000000001e+01 7.914684499318057e-02
9.194016000000001e+01 7.721909095365399e-02
9.202284000000000e+01 7.553670165616452e-02
9.210552000000000e+01 7.332942767033557e-02
9.218820000000001e+01 6.970850228885078e-02
9.227088000000001e+01 6.571762271378151e-02
9.235356000000000e+01 6.207050613804706e-02
9.243624000000000e+01 5.763459631436912e-02
9.251892000000001e+01 5.205220526349968e-02
9.260160000000000e+01 4.663630729555412e-02
9.268428000000000e+01 4.153730359565636e-02
9.276696000000000e+01 3.551402511268281e-02
9.284964000000001e+01 2.881949229380762e-02
9.293232000000000e+01 2.275095022812328e-02
9.301500000000000e+01 1.686928941925385e-02
9.309768000000000e+01 1.009907154191539e-02
9.318036000000001e+01 3.249997243715136e-03
9.326304000000000e+01 -2.671966587266457e-03
9.334572000000000e+01 -8.593100216400166e-03
9.342840000000001e+01 -1.518917824289611e-02
9.351108000000001e+01 -2.126547297081206e-02
9.359376000000000e+01 -2.631523881351695e-02
9.367644000000000e+01 -3.154821831438769e-02
9.375912000000001e+01 -3.709535361799041e-02
9.384180000000001e+01 -4.162641994604407e-02
9.392448000000000e+01 -4.523397347883518e-02
9.400716000000000e+01 -4.915225301436913e-02
9.408984000000001e+01 -5.293816373719281e-02
9.417252000000001e+01 -5.540050641089703e-02
9.425520000000000e+01 -5.720675357960994e-02
9.433788000000000e+01 -5.935558257752157e-02
9.442056000000001e+01 -6.091987659610519e-02
9.450324000000001e+01 -6.109184594224033e-02
9.458592000000000e+01 -6.097275797437266e-02
9.466860000000000e+01 -6.111665785930999e-02
9.475128000000001e+01 -6.030233708069697e-02
9.483396000000000e+01 -5.827173154117954e-02
9.491664000000000e+01 -5.633130737034830e-02
9.499932000000000e+01 -5.447390900758819e-02
9.508200000000001e+01 -5.143630625165564e-02
9.516468000000000e+01 -4.756532481426442e-02
9.524736000000000e+01 -4.410211761978633e-02
9.533004000000001e+01 -4.047842146302184e-02
9.541272000000001e+01 -3.565312825610410e-02
9.549540000000000e+01 -3.050951268099169e-02
9.557808000000000e+01 -2.596540009810518e-02
9.566076000000001e+01 -2.101011906081310e-02
9.574344000000001e+01 -1.504683001692136e-02
9.582612000000000e+01 -9.314693172950559e-03
9.590880000000000e+01 -4.216381971803694e-03
9.599148000000001e+01 1.486040099350323e-03
9.607416000000001e+01 7.812957291076521e-03
9.615684000000000e+01 1.342704733728363e-02
9.623952000000000e+01 1.852430955354708e-02
9.632220000000001e+01 2.430209849303981e-02
9.640488000000001e+01 3.019340841732451e-02
9.648756000000000e+01 3.504460830515062e-02
9.657024000000000e+01 3.960509392556503e-02
9.665292000000001e+01 4.476860967730086e-02
9.673560000000001e+01 4.949726194712990e-02
9.681828000000000e+01 5.306639703762416e-02
9.690096000000000e+01 5.661217032503447e-02
9.698364000000001e+01 6.052554265225912e-02
9.706632000000000e+01 6.351934441175155e-02
9.714900000000000e+01 6.545183154067785e-02
9.723168000000000e+01 6.759331979137546e-02
9.731436000000001e+01 6.974317472745711e-02
9.739704000000000e+01 7.064436283839530e-02
9.747972000000000e+01 7.076510957758594e-02
9.756240000000001e+01 7.122753505153795e-02
9.764508000000001e+01 7.128299189444870e-02
9.772776000000000e+01 6.997978771492251e-02
9.781044000000000e+01 6.828934244622933e-02
9.789312000000001e+01 6.693751238346285e-02
9.797580000000001e+01 6.479495248216766e-02
9.805848000000000e+01 6.142422024662800e-02
9.814116000000000e+01 5.808324851440134e-02
9.822384000000001e+01 5.494426958776018e-02
9.830652000000001e+01 5.075048388788092e-02
9.838920000000000e+01 4.567418549391274e-02
9.847188000000000e+01 4.098253773376608e-02
9.855456000000001e+01 3.626253139164640e-02
9.863724000000001e+01 3.041120519348791e-02
9.871992000000000e+01 2.417185983173486e-02
9.880260000000000e+01 1.854571207256021e-02
9.888528000000001e+01 1.263399078082938e-02
9.896796000000001e+01 5.733116532711909e-03
9.905064000000000e+01 -1.005379870644968e-03
9.913332000000000e+01 -7.058390327910611e-03
9.921600000000001e+01 -1.360482628073420e-02
9.929868000000000e+01 -2.079345484743662e-02
9.938136000000000e+01 -2.731341878417377e-02
9.946404000000000e+01 -3.322402473875258e-02
9.954672000000001e+01 -3.972082635845249e-02
9.962940000000000e+01 -4.636497880174122e-02
9.971208000000000e+01 -5.196556324228270e-02
9.979476000000001e+01 -5.714154649916925e-02
9.987744000000001e+01 -6.284297079032510e-02
9.996012000000000e+01 -6.813754081683114e-02
1.000428000000000e+02 -7.220382550704167e-02
1.001254800000000e+02 -7.607974848806194e-02
1.002081600000000e+02 -8.026521971770154e-02
1.002908400000000e+02 -8.353259388810776e-02
1.003735200000000e+02 -8.559868052413226e-02
1.004562000000000e+02 -8.769501548641843e-02
1.005388800000000e+02 -8.976562358770432e-02
1.006215600000000e+02 -9.054604761248354e-02
1.007042400000000e+02 -9.034702473649868e-02
1.007869200000000e+02 -9.033238447517267e-02
1.008696000000000e+02 -8.990272691878991e-02
1.009522800000000e+02 -8.802202631754874e-02
1.010349600000000e+02 -8.552883690875113e-02
1.011176400000000e+02 -8.327542631135179e-02
1.012003200000000e+02 -8.024512626142863e-02
1.012830000000000e+02 -7.584905331363712e-02
1.013656800000000e+02 -7.128033615762108e-02
1.014483600000000e+02 -6.690165165416102e-02
1.015310400000000e+02 -6.149292947941734e-02
1.016137200000000e+02 -5.504107314879780e-02
1.016964000000000e+02 -4.884777845543103e-02
1.017790800000000e+02 -4.270937816800908e-02
1.018617600000000e+02 -3.546165855147473e-02
1.019444400000000e+02 -2.767902502306334e-02
1.020271200000000e+02 -2.050109574091706e-02
1.021098000000000e+02 -1.319922950570712e-02
1.021924800000000e+02 -4.917914209338806e-03
1.022751600000000e+02 3.291597835486974e-03
1.023578400000000e+02 1.069274532343127e-02
1.024405200000000e+02 1.838503571094341e-02
1.025232000000000e+02 2.672181334290156e-02
1.026058800000000e+02 3.438962843132233e-02
1.026885600000000e+02 4.121502478648769e-02
1.027712400000000e+02 4.843018907843919e-02
1.028539200000000e+02 5.579649268851493e-02
1.029366000000000e+02 6.201568838313500e-02
1.030192800000000e+02 6.751884683520798e-02
1.031019600000000e+02 7.339752286597283e-02
1.031846400000000e+02 7.886005601871510e-02
1.032673200000000e+02 8.290528211183669e-02
1.033500000000000e+02 8.647765845073896e-02
1.034326800000000e+02 9.028047572532773e-02
1.035153600000000e+02 9.313397526233276e-02
1.035980400000000e+02 9.455671057697716e-02
1.036807200000000e+02 9.579917384617545e-02
1.037634000000000e+02 9.701330680808985e-02
1.038460800000000e+02 9.688864631490743e-02
1.039287600000000e+02 9.557341451923608e-02
1.040114400000000e+02 9.434627850492940e-02
1.040941200000000e+02 9.277019509783715e-02
1.041768000000000e+02 8.969543942956260e-02
1.042594800000000e+02 8.586938285144802e-02
1.043421600000000e+02 8.231532367698853e-02
1.044248400000000e+02 7.810531543760064e-02
1.045075200000000e+02 7.250719851671100e-02
1.045902000000000e+02 6.670332455292305e-02
1.046728800000000e+02 6.123902484995079e-02
1.047555600000000e+02 5.490512444324952e-02
1.048382400000000e+02 4.754920976000913e-02
1.049209200000000e+02 4.053056908266880e-02
1.050036000000000e+02 3.380500215986899e-02
1.050862800000000e+02 2.615205855407512e-02
1.051689600000000e+02 1.803133292141484e-02
1.052516400000000e+02 1.068800254986410e-02
1.053343200000000e+02 3.508869080607285e-03
1.054170000000000e+02 -4.470861413347566e-03
1.054996800000000e+02 -1.228018828854345e-02
1.055823600000000e+02 -1.904722215242273e-02
1.056650400000000e+02 -2.581217308800256e-02
1.057477200000000e+02 -3.307861354372820e-02
1.058304000000000e+02 -3.957071547703984e-02
1.059130800000000e+02 -4.496405962973272e-02
1.059957600000000e+02 -5.049848033203327e-02
1.060784400000000e+02 -5.611275205843546e-02
1.061611200000000e+02 -6.049171456281400e-02
1.062438000000000e+02 -6.391609085351986e-02
1.063264800000000e+02 -6.756290901884419e-02
1.064091600000000e+02 -7.082152469293779e-02
1.064918400000000e+02 -7.260668127391150e-02
1.065745200000000e+02 -7.373857581340701e-02
1.066572000000000e+02 -7.508726054745314e-02
1.067398800000000e+02 -7.562040842391826e-02
1.068225600000000e+02 -7.470305226693952e-02
1.069052400000000e+02 -7.352188065304542e-02
1.069879200000000e+02 -7.246124437292134e-02
1.070706000000000e+02 -7.028065542172984e-02
1.071532800000000e+02 -6.692495892951500e-02
1.072359600000000e+02 -6.370162595837557e-02
1.073186400000000e+02 -6.043051850058116e-02
1.074013200000000e+02 -5.592079166083294e-02
1.074840000000000e+02 -5.071010092911141e-02
1.075666800000000e+02 -4.595593749422502e-02
1.076493600000000e+02 -4.095164427030202e-02
1.077320400000000e+02 -3.480764451998801e-02
1.078147200000000e+02 -2.854590502849409e-02
1.078974000000000e+02 -2.293202260636794e-02
1.079800800000000e+02 -1.688287735642032e-02
1.080627600000000e+02 -1.000375553684582e-02
1.081454400000000e+02 -3.589292097290674e-03
1.082281200000000e+02 2.148708198912815e-03
1.083108000000000e+02 8.435460128948401e-03
1.083934800000000e+02 1.507884152736402e-02
1.084761600000000e+02 2.078535337723483e-02
1.085588400000000e+02 2.594123361762689e-02
1.086415200000000e+02 3.164330510431407e-02
1.087242000000000e+02 3.714696508512137e-02
1.088068800000000e+02 4.143821867383565e-02
1.088895600000000e+02 4.541426783532070e-02
1.089722400000000e+02 4.979692589366298e-02
1.090549200000000e+02 5.344713729423196e-02
1.091376000000000e+02 5.585101792108403e-02
1.092202800000000e+02 5.821474729094576e-02
1.093029600000000e+02 6.072026801323083e-02
1.093856400000000e+02 6.208339388237371e-02
1.094683200000000e+02 6.240160373086851e-02
1.095510000000000e+02 6.291802085740063e-02
1.096336800000000e+02 6.323192003144291e-02
1.097163600000000e+02 6.219872581926735e-02
1.097990400000000e+02 6.050250228105931e-02
1.098817200000000e+02 5.914413711474432e-02
1.099644000000000e+02 5.723061344243027e-02
1.100470800000000e+02 5.401159040650497e-02
1.101297600000000e+02 5.060281703240998e-02
1.102124400000000e+02 4.754128598630990e-02
1.102951200000000e+02 4.364385107011835e-02
1.103778000000000e+02 3.872074615001551e-02
1.104604800000000e+02 3.407113717404953e-02
1.105431600000000e+02 2.965372454340617e-02
1.106258400000000e+02 2.426143591254052e-02
1.107085200000000e+02 1.830684401174204e-02
1.107912000000000e+02 1.298826535195977e-02
1.108738800000000e+02 7.702087086099593e-03
1.109565600000000e+02 1.486429202948730e-03
1.110392400000000e+02 -4.733340688002852e-03
1.111219200000000e+02 -1.011685541311113e-02
1.112046000000000e+02 -1.569099068186726e-02
1.112872800000000e+02 -2.195972752620015e-02
1.113699600000000e+02 -2.768332645059000e-02
1.114526400000000e+02 -3.255500546415538e-02
1.115353200000000e+02 -3.779658893979577e-02
1.116180000000000e+02 -4.334238147542285e-02
1.117006800000000e+02 -4.790098658354019e-02
1.117833600000000e+02 -5.175886546712636e-02
1.118660400000000e+02 -5.606627510639004e-02
1.119487200000000e+02 -6.019848116698373e-02
1.120314000000000e+02 -6.308346389562598e-02
1.121140800000000e+02 -6.553540795868422e-02
1.121967600000000e+02 -6.838502546612668e-02
1.122794400000000e+02 -7.057733132880341e-02
1.123621200000000e+02 -7.148339324479801e-02
1.124448000000000e+02 -7.227066857789105e-02
1.125274800000000e+02 -7.327194750628209e-02
1.126101600000000e+02 -7.322115847176960e-02
1.126928400000000e+02 -7.206406048207790e-02
1.127755200000000e+02 -7.107531493185230e-02
1.128582000000000e+02 -7.001701729881221e-02
1.129408800000000e+02 -6.767637644474617e-02
1.130235600000000e+02 -6.458734233057439e-02
1.131062400000000e+02 -6.186480077753335e-02
1.131889200000000e+02 -5.874764139207814e-02
1.132716000000000e+02 -5.433208740181193e-02
1.133542800000000e+02 -4.963291343563865e-02
1.134369600000000e+02 -4.537181099277874e-02
1.135196400000000e+02 -4.042299862698013e-02
1.136023200000000e+02 -3.438634954774732e-02
1.136850000000000e+02 -2.855018991464310e-02
1.137676800000000e+02 -2.309122983992733e-02
1.138503600000000e+02 -1.675704031827510e-02
1.139330400000000e+02 -9.743484585758432e-03
1.140157200000000e+02 -3.346377720096737e-03
1.140984000000000e+02 2.840266193705139e-03
1.141810800000000e+02 9.926445515976436e-03
1.142637600000000e+02 1.715191231854503e-02
1.143464400000000e+02 2.348418080265708e-02
1.144291200000000e+02 2.982561484243382e-02
1.145118000000000e+02 3.690015412539187e-02
1.145944800000000e+02 4.353558926308512e-02
1.146771600000000e+02 4.918145830127923e-02
1.147598400000000e+02 5.504183413695102e-02
1.148425200000000e+02 6.128994649893206e-02
1.149252000000000e+02 6.658602812711366e-02
1.150078800000000e+02 7.098002206337581e-02
1.150905600000000e+02 7.571442527979466e-02
1.151732400000000e+02 8.036500311737781e-02
1.152559200000000e+02 8.371050847598112e-02
1.153386000000000e+02 8.639090204865470e-02
1.154212800000000e+02 8.941208104537998e-02
1.155039600000000e+02 9.183788883077836e-02
1.155866400000000e+02 9.283113636741762e-02
1.156693200000000e+02 9.348195081237907e-02
1.157520000000000e+02 9.433505879552680e-02
1.158346800000000e+02 9.414465698779755e-02
1.159173600000000e+02 9.264221989333823e-02
1.160000400000000e+02 9.112807356285381e-02
1.160827200000000e+02 8.956439172561927e-02
1.161654000000000e+02 8.667074108455415e-02
1.162480800000000e+02 8.280738699907679e-02
1.163307600000000e+02 7.919878398904107e-02
1.164134400000000e+02 7.523564686775908e-02
1.164961200000000e+02 6.988776001413520e-02
1.165788000000000e+02 6.406511935837313e-02
1.166614800000000e+02 5.865001776072386e-02
1.167441600000000e+02 5.260252853658883e-02
1.168268400000000e+02 4.537122519537880e-02
1.169095200000000e+02 3.821631971768376e-02
1.169922000000000e+02 3.149218751762583e-02
1.170748800000000e+02 2.396436107202760e-02
1.171575600000000e+02 1.568051016834007e-02
1.172402400000000e+02 7.978288596978146e-03
1.173229200000000e+02 6.188255271863645e-04
1.174056000000000e+02 -7.551947298567576e-03
1.174882800000000e+02 -1.590000656883086e-02
1.175709600000000e+02 -2.329371655783552e-02
1.176536400000000e+02 -3.050017944988632e-02
1.177363200000000e+02 -3.834215484403059e-02
1.178190000000000e+02 -4.573804644260882e-02
1.179016800000000e+02 -5.199484258734823e-02
1.179843600000000e+02 -5.823252321550801e-02
1.180670400000000e+02 -6.476915777571746e-02
1.181497200000000e+02 -7.030607407351548e-02
1.182324000000000e+02 -7.472422828745333e-02
1.183150800000000e+02 -7.925285609323998e-02
1.183977600000000e+02 -8.364257572922673e-02
1.184804400000000e+02 -8.664880869557963e-02
1.185631200000000e+02 -8.874133018677385e-02
1.186458000000000e+02 -9.099927069154434e-02
1.187284800000000e+02 -9.266214324809992e-02
1.188111600000000e+02 -9.279574972345769e-02
1.188938400000000e+02 -9.235448994501629e-02
1.189765200000000e+02 -9.204410537784868e-02
1.190592000000000e+02 -9.075391285798462e-02
1.191418800000000e+02 -8.805179669147675e-02
1.192245600000000e+02 -8.517656980927311e-02
1.193072400000000e+02 -8.231603467643880e-02
1.193899200000000e+02 -7.824198771495615e-02
1.194726000000000e+02 -7.311496831516479e-02
1.195552800000000e+02 -6.820133943289672e-02
1.196379600000000e+02 -6.313298926725276e-02
1.197206400000000e+02 -5.682346936754936e-02
1.198033200000000e+02 -4.999685465830635e-02
1.198860000000000e+02 -4.368317994849814e-02
1.199686800000000e+02 -3.703613999450855e-02
1.200513600000000e+02 -2.934581172327766e-02
1.201340400000000e+02 -2.175367886295579e-02
1.202167200000000e+02 -1.483539388815785e-02
1.202994000000000e+02 -7.447591392006704e-03
1.203820800000000e+02 5.822316899855547e-04
1.204647600000000e+02 7.932814583606231e-03
1.205474400000000e+02 1.460792204736145e-02
1.206301200000000e+02 2.179764298639925e-02
1.207128000000000e+02 2.908820166278648e-02
1.207954800000000e+02 3.526110304758052e-02
1.208781600000000e+02 4.090044024488591e-02
1.209608400000000e+02 4.697585040244632e-02
1.210435200000000e+02 5.256723162516957e-02
1.211262000000000e+02 5.682571659797526e-02
1.212088800000000e+02 6.078725472847905e-02
1.212915600000000e+02 6.497779916222814e-02
1.213742400000000e+02 6.816753224650421e-02
1.214569200000000e+02 7.006682368918175e-02
1.215396000000000e+02 7.193115699627860e-02
1.216222800000000e+02 7.371784721654120e-02
1.217049600000000e+02 7.415891625817027e-02
1.217876400000000e+02 7.359005766845424e-02
1.218703200000000e+02 7.320277101205602e-02
1.219530000000000e+02 7.239124601977220e-02
1.220356800000000e+02 7.013333942729202e-02
1.221183600000000e+02 6.731557972477825e-02
1.222010400000000e+02 6.479760914397735e-02
1.222837200000000e+02 6.154618593248584e-02
1.223664000000000e+02 5.701459011078799e-02
1.224490800000000e+02 5.244292601431942e-02
1.225317600000000e+02 4.816947536405957e-02
1.226144400000000e+02 4.296640062880918e-02
1.226971200000000e+02 3.688474984553427e-02
1.227798000000000e+02 3.124557404272646e-02
1.228624800000000e+02 2.579642035532353e-02
1.229451600000000e+02 1.938900911045176e-02
1.230278400000000e+02 1.266183330737159e-02
1.231105200000000e+02 6.732030826703862e-03
1.231932000000000e+02 8.185551735236597e-04
1.232758800000000e+02 -5.894602566183195e-03
1.233585600000000e+02 -1.231822766726979e-02
1.234412400000000e+02 -1.777402599928198e-02
1.235239200000000e+02 -2.339682302982343e-02
1.236066000000000e+02 -2.949318697511295e-02
1.236892800000000e+02 -3.475296661953157e-02
1.237719600000000e+02 -3.907439382249535e-02
1.238546400000000e+02 -4.370002809656708e-02
1.239373200000000e+02 -4.836003444761982e-02
1.240200000000000e+02 -5.179583644290040e-02
1.241026800000000e+02 -5.449810892815778e-02
1.241853600000000e+02 -5.755289528570669e-02
1.242680400000000e+02 -6.016783227135235e-02
1.243507200000000e+02 -6.139530482300372e-02
1.244334000000000e+02 -6.221294619115856e-02
1.245160800000000e+02 -6.332153110310212e-02
1.245987600000000e+02 -6.356795049035707e-02
1.246814400000000e+02 -6.251070456927768e-02
1.247641200000000e+02 -6.141058820131967e-02
1.248468000000000e+02 -6.043512655468812e-02
1.249294800000000e+02 -5.830737789334806e-02
1.250121600000000e+02 -5.518468576856430e-02
1.250948400000000e+02 -5.234989605623564e-02
1.251775200000000e+02 -4.939981986289463e-02
1.252602000000000e+02 -4.519887968376730e-02
1.253428800000000e+02 -4.047441324389425e-02
1.254255600000000e+02 -3.626499017116597e-02
1.255082400000000e+02 -3.167878637937459e-02
1.255909200000000e+02 -2.596173034123269e-02
1.256736000000000e+02 -2.026452341931228e-02
1.257562800000000e+02 -1.516437153179367e-02
1.258389600000000e+02 -9.468007545277218e-03
1.259216400000000e+02 -2.967460213588082e-03
1.260043200000000e+02 3.000102241642408e-03
1.260870000000000e+02 8.440150739693324e-03
1.261696800000000e+02 1.459201484621743e-02
1.262523600000000e+02 2.106585816674612e-02
1.263350400000000e+02 2.661759692808089e-02
1.264177200000000e+02 3.183263947887215e-02
1.265004000000000e+02 3.772638668976167e-02
1.265830800000000e+02 4.338731839452922e-02
1.266657600000000e+02 4.792754857673996e-02
1.267484400000000e+02 5.238339872021616e-02
1.268311200000000e+02 5.732127704075024e-02
1.269138000000000e+02 6.149913815508237e-02
1.269964800000000e+02 6.457398724741030e-02
1.270791600000000e+02 6.780400088872718e-02
1.271618400000000e+02 7.117833262191696e-02
1.272445200000000e+02 7.339103949300041e-02
1.273272000000000e+02 7.471516303426994e-02
1.274098800000000e+02 7.635179263204982e-02
1.274925600000000e+02 7.771254510462805e-02
1.275752400000000e+02 7.771134063638219e-02
1.276579200000000e+02 7.717365116834812e-02
1.277406000000000e+02 7.697755869726113e-02
1.278232800000000e+02 7.608677190002297e-02
1.279059600000000e+02 7.387228404518396e-02
1.279886400000000e+02 7.152735594685407e-02
1.280713200000000e+02 6.941480969553226e-02
1.281540000000000e+02 6.628137873338619e-02
1.282366800000000e+02 6.209211397051923e-02
1.283193600000000e+02 5.814421683055065e-02
1.284020400000000e+02 5.421020178687952e-02
1.284847200000000e+02 4.909952487718348e-02
1.285674000000000e+02 4.337747380736209e-02
1.286500800000000e+02 3.816204807284573e-02
1.287327600000000e+02 3.269345451243237e-02
1.288154400000000e+02 2.610864937819978e-02
1.288981200000000e+02 1.944828076816361e-02
1.289808000000000e+02 1.341212432391344e-02
1.290634800000000e+02 6.883833773576560e-03
1.291461600000000e+02 -4.816277355452328e-04
1.292288400000000e+02 -7.394609798418494e-03
1.293115200000000e+02 -1.371670564296286e-02
1.293942000000000e+02 -2.066921746453770e-02
1.294768800000000e+02 -2.800399606787784e-02
1.295595600000000e+02 -3.445873687951891e-02
1.296422400000000e+02 -4.047522637493553e-02
1.297249200000000e+02 -4.710984338071938e-02
1.298076000000000e+02 -5.357538414838724e-02
1.298902800000000e+02 -5.890266208608497e-02
1.299729600000000e+02 -6.400825567234246e-02
1.300556400000000e+02 -6.955458992074430e-02
1.301383200000000e+02 -7.438411603601196e-02
1.302210000000000e+02 -7.802033939451311e-02
1.303036800000000e+02 -8.165163040296831e-02
1.303863600000000e+02 -8.540579955582230e-02
1.304690400000000e+02 -8.799996397663809e-02
1.305517200000000e+02 -8.954449333189932e-02
1.306344000000000e+02 -9.124432185033192e-02
1.307170800000000e+02 -9.266719759091654e-02
1.307997600000000e+02 -9.267411276018679e-02
1.308824400000000e+02 -9.193484331085185e-02
1.309651200000000e+02 -9.141686727065698e-02
1.310478000000000e+02 -9.022023504679717e-02
1.311304800000000e+02 -8.758847259973794e-02
1.312131600000000e+02 -8.460961947270204e-02
1.312958400000000e+02 -8.181177785638648e-02
1.313785200000000e+02 -7.801725614383598e-02
1.314612000000000e+02 -7.301290053251003e-02
1.315438800000000e+02 -6.807925297002534e-02
1.316265600000000e+02 -6.319492711440300e-02
1.317092400000000e+02 -5.715381362044829e-02
1.317919200000000e+02 -5.033676956462845e-02
1.318746000000000e+02 -4.395093493946380e-02
1.319572800000000e+02 -3.742952051186954e-02
1.320399600000000e+02 -2.979718487026736e-02
1.321226400000000e+02 -2.195738402185243e-02
1.322053200000000e+02 -1.479042541842880e-02
1.322880000000000e+02 -7.303650894692502e-03
1.323706800000000e+02 1.031351829555682e-03
1.324533600000000e+02 8.971101463014745e-03
1.325360400000000e+02 1.615083724789422e-02
1.326187200000000e+02 2.377550293745895e-02
1.327014000000000e+02 3.180065731763630e-02
1.327840800000000e+02 3.890269826400632e-02
1.328667600000000e+02 4.531423345797160e-02
1.329494400000000e+02 5.218722626685945e-02
1.330321200000000e+02 5.890033873760842e-02
1.331148000000000e+02 6.433440592768942e-02
1.331974800000000e+02 6.927220498821297e-02
1.332801600000000e+02 7.455281276600986e-02
1.333628400000000e+02 7.910278873252924e-02
1.334455200000000e+02 8.225431687671816e-02
1.335282000000000e+02 8.516985876725509e-02
1.336108800000000e+02 8.818120048692316e-02
1.336935600000000e+02 8.999354418297961e-02
1.337762400000000e+02 9.054180229037323e-02
1.338589200000000e+02 9.111000208062862e-02
1.339416000000000e+02 9.144178452481171e-02
1.340242800000000e+02 9.030730611829003e-02
1.341069600000000e+02 8.826226764178186e-02
1.341896400000000e+02 8.642553254516862e-02
1.342723200000000e+02 8.400696917262117e-02
1.343550000000000e+02 8.011699797853430e-02
1.344376800000000e+02 7.581098638678693e-02
1.345203600000000e+02 7.179486667078887e-02
1.346030400000000e+02 6.692208084275772e-02
1.346857200000000e+02 6.084259830013611e-02
1.347684000000000e+02 5.487991302133585e-02
1.348510800000000e+02 4.917576012213481e-02
1.349337600000000e+02 4.248427827762850e-02
1.350164400000000e+02 3.507272099607889e-02
1.350991200000000e+02 2.824595172710907e-02
1.351818000000000e+02 2.155881682309124e-02
1.352644800000000e+02 1.394164339657791e-02
1.353471600000000e+02 6.220543337141341e-03
1.354298400000000e+02 -5.944736687392102e-04
1.355125200000000e+02 -7.429656700051163e-03
1.355952000000000e+02 -1.494699393136469e-02
1.356778800000000e+02 -2.193850416229472e-02
1.357605600000000e+02 -2.789564122260912e-02
1.358432400000000e+02 -3.402041950421240e-02
1.359259200000000e+02 -4.042776893249067e-02
1.360086000000000e+02 -4.578122761745464e-02
1.360912800000000e+02 -5.017097718873355e-02
1.361739600000000e+02 -5.481754268218043e-02
1.362566400000000e+02 -5.926665715293972e-02
1.363393200000000e+02 -6.232856530337165e-02
1.364220000000000e+02 -6.466527633854965e-02
1.365046800000000e+02 -6.726073968351812e-02
1.365873600000000e+02 -6.918689633380712e-02
1.366700400000000e+02 -6.964262305992011e-02
1.367527200000000e+02 -6.972019613899910e-02
1.368354000000000e+02 -6.996420824233945e-02
1.369180800000000e+02 -6.916430255007451e-02
1.370007600000000e+02 -6.707040416055185e-02
1.370834400000000e+02 -6.497852509233637e-02
1.371661200000000e+02 -6.288214180524282e-02
1.372488000000000e+02 -5.953820544993906e-02
1.373314800000000e+02 -5.529954287045133e-02
1.374141600000000e+02 -5.139867678759515e-02
1.374968400000000e+02 -4.727938372456762e-02
1.375795200000000e+02 -4.192518791864182e-02
1.376622000000000e+02 -3.622165219554741e-02
1.377448800000000e+02 -3.108223470123703e-02
1.378275600000000e+02 -2.551747164779848e-02
1.379102400000000e+02 -1.895446982048781e-02
1.379929200000000e+02 -1.263033132616765e-02
1.380756000000000e+02 -6.947904610902864e-03
1.381582800000000e+02 -6.954799370204813e-04
1.382409600000000e+02 6.128207159643218e-03
1.383236400000000e+02 1.219294879567060e-02
1.384063200000000e+02 1.769147877550495e-02
1.384890000000000e+02 2.379396524231554e-02
1.385716800000000e+02 2.992239053632081e-02
1.386543600000000e+02 3.493650761412732e-02
1.387370400000000e+02 3.958079223547390e-02
1.388197200000000e+02 4.472395384806388e-02
1.389024000000000e+02 4.932830041267427e-02
1.389850800000000e+02 5.268948078477957e-02
1.390677600000000e+02 5.593700145830320e-02
1.391504400000000e+02 5.944171977320432e-02
1.392331200000000e+02 6.193064236924974e-02
1.393158000000000e+02 6.328749460443016e-02
1.393984800000000e+02 6.477280358068936e-02
1.394811600000000e+02 6.617418190263452e-02
1.395638400000000e+02 6.626357466962189e-02
1.396465200000000e+02 6.553482150188607e-02
1.397292000000000e+02 6.509616969744288e-02
1.398118800000000e+02 6.419938880205565e-02
1.398945600000000e+02 6.193345899316697e-02
1.399772400000000e+02 5.928860847559417e-02
1.400599200000000e+02 5.697410644841298e-02
1.401426000000000e+02 5.387550216251634e-02
1.402252800000000e+02 4.960013359285367e-02
1.403079600000000e+02 4.541212442322353e-02
1.403906400000000e+02 4.146818943277703e-02
1.404733200000000e+02 3.653937058627092e-02
1.405560000000000e+02 3.083680278655771e-02
1.406386800000000e+02 2.561934139972795e-02
1.407213600000000e+02 2.046370205717517e-02
1.408040400000000e+02 1.430162890224430e-02
1.408867200000000e+02 7.900589283939623e-03
1.409694000000000e+02 2.241614802500596e-03
1.410520800000000e+02 -3.577217689804319e-03
1.411347600000000e+02 -1.022662046910530e-02
1.412174400000000e+02 -1.654969082557628e-02
1.413001200000000e+02 -2.205020060479464e-02
1.413828000000000e+02 -2.790471037842081e-02
1.414654800000000e+02 -3.423863090646859e-02
1.415481600000000e+02 -3.975318486625835e-02
1.416308400000000e+02 -4.453640031475550e-02
1.417135200000000e+02 -4.977982119716094e-02
1.417962000000000e+02 -5.503431106673259e-02
1.418788800000000e+02 -5.913351542955649e-02
1.419615600000000e+02 -6.272414897666717e-02
1.420442400000000e+02 -6.675383027897110e-02
1.421269200000000e+02 -7.029183235870959e-02
1.422096000000000e+02 -7.254812397031875e-02
1.422922800000000e+02 -7.458615774426960e-02
1.423749600000000e+02 -7.690541897628042e-02
1.424576400000000e+02 -7.828765668706510e-02
1.425403200000000e+02 -7.848353998347929e-02
1.426230000000000e+02 -7.874642546480659e-02
1.427056800000000e+02 -7.901949922345673e-02
1.427883600000000e+02 -7.805153127789631e-02
1.428710400000000e+02 -7.618643456780264e-02
1.429537200000000e+02 -7.460313838643139e-02
1.430364000000000e+02 -7.269791586172183e-02
1.431190800000000e+02 -6.944959212894873e-02
1.432017600000000e+02 -6.572597604331765e-02
1.432844400000000e+02 -6.238380400537509e-02
1.433671200000000e+02 -5.839749308952452e-02
1.434498000000000e+02 -5.319385489370312e-02
1.435324800000000e+02 -4.798711485578227e-02
1.436151600000000e+02 -4.313128378755943e-02
1.436978400000000e+02 -3.739478365425566e-02
1.437805200000000e+02 -3.077999535202664e-02
1.438632000000000e+02 -2.459709795619079e-02
1.439458800000000e+02 -1.862184709936142e-02
1.440285600000000e+02 -1.167980293233143e-02
1.441112400000000e+02 -4.357978372472803e-03
1.441939200000000e+02 2.210555270102260e-03
1.442766000000000e+02 8.781486425662680e-03
1.443592800000000e+02 1.621614356608926e-02
1.444419600000000e+02 2.345731174020642e-02
1.445246400000000e+02 2.978822368087985e-02
1.446073200000000e+02 3.633423923651737e-02
1.446900000000000e+02 4.344981523252103e-02
1.447726800000000e+02 4.982494547231253e-02
1.448553600000000e+02 5.531294834366610e-02
1.449380400000000e+02 6.116417541736832e-02
1.450207200000000e+02 6.713897002426474e-02
1.451034000000000e+02 7.195142450037227e-02
1.451860800000000e+02 7.605781695377975e-02
1.452687600000000e+02 8.055757084953145e-02
1.453514400000000e+02 8.465928192238967e-02
1.454341200000000e+02 8.737867879219027e-02
1.455168000000000e+02 8.967659771955094e-02
1.455994800000000e+02 9.225560155713768e-02
1.456821600000000e+02 9.393930990561757e-02
1.457648400000000e+02 9.426132452900403e-02
1.458475200000000e+02 9.447653347839936e-02
1.459302000000000e+02 9.473173685997795e-02
1.460128800000000e+02 9.372215491479843e-02
1.460955600000000e+02 9.160377671309629e-02
1.461782400000000e+02 8.964915239741211e-02
1.462609200000000e+02 8.741582697106606e-02
1.463436000000000e+02 8.375952536916489e-02
1.464262800000000e+02 7.942589107964389e-02
1.465089600000000e+02 7.542602601393746e-02
1.465916400000000e+02 7.082892344951162e-02
1.466743200000000e+02 6.490528914760639e-02
1.467570000000000e+02 5.882748594347863e-02
1.468396800000000e+02 5.312765181259751e-02
1.469223600000000e+02 4.659708116789600e-02
1.470050400000000e+02 3.908270633895071e-02
1.470877200000000e+02 3.192879738566082e-02
1.471704000000000e+02 2.508125319839123e-02
1.472530800000000e+02 1.732410487897282e-02
1.473357600000000e+02 9.113008865177959e-03
1.474184400000000e+02 1.676668336814944e-03
1.475011200000000e+02 -5.601485165033599e-03
1.475838000000000e+02 -1.367775883248901e-02
1.476664800000000e+02 -2.158804215454623e-02
1.477491600000000e+02 -2.847516938503176e-02
1.478318400000000e+02 -3.537391236081484e-02
1.479145200000000e+02 -4.277648228635857e-02
1.479972000000000e+02 -4.941708375296112e-02
1.480798800000000e+02 -5.498126408332772e-02
1.481625600000000e+02 -6.069373469769827e-02
1.482452400000000e+02 -6.648195367786867e-02
1.483279200000000e+02 -7.104416599083573e-02
1.484106000000000e+02 -7.466339181288949e-02
1.484932800000000e+02 -7.849331588797903e-02
1.485759600000000e+02 -8.191639793744039e-02
1.486586400000000e+02 -8.386335143710062e-02
1.487413200000000e+02 -8.514686450990079e-02
1.488240000000000e+02 -8.660977502114631e-02
1.489066800000000e+02 -8.722155494079759e-02
1.489893600000000e+02 -8.636335846301806e-02
1.490720400000000e+02 -8.520444226735709e-02
1.491547200000000e+02 -8.410457053689556e-02
1.492374000000000e+02 -8.183596258538960e-02
1.493200800000000e+02 -7.835634299349523e-02
1.494027600000000e+02 -7.494855244095155e-02
1.494854400000000e+02 -7.141709524072901e-02
1.495681200000000e+02 -6.659377302992513e-02
1.496508000000000e+02 -6.102300513701551e-02
1.497334800000000e+02 -5.583552075854183e-02
1.498161600000000e+02 -5.032285012321359e-02
1.498988400000000e+02 -4.362428095709434e-02
1.499815200000000e+02 -3.676136442444129e-02
1.500642000000000e+02 -3.047638236279601e-02
1.501468800000000e+02 -2.369858457926046e-02
1.502295600000000e+02 -1.606348691603585e-02
1.503122400000000e+02 -8.858974562340088e-03
1.503949200000000e+02 -2.280925298733480e-03
1.504776000000000e+02 4.872027051617260e-03
1.505602800000000e+02 1.238051201571628e-02
1.506429600000000e+02 1.896250087282852e-02
1.507256400000000e+02 2.501157822282598e-02
1.508083200000000e+02 3.159365285051605e-02
1.508910000000000e+02 3.794309881251844e-02
1.509736800000000e+02 4.306109866317974e-02
1.510563600000000e+02 4.784460587323329e-02
1.511390400000000e+02 5.298195100115277e-02
1.512217200000000e+02 5.732191179771884e-02
1.513044000000000e+02 6.036939874447789e-02
1.513870800000000e+02 6.332431720425094e-02
1.514697600000000e+02 6.633659810181132e-02
1.515524400000000e+02 6.812131078332759e-02
1.516351200000000e+02 6.879808868271664e-02
1.517178000000000e+02 6.959875574491359e-02
1.518004800000000e+02 7.009607996019854e-02
1.518831600000000e+02 6.915814234141995e-02
1.519658400000000e+02 6.749259381235587e-02
1.520485200000000e+02 6.608468221180247e-02
1.521312000000000e+02 6.402469085559138e-02
1.522138800000000e+02 6.058811461999924e-02
1.522965600000000e+02 5.691176127744738e-02
1.523792400000000e+02 5.351421915637447e-02
1.524619200000000e+02 4.920906698375721e-02
1.525446000000000e+02 4.384172141212286e-02
1.526272800000000e+02 3.872532535571061e-02
1.527099600000000e+02 3.380057115658269e-02
1.527926400000000e+02 2.787152544865103e-02
1.528753200000000e+02 2.138815409892593e-02
1.529580000000000e+02 1.555283035356972e-02
1.530406800000000e+02 9.748186826591343e-03
1.531233600000000e+02 3.034796494369536e-03
1.532060400000000e+02 -3.630474430748542e-03
1.532887200000000e+02 -9.412829526717827e-03
1.533714000000000e+02 -1.534615964578860e-02
1.534540800000000e+02 -2.190739641202307e-02
1.535367600000000e+02 -2.783718434455227e-02
1.536194400000000e+02 -3.284106634214707e-02
1.537021200000000e+02 -3.814168959604539e-02
1.537848000000000e+02 -4.364952702241357e-02
1.538674800000000e+02 -4.806738123871605e-02
1.539501600000000e+02 -5.169735374138579e-02
1.540328400000000e+02 -5.568774477671082e-02
1.541155200000000e+02 -5.939895292871752e-02
1.541982000000000e+02 -6.176510441587543e-02
1.542808800000000e+02 -6.361720055032828e-02
1.543635600000000e+02 -6.578544045819551e-02
1.544462400000000e+02 -6.721069945344749e-02
1.545289200000000e+02 -6.727839192062257e-02
1.546116000000000e+02 -6.717345281195594e-02
1.546942800000000e+02 -6.723207804055557e-02
1.547769600000000e+02 -6.619288599593927e-02
1.548596400000000e+02 -6.402055986807281e-02
1.549423200000000e+02 -6.200771781117769e-02
1.550250000000000e+02 -5.992322588562582e-02
1.551076800000000e+02 -5.656424530252636e-02
1.551903600000000e+02 -5.248542250554687e-02
1.552730400000000e+02 -4.881860119471505e-02
1.553557200000000e+02 -4.481006058427681e-02
1.554384000000000e+02 -3.956802605165171e-02
1.555210800000000e+02 -3.412701417519087e-02
1.556037600000000e+02 -2.922152729208428e-02
1.556864400000000e+02 -2.373106722527256e-02
1.557691200000000e+02 -1.726732756292047e-02
1.558518000000000e+02 -1.113377655138167e-02
1.559344800000000e+02 -5.512463943535844e-03
1.560171600000000e+02 8.467534980164163e-04
1.560998400000000e+02 7.738514163770496e-03
1.561825200000000e+02 1.386079450729400e-02
1.562652000000000e+02 1.962281530959746e-02
1.563478800000000e+02 2.613436714138763e-02
1.564305600000000e+02 3.263120585642667e-02
1.565132400000000e+02 3.808666306396093e-02
1.565959200000000e+02 4.341239743554190e-02
1.566786000000000e+02 4.933327781860240e-02
1.567612800000000e+02 5.468259291299570e-02
1.568439600000000e+02 5.892707020940056e-02
1.569266400000000e+02 6.328097134361545e-02
1.570093200000000e+02 6.792057928682581e-02
1.570920000000000e+02 7.152384507172102e-02
1.571746800000000e+02 7.416379957930493e-02
1.572573600000000e+02 7.708916639639968e-02
1.573400400000000e+02 7.988402791305257e-02
1.574227200000000e+02 8.135584891487688e-02
1.575054000000000e+02 8.216494893418633e-02
1.575880800000000e+02 8.331790917510346e-02
1.576707600000000e+02 8.389537937052985e-02
1.577534400000000e+02 8.309355995850508e-02
1.578361200000000e+02 8.201224172332604e-02
1.579188000000000e+02 8.119380293676476e-02
1.580014800000000e+02 7.941806117818001e-02
1.580841600000000e+02 7.644491910001261e-02
1.581668400000000e+02 7.357007312691323e-02
1.582495200000000e+02 7.075496845567011e-02
1.583322000000000e+02 6.674945428347291e-02
1.584148800000000e+02 6.192829014972485e-02
1.584975600000000e+02 5.749906635876877e-02
1.585802400000000e+02 5.285693404159212e-02
1.586629200000000e+02 4.699924055749108e-02
1.587456000000000e+02 4.083208574608150e-02
1.588282800000000e+02 3.521462363642622e-02
1.589109600000000e+02 2.911681150101842e-02
1.589936400000000e+02 2.200484981431197e-02
1.590763200000000e+02 1.511813006499519e-02
1.591590000000000e+02 8.788156066749988e-03
1.592416800000000e+02 1.793168730482789e-03
1.593243600000000e+02 -5.815262379645102e-03
1.594070400000000e+02 -1.273142201084402e-02
1.594897200000000e+02 -1.921221527805131e-02
1.595724000000000e+02 -2.639945117004146e-02
1.596550800000000e+02 -3.366823614777390e-02
1.597377600000000e+02 -3.992293804517520e-02
1.598204400000000e+02 -4.594170197443017e-02
1.599031200000000e+02 -5.253722682328461e-02
1.599858000000000e+02 -5.864634207341328e-02
1.600684800000000e+02 -6.361024531413351e-02
1.601511600000000e+02 -6.855206502181961e-02
1.602338400000000e+02 -7.378177834887059e-02
1.603165200000000e+02 -7.802418115000341e-02
1.603992000000000e+02 -8.118859823755128e-02
1.604818800000000e+02 -8.449871149121904e-02
1.605645600000000e+02 -8.769812622186610e-02
1.606472400000000e+02 -8.956769453016035e-02
1.607299200000000e+02 -9.059676274689103e-02
1.608126000000000e+02 -9.184957763820689e-02
1.608952800000000e+02 -9.255991436494736e-02
1.609779600000000e+02 -9.181907699118193e-02
1.610606400000000e+02 -9.058969140834140e-02
1.611433200000000e+02 -8.955405399612015e-02
1.612260000000000e+02 -8.759894238050046e-02
1.613086800000000e+02 -8.431604890052576e-02
1.613913600000000e+02 -8.093928368332703e-02
1.614740400000000e+02 -7.762775243076775e-02
1.615567200000000e+02 -7.315659805536688e-02
1.616394000000000e+02 -6.770601924263181e-02
1.617220800000000e+02 -6.252454217295965e-02
1.618047600000000e+02 -5.721580987842787e-02
1.618874400000000e+02 -5.070426192742025e-02
1.619701200000000e+02 -4.372667961049243e-02
1.620528000000000e+02 -3.728547782469886e-02
1.621354800000000e+02 -3.051295634832831e-02
1.622181600000000e+02 -2.271698326996243e-02
1.623008400000000e+02 -1.504293260156679e-02
1.623835200000000e+02 -8.034824716446641e-03
1.624662000000000e+02 -5.395002599779976e-04
1.625488800000000e+02 7.593630313114903e-03
1.626315600000000e+02 1.504799450386424e-02
1.627142400000000e+02 2.185640793794677e-02
1.627969200000000e+02 2.920563781540106e-02
1.628796000000000e+02 3.665946846458314e-02
1.629622800000000e+02 4.301034780594586e-02
1.630449600000000e+02 4.886371262333138e-02
1.631276400000000e+02 5.517446893813884e-02
1.632103200000000e+02 6.100256984512031e-02
1.632930000000000e+02 6.551321688392607e-02
1.633756800000000e+02 6.975373608702630e-02
1.634583600000000e+02 7.422757567476686e-02
1.635410400000000e+02 7.768947425047763e-02
1.636237200000000e+02 7.986461766778052e-02
1.637064000000000e+02 8.201031420966198e-02
1.637890800000000e+02 8.405776373824378e-02
1.638717600000000e+02 8.472955368044562e-02
1.639544400000000e+02 8.437590734812157e-02
1.640371200000000e+02 8.418245812069053e-02
1.641198000000000e+02 8.351777725935555e-02
1.642024800000000e+02 8.135780886402766e-02
1.642851600000000e+02 7.860293770461252e-02
1.643678400000000e+02 7.610153478362454e-02
1.644505200000000e+02 7.279936902509053e-02
1.645332000000000e+02 6.815640465179665e-02
1.646158800000000e+02 6.342509696615720e-02
1.646985600000000e+02 5.892968001058744e-02
1.647812400000000e+02 5.342989641278983e-02
1.648639200000000e+02 4.699147121932314e-02
1.649466000000000e+02 4.094479226119276e-02
1.650292800000000e+02 3.502394476776584e-02
1.651119600000000e+02 2.807938575538189e-02
1.651946400000000e+02 2.076914055525584e-02
1.652773200000000e+02 1.421546156248926e-02
1.653600000000000e+02 7.628290570687360e-03
1.654426800000000e+02 2.011517482842396e-04
1.655253600000000e+02 -6.957389274181980e-03
1.656080400000000e+02 -1.316777569083140e-02
1.656907200000000e+02 -1.956639098820456e-02
1.657734000000000e+02 -2.644349272299062e-02
1.658560800000000e+02 -3.247465063879321e-02
1.659387600000000e+02 -3.755845973007508e-02
1.660214400000000e+02 -4.293123014923930e-02
1.661041200000000e+02 -4.830660986999236e-02
1.661868000000000e+02 -5.241937214919027e-02
1.662694800000000e+02 -5.575930016472928e-02
1.663521600000000e+02 -5.940151390110666e-02
1.664348400000000e+02 -6.254345349285585e-02
1.665175200000000e+02 -6.423781738790635e-02
1.666002000000000e+02 -6.545844822991458e-02
1.666828800000000e+02 -6.689614277142553e-02
1.667655600000000e+02 -6.739773107946627e-02
1.668482400000000e+02 -6.652601054448352e-02
1.669309200000000e+02 -6.553584745853745e-02
1.670136000000000e+02 -6.459137074808659e-02
1.670962800000000e+02 -6.242557983285699e-02
1.671789600000000e+02 -5.920072815961833e-02
1.672616400000000e+02 -5.619429224739773e-02
1.673443200000000e+02 -5.300940342346176e-02
1.674270000000000e+02 -4.852707239208222e-02
1.675096800000000e+02 -4.347792623651816e-02
1.675923600000000e+02 -3.889855743790901e-02
1.676750400000000e+02 -3.391272651853731e-02
1.677577200000000e+02 -2.778495804583447e-02
1.678404000000000e+02 -2.166669285943661e-02
1.679230800000000e+02 -1.613771971343510e-02
1.680057600000000e+02 -1.002642205192263e-02
1.680884400000000e+02 -3.141211494458958e-03
1.681711200000000e+02 3.183152596780702e-03
1.682538000000000e+02 8.945938746189123e-03
1.683364800000000e+02 1.536279356307445e-02
1.684191600000000e+02 2.203305350361007e-02
1.685018400000000e+02 2.771934342002860e-02
1.685845200000000e+02 3.299909294543429e-02
1.686672000000000e+02 3.886541063934050e-02
1.687498800000000e+02 4.440451413848698e-02
1.688325600000000e+02 4.874084796951089e-02
1.689152400000000e+02 5.290196549297858e-02
1.689979200000000e+02 5.743615865296246e-02
1.690806000000000e+02 6.111066228611026e-02
1.691632800000000e+02 6.360028872295459e-02
1.692459600000000e+02 6.615310106067698e-02
1.693286400000000e+02 6.874737846460656e-02
1.694113200000000e+02 7.009993682886424e-02
1.694940000000000e+02 7.050397537901325e-02
1.695766800000000e+02 7.114813712493200e-02
1.696593600000000e+02 7.144411951478190e-02
1.697420400000000e+02 7.034094217859349e-02
1.698247200000000e+02 6.868073829158026e-02
1.699074000000000e+02 6.732736328602344e-02
1.699900800000000e+02 6.525864665976548e-02
1.700727600000000e+02 6.188739257573733e-02
1.701554400000000e+02 5.841387676206238e-02
1.702381200000000e+02 5.518795776364574e-02
1.703208000000000e+02 5.098457754949368e-02
1.704034800000000e+02 4.580803971281890e-02
1.704861600000000e+02 4.094960878561021e-02
1.705688400000000e+02 3.617440217043554e-02
1.706515200000000e+02 3.032951884072213e-02
1.707342000000000e+02 2.400726453003045e-02
1.708168800000000e+02 1.830796299677719e-02
1.708995600000000e+02 1.247283751968151e-02
1.709822400000000e+02 5.677354627788687e-03
1.710649200000000e+02 -1.029268971633977e-03
1.711476000000000e+02 -6.971926853024266e-03
1.712302800000000e+02 -1.325827598028909e-02
1.713129600000000e+02 -2.020322381003174e-02
1.713956400000000e+02 -2.652760899140111e-02
1.714783200000000e+02 -3.211924801909212e-02
1.715610000000000e+02 -3.818720437265923e-02
1.716436800000000e+02 -4.446769483832280e-02
1.717263600000000e+02 -4.972371984359288e-02
1.718090400000000e+02 -5.442126612082299e-02
1.718917200000000e+02 -5.960591724616046e-02
1.719744000000000e+02 -6.449026519307899e-02
1.720570800000000e+02 -6.813896954156429e-02
1.721397600000000e+02 -7.148960388446471e-02
1.722224400000000e+02 -7.519808431928274e-02
1.723051200000000e+02 -7.811865517485025e-02
1.723878000000000e+02 -7.981166829544691e-02
1.724704800000000e+02 -8.148298224305303e-02
1.725531600000000e+02 -8.325751519816224e-02
1.726358400000000e+02 -8.387115270657658e-02
1.727185200000000e+02 -8.347029736602975e-02
1.728012000000000e+02 -8.327247857941628e-02
1.728838800000000e+02 -8.284315911796951e-02
1.729665600000000e+02 -8.106510799808284e-02
1.730492400000000e+02 -7.864033891534862e-02
1.731319200000000e+02 -7.654101373022809e-02
1.732146000000000e+02 -7.386285866985813e-02
1.732972800000000e+02 -6.987209533194992e-02
1.733799600000000e+02 -6.568167161348032e-02
1.734626400000000e+02 -6.181333268196630e-02
1.735453200000000e+02 -5.708291534901010e-02
1.736280000000000e+02 -5.129955447962983e-02
1.737106800000000e+02 -4.575708775900750e-02
1.737933600000000e+02 -4.041603075069886e-02
1.738760400000000e+02 -3.406416287196641e-02
1.739587200000000e+02 -2.710200342479012e-02
1.740414000000000e+02 -2.073492712907094e-02
1.741240800000000e+02 -1.436964719362525e-02
1.742067600000000e+02 -7.028222390127973e-03
1.742894400000000e+02 3.724469176211894e-04
1.743721200000000e+02 6.969109923154832e-03
1.744548000000000e+02 1.378264077647099e-02
1.745374800000000e+02 2.133921305683299e-02
1.746201600000000e+02 2.839169346808734e-02
1.747028400000000e+02 3.460333590763174e-02
1.747855200000000e+02 4.120179701683303e-02
1.748682000000000e+02 4.813713669324524e-02
1.749508800000000e+02 5.409309939636629e-02
1.750335600000000e+02 5.933336322882621e-02
1.751162400000000e+02 6.502252714585406e-02
1.751989200000000e+02 7.053388533946232e-02
1.752816000000000e+02 7.476397050519305e-02
1.753642800000000e+02 7.852127075140902e-02
1.754469600000000e+02 8.264708886585870e-02
1.755296400000000e+02 8.606557796372950e-02
1.756123200000000e+02 8.812717253905046e-02
1.756950000000000e+02 9.000911979632559e-02
1.757776800000000e+02 9.203811866489887e-02
1.758603600000000e+02 9.292039275771125e-02
1.759430400000000e+02 9.260532226638329e-02
1.760257200000000e+02 9.237977564043530e-02
1.761084000000000e+02 9.197920449665228e-02
1.761910800000000e+02 9.017638599122305e-02
1.762737600000000e+02 8.753364449817100e-02
1.763564400000000e+02 8.516357342368777e-02
1.764391200000000e+02 8.226806040823056e-02
1.765218000000000e+02 7.795927108147543e-02
1.766044800000000e+02 7.329079770354993e-02
1.766871600000000e+02 6.895775352026000e-02
1.767698400000000e+02 6.380767929065036e-02
1.768525200000000e+02 5.748998682241664e-02
1.769352000000000e+02 5.132016599817314e-02
1.770178800000000e+02 4.542900658523400e-02
1.771005600000000e+02 3.856787391406086e-02
1.771832400000000e+02 3.100117703306559e-02
1.772659200000000e+02 2.402273315638557e-02
1.773486000000000e+02 1.717991886354602e-02
1.774312800000000e+02 9.404170051342493e-03
1.775139600000000e+02 1.517030372794746e-03
1.775966400000000e+02 -5.482541722010504e-03
1.776793200000000e+02 -1.252191861930955e-02
1.777620000000000e+02 -2.025802344583283e-02
1.778446800000000e+02 -2.748907676478819e-02
1.779273600000000e+02 -3.371480080577399e-02
1.780100400000000e+02 -4.013001856501782e-02
1.780927200000000e+02 -4.684216234918113e-02
1.781754000000000e+02 -5.252302940226903e-02
1.782580800000000e+02 -5.726545089333827e-02
1.783407600000000e+02 -6.227426422537023e-02
1.784234400000000e+02 -6.708872010472168e-02
1.785061200000000e+02 -7.052935558212972e-02
1.785888000000000e+02 -7.325261860004985e-02
1.786714800000000e+02 -7.622087197153078e-02
1.787541600000000e+02 -7.850496243414731e-02
1.788368400000000e+02 -7.931463139143799e-02
1.789195200000000e+02 -7.972717663618584e-02
1.790022000000000e+02 -8.026510701288389e-02
1.790848800000000e+02 -7.972569464078232e-02
1.791675600000000e+02 -7.786742592238514e-02
1.792502400000000e+02 -7.596334741951852e-02
1.793329200000000e+02 -7.399107671681111e-02
1.794156000000000e+02 -7.072448689848738e-02
1.794982800000000e+02 -6.651959684864492e-02
1.795809600000000e+02 -6.258229482098290e-02
1.796636400000000e+02 -5.835230708102444e-02
1.797463200000000e+02 -5.283680313496256e-02
1.798290000000000e+02 -4.691751707471409e-02
1.799116800000000e+02 -4.148352223667803e-02
1.799943600000000e+02 -3.555543825855117e-02
1.800770400000000e+02 -2.858621008137780e-02
1.801597200000000e+02 -2.180264428084600e-02
1.802424000000000e+02 -1.559070381079077e-02
1.803250800000000e+02 -8.761367327980163e-03
1.804077600000000e+02 -1.336769327321972e-03
1.804904400000000e+02 5.367517417632812e-03
1.805731200000000e+02 1.155093989792904e-02
1.806558000000000e+02 1.835263298364542e-02
1.807384800000000e+02 2.517709169392733e-02
1.808211600000000e+02 3.090087301580950e-02
1.809038400000000e+02 3.626527889576426e-02
1.809865200000000e+02 4.210475407072541e-02
1.810692000000000e+02 4.737233456288789e-02
1.811518800000000e+02 5.138155184369170e-02
1.812345600000000e+02 5.525090625527186e-02
1.813172400000000e+02 5.931844448093613e-02
1.813999200000000e+02 6.231196200456869e-02
1.814826000000000e+02 6.413387208645903e-02
1.815652800000000e+02 6.602808638535151e-02
1.816479600000000e+02 6.775502687856848e-02
1.817306400000000e+02 6.809907721802208e-02
1.818133200000000e+02 6.757275027556210e-02
1.818960000000000e+02 6.726382026003444e-02
1.819786800000000e+02 6.640655430709023e-02
1.820613600000000e+02 6.411435180789538e-02
1.821440400000000e+02 6.139366319550015e-02
1.822267200000000e+02 5.893135713692987e-02
1.823094000000000e+02 5.560883814919582e-02
1.823920800000000e+02 5.106737222020495e-02
1.824747600000000e+02 4.658126516344376e-02
1.825574400000000e+02 4.228592221172882e-02
1.826401200000000e+02 3.696338046861598e-02
1.827228000000000e+02 3.086238227602651e-02
1.828054800000000e+02 2.524305032653086e-02
1.828881600000000e+02 1.966578476396890e-02
1.829708400000000e+02 1.308662162143282e-02
1.830535200000000e+02 6.306553704640905e-03
1.831362000000000e+02 2.986135480316345e-04
1.832188800000000e+02 -5.847299449119540e-03
1.833015600000000e+02 -1.277017342849766e-02
1.833842400000000e+02 -1.929050852442565e-02
1.834669200000000e+02 -2.492692630257887e-02
1.835496000000000e+02 -3.085559687575798e-02
1.836322800000000e+02 -3.717091039468603e-02
1.837149600000000e+02 -4.256582633837992e-02
1.837976400000000e+02 -4.714643692240639e-02
1.838803200000000e+02 -5.209824068257861e-02
1.839630000000000e+02 -5.694907264881459e-02
1.840456800000000e+02 -6.053795786245461e-02
1.841283600000000e+02 -6.353013748500487e-02
1.842110400000000e+02 -6.686635462313911e-02
1.842937200000000e+02 -6.960463114094527e-02
1.843764000000000e+02 -7.097055652684112e-02
1.844590800000000e+02 -7.204572080105798e-02
1.845417600000000e+02 -7.332597588631450e-02
1.846244400000000e+02 -7.359321002984653e-02
1.847071200000000e+02 -7.262002225687078e-02
1.847898000000000e+02 -7.167777720123136e-02
1.848724800000000e+02 -7.071048006315289e-02
1.849551600000000e+02 -6.847531683038355e-02
1.850378400000000e+02 -6.534131065168801e-02
1.851205200000000e+02 -6.250481799879562e-02
1.852032000000000e+02 -5.936559488768275e-02
1.852858800000000e+02 -5.491558167759689e-02
1.853685600000000e+02 -5.004828286439739e-02
1.854512400000000e+02 -4.563491927417129e-02
1.855339200000000e+02 -4.065308120125360e-02
1.856166000000000e+02 -3.454472832781858e-02
1.856992800000000e+02 -2.854711975007195e-02
1.857819600000000e+02 -2.302218640628079e-02
1.858646400000000e+02 -1.673936266985077e-02
1.859473200000000e+02 -9.716136339437471e-03
1.860300000000000e+02 -3.278605991405360e-03
1.861126800000000e+02 2.798736044605754e-03
1.861953600000000e+02 9.691215577755624e-03
1.862780400000000e+02 1.679953143459448e-02
1.863607200000000e+02 2.298627100421946e-02
1.864434000000000e+02 2.901696097280381e-02
1.865260800000000e+02 3.575440864895426e-02
1.866087600000000e+02 4.213602408848602e-02
1.866914400000000e+02 4.745419842415448e-02
1.867741200000000e+02 5.284853866738339e-02
1.868568000000000e+02 5.867538913378918e-02
1.869394800000000e+02 6.363043360873782e-02
1.870221600000000e+02 6.758689774790137e-02
1.871048400000000e+02 7.180820240885383e-02
1.871875200000000e+02 7.605920187509399e-02
1.872702000000000e+02 7.907224247922093e-02
1.873528800000000e+02 8.132701979428743e-02
1.874355600000000e+02 8.393112648671359e-02
1.875182400000000e+02 8.610390964549673e-02
1.876009200000000e+02 8.688852436255667e-02
1.876836000000000e+02 8.726393572697916e-02
1.877662800000000e+02 8.793622812770277e-02
1.878489600000000e+02 8.774820889127764e-02
1.879316400000000e+02 8.626201939510637e-02
1.880143200000000e+02 8.473912457103458e-02
1.880970000000000e+02 8.332880978166575e-02
1.881796800000000e+02 8.075212244034720e-02
1.882623600000000e+02 7.718505862247468e-02
1.883450400000000e+02 7.389418900978691e-02
1.884277200000000e+02 7.044261710926195e-02
1.885104000000000e+02 6.571252771612707e-02
1.885930800000000e+02 6.045406229193668e-02
1.886757600000000e+02 5.566376843273246e-02
1.887584400000000e+02 5.042093401150698e-02
1.888411200000000e+02 4.401568893261178e-02
1.889238000000000e+02 3.760791917364317e-02
1.890064800000000e+02 3.171282695023326e-02
1.890891600000000e+02 2.513504190588871e-02
1.891718400000000e+02 1.772820924680798e-02
1.892545200000000e+02 1.081105634558433e-02
1.893372000000000e+02 4.315423794310243e-03
1.894198800000000e+02 -2.961799182866310e-03
1.895025600000000e+02 -1.057229120552064e-02
1.895852400000000e+02 -1.731923945823111e-02
1.896679200000000e+02 -2.382757378336607e-02
1.897506000000000e+02 -3.104405908127245e-02
1.898332800000000e+02 -3.802322600951371e-02
1.899159600000000e+02 -4.393958705994722e-02
1.899986400000000e+02 -4.982965648507984e-02
1.900813200000000e+02 -5.618013074653025e-02
1.901640000000000e+02 -6.175054055802073e-02
1.902466800000000e+02 -6.625306044157493e-02
1.903293600000000e+02 -7.090714131214493e-02
1.904120400000000e+02 -7.563784703094545e-02
1.904947200000000e+02 -7.917121466471336e-02
1.905774000000000e+02 -8.180856977306723e-02
1.906600800000000e+02 -8.469089001791452e-02
1.907427600000000e+02 -8.720053463092266e-02
1.908254400000000e+02 -8.829555114097358e-02
1.909081200000000e+02 -8.879611677102660e-02
1.909908000000000e+02 -8.952514292751321e-02
1.910734800000000e+02 -8.945484246438071e-02
1.911561600000000e+02 -8.799104527382942e-02
1.912388400000000e+02 -8.629782384518143e-02
1.913215200000000e+02 -8.470997532830826e-02
1.914042000000000e+02 -8.200704141602656e-02
1.914868800000000e+02 -7.816634431650259e-02
1.915695600000000e+02 -7.445254287510431e-02
1.916522400000000e+02 -7.064475752962127e-02
1.917349200000000e+02 -6.558817964655124e-02
1.918176000000000e+02 -5.983898384382656e-02
1.919002800000000e+02 -5.449909704462667e-02
1.919829600000000e+02 -4.884026149054032e-02
1.920656400000000e+02 -4.202093967671144e-02
1.921483200000000e+02 -3.506448427127920e-02
1.922310000000000e+02 -2.867907556376994e-02
1.923136800000000e+02 -2.178498853474080e-02
1.923963600000000e+02 -1.404025815488078e-02
1.924790400000000e+02 -6.724501384616868e-03
1.925617200000000e+02 -1.152676120102009e-06
1.926444000000000e+02 7.326910838203612e-03
1.927270800000000e+02 1.501805268770637e-02
1.928097600000000e+02 2.180620530367727e-02
1.928924400000000e+02 2.810948038958351e-02
1.929751200000000e+02 3.497737269136864e-02
1.930578000000000e+02 4.162543469461234e-02
1.931404800000000e+02 4.707457108707392e-02
1.932231600000000e+02 5.223480200357301e-02
1.933058400000000e+02 5.776942375378249e-02
1.933885200000000e+02 6.251371531639387e-02
1.934712000000000e+02 6.599237931026876e-02
1.935538800000000e+02 6.940663021759207e-02
1.936365600000000e+02 7.287717567768902e-02
1.937192400000000e+02 7.511176693530362e-02
1.938019200000000e+02 7.624778079957861e-02
1.938846000000000e+02 7.750855752570271e-02
1.939672800000000e+02 7.843769209768656e-02
1.940499600000000e+02 7.790283462945792e-02
1.941326400000000e+02 7.662672364041433e-02
1.942153200000000e+02 7.557913376863554e-02
1.942980000000000e+02 7.382517778711822e-02
1.943806800000000e+02 7.064763302544938e-02
1.944633600000000e+02 6.719551770539064e-02
1.945460400000000e+02 6.396791330784092e-02
1.946287200000000e+02 5.976107854642165e-02
1.947114000000000e+02 5.443552407991178e-02
1.947940800000000e+02 4.931296833189479e-02
1.948767600000000e+02 4.431389149637184e-02
1.949594400000000e+02 3.823609246115899e-02
1.950421200000000e+02 3.155058225713250e-02
1.951248000000000e+02 2.546363639775323e-02
1.952074800000000e+02 1.934088703003333e-02
1.952901600000000e+02 1.224883171387121e-02
1.953728400000000e+02 5.167227876254890e-03
1.954555200000000e+02 -1.070051431593652e-03
1.955382000000000e+02 -7.506924540609118e-03
1.956208800000000e+02 -1.460441660719551e-02
1.957035600000000e+02 -2.108349150187823e-02
1.957862400000000e+02 -2.665385646298776e-02
1.958689200000000e+02 -3.253925049238657e-02
1.959516000000000e+02 -3.862971182440077e-02
1.960342800000000e+02 -4.361540714295956e-02
1.961169600000000e+02 -4.780298430939182e-02
1.961996400000000e+02 -5.233414863969987e-02
1.962823200000000e+02 -5.655116105287287e-02
1.963650000000000e+02 -5.938357573358968e-02
1.964476800000000e+02 -6.166481085318302e-02
1.965303600000000e+02 -6.421519193699174e-02
1.966130400000000e+02 -6.596523703722061e-02
1.966957200000000e+02 -6.630208240155330e-02
1.967784000000000e+02 -6.641038182025664e-02
1.968610800000000e+02 -6.661894507180577e-02
1.969437600000000e+02 -6.566594993301138e-02
1.970264400000000e+02 -6.352101460772168e-02
1.971091200000000e+02 -6.147548143596166e-02
1.971918000000000e+02 -5.929784818630016e-02
1.972744800000000e+02 -5.579330549714037e-02
1.973571600000000e+02 -5.152201041593386e-02
1.974398400000000e+02 -4.761626910740755e-02
1.975225200000000e+02 -4.333045529162802e-02
1.976052000000000e+02 -3.778565282837971e-02
1.976878800000000e+02 -3.202104849099775e-02
1.977705600000000e+02 -2.677519078488240e-02
1.978532400000000e+02 -2.094241956319496e-02
1.979359200000000e+02 -1.414811090983688e-02
1.980186000000000e+02 -7.698817909132470e-03
1.981012800000000e+02 -1.784030031673879e-03
1.981839600000000e+02 4.828230182730547e-03
1.982666400000000e+02 1.192147611868849e-02
1.983493200000000e+02 1.819331245116785e-02
1.984320000000000e+02 2.404386631344884e-02
1.985146800000000e+02 3.056482883357269e-02
1.985973600000000e+02 3.698635814459626e-02
1.986800400000000e+02 4.228587544492092e-02
1.987627200000000e+02 4.736593023384680e-02
1.988454000000000e+02 5.293608241228783e-02
1.989280800000000e+02 5.783265418743173e-02
1.990107600000000e+02 6.153210052904516e-02
1.990934400000000e+02 6.523978329932963e-02
1.991761200000000e+02 6.912214669450950e-02
1.992588000000000e+02 7.187163515437364e-02
1.993414800000000e+02 7.357543527149937e-02
1.994241600000000e+02 7.547269251655846e-02
1.995068400000000e+02 7.714651803223688e-02
1.995895200000000e+02 7.743111891529965e-02
1.996722000000000e+02 7.700107185920428e-02
1.997548800000000e+02 7.685245133357216e-02
1.998375600000000e+02 7.607737524836028e-02
1.999202400000000e+02 7.390779053182649e-02
2.000029200000000e+02 7.145187633363888e-02
2.000856000000000e+02 6.924255527745343e-02
2.001682800000000e+02 6.608516900185940e-02
2.002509600000000e+02 6.177673844900773e-02
2.003336400000000e+02 5.761092156123342e-02
2.004163200000000e+02 5.354471245106234e-02
2.004990000000000e+02 4.836488089344944e-02
2.005816800000000e+02 4.247491739410468e-02
2.006643600000000e+02 3.706937762642382e-02
2.007470400000000e+02 3.154758504834995e-02
2.008297200000000e+02 2.494779618665253e-02
2.009124000000000e+02 1.818848532107667e-02
2.009950800000000e+02 1.210841420630115e-02
2.010777600000000e+02 5.690877727422010e-03
2.011604400000000e+02 -1.562878105305854e-03
2.012431200000000e+02 -8.420380039823568e-03
2.013258000000000e+02 -1.457230978683607e-02
2.014084800000000e+02 -2.122146241566441e-02
2.014911600000000e+02 -2.829540142300163e-02
2.015738400000000e+02 -3.451191308837118e-02
2.016565200000000e+02 -4.014745167181420e-02
2.017392000000000e+02 -4.632518369952001e-02
2.018218800000000e+02 -5.241704271519867e-02
2.019045600000000e+02 -5.736126680185815e-02
2.019872400000000e+02 -6.195126001306515e-02
2.020699200000000e+02 -6.698649751787560e-02
2.021526000000000e+02 -7.141642061547795e-02
2.022352800000000e+02 -7.461992585083503e-02
2.023179600000000e+02 -7.773150002883798e-02
2.024006400000000e+02 -8.105498405548152e-02
2.024833200000000e+02 -8.333831748481912e-02
2.025660000000000e+02 -8.452754781546730e-02
2.026486800000000e+02 -8.585408827374759e-02
2.027313600000000e+02 -8.706055651507873e-02
2.028140400000000e+02 -8.695596739967723e-02
2.028967200000000e+02 -8.606229238233271e-02
2.029794000000000e+02 -8.544644330928658e-02
2.030620800000000e+02 -8.434295091060988e-02
2.031447600000000e+02 -8.187250113713000e-02
2.032274400000000e+02 -7.902341150779721e-02
2.033101200000000e+02 -7.647281900611594e-02
2.033928000000000e+02 -7.310787550960030e-02
2.034754800000000e+02 -6.854866488630532e-02
2.035581600000000e+02 -6.404430036610959e-02
2.036408400000000e+02 -5.973899543041486e-02
2.037235200000000e+02 -5.440838540511071e-02
2.038062000000000e+02 -4.825795480080784e-02
2.038888800000000e+02 -4.253732309684606e-02
2.039715600000000e+02 -3.682673662557853e-02
2.040542400000000e+02 -3.005346704401158e-02
2.041369200000000e+02 -2.297329607088101e-02
2.042196000000000e+02 -1.657402724661429e-02
2.043022800000000e+02 -9.960996636551037e-03
2.043849600000000e+02 -2.448906860251544e-03
2.044676400000000e+02 4.807912846654242e-03
2.045503200000000e+02 1.129333718168780e-02
2.046330000000000e+02 1.818419210570272e-02
2.047156800000000e+02 2.562093198005399e-02
2.047983600000000e+02 3.229042169626624e-02
2.048810400000000e+02 3.826003548745152e-02
2.049637200000000e+02 4.473121564442187e-02
2.050464000000000e+02 5.125728805389769e-02
2.051290800000000e+02 5.664545578914474e-02
2.052117600000000e+02 6.153372044226415e-02
2.052944400000000e+02 6.688057480361932e-02
2.053771200000000e+02 7.173855115864196e-02
2.054598000000000e+02 7.529409486787880e-02
2.055424800000000e+02 7.861779780028479e-02
2.056251600000000e+02 8.220739276107197e-02
2.057078400000000e+02 8.481479612613016e-02
2.057905200000000e+02 8.618621680932127e-02
2.058732000000000e+02 8.758957818895807e-02
2.059558800000000e+02 8.894498435253151e-02
2.060385600000000e+02 8.897578366398202e-02
2.061212400000000e+02 8.804736136629984e-02
2.062039200000000e+02 8.734431097542630e-02
2.062866000000000e+02 8.622252347977336e-02
2.063692800000000e+02 8.365980742362816e-02
2.064519600000000e+02 8.056338005128752e-02
2.065346400000000e+02 7.777265760009408e-02
2.066173200000000e+02 7.422164301323654e-02
2.067000000000000e+02 6.937123231343559e-02
2.067826800000000e+02 6.447317823904100e-02
2.068653600000000e+02 5.983923807085210e-02
2.069480400000000e+02 5.421979241022102e-02
2.070307200000000e+02 4.768004725310195e-02
2.071134000000000e+02 4.154474410435391e-02
2.071960800000000e+02 3.553584925311624e-02
2.072787600000000e+02 2.849810032148413e-02
2.073614400000000e+02 2.108810215337443e-02
2.074441200000000e+02 1.442036680422155e-02
2.075268000000000e+02 7.696370990875276e-03
2.076094800000000e+02 1.085728140314050e-04
2.076921600000000e+02 -7.236382504210017e-03
2.077748400000000e+02 -1.366618909408597e-02
2.078575200000000e+02 -2.031923602059577e-02
2.079402000000000e+02 -2.748231803152264e-02
2.080228800000000e+02 -3.383380603024341e-02
2.081055600000000e+02 -3.927642911404483e-02
2.081882400000000e+02 -4.504034574139371e-02
2.082709200000000e+02 -5.083336140055828e-02
2.083536000000000e+02 -5.539451999935876e-02
2.084362800000000e+02 -5.921182853518615e-02
2.085189600000000e+02 -6.334670376630805e-02
2.086016400000000e+02 -6.699229127071779e-02
2.086843200000000e+02 -6.920663830136291e-02
2.087670000000000e+02 -7.095373835591040e-02
2.088496800000000e+02 -7.290679136040823e-02
2.089323600000000e+02 -7.391398112627558e-02
2.090150400000000e+02 -7.354254761353302e-02
2.090977200000000e+02 -7.302931907057314e-02
2.091804000000000e+02 -7.252297605900632e-02
2.092630800000000e+02 -7.076572801639337e-02
2.093457600000000e+02 -6.792045961094519e-02
2.094284400000000e+02 -6.524129775645043e-02
2.095111200000000e+02 -6.232438540654999e-02
2.095938000000000e+02 -5.806691699537734e-02
2.096764800000000e+02 -5.319410798041231e-02
2.097591600000000e+02 -4.871927070537277e-02
2.098418400000000e+02 -4.377169107644151e-02
2.099245200000000e+02 -3.763550297429932e-02
2.100072000000000e+02 -3.145049916371544e-02
2.100898800000000e+02 -2.577919714493642e-02
2.101725600000000e+02 -1.946828712607495e-02
2.102552400000000e+02 -1.234468309460446e-02
2.103379200000000e+02 -5.727199366176914e-03
2.104206000000000e+02 3.905478706329260e-04
2.105032800000000e+02 7.196368190732713e-03
2.105859600000000e+02 1.427598829537372e-02
2.106686400000000e+02 2.040945357785817e-02
2.107513200000000e+02 2.617013634266698e-02
2.108340000000000e+02 3.251888497280859e-02
2.109166800000000e+02 3.853556021600952e-02
2.109993600000000e+02 4.336138397008754e-02
2.110820400000000e+02 4.801039910042271e-02
2.111647200000000e+02 5.299940202750041e-02
2.112474000000000e+02 5.709792861574036e-02
2.113300800000000e+02 5.999612184488124e-02
2.114127600000000e+02 6.292198528601287e-02
2.114954400000000e+02 6.582755315683267e-02
2.115781200000000e+02 6.744169019606827e-02
2.116608000000000e+02 6.807118556772455e-02
2.117434800000000e+02 6.888085157975721e-02
2.118261600000000e+02 6.926536759243897e-02
2.119088400000000e+02 6.819603107745399e-02
2.119915200000000e+02 6.652570771046541e-02
2.120742000000000e+02 6.509319989456297e-02
2.121568800000000e+02 6.287212530855091e-02
2.122395600000000e+02 5.930637923860059e-02
2.123222400000000e+02 5.560176824181669e-02
2.124049200000000e+02 5.208493897400696e-02
2.124876000000000e+02 4.754169406910420e-02
2.125702800000000e+02 4.201183980646313e-02
2.126529600000000e+02 3.678454457696719e-02
2.127356400000000e+02 3.160741428471579e-02
2.128183200000000e+02 2.535275196989445e-02
2.129010000000000e+02 1.864588206704487e-02
2.129836800000000e+02 1.257672473641816e-02
2.130663600000000e+02 6.378261257175191e-03
2.131490400000000e+02 -7.392672426967214e-04
2.132317200000000e+02 -7.703215345846118e-03
2.133144000000000e+02 -1.385522823509126e-02
2.133970800000000e+02 -2.030061661506373e-02
2.134797600000000e+02 -2.731788462287658e-02
2.135624400000000e+02 -3.361856887810635e-02
2.136451200000000e+02 -3.910990457076791e-02
2.137278000000000e+02 -4.499023744579463e-02
2.138104800000000e+02 -5.096611988135009e-02
2.138931600000000e+02 -5.580585533080902e-02
2.139758400000000e+02 -5.999419969748548e-02
2.140585200000000e+02 -6.456274611759609e-02
2.141412000000000e+02 -6.870683670279083e-02
2.142238800000000e+02 -7.150811631209397e-02
2.143065600000000e+02 -7.392094763113770e-02
2.143892400000000e+02 -7.658951662519085e-02
2.144719200000000e+02 -7.836455993385390e-02
2.145546000000000e+02 -7.883087383145182e-02
2.146372800000000e+02 -7.920967632688052e-02
2.147199600000000e+02 -7.961966384966133e-02
2.148026400000000e+02 -7.880457135769788e-02
2.148853200000000e+02 -7.693907860994027e-02
2.149680000000000e+02 -7.525537461757209e-02
2.150506800000000e+02 -7.331796733800588e-02
2.151333600000000e+02 -7.002491994064917e-02
2.152160400000000e+02 -6.610772705919847e-02
2.152987200000000e+02 -6.255155961788633e-02
2.153814000000000e+02 -5.845376194479750e-02
2.154640800000000e+02 -5.309987987041544e-02
2.155467600000000e+02 -4.763086670526455e-02
2.156294400000000e+02 -4.257681801359648e-02
2.157121200000000e+02 -3.675501013056771e-02
2.157948000000000e+02 -2.999550179634892e-02
2.158774800000000e+02 -2.361476357126342e-02
2.159601600000000e+02 -1.757358375030111e-02
2.160428400000000e+02 -1.066008982496261e-02
2.161255200000000e+02 -3.294829856003159e-03
2.162082000000000e+02 3.304429883516431e-03
2.162908800000000e+02 9.740025097711092e-03
2.163735600000000e+02 1.698974994957193e-02
2.164562400000000e+02 2.412133440840879e-02
2.165389200000000e+02 3.027314057217731e-02
2.166216000000000e+02 3.648194785988276e-02
2.167042800000000e+02 4.327312379928984e-02
2.167869600000000e+02 4.939359030394019e-02
2.168696400000000e+02 5.452219021651090e-02
2.169523200000000e+02 5.990407085907837e-02
2.170350000000000e+02 6.548896846409304e-02
2.171176800000000e+02 6.996768719972253e-02
2.172003600000000e+02 7.362843386053633e-02
2.172830400000000e+02 7.764975430678818e-02
2.173657200000000e+02 8.140845417343918e-02
2.174484000000000e+02 8.382072079613016e-02
2.175310800000000e+02 8.572004676227658e-02
2.176137600000000e+02 8.795612206082641e-02
2.176964400000000e+02 8.946391861726660e-02
2.177791200000000e+02 8.962049571565808e-02
2.178618000000000e+02 8.962045904700103e-02
2.179444800000000e+02 8.979527032293229e-02
2.180271600000000e+02 8.886987616696519e-02
2.181098400000000e+02 8.681811336205658e-02
2.181925200000000e+02 8.493247598873016e-02
2.182752000000000e+02 8.295354799002194e-02
2.183578800000000e+02 7.967688415843067e-02
2.184405600000000e+02 7.567838143329124e-02
2.185232400000000e+02 7.206579387045244e-02
2.186059200000000e+02 6.804940983140169e-02
2.186886000000000e+02 6.276118167429977e-02
2.187712800000000e+02 5.725291493326626e-02
2.188539600000000e+02 5.220938213478121e-02
2.189366400000000e+02 4.648955011711100e-02
2.190193200000000e+02 3.975275738839525e-02
2.191020000000000e+02 3.329853832853821e-02
2.191846800000000e+02 2.724733163804830e-02
2.192673600000000e+02 2.036200264927845e-02
2.193500400000000e+02 1.290356919647369e-02
2.194327200000000e+02 6.141088385624863e-03
2.195154000000000e+02 -3.848062720738694e-04
2.195980800000000e+02 -7.734490583498112e-03
2.196807600000000e+02 -1.510210909517443e-02
2.197634400000000e+02 -2.151568927020483e-02
2.198461200000000e+02 -2.790434844271476e-02
2.199288000000000e+02 -3.492180266106569e-02
2.200114800000000e+02 -4.139015399517626e-02
2.200941600000000e+02 -4.683287270619151e-02
2.201768400000000e+02 -5.244121204171554e-02
2.202595200000000e+02 -5.832389241567382e-02
2.203422000000000e+02 -6.318002712620656e-02
2.204248800000000e+02 -6.711921845653214e-02
2.205075600000000e+02 -7.133709748139737e-02
2.205902400000000e+02 -7.537733563771024e-02
2.206729200000000e+02 -7.808745185124819e-02
2.207556000000000e+02 -8.013106966939468e-02
2.208382800000000e+02 -8.245552229632819e-02
2.209209600000000e+02 -8.413861797432227e-02
2.210036400000000e+02 -8.441405501308306e-02
2.210863200000000e+02 -8.435472453383210e-02
2.211690000000000e+02 -8.446339365432731e-02
2.212516800000000e+02 -8.354758150844853e-02
2.213343600000000e+02 -8.138425842573614e-02
2.214170400000000e+02 -7.922962102730334e-02
2.214997200000000e+02 -7.704021131431896e-02
2.215824000000000e+02 -7.360460031773075e-02
2.216650800000000e+02 -6.928911995638165e-02
2.217477600000000e+02 -6.527181164772745e-02
2.218304400000000e+02 -6.097527784314683e-02
2.219131200000000e+02 -5.542586515092675e-02
2.219958000000000e+02 -4.950511137293833e-02
2.220784800000000e+02 -4.406773911779806e-02
2.221611600000000e+02 -3.812658153581583e-02
2.222438400000000e+02 -3.115624899126895e-02
2.223265200000000e+02 -2.437222572897222e-02
2.224092000000000e+02 -1.812646765900738e-02
2.224918800000000e+02 -1.123474191732658e-02
2.225745600000000e+02 -3.739862905940181e-03
2.226572400000000e+02 3.062968717343250e-03
2.227399200000000e+02 9.399778317062341e-03
2.228226000000000e+02 1.639254298288795e-02
2.229052800000000e+02 2.342946737441673e-02
2.229879600000000e+02 2.941216515861169e-02
2.230706400000000e+02 3.509620668658871e-02
2.231533200000000e+02 4.128976230264435e-02
2.232360000000000e+02 4.693593881563382e-02
2.233186800000000e+02 5.137308865730321e-02
2.234013600000000e+02 5.572033093497532e-02
2.234840400000000e+02 6.028500558371465e-02
2.235667200000000e+02 6.379170573026741e-02
2.236494000000000e+02 6.616388048754565e-02
2.237320800000000e+02 6.863419294634221e-02
2.238147600000000e+02 7.093247786275883e-02
2.238974400000000e+02 7.184632958454910e-02
2.239801200000000e+02 7.190412028585458e-02
2.240628000000000e+02 7.217387389772986e-02
2.241454800000000e+02 7.186325560184914e-02
2.242281600000000e+02 7.009522010066102e-02
2.243108400000000e+02 6.788694663276244e-02
2.243935200000000e+02 6.590068125879241e-02
2.244762000000000e+02 6.299866511420842e-02
2.245588800000000e+02 5.883811226826453e-02
2.246415600000000e+02 5.469910514356577e-02
2.247242400000000e+02 5.069115253570739e-02
2.248069200000000e+02 4.558767007931520e-02
2.248896000000000e+02 3.965878798806876e-02
2.249722800000000e+02 3.416519981614190e-02
2.250549600000000e+02 2.864401865724267e-02
2.251376400000000e+02 2.205507061388814e-02
2.252203200000000e+02 1.522328025563115e-02
2.253030000000000e+02 9.116995884429779e-03
2.253856800000000e+02 2.809447705016461e-03
2.254683600000000e+02 -4.322920682883947e-03
2.255510400000000e+02 -1.107859347588536e-02
2.256337200000000e+02 -1.698494206413202e-02
2.257164000000000e+02 -2.322523622534773e-02
2.257990800000000e+02 -2.987087551807042e-02
2.258817600000000e+02 -3.559902641747759e-02
2.259644400000000e+02 -4.052596385446069e-02
2.260471200000000e+02 -4.583440113044651e-02
2.261298000000000e+02 -5.102804134528720e-02
2.262124800000000e+02 -5.493859213813373e-02
2.262951600000000e+02 -5.823992843468557e-02
2.263778400000000e+02 -6.186314344912957e-02
2.264605200000000e+02 -6.484739137933491e-02
2.265432000000000e+02 -6.641886334049044e-02
2.266258800000000e+02 -6.766457119857787e-02
2.267085600000000e+02 -6.906921774704855e-02
2.267912400000000e+02 -6.940508152390097e-02
2.268739200000000e+02 -6.845074764704147e-02
2.269566000000000e+02 -6.748039428938349e-02
2.270392800000000e+02 -6.643078454173189e-02
2.271219600000000e+02 -6.405924557805254e-02
2.272046400000000e+02 -6.074333196908712e-02
2.272873200000000e+02 -5.768190799476041e-02
2.273700000000000e+02 -5.427455602068814e-02
2.274526800000000e+02 -4.952076257537243e-02
2.275353600000000e+02 -4.432318983875723e-02
2.276180400000000e+02 -3.955753769522707e-02
2.277007200000000e+02 -3.420827973044673e-02
2.277834000000000e+02 -2.772880811634005e-02
2.278660800000000e+02 -2.136513148776504e-02
2.279487600000000e+02 -1.548627659466991e-02
2.280314400000000e+02 -8.873241080427039e-03
2.281141200000000e+02 -1.555494222172140e-03
2.281968000000000e+02 5.133650224825882e-03
2.282794800000000e+02 1.141123451656658e-02
2.283621600000000e+02 1.843939879834587e-02
2.284448400000000e+02 2.560925456274799e-02
2.285275200000000e+02 3.177963891279841e-02
2.286102000000000e+02 3.770813110734218e-02
2.286928800000000e+02 4.424532191534899e-02
2.287755600000000e+02 5.032455083557177e-02
2.288582400000000e+02 5.524005419396023e-02
2.289409200000000e+02 6.012489172042741e-02
2.290236000000000e+02 6.532645897570767e-02
2.291062800000000e+02 6.954531167732510e-02
2.291889600000000e+02 7.266267409678447e-02
2.292716400000000e+02 7.593619430594746e-02
2.293543200000000e+02 7.912795933349540e-02
2.294370000000000e+02 8.098659599513446e-02
2.295196800000000e+02 8.200343750556785e-02
2.296023600000000e+02 8.328016920747511e-02
2.296850400000000e+02 8.404324581989854e-02
2.297677200000000e+02 8.336281563794599e-02
2.298504000000000e+02 8.222790404572627e-02
2.299330800000000e+02 8.133927610127141e-02
2.300157600000000e+02 7.955965854935516e-02
2.300984400000000e+02 7.648362588444946e-02
2.301811200000000e+02 7.337571142819795e-02
2.302638000000000e+02 7.038355507804159e-02
2.303464800000000e+02 6.626054885028981e-02
2.304291600000000e+02 6.121170275837470e-02
2.305118400000000e+02 5.649715121286709e-02
2.305945200000000e+02 5.168597777491395e-02
2.306772000000000e+02 4.569980439063574e-02
2.307598800000000e+02 3.930531273890921e-02
2.308425600000000e+02 3.348497170857324e-02
2.309252400000000e+02 2.733360936146728e-02
2.310079200000000e+02 2.017860947982555e-02
2.310906000000000e+02 1.317859243637027e-02
2.311732800000000e+02 6.832018721522243e-03
2.312559600000000e+02 -3.355964330246434e-05
2.313386400000000e+02 -7.539135739232929e-03
2.314213200000000e+02 -1.438462470598444e-02
2.315040000000000e+02 -2.065253991401517e-02
2.315866800000000e+02 -2.752153635069290e-02
2.316693600000000e+02 -3.453593844217159e-02
2.317520400000000e+02 -4.052973073838371e-02
2.318347200000000e+02 -4.613728208963404e-02
2.319174000000000e+02 -5.228602632392609e-02
2.320000800000000e+02 -5.804154720436738e-02
2.320827600000000e+02 -6.261432446288372e-02
2.321654400000000e+02 -6.704577720406703e-02
2.322481200000000e+02 -7.181250276817132e-02
2.323308000000000e+02 -7.569904451996787e-02
2.324134800000000e+02 -7.845286657437385e-02
2.324961600000000e+02 -8.129529391039197e-02
2.325788400000000e+02 -8.415046933106475e-02
2.326615200000000e+02 -8.577702169057255e-02
2.327442000000000e+02 -8.650720780268160e-02
2.328268800000000e+02 -8.748120838316481e-02
2.329095600000000e+02 -8.808647534972443e-02
2.329922400000000e+02 -8.731574252321091e-02
2.330749200000000e+02 -8.601332259570622e-02
2.331576000000000e+02 -8.499705972409341e-02
2.332402800000000e+02 -8.324670627538042e-02
2.333229600000000e+02 -8.020132559829649e-02
2.334056400000000e+02 -7.703968786870051e-02
2.334883200000000e+02 -7.408500753510897e-02
2.335710000000000e+02 -7.012514867650159e-02
2.336536800000000e+02 -6.516673834763949e-02
2.337363600000000e+02 -6.047654888278128e-02
2.338190400000000e+02 -5.581511709958435e-02
2.339017200000000e+02 -5.003732149377458e-02
2.339844000000000e+02 -4.372188260127828e-02
2.340670800000000e+02 -3.795801983495613e-02
2.341497600000000e+02 -3.199474944410594e-02
2.342324400000000e+02 -2.500281337600409e-02
2.343151200000000e+02 -1.801781527458032e-02
2.343978000000000e+02 -1.172123291618567e-02
2.344804800000000e+02 -5.012097834117749e-03
2.345631600000000e+02 2.436879961012697e-03
2.346458400000000e+02 9.347037768813973e-03
2.347285200000000e+02 1.559062204709879e-02
2.348112000000000e+02 2.237863645823572e-02
2.348938800000000e+02 2.945478832953730e-02
2.349765600000000e+02 3.556734795552890e-02
2.350592400000000e+02 4.117097030341459e-02
2.351419200000000e+02 4.731834176163323e-02
2.352246000000000e+02 5.321385534628729e-02
2.353072800000000e+02 5.790242988989345e-02
2.353899600000000e+02 6.232323847102299e-02
2.354726400000000e+02 6.713257522378976e-02
2.355553200000000e+02 7.116041245726384e-02
2.356380000000000e+02 7.395851790710847e-02
2.357206800000000e+02 7.674459660231203e-02
2.358033600000000e+02 7.962553359977252e-02
2.358860400000000e+02 8.130940050451638e-02
2.359687200000000e+02 8.195684602015092e-02
2.360514000000000e+02 8.279417978147489e-02
2.361340800000000e+02 8.334841015909056e-02
2.362167600000000e+02 8.249073202210490e-02
2.362994400000000e+02 8.095901477333889e-02
2.363821200000000e+02 7.971520467814397e-02
2.364648000000000e+02 7.780808977281568e-02
2.365474800000000e+02 7.452447338292582e-02
2.366301600000000e+02 7.101956108907144e-02
2.367128400000000e+02 6.777805450034749e-02
2.367955200000000e+02 6.358193388510421e-02
2.368782000000000e+02 5.829481361800775e-02
2.369608800000000e+02 5.323747153999766e-02
2.370435600000000e+02 4.831358224598139e-02
2.371262400000000e+02 4.231007351902009e-02
2.372089200000000e+02 3.570030316107789e-02
2.372916000000000e+02 2.968518452642334e-02
2.373742800000000e+02 2.361470443486244e-02
2.374569600000000e+02 1.654935063602653e-02
2.375396400000000e+02 9.471100265991027e-03
2.376223200000000e+02 3.206583249538558e-03
2.377050000000000e+02 -3.299309484783676e-03
2.377876800000000e+02 -1.050778957745687e-02
2.378703600000000e+02 -1.713779051950131e-02
2.379530400000000e+02 -2.290570076140244e-02
2.380357200000000e+02 -2.903919065254210e-02
2.381184000000000e+02 -3.542338239935957e-02
2.382010800000000e+02 -4.074740743612297e-02
2.382837600000000e+02 -4.532126913279391e-02
2.383664400000000e+02 -5.028210468698256e-02
2.384491200000000e+02 -5.496510234944741e-02
2.385318000000000e+02 -5.830027477557671e-02
2.386144800000000e+02 -6.111827357688485e-02
2.386971600000000e+02 -6.422792895197713e-02
2.387798400000000e+02 -6.655478447520044e-02
2.388625200000000e+02 -6.748702243510242e-02
2.389452000000000e+02 -6.819882968684621e-02
2.390278800000000e+02 -6.900520823780079e-02
2.391105600000000e+02 -6.864501920106990e-02
2.391932400000000e+02 -6.708716494634054e-02
2.392759200000000e+02 -6.560586712794170e-02
2.393586000000000e+02 -6.395976268740558e-02
2.394412800000000e+02 -6.096141565330707e-02
2.395239600000000e+02 -5.716594235624157e-02
2.396066400000000e+02 -5.368591958108186e-02
2.396893200000000e+02 -4.977521863186534e-02
2.397720000000000e+02 -4.456701333519261e-02
2.398546800000000e+02 -3.908999778465929e-02
2.399373600000000e+02 -3.406617653611483e-02
2.400200400000000e+02 -2.840107568669308e-02
2.401027200000000e+02 -2.173301131118377e-02
2.401854000000000e+02 -1.535373372200274e-02
2.402680800000000e+02 -9.444585756322340e-03
2.403507600000000e+02 -2.794979911055399e-03
2.404334400000000e+02 4.368721997446558e-03
2.405161200000000e+02 1.076045897836889e-02
2.405988000000000e+02 1.677753205248149e-02
2.406814800000000e+02 2.348432338977611e-02
2.407641600000000e+02 3.010685019299259e-02
2.408468400000000e+02 3.563758907389604e-02
2.409295200000000e+02 4.096592180323647e-02
2.410122000000000e+02 4.677340556785867e-02
2.410948800000000e+02 5.189932167359410e-02
2.411775600000000e+02 5.583234906437771e-02
2.412602400000000e+02 5.975714173764789e-02
2.413429200000000e+02 6.381622894472883e-02
2.414256000000000e+02 6.671287718688892e-02
2.415082800000000e+02 6.854334025251364e-02
2.415909600000000e+02 7.052190744236302e-02
2.416736400000000e+02 7.221590690757382e-02
2.417563200000000e+02 7.247868382393284e-02
2.418390000000000e+02 7.199048135913916e-02
2.419216800000000e+02 7.172153603840239e-02
2.420043600000000e+02 7.075983169395252e-02
2.420870400000000e+02 6.836412349681947e-02
2.421697200000000e+02 6.564371407152252e-02
2.422524000000000e+02 6.310794238587084e-02
2.423350800000000e+02 5.957225411037030e-02
2.424177600000000e+02 5.486514379466312e-02
2.425004400000000e+02 5.027514592152550e-02
2.425831200000000e+02 4.574171830503299e-02
2.426658000000000e+02 4.007624745343769e-02
2.427484800000000e+02 3.371269098590496e-02
2.428311600000000e+02 2.783348000873762e-02
2.429138400000000e+02 2.183027247483949e-02
2.429965200000000e+02 1.477698036998860e-02
2.430792000000000e+02 7.614706677399498e-03
2.431618800000000e+02 1.164596377454718e-03
2.432445600000000e+02 -5.585717812926054e-03
2.433272400000000e+02 -1.309551096211109e-02
2.434099200000000e+02 -2.012282650419002e-02
2.434926000000000e+02 -2.637790630270484e-02
2.435752800000000e+02 -3.304849737507190e-02
2.436579600000000e+02 -4.002773273031414e-02
2.437406400000000e+02 -4.603869703696492e-02
2.438233200000000e+02 -5.137556457981748e-02
2.439060000000000e+02 -5.714065200171048e-02
2.439886800000000e+02 -6.268380230465770e-02
2.440713600000000e+02 -6.696110072127394e-02
2.441540400000000e+02 -7.077986278052288e-02
2.442367200000000e+02 -7.491952482772078e-02
2.443194000000000e+02 -7.832296962160339e-02
2.444020800000000e+02 -8.039511772781742e-02
2.444847600000000e+02 -8.228108814431884e-02
2.445674400000000e+02 -8.427081029731483e-02
2.446501200000000e+02 -8.511992000665593e-02
2.447328000000000e+02 -8.480442753274973e-02
2.448154800000000e+02 -8.456487950400475e-02
2.448981600000000e+02 -8.413791970740407e-02
2.449808400000000e+02 -8.235050967463060e-02
2.450635200000000e+02 -7.975558921518811e-02
2.451462000000000e+02 -7.742852389096380e-02
2.452288800000000e+02 -7.460407689839971e-02
2.453115600000000e+02 -7.042682477107218e-02
2.453942400000000e+02 -6.591486385931065e-02
2.454769200000000e+02 -6.175156116770576e-02
2.455596000000000e+02 -5.682723987603232e-02
2.456422800000000e+02 -5.078858604762995e-02
2.457249600000000e+02 -4.491038436982209e-02
2.458076400000000e+02 -3.933759208456693e-02
2.458903200000000e+02 -3.284963091020919e-02
2.459730000000000e+02 -2.567873139883155e-02
2.460556800000000e+02 -1.909173850579702e-02
2.461383600000000e+02 -1.266155481070638e-02
2.462210400000000e+02 -5.319575105467779e-03
2.463037200000000e+02 2.154816380324663e-03
2.463864000000000e+02 8.769608771193108e-03
2.464690800000000e+02 1.543445568688936e-02
2.465517600000000e+02 2.282943587989336e-02
2.466344400000000e+02 2.978441441916576e-02
2.467171200000000e+02 3.579424540997493e-02
2.467998000000000e+02 4.205443145552652e-02
2.468824800000000e+02 4.869943799911085e-02
2.469651600000000e+02 5.441286283821178e-02
2.470478400000000e+02 5.928576783996464e-02
2.471305200000000e+02 6.453649962146042e-02
2.472132000000000e+02 6.971428166853559e-02
2.472958800000000e+02 7.363767390574739e-02
2.473785600000000e+02 7.697401477244918e-02
2.474612400000000e+02 8.069316509871408e-02
2.475439200000000e+02 8.384943381217699e-02
2.476266000000000e+02 8.565239960758936e-02
2.477092800000000e+02 8.719881100660205e-02
2.477919600000000e+02 8.899223514562826e-02
2.478746400000000e+02 8.979479237061390e-02
2.479573200000000e+02 8.937998665416971e-02
2.480400000000000e+02 8.903211097385381e-02
2.481226800000000e+02 8.867476477184737e-02
2.482053600000000e+02 8.704852153264339e-02
2.482880400000000e+02 8.454082904797726e-02
2.483707200000000e+02 8.234115721511341e-02
2.484534000000000e+02 7.981020592272717e-02
2.485360800000000e+02 7.594448167562130e-02
2.486187600000000e+02 7.166100288564649e-02
2.487014400000000e+02 6.779555213048243e-02
2.487841200000000e+02 6.328958871443822e-02
2.488668000000000e+02 5.761699586509231e-02
2.489494800000000e+02 5.202517719690933e-02
2.490321600000000e+02 4.681882375827261e-02
2.491148400000000e+02 4.075665598687493e-02
2.491975200000000e+02 3.390589280710540e-02
2.492802000000000e+02 2.757593392396230e-02
2.493628800000000e+02 2.148251130522485e-02
2.494455600000000e+02 1.447629070795332e-02
2.495282400000000e+02 7.203824854552141e-03
2.496109200000000e+02 7.590945319430871e-04
2.496936000000000e+02 -5.659683936847427e-03
2.497762800000000e+02 -1.285893876702644e-02
2.498589600000000e+02 -1.975133546490940e-02
2.499416400000000e+02 -2.568458442809460e-02
2.500243200000000e+02 -3.179673842985140e-02
2.501070000000000e+02 -3.837847974333452e-02
2.501896800000000e+02 -4.413215419804184e-02
2.502723600000000e+02 -4.897578119235388e-02
2.503550400000000e+02 -5.413521310519900e-02
2.504377200000000e+02 -5.932570137258340e-02
2.505204000000000e+02 -6.331068189172671e-02
2.506030800000000e+02 -6.658584017352485e-02
2.506857600000000e+02 -7.020376009102773e-02
2.507684400000000e+02 -7.336719030955526e-02
2.508511200000000e+02 -7.515588337667946e-02
2.509338000000000e+02 -7.653169578659398e-02
2.510164800000000e+02 -7.815456974541697e-02
2.510991600000000e+02 -7.888427387892892e-02
2.511818400000000e+02 -7.830458737399702e-02
2.512645200000000e+02 -7.763894483179891e-02
2.513472000000000e+02 -7.702035393487484e-02
2.514298800000000e+02 -7.520537214226827e-02
2.515125600000000e+02 -7.236567868777727e-02
2.515952400000000e+02 -6.973110577595984e-02
2.516779200000000e+02 -6.688395353806281e-02
2.517606000000000e+02 -6.273887344637456e-02
2.518432800000000e+02 -5.801962172195567e-02
2.519259600000000e+02 -5.370758096707785e-02
2.520086400000000e+02 -4.892526514819698e-02
2.520913200000000e+02 -4.297601007260152e-02
2.521740000000000e+02 -3.698666180770351e-02
2.522566800000000e+02 -3.148634247675230e-02
2.523393600000000e+02 -2.532603539794736e-02
2.524220400000000e+02 -1.835048950121230e-02
2.525047200000000e+02 -1.185546143524133e-02
2.525874000000000e+02 -5.807142004085590e-03
2.526700800000000e+02 9.660431091330419e-04
2.527527600000000e+02 8.036898547669492e-03
2.528354400000000e+02 1.421440585295274e-02
2.529181200000000e+02 2.008728037341403e-02
2.530008000000000e+02 2.659075918028442e-02
2.530834800000000e+02 3.279898421303176e-02
2.531661600000000e+02 3.788225070753371e-02
2.532488400000000e+02 4.285515704566408e-02
2.533315200000000e+02 4.820421297643956e-02
2.534142000000000e+02 5.270068907311449e-02
2.534968800000000e+02 5.605891090569057e-02
2.535795600000000e+02 5.949375248598851e-02
2.536622400000000e+02 6.292722795181688e-02
2.537449200000000e+02 6.509622719159258e-02
2.538276000000000e+02 6.632415904872062e-02
2.539102800000000e+02 6.775266534325319e-02
2.539929600000000e+02 6.875068553907950e-02
2.540756400000000e+02 6.830256697223572e-02
2.541583200000000e+02 6.726996789345425e-02
2.542410000000000e+02 6.646290062280234e-02
2.543236800000000e+02 6.483660865015861e-02
2.544063600000000e+02 6.185238396189742e-02
2.544890400000000e+02 5.871790469265224e-02
2.545717200000000e+02 5.572961043577657e-02
2.546544000000000e+02 5.166488700304379e-02
2.547370800000000e+02 4.658462737227176e-02
2.548197600000000e+02 4.177380338856800e-02
2.549024400000000e+02 3.695240330494193e-02
2.549851200000000e+02 3.099615728194804e-02
2.550678000000000e+02 2.455336727590938e-02
2.551504800000000e+02 1.870434268086296e-02
2.552331600000000e+02 1.266103122061820e-02
2.553158400000000e+02 5.649025974894678e-03
2.553985200000000e+02 -1.237544826810573e-03
2.554812000000000e+02 -7.354109157817567e-03
2.555638800000000e+02 -1.381704852898667e-02
2.556465600000000e+02 -2.088039973334349e-02
2.557292400000000e+02 -2.723971751153053e-02
2.558119200000000e+02 -3.281774925498691e-02
2.558946000000000e+02 -3.881257026030116e-02
2.559772800000000e+02 -4.490271683851511e-02
2.560599600000000e+02 -4.984885207991834e-02
2.561426400000000e+02 -5.414982074034069e-02
2.562253200000000e+02 -5.882736519036256e-02
2.563080000000000e+02 -6.305188172113840e-02
2.563906800000000e+02 -6.590611047621646e-02
2.564733600000000e+02 -6.835466127657783e-02
2.565560400000000e+02 -7.102696990231529e-02
2.566387200000000e+02 -7.275715233751140e-02
2.567214000000000e+02 -7.313792671397287e-02
2.568040800000000e+02 -7.339654022076753e-02
2.568867600000000e+02 -7.363785992425047e-02
2.569694400000000e+02 -7.259950450308991e-02
2.570521200000000e+02 -7.046804726826897e-02
2.571348000000000e+02 -6.847923213517143e-02
2.572174800000000e+02 -6.618921699034519e-02
2.573001600000000e+02 -6.249945932363134e-02
2.573828400000000e+02 -5.815497907117084e-02
2.574655200000000e+02 -5.414456143451038e-02
2.575482000000000e+02 -4.956437299623009e-02
2.576308800000000e+02 -4.370998520377933e-02
2.577135600000000e+02 -3.773615149979619e-02
2.577962400000000e+02 -3.217815327414075e-02
2.578789200000000e+02 -2.585814932883888e-02
2.579616000000000e+02 -1.861962467672305e-02
2.580442800000000e+02 -1.179203314793528e-02
2.581269600000000e+02 -5.342473902956744e-03
2.582096400000000e+02 1.932500453380341e-03
2.582923200000000e+02 9.598444227493536e-03
2.583750000000000e+02 1.642725879564136e-02
2.584576800000000e+02 2.301559436953043e-02
2.585403600000000e+02 3.033172849378473e-02
2.586230400000000e+02 3.743205998887214e-02
2.587057200000000e+02 4.344988056944996e-02
2.587884000000000e+02 4.941829349085835e-02
2.588710800000000e+02 5.585407833782758e-02
2.589537600000000e+02 6.149905748645445e-02
2.590364400000000e+02 6.603423700905732e-02
2.591191200000000e+02 7.070292935797444e-02
2.592018000000000e+02 7.544958708812310e-02
2.592844800000000e+02 7.896982220756461e-02
2.593671600000000e+02 8.156063306032796e-02
2.594498400000000e+02 8.439932429509471e-02
2.595325200000000e+02 8.686417575108361e-02
2.596152000000000e+02 8.788776149090484e-02
2.596978800000000e+02 8.831509218568449e-02
2.597805600000000e+02 8.899472429466712e-02
2.598632400000000e+02 8.887365615346468e-02
2.599459200000000e+02 8.735442719505479e-02
2.600286000000000e+02 8.564024686072141e-02
2.601112800000000e+02 8.406336442861695e-02
2.601939600000000e+02 8.137309130184150e-02
2.602766400000000e+02 7.757082783981846e-02
2.603593200000000e+02 7.395048487530019e-02
2.604420000000000e+02 7.025904367903238e-02
2.605246800000000e+02 6.532610396302459e-02
2.606073600000000e+02 5.974801966452709e-02
2.606900400000000e+02 5.462639463661704e-02
2.607727200000000e+02 4.918660449871318e-02
2.608554000000000e+02 4.259678973545963e-02
2.609380800000000e+02 3.591473212145908e-02
2.610207600000000e+02 2.981507258732523e-02
2.611034400000000e+02 2.318021239552141e-02
2.611861200000000e+02 1.569786002114622e-02
2.612688000000000e+02 8.656725341810797e-03
2.613514800000000e+02 2.168244335212514e-03
2.614341600000000e+02 -4.977623507245456e-03
2.615168400000000e+02 -1.250754455292671e-02
2.615995200000000e+02 -1.917683605918222e-02
2.616822000000000e+02 -2.544923923005214e-02
2.617648800000000e+02 -3.236152904077112e-02
2.618475600000000e+02 -3.911472831983451e-02
2.619302400000000e+02 -4.476823739977744e-02
2.620129200000000e+02 -5.025061533465699e-02
2.620956000000000e+02 -5.620157382964894e-02
2.621782800000000e+02 -6.146668173831579e-02
2.622609600000000e+02 -6.560120560741417e-02
2.623436400000000e+02 -6.979289187826095e-02
2.624263200000000e+02 -7.414829847126714e-02
2.625090000000000e+02 -7.740036636549918e-02
2.625916800000000e+02 -7.968641538252197e-02
2.626743600000000e+02 -8.219750838858994e-02
2.627570400000000e+02 -8.448504016101169e-02
2.628397200000000e+02 -8.543404162251785e-02
2.629224000000000e+02 -8.572928817173749e-02
2.630050800000000e+02 -8.631244573863230e-02
2.630877600000000e+02 -8.627483229047171e-02
2.631704400000000e+02 -8.488633175319467e-02
2.632531200000000e+02 -8.323252873010650e-02
2.633358000000000e+02 -8.180764346056121e-02
2.634184800000000e+02 -7.943501271717700e-02
2.635011600000000e+02 -7.592320836984461e-02
2.635838400000000e+02 -7.253031235344776e-02
2.636665200000000e+02 -6.919990095404484e-02
2.637492000000000e+02 -6.473730767152146e-02
2.638318800000000e+02 -5.953313812255448e-02
2.639145600000000e+02 -5.475424194660650e-02
2.639972400000000e+02 -4.980670206512069e-02
2.640799200000000e+02 -4.373472887060261e-02
2.641626000000000e+02 -3.743364000712752e-02
2.642452800000000e+02 -3.173357993455283e-02
2.643279600000000e+02 -2.563115452551074e-02
2.644106400000000e+02 -1.861975526882884e-02
2.644933200000000e+02 -1.191511905093787e-02
2.645760000000000e+02 -5.834601965352759e-03
2.646586800000000e+02 8.167252473245964e-04
2.647413600000000e+02 7.978266439243141e-03
2.648240400000000e+02 1.436915806075319e-02
2.649067200000000e+02 2.025304752026232e-02
2.649894000000000e+02 2.675316911984532e-02
2.650720800000000e+02 3.324425927143906e-02
2.651547600000000e+02 3.865428250369788e-02
2.652374400000000e+02 4.377102701384163e-02
2.653201200000000e+02 4.939389110157175e-02
2.654028000000000e+02 5.445967546650465e-02
2.654854800000000e+02 5.833893671819673e-02
2.655681600000000e+02 6.217096754454587e-02
2.656508400000000e+02 6.624698685983232e-02
2.657335200000000e+02 6.929293402700944e-02
2.658162000000000e+02 7.126270698019523e-02
2.658988800000000e+02 7.339452675434564e-02
2.659815600000000e+02 7.539887352510755e-02
2.660642400000000e+02 7.607011350306066e-02
2.661469200000000e+02 7.595925124380672e-02
2.662296000000000e+02 7.612684207486646e-02
2.663122800000000e+02 7.576143298842217e-02
2.663949600000000e+02 7.399471231331560e-02
2.664776400000000e+02 7.185612246891912e-02
2.665603200000000e+02 6.999141949880176e-02
2.666430000000000e+02 6.724596529399628e-02
2.667256800000000e+02 6.328506246839835e-02
2.668083600000000e+02 5.939151591296225e-02
2.668910400000000e+02 5.565372440063885e-02
2.669737200000000e+02 5.083163632055067e-02
2.670564000000000e+02 4.520212205440483e-02
2.671390800000000e+02 4.002163405745073e-02
2.672217600000000e+02 3.480541221908215e-02
2.673044400000000e+02 2.850452947611396e-02
2.673871200000000e+02 2.194987217350513e-02
2.674698000000000e+02 1.610133228942786e-02
2.675524800000000e+02 1.001299350117419e-02
2.676351600000000e+02 3.058698137739760e-03
2.677178400000000e+02 -3.554443107089034e-03
2.678005200000000e+02 -9.363993075497309e-03
2.678832000000000e+02 -1.556628432461302e-02
2.679658800000000e+02 -2.222869378142826e-02
2.680485600000000e+02 -2.802368600912836e-02
2.681312400000000e+02 -3.307680199315090e-02
2.682139200000000e+02 -3.857515930454937e-02
2.682966000000000e+02 -4.401345784875522e-02
2.683792800000000e+02 -4.822051138842551e-02
2.684619600000000e+02 -5.187547337954507e-02
2.685446400000000e+02 -5.590476493207294e-02
2.686273200000000e+02 -5.933727621015500e-02
2.687100000000000e+02 -6.139816030874818e-02
2.687926800000000e+02 -6.317305019012337e-02
2.688753600000000e+02 -6.513562487786358e-02
2.689580400000000e+02 -6.605091838777641e-02
2.690407200000000e+02 -6.569680136972723e-02
2.691234000000000e+02 -6.533864393104907e-02
2.692060800000000e+02 -6.490123388880994e-02
2.692887600000000e+02 -6.314042153815819e-02
2.693714400000000e+02 -6.043085174668616e-02
2.694541200000000e+02 -5.795736161772360e-02
2.695368000000000e+02 -5.511267420648582e-02
2.696194800000000e+02 -5.090047678667746e-02
2.697021600000000e+02 -4.621638097345856e-02
2.697848400000000e+02 -4.192167209611131e-02
2.698675200000000e+02 -3.700328240392345e-02
2.699502000000000e+02 -3.092183755361570e-02
2.700328800000000e+02 -2.491215555305719e-02
2.701155600000000e+02 -1.933404592156584e-02
2.701982400000000e+02 -1.298098506712003e-02
2.702809200000000e+02 -5.889060296465134e-03
2.703636000000000e+02 6.216653333800641e-04
2.704462800000000e+02 6.768276916415896e-03
2.705289600000000e+02 1.369311449880366e-02
2.706116400000000e+02 2.078428260634040e-02
2.706943200000000e+02 2.691298820424439e-02
2.707770000000000e+02 3.282675647364526e-02
2.708596800000000e+02 3.935365637075261e-02
2.709423600000000e+02 4.542929674007452e-02
2.710250400000000e+02 5.035720672142157e-02
2.711077200000000e+02 5.525220806091029e-02
2.711904000000000e+02 6.044125355290875e-02
2.712730800000000e+02 6.463320126146330e-02
2.713557600000000e+02 6.771476116580410e-02
2.714384400000000e+02 7.092051110318393e-02
2.715211200000000e+02 7.399833360581912e-02
2.716038000000000e+02 7.571165019837268e-02
2.716864800000000e+02 7.655358052005745e-02
2.717691600000000e+02 7.760141232709358e-02
2.718518400000000e+02 7.807717530597948e-02
2.719345200000000e+02 7.707223447505360e-02
2.720172000000000e+02 7.557347514579923e-02
2.720998800000000e+02 7.425932718608554e-02
2.721825600000000e+02 7.200073217097704e-02
2.722652400000000e+02 6.841818478501907e-02
2.723479200000000e+02 6.476921363617665e-02
2.724306000000000e+02 6.118488100658004e-02
2.725132800000000e+02 5.644063803840257e-02
2.725959600000000e+02 5.076788312034329e-02
2.726786400000000e+02 4.541420199412893e-02
2.727613200000000e+02 3.994178555627383e-02
2.728440000000000e+02 3.330615754113234e-02
2.729266800000000e+02 2.629475482900217e-02
2.730093600000000e+02 1.987298846150871e-02
2.730920400000000e+02 1.314132933670239e-02
2.731747200000000e+02 5.466948962017773e-03
2.732574000000000e+02 -1.982111842841381e-03
2.733400800000000e+02 -8.725771308485128e-03
2.734227600000000e+02 -1.591845674195141e-02
2.735054400000000e+02 -2.364417793572689e-02
2.735881200000000e+02 -3.060752868036326e-02
2.736708000000000e+02 -3.690666887721227e-02
2.737534800000000e+02 -4.369401249120507e-02
2.738361600000000e+02 -5.048815261288517e-02
2.739188400000000e+02 -5.614059572575666e-02
2.740015200000000e+02 -6.129592225667586e-02
2.740842000000000e+02 -6.685415976992783e-02
2.741668800000000e+02 -7.187148949580510e-02
2.742495600000000e+02 -7.558455105165179e-02
2.743322400000000e+02 -7.903964009472539e-02
2.744149200000000e+02 -8.269186104094883e-02
2.744976000000000e+02 -8.533293995464954e-02
2.745802800000000e+02 -8.674033502085519e-02
2.746629600000000e+02 -8.813731767302638e-02
2.747456400000000e+02 -8.943657792990534e-02
2.748283200000000e+02 -8.941689008634303e-02
2.749110000000000e+02 -8.844083404390284e-02
2.749936800000000e+02 -8.765016299962927e-02
2.750763600000000e+02 -8.643084708240958e-02
2.751590400000000e+02 -8.380367320987188e-02
2.752417200000000e+02 -8.064159090264175e-02
2.753244000000000e+02 -7.776413651943781e-02
2.754070800000000e+02 -7.415644468222103e-02
2.754897600000000e+02 -6.928920851072187e-02
2.755724400000000e+02 -6.436628312584922e-02
2.756551200000000e+02 -5.971057122349198e-02
2.757378000000000e+02 -5.411862050932020e-02
2.758204800000000e+02 -4.762915660533304e-02
2.759031600000000e+02 -4.152735120130693e-02
2.759858400000000e+02 -3.556831649308493e-02
2.760685200000000e+02 -2.861697931812078e-02
2.761512000000000e+02 -2.128165212549062e-02
2.762338800000000e+02 -1.465896349845509e-02
2.763165600000000e+02 -7.985978311478219e-03
2.763992400000000e+02 -4.446714184003906e-04
2.764819200000000e+02 6.906359752861864e-03
2.765646000000000e+02 1.339267002542137e-02
2.766472800000000e+02 2.013173428389988e-02
2.767299600000000e+02 2.743853487290011e-02
2.768126400000000e+02 3.402299065848365e-02
2.768953200000000e+02 3.977872145206172e-02
2.769780000000000e+02 4.593314555463047e-02
2.770606800000000e+02 5.221848462640011e-02
2.771433600000000e+02 5.738688940635711e-02
2.772260400000000e+02 6.192378907738418e-02
2.773087200000000e+02 6.689361391293931e-02
2.773914000000000e+02 7.149394474312706e-02
2.774740800000000e+02 7.478860585796947e-02
2.775567600000000e+02 7.774861603523457e-02
2.776394400000000e+02 8.103563658732578e-02
2.777221200000000e+02 8.348127153232376e-02
2.778048000000000e+02 8.466575263270593e-02
2.778874800000000e+02 8.583157535524136e-02
2.779701600000000e+02 8.708655765073176e-02
2.780528400000000e+02 8.714967089411683e-02
2.781355200000000e+02 8.621058085975393e-02
2.782182000000000e+02 8.550893608778057e-02
2.783008800000000e+02 8.457202354513736e-02
2.783835600000000e+02 8.228763857022292e-02
2.784662400000000e+02 7.941447673376027e-02
2.785489200000000e+02 7.691696365456513e-02
2.786316000000000e+02 7.384617490548873e-02
2.787142800000000e+02 6.950454167146340e-02
2.787969600000000e+02 6.505508125067734e-02
2.788796400000000e+02 6.097814077299955e-02
2.789623200000000e+02 5.605971788047523e-02
2.790450000000000e+02 5.017158776019701e-02
2.791276800000000e+02 4.462977166282584e-02
2.792103600000000e+02 3.933129943084111e-02
2.792930400000000e+02 3.306618504727002e-02
2.793757200000000e+02 2.630524101466076e-02
2.794584000000000e+02 2.023636614803156e-02
2.795410800000000e+02 1.420356619805687e-02
2.796237600000000e+02 7.266682656995637e-03
2.797064400000000e+02 3.954023728276039e-04
2.797891200000000e+02 -5.599463309685306e-03
2.798718000000000e+02 -1.177714107010327e-02
2.799544800000000e+02 -1.860417674885104e-02
2.800371600000000e+02 -2.481776995536592e-02
2.801198400000000e+02 -3.014838137557883e-02
2.802025200000000e+02 -3.582533796071203e-02
2.802852000000000e+02 -4.174264450674065e-02
2.803678800000000e+02 -4.660938181640818e-02
2.804505600000000e+02 -5.074466113437082e-02
2.805332400000000e+02 -5.528392059825813e-02
2.806159200000000e+02 -5.957292221094032e-02
2.806986000000000e+02 -6.255994083160922e-02
2.807812800000000e+02 -6.507729947395013e-02
2.808639600000000e+02 -6.792795902889871e-02
2.809466400000000e+02 -7.004875505657394e-02
2.810293200000000e+02 -7.084196118054671e-02
2.811120000000000e+02 -7.147398195669460e-02
2.811946800000000e+02 -7.225035326926611e-02
2.812773600000000e+02 -7.192228855118132e-02
2.813600400000000e+02 -7.046622893363663e-02
2.814427200000000e+02 -6.913833990020078e-02
2.815254000000000e+02 -6.768709941423835e-02
2.816080800000000e+02 -6.493912781237825e-02
2.816907600000000e+02 -6.144797086689192e-02
2.817734400000000e+02 -5.829957083703170e-02
2.818561200000000e+02 -5.474166453050471e-02
2.819388000000000e+02 -4.992262693374941e-02
2.820214800000000e+02 -4.485861146184488e-02
2.821041600000000e+02 -4.024129392257671e-02
2.821868400000000e+02 -3.497865907642309e-02
2.822695200000000e+02 -2.872294741547464e-02
2.823522000000000e+02 -2.274274415854714e-02
2.824348800000000e+02 -1.719251282418219e-02
2.825175600000000e+02 -1.087487206029116e-02
2.826002400000000e+02 -4.025379266017104e-03
2.826829200000000e+02 2.100238728397642e-03
2.827656000000000e+02 7.915705422023548e-03
2.828482800000000e+02 1.446283755347181e-02
2.829309600000000e+02 2.096589481579104e-02
2.830136400000000e+02 2.644897381753461e-02
2.830963200000000e+02 3.180317044203298e-02
2.831790000000000e+02 3.768235847365463e-02
2.832616800000000e+02 4.293207593802079e-02
2.833443600000000e+02 4.706771807031183e-02
2.834270400000000e+02 5.126078525350951e-02
2.835097200000000e+02 5.562618561515187e-02
2.835924000000000e+02 5.887992392008580e-02
2.836750800000000e+02 6.113586083742938e-02
2.837577600000000e+02 6.358359678751832e-02
2.838404400000000e+02 6.576726607727255e-02
2.839231200000000e+02 6.655708831240220e-02
2.840058000000000e+02 6.664059557452177e-02
2.840884800000000e+02 6.695678444931184e-02
2.841711600000000e+02 6.657785129169413e-02
2.842538400000000e+02 6.478176348875689e-02
2.843365200000000e+02 6.267588156810673e-02
2.844192000000000e+02 6.073673231569401e-02
2.845018800000000e+02 5.777341068716400e-02
2.845845600000000e+02 5.363495662432239e-02
2.846672400000000e+02 4.960060687999414e-02
2.847499200000000e+02 4.557983128846844e-02
2.848326000000000e+02 4.038854780634075e-02
2.849152800000000e+02 3.448147236265161e-02
2.849979600000000e+02 2.902610923209490e-02
2.850806400000000e+02 2.339093656172822e-02
2.851633200000000e+02 1.666561599870222e-02
2.852460000000000e+02 9.810023576334773e-03
2.853286800000000e+02 3.626522036062424e-03
2.854113600000000e+02 -2.910175545022307e-03
2.854940400000000e+02 -1.023423702108413e-02
2.855767200000000e+02 -1.709006046962712e-02
2.856594000000000e+02 -2.320804495744991e-02
2.857420800000000e+02 -2.977663894348128e-02
2.858247600000000e+02 -3.665906076165090e-02
2.859074400000000e+02 -4.257264662591810e-02
2.859901200000000e+02 -4.782990357115970e-02
2.860728000000000e+02 -5.352241811535990e-02
2.861554800000000e+02 -5.897159535817076e-02
2.862381600000000e+02 -6.313658977845804e-02
2.863208400000000e+02 -6.683835049364167e-02
2.864035200000000e+02 -7.083807001121770e-02
2.864862000000000e+02 -7.405756931603596e-02
2.865688800000000e+02 -7.591227992273236e-02
2.866515600000000e+02 -7.755511330143755e-02
2.867342400000000e+02 -7.925613481113082e-02
2.868169200000000e+02 -7.976075360485101e-02
2.868996000000000e+02 -7.906016370062503e-02
2.869822800000000e+02 -7.839805715531312e-02
2.870649600000000e+02 -7.749520873555142e-02
2.871476400000000e+02 -7.517942318587731e-02
2.872303200000000e+02 -7.202083046753546e-02
2.873130000000000e+02 -6.909599219875705e-02
2.873956800000000e+02 -6.563106924383974e-02
2.874783600000000e+02 -6.078033839809834e-02
2.875610400000000e+02 -5.557942695701296e-02
2.876437200000000e+02 -5.071335460842750e-02
2.877264000000000e+02 -4.507135437012236e-02
2.878090800000000e+02 -3.831554437503328e-02
2.878917600000000e+02 -3.173757931837558e-02
2.879744400000000e+02 -2.548515523859182e-02
2.880571200000000e+02 -1.834225613501222e-02
2.881398000000000e+02 -1.055929634829014e-02
2.882224800000000e+02 -3.417883935717124e-03
2.883051600000000e+02 3.506461435856980e-03
2.883878400000000e+02 1.127449957171139e-02
2.884705200000000e+02 1.908882644333195e-02
2.885532000000000e+02 2.594730354902823e-02
2.886358800000000e+02 3.275874472787419e-02
2.887185600000000e+02 4.019406495881917e-02
2.888012400000000e+02 4.706883615947198e-02
2.888839200000000e+02 5.287522720508247e-02
2.889666000000000e+02 5.881013939642011e-02
2.890492800000000e+02 6.499952193771746e-02
2.891319600000000e+02 7.012067058464665e-02
2.892146400000000e+02 7.427052009716535e-02
2.892973200000000e+02 7.866993625518341e-02
2.893800000000000e+02 8.286325135561431e-02
2.894626800000000e+02 8.567420900841073e-02
2.895453600000000e+02 8.778240224532011e-02
2.896280400000000e+02 9.015999303346463e-02
2.897107200000000e+02 9.186411122045769e-02
2.897934000000000e+02 9.212130229695026e-02
2.898760800000000e+02 9.204185728729432e-02
2.899587600000000e+02 9.213184024053668e-02
2.900414400000000e+02 9.116739010574776e-02
2.901241200000000e+02 8.894630406018560e-02
2.902068000000000e+02 8.676224999433009e-02
2.902894800000000e+02 8.454436962326076e-02
2.903721600000000e+02 8.105859498560487e-02
2.904548400000000e+02 7.671573901937341e-02
2.905375200000000e+02 7.270778817385525e-02
2.906202000000000e+02 6.840770745415210e-02
2.907028800000000e+02 6.284378698372607e-02
2.907855600000000e+02 5.694684798916530e-02
2.908682400000000e+02 5.154984607360139e-02
2.909509200000000e+02 4.561475892647127e-02
2.910336000000000e+02 3.864471719587267e-02
2.911162800000000e+02 3.188629158147219e-02
2.911989600000000e+02 2.564039982766791e-02
2.912816400000000e+02 1.869180920672848e-02
2.913643200000000e+02 1.112501750288657e-02
2.914470000000000e+02 4.234467930001417e-03
2.915296800000000e+02 -2.264633356520587e-03
2.916123600000000e+02 -9.496507665397960e-03
2.916950400000000e+02 -1.681510024367035e-02
2.917777200000000e+02 -2.315041395133823e-02
2.918604000000000e+02 -2.930008538390045e-02
2.919430800000000e+02 -3.605357168473881e-02
2.920257600000000e+02 -4.234182890039812e-02
2.921084400000000e+02 -4.753894292771812e-02
2.921911200000000e+02 -5.277577377127041e-02
2.922738000000000e+02 -5.833862502085191e-02
2.923564800000000e+02 -6.296098787735513e-02
2.924391600000000e+02 -6.658435675614362e-02
2.925218400000000e+02 -7.042710230270191e-02
2.926045200000000e+02 -7.421264011523641e-02
2.926872000000000e+02 -7.674141376478383e-02
2.927698800000000e+02 -7.852673314655401e-02
2.928525600000000e+02 -8.061488690926970e-02
2.929352400000000e+02 -8.222571750572788e-02
2.930179200000000e+02 -8.247564918501382e-02
2.931006000000000e+02 -8.233677128941323e-02
2.931832800000000e+02 -8.246314802221316e-02
2.932659600000000e+02 -8.173602626991873e-02
2.933486400000000e+02 -7.977126115213004e-02
2.934313200000000e+02 -7.779355878062179e-02
2.935140000000000e+02 -7.592860202879824e-02
2.935966800000000e+02 -7.295565305502014e-02
2.936793600000000e+02 -6.907089048495967e-02
2.937620400000000e+02 -6.549453339613677e-02
2.938447200000000e+02 -6.179939133354576e-02
2.939274000000000e+02 -5.692278547830065e-02
2.940100800000000e+02 -5.160252702111482e-02
2.940927600000000e+02 -4.679850985052370e-02
2.941754400000000e+02 -4.162349878729359e-02
2.942581200000000e+02 -3.540284005290574e-02
2.943408000000000e+02 -2.926407560359487e-02
2.944234800000000e+02 -2.370480994374721e-02
2.945061600000000e+02 -1.757003005658201e-02
2.945888400000000e+02 -1.072422157286002e-02
2.946715200000000e+02 -4.448840674510650e-03
2.947542000000000e+02 1.325944292918903e-03
2.948368800000000e+02 7.770073845350289e-03
2.949195600000000e+02 1.444190121291648e-02
2.950022400000000e+02 2.017821073040102e-02
2.950849200000000e+02 2.560031745571750e-02
2.951676000000000e+02 3.163281534870700e-02
2.952502800000000e+02 3.734377425227377e-02
2.953329600000000e+02 4.193942725182313e-02
2.954156400000000e+02 4.645613967397564e-02
2.954983200000000e+02 5.136269319356238e-02
2.955810000000000e+02 5.543380230208746e-02
2.956636800000000e+02 5.841998811099158e-02
2.957463600000000e+02 6.154301179277073e-02
2.958290400000000e+02 6.470406427000365e-02
2.959117200000000e+02 6.665110625220713e-02
2.959944000000000e+02 6.773652808276748e-02
2.960770800000000e+02 6.909434528619038e-02
2.961597600000000e+02 7.007342961647965e-02
2.962424400000000e+02 6.967278897737142e-02
2.963251200000000e+02 6.877147591324795e-02
2.964078000000000e+02 6.816099214755132e-02
2.964904800000000e+02 6.677952773150617e-02
2.965731600000000e+02 6.410265099217836e-02
2.966558400000000e+02 6.134341783701062e-02
2.967385200000000e+02 5.877357881878657e-02
2.968212000000000e+02 5.515733903699015e-02
2.969038800000000e+02 5.056741753388379e-02
2.969865600000000e+02 4.628447460738860e-02
2.970692400000000e+02 4.200186225649456e-02
2.971519200000000e+02 3.658665115891192e-02
2.972346000000000e+02 3.069653207290006e-02
2.973172800000000e+02 2.540097452631263e-02
2.973999600000000e+02 1.988691515548624e-02
2.974826400000000e+02 1.337696772889654e-02
2.975653200000000e+02 6.972993109593267e-03
2.976480000000000e+02 1.305068836763489e-03
2.977306800000000e+02 -4.763162497889597e-03
2.978133600000000e+02 -1.148196627539286e-02
2.978960400000000e+02 -1.754066746701513e-02
2.979787200000000e+02 -2.287745020464286e-02
2.980614000000000e+02 -2.870213662122243e-02
2.981440800000000e+02 -3.468313500553744e-02
2.982267600000000e+02 -3.957707800834147e-02
2.983094400000000e+02 -4.389610459203246e-02
2.983921200000000e+02 -4.866358588160177e-02
2.984748000000000e+02 -5.303608575992547e-02
2.985574800000000e+02 -5.609506624985310e-02
2.986401600000000e+02 -5.881302596932791e-02
2.987228400000000e+02 -6.181172271347497e-02
2.988055200000000e+02 -6.391194258414598e-02
2.988882000000000e+02 -6.470714856169657e-02
2.989708800000000e+02 -6.542485787486163e-02
2.990535600000000e+02 -6.615690762466697e-02
2.991362400000000e+02 -6.563195747065449e-02
2.992189200000000e+02 -6.403720229275546e-02
2.993016000000000e+02 -6.260133761012797e-02
2.993842800000000e+02 -6.086804153432896e-02
2.994669600000000e+02 -5.773587162205399e-02
2.995496400000000e+02 -5.394790858087380e-02
2.996323200000000e+02 -5.048187681410330e-02
2.997150000000000e+02 -4.642749946303499e-02
2.997976800000000e+02 -4.108242052045536e-02
2.998803600000000e+02 -3.559574235805325e-02
2.999630400000000e+02 -3.049287918775299e-02
3.000457200000000e+02 -2.459843248221688e-02
3.001284000000000e+02 -1.776000044903859e-02
3.002110800000000e+02 -1.129863326537296e-02
3.002937600000000e+02 -5.177647008367509e-03
3.003764400000000e+02 1.795715329750237e-03
3.004591200000000e+02 9.183969324438174e-03
3.005418000000000e+02 1.576767894149345e-02
3.006244800000000e+02 2.213864584126723e-02
3.007071600000000e+02 2.924953412498510e-02
3.007898400000000e+02 3.615689293493032e-02
3.008725200000000e+02 4.200043152573611e-02
3.009552000000000e+02 4.780023527993130e-02
3.010378800000000e+02 5.405691859826599e-02
3.011205600000000e+02 5.951669937324442e-02
3.012032400000000e+02 6.386349795034939e-02
3.012859200000000e+02 6.832206319235713e-02
3.013686000000000e+02 7.282428420161900e-02
3.014512800000000e+02 7.607503555740579e-02
3.015339600000000e+02 7.837074587072314e-02
3.016166400000000e+02 8.086799092197998e-02
3.016993200000000e+02 8.293969481097675e-02
3.017820000000000e+02 8.353297207071793e-02
3.018646800000000e+02 8.348906827832080e-02
3.019473600000000e+02 8.363701305962760e-02
3.020300400000000e+02 8.292877069781462e-02
3.021127200000000e+02 8.078612483890725e-02
3.021954000000000e+02 7.840502449584563e-02
3.022780800000000e+02 7.610290359542624e-02
3.023607600000000e+02 7.264642158279305e-02
3.024434400000000e+02 6.805822230906393e-02
3.025261200000000e+02 6.362090618372805e-02
3.026088000000000e+02 5.907521311145655e-02
3.026914800000000e+02 5.328004626090743e-02
3.027741600000000e+02 4.685001124292429e-02
3.028568400000000e+02 4.087186653592644e-02
3.029395200000000e+02 3.457672787826437e-02
3.030222000000000e+02 2.716977248930588e-02
3.031048800000000e+02 1.971835082974556e-02
3.031875600000000e+02 1.288128036645529e-02
3.032702400000000e+02 5.559779238591488e-03
3.033529200000000e+02 -2.521428799590240e-03
3.034356000000000e+02 -1.007654300066240e-02
3.035182800000000e+02 -1.700692991819153e-02
3.036009600000000e+02 -2.449358803869985e-02
3.036836400000000e+02 -3.223513244964021e-02
3.037663200000000e+02 -3.900229610802623e-02
3.038490000000000e+02 -4.526521806215716e-02
3.039316800000000e+02 -5.202807899570023e-02
3.040143600000000e+02 -5.847958216845901e-02
3.040970400000000e+02 -6.370349174238556e-02
3.041797200000000e+02 -6.862764875074648e-02
3.042624000000000e+02 -7.386379564133866e-02
3.043450800000000e+02 -7.826306404946554e-02
3.044277600000000e+02 -8.140894207602073e-02
3.045104400000000e+02 -8.448373612410490e-02
3.045931200000000e+02 -8.757700093617975e-02
3.046758000000000e+02 -8.944252227771117e-02
3.047584800000000e+02 -9.024548824489564e-02
3.048411600000000e+02 -9.117064417107733e-02
3.049238400000000e+02 -9.176547382204421e-02
3.050065200000000e+02 -9.094580263526662e-02
3.050892000000000e+02 -8.942167667597298e-02
3.051718800000000e+02 -8.813023385250471e-02
3.052545600000000e+02 -8.616985913147160e-02
3.053372400000000e+02 -8.284575097295223e-02
3.054199200000000e+02 -7.926508447097941e-02
3.055026000000000e+02 -7.591912298853212e-02
3.055852800000000e+02 -7.164503127482755e-02
3.056679600000000e+02 -6.628716892313599e-02
3.057506400000000e+02 -6.111986696455832e-02
3.058333200000000e+02 -5.608270248680482e-02
3.059160000000000e+02 -4.999794847104731e-02
3.059986800000000e+02 -4.328942514521195e-02
3.060813600000000e+02 -3.713171349943651e-02
3.061640400000000e+02 -3.092320996327294e-02
3.062467200000000e+02 -2.372641326466839e-02
3.063294000000000e+02 -1.646384423811347e-02
3.064120800000000e+02 -9.961185555487929e-03
3.064947600000000e+02 -3.203471006441407e-03
3.065774400000000e+02 4.296921577621357e-03
3.066601200000000e+02 1.130757684916691e-02
3.067428000000000e+02 1.752943775867090e-02
3.068254800000000e+02 2.416997257572879e-02
3.069081600000000e+02 3.115034134667817e-02
3.069908400000000e+02 3.718792432344725e-02
3.070735200000000e+02 4.257590782256983e-02
3.071562000000000e+02 4.844673882665295e-02
3.072388800000000e+02 5.416098697783045e-02
3.073215600000000e+02 5.866146162550433e-02
3.074042400000000e+02 6.276988799955995e-02
3.074869200000000e+02 6.728878198301516e-02
3.075696000000000e+02 7.114908386825668e-02
3.076522800000000e+02 7.374962938769943e-02
3.077349600000000e+02 7.625958385682545e-02
3.078176400000000e+02 7.896779450343180e-02
3.079003200000000e+02 8.060513782686209e-02
3.079830000000000e+02 8.115944969357830e-02
3.080656800000000e+02 8.188841029410791e-02
3.081483600000000e+02 8.249799359096516e-02
3.082310400000000e+02 8.179676731629471e-02
3.083137200000000e+02 8.036586622895187e-02
3.083964000000000e+02 7.927311279510636e-02
3.084790800000000e+02 7.770392956120825e-02
3.085617600000000e+02 7.480790111553265e-02
3.086444400000000e+02 7.163358988570241e-02
3.087271200000000e+02 6.882434666714977e-02
3.088098000000000e+02 6.522496553084303e-02
3.088924800000000e+02 6.051526703437753e-02
3.089751600000000e+02 5.598380422095818e-02
3.090578400000000e+02 5.171127555554938e-02
3.091405200000000e+02 4.645792915142139e-02
3.092232000000000e+02 4.050662328669990e-02
3.093058800000000e+02 3.510850413525336e-02
3.093885600000000e+02 2.976945392327029e-02
3.094712400000000e+02 2.343883242287844e-02
3.095539200000000e+02 1.694381223671064e-02
3.096366000000000e+02 1.123265448296543e-02
3.097192800000000e+02 5.350329013774386e-03
3.098019600000000e+02 -1.334787910728035e-03
3.098846400000000e+02 -7.626589521030826e-03
3.099673200000000e+02 -1.307590554777648e-02
3.100500000000000e+02 -1.888701595900722e-02
3.101326800000000e+02 -2.513601534237310e-02
3.102153600000000e+02 -3.050973583023336e-02
3.102980400000000e+02 -3.514506728046768e-02
3.103807200000000e+02 -4.023477219096420e-02
3.104634000000000e+02 -4.528357886822618e-02
3.105460800000000e+02 -4.913453555819974e-02
3.106287600000000e+02 -5.247348634799692e-02
3.107114400000000e+02 -5.622866495050384e-02
3.107941200000000e+02 -5.943867630045430e-02
3.108768000000000e+02 -6.134027762719276e-02
3.109594800000000e+02 -6.301863919784610e-02
3.110421600000000e+02 -6.494461708671502e-02
3.111248400000000e+02 -6.589244737950514e-02
3.112075200000000e+02 -6.564683775167227e-02
3.112902000000000e+02 -6.546361927944264e-02
3.113728800000000e+02 -6.526144401129842e-02
3.114555600000000e+02 -6.380565357554172e-02
3.115382400000000e+02 -6.147052838423273e-02
3.116209200000000e+02 -5.942223901376403e-02
3.117036000000000e+02 -5.704780413893395e-02
3.117862800000000e+02 -5.336100130000164e-02
3.118689600000000e+02 -4.924752500112902e-02
3.119516400000000e+02 -4.554393189902275e-02
3.120343200000000e+02 -4.123665886038475e-02
3.121170000000000e+02 -3.579561134308783e-02
3.121996800000000e+02 -3.043530188085717e-02
3.122823600000000e+02 -2.549085845160328e-02
3.123650400000000e+02 -1.976391129591151e-02
3.124477200000000e+02 -1.329603672807796e-02
3.125304000000000e+02 -7.378716920691050e-03
3.126130800000000e+02 -1.777543917768938e-03
3.126957600000000e+02 4.632785942136741e-03
3.127784400000000e+02 1.124169520242593e-02
3.128611200000000e+02 1.695203756597595e-02
3.129438000000000e+02 2.251559523118382e-02
3.130264800000000e+02 2.873766747865409e-02
3.131091600000000e+02 3.456322295516472e-02
3.131918400000000e+02 3.932380784718373e-02
3.132745200000000e+02 4.412353030455583e-02
3.133572000000000e+02 4.926583083229825e-02
3.134398800000000e+02 5.347568761969055e-02
3.135225600000000e+02 5.665856885393791e-02
3.136052400000000e+02 6.002562342502694e-02
3.136879200000000e+02 6.330520707273159e-02
3.137706000000000e+02 6.528068624092355e-02
3.138532800000000e+02 6.645204105668459e-02
3.139359600000000e+02 6.786537505156116e-02
3.140186400000000e+02 6.873037239017432e-02
3.141013200000000e+02 6.815925006732279e-02
3.141840000000000e+02 6.713439617389397e-02
3.142666800000000e+02 6.630091938096976e-02
3.143493600000000e+02 6.452631718138988e-02
3.144320400000000e+02 6.145101888097537e-02
3.145147200000000e+02 5.831911424716520e-02
3.145974000000000e+02 5.523119114939641e-02
3.146800800000000e+02 5.096904815898610e-02
3.147627600000000e+02 4.578209775792019e-02
3.148454400000000e+02 4.089834609921577e-02
3.149281200000000e+02 3.585650422458832e-02
3.150108000000000e+02 2.962840400730177e-02
3.150934800000000e+02 2.301634114941212e-02
3.151761600000000e+02 1.696263814544987e-02
3.152588400000000e+02 1.055470314203471e-02
3.153415200000000e+02 3.184674143213037e-03
3.154242000000000e+02 -3.969732851769255e-03
3.155068800000000e+02 -1.045221838289801e-02
3.155895600000000e+02 -1.741764535836991e-02
3.156722400000000e+02 -2.491997539774750e-02
3.157549200000000e+02 -3.166149317102220e-02
3.158376000000000e+02 -3.776155171859696e-02
3.159202800000000e+02 -4.436047155649097e-02
3.160029600000000e+02 -5.094731337354047e-02
3.160856400000000e+02 -5.637963822926666e-02
3.161683200000000e+02 -6.131748101307626e-02
3.162510000000000e+02 -6.663942172406569e-02
3.163336800000000e+02 -7.137863536985750e-02
3.164163600000000e+02 -7.478514245356177e-02
3.164990400000000e+02 -7.791323792231053e-02
3.165817200000000e+02 -8.119294243054978e-02
3.166644000000000e+02 -8.340380336903365e-02
3.167470800000000e+02 -8.434132097223049e-02
3.168297600000000e+02 -8.522999735347912e-02
3.169124400000000e+02 -8.596015213847133e-02
3.169951200000000e+02 -8.531046740896729e-02
3.170778000000000e+02 -8.366329397247566e-02
3.171604800000000e+02 -8.215763357258454e-02
3.172431600000000e+02 -8.016447451175181e-02
3.173258400000000e+02 -7.671501254904708e-02
3.174085200000000e+02 -7.270171951160032e-02
3.174912000000000e+02 -6.894069430051607e-02
3.175738800000000e+02 -6.441111890988101e-02
3.176565600000000e+02 -5.860153484374916e-02
3.177392400000000e+02 -5.273416749599269e-02
3.178219200000000e+02 -4.712973826182871e-02
3.179046000000000e+02 -4.058677429066648e-02
3.179872800000000e+02 -3.316613435000580e-02
3.180699600000000e+02 -2.616937456273929e-02
3.181526400000000e+02 -1.935045465423338e-02
3.182353200000000e+02 -1.158187096841681e-02
3.183180000000000e+02 -3.495481677168148e-03
3.184006800000000e+02 3.799566965222531e-03
3.184833600000000e+02 1.106790102547589e-02
3.185660400000000e+02 1.911658540089992e-02
3.186487200000000e+02 2.686530563395507e-02
3.187314000000000e+02 3.363385684385038e-02
3.188140800000000e+02 4.054307163143947e-02
3.188967600000000e+02 4.789545737241155e-02
3.189794400000000e+02 5.438526402191755e-02
3.190621200000000e+02 5.990942886991411e-02
3.191448000000000e+02 6.569990060345123e-02
3.192274800000000e+02 7.147740885792811e-02
3.193101600000000e+02 7.598898728299973e-02
3.193928400000000e+02 7.973211304840937e-02
3.194755200000000e+02 8.377534958471258e-02
3.195582000000000e+02 8.730965627523754e-02
3.196408800000000e+02 8.940688964316770e-02
3.197235600000000e+02 9.105502721717086e-02
3.198062400000000e+02 9.291873425263020e-02
3.198889200000000e+02 9.383233067528317e-02
3.199716000000000e+02 9.339558810185031e-02
3.200542800000000e+02 9.286711533250668e-02
3.201369600000000e+02 9.235826855692503e-02
3.202196400000000e+02 9.060263470285451e-02
3.203023200000000e+02 8.781455389967185e-02
3.203850000000000e+02 8.524436636966479e-02
3.204676800000000e+02 8.242703384864894e-02
3.205503600000000e+02 7.827496254883927e-02
3.206330400000000e+02 7.356783461085509e-02
3.207157200000000e+02 6.927448139537115e-02
3.207984000000000e+02 6.446079964223772e-02
3.208810800000000e+02 5.845694130571609e-02
3.209637600000000e+02 5.243592142778626e-02
3.210464400000000e+02 4.687913241432407e-02
3.211291200000000e+02 4.059411904946773e-02
3.212118000000000e+02 3.347403532227444e-02
3.212944800000000e+02 2.683136206083372e-02
3.213771600000000e+02 2.056511393224337e-02
3.214598400000000e+02 1.348881621425388e-02
3.215425200000000e+02 6.080430598151760e-03
3.216252000000000e+02 -4.864862989458152e-04
3.217078800000000e+02 -6.862402064410775e-03
3.217905600000000e+02 -1.396919566370840e-02
3.218732400000000e+02 -2.084721463919871e-02
3.219559200000000e+02 -2.670497759934557e-02
3.220386000000000e+02 -3.259323094155205e-02
3.221212800000000e+02 -3.897155740715763e-02
3.222039600000000e+02 -4.460170987772082e-02
3.222866400000000e+02 -4.923274738587975e-02
3.223693200000000e+02 -5.408535271072801e-02
3.224520000000000e+02 -5.906001137387962e-02
3.225346800000000e+02 -6.289863265392505e-02
3.226173600000000e+02 -6.593456148559107e-02
3.227000400000000e+02 -6.929697582414297e-02
3.227827200000000e+02 -7.234931900136214e-02
3.228654000000000e+02 -7.407421813860736e-02
3.229480800000000e+02 -7.531221193293609e-02
3.230307600000000e+02 -7.686281999312473e-02
3.231134400000000e+02 -7.768709754932522e-02
3.231961200000000e+02 -7.721800317766195e-02
3.232788000000000e+02 -7.662307396490460e-02
3.233614800000000e+02 -7.620565352781110e-02
3.234441600000000e+02 -7.474329783745350e-02
3.235268400000000e+02 -7.223600224309711e-02
3.236095200000000e+02 -6.993251537590996e-02
3.236922000000000e+02 -6.757865009592312e-02
3.237748800000000e+02 -6.402681644077052e-02
3.238575600000000e+02 -5.984422331991673e-02
3.239402400000000e+02 -5.609951661501483e-02
3.240229200000000e+02 -5.203742958523971e-02
3.241056000000000e+02 -4.683022021526604e-02
3.241882800000000e+02 -4.149507800476791e-02
3.242709600000000e+02 -3.669704744932663e-02
3.243536400000000e+02 -3.134326178389482e-02
3.244363200000000e+02 -2.510640642878525e-02
3.245190000000000e+02 -1.924146482647071e-02
3.246016800000000e+02 -1.387080386819971e-02
3.246843600000000e+02 -7.801714141800066e-03
3.247670400000000e+02 -1.284091031131809e-03
3.248497200000000e+02 4.454115554599996e-03
3.249324000000000e+02 9.857301671877917e-03
3.250150800000000e+02 1.595521776570852e-02
3.250977600000000e+02 2.196704533620186e-02
3.251804400000000e+02 2.695455820497689e-02
3.252631200000000e+02 3.183050623791164e-02
3.253458000000000e+02 3.723043965624877e-02
3.254284800000000e+02 4.200580651667116e-02
3.255111600000000e+02 4.571198360780163e-02
3.255938400000000e+02 4.952787497025812e-02
3.256765200000000e+02 5.354746972402853e-02
3.257592000000000e+02 5.650234602940398e-02
3.258418800000000e+02 5.854022365919061e-02
3.259245600000000e+02 6.084291300895409e-02
3.260072400000000e+02 6.293517568887183e-02
3.260899200000000e+02 6.370820051341571e-02
3.261726000000000e+02 6.387112664056573e-02
3.262552800000000e+02 6.434298771787078e-02
3.263379600000000e+02 6.418079058164219e-02
3.264206400000000e+02 6.268362853013273e-02
3.265033200000000e+02 6.096623450297826e-02
3.265860000000000e+02 5.947793704462961e-02
3.266686800000000e+02 5.701748180480871e-02
3.267513600000000e+02 5.345142097982808e-02
3.268340400000000e+02 5.005389621431013e-02
3.269167200000000e+02 4.670469324965711e-02
3.269994000000000e+02 4.221398584332030e-02
3.270820800000000e+02 3.704924696559186e-02
3.271647600000000e+02 3.236400263203901e-02
3.272474400000000e+02 2.749831314417539e-02
3.273301200000000e+02 2.154091647350920e-02
3.274128000000000e+02 1.546043723371732e-02
3.274954800000000e+02 1.003998284409613e-02
3.275781600000000e+02 4.230307481889136e-03
3.276608400000000e+02 -2.397988809104823e-03
3.277435200000000e+02 -8.583610860864883e-03
3.278262000000000e+02 -1.407838295907973e-02
3.279088800000000e+02 -2.008712176837218e-02
3.279915600000000e+02 -2.646218127994320e-02
3.280742400000000e+02 -3.191815543340434e-02
3.281569200000000e+02 -3.678804506813378e-02
3.282396000000000e+02 -4.216962843845661e-02
3.283222800000000e+02 -4.736874865285561e-02
3.284049600000000e+02 -5.134517152912946e-02
3.284876400000000e+02 -5.493597898984900e-02
3.285703200000000e+02 -5.889769469023640e-02
3.286530000000000e+02 -6.213530319869026e-02
3.287356800000000e+02 -6.406794581692644e-02
3.288183600000000e+02 -6.585722758520020e-02
3.289010400000000e+02 -6.776000131891927e-02
3.289837200000000e+02 -6.850773335451607e-02
3.290664000000000e+02 -6.809677648286311e-02
3.291490800000000e+02 -6.777079274267622e-02
3.292317600000000e+02 -6.723384829619490e-02
3.293144400000000e+02 -6.530566047506856e-02
3.293971200000000e+02 -6.256040957136348e-02
3.294798000000000e+02 -6.006751423109113e-02
3.295624800000000e+02 -5.703891383453904e-02
3.296451600000000e+02 -5.262710951605093e-02
3.297278400000000e+02 -4.786862621307456e-02
3.298105200000000e+02 -4.343847751325792e-02
3.298932000000000e+02 -3.821870034129761e-02
3.299758800000000e+02 -3.187405164276651e-02
3.300585600000000e+02 -2.569367008114301e-02
3.301412400000000e+02 -1.981756375355135e-02
3.302239200000000e+02 -1.303102514658157e-02
3.303066000000000e+02 -5.588601426804943e-03
3.303892800000000e+02 1.232385742100709e-03
3.304719600000000e+02 7.857889190764094e-03
3.305546400000000e+02 1.534047859165407e-02
3.306373200000000e+02 2.287962686080738e-02
3.307200000000000e+02 2.947683624198657e-02
3.308026800000000e+02 3.603497039736447e-02
3.308853600000000e+02 4.321335582899798e-02
3.309680400000000e+02 4.982697438205061e-02
3.310507200000000e+02 5.536928176123439e-02
3.311334000000000e+02 6.102517907759318e-02
3.312160800000000e+02 6.690953155065085e-02
3.312987600000000e+02 7.170251551506795e-02
3.313814400000000e+02 7.549964810501195e-02
3.314641200000000e+02 7.950651472809764e-02
3.315468000000000e+02 8.326048444758136e-02
3.316294800000000e+02 8.559249528186849e-02
3.317121600000000e+02 8.717843466013350e-02
3.317948400000000e+02 8.897498553391213e-02
3.318775200000000e+02 9.003975032033698e-02
3.319602000000000e+02 8.961118373438440e-02
3.320428800000000e+02 8.879371285091638e-02
3.321255600000000e+02 8.808091403988866e-02
3.322082400000000e+02 8.625962372941304e-02
3.322909200000000e+02 8.314307290390649e-02
3.323736000000000e+02 8.001647991236976e-02
3.324562800000000e+02 7.680309552528830e-02
3.325389600000000e+02 7.229089531641565e-02
3.326216400000000e+02 6.690606498301163e-02
3.327043200000000e+02 6.182953352866379e-02
3.327870000000000e+02 5.643868709885571e-02
3.328696800000000e+02 4.979305023283711e-02
3.329523600000000e+02 4.283352047983555e-02
3.330350400000000e+02 3.638105968473422e-02
3.331177200000000e+02 2.941467492045114e-02
3.332004000000000e+02 2.147183394274998e-02
3.332830800000000e+02 1.379929306551988e-02
3.333657600000000e+02 6.688563328921162e-03
3.334484400000000e+02 -1.047081561743010e-03
3.335311200000000e+02 -9.294314906935761e-03
3.336138000000000e+02 -1.676993427285128e-02
3.336964800000000e+02 -2.376174527992832e-02
3.337791600000000e+02 -3.135940894889014e-02
3.338618400000000e+02 -3.890153991082381e-02
3.339445200000000e+02 -4.533846137529063e-02
3.340272000000000e+02 -5.146268763289675e-02
3.341098800000000e+02 -5.803138835073407e-02
3.341925600000000e+02 -6.397789182316559e-02
3.342752400000000e+02 -6.870082654487816e-02
3.343579200000000e+02 -7.331949526831903e-02
3.344406000000000e+02 -7.809821779433981e-02
3.345232800000000e+02 -8.178965115466730e-02
3.346059600000000e+02 -8.435924810537894e-02
3.346886400000000e+02 -8.701174429506275e-02
3.347713200000000e+02 -8.946339415757738e-02
3.348540000000000e+02 -9.054573661623251e-02
3.349366800000000e+02 -9.079262816178943e-02
3.350193600000000e+02 -9.123912796926185e-02
3.351020400000000e+02 -9.111240685520579e-02
3.351847200000000e+02 -8.956575681879503e-02
3.352674000000000e+02 -8.758760171635832e-02
3.353500800000000e+02 -8.582522334939331e-02
3.354327600000000e+02 -8.317769784269329e-02
3.355154400000000e+02 -7.929837665509881e-02
3.355981200000000e+02 -7.542373260906443e-02
3.356808000000000e+02 -7.167590439834046e-02
3.357634800000000e+02 -6.685755418069662e-02
3.358461600000000e+02 -6.119943567094784e-02
3.359288400000000e+02 -5.592737827437461e-02
3.360115200000000e+02 -5.061092845137111e-02
3.360942000000000e+02 -4.421278777137618e-02
3.361768800000000e+02 -3.749941456929633e-02
3.362595600000000e+02 -3.142719791009980e-02
3.363422400000000e+02 -2.510389095357654e-02
3.364249200000000e+02 -1.788033929867959e-02
3.365076000000000e+02 -1.090309420526257e-02
3.365902800000000e+02 -4.654636680498813e-03
3.366729600000000e+02 2.026089174286842e-03
3.367556400000000e+02 9.250504866852801e-03
3.368383200000000e+02 1.573203311926390e-02
3.369210000000000e+02 2.156673978474441e-02
3.370036800000000e+02 2.792861836917299e-02
3.370863600000000e+02 3.435612627895596e-02
3.371690400000000e+02 3.969763249829827e-02
3.372517200000000e+02 4.460702999155492e-02
3.373344000000000e+02 5.000802515503730e-02
3.374170800000000e+02 5.495709299392031e-02
3.374997600000000e+02 5.868763470406540e-02
3.375824400000000e+02 6.226724151903438e-02
3.376651200000000e+02 6.615842248390248e-02
3.377478000000000e+02 6.913606331893481e-02
3.378304800000000e+02 7.098738897398812e-02
3.379131600000000e+02 7.295672574286440e-02
3.379958400000000e+02 7.493621055555170e-02
3.380785200000000e+02 7.568596129322738e-02
3.381612000000000e+02 7.559535501672467e-02
3.382438800000000e+02 7.580857401472368e-02
3.383265600000000e+02 7.566649910511217e-02
3.384092400000000e+02 7.418811904754077e-02
3.384919200000000e+02 7.228097277550918e-02
3.385746000000000e+02 7.073516490409106e-02
3.386572800000000e+02 6.848432330208779e-02
3.387399600000000e+02 6.502476308022521e-02
3.388226400000000e+02 6.158461842713359e-02
3.389053200000000e+02 5.842649423260481e-02
3.389880000000000e+02 5.431286831166626e-02
3.390706800000000e+02 4.933130521038283e-02
3.391533600000000e+02 4.476422557829469e-02
3.392360400000000e+02 4.029217829253107e-02
3.393187200000000e+02 3.478062722166710e-02
3.394014000000000e+02 2.889283742662890e-02
3.394840800000000e+02 2.369035198637180e-02
3.395667600000000e+02 1.834625877676107e-02
3.396494400000000e+02 1.207917191840784e-02
3.397321200000000e+02 5.987916392225717e-03
3.398148000000000e+02 6.895811066101277e-04
3.398974800000000e+02 -4.965808435236288e-03
3.399801600000000e+02 -1.123537136523882e-02
3.400628400000000e+02 -1.681688404465344e-02
3.401455200000000e+02 -2.166269684491504e-02
3.402282000000000e+02 -2.699481545514838e-02
3.403108800000000e+02 -3.248976471313708e-02
3.403935600000000e+02 -3.691452532894669e-02
3.404762400000000e+02 -4.079358068232587e-02
3.405589200000000e+02 -4.515916537456902e-02
3.406416000000000e+02 -4.917516474168083e-02
3.407242800000000e+02 -5.193267588826078e-02
3.408069600000000e+02 -5.441191975198220e-02
3.408896400000000e+02 -5.723829736827701e-02
3.409723200000000e+02 -5.923825597112616e-02
3.410550000000000e+02 -6.001222646146239e-02
3.411376800000000e+02 -6.078806548042473e-02
3.412203600000000e+02 -6.165571014237749e-02
3.413030400000000e+02 -6.134848103811028e-02
3.413857200000000e+02 -6.005569968418412e-02
3.414684000000000e+02 -5.899731576506969e-02
3.415510800000000e+02 -5.771189693435722e-02
3.416337600000000e+02 -5.510267604468880e-02
3.417164400000000e+02 -5.190743486362680e-02
3.417991200000000e+02 -4.908700579737533e-02
3.418818000000000e+02 -4.572722344567253e-02
3.419644800000000e+02 -4.113019228693535e-02
3.420471600000000e+02 -3.643036890420214e-02
3.421298400000000e+02 -3.213250437248166e-02
3.422125200000000e+02 -2.706296921301398e-02
3.422952000000000e+02 -2.107150983087208e-02
3.423778800000000e+02 -1.545562605943165e-02
3.424605600000000e+02 -1.016102905305026e-02
3.425432400000000e+02 -4.004451636991341e-03
3.426259200000000e+02 2.579784148818785e-03
3.427086000000000e+02 8.400921438185185e-03
3.427912800000000e+02 1.405858088494079e-02
3.428739600000000e+02 2.048966005673633e-02
3.429566400000000e+02 2.676116409542056e-02
3.430393200000000e+02 3.204027664597015e-02
3.431220000000000e+02 3.734127126786337e-02
3.432046800000000e+02 4.314688242226804e-02
3.432873600000000e+02 4.822060179549983e-02
3.433700400000000e+02 5.226606462409974e-02
3.434527200000000e+02 5.648902938557198e-02
3.435354000000000e+02 6.080621446517108e-02
3.436180800000000e+02 6.394376451941272e-02
3.437007600000000e+02 6.620583175206450e-02
3.437834400000000e+02 6.872092982206633e-02
3.438661200000000e+02 7.085313283807922e-02
3.439488000000000e+02 7.157117718335891e-02
3.440314800000000e+02 7.171134509295080e-02
3.441141600000000e+02 7.207129821556627e-02
3.441968400000000e+02 7.160227695699981e-02
3.442795200000000e+02 6.974523997556195e-02
3.443622000000000e+02 6.768069021550929e-02
3.444448800000000e+02 6.569692772474339e-02
3.445275600000000e+02 6.256855104207112e-02
3.446102400000000e+02 5.833352860971380e-02
3.446929200000000e+02 5.425201203664309e-02
3.447756000000000e+02 5.004234612131393e-02
3.448582800000000e+02 4.457988883923816e-02
3.449409600000000e+02 3.848999807032653e-02
3.450236400000000e+02 3.283350688800989e-02
3.451063200000000e+02 2.682935908670868e-02
3.451890000000000e+02 1.970664502147747e-02
3.452716800000000e+02 1.253790504824330e-02
3.453543600000000e+02 5.955924205223125e-03
3.454370400000000e+02 -1.137689113980589e-03
3.455197200000000e+02 -8.989592812169598e-03
3.456024000000000e+02 -1.631568293867928e-02
3.456850800000000e+02 -2.303998170149917e-02
3.457677600000000e+02 -3.033012705738322e-02
3.458504400000000e+02 -3.785613889945232e-02
3.459331200000000e+02 -4.439805290500655e-02
3.460158000000000e+02 -5.044192621638417e-02
3.460984800000000e+02 -5.696805595794973e-02
3.461811600000000e+02 -6.314228305919536e-02
3.462638400000000e+02 -6.806437761697604e-02
3.463465200000000e+02 -7.266918101795013e-02
3.464292000000000e+02 -7.753934522308825e-02
3.465118800000000e+02 -8.151362153744671e-02
3.465945600000000e+02 -8.419562801350880e-02
3.466772400000000e+02 -8.676592676955173e-02
3.467599200000000e+02 -8.928652717444756e-02
3.468426000000000e+02 -9.051139786681170e-02
3.469252800000000e+02 -9.062681822942036e-02
3.470079600000000e+02 -9.080978093918583e-02
3.470906400000000e+02 -9.058763243789948e-02
3.471733200000000e+02 -8.888796016460737e-02
3.472560000000000e+02 -8.644053196208874e-02
3.473386800000000e+02 -8.417280190695592e-02
3.474213600000000e+02 -8.117347884872998e-02
3.475040400000000e+02 -7.676809280870872e-02
3.475867200000000e+02 -7.208127605727602e-02
3.476694000000000e+02 -6.759606116595618e-02
3.477520800000000e+02 -6.215021810901514e-02
3.478347600000000e+02 -5.561354812844534e-02
3.479174400000000e+02 -4.927541712955399e-02
3.480001200000000e+02 -4.306979708316096e-02
3.480828000000000e+02 -3.582758038157888e-02
3.481654800000000e+02 -2.800012425737140e-02
3.482481600000000e+02 -2.077382012977928e-02
3.483308400000000e+02 -1.354309957474100e-02
3.484135200000000e+02 -5.384423572042278e-03
3.484962000000000e+02 2.752954391709298e-03
3.485788800000000e+02 1.003695710701692e-02
3.486615600000000e+02 1.748647790129731e-02
3.487442400000000e+02 2.557204723239385e-02
3.488269200000000e+02 3.303901760243939e-02
3.489096000000000e+02 3.959008688995069e-02
3.489922800000000e+02 4.643708701193982e-02
3.490749600000000e+02 5.348323162447201e-02
3.491576400000000e+02 5.943279195358599e-02
3.492403200000000e+02 6.459004577707111e-02
3.493230000000000e+02 7.009116478447930e-02
3.494056800000000e+02 7.528135006473818e-02
3.494883600000000e+02 7.910345689001154e-02
3.495710400000000e+02 8.239755150015916e-02
3.496537200000000e+02 8.596796768859724e-02
3.497364000000000e+02 8.873755786129527e-02
3.498190800000000e+02 9.011925793531539e-02
3.499017600000000e+02 9.130273607962038e-02
3.499844400000000e+02 9.257726262267300e-02
3.500671200000000e+02 9.267712362201681e-02
3.501498000000000e+02 9.161438882203679e-02
3.502324800000000e+02 9.066379780819502e-02
3.503151600000000e+02 8.953332078077593e-02
3.503978400000000e+02 8.704735068439168e-02
3.504805200000000e+02 8.381348582120962e-02
3.505632000000000e+02 8.091012420189135e-02
3.506458800000000e+02 7.753007498575097e-02
3.507285600000000e+02 7.284699481527909e-02
3.508112400000000e+02 6.792956770060572e-02
3.508939200000000e+02 6.342619814010769e-02
3.509766000000000e+02 5.819617064625402e-02
3.510592800000000e+02 5.194329827931816e-02
3.511419600000000e+02 4.596454214087244e-02
3.512246400000000e+02 4.034382897103481e-02
3.513073200000000e+02 3.386053199068557e-02
3.513900000000000e+02 2.681241914023165e-02
3.514726800000000e+02 2.044716994089365e-02
3.515553600000000e+02 1.427552879301747e-02
3.516380400000000e+02 7.264484934842975e-03
3.517207200000000e+02 2.413644727695198e-04
3.518034000000000e+02 -5.856788037704798e-03
3.518860800000000e+02 -1.197771173447948e-02
3.519687600000000e+02 -1.874373893985275e-02
3.520514400000000e+02 -2.497357229622249e-02
3.521341200000000e+02 -3.023147512688172e-02
3.522168000000000e+02 -3.571405967494385e-02
3.522994800000000e+02 -4.150058703695150e-02
3.523821600000000e+02 -4.630316958386305e-02
3.524648400000000e+02 -5.027008721686616e-02
3.525475200000000e+02 -5.458901236880511e-02
3.526302000000000e+02 -5.877998736198319e-02
3.527128800000000e+02 -6.171535054890583e-02
3.527955600000000e+02 -6.408815982688321e-02
3.528782400000000e+02 -6.682562972362320e-02
3.529609200000000e+02 -6.898996970152177e-02
3.530436000000000e+02 -6.984546837730604e-02
3.531262800000000e+02 -7.047937899630322e-02
3.532089600000000e+02 -7.136472793903009e-02
3.532916400000000e+02 -7.130273810520062e-02
3.533743200000000e+02 -7.009986696775446e-02
3.534570000000000e+02 -6.900778332293810e-02
3.535396800000000e+02 -6.794836866680376e-02
3.536223600000000e+02 -6.571355488467454e-02
3.537050400000000e+02 -6.269073868468879e-02
3.537877200000000e+02 -6.003420593220669e-02
3.538704000000000e+02 -5.713400231169286e-02
3.539530800000000e+02 -5.302794142570438e-02
3.540357600000000e+02 -4.860358846560538e-02
3.541184400000000e+02 -4.467735713061858e-02
3.542011200000000e+02 -4.023944530053344e-02
3.542838000000000e+02 -3.477963131291459e-02
3.543664800000000e+02 -2.950077130222897e-02
3.544491600000000e+02 -2.471175375399246e-02
3.545318400000000e+02 -1.922126684922620e-02
3.546145200000000e+02 -1.308427218894057e-02
3.546972000000000e+02 -7.566536210855053e-03
3.547798800000000e+02 -2.406754226890649e-03
3.548625600000000e+02 3.507906868826599e-03
3.549452400000000e+02 9.563028656336993e-03
3.550279200000000e+02 1.469832877724719e-02
3.551106000000000e+02 1.968591538070217e-02
3.551932800000000e+02 2.531351902367072e-02
3.552759600000000e+02 3.053406451252905e-02
3.553586400000000e+02 3.472038196272512e-02
3.554413200000000e+02 3.898425312969406e-02
3.555240000000000e+02 4.360953353530534e-02
3.556066800000000e+02 4.734043896728881e-02
3.556893600000000e+02 5.011937038698318e-02
3.557720400000000e+02 5.315016900023124e-02
3.558547200000000e+02 5.614384317060048e-02
3.559374000000000e+02 5.791028475891232e-02
3.560200800000000e+02 5.897442626948617e-02
3.561027600000000e+02 6.036214977535432e-02
3.561854400000000e+02 6.127115920992670e-02
3.562681200000000e+02 6.084139423922794e-02
3.563508000000000e+02 6.006444609233538e-02
3.564334800000000e+02 5.955719712420007e-02
3.565161600000000e+02 5.818129326682120e-02
3.565988400000000e+02 5.560057021182862e-02
3.566815200000000e+02 5.305330799943848e-02
3.567642000000000e+02 5.060918091620380e-02
3.568468800000000e+02 4.704927017515128e-02
3.569295600000000e+02 4.263926456518499e-02
3.570122400000000e+02 3.859007810512188e-02
3.570949200000000e+02 3.441097945390637e-02
3.571776000000000e+02 2.907713089841871e-02
3.572602800000000e+02 2.340006614968388e-02
3.573429600000000e+02 1.829821389813234e-02
3.574256400000000e+02 1.283401328338210e-02
3.575083200000000e+02 6.406893530821470e-03
3.575910000000000e+02 1.982775708954359e-04
3.576736800000000e+02 -5.362341047276659e-03
3.577563600000000e+02 -1.144768376373905e-02
3.578390400000000e+02 -1.809997594685836e-02
3.579217200000000e+02 -2.402210188944501e-02
3.580044000000000e+02 -2.935978483335927e-02
3.580870800000000e+02 -3.526158818140358e-02
3.581697600000000e+02 -4.120075843918453e-02
3.582524400000000e+02 -4.603935847127825e-02
3.583351200000000e+02 -5.045996327315637e-02
3.584178000000000e+02 -5.533830622632640e-02
3.585004800000000e+02 -5.968989264830224e-02
3.585831600000000e+02 -6.277280839670836e-02
3.586658400000000e+02 -6.565667496669746e-02
3.587485200000000e+02 -6.875848135464997e-02
3.588312000000000e+02 -7.084191187793307e-02
3.589138800000000e+02 -7.171279513943460e-02
3.589965600000000e+02 -7.260144428322096e-02
3.590792400000000e+02 -7.337878044060479e-02
3.591619200000000e+02 -7.281290996121739e-02
3.592446000000000e+02 -7.129635036093149e-02
3.593272800000000e+02 -6.996452787695775e-02
3.594099600000000e+02 -6.816839989914068e-02
3.594926400000000e+02 -6.493550390983720e-02
3.595753200000000e+02 -6.116575533053314e-02
3.596580000000000e+02 -5.766532377328839e-02
3.597406800000000e+02 -5.339825015688821e-02
3.598233600000000e+02 -4.785553288009391e-02
3.599060400000000e+02 -4.226281777625615e-02
3.599887200000000e+02 -3.692947182053033e-02
3.600714000000000e+02 -3.064703381341000e-02
3.601540800000000e+02 -2.348247680231694e-02
3.602367600000000e+02 -1.673741186255248e-02
3.603194400000000e+02 -1.015780530952484e-02
3.604021200000000e+02 -2.617487655988499e-03
3.604848000000000e+02 5.244612915730157e-03
3.605674800000000e+02 1.232062656754396e-02
3.606501600000000e+02 1.937703646802299e-02
3.607328400000000e+02 2.721354013376660e-02
3.608155200000000e+02 3.474378573843275e-02
3.608982000000000e+02 4.128817606584800e-02
3.609808800000000e+02 4.796313293183867e-02
3.610635600000000e+02 5.506115876478179e-02
3.611462400000000e+02 6.127281109796227e-02
3.612289200000000e+02 6.649410558598837e-02
3.613116000000000e+02 7.194810818860815e-02
3.613942800000000e+02 7.734641161799662e-02
3.614769600000000e+02 8.143589837927008e-02
3.615596400000000e+02 8.471182211091002e-02
3.616423200000000e+02 8.823194667375631e-02
3.617250000000000e+02 9.118237127794841e-02
3.618076800000000e+02 9.263948745052751e-02
3.618903600000000e+02 9.358808862547595e-02
3.619730400000000e+02 9.468287748156065e-02
3.620557200000000e+02 9.476089656383740e-02
3.621384000000000e+02 9.343130998806191e-02
3.622210800000000e+02 9.194829373117680e-02
3.623037600000000e+02 9.041725588868200e-02
3.623864400000000e+02 8.758454950071660e-02
3.624691200000000e+02 8.367675500334451e-02
3.625518000000000e+02 7.993804921835625e-02
3.626344800000000e+02 7.590517382645492e-02
3.627171600000000e+02 7.051334469955879e-02
3.627998400000000e+02 6.455301383658454e-02
3.628825200000000e+02 5.898576794999180e-02
3.629652000000000e+02 5.289025480011893e-02
3.630478800000000e+02 4.562562953725449e-02
3.631305600000000e+02 3.836922321775871e-02
3.632132400000000e+02 3.159672625095609e-02
3.632959200000000e+02 2.414014334172660e-02
3.633786000000000e+02 1.592043487566768e-02
3.634612800000000e+02 8.244890306134948e-03
3.635439600000000e+02 1.012154937375084e-03
3.636266400000000e+02 -6.931528670392681e-03
3.637093200000000e+02 -1.509005805145295e-02
3.637920000000000e+02 -2.230394084666170e-02
3.638746800000000e+02 -2.921596506356396e-02
3.639573600000000e+02 -3.671443841466296e-02
3.640400400000000e+02 -4.383733005804078e-02
3.641227200000000e+02 -4.981215143441323e-02
3.642054000000000e+02 -5.567438433372662e-02
3.642880800000000e+02 -6.185800525111828e-02
3.643707600000000e+02 -6.713944751472546e-02
3.644534400000000e+02 -7.128668824139345e-02
3.645361200000000e+02 -7.550151044725861e-02
3.646188000000000e+02 -7.967342485116112e-02
3.647014800000000e+02 -8.257255669866784e-02
3.647841600000000e+02 -8.454753690633239e-02
3.648668400000000e+02 -8.671052678495790e-02
3.649495200000000e+02 -8.843060735845305e-02
3.650322000000000e+02 -8.872598804192666e-02
3.651148800000000e+02 -8.844778681452213e-02
3.651975600000000e+02 -8.838453617074375e-02
3.652802400000000e+02 -8.751675888924275e-02
3.653629200000000e+02 -8.531431504845162e-02
3.654456000000000e+02 -8.295105185099384e-02
3.655282800000000e+02 -8.072614127568968e-02
3.656109600000000e+02 -7.744506574555010e-02
3.656936400000000e+02 -7.314168971967915e-02
3.657763200000000e+02 -6.906679157847470e-02
3.658590000000000e+02 -6.496653872947615e-02
3.659416800000000e+02 -5.972455785840768e-02
3.660243600000000e+02 -5.393592445240624e-02
3.661070400000000e+02 -4.866540461034309e-02
3.661897200000000e+02 -4.315950491307552e-02
3.662724000000000e+02 -3.662155295613777e-02
3.663550800000000e+02 -3.008766880746336e-02
3.664377600000000e+02 -2.421064442123802e-02
3.665204400000000e+02 -1.789937910214299e-02
3.666031200000000e+02 -1.085529688636446e-02
3.666858000000000e+02 -4.339785736342236e-03
3.667684800000000e+02 1.546395991724195e-03
3.668511600000000e+02 7.993088399431811e-03
3.669338400000000e+02 1.472649241495067e-02
3.670165200000000e+02 2.052795985017842e-02
3.670992000000000e+02 2.587029174042447e-02
3.671818800000000e+02 3.177700905401872e-02
3.672645600000000e+02 3.745190681969462e-02
3.673472400000000e+02 4.198218579952518e-02
3.674299200000000e+02 4.630968830045415e-02
3.675126000000000e+02 5.105942194850731e-02
3.675952800000000e+02 5.507978288508063e-02
3.676779600000000e+02 5.796353599761823e-02
3.677606400000000e+02 6.091212050269403e-02
3.678433200000000e+02 6.400647170655901e-02
3.679260000000000e+02 6.598897088084731e-02
3.680086800000000e+02 6.704839557305671e-02
3.680913600000000e+02 6.837750817970675e-02
3.681740400000000e+02 6.948924548745634e-02
3.682567200000000e+02 6.929675895783610e-02
3.683394000000000e+02 6.854442627422833e-02
3.684220800000000e+02 6.814989024729752e-02
3.685047600000000e+02 6.716275193229754e-02
3.685874400000000e+02 6.490866590255286e-02
3.686701200000000e+02 6.252484364341782e-02
3.687528000000000e+02 6.044985653967640e-02
3.688354800000000e+02 5.747993608653492e-02
3.689181600000000e+02 5.350509360302617e-02
3.690008400000000e+02 4.980705661153739e-02
3.690835200000000e+02 4.624977506369150e-02
3.691662000000000e+02 4.164343890444349e-02
3.692488800000000e+02 3.647041979342425e-02
3.693315600000000e+02 3.187920777578763e-02
3.694142400000000e+02 2.719222408438685e-02
3.694969200000000e+02 2.149751681278507e-02
3.695796000000000e+02 1.576868403659315e-02
3.696622800000000e+02 1.077555438004714e-02
3.697449600000000e+02 5.451090104131083e-03
3.698276400000000e+02 -6.372310457404028e-04
3.699103200000000e+02 -6.230953510834635e-03
3.699930000000000e+02 -1.109918941562788e-02
3.700756800000000e+02 -1.646362126165026e-02
3.701583600000000e+02 -2.218143467178752e-02
3.702410400000000e+02 -2.697444378641984e-02
3.703237200000000e+02 -3.119363945993836e-02
3.704064000000000e+02 -3.595097440153939e-02
3.704890800000000e+02 -4.055671275251019e-02
3.705717600000000e+02 -4.397932281999184e-02
3.706544400000000e+02 -4.707163345549995e-02
3.707371200000000e+02 -5.059919321750112e-02
3.708198000000000e+02 -5.346942435441163e-02
3.709024800000000e+02 -5.510965649108071e-02
3.709851600000000e+02 -5.669180109417474e-02
3.710678400000000e+02 -5.847485404665014e-02
3.711505200000000e+02 -5.919085568139296e-02
3.712332000000000e+02 -5.884191848244247e-02
3.713158800000000e+02 -5.867361551328106e-02
3.713985600000000e+02 -5.838592915417821e-02
3.714812400000000e+02 -5.679857700472055e-02
3.715639200000000e+02 -5.448652957039133e-02
3.716466000000000e+02 -5.251158680114770e-02
3.717292800000000e+02 -5.007883137572115e-02
3.718119600000000e+02 -4.634102007814047e-02
3.718946400000000e+02 -4.232781258481517e-02
3.719773200000000e+02 -3.869924980803140e-02
3.720600000000000e+02 -3.433256730487784e-02
3.721426800000000e+02 -2.889209403830448e-02
3.722253600000000e+02 -2.365122973696970e-02
3.723080400000000e+02 -1.873318223263287e-02
3.723907200000000e+02 -1.292421496814057e-02
3.724734000000000e+02 -6.475219199893452e-03
3.725560800000000e+02 -6.407428690121312e-04
3.726387600000000e+02 5.016788466384257e-03
3.727214400000000e+02 1.154256757427109e-02
3.728041200000000e+02 1.814548751100462e-02
3.728868000000000e+02 2.385175879949361e-02
3.729694800000000e+02 2.956512352779298e-02
3.730521600000000e+02 3.593378983229081e-02
3.731348400000000e+02 4.178855984086983e-02
3.732175200000000e+02 4.664284227765832e-02
3.733002000000000e+02 5.166987480995795e-02
3.733828800000000e+02 5.697406012608947e-02
3.734655600000000e+02 6.125578427244936e-02
3.735482400000000e+02 6.462018426011577e-02
3.736309200000000e+02 6.825104427051019e-02
3.737136000000000e+02 7.167989883705406e-02
3.737962800000000e+02 7.375857371339124e-02
3.738789600000000e+02 7.515988178869036e-02
3.739616400000000e+02 7.681371754597928e-02
3.740443200000000e+02 7.777871444886236e-02
3.741270000000000e+02 7.731132884854326e-02
3.742096800000000e+02 7.650140435788456e-02
3.742923600000000e+02 7.581650173680583e-02
3.743750400000000e+02 7.405193017851672e-02
3.744577200000000e+02 7.103392339745304e-02
3.745404000000000e+02 6.802506744861733e-02
3.746230800000000e+02 6.492829016721531e-02
3.747057600000000e+02 6.054714266473802e-02
3.747884400000000e+02 5.531508952827142e-02
3.748711200000000e+02 5.038649628115837e-02
3.749538000000000e+02 4.512782996379653e-02
3.750364800000000e+02 3.862033538459275e-02
3.751191600000000e+02 3.180618075183622e-02
3.752018400000000e+02 2.547978049514265e-02
3.752845200000000e+02 1.862114031978084e-02
3.753672000000000e+02 1.079350512848722e-02
3.754498800000000e+02 3.238426598271162e-03
3.755325600000000e+02 -3.775339340607133e-03
3.756152400000000e+02 -1.142073546276926e-02
3.756979200000000e+02 -1.955839316825216e-02
3.757806000000000e+02 -2.691704645525519e-02
3.758632800000000e+02 -3.379989228319457e-02
3.759459600000000e+02 -4.127169585960434e-02
3.760286400000000e+02 -4.864987670933388e-02
3.761113200000000e+02 -5.490252321830596e-02
3.761940000000000e+02 -6.082757216360194e-02
3.762766800000000e+02 -6.715084030005436e-02
3.763593600000000e+02 -7.279417429579618e-02
3.764420400000000e+02 -7.717731179647333e-02
3.765247200000000e+02 -8.141459312601534e-02
3.766074000000000e+02 -8.573929512159362e-02
3.766900800000000e+02 -8.890504838679696e-02
3.767727600000000e+02 -9.089842170330875e-02
3.768554400000000e+02 -9.291124390790731e-02
3.769381200000000e+02 -9.463579277922286e-02
3.770208000000000e+02 -9.491669270688416e-02
3.771034800000000e+02 -9.430618887517955e-02
3.771861600000000e+02 -9.382306739045969e-02
3.772688400000000e+02 -9.268202766822246e-02
3.773515200000000e+02 -9.005869217042410e-02
3.774342000000000e+02 -8.695607406723216e-02
3.775168800000000e+02 -8.400657174681224e-02
3.775995600000000e+02 -8.010924490126521e-02
3.776822400000000e+02 -7.494520905976176e-02
3.777649200000000e+02 -6.976209907865065e-02
3.778476000000000e+02 -6.467142684636265e-02
3.779302800000000e+02 -5.848631563547497e-02
3.780129600000000e+02 -5.146734084010622e-02
3.780956400000000e+02 -4.484851391498877e-02
3.781783200000000e+02 -3.819315889306726e-02
3.782610000000000e+02 -3.048171891868137e-02
3.783436800000000e+02 -2.250979708005774e-02
3.784263600000000e+02 -1.523812333928286e-02
3.785090400000000e+02 -7.771000570112948e-03
3.785917200000000e+02 5.186350323582432e-04
3.786744000000000e+02 8.458736127118846e-03
3.787570800000000e+02 1.556857423232255e-02
3.788397600000000e+02 2.301136994151162e-02
3.789224400000000e+02 3.087459307453335e-02
3.790051200000000e+02 3.785382132612393e-02
3.790878000000000e+02 4.405502220324944e-02
3.791704800000000e+02 5.065309311847489e-02
3.792531600000000e+02 5.716371260272405e-02
3.793358400000000e+02 6.242949300820624e-02
3.794185200000000e+02 6.712205832857429e-02
3.795012000000000e+02 7.216375756560359e-02
3.795838800000000e+02 7.659384859891355e-02
3.796665600000000e+02 7.965476288889133e-02
3.797492400000000e+02 8.243601958419497e-02
3.798319200000000e+02 8.539630500431034e-02
3.799146000000000e+02 8.730380980112500e-02
3.799972800000000e+02 8.796815686919805e-02
3.800799600000000e+02 8.865423553790780e-02
3.801626400000000e+02 8.924998327384079e-02
3.802453200000000e+02 8.852241417819821e-02
3.803280000000000e+02 8.689054427050667e-02
3.804106800000000e+02 8.551323157145117e-02
3.804933600000000e+02 8.373069966472037e-02
3.805760400000000e+02 8.058105033990798e-02
3.806587200000000e+02 7.700000983376208e-02
3.807414000000000e+02 7.378542284773308e-02
3.808240800000000e+02 6.987708126603401e-02
3.809067600000000e+02 6.479626699031005e-02
3.809894400000000e+02 5.979040488292171e-02
3.810721200000000e+02 5.512540881379441e-02
3.811548000000000e+02 4.957663962413309e-02
3.812374800000000e+02 4.325344835614864e-02
3.813201600000000e+02 3.744556887112535e-02
3.814028400000000e+02 3.183618691520988e-02
3.814855200000000e+02 2.530604029300074e-02
3.815682000000000e+02 1.852927513713517e-02
3.816508800000000e+02 1.256458743200068e-02
3.817335600000000e+02 6.589163673915094e-03
3.818162400000000e+02 -1.673876093817335e-04
3.818989200000000e+02 -6.609447354026536e-03
3.819816000000000e+02 -1.212827689680296e-02
3.820642800000000e+02 -1.786909619331591e-02
3.821469600000000e+02 -2.408789492304339e-02
3.822296400000000e+02 -2.949772025187249e-02
3.823123200000000e+02 -3.406019085728834e-02
3.823950000000000e+02 -3.899458642258313e-02
3.824776800000000e+02 -4.398796454174897e-02
3.825603600000000e+02 -4.782931847043200e-02
3.826430400000000e+02 -5.105053891915871e-02
3.827257200000000e+02 -5.468534820428797e-02
3.828084000000000e+02 -5.791748734295126e-02
3.828910800000000e+02 -5.986099788834993e-02
3.829737600000000e+02 -6.150043744432148e-02
3.830564400000000e+02 -6.346686978126159e-02
3.831391200000000e+02 -6.461131952549842e-02
3.832218000000000e+02 -6.455361711759612e-02
3.833044800000000e+02 -6.452190780694418e-02
3.833871600000000e+02 -6.461392735188157e-02
3.834698400000000e+02 -6.358791027704060e-02
3.835525200000000e+02 -6.164595909340640e-02
3.836352000000000e+02 -6.000271314636844e-02
3.837178800000000e+02 -5.820447986978079e-02
3.838005600000000e+02 -5.517688919984073e-02
3.838832400000000e+02 -5.166130744536657e-02
3.839659200000000e+02 -4.860624305957161e-02
3.840486000000000e+02 -4.510473651048964e-02
3.841312800000000e+02 -4.047700865476704e-02
3.842139600000000e+02 -3.584940604017824e-02
3.842966400000000e+02 -3.170782899977942e-02
3.843793200000000e+02 -2.688691122048388e-02
3.844620000000000e+02 -2.124825664960954e-02
3.845446800000000e+02 -1.606808146364048e-02
3.846273600000000e+02 -1.127040375587767e-02
3.847100400000000e+02 -5.683435015265377e-03
3.847927200000000e+02 2.557085008482268e-04
3.848754000000000e+02 5.389392758636181e-03
3.849580800000000e+02 1.033543384517100e-02
3.850407600000000e+02 1.601549372691093e-02
3.851234400000000e+02 2.150549991728258e-02
3.852061200000000e+02 2.601231539433613e-02
3.852888000000000e+02 3.055837890505320e-02
3.853714800000000e+02 3.560963358960981e-02
3.854541600000000e+02 3.995068792830195e-02
3.855368400000000e+02 4.332303558691099e-02
3.856195200000000e+02 4.692684049475400e-02
3.857022000000000e+02 5.066452804588840e-02
3.857848800000000e+02 5.329240375104894e-02
3.858675600000000e+02 5.514201633284246e-02
3.859502400000000e+02 5.732322660689940e-02
3.860329200000000e+02 5.919193347914707e-02
3.861156000000000e+02 5.974981897676708e-02
3.861982800000000e+02 5.984448376532143e-02
3.862809600000000e+02 6.024628224389343e-02
3.863636400000000e+02 5.990563358519277e-02
3.864463200000000e+02 5.829231309912368e-02
3.865290000000000e+02 5.658124444322867e-02
3.866116800000000e+02 5.503048180388118e-02
3.866943600000000e+02 5.241983917300964e-02
3.867770400000000e+02 4.880723248546336e-02
3.868597200000000e+02 4.543364922632877e-02
3.869424000000000e+02 4.198901608182429e-02
3.870250800000000e+02 3.735761977088839e-02
3.871077600000000e+02 3.217466950332911e-02
3.871904400000000e+02 2.747341635123418e-02
3.872731200000000e+02 2.244928908657092e-02
3.873558000000000e+02 1.634249226527766e-02
3.874384800000000e+02 1.022680912875685e-02
3.875211600000000e+02 4.703939777850272e-03
3.876038400000000e+02 -1.341053271369210e-03
3.876865200000000e+02 -8.141731500126721e-03
3.877692000000000e+02 -1.441908501692159e-02
3.878518800000000e+02 -2.012777651467689e-02
3.879345600000000e+02 -2.644314190152278e-02
3.880172400000000e+02 -3.302000659317463e-02
3.880999200000000e+02 -3.864818436335173e-02
3.881826000000000e+02 -4.384050308412663e-02
3.882652800000000e+02 -4.957460158989529e-02
3.883479600000000e+02 -5.500002385463684e-02
3.884306400000000e+02 -5.922996855138669e-02
3.885133200000000e+02 -6.321885310925857e-02
3.885960000000000e+02 -6.753632954239175e-02
3.886786800000000e+02 -7.100632831049912e-02
3.887613600000000e+02 -7.324821951503852e-02
3.888440400000000e+02 -7.545222094905425e-02
3.889267200000000e+02 -7.765957675567745e-02
3.890094000000000e+02 -7.861412071684935e-02
3.890920800000000e+02 -7.851795611694583e-02
3.891747600000000e+02 -7.854691623514111e-02
3.892574400000000e+02 -7.820477925656548e-02
3.893401200000000e+02 -7.641588249999844e-02
3.894228000000000e+02 -7.392314107244104e-02
3.895054800000000e+02 -7.164390910615573e-02
3.895881600000000e+02 -6.864629734515891e-02
3.896708400000000e+02 -6.425954948268171e-02
3.897535200000000e+02 -5.961675780020787e-02
3.898362000000000e+02 -5.518625921542127e-02
3.899188800000000e+02 -4.979266387436142e-02
3.900015600000000e+02 -4.331456555001487e-02
3.900842400000000e+02 -3.704487787298146e-02
3.901669200000000e+02 -3.090348984677707e-02
3.902496000000000e+02 -2.371731006791471e-02
3.903322800000000e+02 -1.594886982387894e-02
3.904149600000000e+02 -8.784732319339961e-03
3.904976400000000e+02 -1.609904823189292e-03
3.905803200000000e+02 6.494984285338065e-03
3.906630000000000e+02 1.456946494312066e-02
3.907456800000000e+02 2.178249672239573e-02
3.908283600000000e+02 2.915610212670321e-02
3.909110400000000e+02 3.715122350110427e-02
3.909937200000000e+02 4.450359209270804e-02
3.910764000000000e+02 5.091670788010020e-02
3.911590800000000e+02 5.759988206293015e-02
3.912417600000000e+02 6.444460490256339e-02
3.913244400000000e+02 7.014852315808300e-02
3.914071200000000e+02 7.501626215741393e-02
3.914898000000000e+02 8.017771594624903e-02
3.915724800000000e+02 8.496760863978514e-02
3.916551600000000e+02 8.832673290265618e-02
3.917378400000000e+02 9.109538698164038e-02
3.918205200000000e+02 9.407016065399373e-02
3.919032000000000e+02 9.616822830394689e-02
3.919858800000000e+02 9.680623065962453e-02
3.920685600000000e+02 9.717383544235016e-02
3.921512400000000e+02 9.755378035000419e-02
3.922339200000000e+02 9.668288201841729e-02
3.923166000000000e+02 9.458222096353409e-02
3.923992800000000e+02 9.252556986211499e-02
3.924819600000000e+02 9.021900481546172e-02
3.925646400000000e+02 8.649958723754560e-02
3.926473200000000e+02 8.198622287577918e-02
3.927300000000000e+02 7.775508140066927e-02
3.928126800000000e+02 7.300549388451362e-02
3.928953600000000e+02 6.693257253737428e-02
3.929780400000000e+02 6.061379973501588e-02
3.930607200000000e+02 5.469553376535764e-02
3.931434000000000e+02 4.805442204685745e-02
3.932260800000000e+02 4.041912945470380e-02
3.933087600000000e+02 3.308862954400161e-02
3.933914400000000e+02 2.614823747928545e-02
3.934741200000000e+02 1.840444405015591e-02
3.935568000000000e+02 1.017524553734905e-02
3.936394800000000e+02 2.702213313774504e-03
3.937221600000000e+02 -4.495727836524892e-03
3.938048400000000e+02 -1.242022791628647e-02
3.938875200000000e+02 -2.023580714292618e-02
3.939702000000000e+02 -2.701729101683533e-02
3.940528800000000e+02 -3.369643973869664e-02
3.941355600000000e+02 -4.086846405236676e-02
3.942182400000000e+02 -4.735966924302691e-02
3.943009200000000e+02 -5.274738285973261e-02
3.943836000000000e+02 -5.820715127991816e-02
3.944662800000000e+02 -6.380347373057403e-02
3.945489600000000e+02 -6.827042451817095e-02
3.946316400000000e+02 -7.176640917128115e-02
3.947143200000000e+02 -7.545847648711185e-02
3.947970000000000e+02 -7.886867250962773e-02
3.948796800000000e+02 -8.090039946675365e-02
3.949623600000000e+02 -8.225213156427789e-02
3.950450400000000e+02 -8.383651591089950e-02
3.951277200000000e+02 -8.473378311968698e-02
3.952104000000000e+02 -8.424199380396402e-02
3.952930800000000e+02 -8.344965759401754e-02
3.953757600000000e+02 -8.282419453863056e-02
3.954584400000000e+02 -8.119611015756553e-02
3.955411200000000e+02 -7.840316758474331e-02
3.956238000000000e+02 -7.569527193954262e-02
3.957064800000000e+02 -7.299683506370867e-02
3.957891600000000e+02 -6.913429257019485e-02
3.958718400000000e+02 -6.452055866335302e-02
3.959545200000000e+02 -6.030501286354068e-02
3.960372000000000e+02 -5.588514707467084e-02
3.961198800000000e+02 -5.033355489951091e-02
3.962025600000000e+02 -4.455507916503817e-02
3.962852400000000e+02 -3.935636170372025e-02
3.963679200000000e+02 -3.373693379023633e-02
3.964506000000000e+02 -2.721838890083943e-02
3.965332800000000e+02 -2.100984532684018e-02
3.966159600000000e+02 -1.540383013935124e-02
3.966986400000000e+02 -9.219291041919797e-03
3.967813200000000e+02 -2.537431753259611e-03
3.968640000000000e+02 3.383709381450788e-03
3.969466800000000e+02 8.827772222919021e-03
3.970293600000000e+02 1.489549088571635e-02
3.971120400000000e+02 2.095502421261563e-02
3.971947200000000e+02 2.596919752145914e-02
3.972774000000000e+02 3.073433948066346e-02
3.973600800000000e+02 3.602340076102714e-02
3.974427600000000e+02 4.078444604737629e-02
3.975254400000000e+02 4.442640759833910e-02
3.976081200000000e+02 4.808085668292948e-02
3.976908000000000e+02 5.201536360745984e-02
3.977734800000000e+02 5.498420028092216e-02
3.978561600000000e+02 5.697204462002151e-02
3.979388400000000e+02 5.919254820496809e-02
3.980215200000000e+02 6.134229160030161e-02
3.981042000000000e+02 6.225481850495798e-02
3.981868800000000e+02 6.249415006652711e-02
3.982695600000000e+02 6.308393565757257e-02
3.983522400000000e+02 6.321295544502221e-02
3.984349200000000e+02 6.205271002189953e-02
3.985176000000000e+02 6.062237472988943e-02
3.986002800000000e+02 5.952654236878758e-02
3.986829600000000e+02 5.762487133070504e-02
3.987656400000000e+02 5.461247156600145e-02
3.988483200000000e+02 5.173953426799228e-02
3.989310000000000e+02 4.905761889680162e-02
3.990136800000000e+02 4.535092466767374e-02
3.990963600000000e+02 4.090885371982423e-02
3.991790400000000e+02 3.693929262084818e-02
3.992617200000000e+02 3.293143741289504e-02
3.993444000000000e+02 2.786486539282311e-02
3.994270800000000e+02 2.256371257801442e-02
3.995097600000000e+02 1.793238228287030e-02
3.995924400000000e+02 1.301337311162683e-02
3.996751200000000e+02 7.208636757028894e-03
3.997578000000000e+02 1.701748556037709e-03
3.998404800000000e+02 -3.098219439587096e-03
3.999231600000000e+02 -8.382931445932143e-03
4.000058400000000e+02 -1.419467913549059e-02
4.000885200000000e+02 -1.924149451790849e-02
4.001712000000000e+02 -2.369216948141638e-02
4.002538800000000e+02 -2.871203231856323e-02
4.003365600000000e+02 -3.377536526130684e-02
4.004192400000000e+02 -3.775333086369408e-02
4.005019200000000e+02 -4.135117263190302e-02
4.005846000000000e+02 -4.545691710527459e-02
4.006672800000000e+02 -4.908596943115143e-02
4.007499600000000e+02 -5.150707054836384e-02
4.008326400000000e+02 -5.380887554031213e-02
4.009153200000000e+02 -5.641363860642433e-02
4.009980000000000e+02 -5.808304817306158e-02
4.010806800000000e+02 -5.863327817453529e-02
4.011633600000000e+02 -5.930644980402650e-02
4.012460400000000e+02 -5.997077048621354e-02
4.013287200000000e+02 -5.939141035141423e-02
4.014114000000000e+02 -5.796858248932062e-02
4.014940800000000e+02 -5.683954035579186e-02
4.015767600000000e+02 -5.534651401938769e-02
4.016594400000000e+02 -5.251459306827789e-02
4.017421200000000e+02 -4.924571622716820e-02
4.018248000000000e+02 -4.633781388760289e-02
4.019074800000000e+02 -4.274461755156436e-02
4.019901600000000e+02 -3.795536719512033e-02
4.020728400000000e+02 -3.318952273267800e-02
4.021555200000000e+02 -2.874173899181307e-02
4.022382000000000e+02 -2.339644558730714e-02
4.023208800000000e+02 -1.721782688125810e-02
4.024035600000000e+02 -1.149289445376120e-02
4.024862400000000e+02 -5.952831382182312e-03
4.025689200000000e+02 5.297749167766139e-04
4.026516000000000e+02 7.322502929448343e-03
4.027342800000000e+02 1.333726981889495e-02
4.028169600000000e+02 1.934875812216916e-02
4.028996400000000e+02 2.615273514682767e-02
4.029823200000000e+02 3.267479087108517e-02
4.030650000000000e+02 3.825435653228978e-02
4.031476800000000e+02 4.400542132691881e-02
4.032303600000000e+02 5.021473590329519e-02
4.033130400000000e+02 5.558950858546884e-02
4.033957200000000e+02 6.003770847608032e-02
4.034784000000000e+02 6.476942812823822e-02
4.035610800000000e+02 6.949269250462987e-02
4.036437600000000e+02 7.297268135478138e-02
4.037264400000000e+02 7.570546952885486e-02
4.038091200000000e+02 7.872900927701114e-02
4.038918000000000e+02 8.123082542098166e-02
4.039744800000000e+02 8.230341897031682e-02
4.040571600000000e+02 8.292081825810212e-02
4.041398400000000e+02 8.371646039763789e-02
4.042225200000000e+02 8.353482575358225e-02
4.043052000000000e+02 8.199616500802817e-02
4.043878800000000e+02 8.033493487734229e-02
4.044705600000000e+02 7.863898893968976e-02
4.045532400000000e+02 7.566790884998777e-02
4.046359200000000e+02 7.165319444672805e-02
4.047186000000000e+02 6.781447982201952e-02
4.048012800000000e+02 6.367870551167575e-02
4.048839600000000e+02 5.819928833835165e-02
4.049666400000000e+02 5.216539439373141e-02
4.050493200000000e+02 4.651354756845066e-02
4.051320000000000e+02 4.032315900371736e-02
4.052146800000000e+02 3.297503570997375e-02
4.052973600000000e+02 2.563918070265329e-02
4.053800400000000e+02 1.876974797925381e-02
4.054627200000000e+02 1.121145039230402e-02
4.055454000000000e+02 2.907504323496828e-03
4.056280800000000e+02 -4.847967651621573e-03
4.057107600000000e+02 -1.217056091550757e-02
4.057934400000000e+02 -2.019017007313719e-02
4.058761200000000e+02 -2.839213299337546e-02
4.059588000000000e+02 -3.563503214229486e-02
4.060414800000000e+02 -4.256558937201887e-02
4.061241600000000e+02 -5.004078636246955e-02
4.062068400000000e+02 -5.708843192548587e-02
4.062895200000000e+02 -6.295670732410620e-02
4.063722000000000e+02 -6.867360766209946e-02
4.064548800000000e+02 -7.464063541089459e-02
4.065375600000000e+02 -7.963573268022038e-02
4.066202400000000e+02 -8.344675626414068e-02
4.067029200000000e+02 -8.725839499573203e-02
4.067856000000000e+02 -9.093377005987500e-02
4.068682800000000e+02 -9.325658949661450e-02
4.069509600000000e+02 -9.459143930783742e-02
4.070336400000000e+02 -9.602839451713339e-02
4.071163200000000e+02 -9.692192312996449e-02
4.071990000000000e+02 -9.631339572306576e-02
4.072816800000000e+02 -9.506449045583826e-02
4.073643600000000e+02 -9.394245498977440e-02
4.074470400000000e+02 -9.192727033829858e-02
4.075297200000000e+02 -8.851748962279696e-02
4.076124000000000e+02 -8.489269226346956e-02
4.076950800000000e+02 -8.133618000391828e-02
4.077777600000000e+02 -7.666565458716104e-02
4.078604400000000e+02 -7.094532851094264e-02
4.079431200000000e+02 -6.542842961413890e-02
4.080258000000000e+02 -5.985242465831758e-02
4.081084800000000e+02 -5.312241082480203e-02
4.081911600000000e+02 -4.586260841071346e-02
4.082738400000000e+02 -3.913773274909622e-02
4.083565200000000e+02 -3.219171653293074e-02
4.084392000000000e+02 -2.425478906058831e-02
4.085218800000000e+02 -1.638866475157760e-02
4.086045600000000e+02 -9.242597187806375e-03
4.086872400000000e+02 -1.726854916222708e-03
4.087699200000000e+02 6.427955726985177e-03
4.088526000000000e+02 1.394137055127695e-02
4.089352800000000e+02 2.072170402316176e-02
4.090179600000000e+02 2.795489334339588e-02
4.091006400000000e+02 3.533863156646885e-02
4.091833200000000e+02 4.164562935302363e-02
4.092660000000000e+02 4.736433136461640e-02
4.093486800000000e+02 5.351184175454096e-02
4.094313600000000e+02 5.926797840167125e-02
4.095140400000000e+02 6.372523449237376e-02
4.095967200000000e+02 6.784587926048198e-02
4.096794000000000e+02 7.224577660123196e-02
4.097620800000000e+02 7.575878759097615e-02
4.098447600000000e+02 7.799752786735822e-02
4.099274400000000e+02 8.018413076363091e-02
4.100101200000000e+02 8.238901702484554e-02
4.100928000000000e+02 8.335377150179576e-02
4.101754800000000e+02 8.329764690877138e-02
4.102581600000000e+02 8.342936714353222e-02
4.103408400000000e+02 8.325349924350835e-02
4.104235200000000e+02 8.169712039625103e-02
4.105062000000000e+02 7.953795042085472e-02
4.105888800000000e+02 7.770222953116818e-02
4.106715600000000e+02 7.523744080679685e-02
4.107542400000000e+02 7.149385608968503e-02
4.108369200000000e+02 6.763643666669171e-02
4.109196000000000e+02 6.410602800899881e-02
4.110022800000000e+02 5.970488658317259e-02
4.110849600000000e+02 5.435021001852496e-02
4.111676400000000e+02 4.934036742760733e-02
4.112503200000000e+02 4.453873455735283e-02
4.113330000000000e+02 3.876743691256976e-02
4.114156800000000e+02 3.252973679024749e-02
4.114983600000000e+02 2.697895193416972e-02
4.115810400000000e+02 2.143720788292829e-02
4.116637200000000e+02 1.500465140326901e-02
4.117464000000000e+02 8.663671342121090e-03
4.118290800000000e+02 3.180321686465705e-03
4.119117600000000e+02 -2.511844152641874e-03
4.119944400000000e+02 -8.839462948512537e-03
4.120771200000000e+02 -1.454815265669315e-02
4.121598000000000e+02 -1.941492732072964e-02
4.122424800000000e+02 -2.466189568020867e-02
4.123251600000000e+02 -3.015032303502487e-02
4.124078400000000e+02 -3.461544430494037e-02
4.124905200000000e+02 -3.841689549604223e-02
4.125732000000000e+02 -4.267052648639692e-02
4.126558800000000e+02 -4.670024894158236e-02
4.127385600000000e+02 -4.949202014203999e-02
4.128212400000000e+02 -5.190635187310615e-02
4.129039200000000e+02 -5.471695214285245e-02
4.129866000000000e+02 -5.685085042662629e-02
4.130692800000000e+02 -5.775223066970470e-02
4.131519600000000e+02 -5.859867327954801e-02
4.132346400000000e+02 -5.966002952121632e-02
4.133173200000000e+02 -5.968945751734411e-02
4.134000000000000e+02 -5.870194937440559e-02
4.134826800000000e+02 -5.794513977732929e-02
4.135653600000000e+02 -5.712990548306489e-02
4.136480400000000e+02 -5.509524529234680e-02
4.137307200000000e+02 -5.242241867227555e-02
4.138134000000000e+02 -5.016959850435707e-02
4.138960800000000e+02 -4.755114966774161e-02
4.139787600000000e+02 -4.373532321693790e-02
4.140614400000000e+02 -3.974882238910555e-02
4.141441200000000e+02 -3.624130846795938e-02
4.142268000000000e+02 -3.209821756596928e-02
4.143094800000000e+02 -2.699394549172527e-02
4.143921600000000e+02 -2.218737554559020e-02
4.144748400000000e+02 -1.778631542682363e-02
4.145575200000000e+02 -1.258613586685968e-02
4.146402000000000e+02 -6.839976036455871e-03
4.147228800000000e+02 -1.775971960170100e-03
4.148055600000000e+02 3.058917152456195e-03
4.148882400000000e+02 8.698500686846328e-03
4.149709200000000e+02 1.436008519005169e-02
4.150536000000000e+02 1.910484275576960e-02
4.151362800000000e+02 2.384556146212334e-02
4.152189600000000e+02 2.921781618542548e-02
4.153016400000000e+02 3.407299483300557e-02
4.153843200000000e+02 3.796083174506285e-02
4.154670000000000e+02 4.205218863202137e-02
4.155496800000000e+02 4.644100327640576e-02
4.156323600000000e+02 4.985861213102683e-02
4.157150400000000e+02 5.243890672778865e-02
4.157977200000000e+02 5.535083342788680e-02
4.158804000000000e+02 5.812153697397104e-02
4.159630800000000e+02 5.963855852785400e-02
4.160457600000000e+02 6.058863989618968e-02
4.161284400000000e+02 6.187763704716929e-02
4.162111200000000e+02 6.256785267539336e-02
4.162938000000000e+02 6.194861529928044e-02
4.163764800000000e+02 6.110607199453073e-02
4.164591600000000e+02 6.048020527462557e-02
4.165418400000000e+02 5.887701500979209e-02
4.166245200000000e+02 5.614623364284217e-02
4.167072000000000e+02 5.353127367709373e-02
4.167898800000000e+02 5.090933084057528e-02
4.168725600000000e+02 4.709857996769709e-02
4.169552400000000e+02 4.254356303744775e-02
4.170379200000000e+02 3.836929070780835e-02
4.171206000000000e+02 3.392183624424992e-02
4.172032800000000e+02 2.829797543323901e-02
4.172859600000000e+02 2.243924473507740e-02
4.173686400000000e+02 1.710639627370669e-02
4.174513200000000e+02 1.126612708509625e-02
4.175340000000000e+02 4.496649183003525e-03
4.176166800000000e+02 -1.969986275442302e-03
4.176993600000000e+02 -7.898148801229091e-03
4.177820400000000e+02 -1.446593018001291e-02
4.178647200000000e+02 -2.151965754358172e-02
4.179474000000000e+02 -2.780346365437945e-02
4.180300800000000e+02 -3.364941592373016e-02
4.181127600000000e+02 -4.011830245230742e-02
4.181954400000000e+02 -4.651400746162786e-02
4.182781200000000e+02 -5.182372292276904e-02
4.183608000000000e+02 -5.686682313704616e-02
4.184434800000000e+02 -6.235576614184853e-02
4.185261600000000e+02 -6.720090074789035e-02
4.186088400000000e+02 -7.084294809985577e-02
4.186915200000000e+02 -7.440753977648061e-02
4.187742000000000e+02 -7.810681885151494e-02
4.188568800000000e+02 -8.068726858671874e-02
4.189395600000000e+02 -8.215607557520063e-02
4.190222400000000e+02 -8.370480411726960e-02
4.191049200000000e+02 -8.500077986500860e-02
4.191876000000000e+02 -8.488793370816200e-02
4.192702800000000e+02 -8.393600512952062e-02
4.193529600000000e+02 -8.315294362289292e-02
4.194356400000000e+02 -8.173010864426505e-02
4.195183200000000e+02 -7.884943929353967e-02
4.196010000000000e+02 -7.552592405521687e-02
4.196836800000000e+02 -7.237420782894798e-02
4.197663600000000e+02 -6.827665593237051e-02
4.198490400000000e+02 -6.292632600831344e-02
4.199317200000000e+02 -5.757643051392733e-02
4.200144000000000e+02 -5.231908203685506e-02
4.200970800000000e+02 -4.596023886505132e-02
4.201797600000000e+02 -3.877547281562722e-02
4.202624400000000e+02 -3.199904807004403e-02
4.203451200000000e+02 -2.517820615413259e-02
4.204278000000000e+02 -1.729585271299996e-02
4.205104800000000e+02 -9.163086524613310e-03
4.205931600000000e+02 -1.737851123040184e-03
4.206758400000000e+02 5.885331840892558e-03
4.207585200000000e+02 1.432348669429916e-02
4.208412000000000e+02 2.239043391283308e-02
4.209238800000000e+02 2.960918106877886e-02
4.210065600000000e+02 3.714590193611857e-02
4.210892400000000e+02 4.507348354471034e-02
4.211719200000000e+02 5.207615453886826e-02
4.212546000000000e+02 5.826366134826617e-02
4.213372800000000e+02 6.480823389581418e-02
4.214199600000000e+02 7.120971555640490e-02
4.215026400000000e+02 7.630374451509149e-02
4.215853200000000e+02 8.076585826297267e-02
4.216680000000000e+02 8.551203235424965e-02
4.217506800000000e+02 8.956798883832316e-02
4.218333600000000e+02 9.217529571608524e-02
4.219160400000000e+02 9.442757590637540e-02
4.219987200000000e+02 9.677570170473662e-02
4.220814000000000e+02 9.798049040827025e-02
4.221640800000000e+02 9.785760424422779e-02
4.222467600000000e+02 9.767553710025091e-02
4.223294400000000e+02 9.731596491346362e-02
4.224121200000000e+02 9.554802128108088e-02
4.224948000000000e+02 9.280215508518617e-02
4.225774800000000e+02 9.023941613775723e-02
4.226601600000000e+02 8.719918326275344e-02
4.227428400000000e+02 8.273216270186178e-02
4.228255200000000e+02 7.778688542960960e-02
4.229082000000000e+02 7.316223617889943e-02
4.229908800000000e+02 6.780621931256124e-02
4.230735600000000e+02 6.126028324892652e-02
4.231562400000000e+02 5.478112478205539e-02
4.232389200000000e+02 4.863683988480260e-02
4.233216000000000e+02 4.162129309009777e-02
4.234042800000000e+02 3.386491627970652e-02
4.234869600000000e+02 2.666000762697110e-02
4.235696400000000e+02 1.969654842042437e-02
4.236523200000000e+02 1.188108229780275e-02
4.237350000000000e+02 3.901798806317281e-03
4.238176800000000e+02 -3.186428015868633e-03
4.239003600000000e+02 -1.019266546978805e-02
4.239830400000000e+02 -1.786123890796519e-02
4.240657200000000e+02 -2.509532269648584e-02
4.241484000000000e+02 -3.129296187009675e-02
4.242310800000000e+02 -3.757962872070507e-02
4.243137600000000e+02 -4.419354237747190e-02
4.243964400000000e+02 -4.986058209255984e-02
4.244791200000000e+02 -5.454785076447874e-02
4.245618000000000e+02 -5.945340722039784e-02
4.246444800000000e+02 -6.426128742909461e-02
4.247271600000000e+02 -6.778392173201186e-02
4.248098400000000e+02 -7.055477708128131e-02
4.248925200000000e+02 -7.359099991867268e-02
4.249752000000000e+02 -7.608980414762523e-02
4.250578800000000e+02 -7.719334845924702e-02
4.251405600000000e+02 -7.788388346739301e-02
4.252232400000000e+02 -7.878519715129115e-02
4.253059200000000e+02 -7.877515351059847e-02
4.253886000000000e+02 -7.750069337685971e-02
4.254712800000000e+02 -7.618537807708806e-02
4.255539600000000e+02 -7.493002974853721e-02
4.256366400000000e+02 -7.252717571794003e-02
4.257193200000000e+02 -6.920113034205011e-02
4.258020000000000e+02 -6.616080696122070e-02
4.258846800000000e+02 -6.296355399522895e-02
4.259673600000000e+02 -5.857080035328678e-02
4.260500400000000e+02 -5.373885395326163e-02
4.261327200000000e+02 -4.940873323405565e-02
4.262154000000000e+02 -4.468870070947266e-02
4.262980800000000e+02 -3.893190462342633e-02
4.263807600000000e+02 -3.327025128826365e-02
4.264634400000000e+02 -2.817862479179830e-02
4.265461200000000e+02 -2.250834611712237e-02
4.266288000000000e+02 -1.614801483270458e-02
4.267114800000000e+02 -1.036753672456686e-02
4.267941600000000e+02 -5.075583384637297e-03
4.268768400000000e+02 8.821925456069545e-04
4.269595200000000e+02 7.050595516686456e-03
4.270422000000000e+02 1.229204114576137e-02
4.271248800000000e+02 1.724199927691141e-02
4.272075600000000e+02 2.280372553607007e-02
4.272902400000000e+02 2.804745324617193e-02
4.273729200000000e+02 3.221297481485271e-02
4.274556000000000e+02 3.633788597086063e-02
4.275382800000000e+02 4.086960063528861e-02
4.276209600000000e+02 4.460222624596057e-02
4.277036400000000e+02 4.731800251613307e-02
4.277863200000000e+02 5.022439612274934e-02
4.278690000000000e+02 5.320804647019282e-02
4.279516800000000e+02 5.504985082321880e-02
4.280343600000000e+02 5.612140067898745e-02
4.281170400000000e+02 5.752903024489937e-02
4.281997200000000e+02 5.861938056144222e-02
4.282824000000000e+02 5.842930658117982e-02
4.283650800000000e+02 5.783677588819774e-02
4.284477600000000e+02 5.759872574960238e-02
4.285304400000000e+02 5.666509612139416e-02
4.286131200000000e+02 5.454331519917049e-02
4.286958000000000e+02 5.242311624834425e-02
4.287784800000000e+02 5.054316346628155e-02
4.288611600000000e+02 4.769046510674734e-02
4.289438400000000e+02 4.395442878158275e-02
4.290265200000000e+02 4.057437464312721e-02
4.291092000000000e+02 3.721921361041765e-02
4.291918800000000e+02 3.278402686046152e-02
4.292745600000000e+02 2.792361662365007e-02
4.293572400000000e+02 2.365633833635228e-02
4.294399200000000e+02 1.915762788173862e-02
4.295226000000000e+02 1.367745409356782e-02
4.296052800000000e+02 8.296134441342536e-03
4.296879600000000e+02 3.592157209762417e-03
4.297706400000000e+02 -1.567640663993037e-03
4.298533200000000e+02 -7.410648845377486e-03
4.299360000000000e+02 -1.266186371563916e-02
4.300186800000000e+02 -1.730310925128944e-02
4.301013600000000e+02 -2.252586263815786e-02
4.301840400000000e+02 -2.798193965273036e-02
4.302667200000000e+02 -3.247189031372635e-02
4.303494000000000e+02 -3.653637637671129e-02
4.304320800000000e+02 -4.116568337774312e-02
4.305147600000000e+02 -4.550733219694407e-02
4.305974400000000e+02 -4.868882085491903e-02
4.306801200000000e+02 -5.169004116951691e-02
4.307628000000000e+02 -5.508726162156443e-02
4.308454800000000e+02 -5.770163982968068e-02
4.309281600000000e+02 -5.916819192906097e-02
4.310108400000000e+02 -6.069667519085628e-02
4.310935200000000e+02 -6.232684619754446e-02
4.311762000000000e+02 -6.279903775356734e-02
4.312588800000000e+02 -6.233013892941242e-02
4.313415600000000e+02 -6.210596336452247e-02
4.314242400000000e+02 -6.162099405480063e-02
4.315069200000000e+02 -5.979665928885698e-02
4.315896000000000e+02 -5.738680553948369e-02
4.316722800000000e+02 -5.530725877929070e-02
4.317549600000000e+02 -5.261231714100298e-02
4.318376400000000e+02 -4.862986960530845e-02
4.319203200000000e+02 -4.449677762498425e-02
4.320030000000000e+02 -4.066976299126386e-02
4.320856800000000e+02 -3.596008113085847e-02
4.321683600000000e+02 -3.024575806646944e-02
4.322510400000000e+02 -2.481437132665190e-02
4.323337200000000e+02 -1.956912709440536e-02
4.324164000000000e+02 -1.332822523603173e-02
4.324990800000000e+02 -6.552014366566406e-03
4.325817600000000e+02 -4.137302832925161e-04
4.326644400000000e+02 5.716505626128365e-03
4.327471200000000e+02 1.276076757207290e-02
4.328298000000000e+02 1.976485826859131e-02
4.329124800000000e+02 2.591457297485017e-02
4.329951600000000e+02 3.223920228746878e-02
4.330778400000000e+02 3.919819030808668e-02
4.331605200000000e+02 4.553831227978342e-02
4.332432000000000e+02 5.097714575428083e-02
4.333258800000000e+02 5.672125701585651e-02
4.334085600000000e+02 6.265998536550059e-02
4.334912400000000e+02 6.750492538712910e-02
4.335739200000000e+02 7.156663850081149e-02
4.336566000000000e+02 7.596386322204456e-02
4.337392800000000e+02 8.003177299107446e-02
4.338219600000000e+02 8.272451244881290e-02
4.339046400000000e+02 8.487782019080239e-02
4.339873200000000e+02 8.727303278388202e-02
4.340700000000000e+02 8.883208473185292e-02
4.341526800000000e+02 8.898107111636291e-02
4.342353600000000e+02 8.889572249888643e-02
4.343180400000000e+02 8.884444767175749e-02
4.344007200000000e+02 8.757337513941055e-02
4.344834000000000e+02 8.510737006587807e-02
4.345660800000000e+02 8.270034091745758e-02
4.346487600000000e+02 8.004928369704198e-02
4.347314400000000e+02 7.600461184191762e-02
4.348141200000000e+02 7.118311474058217e-02
4.348968000000000e+02 6.663940814025189e-02
4.349794800000000e+02 6.157219114729031e-02
4.350621600000000e+02 5.519298986867051e-02
4.351448400000000e+02 4.857171201247171e-02
4.352275200000000e+02 4.233562026122674e-02
4.353102000000000e+02 3.537114957128844e-02
4.353928800000000e+02 2.742452757148442e-02
4.354755600000000e+02 1.978221130868779e-02
4.355582400000000e+02 1.251676447355323e-02
4.356409200000000e+02 4.455094101377144e-03
4.357236000000000e+02 -4.069423126288620e-03
4.358062800000000e+02 -1.183178127640940e-02
4.358889600000000e+02 -1.931610658716483e-02
4.359716400000000e+02 -2.749542658259763e-02
4.360543200000000e+02 -3.552533880090990e-02
4.361370000000000e+02 -4.249928725524996e-02
4.362196800000000e+02 -4.934050216503821e-02
4.363023600000000e+02 -5.661270543689524e-02
4.363850400000000e+02 -6.314338552071924e-02
4.364677200000000e+02 -6.852732826444324e-02
4.365504000000000e+02 -7.392081415087601e-02
4.366330800000000e+02 -7.936113856145768e-02
4.367157600000000e+02 -8.359494241693313e-02
4.367984400000000e+02 -8.679351118293990e-02
4.368811200000000e+02 -9.009795447695838e-02
4.369638000000000e+02 -9.301403983048545e-02
4.370464800000000e+02 -9.446733835473169e-02
4.371291600000000e+02 -9.516259220212681e-02
4.372118400000000e+02 -9.598606999247945e-02
4.372945200000000e+02 -9.601641111653604e-02
4.373772000000000e+02 -9.457948261948135e-02
4.374598800000000e+02 -9.276377741254449e-02
4.375425600000000e+02 -9.101598638486043e-02
4.376252400000000e+02 -8.817952981151370e-02
4.377079200000000e+02 -8.412127966633734e-02
4.377906000000000e+02 -8.008703769096803e-02
4.378732800000000e+02 -7.598974726194109e-02
4.379559600000000e+02 -7.067992110509136e-02
4.380386400000000e+02 -6.459763386504565e-02
4.381213200000000e+02 -5.888641289727120e-02
4.382040000000000e+02 -5.294173268993705e-02
4.382866800000000e+02 -4.586686842934810e-02
4.383693600000000e+02 -3.858982982835011e-02
4.384520400000000e+02 -3.191040952433318e-02
4.385347200000000e+02 -2.483331086958235e-02
4.386174000000000e+02 -1.691332399320664e-02
4.387000800000000e+02 -9.376834722517753e-03
4.387827600000000e+02 -2.507350473818012e-03
4.388654400000000e+02 4.866469711322571e-03
4.389481200000000e+02 1.263101764682593e-02
4.390308000000000e+02 1.951967739471818e-02
4.391134800000000e+02 2.582893123938300e-02
4.391961600000000e+02 3.264676955946549e-02
4.392788400000000e+02 3.931317856949397e-02
4.393615200000000e+02 4.479440984380587e-02
4.394442000000000e+02 4.990342137813792e-02
4.395268800000000e+02 5.539791628230562e-02
4.396095600000000e+02 6.020639654356261e-02
4.396922400000000e+02 6.375509508848551e-02
4.397749200000000e+02 6.719320680272839e-02
4.398576000000000e+02 7.077164220575845e-02
4.399402800000000e+02 7.323834312065126e-02
4.400229600000000e+02 7.460734604252449e-02
4.401056400000000e+02 7.610648971517782e-02
4.401883200000000e+02 7.741722357448066e-02
4.402710000000000e+02 7.738257737842089e-02
4.403536800000000e+02 7.660190283687700e-02
4.404363600000000e+02 7.610616284153586e-02
4.405190400000000e+02 7.507480585459493e-02
4.406017200000000e+02 7.270283596198567e-02
4.406844000000000e+02 7.004236576826968e-02
4.407670800000000e+02 6.769812281820274e-02
4.408497600000000e+02 6.452948831081531e-02
4.409324400000000e+02 6.026250696207102e-02
4.410151200000000e+02 5.617080794142005e-02
4.410978000000000e+02 5.230167797651302e-02
4.411804800000000e+02 4.744783778313343e-02
4.412631600000000e+02 4.192798140553210e-02
4.413458400000000e+02 3.696091663358405e-02
4.414285200000000e+02 3.203079851454619e-02
4.415112000000000e+02 2.613014720395582e-02
4.415938800000000e+02 2.010298153932935e-02
4.416765600000000e+02 1.485356063439886e-02
4.417592400000000e+02 9.420470605005782e-03
4.418419200000000e+02 3.216499998801050e-03
4.419246000000000e+02 -2.567777174448099e-03
4.420072800000000e+02 -7.530557858748978e-03
4.420899600000000e+02 -1.286714488277487e-02
4.421726400000000e+02 -1.861645540938263e-02
4.422553200000000e+02 -2.349108927306248e-02
4.423380000000000e+02 -2.767042394429341e-02
4.424206800000000e+02 -3.232552051162115e-02
4.425033600000000e+02 -3.693645627771282e-02
4.425860400000000e+02 -4.038626337995487e-02
4.426687200000000e+02 -4.339178629100202e-02
4.427514000000000e+02 -4.685042282241233e-02
4.428340800000000e+02 -4.979044135551957e-02
4.429167600000000e+02 -5.149508539503105e-02
4.429994400000000e+02 -5.306435517202802e-02
4.430821200000000e+02 -5.493272744354836e-02
4.431648000000000e+02 -5.587780532814735e-02
4.432474800000000e+02 -5.572929443383770e-02
4.433301600000000e+02 -5.573882714258261e-02
4.434128400000000e+02 -5.578703960248470e-02
4.434955200000000e+02 -5.465443927133353e-02
4.435782000000000e+02 -5.275109065272363e-02
4.436608800000000e+02 -5.121945560477548e-02
4.437435600000000e+02 -4.941187240230557e-02
4.438262400000000e+02 -4.636600137642523e-02
4.439089200000000e+02 -4.298722739976632e-02
4.439916000000000e+02 -4.007203697132898e-02
4.440742800000000e+02 -3.658136609255082e-02
4.441569600000000e+02 -3.201288024133540e-02
4.442396400000000e+02 -2.758014489438744e-02
4.443223200000000e+02 -2.356945646751006e-02
4.444050000000000e+02 -1.877108322362836e-02
4.444876800000000e+02 -1.325162950850377e-02
4.445703600000000e+02 -8.280965501850569e-03
4.446530400000000e+02 -3.578131177463022e-03
4.447357200000000e+02 1.977795983129731e-03
4.448184000000000e+02 7.760727600825445e-03
4.449010800000000e+02 1.270985658535081e-02
4.449837600000000e+02 1.760995927987392e-02
4.450664400000000e+02 2.324933677089771e-02
4.451491200000000e+02 2.857104900401085e-02
4.452318000000000e+02 3.294668548775093e-02
4.453144800000000e+02 3.749236402898715e-02
4.453971600000000e+02 4.248869812368780e-02
4.454798400000000e+02 4.667132777466979e-02
4.455625200000000e+02 4.997692025108683e-02
4.456452000000000e+02 5.360676185812079e-02
4.457278800000000e+02 5.726784724788508e-02
4.458105600000000e+02 5.976060378002978e-02
4.458932400000000e+02 6.159798557061825e-02
4.459759200000000e+02 6.379966438939400e-02
4.460586000000000e+02 6.556001084207667e-02
4.461412800000000e+02 6.600623694095030e-02
4.462239600000000e+02 6.611249487254249e-02
4.463066400000000e+02 6.648937327136066e-02
4.463893200000000e+02 6.599588303200020e-02
4.464720000000000e+02 6.427868860226600e-02
4.465546800000000e+02 6.255585469100591e-02
4.466373600000000e+02 6.089353485636490e-02
4.467200400000000e+02 5.807041369443149e-02
4.468027200000000e+02 5.433107660130122e-02
4.468854000000000e+02 5.086682755432355e-02
4.469680800000000e+02 4.718819628508819e-02
4.470507600000000e+02 4.226814498713712e-02
4.471334400000000e+02 3.689480520321288e-02
4.472161200000000e+02 3.197080899258074e-02
4.472988000000000e+02 2.656631247910848e-02
4.473814800000000e+02 2.007915246456277e-02
4.474641600000000e+02 1.366680846079684e-02
4.475468400000000e+02 7.749784699753640e-03
4.476295200000000e+02 1.171162083143645e-03
4.477122000000000e+02 -6.112277962015649e-03
4.477948800000000e+02 -1.282649636153470e-02
4.478775600000000e+02 -1.911618018980004e-02
4.479602400000000e+02 -2.610505787869024e-02
4.480429200000000e+02 -3.326816057223280e-02
4.481256000000000e+02 -3.948820680917327e-02
4.482082800000000e+02 -4.543326723565307e-02
4.482909600000000e+02 -5.194635162607935e-02
4.483736400000000e+02 -5.804832072572211e-02
4.484563200000000e+02 -6.301282178884410e-02
4.485390000000000e+02 -6.787893628739901e-02
4.486216800000000e+02 -7.302743445466703e-02
4.487043600000000e+02 -7.723375324646213e-02
4.487870400000000e+02 -8.031001777133658e-02
4.488697200000000e+02 -8.344020880967314e-02
4.489524000000000e+02 -8.646292638340525e-02
4.490350800000000e+02 -8.816527042482943e-02
4.491177600000000e+02 -8.893213277184536e-02
4.492004400000000e+02 -8.984149944304473e-02
4.492831200000000e+02 -9.022423874501913e-02
4.493658000000000e+02 -8.913158294775365e-02
4.494484800000000e+02 -8.743899229850965e-02
4.495311600000000e+02 -8.589325045778276e-02
4.496138400000000e+02 -8.345670107427629e-02
4.496965200000000e+02 -7.964314348246174e-02
4.497792000000000e+02 -7.563811257332750e-02
4.498618800000000e+02 -7.170116915208674e-02
4.499445600000000e+02 -6.664189567112259e-02
4.500272400000000e+02 -6.054270775613230e-02
4.501099200000000e+02 -5.465566505744737e-02
4.501926000000000e+02 -4.869676896021215e-02
4.502752800000000e+02 -4.157347918356408e-02
4.503579600000000e+02 -3.392849239932848e-02
4.504406400000000e+02 -2.682062585345643e-02
4.505233200000000e+02 -1.947873980493647e-02
4.506060000000000e+02 -1.114444529845254e-02
4.506886800000000e+02 -2.896195281516922e-03
4.507713600000000e+02 4.624596464971428e-03
4.508540400000000e+02 1.251469663746101e-02
4.509367200000000e+02 2.102593317490718e-02
4.510194000000000e+02 2.886413039843438e-02
4.511020800000000e+02 3.594556055697937e-02
4.511847600000000e+02 4.345570774102076e-02
4.512674400000000e+02 5.107175120175370e-02
4.513501200000000e+02 5.755696018201045e-02
4.514328000000000e+02 6.340739295121904e-02
4.515154800000000e+02 6.963390361217842e-02
4.515981600000000e+02 7.539626690616066e-02
4.516808400000000e+02 7.978346517399702e-02
4.517635200000000e+02 8.376515629405477e-02
4.518462000000000e+02 8.794724690734029e-02
4.519288800000000e+02 9.114788041787109e-02
4.520115600000000e+02 9.298357723963729e-02
4.520942400000000e+02 9.468325809694154e-02
4.521769200000000e+02 9.630630456817169e-02
4.522596000000000e+02 9.658693159935600e-02
4.523422800000000e+02 9.575557614290627e-02
4.524249600000000e+02 9.502611677536420e-02
4.525076400000000e+02 9.389462625218896e-02
4.525903200000000e+02 9.129192705796974e-02
4.526730000000000e+02 8.801142469769457e-02
4.527556800000000e+02 8.498228911806482e-02
4.528383600000000e+02 8.125029871775684e-02
4.529210400000000e+02 7.618013705098205e-02
4.530037200000000e+02 7.095218583148269e-02
4.530864000000000e+02 6.600918196801171e-02
4.531690800000000e+02 6.016155926496265e-02
4.532517600000000e+02 5.334699663521603e-02
4.533344400000000e+02 4.687454444840348e-02
4.534171200000000e+02 4.061148670039256e-02
4.534998000000000e+02 3.339767675773447e-02
4.535824800000000e+02 2.575545924589430e-02
4.536651600000000e+02 1.884232688516832e-02
4.537478400000000e+02 1.198954583813255e-02
4.538305200000000e+02 4.319754782890635e-03
4.539132000000000e+02 -3.174196797665523e-03
4.539958800000000e+02 -9.726866282478265e-03
4.540785600000000e+02 -1.638942101091992e-02
4.541612400000000e+02 -2.356912537296209e-02
4.542439200000000e+02 -3.001356086344792e-02
4.543266000000000e+02 -3.550136365065056e-02
4.544092800000000e+02 -4.123600897717927e-02
4.544919600000000e+02 -4.707022166672239e-02
4.545746400000000e+02 -5.175266913865929e-02
4.546573200000000e+02 -5.564235829172905e-02
4.547400000000000e+02 -5.983873608149357e-02
4.548226800000000e+02 -6.367221347801602e-02
4.549053600000000e+02 -6.614906741556616e-02
4.549880400000000e+02 -6.812602488907890e-02
4.550707200000000e+02 -7.036827813545687e-02
4.551534000000000e+02 -7.182361353156755e-02
4.552360800000000e+02 -7.195780624408508e-02
4.553187600000000e+02 -7.194284315536789e-02
4.554014400000000e+02 -7.205085979922338e-02
4.554841200000000e+02 -7.106528439900697e-02
4.555668000000000e+02 -6.901955484967114e-02
4.556494800000000e+02 -6.715574364587172e-02
4.557321600000000e+02 -6.519688361335949e-02
4.558148400000000e+02 -6.201562254985978e-02
4.558975200000000e+02 -5.820588685827918e-02
4.559802000000000e+02 -5.482078435842836e-02
4.560628800000000e+02 -5.109312914837960e-02
4.561455600000000e+02 -4.622296177628567e-02
4.562282400000000e+02 -4.124209929359057e-02
4.563109200000000e+02 -3.679433323916707e-02
4.563936000000000e+02 -3.178604202114367e-02
4.564762800000000e+02 -2.591787417503663e-02
4.565589600000000e+02 -2.044428123921201e-02
4.566416400000000e+02 -1.546478585494349e-02
4.567243200000000e+02 -9.795975378799655e-03
4.568070000000000e+02 -3.708752487739729e-03
4.568896800000000e+02 1.584747985148056e-03
4.569723600000000e+02 6.548047387616556e-03
4.570550400000000e+02 1.219417333352108e-02
4.571377200000000e+02 1.773433194854127e-02
4.572204000000000e+02 2.225763500910920e-02
4.573030800000000e+02 2.668652123405400e-02
4.573857600000000e+02 3.163701718675211e-02
4.574684400000000e+02 3.596908342615931e-02
4.575511200000000e+02 3.926912874575740e-02
4.576338000000000e+02 4.271222615325077e-02
4.577164800000000e+02 4.637635234208167e-02
4.577991600000000e+02 4.901704629148978e-02
4.578818400000000e+02 5.080650331214849e-02
4.579645200000000e+02 5.290896504254109e-02
4.580472000000000e+02 5.484286248943337e-02
4.581298800000000e+02 5.553247145242098e-02
4.582125600000000e+02 5.569556115838602e-02
4.582952400000000e+02 5.622425819341987e-02
4.583779200000000e+02 5.618229699831049e-02
4.584606000000000e+02 5.490088971671966e-02
4.585432800000000e+02 5.348277094426951e-02
4.586259600000000e+02 5.234848944476521e-02
4.587086400000000e+02 5.031543521882360e-02
4.587913200000000e+02 4.727099851353606e-02
4.588740000000000e+02 4.445810813025736e-02
4.589566800000000e+02 4.173344692132934e-02
4.590393600000000e+02 3.793266300320013e-02
4.591220400000000e+02 3.352602481540592e-02
4.592047200000000e+02 2.962320584361011e-02
4.592874000000000e+02 2.555200552385947e-02
4.593700800000000e+02 2.042700924204145e-02
4.594527600000000e+02 1.520027211533516e-02
4.595354400000000e+02 1.060735735839794e-02
4.596181200000000e+02 5.599824063148326e-03
4.597008000000000e+02 -2.305747043856700e-04
4.597834800000000e+02 -5.655085301202209e-03
4.598661600000000e+02 -1.046802720745763e-02
4.599488400000000e+02 -1.586000853795363e-02
4.600315200000000e+02 -2.166949351262486e-02
4.601142000000000e+02 -2.665369830247911e-02
4.601968800000000e+02 -3.117563741699806e-02
4.602795600000000e+02 -3.630595855328236e-02
4.603622400000000e+02 -4.134481669548276e-02
4.604449200000000e+02 -4.529812173084015e-02
4.605276000000000e+02 -4.901434754174695e-02
4.606102800000000e+02 -5.321153034116548e-02
4.606929600000000e+02 -5.679797051647571e-02
4.607756400000000e+02 -5.923570349475308e-02
4.608583200000000e+02 -6.167452925557645e-02
4.609410000000000e+02 -6.432550770036172e-02
4.610236800000000e+02 -6.593347341928085e-02
4.611063600000000e+02 -6.652714370207903e-02
4.611890400000000e+02 -6.731366500834142e-02
4.612717200000000e+02 -6.795150418937373e-02
4.613544000000000e+02 -6.728379713471772e-02
4.614370800000000e+02 -6.589921881203249e-02
4.615197600000000e+02 -6.480966142462824e-02
4.616024400000000e+02 -6.319153846567226e-02
4.616851200000000e+02 -6.022790068888259e-02
4.617678000000000e+02 -5.694655661737455e-02
4.618504800000000e+02 -5.395393689173432e-02
4.619331600000000e+02 -5.011562791808675e-02
4.620158400000000e+02 -4.512768194272027e-02
4.620985200000000e+02 -4.024692722521637e-02
4.621812000000000e+02 -3.554829283831155e-02
4.622638800000000e+02 -2.982397726211392e-02
4.623465600000000e+02 -2.335259707211680e-02
4.624292400000000e+02 -1.736203272309881e-02
4.625119200000000e+02 -1.137956493900242e-02
4.625946000000000e+02 -4.380395721726529e-03
4.626772800000000e+02 2.824053824536260e-03
4.627599600000000e+02 9.289570456582446e-03
4.628426400000000e+02 1.593759193067368e-02
4.629253200000000e+02 2.338686122973939e-02
4.630080000000000e+02 3.045546843567962e-02
4.630906800000000e+02 3.668201122756946e-02
4.631733600000000e+02 4.324005396636030e-02
4.632560400000000e+02 5.020084227971158e-02
4.633387200000000e+02 5.625702153801636e-02
4.634214000000000e+02 6.152970704933054e-02
4.635040800000000e+02 6.718917802303483e-02
4.635867600000000e+02 7.273364031606060e-02
4.636694400000000e+02 7.700863759176524e-02
4.637521200000000e+02 8.069273894216507e-02
4.638348000000000e+02 8.469328799139823e-02
4.639174800000000e+02 8.803678670562218e-02
4.640001600000000e+02 8.997282406143904e-02
4.640828400000000e+02 9.158893442347538e-02
4.641655200000000e+02 9.332506217312178e-02
4.642482000000000e+02 9.394616000932000e-02
4.643308800000000e+02 9.327163658610278e-02
4.644135600000000e+02 9.255693301151002e-02
4.644962400000000e+02 9.167489641950438e-02
4.645789200000000e+02 8.940213197102526e-02
4.646616000000000e+02 8.616781902306683e-02
4.647442800000000e+02 8.311666168621921e-02
4.648269600000000e+02 7.958488148191388e-02
4.649096400000000e+02 7.463356859654437e-02
4.649923200000000e+02 6.920532804132554e-02
4.650750000000000e+02 6.408338073711937e-02
4.651576800000000e+02 5.822082725097314e-02
4.652403600000000e+02 5.117139628440950e-02
4.653230400000000e+02 4.418182410435035e-02
4.654057200000000e+02 3.750906985820388e-02
4.654884000000000e+02 2.996160310009918e-02
4.655710800000000e+02 2.168177837824020e-02
4.656537600000000e+02 1.394865480053633e-02
4.657364400000000e+02 6.449168253876494e-03
4.658191200000000e+02 -1.886953539616604e-03
4.659018000000000e+02 -1.036353629214855e-02
4.659844800000000e+02 -1.794070620878358e-02
4.660671600000000e+02 -2.541987670764161e-02
4.661498400000000e+02 -3.351747238135913e-02
4.662325200000000e+02 -4.113642284680536e-02
4.663152000000000e+02 -4.768877664038080e-02
4.663978800000000e+02 -5.428128935918276e-02
4.664805600000000e+02 -6.112597160610674e-02
4.665632400000000e+02 -6.695839963504725e-02
4.666459200000000e+02 -7.175523536270513e-02
4.667286000000000e+02 -7.668767103741765e-02
4.668112800000000e+02 -8.142230191381869e-02
4.668939600000000e+02 -8.479050039717882e-02
4.669766400000000e+02 -8.732823283571001e-02
4.670593200000000e+02 -9.002352201913967e-02
4.671420000000000e+02 -9.207006043066915e-02
4.672246800000000e+02 -9.263479454839423e-02
4.673073600000000e+02 -9.269509917217739e-02
4.673900400000000e+02 -9.285034256291839e-02
4.674727200000000e+02 -9.199014551796848e-02
4.675554000000000e+02 -8.978756892597121e-02
4.676380800000000e+02 -8.745614555782213e-02
4.677207600000000e+02 -8.508235976279518e-02
4.678034400000000e+02 -8.148325073845862e-02
4.678861200000000e+02 -7.690682699505119e-02
4.679688000000000e+02 -7.255024076145254e-02
4.680514800000000e+02 -6.796849799369054e-02
4.681341600000000e+02 -6.215548977048022e-02
4.682168400000000e+02 -5.588664960896042e-02
4.682995200000000e+02 -5.009203986170958e-02
4.683822000000000e+02 -4.388801004938545e-02
4.684648800000000e+02 -3.666313271273293e-02
4.685475600000000e+02 -2.956272320344142e-02
4.686302400000000e+02 -2.305184563044257e-02
4.687129200000000e+02 -1.599700188506379e-02
4.687956000000000e+02 -8.321170557535576e-03
4.688782800000000e+02 -1.300465917024677e-03
4.689609600000000e+02 5.166528805773716e-03
4.690436400000000e+02 1.221490805275214e-02
4.691263200000000e+02 1.935950009121493e-02
4.692090000000000e+02 2.546611180653259e-02
4.692916800000000e+02 3.118176407866382e-02
4.693743600000000e+02 3.738820732940411e-02
4.694570400000000e+02 4.313383090892886e-02
4.695397200000000e+02 4.767363778481160e-02
4.696224000000000e+02 5.205737593447284e-02
4.697050800000000e+02 5.671013529516546e-02
4.697877600000000e+02 6.041660144620081e-02
4.698704400000000e+02 6.298587424287727e-02
4.699531200000000e+02 6.563513740953519e-02
4.700358000000000e+02 6.823041181410706e-02
4.701184800000000e+02 6.955894766730893e-02
4.702011600000000e+02 7.002674254339393e-02
4.702838400000000e+02 7.074407698241041e-02
4.703665200000000e+02 7.104269058138618e-02
4.704492000000000e+02 6.998156018779432e-02
4.705318800000000e+02 6.847326182188081e-02
4.706145600000000e+02 6.727170486944670e-02
4.706972400000000e+02 6.532160014936064e-02
4.707799200000000e+02 6.216347927763959e-02
4.708626000000000e+02 5.901418294686509e-02
4.709452800000000e+02 5.610428512421995e-02
4.710279600000000e+02 5.222656799467860e-02
4.711106400000000e+02 4.750602371256939e-02
4.711933200000000e+02 4.319679480186525e-02
4.712760000000000e+02 3.895834066002692e-02
4.713586800000000e+02 3.369965924401702e-02
4.714413600000000e+02 2.810468627647909e-02
4.715240400000000e+02 2.319398295530043e-02
4.716067200000000e+02 1.813505940203266e-02
4.716894000000000e+02 1.219377242317496e-02
4.717720800000000e+02 6.467309246170097e-03
4.718547600000000e+02 1.526839875832789e-03
4.719374400000000e+02 -3.766945513286625e-03
4.720201200000000e+02 -9.630107680980590e-03
4.721028000000000e+02 -1.478403864367079e-02
4.721854800000000e+02 -1.922340241474486e-02
4.722681600000000e+02 -2.414608199207264e-02
4.723508400000000e+02 -2.920090940943920e-02
4.724335200000000e+02 -3.319518706053629e-02
4.725162000000000e+02 -3.668503667619284e-02
4.725988800000000e+02 -4.066962275426252e-02
4.726815600000000e+02 -4.430159241395518e-02
4.727642400000000e+02 -4.672114804658316e-02
4.728469200000000e+02 -4.892468323761996e-02
4.729296000000000e+02 -5.150008782638544e-02
4.730122800000000e+02 -5.327860851091997e-02
4.730949600000000e+02 -5.391004916764378e-02
4.731776400000000e+02 -5.462024031156745e-02
4.732603200000000e+02 -5.546118122389156e-02
4.733430000000000e+02 -5.518454461684158e-02
4.734256800000000e+02 -5.402120732850298e-02
4.735083600000000e+02 -5.317014143289738e-02
4.735910400000000e+02 -5.213569491626324e-02
4.736737200000000e+02 -4.984934974774420e-02
4.737564000000000e+02 -4.707542206660205e-02
4.738390800000000e+02 -4.473680441427336e-02
4.739217600000000e+02 -4.189360223810119e-02
4.740044400000000e+02 -3.788115045420166e-02
4.740871200000000e+02 -3.384001205407602e-02
4.741698000000000e+02 -3.022582788498959e-02
4.742524800000000e+02 -2.585234239745178e-02
4.743351600000000e+02 -2.060107982092808e-02
4.744178400000000e+02 -1.575340543042278e-02
4.745005200000000e+02 -1.120432165799148e-02
4.745832000000000e+02 -5.773467516179709e-03
4.746658800000000e+02 8.163181807778298e-05
4.747485600000000e+02 5.204978644386244e-03
4.748312400000000e+02 1.023725268368802e-02
4.749139200000000e+02 1.609853863218482e-02
4.749966000000000e+02 2.184669281009570e-02
4.750792800000000e+02 2.669298439636261e-02
4.751619600000000e+02 3.167389398060899e-02
4.752446400000000e+02 3.724715154003427e-02
4.753273200000000e+02 4.218225441977513e-02
4.754100000000000e+02 4.622365913884788e-02
4.754926800000000e+02 5.057675594941163e-02
4.755753600000000e+02 5.513254617898185e-02
4.756580400000000e+02 5.863388684911757e-02
4.757407200000000e+02 6.141099285523327e-02
4.758234000000000e+02 6.457224544370442e-02
4.759060800000000e+02 6.746115149534038e-02
4.759887600000000e+02 6.906555530416765e-02
4.760714400000000e+02 7.022678813226925e-02
4.761541200000000e+02 7.170999962179075e-02
4.762368000000000e+02 7.245311917375274e-02
4.763194800000000e+02 7.191028929067014e-02
4.764021600000000e+02 7.124658599164362e-02
4.764848400000000e+02 7.071385317970945e-02
4.765675200000000e+02 6.907953030717212e-02
4.766502000000000e+02 6.638414144489933e-02
4.767328800000000e+02 6.385760793616639e-02
4.768155600000000e+02 6.118473466540227e-02
4.768982400000000e+02 5.723806862471423e-02
4.769809200000000e+02 5.263489253132798e-02
4.770636000000000e+02 4.839857658952080e-02
4.771462800000000e+02 4.372241525240510e-02
4.772289600000000e+02 3.783666059410156e-02
4.773116400000000e+02 3.179808961862205e-02
4.773943200000000e+02 2.620193695345865e-02
4.774770000000000e+02 1.993634045503699e-02
4.775596800000000e+02 1.276066067112048e-02
4.776423600000000e+02 5.938761871992113e-03
4.777250400000000e+02 -4.845161614814547e-04
4.778077200000000e+02 -7.673959011664035e-03
4.778904000000000e+02 -1.528877084106739e-02
4.779730800000000e+02 -2.213141867774526e-02
4.780557600000000e+02 -2.870597986195061e-02
4.781384400000000e+02 -3.597108565895608e-02
4.782211200000000e+02 -4.307999682321793e-02
4.783038000000000e+02 -4.915471385258428e-02
4.783864800000000e+02 -5.512825128693066e-02
4.784691600000000e+02 -6.154471991580384e-02
4.785518400000000e+02 -6.723421550814326e-02
4.786345200000000e+02 -7.181807282418133e-02
4.787172000000000e+02 -7.645071852845754e-02
4.787998800000000e+02 -8.114678649332394e-02
4.788825600000000e+02 -8.466094867020083e-02
4.789652400000000e+02 -8.718613717648802e-02
4.790479200000000e+02 -8.985005458275115e-02
4.791306000000000e+02 -9.213657929988285e-02
4.792132800000000e+02 -9.298493875775644e-02
4.792959600000000e+02 -9.311397269723209e-02
4.793786400000000e+02 -9.338742233386091e-02
4.794613200000000e+02 -9.286745412282606e-02
4.795440000000000e+02 -9.089819537789379e-02
4.796266800000000e+02 -8.857310680218482e-02
4.797093600000000e+02 -8.631199376099895e-02
4.797920400000000e+02 -8.295103168635753e-02
4.798747200000000e+02 -7.837762317799440e-02
4.799574000000000e+02 -7.383380043103123e-02
4.800400800000000e+02 -6.920711805182084e-02
4.801227600000000e+02 -6.335163712569401e-02
4.802054400000000e+02 -5.672745000582137e-02
4.802881200000000e+02 -5.046803285860135e-02
4.803708000000000e+02 -4.394999614889307e-02
4.804534800000000e+02 -3.628996741556764e-02
4.805361600000000e+02 -2.843331083720488e-02
4.806188400000000e+02 -2.116695914439310e-02
4.807015200000000e+02 -1.348597497244080e-02
4.807842000000000e+02 -4.965586038977446e-03
4.808668800000000e+02 3.154251506206190e-03
4.809495600000000e+02 1.060278406870812e-02
4.810322400000000e+02 1.855165676910245e-02
4.811149200000000e+02 2.686303304197746e-02
4.811976000000000e+02 3.426116204866458e-02
4.812802800000000e+02 4.105381240672196e-02
4.813629600000000e+02 4.832152636395119e-02
4.814456400000000e+02 5.537958402615654e-02
4.815283200000000e+02 6.119056038662932e-02
4.816110000000000e+02 6.657714778124163e-02
4.816936800000000e+02 7.228405685295636e-02
4.817763600000000e+02 7.721816167830485e-02
4.818590400000000e+02 8.080893278578470e-02
4.819417200000000e+02 8.421378808274775e-02
4.820244000000000e+02 8.766762629217086e-02
4.821070800000000e+02 8.990385968616975e-02
4.821897600000000e+02 9.094744391423915e-02
4.822724400000000e+02 9.203228892789687e-02
4.823551200000000e+02 9.282411998115074e-02
4.824378000000000e+02 9.216224321827549e-02
4.825204800000000e+02 9.066321595573656e-02
4.826031600000000e+02 8.936105944556653e-02
4.826858400000000e+02 8.742408921468828e-02
4.827685200000000e+02 8.405594074703737e-02
4.828512000000000e+02 8.032830204403466e-02
4.829338800000000e+02 7.684623818102863e-02
4.830165600000000e+02 7.246682163962548e-02
4.830992400000000e+02 6.693477747994912e-02
4.831819200000000e+02 6.154073577887115e-02
4.832646000000000e+02 5.633191145087670e-02
4.833472800000000e+02 5.010949872832229e-02
4.834299600000000e+02 4.321479075494902e-02
4.835126400000000e+02 3.687757588524634e-02
4.835953200000000e+02 3.058503854819418e-02
4.836780000000000e+02 2.334675451682880e-02
4.837606800000000e+02 1.602556922531748e-02
4.838433600000000e+02 9.530503133228957e-03
4.839260400000000e+02 2.908719208273987e-03
4.840087200000000e+02 -4.407650259447448e-03
4.840914000000000e+02 -1.121889280263179e-02
4.841740800000000e+02 -1.712194902826106e-02
4.842567600000000e+02 -2.329873090917740e-02
4.843394400000000e+02 -2.977450509271764e-02
4.844221200000000e+02 -3.526415943991149e-02
4.845048000000000e+02 -3.994583614602874e-02
4.845874800000000e+02 -4.497660097041432e-02
4.846701600000000e+02 -4.983475107322208e-02
4.847528400000000e+02 -5.341449249505513e-02
4.848355200000000e+02 -5.642954357265493e-02
4.849182000000000e+02 -5.976845646054455e-02
4.850008800000000e+02 -6.247141736330264e-02
4.850835600000000e+02 -6.383688331172922e-02
4.851662400000000e+02 -6.496036568029008e-02
4.852489200000000e+02 -6.627697764590586e-02
4.853316000000000e+02 -6.658719131681509e-02
4.854142800000000e+02 -6.573532098132154e-02
4.854969600000000e+02 -6.496903506590911e-02
4.855796400000000e+02 -6.417992080837849e-02
4.856623200000000e+02 -6.217689309003107e-02
4.857450000000000e+02 -5.938096093537532e-02
4.858276800000000e+02 -5.693239292101551e-02
4.859103600000000e+02 -5.420220227375019e-02
4.859930400000000e+02 -5.025644400367470e-02
4.860757200000000e+02 -4.600599637472467e-02
4.861584000000000e+02 -4.224630835720922e-02
4.862410800000000e+02 -3.796065046016968e-02
4.863237600000000e+02 -3.267084815220113e-02
4.864064400000000e+02 -2.758884052984891e-02
4.864891200000000e+02 -2.299917513169700e-02
4.865718000000000e+02 -1.771481823337513e-02
4.866544800000000e+02 -1.181921070414498e-02
4.867371600000000e+02 -6.571447397479177e-03
4.868198400000000e+02 -1.686962237462095e-03
4.869025200000000e+02 3.933761497700200e-03
4.869852000000000e+02 9.658073924715384e-03
4.870678800000000e+02 1.444641787164148e-02
4.871505600000000e+02 1.908777658967575e-02
4.872332400000000e+02 2.435129178912962e-02
4.873159200000000e+02 2.918680334128686e-02
4.873986000000000e+02 3.299625401287300e-02
4.874812800000000e+02 3.689707193064348e-02
4.875639600000000e+02 4.115482620101737e-02
4.876466400000000e+02 4.452713498491214e-02
4.877293200000000e+02 4.698484983942820e-02
4.878120000000000e+02 4.972406564772618e-02
4.878946800000000e+02 5.244415732507552e-02
4.879773600000000e+02 5.398121252114899e-02
4.880600400000000e+02 5.487805128329274e-02
4.881427200000000e+02 5.614153280562629e-02
4.882254000000000e+02 5.696915962179441e-02
4.883080800000000e+02 5.653143492105561e-02
4.883907600000000e+02 5.582013979533799e-02
4.884734400000000e+02 5.542783936622596e-02
4.885561200000000e+02 5.422829095106456e-02
4.886388000000000e+02 5.190976283412033e-02
4.887214800000000e+02 4.969140292412206e-02
4.888041600000000e+02 4.762070122010566e-02
4.888868400000000e+02 4.449957294507625e-02
4.889695200000000e+02 4.060333310283574e-02
4.890522000000000e+02 3.710861307227071e-02
4.891348800000000e+02 3.351062963346090e-02
4.892175600000000e+02 2.880781992482026e-02
4.893002400000000e+02 2.380266810352314e-02
4.893829200000000e+02 1.937203856368911e-02
4.894656000000000e+02 1.457553645353316e-02
4.895482800000000e+02 8.832283891761867e-03
4.896309600000000e+02 3.297446513987850e-03
4.897136400000000e+02 -1.639610116075327e-03
4.897963200000000e+02 -7.142583639267163e-03
4.898790000000000e+02 -1.324125909976306e-02
4.899616800000000e+02 -1.867685111642277e-02
4.900443600000000e+02 -2.362604377866327e-02
4.901270400000000e+02 -2.921700821700117e-02
4.902097200000000e+02 -3.491906165950134e-02
4.902924000000000e+02 -3.963806882646105e-02
4.903750800000000e+02 -4.407204201854498e-02
4.904577600000000e+02 -4.906606411999236e-02
4.905404400000000e+02 -5.364043996054037e-02
4.906231200000000e+02 -5.709563578463848e-02
4.907058000000000e+02 -6.049618547493346e-02
4.907884800000000e+02 -6.422081845556332e-02
4.908711600000000e+02 -6.704700872633962e-02
4.909538400000000e+02 -6.881437048348191e-02
4.910365200000000e+02 -7.072484133599602e-02
4.911192000000000e+02 -7.260899469735345e-02
4.912018800000000e+02 -7.325757713074794e-02
4.912845600000000e+02 -7.308089592119597e-02
4.913672400000000e+02 -7.316414480634865e-02
4.914499200000000e+02 -7.282423607180953e-02
4.915326000000000e+02 -7.111802284643109e-02
4.916152800000000e+02 -6.894095917427313e-02
4.916979600000000e+02 -6.703445917435211e-02
4.917806400000000e+02 -6.434381517712320e-02
4.918633200000000e+02 -6.039063077300626e-02
4.919460000000000e+02 -5.637145337202634e-02
4.920286800000000e+02 -5.252924159486356e-02
4.921113600000000e+02 -4.765797326298114e-02
4.921940400000000e+02 -4.184879541129528e-02
4.922767200000000e+02 -3.635363014366393e-02
4.923594000000000e+02 -3.086551597461635e-02
4.924420800000000e+02 -2.428172669495220e-02
4.925247600000000e+02 -1.725195380363420e-02
4.926074400000000e+02 -1.082459494847810e-02
4.926901200000000e+02 -4.206007340544489e-03
4.927728000000000e+02 3.365509196717259e-03
4.928554800000000e+02 1.080887267618750e-02
4.929381600000000e+02 1.749913803490354e-02
4.930208400000000e+02 2.454906754348576e-02
4.931035200000000e+02 3.220836678491359e-02
4.931862000000000e+02 3.918546718260160e-02
4.932688800000000e+02 4.541305441357197e-02
4.933515600000000e+02 5.208311981998120e-02
4.934342400000000e+02 5.886837336782274e-02
4.935169200000000e+02 6.453837400903438e-02
4.935996000000000e+02 6.960009761894223e-02
4.936822800000000e+02 7.506212878297931e-02
4.937649600000000e+02 8.008034624688555e-02
4.938476400000000e+02 8.375063016773476e-02
4.939303200000000e+02 8.704534222941582e-02
4.940130000000000e+02 9.056265393328118e-02
4.940956800000000e+02 9.311906911973514e-02
4.941783600000000e+02 9.433575349870771e-02
4.942610400000000e+02 9.543659141573091e-02
4.943437200000000e+02 9.647192990719071e-02
4.944264000000000e+02 9.617717355728891e-02
4.945090800000000e+02 9.478372880455736e-02
4.945917600000000e+02 9.349536673116790e-02
4.946744400000000e+02 9.180164543920416e-02
4.947571200000000e+02 8.863751068405366e-02
4.948398000000000e+02 8.479363423736454e-02
4.949224800000000e+02 8.118752000761123e-02
4.950051600000000e+02 7.686406211497498e-02
4.950878400000000e+02 7.119477655415789e-02
4.951705200000000e+02 6.535413682017968e-02
4.952532000000000e+02 5.977527781504422e-02
4.953358800000000e+02 5.327559282060106e-02
4.954185600000000e+02 4.580114507052286e-02
4.955012400000000e+02 3.865246133403141e-02
4.955839200000000e+02 3.169286761009211e-02
4.956666000000000e+02 2.377762824931790e-02
4.957492800000000e+02 1.543638627975537e-02
4.958319600000000e+02 7.816444749375455e-03
4.959146400000000e+02 2.539152162879309e-04
4.959973200000000e+02 -8.106727837373017e-03
4.960800000000000e+02 -1.627005128603345e-02
4.961626800000000e+02 -2.348042659537298e-02
4.962453600000000e+02 -3.077375601990435e-02
4.963280400000000e+02 -3.853404814787406e-02
4.964107200000000e+02 -4.551402253792163e-02
4.964934000000000e+02 -5.149862895546824e-02
4.965760800000000e+02 -5.766696974903034e-02
4.966587600000000e+02 -6.385391035888481e-02
4.967414400000000e+02 -6.882162884110347e-02
4.968241200000000e+02 -7.292892454808841e-02
4.969068000000000e+02 -7.724650103686655e-02
4.969894800000000e+02 -8.109849347693758e-02
4.970721600000000e+02 -8.351076904977894e-02
4.971548400000000e+02 -8.533212821893815e-02
4.972375200000000e+02 -8.730162577501663e-02
4.973202000000000e+02 -8.837546031719204e-02
4.974028800000000e+02 -8.804087949750063e-02
4.974855600000000e+02 -8.745582574816177e-02
4.975682400000000e+02 -8.687557554615929e-02
4.976509200000000e+02 -8.510561856738545e-02
4.977336000000000e+02 -8.219860974904733e-02
4.978162800000000e+02 -7.938021883233153e-02
4.978989600000000e+02 -7.636971003940425e-02
4.979816400000000e+02 -7.207113465885008e-02
4.980643200000000e+02 -6.709282767635785e-02
4.981470000000000e+02 -6.247306564279865e-02
4.982296800000000e+02 -5.745383805350277e-02
4.983123600000000e+02 -5.127045073421452e-02
4.983950400000000e+02 -4.496343997457273e-02
4.984777200000000e+02 -3.916541279387373e-02
4.985604000000000e+02 -3.280167973797302e-02
4.986430800000000e+02 -2.560721350103456e-02
4.987257600000000e+02 -1.883909295534092e-02
4.988084400000000e+02 -1.258890390680807e-02
4.988911200000000e+02 -5.697825550410677e-03
4.989738000000000e+02 1.533501680140215e-03
4.990564800000000e+02 7.897560299244591e-03
4.991391600000000e+02 1.386419973747144e-02
4.992218400000000e+02 2.041947102929280e-02
4.993045200000000e+02 2.675269583671559e-02
4.993872000000000e+02 3.196665698223501e-02
4.994698800000000e+02 3.698930765807959e-02
4.995525600000000e+02 4.240960830343316e-02
4.996352400000000e+02 4.707713538168948e-02
4.997179200000000e+02 5.060181673533520e-02
4.998006000000000e+02 5.416220381284829e-02
4.998832800000000e+02 5.781159248188500e-02
4.999659600000000e+02 6.031007230297845e-02
5.000486400000000e+02 6.186098804238235e-02
5.001313200000000e+02 6.362758827145948e-02
5.002140000000000e+02 6.510963051147033e-02
5.002966800000000e+02 6.525207568967763e-02
5.003793600000000e+02 6.480575446522768e-02
5.004620400000000e+02 6.465585072648711e-02
5.005447200000000e+02 6.385756037079512e-02
5.006274000000000e+02 6.177588819250776e-02
5.007100800000000e+02 5.954117783783296e-02
5.007927600000000e+02 5.756224071895261e-02
5.008754400000000e+02 5.466049316701610e-02
5.009581200000000e+02 5.076286280539757e-02
5.010408000000000e+02 4.712861284569998e-02
5.011234800000000e+02 4.360133817933683e-02
5.012061600000000e+02 3.903187066640427e-02
5.012888400000000e+02 3.392646090450259e-02
5.013715200000000e+02 2.939794867975118e-02
5.014542000000000e+02 2.476322403495185e-02
5.015368800000000e+02 1.915776591084227e-02
5.016195600000000e+02 1.355846275055375e-02
5.017022400000000e+02 8.692947900746477e-03
5.017849200000000e+02 3.505340106890928e-03
5.018676000000000e+02 -2.393250150555868e-03
5.019502800000000e+02 -7.763610375202298e-03
5.020329600000000e+02 -1.241511199201259e-02
5.021156400000000e+02 -1.754387035737128e-02
5.021983200000000e+02 -2.297622975150390e-02
5.022810000000000e+02 -2.747198459560317e-02
5.023636800000000e+02 -3.141285816628196e-02
5.024463600000000e+02 -3.587584916473539e-02
5.025290400000000e+02 -4.015810133458451e-02
5.026117200000000e+02 -4.327719722757704e-02
5.026944000000000e+02 -4.610200982552916e-02
5.027770800000000e+02 -4.935933048506139e-02
5.028597600000000e+02 -5.196169243938886e-02
5.029424400000000e+02 -5.338774766049800e-02
5.030251200000000e+02 -5.480809131585196e-02
5.031078000000000e+02 -5.644390273966736e-02
5.031904800000000e+02 -5.704792945431854e-02
5.032731600000000e+02 -5.666724792723128e-02
5.033558400000000e+02 -5.652809876688136e-02
5.034385200000000e+02 -5.629751898936061e-02
5.035212000000000e+02 -5.482722600719573e-02
5.036038800000000e+02 -5.272328165300968e-02
5.036865600000000e+02 -5.101160719519571e-02
5.037692400000000e+02 -4.887304338392363e-02
5.038519200000000e+02 -4.549828588718571e-02
5.039346000000000e+02 -4.192830870441011e-02
5.040172800000000e+02 -3.877516773596489e-02
5.040999600000000e+02 -3.490435471196655e-02
5.041826400000000e+02 -3.001759353591506e-02
5.042653200000000e+02 -2.537679714103027e-02
5.043480000000000e+02 -2.105305048173189e-02
5.044306800000000e+02 -1.583586872597611e-02
5.045133600000000e+02 -1.000571704993146e-02
5.045960400000000e+02 -4.784511810792804e-03
5.046787200000000e+02 3.111197414332692e-04
5.047614000000000e+02 6.308782504800616e-03
5.048440800000000e+02 1.240202528389584e-02
5.049267600000000e+02 1.766347650378717e-02
5.050094400000000e+02 2.302634982370154e-02
5.050921200000000e+02 2.911158249818152e-02
5.051748000000000e+02 3.475176659391514e-02
5.052574800000000e+02 3.950865189998624e-02
5.053401600000000e+02 4.456270838493728e-02
5.054228400000000e+02 4.998867822570161e-02
5.055055200000000e+02 5.450331003897113e-02
5.055882000000000e+02 5.824927535196065e-02
5.056708800000000e+02 6.239570508107409e-02
5.057535600000000e+02 6.644892226839556e-02
5.058362400000000e+02 6.928411865338886e-02
5.059189200000000e+02 7.159174777133703e-02
5.060016000000000e+02 7.427107705658446e-02
5.060842800000000e+02 7.636350004479528e-02
5.061669600000000e+02 7.714643154391525e-02
5.062496400000000e+02 7.770491125086026e-02
5.063323200000000e+02 7.846828564895653e-02
5.064150000000000e+02 7.822219780725362e-02
5.064976800000000e+02 7.680431494031316e-02
5.065803600000000e+02 7.545366974862025e-02
5.066630400000000e+02 7.403498526297182e-02
5.067457200000000e+02 7.134737870472284e-02
5.068284000000000e+02 6.782389026045833e-02
5.069110800000000e+02 6.458369014726947e-02
5.069937600000000e+02 6.096053112182196e-02
5.070764400000000e+02 5.603493067584931e-02
5.071591200000000e+02 5.073866797632149e-02
5.072418000000000e+02 4.582681320564027e-02
5.073244800000000e+02 4.025636607945769e-02
5.074071600000000e+02 3.359395325001578e-02
5.074898400000000e+02 2.706427313469468e-02
5.075725200000000e+02 2.089927975642239e-02
5.076552000000000e+02 1.391693004977772e-02
5.077378800000000e+02 6.264981049279325e-03
5.078205600000000e+02 -8.057092875127459e-04
5.079032400000000e+02 -7.626069610388618e-03
5.079859200000000e+02 -1.525231483181619e-02
5.080686000000000e+02 -2.298959246972234e-02
5.081512800000000e+02 -2.982765942055878e-02
5.082339600000000e+02 -3.657615532529327e-02
5.083166400000000e+02 -4.393383153954689e-02
5.083993200000000e+02 -5.081060834004261e-02
5.084820000000000e+02 -5.664579073663002e-02
5.085646800000000e+02 -6.254327968901717e-02
5.086473600000000e+02 -6.869538054262576e-02
5.087300400000000e+02 -7.384978479060994e-02
5.088127200000000e+02 -7.800485563431013e-02
5.088954000000000e+02 -8.231769862738422e-02
5.089780800000000e+02 -8.643609271579390e-02
5.090607600000000e+02 -8.920825683334249e-02
5.091434400000000e+02 -9.118354316006023e-02
5.092261200000000e+02 -9.332653921109833e-02
5.093088000000000e+02 -9.481701026916828e-02
5.093914800000000e+02 -9.484234333462875e-02
5.094741600000000e+02 -9.438316612979879e-02
5.095568400000000e+02 -9.401032988779934e-02
5.096395200000000e+02 -9.260817863841077e-02
5.097222000000000e+02 -8.987151731385574e-02
5.098048800000000e+02 -8.700705507290385e-02
5.098875600000000e+02 -8.407355123318741e-02
5.099702400000000e+02 -7.989338802399239e-02
5.100529200000000e+02 -7.473474521026717e-02
5.101356000000000e+02 -6.978025107993903e-02
5.102182800000000e+02 -6.456368343516933e-02
5.103009600000000e+02 -5.809432449109522e-02
5.103836400000000e+02 -5.116387027317225e-02
5.104663200000000e+02 -4.468416928978548e-02
5.105490000000000e+02 -3.776053962497828e-02
5.106316800000000e+02 -2.980436576004971e-02
5.107143600000000e+02 -2.197226745832316e-02
5.107970400000000e+02 -1.471144953599881e-02
5.108797200000000e+02 -6.888437338754574e-03
5.109624000000000e+02 1.547023317102063e-03
5.110450800000000e+02 9.312503199081739e-03
5.111277600000000e+02 1.652436007250190e-02
5.112104400000000e+02 2.430806937965507e-02
5.112931200000000e+02 3.215109627868212e-02
5.113758000000000e+02 3.891794521122951e-02
5.114584800000000e+02 4.526697521749806e-02
5.115411600000000e+02 5.206326091386684e-02
5.116238400000000e+02 5.833043927157885e-02
5.117065200000000e+02 6.332795056951195e-02
5.117892000000000e+02 6.811359014963336e-02
5.118718800000000e+02 7.309149902825715e-02
5.119545600000000e+02 7.702775154032356e-02
5.120372400000000e+02 7.974258431343671e-02
5.121199200000000e+02 8.245801624450942e-02
5.122026000000001e+02 8.501800746303605e-02
5.122852800000001e+02 8.620111919744776e-02
5.123679600000000e+02 8.643092048156903e-02
5.124506400000000e+02 8.681883719921950e-02
5.125333200000000e+02 8.667749055694687e-02
5.126160000000000e+02 8.506981701175888e-02
5.126986800000000e+02 8.292976745776008e-02
5.127813600000001e+02 8.100862711669105e-02
5.128640400000000e+02 7.823956928056686e-02
5.129467200000000e+02 7.417945940421657e-02
5.130294000000000e+02 7.006578260851747e-02
5.131120800000000e+02 6.612429354270491e-02
5.131947600000000e+02 6.114734617941305e-02
5.132774400000001e+02 5.528434771566670e-02
5.133601200000001e+02 4.980500308965240e-02
5.134428000000000e+02 4.436507264206247e-02
5.135254800000000e+02 3.788442803512827e-02
5.136081600000000e+02 3.107230084873998e-02
5.136908400000000e+02 2.495783959251198e-02
5.137735200000001e+02 1.870939910632986e-02
5.138562000000001e+02 1.161081897433038e-02
5.139388800000000e+02 4.778275775732941e-03
5.140215600000000e+02 -1.214129395367424e-03
5.141042400000000e+02 -7.499144177199857e-03
5.141869200000000e+02 -1.427506244035100e-02
5.142696000000000e+02 -2.025475267637726e-02
5.143522800000001e+02 -2.543240403391561e-02
5.144349600000000e+02 -3.099599642215452e-02
5.145176400000000e+02 -3.658417301981160e-02
5.146003200000000e+02 -4.100601793654044e-02
5.146830000000000e+02 -4.481693095618750e-02
5.147656800000000e+02 -4.900788078234499e-02
5.148483600000001e+02 -5.273314162176265e-02
5.149310400000001e+02 -5.514153801526107e-02
5.150137200000000e+02 -5.722793512069897e-02
5.150964000000000e+02 -5.957884055286640e-02
5.151790800000000e+02 -6.103864191643380e-02
5.152617600000000e+02 -6.126817743786280e-02
5.153444400000001e+02 -6.149231603484381e-02
5.154271200000001e+02 -6.177099452502292e-02
5.155098000000000e+02 -6.087662369422103e-02
5.155924800000000e+02 -5.905008369651600e-02
5.156751600000000e+02 -5.749153525573269e-02
5.157578400000000e+02 -5.572148522815078e-02
5.158405200000000e+02 -5.269453915042750e-02
5.159232000000001e+02 -4.918193312255410e-02
5.160058800000000e+02 -4.610996251058432e-02
5.160885600000000e+02 -4.255954781750726e-02
5.161712400000000e+02 -3.788703099018625e-02
5.162539200000000e+02 -3.323523634497957e-02
5.163366000000000e+02 -2.906370365107769e-02
5.164192800000001e+02 -2.420785790204836e-02
5.165019600000001e+02 -1.856483643344664e-02
5.165846400000000e+02 -1.341160240684100e-02
5.166673200000000e+02 -8.645528154757486e-03
5.167500000000000e+02 -3.106376516332802e-03
5.168326800000000e+02 2.740921495734119e-03
5.169153600000001e+02 7.753483633920739e-03
5.169980400000001e+02 1.257146543807944e-02
5.170807200000000e+02 1.809758405317593e-02
5.171634000000000e+02 2.339353144059323e-02
5.172460800000000e+02 2.769274284817976e-02
5.173287600000000e+02 3.203082936545631e-02
5.174114400000000e+02 3.685232937642684e-02
5.174941200000001e+02 4.094440287687832e-02
5.175768000000000e+02 4.407955172209302e-02
5.176594800000000e+02 4.745854853349082e-02
5.177421600000000e+02 5.096613626444389e-02
5.178248400000000e+02 5.337679050780560e-02
5.179075200000000e+02 5.504788672407351e-02
5.179902000000001e+02 5.707739731390193e-02
5.180728800000001e+02 5.881297439993330e-02
5.181555600000000e+02 5.928385035306748e-02
5.182382400000000e+02 5.934957688755827e-02
5.183209200000000e+02 5.976029514504276e-02
5.184036000000000e+02 5.947039619548711e-02
5.184862800000000e+02 5.797679403417846e-02
5.185689600000001e+02 5.644803946295886e-02
5.186516400000000e+02 5.512041836973128e-02
5.187343200000000e+02 5.278827188570746e-02
5.188170000000000e+02 4.952636485888540e-02
5.188996800000000e+02 4.655233634485458e-02
5.189823600000000e+02 4.353935245222241e-02
5.190650400000001e+02 3.939139449082043e-02
5.191477200000000e+02 3.474390294861046e-02
5.192304000000000e+02 3.059591314730401e-02
5.193130800000000e+02 2.613522681466436e-02
5.193957600000000e+02 2.062042590868414e-02
5.194784400000000e+02 1.510792125961696e-02
5.195611200000001e+02 1.016254260215054e-02
5.196438000000001e+02 4.672192454979363e-03
5.197264800000000e+02 -1.584470276046275e-03
5.198091600000000e+02 -7.359779550023570e-03
5.198918400000000e+02 -1.264000524984208e-02
5.199745200000000e+02 -1.858747581151064e-02
5.200572000000000e+02 -2.485305532313952e-02
5.201398800000001e+02 -3.026575715934205e-02
5.202225600000000e+02 -3.535811342944276e-02
5.203052400000000e+02 -4.108542943123963e-02
5.203879200000000e+02 -4.660173966713771e-02
5.204706000000000e+02 -5.106046385574129e-02
5.205532800000000e+02 -5.541844732173934e-02
5.206359600000001e+02 -6.021530353752211e-02
5.207186400000001e+02 -6.428761253204410e-02
5.208013200000000e+02 -6.728895160362271e-02
5.208840000000000e+02 -7.039093457547002e-02
5.209666800000000e+02 -7.360076954902854e-02
5.210493600000000e+02 -7.568270500053727e-02
5.211320400000001e+02 -7.685973212934757e-02
5.212147200000001e+02 -7.826743482824564e-02
5.212974000000000e+02 -7.937816421705031e-02
5.213800800000000e+02 -7.914283363337513e-02
5.214627600000000e+02 -7.830509120769652e-02
5.215454400000000e+02 -7.772494100141086e-02
5.216281200000000e+02 -7.645002656164804e-02
5.217108000000001e+02 -7.383804573233189e-02
5.217934800000000e+02 -7.099853770905133e-02
5.218761600000000e+02 -6.833583833649540e-02
5.219588400000000e+02 -6.467200090998702e-02
5.220415200000000e+02 -5.990892787848065e-02
5.221242000000000e+02 -5.529312834623819e-02
5.222068800000001e+02 -5.068822711030754e-02
5.222895600000001e+02 -4.493856623761262e-02
5.223722400000000e+02 -3.851732151162165e-02
5.224549200000000e+02 -3.255030236736697e-02
5.225376000000000e+02 -2.638780748413484e-02
5.226202800000000e+02 -1.914358859655204e-02
5.227029600000001e+02 -1.177174505494588e-02
5.227856400000001e+02 -5.042236048692687e-03
5.228683200000000e+02 2.071902718595416e-03
5.229510000000000e+02 9.991768329566744e-03
5.230336800000000e+02 1.747486578801089e-02
5.231163600000000e+02 2.427113169925553e-02
5.231990400000000e+02 3.156529012005139e-02
5.232817200000001e+02 3.921179879399863e-02
5.233644000000000e+02 4.593810907474126e-02
5.234470800000000e+02 5.207019528675700e-02
5.235297600000000e+02 5.869154481007106e-02
5.236124400000000e+02 6.510883566243525e-02
5.236951200000000e+02 7.029103935553442e-02
5.237778000000001e+02 7.507216974310858e-02
5.238604800000001e+02 8.019173498272927e-02
5.239431600000000e+02 8.454941915697818e-02
5.240258400000000e+02 8.758112843751543e-02
5.241085200000000e+02 9.044739309362045e-02
5.241912000000000e+02 9.337342361033917e-02
5.242738800000001e+02 9.508799201028266e-02
5.243565600000001e+02 9.562035218061697e-02
5.244392400000000e+02 9.620070650756712e-02
5.245219200000000e+02 9.648449470796919e-02
5.246046000000000e+02 9.530945096914829e-02
5.246872800000000e+02 9.329364072470475e-02
5.247699600000000e+02 9.146339363114526e-02
5.248526400000001e+02 8.897962099919726e-02
5.249353200000000e+02 8.504779951024982e-02
5.250180000000000e+02 8.073860021358809e-02
5.251006800000000e+02 7.664868521953064e-02
5.251833600000000e+02 7.163354633989277e-02
5.252660400000000e+02 6.544296583833951e-02
5.253487200000001e+02 5.936440486556488e-02
5.254314000000001e+02 5.343938664986943e-02
5.255140800000000e+02 4.647529947475066e-02
5.255967600000000e+02 3.882016154697657e-02
5.256794400000000e+02 3.169887830386515e-02
5.257621200000000e+02 2.459909688713299e-02
5.258448000000001e+02 1.654425650904710e-02
5.259274800000001e+02 8.402527444608019e-03
5.260101600000000e+02 1.077539321984186e-03
5.260928400000000e+02 -6.374247357459242e-03
5.261755200000000e+02 -1.450226631909880e-02
5.262582000000000e+02 -2.210635580820272e-02
5.263408800000000e+02 -2.878689485404494e-02
5.264235600000001e+02 -3.570720410155791e-02
5.265062400000000e+02 -4.287534221065512e-02
5.265889200000000e+02 -4.901263888285956e-02
5.266716000000000e+02 -5.429563790104924e-02
5.267542800000000e+02 -5.985644971076074e-02
5.268369600000000e+02 -6.516398351762830e-02
5.269196400000001e+02 -6.912502273486756e-02
5.270023200000001e+02 -7.244458301570154e-02
5.270850000000000e+02 -7.598594661605010e-02
5.271676800000000e+02 -7.879245491902917e-02
5.272503600000000e+02 -8.017799454225293e-02
5.273330400000000e+02 -8.122276482683821e-02
5.274157200000001e+02 -8.234346319256654e-02
5.274984000000001e+02 -8.235717749233022e-02
5.275810800000000e+02 -8.112236453571173e-02
5.276637600000000e+02 -7.986804646496926e-02
5.277464400000000e+02 -7.847972691336914e-02
5.278291200000000e+02 -7.579340382791290e-02
5.279118000000000e+02 -7.223988257228089e-02
5.279944800000001e+02 -6.894203737392594e-02
5.280771600000000e+02 -6.527886775236806e-02
5.281598400000000e+02 -6.034871419465720e-02
5.282425200000000e+02 -5.506679929182415e-02
5.283252000000000e+02 -5.021603892465262e-02
5.284078800000000e+02 -4.479961406690141e-02
5.284905600000001e+02 -3.837148401038289e-02
5.285732400000001e+02 -3.214265485315177e-02
5.286559200000000e+02 -2.639106399780454e-02
5.287386000000000e+02 -1.995714316852422e-02
5.288212800000000e+02 -1.295216109958071e-02
5.289039600000000e+02 -6.629006045590544e-03
5.289866400000000e+02 -7.011673633526857e-04
5.290693200000001e+02 5.900289336339216e-03
5.291520000000000e+02 1.252233007353501e-02
5.292346800000000e+02 1.813782294552032e-02
5.293173600000000e+02 2.353483708516902e-02
5.294000400000000e+02 2.945221167440979e-02
5.294827200000000e+02 3.482987243280182e-02
5.295654000000001e+02 3.908947593222160e-02
5.296480800000000e+02 4.334521618716181e-02
5.297307600000000e+02 4.783545924606569e-02
5.298134400000000e+02 5.132147918033938e-02
5.298961200000000e+02 5.380040532033967e-02
5.299788000000000e+02 5.646174127148218e-02
5.300614800000001e+02 5.898409503325749e-02
5.301441600000001e+02 6.022262917468909e-02
5.302268400000000e+02 6.074914650512021e-02
5.303095200000000e+02 6.155941749807282e-02
5.303922000000000e+02 6.184060141354796e-02
5.304748800000000e+02 6.079620342439981e-02
5.305575600000000e+02 5.944339704365165e-02
5.306402400000001e+02 5.835983452366558e-02
5.307229200000000e+02 5.642243570532676e-02
5.308056000000000e+02 5.336051856793250e-02
5.308882800000000e+02 5.040893007425320e-02
5.309709600000000e+02 4.759944735871870e-02
5.310536400000000e+02 4.375053080347143e-02
5.311363200000001e+02 3.917764978847193e-02
5.312190000000001e+02 3.506036077848528e-02
5.313016800000000e+02 3.088121664595453e-02
5.313843600000000e+02 2.566413194275893e-02
5.314670400000000e+02 2.024212964178571e-02
5.315497200000000e+02 1.548322077511720e-02
5.316324000000001e+02 1.043959504051402e-02
5.317150800000001e+02 4.557312983934135e-03
5.317977600000000e+02 -9.927350144951599e-04
5.318804400000000e+02 -5.838077960641889e-03
5.319631200000000e+02 -1.114545822456733e-02
5.320458000000000e+02 -1.692357409340530e-02
5.321284800000000e+02 -2.191309264334840e-02
5.322111600000001e+02 -2.631166968302342e-02
5.322938400000000e+02 -3.124929474385166e-02
5.323765200000000e+02 -3.618414313041621e-02
5.324592000000000e+02 -4.003343851114516e-02
5.325418800000000e+02 -4.351777517852069e-02
5.326245600000000e+02 -4.748578836341578e-02
5.327072400000001e+02 -5.095641244779196e-02
5.327899200000001e+02 -5.324895875602757e-02
5.328726000000000e+02 -5.545099618602089e-02
5.329552800000000e+02 -5.794711085022658e-02
5.330379600000000e+02 -5.952009603377270e-02
5.331206400000000e+02 -6.003218426278056e-02
5.332033200000001e+02 -6.070741347830483e-02
5.332860000000001e+02 -6.138239459227947e-02
5.333686800000000e+02 -6.085635840939604e-02
5.334513600000000e+02 -5.956315323828444e-02
5.335340400000000e+02 -5.860630013770268e-02
5.336167200000000e+02 -5.730586115566110e-02
5.336994000000000e+02 -5.472805482546494e-02
5.337820800000001e+02 -5.178975666772954e-02
5.338647600000000e+02 -4.924310769921207e-02
5.339474400000000e+02 -4.603203161965062e-02
5.340301200000000e+02 -4.168721735468334e-02
5.341128000000000e+02 -3.742053279327242e-02
5.341954800000000e+02 -3.347531652329206e-02
5.342781600000001e+02 -2.864062446769779e-02
5.343608400000001e+02 -2.301499589048799e-02
5.344435200000000e+02 -1.785542613518424e-02
5.345262000000000e+02 -1.284551529383860e-02
5.346088800000000e+02 -6.876679259415853e-03
5.346915600000000e+02 -6.015950167196339e-04
5.347742400000001e+02 4.938663056300083e-03
5.348569200000001e+02 1.055264946561236e-02
5.349396000000000e+02 1.700687496781955e-02
5.350222800000000e+02 2.322511290713836e-02
5.351049600000000e+02 2.860021362776822e-02
5.351876400000000e+02 3.425897763595451e-02
5.352703200000000e+02 4.045533735913617e-02
5.353530000000001e+02 4.591243547063516e-02
5.354356800000000e+02 5.058497543796597e-02
5.355183600000000e+02 5.567296167562290e-02
5.356010400000000e+02 6.085550812001497e-02
5.356837200000000e+02 6.492512658007611e-02
5.357664000000000e+02 6.840668202906193e-02
5.358490800000001e+02 7.230934210367519e-02
5.359317600000001e+02 7.580051889292128e-02
5.360144400000000e+02 7.800158263683819e-02
5.360971200000000e+02 7.989183822271900e-02
5.361798000000000e+02 8.206522790202482e-02
5.362624800000000e+02 8.335554976908764e-02
5.363451600000001e+02 8.340420144015748e-02
5.364278400000001e+02 8.342869597200964e-02
5.365105200000000e+02 8.347495325282374e-02
5.365932000000000e+02 8.229873703003635e-02
5.366758800000000e+02 8.013993428380410e-02
5.367585600000000e+02 7.818522696266125e-02
5.368412400000000e+02 7.592340578331197e-02
5.369239200000001e+02 7.230806411380737e-02
5.370066000000000e+02 6.812409416325943e-02
5.370892800000000e+02 6.426687074696411e-02
5.371719600000000e+02 5.978569590213548e-02
5.372546400000000e+02 5.406466100851855e-02
5.373373200000000e+02 4.826011044919861e-02
5.374200000000001e+02 4.278404506482761e-02
5.375026800000001e+02 3.646291577544671e-02
5.375853600000000e+02 2.924722044013475e-02
5.376680400000000e+02 2.241168443604441e-02
5.377507200000000e+02 1.580408516480802e-02
5.378334000000000e+02 8.292147421954558e-03
5.379160800000001e+02 4.021398049166641e-04
5.379987600000001e+02 -6.746885245960153e-03
5.380814400000000e+02 -1.382592057620444e-02
5.381641200000000e+02 -2.167572075991617e-02
5.382468000000000e+02 -2.931056030821893e-02
5.383294800000000e+02 -3.600105726816503e-02
5.384121600000000e+02 -4.278018228493714e-02
5.384948400000001e+02 -5.001604950817615e-02
5.385775200000000e+02 -5.647605272553672e-02
5.386602000000000e+02 -6.196582203002087e-02
5.387428800000000e+02 -6.765105057868230e-02
5.388255600000000e+02 -7.335166967728952e-02
5.389082400000000e+02 -7.784848005507308e-02
5.389909200000001e+02 -8.151245412500051e-02
5.390736000000001e+02 -8.539167781083300e-02
5.391562800000000e+02 -8.879954024689495e-02
5.392389600000000e+02 -9.078315636729122e-02
5.393216400000000e+02 -9.219290740325599e-02
5.394043200000000e+02 -9.373958943932309e-02
5.394870000000000e+02 -9.437634836587179e-02
5.395696800000001e+02 -9.361206347688499e-02
5.396523600000000e+02 -9.259528150998636e-02
5.397350400000000e+02 -9.155294770783640e-02
5.398177200000000e+02 -8.929745311261336e-02
5.399004000000000e+02 -8.590054014643980e-02
5.399830800000000e+02 -8.256955273079371e-02
5.400657600000001e+02 -7.900144965231390e-02
5.401484400000001e+02 -7.411702695009055e-02
5.402311200000000e+02 -6.853859166399993e-02
5.403138000000000e+02 -6.328139793024574e-02
5.403964800000000e+02 -5.757578208777897e-02
5.404791600000000e+02 -5.068120216220362e-02
5.405618400000001e+02 -4.364588253197210e-02
5.406445200000001e+02 -3.707971610437175e-02
5.407272000000000e+02 -2.990876864308995e-02
5.408098800000000e+02 -2.189592408641175e-02
5.408925600000000e+02 -1.430005527271706e-02
5.409752400000000e+02 -7.194261178237361e-03
5.410579200000000e+02 5.682518478639776e-04
5.411406000000001e+02 8.658755369100685e-03
5.412232800000000e+02 1.587279686995431e-02
5.413059600000000e+02 2.269277613607432e-02
5.413886400000000e+02 3.008432184117862e-02
5.414713200000000e+02 3.721150751524149e-02
5.415540000000000e+02 4.318455476031989e-02
5.416366800000001e+02 4.893822999696441e-02
5.417193600000001e+02 5.503600529826767e-02
5.418020400000000e+02 6.030791611011178e-02
5.418847200000000e+02 6.437609847322269e-02
5.419674000000000e+02 6.842099345438006e-02
5.420500800000000e+02 7.246869019676483e-02
5.421327600000001e+02 7.526863674631752e-02
5.422154400000001e+02 7.704144407251995e-02
5.422981200000000e+02 7.894773003711206e-02
5.423808000000000e+02 8.046212253433221e-02
5.424634800000000e+02 8.053082451510944e-02
5.425461600000000e+02 7.992567704498955e-02
5.426288400000000e+02 7.952492040827146e-02
5.427115200000001e+02 7.836520699663992e-02
5.427942000000000e+02 7.582577078057194e-02
5.428768800000000e+02 7.305826733399559e-02
5.429595600000000e+02 7.046142468746557e-02
5.430422400000000e+02 6.684897853437301e-02
5.431249200000000e+02 6.217265654382369e-02
5.432076000000001e+02 5.770899533437784e-02
5.432902800000001e+02 5.329125895705904e-02
5.433729600000000e+02 4.777545434167752e-02
5.434556400000000e+02 4.169721624770861e-02
5.435383200000000e+02 3.617963761909009e-02
5.436210000000000e+02 3.053284565088014e-02
5.437036800000001e+02 2.390829475855085e-02
5.437863600000001e+02 1.730934627025188e-02
5.438690400000000e+02 1.146681257571843e-02
5.439517200000000e+02 5.324236114553551e-03
5.440344000000000e+02 -1.486519927820479e-03
5.441170800000000e+02 -7.708600535223096e-03
5.441997600000000e+02 -1.315274700037193e-02
5.442824400000001e+02 -1.900997545092734e-02
5.443651200000000e+02 -2.508880540106728e-02
5.444478000000000e+02 -3.014235448123838e-02
5.445304800000000e+02 -3.455514698408153e-02
5.446131600000000e+02 -3.939723021561765e-02
5.446958400000000e+02 -4.395696423540996e-02
5.447785200000001e+02 -4.725450144597710e-02
5.448612000000001e+02 -5.016132456974302e-02
5.449438800000000e+02 -5.340065885207967e-02
5.450265600000000e+02 -5.588747181835099e-02
5.451092400000000e+02 -5.710845716687944e-02
5.451919200000000e+02 -5.823714909290443e-02
5.452746000000001e+02 -5.949840099562718e-02
5.453572800000001e+02 -5.965668110153438e-02
5.454399600000000e+02 -5.876894041061160e-02
5.455226400000000e+02 -5.806620054350176e-02
5.456053200000000e+02 -5.722700933770460e-02
5.456880000000000e+02 -5.511979934169123e-02
5.457706800000000e+02 -5.235991290355198e-02
5.458533600000001e+02 -4.998050697676519e-02
5.459360400000000e+02 -4.717928202658410e-02
5.460187200000000e+02 -4.316420443019865e-02
5.461014000000000e+02 -3.898326412308264e-02
5.461840800000000e+02 -3.525690857724204e-02
5.462667600000000e+02 -3.086913000172348e-02
5.463494400000001e+02 -2.553605453839284e-02
5.464321200000001e+02 -2.052236019442663e-02
5.465148000000000e+02 -1.590624183659955e-02
5.465974800000000e+02 -1.049444200447946e-02
5.466801600000000e+02 -4.576224651207251e-03
5.467628400000000e+02 6.305265604185043e-04
5.468455200000001e+02 5.604944738163056e-03
5.469282000000001e+02 1.136015242707765e-02
5.470108800000000e+02 1.708943114877390e-02
5.470935600000000e+02 2.187805964795047e-02
5.471762400000000e+02 2.665707364406012e-02
5.472589200000000e+02 3.203670549205477e-02
5.473416000000000e+02 3.686090847058450e-02
5.474242800000001e+02 4.071173132028191e-02
5.475069600000000e+02 4.476664659857985e-02
5.475896400000000e+02 4.909551427618669e-02
5.476723200000000e+02 5.243975710749608e-02
5.477550000000000e+02 5.496515001977139e-02
5.478376800000000e+02 5.783422764703014e-02
5.479203600000001e+02 6.055752257507907e-02
5.480030400000001e+02 6.204625129577906e-02
5.480857200000000e+02 6.300928119354465e-02
5.481684000000000e+02 6.433543268272546e-02
5.482510800000000e+02 6.508217846949980e-02
5.483337600000000e+02 6.456770121771765e-02
5.484164400000001e+02 6.388384835904368e-02
5.484991200000001e+02 6.344865707431020e-02
5.485818000000000e+02 6.207542989570777e-02
5.486644800000000e+02 5.963766463730905e-02
5.487471600000000e+02 5.736655670242282e-02
5.488298400000000e+02 5.511917707116106e-02
5.489125200000000e+02 5.172916724031903e-02
5.489952000000001e+02 4.765138127234841e-02
5.490778800000001e+02 4.398456314574728e-02
5.491605600000000e+02 4.006160272214265e-02
5.492432400000000e+02 3.499651648459546e-02
5.493259200000000e+02 2.972406300986139e-02
5.494086000000000e+02 2.497187592986965e-02
5.494912800000001e+02 1.970270414597735e-02
5.495739600000001e+02 1.350791433208828e-02
5.496566400000000e+02 7.597225565093585e-03
5.497393200000000e+02 2.174173702139768e-03
5.498220000000000e+02 -3.933923664790504e-03
5.499046800000000e+02 -1.056762600114504e-02
5.499873600000000e+02 -1.650388308512472e-02
5.500700400000001e+02 -2.209890255489773e-02
5.501527200000000e+02 -2.839937708654345e-02
5.502354000000000e+02 -3.471153722212277e-02
5.503180800000000e+02 -4.005936671288276e-02
5.504007600000000e+02 -4.527271137398051e-02
5.504834400000000e+02 -5.104222490960988e-02
5.505661200000001e+02 -5.628822365324212e-02
5.506488000000001e+02 -6.048534935288302e-02
5.507314800000000e+02 -6.475153575280630e-02
5.508141600000000e+02 -6.927162567850109e-02
5.508968400000000e+02 -7.280902648876957e-02
5.509795200000000e+02 -7.539487085333005e-02
5.510622000000001e+02 -7.819252948955550e-02
5.511448800000001e+02 -8.084126253242110e-02
5.512275600000000e+02 -8.220765219822336e-02
5.513102400000000e+02 -8.286830535115527e-02
5.513929200000000e+02 -8.378429517620303e-02
5.514756000000000e+02 -8.412532178411029e-02
5.515582800000000e+02 -8.309850014937939e-02
5.516409600000001e+02 -8.170309319298394e-02
5.517236400000000e+02 -8.049571138358134e-02
5.518063200000000e+02 -7.835083117027732e-02
5.518890000000000e+02 -7.498323461116470e-02
5.519716800000000e+02 -7.160667317246389e-02
5.520543600000000e+02 -6.825669878804370e-02
5.521370400000001e+02 -6.374921997127454e-02
5.522197200000001e+02 -5.837058202356117e-02
5.523024000000000e+02 -5.329744548713050e-02
5.523850800000000e+02 -4.803624556774658e-02
5.524677600000000e+02 -4.159588981879673e-02
5.525504400000000e+02 -3.478152952573468e-02
5.526331200000001e+02 -2.848761632986176e-02
5.527158000000001e+02 -2.179445903463785e-02
5.527984800000000e+02 -1.411971812299695e-02
5.528811600000000e+02 -6.626343336283645e-03
5.529638400000000e+02 2.625280396706248e-04
5.530465200000000e+02 7.697417224262363e-03
5.531292000000000e+02 1.571750505759447e-02
5.532118800000001e+02 2.304160259890865e-02
5.532945600000000e+02 2.981038169226081e-02
5.533772400000000e+02 3.715565833726035e-02
5.534599200000000e+02 4.455210876436788e-02
5.535426000000000e+02 5.087109620395808e-02
5.536252800000000e+02 5.678987289240773e-02
5.537079600000001e+02 6.316978797734898e-02
5.537906400000001e+02 6.902270578586842e-02
5.538733200000000e+02 7.361723026666499e-02
5.539560000000000e+02 7.802161248298013e-02
5.540386800000000e+02 8.262919103295174e-02
5.541213600000000e+02 8.619686766045344e-02
5.542040400000001e+02 8.855339258209680e-02
5.542867200000001e+02 9.092280519247728e-02
5.543694000000000e+02 9.313499374924786e-02
5.544520800000000e+02 9.396269213949057e-02
5.545347600000000e+02 9.383584912214041e-02
5.546174400000000e+02 9.386153050890843e-02
5.547001200000000e+02 9.333869781048290e-02
5.547828000000001e+02 9.132837983321795e-02
5.548654800000000e+02 8.876859757832513e-02
5.549481600000000e+02 8.640279723009975e-02
5.550308400000000e+02 8.315427457083481e-02
5.551135200000000e+02 7.858233193018824e-02
5.551962000000000e+02 7.392644588855322e-02
5.552788800000001e+02 6.940425314255194e-02
5.553615600000001e+02 6.380490044959598e-02
5.554442400000000e+02 5.728405743428481e-02
5.555269200000000e+02 5.111147732614731e-02
5.556096000000000e+02 4.493799823495371e-02
5.556922800000000e+02 3.768851523271317e-02
5.557749600000001e+02 3.008016732489521e-02
5.558576400000001e+02 2.314068900558976e-02
5.559403200000000e+02 1.604009125317788e-02
5.560230000000000e+02 8.074451112455803e-03
5.561056800000000e+02 3.660587634252217e-04
5.561883600000000e+02 -6.512250768455348e-03
5.562710400000000e+02 -1.368292952905561e-02
5.563537200000001e+02 -2.132895965352488e-02
5.564364000000000e+02 -2.816196829547036e-02
5.565190800000000e+02 -3.417450618390529e-02
5.566017600000000e+02 -4.053642877902712e-02
5.566844400000000e+02 -4.687420237895130e-02
5.567671200000000e+02 -5.200147366476777e-02
5.568498000000001e+02 -5.646642533685161e-02
5.569324800000001e+02 -6.123839425166443e-02
5.570151600000000e+02 -6.546846152808233e-02
5.570978400000000e+02 -6.831397003797016e-02
5.571805200000000e+02 -7.075618964016428e-02
5.572632000000000e+02 -7.336319619977319e-02
5.573458800000001e+02 -7.498814924833533e-02
5.574285600000001e+02 -7.530075710703438e-02
5.575112400000000e+02 -7.550801806168986e-02
5.575939200000000e+02 -7.566115794932957e-02
5.576766000000000e+02 -7.455230249368522e-02
5.577592800000000e+02 -7.242816097896164e-02
5.578419600000000e+02 -7.047110534946183e-02
5.579246400000001e+02 -6.820633057664367e-02
5.580073200000000e+02 -6.461488351619607e-02
5.580900000000000e+02 -6.046913351708072e-02
5.581726800000000e+02 -5.668221421859768e-02
5.582553600000000e+02 -5.235273493653569e-02
5.583380400000000e+02 -4.686485380778842e-02
5.584207200000001e+02 -4.135799117226049e-02
5.585034000000001e+02 -3.628571655969075e-02
5.585860800000000e+02 -3.051045441028487e-02
5.586687600000000e+02 -2.395391739750203e-02
5.587514400000000e+02 -1.788586756683473e-02
5.588341200000000e+02 -1.220466573311316e-02
5.589168000000001e+02 -5.781464078007405e-03
5.589994800000001e+02 9.007804483973973e-04
5.590821600000000e+02 6.710184542419758e-03
5.591648400000000e+02 1.228096142709832e-02
5.592475200000000e+02 1.848440706382215e-02
5.593302000000000e+02 2.437338285438156e-02
5.594128800000000e+02 2.919694750628980e-02
5.594955600000001e+02 3.398165048507405e-02
5.595782400000001e+02 3.914398503006895e-02
5.596609200000000e+02 4.347412155659267e-02
5.597436000000000e+02 4.676504759895970e-02
5.598262800000000e+02 5.020581683137661e-02
5.599089600000000e+02 5.365976608639777e-02
5.599916400000001e+02 5.591831614141780e-02
5.600743200000001e+02 5.736209779334501e-02
5.601570000000000e+02 5.907434054172516e-02
5.602396800000000e+02 6.039166879562510e-02
5.603223600000000e+02 6.037394309041778e-02
5.604050400000000e+02 5.990195843686592e-02
5.604877200000000e+02 5.970860612154359e-02
5.605704000000001e+02 5.875102894835035e-02
5.606530800000000e+02 5.656622281649148e-02
5.607357600000000e+02 5.433624885499993e-02
5.608184400000000e+02 5.228019943177480e-02
5.609011200000000e+02 4.920991441946195e-02
5.609838000000000e+02 4.524172477217330e-02
5.610664800000001e+02 4.159521551036296e-02
5.611491600000001e+02 3.793031027301506e-02
5.612318400000000e+02 3.318000065530630e-02
5.613145200000000e+02 2.801362897775932e-02
5.613972000000000e+02 2.342054875062023e-02
5.614798800000000e+02 1.858222106833606e-02
5.615625600000001e+02 1.279059155555575e-02
5.616452400000001e+02 7.121511030312036e-03
5.617279200000000e+02 2.121779790712447e-03
5.618106000000000e+02 -3.320195783764303e-03
5.618932800000000e+02 -9.396488789835507e-03
5.619759600000000e+02 -1.485658346673607e-02
5.620586400000000e+02 -1.970878716393925e-02
5.621413200000001e+02 -2.511126009389736e-02
5.622240000000000e+02 -3.069594533974020e-02
5.623066800000000e+02 -3.530326452785467e-02
5.623893600000000e+02 -3.948870344147025e-02
5.624720400000000e+02 -4.420397290335509e-02
5.625547200000000e+02 -4.859641613890563e-02
5.626374000000001e+02 -5.184054989055356e-02
5.627200800000001e+02 -5.491587957288258e-02
5.628027600000000e+02 -5.836153702870715e-02
5.628854400000000e+02 -6.101750785608177e-02
5.629681200000000e+02 -6.256376519622298e-02
5.630508000000000e+02 -6.419371366421803e-02
5.631334800000001e+02 -6.591660203114234e-02
5.632161600000001e+02 -6.650630658469070e-02
5.632988400000000e+02 -6.621426527099748e-02
5.633815200000000e+02 -6.619527118992416e-02
5.634642000000000e+02 -6.592339350507685e-02
5.635468800000000e+02 -6.436213528476681e-02
5.636295600000000e+02 -6.228280901121069e-02
5.637122400000001e+02 -6.055866157008370e-02
5.637949200000000e+02 -5.823604229759139e-02
5.638776000000000e+02 -5.468637314042019e-02
5.639602800000000e+02 -5.104245565256794e-02
5.640429600000000e+02 -4.771226157933919e-02
5.641256400000000e+02 -4.351306711719911e-02
5.642083200000001e+02 -3.836030284277549e-02
5.642910000000001e+02 -3.351483688123042e-02
5.643736800000000e+02 -2.883288826486907e-02
5.644563600000000e+02 -2.315246094565377e-02
5.645390400000000e+02 -1.695777795014517e-02
5.646217200000000e+02 -1.137634157655017e-02
5.647044000000001e+02 -5.742419931694318e-03
5.647870800000001e+02 8.355983683322834e-04
5.648697600000000e+02 7.398618150511616e-03
5.649524400000000e+02 1.318825593430750e-02
5.650351200000000e+02 1.925044536636896e-02
5.651178000000000e+02 2.600980990871609e-02
5.652004800000000e+02 3.222828033368200e-02
5.652831600000001e+02 3.767666835120480e-02
5.653658400000000e+02 4.355533304418686e-02
5.654485200000000e+02 4.972218753410641e-02
5.655312000000000e+02 5.491926235189939e-02
5.656138800000000e+02 5.949511953585703e-02
5.656965600000000e+02 6.454181761806767e-02
5.657792400000001e+02 6.937259734930334e-02
5.658619200000001e+02 7.297770893706053e-02
5.659446000000000e+02 7.620737943184791e-02
5.660272800000000e+02 7.980299586527781e-02
5.661099600000000e+02 8.267597515797380e-02
5.661926400000000e+02 8.428332353858725e-02
5.662753200000001e+02 8.579035577238595e-02
5.663580000000001e+02 8.742100856410659e-02
5.664406800000000e+02 8.791997868274117e-02
5.665233600000000e+02 8.733003072247228e-02
5.666060400000000e+02 8.687455745324653e-02
5.666887200000000e+02 8.620871317183063e-02
5.667714000000000e+02 8.418648022454206e-02
5.668540800000001e+02 8.142718048780276e-02
5.669367600000000e+02 7.894272420398005e-02
5.670194400000000e+02 7.589718473286804e-02
5.671021200000000e+02 7.150792428638701e-02
5.671848000000000e+02 6.683435678856743e-02
5.672674800000000e+02 6.245678919738400e-02
5.673501600000001e+02 5.723752178821833e-02
5.674328400000001e+02 5.093073939289113e-02
5.675155200000000e+02 4.480358015747717e-02
5.675982000000000e+02 3.888429264674021e-02
5.676808800000000e+02 3.198964961798921e-02
5.677635600000000e+02 2.446405768109629e-02
5.678462400000001e+02 1.750808931332550e-02
5.679289200000001e+02 1.060257563542753e-02
5.680116000000000e+02 2.781799113623861e-03
5.680942800000000e+02 -5.096345777346805e-03
5.681769600000000e+02 -1.215175160006106e-02
5.682596400000000e+02 -1.932635927377950e-02
5.683423200000000e+02 -2.715818943009976e-02
5.684250000000001e+02 -3.446219677058372e-02
5.685076800000001e+02 -4.085755536336628e-02
5.685903600000000e+02 -4.749670343895098e-02
5.686730400000000e+02 -5.437704547432779e-02
5.687557200000000e+02 -6.023835794657434e-02
5.688384000000000e+02 -6.526809401488552e-02
5.689210800000001e+02 -7.057872371496830e-02
5.690037600000001e+02 -7.563164937806216e-02
5.690864400000000e+02 -7.935396297396693e-02
5.691691200000000e+02 -8.245131131049752e-02
5.692518000000000e+02 -8.576119637456982e-02
5.693344800000000e+02 -8.832569740397848e-02
5.694171600000001e+02 -8.947876387632643e-02
5.694998400000001e+02 -9.028999365499808e-02
5.695825200000000e+02 -9.114904115273967e-02
5.696652000000000e+02 -9.088046238201887e-02
5.697478800000000e+02 -8.935966919228426e-02
5.698305600000000e+02 -8.779524977578075e-02
5.699132400000000e+02 -8.605051767922596e-02
5.699959200000001e+02 -8.297814219253132e-02
5.700786000000001e+02 -7.901998483737976e-02
5.701612800000000e+02 -7.527264530754696e-02
5.702439600000000e+02 -7.110318114487603e-02
5.703266400000000e+02 -6.563380584555681e-02
5.704093200000000e+02 -5.978340914857367e-02
5.704920000000001e+02 -5.430835234547401e-02
5.705746800000001e+02 -4.821293510723873e-02
5.706573600000000e+02 -4.107852257919690e-02
5.707400400000000e+02 -3.411284860607336e-02
5.708227200000000e+02 -2.757220048366673e-02
5.709054000000000e+02 -2.031072810461380e-02
5.709880800000000e+02 -1.246675524278333e-02
5.710707600000001e+02 -5.284791845823728e-03
5.711534400000000e+02 1.535365898370320e-03
5.712361200000000e+02 9.039290891320715e-03
5.713188000000000e+02 1.655032776116075e-02
5.714014800000000e+02 2.305299674791390e-02
5.714841600000000e+02 2.934066722074366e-02
5.715668400000001e+02 3.612311026230124e-02
5.716495200000001e+02 4.232239928705418e-02
5.717322000000000e+02 4.737436128650697e-02
5.718148800000000e+02 5.239132343115556e-02
5.718975600000000e+02 5.758073082992769e-02
5.719802400000000e+02 6.169406964596291e-02
5.720629200000001e+02 6.474527463764027e-02
5.721456000000001e+02 6.791626834325494e-02
5.722282800000000e+02 7.085664729105882e-02
5.723109600000000e+02 7.242233081031003e-02
5.723936400000000e+02 7.320420652549096e-02
5.724763200000000e+02 7.418581027663557e-02
5.725590000000000e+02 7.453135746953823e-02
5.726416800000001e+02 7.345730798590977e-02
5.727243600000000e+02 7.200015423294040e-02
5.728070400000000e+02 7.072196327700409e-02
5.728897200000000e+02 6.848712040238449e-02
5.729724000000000e+02 6.504918817472738e-02
5.730550800000000e+02 6.165904579165089e-02
5.731377600000001e+02 5.833208570546754e-02
5.732204400000001e+02 5.388767358214368e-02
5.733031200000000e+02 4.867238759440710e-02
5.733858000000000e+02 4.387526697516238e-02
5.734684800000000e+02 3.896547104328692e-02
5.735511600000000e+02 3.298099032271042e-02
5.736338400000001e+02 2.678587013950471e-02
5.737165200000001e+02 2.124999200975958e-02
5.737992000000000e+02 1.541863327360477e-02
5.738818800000000e+02 8.760657550839688e-03
5.739645600000000e+02 2.471069441818644e-03
5.740472400000000e+02 -3.081702534924723e-03
5.741299200000000e+02 -9.063768213302173e-03
5.742126000000001e+02 -1.545963917245395e-02
5.742952800000000e+02 -2.099676606636081e-02
5.743779600000000e+02 -2.587960204287030e-02
5.744606400000000e+02 -3.123237298155413e-02
5.745433200000000e+02 -3.649499009950424e-02
5.746260000000000e+02 -4.058243795127989e-02
5.747086800000001e+02 -4.422239732970130e-02
5.747913600000001e+02 -4.825749253528777e-02
5.748740400000000e+02 -5.169868499944020e-02
5.749567200000000e+02 -5.387120789744896e-02
5.750394000000000e+02 -5.586957373029634e-02
5.751220800000000e+02 -5.807691482839140e-02
5.752047600000001e+02 -5.927856868436546e-02
5.752874400000001e+02 -5.934724623838645e-02
5.753701200000000e+02 -5.951495507475438e-02
5.754528000000000e+02 -5.962368769637340e-02
5.755354800000000e+02 -5.848276270794411e-02
5.756181600000000e+02 -5.653826532609067e-02
5.757008400000000e+02 -5.490373707344242e-02
5.757835200000001e+02 -5.291042099984268e-02
5.758662000000000e+02 -4.963809854373892e-02
5.759488800000000e+02 -4.601576328219416e-02
5.760315600000000e+02 -4.280694955060614e-02
5.761142400000000e+02 -3.896942198128901e-02
5.761969200000000e+02 -3.404740371094098e-02
5.762796000000001e+02 -2.926281099476447e-02
5.763622800000001e+02 -2.486934976280884e-02
5.764449600000000e+02 -1.966944749622703e-02
5.765276400000000e+02 -1.377243545024601e-02
5.766103200000000e+02 -8.440511034463947e-03
5.766930000000000e+02 -3.364133851822352e-03
5.767756800000001e+02 2.554154947675988e-03
5.768583600000001e+02 8.656391352413572e-03
5.769410400000000e+02 1.390408668659271e-02
5.770237200000000e+02 1.910299975530020e-02
5.771064000000000e+02 2.501154866728384e-02
5.771890800000000e+02 3.055706256112024e-02
5.772717600000000e+02 3.514388703633749e-02
5.773544400000001e+02 3.989806299211780e-02
5.774371200000000e+02 4.506974078724971e-02
5.775198000000000e+02 4.939742263706384e-02
5.776024800000000e+02 5.285366515881440e-02
5.776851600000000e+02 5.663658021267848e-02
5.777678400000000e+02 6.042853158127642e-02
5.778505200000001e+02 6.304954399045373e-02
5.779332000000001e+02 6.504248956777869e-02
5.780158800000000e+02 6.741178797303890e-02
5.780985600000000e+02 6.933840399193510e-02
5.781812400000000e+02 6.997921311961477e-02
5.782639200000000e+02 7.032427714115574e-02
5.783466000000001e+02 7.096137358079292e-02
5.784292800000001e+02 7.074949967918688e-02
5.785119600000000e+02 6.936514374596231e-02
5.785946400000000e+02 6.802431547443294e-02
5.786773200000000e+02 6.676931379449741e-02
5.787600000000000e+02 6.438991742931352e-02
5.788426800000000e+02 6.115093729695949e-02
5.789253600000001e+02 5.822510767058746e-02
5.790080400000001e+02 5.510396420669590e-02
5.790907200000000e+02 5.077687849265409e-02
5.791734000000000e+02 4.603645875881735e-02
5.792560800000000e+02 4.175601531453339e-02
5.793387600000000e+02 3.699493395925155e-02
5.794214400000001e+02 3.116619009191598e-02
5.795041200000001e+02 2.541507221137525e-02
5.795868000000000e+02 2.012955818028142e-02
5.796694800000000e+02 1.415093086458441e-02
5.797521600000000e+02 7.445162790514941e-03
5.798348400000000e+02 1.260955950879985e-03
5.799175200000000e+02 -4.574936204167551e-03
5.800002000000001e+02 -1.117961116043919e-02
5.800828800000000e+02 -1.802662185405141e-02
5.801655600000000e+02 -2.403128436515926e-02
5.802482400000000e+02 -2.988022751711588e-02
5.803309200000000e+02 -3.640212040994254e-02
5.804136000000000e+02 -4.262380047113608e-02
5.804962800000001e+02 -4.785217077902224e-02
5.805789600000001e+02 -5.312985975919645e-02
5.806616400000000e+02 -5.881677264495970e-02
5.807443200000000e+02 -6.370092116009861e-02
5.808270000000000e+02 -6.762148324161334e-02
5.809096800000000e+02 -7.174737109719942e-02
5.809923600000001e+02 -7.589279463518192e-02
5.810750400000001e+02 -7.886295572928000e-02
5.811577200000000e+02 -8.105647959640412e-02
5.812404000000000e+02 -8.351706455367361e-02
5.813230800000000e+02 -8.555328362405114e-02
5.814057600000000e+02 -8.623770154546360e-02
5.814884400000000e+02 -8.643973169875606e-02
5.815711200000001e+02 -8.685706256863553e-02
5.816538000000000e+02 -8.643892760720459e-02
5.817364800000000e+02 -8.471893789758035e-02
5.818191600000000e+02 -8.285336393579421e-02
5.819018400000000e+02 -8.104792436076325e-02
5.819845200000000e+02 -7.811380912324717e-02
5.820672000000001e+02 -7.414477235190868e-02
5.821498800000001e+02 -7.034279698124678e-02
5.822325600000000e+02 -6.637889255388872e-02
5.823152400000000e+02 -6.117763146870451e-02
5.823979200000000e+02 -5.537789357277704e-02
5.824806000000000e+02 -4.997710761333717e-02
5.825632800000001e+02 -4.418058247610780e-02
5.826459600000001e+02 -3.725746301565582e-02
5.827286400000000e+02 -3.026447169042004e-02
5.828113200000000e+02 -2.378502426135226e-02
5.828940000000000e+02 -1.672694888946924e-02
5.829766800000000e+02 -8.867455325248731e-03
5.830593600000000e+02 -1.464761061275701e-03
5.831420400000001e+02 5.436948722935068e-03
5.832247200000000e+02 1.299211516863475e-02
5.833074000000000e+02 2.085590933847789e-02
5.833900800000000e+02 2.783229454692147e-02
5.834727600000000e+02 3.442854657021954e-02
5.835554400000000e+02 4.160680853867531e-02
5.836381200000001e+02 4.851624059012379e-02
5.837208000000001e+02 5.427986667606757e-02
5.838034800000000e+02 5.984882621573263e-02
5.838861600000000e+02 6.577424268478139e-02
5.839688400000000e+02 7.087432211281242e-02
5.840515200000000e+02 7.478466244971643e-02
5.841342000000001e+02 7.869220400871366e-02
5.842168800000001e+02 8.260547147376054e-02
5.842995600000000e+02 8.526595306524472e-02
5.843822400000000e+02 8.690587786210409e-02
5.844649200000000e+02 8.868373335424201e-02
5.845476000000000e+02 9.005515440579703e-02
5.846302800000000e+02 8.996267640078920e-02
5.847129600000001e+02 8.918706813894035e-02
5.847956400000000e+02 8.859840949892477e-02
5.848783200000000e+02 8.721646953618981e-02
5.849610000000000e+02 8.442164663495443e-02
5.850436800000000e+02 8.137190866247480e-02
5.851263600000000e+02 7.845485396806069e-02
5.852090400000001e+02 7.447277203671836e-02
5.852917200000001e+02 6.938356392068849e-02
5.853744000000000e+02 6.446757008951212e-02
5.854570800000000e+02 5.954734303844724e-02
5.855397600000000e+02 5.347555669941304e-02
5.856224400000000e+02 4.679784661528926e-02
5.857051200000001e+02 4.063869471091274e-02
5.857878000000001e+02 3.430162639135824e-02
5.858704800000000e+02 2.694370346070208e-02
5.859531600000000e+02 1.957923243991360e-02
5.860358400000000e+02 1.293884288185736e-02
5.861185200000000e+02 5.966805675426563e-03
5.862012000000000e+02 -1.692639347547654e-03
5.862838800000001e+02 -8.774315049424563e-03
5.863665600000000e+02 -1.508856467962975e-02
5.864492400000000e+02 -2.181714915713206e-02
5.865319200000000e+02 -2.875451986858568e-02
5.866146000000000e+02 -3.465048474664638e-02
5.866972800000000e+02 -3.988571362906502e-02
5.867799600000001e+02 -4.551461927747400e-02
5.868626400000001e+02 -5.081601718395960e-02
5.869453200000000e+02 -5.481160407901475e-02
5.870280000000000e+02 -5.836359985745293e-02
5.871106800000000e+02 -6.217858843563737e-02
5.871933600000000e+02 -6.517123681621281e-02
5.872760400000001e+02 -6.683209220589288e-02
5.873587200000001e+02 -6.832057463449111e-02
5.874414000000000e+02 -6.985058773009552e-02
5.875240800000000e+02 -7.019678726607181e-02
5.876067600000000e+02 -6.941894684733751e-02
5.876894400000000e+02 -6.873245501463388e-02
5.877721200000000e+02 -6.781584121035103e-02
5.878548000000001e+02 -6.555576773803144e-02
5.879374800000001e+02 -6.256710599075443e-02
5.880201600000000e+02 -5.987053146274358e-02
5.881028400000000e+02 -5.667632968438506e-02
5.881855200000000e+02 -5.221410622251121e-02
5.882682000000000e+02 -4.752774176170797e-02
5.883508800000001e+02 -4.323206296784553e-02
5.884335600000001e+02 -3.823407616688635e-02
5.885162400000000e+02 -3.227020759536502e-02
5.885989200000000e+02 -2.659828819123085e-02
5.886816000000000e+02 -2.129884653947114e-02
5.887642800000000e+02 -1.520754259024055e-02
5.888469600000001e+02 -8.628997286338270e-03
5.889296400000001e+02 -2.772206688829750e-03
5.890123200000000e+02 2.833127035686962e-03
5.890950000000000e+02 9.170134907062573e-03
5.891776800000000e+02 1.542425025197671e-02
5.892603600000000e+02 2.069201518907419e-02
5.893430400000000e+02 2.589154873771787e-02
5.894257200000001e+02 3.160599609949057e-02
5.895084000000001e+02 3.668126885006190e-02
5.895910800000000e+02 4.071374842449482e-02
5.896737600000000e+02 4.486559397123511e-02
5.897564400000000e+02 4.918584894136013e-02
5.898391200000000e+02 5.242983281638099e-02
5.899218000000001e+02 5.478008143567527e-02
5.900044800000001e+02 5.738198850528869e-02
5.900871600000000e+02 5.973505403771207e-02
5.901698400000000e+02 6.077704320216828e-02
5.902525200000000e+02 6.123289852805538e-02
5.903352000000000e+02 6.197309298956448e-02
5.904178800000000e+02 6.205735970206709e-02
5.905005600000001e+02 6.084053956920468e-02
5.905832400000000e+02 5.942502296048011e-02
5.906659200000000e+02 5.821141527590506e-02
5.907486000000000e+02 5.603044757863256e-02
5.908312800000000e+02 5.279588320145530e-02
5.909139600000000e+02 4.973977241503037e-02
5.909966400000001e+02 4.670637311489337e-02
5.910793200000001e+02 4.256007426704938e-02
5.911620000000000e+02 3.779073191104650e-02
5.912446800000000e+02 3.348719149178903e-02
5.913273600000000e+02 2.897765309318578e-02
5.914100400000000e+02 2.341392846552848e-02
5.914927200000001e+02 1.775260389489602e-02
5.915754000000001e+02 1.270322990516674e-02
5.916580800000000e+02 7.232890117692942e-03
5.917407600000000e+02 9.688682679535973e-04
5.918234400000000e+02 -4.874342427534287e-03
5.919061200000000e+02 -1.011499064653006e-02
5.919888000000000e+02 -1.591516177449541e-02
5.920714800000001e+02 -2.208947394694898e-02
5.921541600000000e+02 -2.742609126462125e-02
5.922368400000000e+02 -3.230292582615008e-02
5.923195200000000e+02 -3.775491542409184e-02
5.924022000000000e+02 -4.307648940065807e-02
5.924848800000000e+02 -4.731441287678908e-02
5.925675600000001e+02 -5.131858911295793e-02
5.926502400000001e+02 -5.577130550868314e-02
5.927329200000000e+02 -5.959458347617537e-02
5.928156000000000e+02 -6.229232274761264e-02
5.928982800000000e+02 -6.500092046499636e-02
5.929809600000000e+02 -6.790178218966753e-02
5.930636400000001e+02 -6.976972540206169e-02
5.931463200000001e+02 -7.066767744497146e-02
5.932290000000000e+02 -7.177559651035285e-02
5.933116800000000e+02 -7.273245782490401e-02
5.933943600000000e+02 -7.242167730595946e-02
5.934770400000000e+02 -7.145135323290730e-02
5.935597200000000e+02 -7.079516719968237e-02
5.936424000000001e+02 -6.962249518520087e-02
5.937250800000000e+02 -6.715973376176002e-02
5.938077600000000e+02 -6.443430663851168e-02
5.938904400000000e+02 -6.200792774756930e-02
5.939731200000000e+02 -5.875269126244252e-02
5.940558000000000e+02 -5.440332279252166e-02
5.941384800000001e+02 -5.019429525027446e-02
5.942211600000001e+02 -4.615597734549164e-02
5.943038400000000e+02 -4.110032622603777e-02
5.943865200000000e+02 -3.533228919398750e-02
5.944692000000000e+02 -3.003736959939046e-02
5.945518800000000e+02 -2.470685998052574e-02
5.946345600000001e+02 -1.834632459550553e-02
5.947172400000001e+02 -1.177488562398112e-02
5.947999200000000e+02 -5.881416668678661e-03
5.948826000000000e+02 2.747241957470753e-04
5.949652800000000e+02 7.276958444033223e-03
5.950479600000000e+02 1.395699184469424e-02
5.951306400000000e+02 1.991015065349226e-02
5.952133200000001e+02 2.630741231344510e-02
5.952960000000000e+02 3.318743492404203e-02
5.953786800000000e+02 3.927486894372299e-02
5.954613600000000e+02 4.473575863676536e-02
5.955440400000000e+02 5.071652998005508e-02
5.956267200000000e+02 5.669257632103764e-02
5.957094000000001e+02 6.155118804612703e-02
5.957920800000001e+02 6.599359313642171e-02
5.958747600000000e+02 7.088802738138111e-02
5.959574400000000e+02 7.525131886518072e-02
5.960401200000000e+02 7.837284866579484e-02
5.961228000000000e+02 8.133635278838898e-02
5.962054800000001e+02 8.453626781665921e-02
5.962881600000001e+02 8.673946382644898e-02
5.963708400000000e+02 8.779287083186575e-02
5.964535200000000e+02 8.892451742432154e-02
5.965362000000000e+02 8.996347084498438e-02
5.966188800000000e+02 8.969500959685101e-02
5.967015600000000e+02 8.855831205199972e-02
5.967842400000001e+02 8.765460305211653e-02
5.968669200000001e+02 8.628334618272643e-02
5.969496000000000e+02 8.351632288729180e-02
5.970322800000000e+02 8.028920029708077e-02
5.971149600000000e+02 7.733437480959078e-02
5.971976400000000e+02 7.357815308612782e-02
5.972803200000001e+02 6.858492033889008e-02
5.973630000000001e+02 6.358176295391628e-02
5.974456800000000e+02 5.877512880796593e-02
5.975283600000000e+02 5.295917242143546e-02
5.976110400000000e+02 4.628738185019547e-02
5.976937200000000e+02 4.001127283275946e-02
5.977764000000001e+02 3.377424391134309e-02
5.978590800000001e+02 2.650724974349637e-02
5.979417600000000e+02 1.891873344403633e-02
5.980244400000000e+02 1.201710647580373e-02
5.981071200000000e+02 4.971157295339231e-03
5.981898000000000e+02 -2.916549212118447e-03
5.982724800000000e+02 -1.053707260694310e-02
5.983551600000001e+02 -1.733386517922900e-02
5.984378400000001e+02 -2.442296073986835e-02
5.985205200000000e+02 -3.198108061055428e-02
5.986032000000000e+02 -3.873607087456687e-02
5.986858800000000e+02 -4.469039035484666e-02
5.987685600000000e+02 -5.099949918610978e-02
5.988512400000001e+02 -5.728533683492339e-02
5.989339200000001e+02 -6.237912402746852e-02
5.990166000000000e+02 -6.682988165445397e-02
5.990992800000000e+02 -7.158600252548662e-02
5.991819600000000e+02 -7.579831080618234e-02
5.992646400000000e+02 -7.864123683171785e-02
5.993473200000001e+02 -8.108621488579568e-02
5.994300000000001e+02 -8.367759201376833e-02
5.995126800000000e+02 -8.527515617183287e-02
5.995953600000000e+02 -8.556261550469006e-02
5.996780400000000e+02 -8.572691673634944e-02
5.997607200000000e+02 -8.579842046814838e-02
5.998434000000000e+02 -8.458394616428792e-02
5.999260800000001e+02 -8.233823154803142e-02
6.000087600000001e+02 -8.021659329946734e-02
6.000914400000000e+02 -7.773208178760811e-02
6.001741200000000e+02 -7.388727074526827e-02
6.002568000000000e+02 -6.945465623666575e-02
6.003394800000000e+02 -6.531882082510029e-02
6.004221600000001e+02 -6.057888121066632e-02
6.005048400000001e+02 -5.464401582743405e-02
6.005875200000000e+02 -4.864597183582037e-02
6.006702000000000e+02 -4.301434465070736e-02
6.007528800000000e+02 -3.662534225594918e-02
6.008355600000000e+02 -2.942512144971323e-02
6.009182400000000e+02 -2.267009965963087e-02
6.010009200000001e+02 -1.624372226117010e-02
6.010836000000000e+02 -9.041662189077926e-03
6.011662800000000e+02 -1.567390225611768e-03
6.012489600000000e+02 5.063295895246201e-03
6.013316400000000e+02 1.148888825616864e-02
6.014143200000000e+02 1.854971936629753e-02
6.014970000000001e+02 2.528419526185713e-02
6.015796800000001e+02 3.095804070834274e-02
6.016623600000000e+02 3.659250559104595e-02
6.017450400000000e+02 4.257116919833048e-02
6.018277200000000e+02 4.767727231431201e-02
6.019104000000000e+02 5.172033695967251e-02
6.019930800000001e+02 5.587680959986228e-02
6.020757600000001e+02 5.997919639323589e-02
6.021584400000000e+02 6.282106888165977e-02
6.022411200000000e+02 6.479944374252976e-02
6.023238000000000e+02 6.697982197930565e-02
6.024064800000000e+02 6.867396263039428e-02
6.024891600000000e+02 6.895440480609538e-02
6.025718400000001e+02 6.871741499612058e-02
6.026545200000000e+02 6.867498777553217e-02
6.027372000000000e+02 6.776937968475236e-02
6.028198800000000e+02 6.556078225078359e-02
6.029025600000000e+02 6.324360858868525e-02
6.029852400000000e+02 6.101540861925231e-02
6.030679200000001e+02 5.768648614316009e-02
6.031506000000001e+02 5.340398495637072e-02
6.032332800000000e+02 4.939396110019953e-02
6.033159600000000e+02 4.529775707904320e-02
6.033986400000000e+02 4.006114090696912e-02
6.034813200000000e+02 3.438606380305544e-02
6.035640000000001e+02 2.926097678725855e-02
6.036466800000001e+02 2.385558798114259e-02
6.037293600000000e+02 1.748602347939572e-02
6.038120400000000e+02 1.125566404078301e-02
6.038947200000000e+02 5.704015744384862e-03
6.039774000000000e+02 -2.832413109603928e-04
6.040600800000000e+02 -6.869101873630104e-03
6.041427600000001e+02 -1.278578993305897e-02
6.042254400000000e+02 -1.805235253868860e-02
6.043081200000000e+02 -2.382172864719189e-02
6.043908000000000e+02 -2.969971416504259e-02
6.044734800000000e+02 -3.452139948649634e-02
6.045561600000000e+02 -3.885343015790670e-02
6.046388400000001e+02 -4.363859182345289e-02
6.047215200000001e+02 -4.800710257422963e-02
6.048042000000000e+02 -5.113834192701324e-02
6.048868800000000e+02 -5.402207556220204e-02
6.049695600000000e+02 -5.719019429051712e-02
6.050522400000000e+02 -5.947688612135103e-02
6.051349200000001e+02 -6.057379972908784e-02
6.052176000000001e+02 -6.168439133789658e-02
6.053002800000000e+02 -6.281618841022940e-02
6.053829600000000e+02 -6.274714753133623e-02
6.054656400000000e+02 -6.174407471643818e-02
6.055483200000000e+02 -6.097295070058994e-02
6.056310000000000e+02 -5.991228537819825e-02
6.057136800000001e+02 -5.753605868281518e-02
6.057963600000000e+02 -5.463249680870270e-02
6.058790400000000e+02 -5.208729975091463e-02
6.059617200000000e+02 -4.895524670389965e-02
6.060444000000000e+02 -4.462108358487352e-02
6.061270800000000e+02 -4.023419270575589e-02
6.062097600000001e+02 -3.621437350090267e-02
6.062924400000001e+02 -3.138823211833285e-02
6.063751200000000e+02 -2.568457695657360e-02
6.064578000000000e+02 -2.037782939195919e-02
6.065404800000000e+02 -1.533251661276052e-02
6.066231600000000e+02 -9.394725234723294e-03
6.067058400000001e+02 -3.059510892934082e-03
6.067885200000001e+02 2.538648800746337e-03
6.068712000000000e+02 8.062471297651851e-03
6.069538800000000e+02 1.439753612073210e-02
6.070365600000000e+02 2.057976117123787e-02
6.071192400000000e+02 2.585319887233314e-02
6.072019200000000e+02 3.126519884628808e-02
6.072846000000001e+02 3.723704390104384e-02
6.073672800000001e+02 4.253530685524554e-02
6.074499600000000e+02 4.694249497531073e-02
6.075326400000000e+02 5.166177511855458e-02
6.076153200000000e+02 5.655234536194076e-02
6.076980000000000e+02 6.037292046750276e-02
6.077806800000001e+02 6.348875151166089e-02
6.078633600000001e+02 6.699317643413531e-02
6.079460400000000e+02 7.020862586012694e-02
6.080287200000000e+02 7.215269363661445e-02
6.081114000000000e+02 7.369021839582481e-02
6.081940800000000e+02 7.556196264500729e-02
6.082767600000001e+02 7.669913284748407e-02
6.083594400000001e+02 7.659053292073696e-02
6.084421200000000e+02 7.640746366950089e-02
6.085248000000000e+02 7.637408742738444e-02
6.086074800000000e+02 7.526489121800420e-02
6.086901600000000e+02 7.314954335716391e-02
6.087728400000000e+02 7.124608575856321e-02
6.088555200000001e+02 6.921475032041031e-02
6.089382000000001e+02 6.594408353696987e-02
6.090208800000000e+02 6.206674181497141e-02
6.091035600000000e+02 5.858019259695366e-02
6.091862400000000e+02 5.466066673779900e-02
6.092689200000000e+02 4.955642659036433e-02
6.093516000000001e+02 4.432238777494677e-02
6.094342800000001e+02 3.952079996023052e-02
6.095169600000000e+02 3.403177351073693e-02
6.095996400000000e+02 2.762863423319685e-02
6.096823200000000e+02 2.155774476321140e-02
6.097650000000000e+02 1.583120406590166e-02
6.098476800000001e+02 9.284830583280035e-03
6.099303600000001e+02 2.266129832196485e-03
6.100130400000000e+02 -4.055544435565429e-03
6.100957200000000e+02 -1.021041230251214e-02
6.101784000000000e+02 -1.714868435342413e-02
6.102610800000000e+02 -2.402462729244612e-02
6.103437600000000e+02 -2.999278955409948e-02
6.104264400000001e+02 -3.600040042681268e-02
6.105091200000001e+02 -4.257607184101111e-02
6.105918000000000e+02 -4.855775800040544e-02
6.106744800000000e+02 -5.359704940603618e-02
6.107571600000000e+02 -5.884626450392703e-02
6.108398400000000e+02 -6.429912572590336e-02
6.109225200000001e+02 -6.872390445706919e-02
6.110052000000001e+02 -7.233451917293525e-02
6.110878800000000e+02 -7.623777464795953e-02
6.111705600000000e+02 -7.989516675052627e-02
6.112532400000000e+02 -8.226355430941842e-02
6.113359200000000e+02 -8.406652873645616e-02
6.114186000000000e+02 -8.612962948440424e-02
6.115012800000001e+02 -8.749735608697101e-02
6.115839600000000e+02 -8.753191900958358e-02
6.116666400000000e+02 -8.731005660653414e-02
6.117493200000000e+02 -8.720307570176292e-02
6.118320000000000e+02 -8.604047019787196e-02
6.119146800000000e+02 -8.372215445129491e-02
6.119973600000001e+02 -8.145128088416011e-02
6.120800400000001e+02 -7.906846978527851e-02
6.121627200000000e+02 -7.543514567452855e-02
6.122454000000000e+02 -7.101134473716925e-02
6.123280800000000e+02 -6.687562877285380e-02
6.124107600000000e+02 -6.237246277220519e-02
6.124934400000001e+02 -5.663747018097676e-02
6.125761200000001e+02 -5.059874112331739e-02
6.126588000000000e+02 -4.498487473396725e-02
6.127414800000000e+02 -3.878317733641275e-02
6.128241600000000e+02 -3.159218835482359e-02
6.129068400000000e+02 -2.461838460155560e-02
6.129895200000000e+02 -1.808625277757445e-02
6.130722000000001e+02 -1.084287986747748e-02
6.131548800000000e+02 -3.044939640798169e-03
6.132375600000000e+02 4.073883281095098e-03
6.133202400000000e+02 1.084279595804036e-02
6.134029200000000e+02 1.830303314597310e-02
6.134856000000000e+02 2.576146907096871e-02
6.135682800000001e+02 3.221969173919985e-02
6.136509600000001e+02 3.849167028113138e-02
6.137336400000000e+02 4.527301683795721e-02
6.138163200000000e+02 5.147334106087571e-02
6.138990000000000e+02 5.654735377429438e-02
6.139816800000000e+02 6.161690783353482e-02
6.140643600000001e+02 6.686892989175634e-02
6.141470400000001e+02 7.104717786910836e-02
6.142297200000000e+02 7.418262611686499e-02
6.143124000000000e+02 7.745605909821181e-02
6.143950800000000e+02 8.049407925235770e-02
6.144777600000000e+02 8.214958621018240e-02
6.145604400000000e+02 8.302686134800259e-02
6.146431200000001e+02 8.410001465998547e-02
6.147258000000000e+02 8.451137294790979e-02
6.148084800000000e+02 8.347918873852980e-02
6.148911600000000e+02 8.204946809473171e-02
6.149738400000000e+02 8.076967377683060e-02
6.150565200000000e+02 7.848675219573441e-02
6.151392000000001e+02 7.496117737723668e-02
6.152218800000001e+02 7.144973534388974e-02
6.153045600000000e+02 6.795140813768437e-02
6.153872400000000e+02 6.327568422020236e-02
6.154699200000000e+02 5.778078400720992e-02
6.155526000000000e+02 5.265820410143140e-02
6.156352800000001e+02 4.736262330483950e-02
6.157179600000001e+02 4.093178453423562e-02
6.158006400000000e+02 3.424411537694728e-02
6.158833200000000e+02 2.816894203192005e-02
6.159660000000000e+02 2.174282508662909e-02
6.160486800000000e+02 1.444367785827815e-02
6.161313600000000e+02 7.480246693098911e-03
6.162140400000001e+02 1.218920440053678e-03
6.162967200000001e+02 -5.506635582294506e-03
6.163794000000000e+02 -1.266605947169924e-02
6.164620800000000e+02 -1.897697318168689e-02
6.165447600000000e+02 -2.464464779067015e-02
6.166274400000000e+02 -3.078503370782720e-02
6.167101200000001e+02 -3.682311187966919e-02
6.167928000000001e+02 -4.166935273878823e-02
6.168754800000000e+02 -4.604831088742257e-02
6.169581600000000e+02 -5.078931808404760e-02
6.170408400000000e+02 -5.489413190846806e-02
6.171235200000000e+02 -5.768761899074572e-02
6.172062000000001e+02 -6.025624208260816e-02
6.172888800000001e+02 -6.297083515660808e-02
6.173715600000000e+02 -6.461660753572462e-02
6.174542400000000e+02 -6.506721674041231e-02
6.175369200000000e+02 -6.554350523073059e-02
6.176196000000000e+02 -6.588226874540945e-02
6.177022800000000e+02 -6.490149747905824e-02
6.177849600000001e+02 -6.304686173993683e-02
6.178676400000001e+02 -6.142163527424795e-02
6.179503200000000e+02 -5.936258238066797e-02
6.180330000000000e+02 -5.596370490675864e-02
6.181156800000000e+02 -5.215112517514708e-02
6.181983600000000e+02 -4.868324451210903e-02
6.182810400000001e+02 -4.453391087909392e-02
6.183637200000001e+02 -3.926274155507812e-02
6.184464000000000e+02 -3.408685383095475e-02
6.185290800000000e+02 -2.926230175105591e-02
6.186117600000000e+02 -2.361485103890584e-02
6.186944400000000e+02 -1.726660183997613e-02
6.187771200000001e+02 -1.147398773249146e-02
6.188598000000001e+02 -5.936897028471295e-03
6.189424800000000e+02 4.161480530880038e-04
6.190251600000000e+02 6.919740684315369e-03
6.191078400000000e+02 1.254198526894074e-02
6.191905200000000e+02 1.807439986389528e-02
6.192732000000000e+02 2.425104869197894e-02
6.193558800000001e+02 2.999930308003813e-02
6.194385600000001e+02 3.473171340643146e-02
6.195212400000000e+02 3.955764920998878e-02
6.196039200000000e+02 4.470804675901611e-02
6.196866000000000e+02 4.893106473304325e-02
6.197692800000000e+02 5.220948045853506e-02
6.198519600000001e+02 5.572369763924671e-02
6.199346400000001e+02 5.914534883741954e-02
6.200173200000000e+02 6.131519535152964e-02
6.201000000000000e+02 6.278682130038692e-02
6.201826800000000e+02 6.454675390284861e-02
6.202653600000000e+02 6.577720064452519e-02
6.203480400000001e+02 6.566594523238763e-02
6.204307200000001e+02 6.521058289939499e-02
6.205134000000000e+02 6.498252094881216e-02
6.205960800000000e+02 6.385657997366209e-02
6.206787600000000e+02 6.154565603308615e-02
6.207614400000000e+02 5.926601203578358e-02
6.208441200000000e+02 5.704838973508113e-02
6.209268000000001e+02 5.371261122672367e-02
6.210094800000001e+02 4.955748148536104e-02
6.210921600000000e+02 4.574672921868388e-02
6.211748400000000e+02 4.176894355653165e-02
6.212575200000000e+02 3.665293178021577e-02
6.213402000000000e+02 3.121445225001802e-02
6.214228800000001e+02 2.631012723472012e-02
6.215055600000001e+02 2.100691553642456e-02
6.215882400000000e+02 1.475802573553864e-02
6.216709200000000e+02 8.715559252586378e-03
6.217536000000000e+02 3.247378635927806e-03
6.218362800000000e+02 -2.788993728074689e-03
6.219189600000000e+02 -9.395901031279449e-03
6.220016400000001e+02 -1.533471085467426e-02
6.220843200000000e+02 -2.079782848097606e-02
6.221670000000000e+02 -2.688274554127271e-02
6.222496800000000e+02 -3.304630047765236e-02
6.223323600000000e+02 -3.822697350980635e-02
6.224150400000000e+02 -4.312736012006792e-02
6.224977200000001e+02 -4.855934489150660e-02
6.225804000000001e+02 -5.354940103564389e-02
6.226630800000000e+02 -5.743511794862114e-02
6.227457600000000e+02 -6.127214573024454e-02
6.228284400000000e+02 -6.541036262407084e-02
6.229111200000000e+02 -6.865068685308102e-02
6.229938000000001e+02 -7.086568355154634e-02
6.230764800000001e+02 -7.323539417579916e-02
6.231591600000000e+02 -7.557084213870288e-02
6.232418400000000e+02 -7.669840765278380e-02
6.233245200000000e+02 -7.704960470561656e-02
6.234072000000000e+02 -7.767706713669695e-02
6.234898800000000e+02 -7.789015883357620e-02
6.235725600000001e+02 -7.678653460552640e-02
6.236552400000000e+02 -7.526548418456834e-02
6.237379200000000e+02 -7.402901062436597e-02
6.238206000000000e+02 -7.202787628964985e-02
6.239032800000000e+02 -6.882189956574074e-02
6.239859600000000e+02 -6.559097646010284e-02
6.240686400000001e+02 -6.253732064480927e-02
6.241513200000001e+02 -5.847304682576075e-02
6.242340000000000e+02 -5.351711358255067e-02
6.243166800000000e+02 -4.888468296013401e-02
6.243993600000000e+02 -4.423400153231277e-02
6.244820400000000e+02 -3.849090214601299e-02
6.245647200000001e+02 -3.231558533494697e-02
6.246474000000001e+02 -2.670462156115789e-02
6.247300800000000e+02 -2.084341404117977e-02
6.248127600000000e+02 -1.400433740610633e-02
6.248954400000000e+02 -7.257572895846779e-03
6.249781200000000e+02 -1.171073418555525e-03
6.250608000000000e+02 5.369106804859222e-03
6.251434800000001e+02 1.258037726518759e-02
6.252261600000000e+02 1.920255463430251e-02
6.253088400000000e+02 2.521761080286892e-02
6.253915200000000e+02 3.179768062266683e-02
6.254742000000000e+02 3.859256980835039e-02
6.255568800000000e+02 4.441668934169996e-02
6.256395600000001e+02 4.980663686353321e-02
6.257222400000001e+02 5.573451693214865e-02
6.258049200000000e+02 6.134749314540752e-02
6.258876000000000e+02 6.578817814566076e-02
6.259702800000000e+02 7.003202341320983e-02
6.260529600000000e+02 7.463252196954163e-02
6.261356400000001e+02 7.841140706146445e-02
6.262183200000001e+02 8.102629998634236e-02
6.263010000000000e+02 8.367801512965740e-02
6.263836800000000e+02 8.637293353065498e-02
6.264663600000000e+02 8.786078246032802e-02
6.265490400000000e+02 8.839091233165214e-02
6.266317200000000e+02 8.912436308302216e-02
6.267144000000001e+02 8.951376357192196e-02
6.267970800000001e+02 8.851105638496562e-02
6.268797600000000e+02 8.690441442861707e-02
6.269624400000000e+02 8.555815824439740e-02
6.270451200000000e+02 8.349036464427520e-02
6.271278000000000e+02 8.008777337352341e-02
6.272104800000001e+02 7.650532943312915e-02
6.272931600000001e+02 7.312122459134876e-02
6.273758400000000e+02 6.873765530433340e-02
6.274585200000000e+02 6.331313787290664e-02
6.275412000000000e+02 5.811730217026648e-02
6.276238800000000e+02 5.296388225054161e-02
6.277065600000001e+02 4.670645896471151e-02
6.277892400000001e+02 3.988536398386448e-02
6.278719200000000e+02 3.361092882825655e-02
6.279546000000000e+02 2.718145846458234e-02
6.280372800000000e+02 1.975553183333875e-02
6.281199600000000e+02 1.233773714815157e-02
6.282026400000000e+02 5.645226724928900e-03
6.282853200000001e+02 -1.377332126840881e-03
6.283680000000001e+02 -9.083670208296835e-03
6.284506800000000e+02 -1.622090949367941e-02
6.285333600000000e+02 -2.260875352455720e-02
6.286160400000000e+02 -2.942173167214342e-02
6.286987200000000e+02 -3.645237640970519e-02
6.287814000000001e+02 -4.246389652265775e-02
6.288640800000001e+02 -4.783929397502314e-02
6.289467600000000e+02 -5.361902039024085e-02
6.290294400000000e+02 -5.908188147394141e-02
6.291121200000000e+02 -6.326260152667465e-02
6.291948000000000e+02 -6.701648462980943e-02
6.292774800000001e+02 -7.103170466428303e-02
6.293601600000001e+02 -7.422738003347963e-02
6.294428400000000e+02 -7.610458840895235e-02
6.295255200000000e+02 -7.780592981619328e-02
6.296082000000000e+02 -7.952707903770802e-02
6.296908800000000e+02 -8.005350373852022e-02
6.297735600000000e+02 -7.945027073358188e-02
6.298562400000001e+02 -7.890798984152074e-02
6.299389200000001e+02 -7.809297491287845e-02
6.300216000000000e+02 -7.590890745645183e-02
6.301042800000000e+02 -7.296838113302080e-02
6.301869600000000e+02 -7.026407681575518e-02
6.302696400000000e+02 -6.700498704339609e-02
6.303523200000001e+02 -6.244140231070582e-02
6.304350000000001e+02 -5.760678834432135e-02
6.305176800000000e+02 -5.309108120349850e-02
6.306003600000000e+02 -4.781294639534330e-02
6.306830400000000e+02 -4.152924256395155e-02
6.307657200000000e+02 -3.548106877034020e-02
6.308484000000001e+02 -2.973284771383801e-02
6.309310800000001e+02 -2.314334496356983e-02
6.310137600000000e+02 -1.603371077837487e-02
6.310964400000000e+02 -9.593356464409911e-03
6.311791200000000e+02 -3.347705455483099e-03
6.312618000000000e+02 3.655925365515155e-03
6.313444800000000e+02 1.059261500284076e-02
6.314271600000001e+02 1.657792812890578e-02
6.315098400000001e+02 2.252265165611761e-02
6.315925200000000e+02 2.897709789559743e-02
6.316752000000000e+02 3.478399076703338e-02
6.317578800000000e+02 3.955623307739894e-02
6.318405600000000e+02 4.443954645330882e-02
6.319232400000001e+02 4.945226110436319e-02
6.320059200000001e+02 5.335428358580781e-02
6.320886000000000e+02 5.634180937628969e-02
6.321712800000000e+02 5.953786818465705e-02
6.322539600000000e+02 6.241721897306523e-02
6.323366400000000e+02 6.393074238495480e-02
6.324193200000000e+02 6.481422348799061e-02
6.325020000000001e+02 6.591275290312440e-02
6.325846800000000e+02 6.627090629008395e-02
6.326673600000000e+02 6.526541038095472e-02
6.327500400000000e+02 6.400587675201080e-02
6.328327200000000e+02 6.286738490432428e-02
6.329154000000000e+02 6.067833621683837e-02
6.329980800000001e+02 5.738145495535937e-02
6.330807600000001e+02 5.421068687383646e-02
6.331634400000000e+02 5.098811779935057e-02
6.332461200000000e+02 4.659026827925488e-02
6.333288000000000e+02 4.153859953694893e-02
6.334114800000000e+02 3.691721963299467e-02
6.334941600000001e+02 3.203944608550190e-02
6.335768400000001e+02 2.608206844724614e-02
6.336595200000000e+02 2.002968203266229e-02
6.337422000000000e+02 1.458102604000652e-02
6.338248800000000e+02 8.698498438176787e-03
6.339075600000000e+02 2.041793843914952e-03
6.339902400000000e+02 -4.155868447813470e-03
6.340729200000001e+02 -9.726979955429918e-03
6.341556000000000e+02 -1.582806277988991e-02
6.342382800000000e+02 -2.224166546407766e-02
6.343209600000000e+02 -2.774935863629517e-02
6.344036400000000e+02 -3.274339266765585e-02
6.344863200000000e+02 -3.824635331259792e-02
6.345690000000001e+02 -4.352821752028736e-02
6.346516800000001e+02 -4.764060323908955e-02
6.347343600000000e+02 -5.144577215434142e-02
6.348170400000000e+02 -5.561252608306737e-02
6.348997200000000e+02 -5.905020345954297e-02
6.349824000000000e+02 -6.127596531607406e-02
6.350650800000001e+02 -6.343674037570440e-02
6.351477600000001e+02 -6.570452464330158e-02
6.352304400000000e+02 -6.685336432514892e-02
6.353131200000000e+02 -6.696446205164801e-02
6.353958000000000e+02 -6.722806799371961e-02
6.354784800000000e+02 -6.728027645461476e-02
6.355611600000000e+02 -6.601289713366949e-02
6.356438400000001e+02 -6.405483751270755e-02
6.357265200000001e+02 -6.239092774101410e-02
6.358092000000000e+02 -6.019334010302771e-02
6.358918800000000e+02 -5.670243654760050e-02
6.359745600000000e+02 -5.296718082876115e-02
6.360572400000000e+02 -4.956039393592404e-02
6.361399200000001e+02 -4.535987552309478e-02
6.362226000000001e+02 -4.011684986559552e-02
6.363052800000000e+02 -3.508574391012270e-02
6.363879600000000e+02 -3.030529225877923e-02
6.364706400000000e+02 -2.459349902461679e-02
6.365533200000000e+02 -1.827179141725477e-02
6.366360000000001e+02 -1.254049725117299e-02
6.367186800000001e+02 -6.893886316369155e-03
6.368013600000000e+02 -3.427297426639083e-04
6.368840400000000e+02 6.280457891041702e-03
6.369667200000000e+02 1.208099818401803e-02
6.370494000000000e+02 1.800243049397555e-02
6.371320800000000e+02 2.462416904893445e-02
6.372147600000001e+02 3.077168178471616e-02
6.372974400000001e+02 3.604550307648523e-02
6.373801200000000e+02 4.162308880016012e-02
6.374628000000000e+02 4.754142688263753e-02
6.375454800000000e+02 5.252999403627037e-02
6.376281600000000e+02 5.676912906890474e-02
6.377108400000001e+02 6.141179676198649e-02
6.377935200000001e+02 6.593689483053528e-02
6.378762000000000e+02 6.924888449575224e-02
6.379588800000000e+02 7.206651537019887e-02
6.380415600000000e+02 7.526254374900621e-02
6.381242400000000e+02 7.786597931019380e-02
6.382069200000001e+02 7.919231645228277e-02
6.382896000000001e+02 8.033875325385210e-02
6.383722800000000e+02 8.170329955277020e-02
6.384549600000000e+02 8.207522067259765e-02
6.385376400000000e+02 8.132865119201992e-02
6.386203200000000e+02 8.069595908726183e-02
6.387030000000000e+02 8.001234203834702e-02
6.387856800000001e+02 7.809293190224162e-02
6.388683600000001e+02 7.539585423792129e-02
6.389510400000000e+02 7.301714605443578e-02
6.390337200000000e+02 7.026815911593265e-02
6.391164000000000e+02 6.625091683972349e-02
6.391990800000000e+02 6.190504933800602e-02
6.392817600000001e+02 5.795213531818474e-02
6.393644400000001e+02 5.333630308171482e-02
6.394471200000000e+02 4.764390053645948e-02
6.395298000000000e+02 4.208968245305127e-02
6.396124800000000e+02 3.686912835556297e-02
6.396951600000000e+02 3.079666271327192e-02
6.397778400000001e+02 2.403305377080054e-02
6.398605200000001e+02 1.780518034236659e-02
6.399432000000000e+02 1.174935808354556e-02
6.400258800000000e+02 4.814007107039267e-03
6.401085600000000e+02 -2.301391829667607e-03
6.401912400000000e+02 -8.618654762831397e-03
6.402739200000000e+02 -1.497090443694111e-02
6.403566000000001e+02 -2.204499838491774e-02
6.404392800000001e+02 -2.875405191760953e-02
6.405219600000000e+02 -3.457093482817410e-02
6.406046400000000e+02 -4.060902152618848e-02
6.406873200000000e+02 -4.704242056362923e-02
6.407700000000000e+02 -5.262857258315612e-02
6.408526800000001e+02 -5.739408008583275e-02
6.409353600000001e+02 -6.248789009922946e-02
6.410180400000000e+02 -6.753572472079873e-02
6.411007200000000e+02 -7.140057918185930e-02
6.411834000000000e+02 -7.464760607496049e-02
6.412660800000000e+02 -7.821471299274629e-02
6.413487600000001e+02 -8.126058651306645e-02
6.414314400000001e+02 -8.298971271198118e-02
6.415141200000000e+02 -8.437964901854547e-02
6.415968000000000e+02 -8.595994824538405e-02
6.416794800000000e+02 -8.660104652632125e-02
6.417621600000000e+02 -8.601221817587414e-02
6.418448400000000e+02 -8.537490986674834e-02
6.419275200000001e+02 -8.470130532918614e-02
6.420102000000001e+02 -8.281173442085324e-02
6.420928800000000e+02 -7.997945503250474e-02
6.421755600000000e+02 -7.734221918591057e-02
6.422582400000000e+02 -7.439462932206456e-02
6.423409200000000e+02 -7.015600482612525e-02
6.424236000000001e+02 -6.540773048823925e-02
6.425062800000001e+02 -6.100675140547072e-02
6.425889600000000e+02 -5.603816733477691e-02
6.426716400000000e+02 -4.993040873837187e-02
6.427543200000000e+02 -4.381273180125921e-02
6.428370000000000e+02 -3.808193342675067e-02
6.429196800000000e+02 -3.160904396086288e-02
6.430023600000001e+02 -2.435966260740271e-02
6.430850400000000e+02 -1.757673362873577e-02
6.431677200000000e+02 -1.111252190232067e-02
6.432504000000000e+02 -3.868504178021913e-03
6.433330800000000e+02 3.635279051355208e-03
6.434157600000000e+02 1.030437641452569e-02
6.434984400000001e+02 1.680043545930135e-02
6.435811200000001e+02 2.394792810976854e-02
6.436638000000000e+02 3.077390230962265e-02
6.437464800000000e+02 3.656836801856519e-02
6.438291600000000e+02 4.236383319014865e-02
6.439118400000000e+02 4.852120162368709e-02
6.439945200000001e+02 5.381827936980908e-02
6.440772000000001e+02 5.808698010240312e-02
6.441598800000000e+02 6.250261571207671e-02
6.442425600000000e+02 6.687221567189833e-02
6.443252400000000e+02 6.998926172192819e-02
6.444079200000000e+02 7.226823778250042e-02
6.444906000000000e+02 7.476325810537320e-02
6.445732800000001e+02 7.676145495535107e-02
6.446559600000001e+02 7.733986807269917e-02
6.447386400000000e+02 7.740645809745897e-02
6.448213200000000e+02 7.765491574344659e-02
6.449040000000000e+02 7.700686524098133e-02
6.449866800000000e+02 7.503137514750187e-02
6.450693600000001e+02 7.292920742291625e-02
6.451520400000001e+02 7.087626809656461e-02
6.452347200000000e+02 6.766917647042353e-02
6.453174000000000e+02 6.346823215077733e-02
6.454000800000000e+02 5.950109794595852e-02
6.454827600000000e+02 5.538787170625378e-02
6.455654400000001e+02 5.007011139620099e-02
6.456481200000001e+02 4.426611294602516e-02
6.457308000000000e+02 3.896174719466713e-02
6.458134800000000e+02 3.330987635660642e-02
6.458961600000000e+02 2.663286104264605e-02
6.459788400000000e+02 2.005097477858023e-02
6.460615200000000e+02 1.409813388330602e-02
6.461442000000001e+02 7.651178423255672e-03
6.462268800000001e+02 5.619781473009558e-04
6.463095600000000e+02 -5.887652863145841e-03
6.463922400000000e+02 -1.172299455403089e-02
6.464749200000000e+02 -1.809609017784550e-02
6.465576000000000e+02 -2.459393307894663e-02
6.466402800000001e+02 -3.004289152014391e-02
6.467229600000001e+02 -3.501343729277187e-02
6.468056400000000e+02 -4.043921285667211e-02
6.468883200000000e+02 -4.543371592867336e-02
6.469710000000000e+02 -4.917311392011832e-02
6.470536800000000e+02 -5.264639928004927e-02
6.471363600000001e+02 -5.637277308991578e-02
6.472190400000001e+02 -5.917668241617268e-02
6.473017200000000e+02 -6.075008413294560e-02
6.473844000000000e+02 -6.229123717014734e-02
6.474670800000000e+02 -6.379762396859699e-02
6.475497600000000e+02 -6.404630425808523e-02
6.476324400000000e+02 -6.330516310007445e-02
6.477151200000001e+02 -6.273337418766815e-02
6.477978000000001e+02 -6.180712158086109e-02
6.478804800000000e+02 -5.950687361909486e-02
6.479631600000000e+02 -5.662088269599913e-02
6.480458400000000e+02 -5.403054248170051e-02
6.481285200000000e+02 -5.079796602608017e-02
6.482112000000001e+02 -4.631827947237924e-02
6.482938800000001e+02 -4.173965883917007e-02
6.483765600000000e+02 -3.748334650490093e-02
6.484592400000000e+02 -3.239140913074694e-02
6.485419200000000e+02 -2.640320228356435e-02
6.486246000000000e+02 -2.079149875946096e-02
6.487072800000001e+02 -1.542885095259959e-02
6.487899600000001e+02 -9.181210624548294e-03
6.488726400000000e+02 -2.551452845289756e-03
6.489553200000000e+02 3.327621535645830e-03
6.490380000000000e+02 9.105659979086961e-03
6.491206800000000e+02 1.564810019544151e-02
6.492033600000000e+02 2.198797558439832e-02
6.492860400000001e+02 2.737171711207149e-02
6.493687200000001e+02 3.283104310823315e-02
6.494514000000000e+02 3.877037105915809e-02
6.495340800000000e+02 4.396049198061573e-02
6.496167600000000e+02 4.818804992460463e-02
6.496994400000000e+02 5.263994355194938e-02
6.497821200000001e+02 5.716497480762212e-02
6.498648000000001e+02 6.053523348421906e-02
6.499474800000000e+02 6.312170704280931e-02
6.500301600000000e+02 6.600191114199323e-02
6.501128400000000e+02 6.849772886641069e-02
6.501955200000000e+02 6.964988260022938e-02
6.502782000000001e+02 7.032819320350998e-02
6.503608800000001e+02 7.125934994143440e-02
6.504435600000000e+02 7.138700321845370e-02
6.505262400000000e+02 7.023021537390127e-02
6.506089200000000e+02 6.896079846920931e-02
6.506916000000000e+02 6.779326400919811e-02
6.507742800000000e+02 6.552865202048801e-02
6.508569600000001e+02 6.226767750589279e-02
6.509396400000001e+02 5.922167526654543e-02
6.510223200000000e+02 5.604940623469097e-02
6.511050000000000e+02 5.167714768325007e-02
6.511876800000000e+02 4.676112938871448e-02
6.512703600000000e+02 4.228521904047190e-02
6.513530400000001e+02 3.743516701259830e-02
6.514357200000001e+02 3.150074611635338e-02
6.515184000000000e+02 2.554617762458285e-02
6.516010800000000e+02 2.011675471960360e-02
6.516837600000000e+02 1.411255563042276e-02
6.517664400000000e+02 7.342459936812832e-03
6.518491200000000e+02 1.045449984266175e-03
6.519318000000001e+02 -4.782007780044169e-03
6.520144800000000e+02 -1.127836539475721e-02
6.520971600000000e+02 -1.807483886254224e-02
6.521798400000000e+02 -2.402360153491575e-02
6.522625200000000e+02 -2.966610082529252e-02
6.523452000000000e+02 -3.592813452193433e-02
6.524278800000001e+02 -4.196069052978580e-02
6.525105600000001e+02 -4.694843838079111e-02
6.525932400000000e+02 -5.184531540456237e-02
6.526759200000000e+02 -5.716297796559604e-02
6.527586000000000e+02 -6.175249494870146e-02
6.528412800000000e+02 -6.529852075881774e-02
6.529239600000001e+02 -6.895746967352756e-02
6.530066400000001e+02 -7.271603051291632e-02
6.530893200000000e+02 -7.536691502403652e-02
6.531720000000000e+02 -7.715614793443433e-02
6.532546800000000e+02 -7.919357625102547e-02
6.533373600000000e+02 -8.094196310016509e-02
6.534200400000000e+02 -8.138832982402661e-02
6.535027200000001e+02 -8.128508151735067e-02
6.535854000000000e+02 -8.145912591065425e-02
6.536680800000000e+02 -8.096079083755879e-02
6.537507600000000e+02 -7.918399676950709e-02
6.538334400000000e+02 -7.722874137205618e-02
6.539161200000000e+02 -7.546342099319764e-02
6.539988000000001e+02 -7.272481829613860e-02
6.540814800000001e+02 -6.894336117486757e-02
6.541641600000000e+02 -6.533663122642674e-02
6.542468400000000e+02 -6.173557642186692e-02
6.543295200000000e+02 -5.700947498669959e-02
6.544122000000000e+02 -5.164503764714098e-02
6.544948800000001e+02 -4.672273655610909e-02
6.545775600000001e+02 -4.157066394442231e-02
6.546602400000000e+02 -3.533361367170969e-02
6.547429200000000e+02 -2.895893853314825e-02
6.548256000000000e+02 -2.316264568000481e-02
6.549082800000000e+02 -1.691244576060831e-02
6.549909600000000e+02 -9.817808746677755e-03
6.550736400000001e+02 -3.093106847034595e-03
6.551563200000001e+02 3.062430610090650e-03
6.552390000000000e+02 9.819078291446763e-03
6.553216800000000e+02 1.700893562190686e-02
6.554043600000000e+02 2.340410091698489e-02
6.554870400000000e+02 2.936567283149498e-02
6.555697200000001e+02 3.594540891799897e-02
6.556524000000001e+02 4.244186044254190e-02
6.557350800000000e+02 4.787468973520521e-02
6.558177600000000e+02 5.308816445323182e-02
6.559004400000000e+02 5.878013212989799e-02
6.559831200000000e+02 6.385780597059591e-02
6.560658000000001e+02 6.780081062882413e-02
6.561484800000001e+02 7.175262471240380e-02
6.562311600000000e+02 7.589609263749371e-02
6.563138400000000e+02 7.897915345106488e-02
6.563965200000000e+02 8.105695361490294e-02
6.564792000000000e+02 8.331998660633694e-02
6.565618800000000e+02 8.538807813467199e-02
6.566445600000001e+02 8.612243523445715e-02
6.567272400000001e+02 8.614424701991354e-02
6.568099200000000e+02 8.642651908754304e-02
6.568926000000000e+02 8.610507084555977e-02
6.569752800000000e+02 8.440637237468496e-02
6.570579600000000e+02 8.238307934502033e-02
6.571406400000001e+02 8.057458468045570e-02
6.572233200000001e+02 7.782273800932926e-02
6.573060000000000e+02 7.389253359139306e-02
6.573886800000000e+02 7.003806474487867e-02
6.574713600000000e+02 6.624761975596344e-02
6.575540400000000e+02 6.132683027232361e-02
6.576367200000001e+02 5.563338121276411e-02
6.577194000000001e+02 5.035008446543979e-02
6.578020800000000e+02 4.492178596382297e-02
6.578847600000000e+02 3.838336449265377e-02
6.579674400000000e+02 3.160846195098533e-02
6.580501200000000e+02 2.545563277769370e-02
6.581328000000000e+02 1.895501988351994e-02
6.582154800000001e+02 1.158291283961346e-02
6.582981600000001e+02 4.540703263002596e-03
6.583808400000000e+02 -1.814611206457647e-03
6.584635200000000e+02 -8.650396577639528e-03
6.585462000000000e+02 -1.593651695283568e-02
6.586288800000000e+02 -2.239908246079528e-02
6.587115600000001e+02 -2.824834839424663e-02
6.587942400000001e+02 -3.459476398075541e-02
6.588769200000000e+02 -4.086305173811156e-02
6.589596000000000e+02 -4.597217758575001e-02
6.590422800000000e+02 -5.064459010631005e-02
6.591249600000000e+02 -5.569819727740027e-02
6.592076400000001e+02 -6.013619945198329e-02
6.592903200000001e+02 -6.329045302852231e-02
6.593730000000000e+02 -6.623648557683985e-02
6.594556800000000e+02 -6.933089604408028e-02
6.595383600000000e+02 -7.136446479135081e-02
6.596210400000000e+02 -7.221401270939130e-02
6.597037200000000e+02 -7.308100197171338e-02
6.597864000000001e+02 -7.379036707874211e-02
6.598690800000001e+02 -7.317085825406422e-02
6.599517600000000e+02 -7.166495033756894e-02
6.600344400000000e+02 -7.035141165002173e-02
6.601171200000000e+02 -6.856300045613528e-02
6.601998000000000e+02 -6.540836888980489e-02
6.602824800000001e+02 -6.180272786760165e-02
6.603651600000001e+02 -5.848061634800780e-02
6.604478400000000e+02 -5.442323964665557e-02
6.605305200000000e+02 -4.920548379151007e-02
6.606132000000000e+02 -4.402682015605742e-02
6.606958800000000e+02 -3.912640916488047e-02
6.607785600000001e+02 -3.334881246206507e-02
6.608612400000001e+02 -2.682828579160306e-02
6.609439200000000e+02 -2.080015184730065e-02
6.610266000000000e+02 -1.495888332437996e-02
6.611092800000000e+02 -8.260046313796858e-03
6.611919600000000e+02 -1.375460668433367e-03
6.612746400000000e+02 4.683400614813456e-03
6.613573200000001e+02 1.070080521972841e-02
6.614400000000001e+02 1.738045398078254e-02
6.615226800000000e+02 2.365002892252214e-02
6.616053600000000e+02 2.893862562626877e-02
6.616880400000000e+02 3.433766007477884e-02
6.617707200000000e+02 4.004930957933069e-02
6.618534000000001e+02 4.482874713660982e-02
6.619360800000001e+02 4.867017618819840e-02
6.620187600000000e+02 5.272898727861112e-02
6.621014400000000e+02 5.665372389161424e-02
6.621841200000000e+02 5.929880036997499e-02
6.622668000000000e+02 6.122430651224868e-02
6.623494800000000e+02 6.338851257094574e-02
6.624321600000001e+02 6.495957612850367e-02
6.625148400000000e+02 6.514557541496729e-02
6.625975200000000e+02 6.494597851821081e-02
6.626802000000000e+02 6.490418460188903e-02
6.627628800000000e+02 6.389294182732365e-02
6.628455600000000e+02 6.165113571702070e-02
6.629282400000001e+02 5.939182531257969e-02
6.630109200000001e+02 5.712157668275321e-02
6.630936000000000e+02 5.367200325500351e-02
6.631762800000000e+02 4.937052208612487e-02
6.632589600000000e+02 4.537193669960218e-02
6.633416400000000e+02 4.114838766601677e-02
6.634243200000001e+02 3.575371485908619e-02
6.635070000000001e+02 3.002975056701885e-02
6.635896800000000e+02 2.481896421082276e-02
6.636723600000000e+02 1.918289529375788e-02
6.637550400000000e+02 1.260880675240865e-02
6.638377200000000e+02 6.266782207157624e-03
6.639204000000000e+02 5.076764252310718e-04
6.640030800000001e+02 -5.804411011671316e-03
6.640857600000001e+02 -1.263599441701551e-02
6.641684400000000e+02 -1.874214061108386e-02
6.642511200000000e+02 -2.433165004641724e-02
6.643338000000000e+02 -3.048603139992908e-02
6.644164800000000e+02 -3.663243173068694e-02
6.644991600000001e+02 -4.171495237511077e-02
6.645818400000001e+02 -4.644927358966067e-02
6.646645200000000e+02 -5.162750056686802e-02
6.647472000000000e+02 -5.625823162415535e-02
6.648298800000000e+02 -5.969398445399508e-02
6.649125600000000e+02 -6.299974426100791e-02
6.649952400000001e+02 -6.650813670281337e-02
6.650779200000001e+02 -6.901574993934055e-02
6.651606000000000e+02 -7.041576484911266e-02
6.652432800000000e+02 -7.189550584473271e-02
6.653259600000000e+02 -7.325556946826001e-02
6.654086400000000e+02 -7.332967757089921e-02
6.654913200000000e+02 -7.257274888682139e-02
6.655740000000001e+02 -7.204476697861220e-02
6.656566800000001e+02 -7.105229562905582e-02
6.657393600000000e+02 -6.870839416281349e-02
6.658220400000000e+02 -6.593673269122731e-02
6.659047200000000e+02 -6.344725104588775e-02
6.659874000000000e+02 -6.019345352692047e-02
6.660700800000001e+02 -5.575515544591973e-02
6.661527600000001e+02 -5.133584926769898e-02
6.662354400000000e+02 -4.714445929640858e-02
6.663181200000000e+02 -4.199846150609161e-02
6.664008000000000e+02 -3.603865729296678e-02
6.664834800000000e+02 -3.050007971599713e-02
6.665661600000001e+02 -2.504352135652266e-02
6.666488400000001e+02 -1.860088667175909e-02
6.667315200000000e+02 -1.185324908770852e-02
6.668142000000000e+02 -5.809221275869055e-03
6.668968800000000e+02 3.491753332103952e-04
6.669795600000000e+02 7.343397165028584e-03
6.670622400000000e+02 1.408723541078276e-02
6.671449200000001e+02 2.001202085277186e-02
6.672276000000001e+02 2.623999978787283e-02
6.673102800000000e+02 3.298294296933355e-02
6.673929600000000e+02 3.897412806111647e-02
6.674756400000000e+02 4.420655157428514e-02
6.675583200000000e+02 4.986226678329582e-02
6.676410000000001e+02 5.558812092677501e-02
6.677236800000001e+02 6.020485569603763e-02
6.678063600000000e+02 6.426790465744456e-02
6.678890400000000e+02 6.875766701394088e-02
6.679717200000000e+02 7.282470329094931e-02
6.680544000000000e+02 7.563033823032861e-02
6.681370800000001e+02 7.816966449911138e-02
6.682197600000001e+02 8.100212555971252e-02
6.683024400000000e+02 8.296237540821084e-02
6.683851200000000e+02 8.373362580381789e-02
6.684678000000000e+02 8.453039381143038e-02
6.685504800000000e+02 8.536504986255404e-02
6.686331600000000e+02 8.500962668100058e-02
6.687158400000001e+02 8.373705721067684e-02
6.687985200000001e+02 8.271299842583089e-02
6.688812000000000e+02 8.139969735977445e-02
6.689638800000000e+02 7.877596120162211e-02
6.690465600000000e+02 7.564307470409003e-02
6.691292400000000e+02 7.286247824639276e-02
6.692119200000001e+02 6.946727985543989e-02
6.692946000000001e+02 6.486754468285925e-02
6.693772800000000e+02 6.021656487802399e-02
6.694599600000000e+02 5.588679281419544e-02
6.695426400000000e+02 5.069901257417626e-02
6.696253200000000e+02 4.462372463029968e-02
6.697080000000001e+02 3.891544734567623e-02
6.697906800000001e+02 3.338388889425720e-02
6.698733600000000e+02 2.690000742979954e-02
6.699560400000000e+02 2.000076393153194e-02
6.700387200000000e+02 1.377333940465835e-02
6.701214000000000e+02 7.515954316282920e-03
6.702040800000000e+02 3.983702987422610e-04
6.702867600000001e+02 -6.592485549251507e-03
6.703694400000001e+02 -1.276414359669281e-02
6.704521200000000e+02 -1.916830654734972e-02
6.705348000000000e+02 -2.615629797603365e-02
6.706174800000000e+02 -3.250241700196491e-02
6.707001600000000e+02 -3.804742137583814e-02
6.707828400000001e+02 -4.395962443832293e-02
6.708655200000001e+02 -5.003733538991181e-02
6.709482000000000e+02 -5.507463406152736e-02
6.710308800000000e+02 -5.946876087803633e-02
6.711135600000000e+02 -6.425186712429458e-02
6.711962400000000e+02 -6.871423581568159e-02
6.712789200000001e+02 -7.192032253993505e-02
6.713616000000001e+02 -7.473088740282009e-02
6.714442800000000e+02 -7.782343709031141e-02
6.715269600000000e+02 -8.013190230381861e-02
6.716096400000000e+02 -8.118253621049977e-02
6.716923200000000e+02 -8.211311615187726e-02
6.717750000000000e+02 -8.310639500745066e-02
6.718576800000001e+02 -8.296486579223326e-02
6.719403600000001e+02 -8.177151875952947e-02
6.720230400000000e+02 -8.070110921420928e-02
6.721057200000000e+02 -7.940658706985498e-02
6.721884000000000e+02 -7.681058844763045e-02
6.722710800000000e+02 -7.353383334747740e-02
6.723537600000001e+02 -7.054324655032240e-02
6.724364400000001e+02 -6.703767136893157e-02
6.725191200000000e+02 -6.228755546784835e-02
6.726018000000000e+02 -5.732273432333084e-02
6.726844800000000e+02 -5.270141057978057e-02
6.727671600000000e+02 -4.733945920828006e-02
6.728498400000000e+02 -4.101305299728671e-02
6.729325200000001e+02 -3.494776355595122e-02
6.730152000000000e+02 -2.917662016838524e-02
6.730978800000000e+02 -2.256556771175889e-02
6.731805600000000e+02 -1.545123511814048e-02
6.732632400000000e+02 -8.998254742287290e-03
6.733459200000000e+02 -2.707830190106464e-03
6.734286000000001e+02 4.355824762401533e-03
6.735112800000001e+02 1.135870725088926e-02
6.735939600000000e+02 1.744530986554107e-02
6.736766400000000e+02 2.353851962292786e-02
6.737593200000000e+02 3.016494691410068e-02
6.738420000000000e+02 3.616548329352891e-02
6.739246800000001e+02 4.118028152220535e-02
6.740073600000001e+02 4.635351318319984e-02
6.740900400000000e+02 5.167713347750585e-02
6.741727200000000e+02 5.591547556210200e-02
6.742554000000000e+02 5.928588699550595e-02
6.743380800000000e+02 6.289793392752364e-02
6.744207600000000e+02 6.620116323572671e-02
6.745034400000001e+02 6.815537829993126e-02
6.745861200000001e+02 6.950956933233290e-02
6.746688000000000e+02 7.108704519274049e-02
6.747514800000000e+02 7.191130195598570e-02
6.748341600000000e+02 7.137121958169543e-02
6.749168400000000e+02 7.058198710452368e-02
6.749995200000001e+02 6.989260433234430e-02
6.750822000000001e+02 6.811698461901614e-02
6.751648800000000e+02 6.521277121411218e-02
6.752475600000000e+02 6.241305255212385e-02
6.753302400000000e+02 5.951344386939288e-02
6.754129200000000e+02 5.538483885573475e-02
6.754956000000001e+02 5.056585452087363e-02
6.755782800000001e+02 4.613447377741511e-02
6.756609600000000e+02 4.138110798776871e-02
6.757436400000000e+02 3.548728952455934e-02
6.758263200000000e+02 2.945535206592226e-02
6.759090000000000e+02 2.397394638961395e-02
6.759916800000000e+02 1.799001513611386e-02
6.760743600000001e+02 1.117785188874063e-02
6.761570400000001e+02 4.786163473484447e-03
6.762397200000000e+02 -1.029460856307153e-03
6.763224000000000e+02 -7.430762502324393e-03
6.764050800000000e+02 -1.417917827314844e-02
6.764877600000000e+02 -2.004583744634168e-02
6.765704400000001e+02 -2.543368249392843e-02
6.766531200000001e+02 -3.136008835540646e-02
6.767358000000000e+02 -3.707292839801345e-02
6.768184800000000e+02 -4.161961821334932e-02
6.769011600000000e+02 -4.586894358024566e-02
6.769838400000000e+02 -5.047721352345095e-02
6.770665200000001e+02 -5.433634401686414e-02
6.771492000000001e+02 -5.696447844586570e-02
6.772318800000000e+02 -5.950967732871096e-02
6.773145600000000e+02 -6.212979335029870e-02
6.773972400000000e+02 -6.358971845678564e-02
6.774799200000000e+02 -6.397431689728804e-02
6.775626000000000e+02 -6.447100165879099e-02
6.776452800000001e+02 -6.470595561343896e-02
6.777279600000001e+02 -6.357049020511731e-02
6.778106400000000e+02 -6.169751116435394e-02
6.778933200000000e+02 -6.006853277665670e-02
6.779760000000000e+02 -5.785379934411636e-02
6.780586800000000e+02 -5.429956054482402e-02
6.781413600000001e+02 -5.045813665063660e-02
6.782240400000001e+02 -4.690225981009531e-02
6.783067200000000e+02 -4.251621932258706e-02
6.783894000000000e+02 -3.706017266084714e-02
6.784720800000000e+02 -3.179157849462817e-02
6.785547600000000e+02 -2.675429810605909e-02
6.786374400000001e+02 -2.077888765098859e-02
6.787201200000001e+02 -1.419574188513236e-02
6.788028000000000e+02 -8.208364267732473e-03
6.788854800000000e+02 -2.320901366222570e-03
6.789681600000000e+02 4.440817873923020e-03
6.790508400000000e+02 1.123762747180515e-02
6.791335200000000e+02 1.717201102126940e-02
6.792162000000001e+02 2.317495584143572e-02
6.792988800000001e+02 2.981172011074043e-02
6.793815600000000e+02 3.590567856128841e-02
6.794642400000000e+02 4.105623114463684e-02
6.795469200000000e+02 4.642771362203773e-02
6.796296000000000e+02 5.204687739170504e-02
6.797122800000001e+02 5.664814288928914e-02
6.797949600000001e+02 6.041332485582887e-02
6.798776400000000e+02 6.448294775968934e-02
6.799603200000000e+02 6.833276972633336e-02
6.800430000000000e+02 7.088111132072333e-02
6.801256800000000e+02 7.284978868040003e-02
6.802083600000001e+02 7.510072635624590e-02
6.802910400000001e+02 7.667033271594072e-02
6.803737200000000e+02 7.689634272631386e-02
6.804564000000000e+02 7.687758240403839e-02
6.805390800000000e+02 7.700474022208482e-02
6.806217600000000e+02 7.608744656744255e-02
6.807044400000000e+02 7.402617633580801e-02
6.807871200000001e+02 7.205021712259416e-02
6.808698000000001e+02 6.999429772702832e-02
6.809524800000000e+02 6.670609478959910e-02
6.810351600000000e+02 6.266682411987372e-02
6.811178400000000e+02 5.896366561945984e-02
6.812005200000000e+02 5.491777404483424e-02
6.812832000000001e+02 4.967048149571083e-02
6.813658800000001e+02 4.417369101131931e-02
6.814485600000000e+02 3.913663913872397e-02
6.815312400000000e+02 3.352448193961119e-02
6.816139200000000e+02 2.696053847360515e-02
6.816966000000000e+02 2.065666732566899e-02
6.817792800000001e+02 1.479697507068257e-02
6.818619600000001e+02 8.224832882594166e-03
6.819446400000000e+02 1.126139385896225e-03
6.820273200000000e+02 -5.289614979119285e-03
6.821100000000000e+02 -1.139266809475665e-02
6.821926800000000e+02 -1.820469681834379e-02
6.822753600000000e+02 -2.501900266637739e-02
6.823580400000001e+02 -3.088448681289485e-02
6.824407200000001e+02 -3.663503900178546e-02
6.825234000000000e+02 -4.293433981136239e-02
6.826060800000000e+02 -4.870674227635503e-02
6.826887600000000e+02 -5.345579123135928e-02
6.827714400000000e+02 -5.829187222663405e-02
6.828541200000001e+02 -6.337757615404209e-02
6.829368000000001e+02 -6.749578689598634e-02
6.830194800000000e+02 -7.070260479270524e-02
6.831021600000000e+02 -7.414323034355021e-02
6.831848400000000e+02 -7.744391578676474e-02
6.832675200000000e+02 -7.950101225966244e-02
6.833502000000000e+02 -8.090538894744911e-02
6.834328800000001e+02 -8.259189059618349e-02
6.835155600000001e+02 -8.372849208054201e-02
6.835982400000000e+02 -8.355536211084368e-02
6.836809200000000e+02 -8.307045993160039e-02
6.837636000000000e+02 -8.279978581595013e-02
6.838462800000000e+02 -8.162750975653529e-02
6.839289600000001e+02 -7.929711725454172e-02
6.840116400000001e+02 -7.700307866420743e-02
6.840943200000000e+02 -7.475093136995289e-02
6.841770000000000e+02 -7.137630393765271e-02
6.842596800000000e+02 -6.718241903228953e-02
6.843423600000000e+02 -6.330966380103711e-02
6.844250400000001e+02 -5.924134462065424e-02
6.845077200000001e+02 -5.401284182174380e-02
6.845904000000000e+02 -4.842816639283039e-02
6.846730800000000e+02 -4.333393994300486e-02
6.847557600000000e+02 -3.780067079838673e-02
6.848384400000000e+02 -3.127361482487217e-02
6.849211200000000e+02 -2.489359291045072e-02
6.850038000000001e+02 -1.903425099521422e-02
6.850864800000001e+02 -1.255279979847411e-02
6.851691600000000e+02 -5.431392939392526e-03
6.852518400000000e+02 1.089526448841720e-03
6.853345200000000e+02 7.189487466917291e-03
6.854172000000000e+02 1.397545804800577e-02
6.854998800000001e+02 2.091389185398658e-02
6.855825600000001e+02 2.692703456724471e-02
6.856652400000000e+02 3.270957259171745e-02
6.857479200000000e+02 3.908653526783241e-02
6.858306000000000e+02 4.507787412400188e-02
6.859132800000000e+02 5.000050364605407e-02
6.859959600000001e+02 5.491340892090263e-02
6.860786400000001e+02 6.017098225953520e-02
6.861613200000000e+02 6.455209843843350e-02
6.862440000000000e+02 6.791858458129460e-02
6.863266800000000e+02 7.146058000327149e-02
6.864093600000000e+02 7.497476964243356e-02
6.864920400000000e+02 7.726254578785265e-02
6.865747200000001e+02 7.876369432969187e-02
6.866574000000001e+02 8.053470326626672e-02
6.867400800000000e+02 8.185197717890555e-02
6.868227600000000e+02 8.180338779832468e-02
6.869054400000000e+02 8.131254259956686e-02
6.869881200000000e+02 8.106580829974924e-02
6.870708000000001e+02 7.997561527579605e-02
6.871534800000001e+02 7.762040170227738e-02
6.872361600000000e+02 7.520585818329310e-02
6.873188400000000e+02 7.289508019749935e-02
6.874015200000000e+02 6.947728241500155e-02
6.874842000000000e+02 6.511801228264634e-02
6.875668800000001e+02 6.104132120988323e-02
6.876495600000001e+02 5.685286788734419e-02
6.877322400000000e+02 5.148833469804680e-02
6.878149200000000e+02 4.566693307889446e-02
6.878976000000000e+02 4.036593594385565e-02
6.879802800000000e+02 3.472512097491252e-02
6.880629600000000e+02 2.806276088786598e-02
6.881456400000001e+02 2.149703194718546e-02
6.882283200000001e+02 1.555174837015304e-02
6.883110000000000e+02 9.094497484966107e-03
6.883936800000000e+02 1.975498012992900e-03
6.884763600000000e+02 -4.527107277276542e-03
6.885590400000000e+02 -1.044711535777227e-02
6.886417200000001e+02 -1.693989979058767e-02
6.887244000000001e+02 -2.359168597968842e-02
6.888070800000000e+02 -2.923313413817094e-02
6.888897600000000e+02 -3.443870571643601e-02
6.889724400000000e+02 -4.013850099857459e-02
6.890551200000000e+02 -4.544431925332921e-02
6.891378000000001e+02 -4.953628498876770e-02
6.892204800000001e+02 -5.340026869542732e-02
6.893031600000000e+02 -5.754636562189108e-02
6.893858400000000e+02 -6.079894333221047e-02
6.894685200000000e+02 -6.285187236311876e-02
6.895512000000000e+02 -6.489200261928095e-02
6.896338800000000e+02 -6.690606729947748e-02
6.897165600000001e+02 -6.767478331188607e-02
6.897992400000001e+02 -6.746347911405617e-02
6.898819200000000e+02 -6.741310633885859e-02
6.899646000000000e+02 -6.699287532044550e-02
6.900472800000000e+02 -6.519083522239209e-02
6.901299600000000e+02 -6.278618060529739e-02
6.902126400000001e+02 -6.063971264034655e-02
6.902953200000001e+02 -5.781506006557920e-02
6.903780000000000e+02 -5.371673003858554e-02
6.904606800000000e+02 -4.947717772553462e-02
6.905433600000000e+02 -4.550087054168555e-02
6.906260400000000e+02 -4.064181442518749e-02
6.907087200000001e+02 -3.484714977035790e-02
6.907914000000001e+02 -2.936965073035910e-02
6.908740800000000e+02 -2.407451662603438e-02
6.909567600000000e+02 -1.784847368637943e-02
6.910394400000000e+02 -1.119762479317577e-02
6.911221200000000e+02 -5.234644568337133e-03
6.912048000000000e+02 6.851925230249381e-04
6.912874800000001e+02 7.401907072419328e-03
6.913701600000001e+02 1.395122053016984e-02
6.914528400000000e+02 1.959573909080667e-02
6.915355200000000e+02 2.535066217198222e-02
6.916182000000000e+02 3.159533784593341e-02
6.917008800000000e+02 3.710901486582000e-02
6.917835600000001e+02 4.168820595847035e-02
6.918662400000001e+02 4.649501676985393e-02
6.919489200000000e+02 5.135788263905505e-02
6.920316000000000e+02 5.506245584017961e-02
6.921142800000000e+02 5.798300351298823e-02
6.921969600000000e+02 6.116827401165457e-02
6.922796400000001e+02 6.392785718001170e-02
6.923623200000001e+02 6.532068519735254e-02
6.924450000000001e+02 6.621406874181673e-02
6.925276800000000e+02 6.730607443995261e-02
6.926103600000000e+02 6.753883117002145e-02
6.926930400000000e+02 6.645362898588879e-02
6.927757200000000e+02 6.521462445184183e-02
6.928584000000001e+02 6.401169298870545e-02
6.929410800000001e+02 6.165705533047935e-02
6.930237600000000e+02 5.827572477466470e-02
6.931064400000000e+02 5.506647017886530e-02
6.931891200000000e+02 5.167128021588911e-02
6.932718000000000e+02 4.704043156541857e-02
6.933544800000001e+02 4.185263014844397e-02
6.934371600000001e+02 3.707498837573587e-02
6.935198400000000e+02 3.188786455161097e-02
6.936025200000000e+02 2.561484196090574e-02
6.936852000000000e+02 1.933585049367562e-02
6.937678800000000e+02 1.357742838906229e-02
6.938505600000000e+02 7.247357512685819e-03
6.939332400000001e+02 1.918052808540285e-04
6.940159200000001e+02 -6.345209218524221e-03
6.940986000000000e+02 -1.238450273215152e-02
6.941812800000000e+02 -1.904536064008170e-02
6.942639600000000e+02 -2.592623479537774e-02
6.943466400000000e+02 -3.188595442056317e-02
6.944293200000001e+02 -3.747858153429535e-02
6.945120000000001e+02 -4.360448899259131e-02
6.945946800000000e+02 -4.939324496606105e-02
6.946773600000000e+02 -5.404576350773658e-02
6.947600400000000e+02 -5.852282131126332e-02
6.948427200000000e+02 -6.331144125015609e-02
6.949254000000001e+02 -6.725587896534035e-02
6.950080800000001e+02 -7.006286991750575e-02
6.950907600000000e+02 -7.289146405751611e-02
6.951734400000000e+02 -7.571053752562185e-02
6.952561200000000e+02 -7.731977302789164e-02
6.953388000000000e+02 -7.798971987288150e-02
6.954214800000000e+02 -7.883166298290270e-02
6.955041600000001e+02 -7.930009029701397e-02
6.955868400000001e+02 -7.839928774166460e-02
6.956695200000000e+02 -7.690662025710196e-02
6.957522000000000e+02 -7.565141478133525e-02
6.958348800000000e+02 -7.368430987613382e-02
6.959175600000000e+02 -7.042276724689790e-02
6.960002400000001e+02 -6.699095905209887e-02
6.960829200000001e+02 -6.376040916918456e-02
6.961656000000000e+02 -5.957378560161323e-02
6.962482800000000e+02 -5.438808958382792e-02
6.963309600000000e+02 -4.944237036508237e-02
6.964136400000000e+02 -4.456895040145875e-02
6.964963200000001e+02 -3.864574639211384e-02
6.965790000000001e+02 -3.218633068685221e-02
6.966616800000000e+02 -2.628647512851809e-02
6.967443600000000e+02 -2.027125983378220e-02
6.968270400000000e+02 -1.329543813932183e-02
6.969097200000000e+02 -6.330098455137816e-03
6.969924000000000e+02 -9.630649101106405e-05
6.970750800000001e+02 6.446171718098543e-03
6.971577600000001e+02 1.367724635033441e-02
6.972404400000000e+02 2.036655431845576e-02
6.973231200000000e+02 2.632234635563713e-02
6.974058000000000e+02 3.272552435334179e-02
6.974884800000000e+02 3.939844365685293e-02
6.975711600000001e+02 4.510956333945573e-02
6.976538400000001e+02 5.023834549035510e-02
6.977365200000000e+02 5.584632713439066e-02
6.978192000000000e+02 6.122652520749463e-02
6.979018800000000e+02 6.540932219594370e-02
6.979845600000000e+02 6.926249541166349e-02
6.980672400000001e+02 7.349066766721422e-02
6.981499200000001e+02 7.700378791560680e-02
6.982326000000000e+02 7.930380034393195e-02
6.983152800000000e+02 8.155545172884140e-02
6.983979600000000e+02 8.394627839696639e-02
6.984806400000000e+02 8.523733942557775e-02
6.985633200000000e+02 8.551031207702434e-02
6.986460000000001e+02 8.596928653014717e-02
6.987286800000001e+02 8.623999640204758e-02
6.988113600000000e+02 8.520496678972686e-02
6.988940400000000e+02 8.350698544170496e-02
6.989767200000000e+02 8.212394095158509e-02
6.990594000000000e+02 8.020177097726693e-02
6.991420800000001e+02 7.698992420957401e-02
6.992247600000001e+02 7.355087897026552e-02
6.993074400000000e+02 7.042324096003076e-02
6.993901200000000e+02 6.646323537764447e-02
6.994728000000000e+02 6.145227373687156e-02
6.995554800000000e+02 5.664072391447660e-02
6.996381600000001e+02 5.201495014184934e-02
6.997208400000001e+02 4.639574574437921e-02
6.998035200000000e+02 4.014454545061170e-02
6.998862000000000e+02 3.443012635856280e-02
6.999688800000000e+02 2.869743573056013e-02
7.000515600000000e+02 2.199221897052753e-02
7.001342400000000e+02 1.517775031760507e-02
7.002169200000001e+02 9.094056641137495e-03
7.002996000000001e+02 2.774030890110846e-03
7.003822800000000e+02 -4.303257020537744e-03
7.004649600000000e+02 -1.095779890929834e-02
7.005476400000000e+02 -1.685008382983822e-02
7.006303200000000e+02 -2.314307691779596e-02
7.007130000000001e+02 -2.981266142432507e-02
7.007956800000001e+02 -3.561189290231511e-02
7.008783600000000e+02 -4.076371299267735e-02
7.009610400000000e+02 -4.637340578345026e-02
7.010437200000000e+02 -5.187851296848775e-02
7.011264000000000e+02 -5.622517588882878e-02
7.012090800000001e+02 -6.014152013630831e-02
7.012917600000001e+02 -6.443942721626184e-02
7.013744400000000e+02 -6.813884121525957e-02
7.014571200000000e+02 -7.059501789176989e-02
7.015398000000000e+02 -7.288061887091507e-02
7.016224800000000e+02 -7.534492288606583e-02
7.017051600000000e+02 -7.679730165825731e-02
7.017878400000001e+02 -7.713126748410065e-02
7.018705200000001e+02 -7.753580481244560e-02
7.019532000000000e+02 -7.782787643522439e-02
7.020358800000000e+02 -7.685571229580553e-02
7.021185600000000e+02 -7.506921799893218e-02
7.022012400000000e+02 -7.352532478564278e-02
7.022839200000001e+02 -7.155065963730063e-02
7.023666000000001e+02 -6.827345057288484e-02
7.024492800000000e+02 -6.460491899045516e-02
7.025319600000000e+02 -6.125113811861278e-02
7.026146400000000e+02 -5.719265590562241e-02
7.026973200000000e+02 -5.202229573451078e-02
7.027800000000001e+02 -4.692336497062690e-02
7.028626800000001e+02 -4.210537506244390e-02
7.029453600000001e+02 -3.642063626108134e-02
7.030280400000000e+02 -3.001690044788973e-02
7.031107200000000e+02 -2.410303718370367e-02
7.031934000000000e+02 -1.834951866243897e-02
7.032760800000000e+02 -1.172856567392473e-02
7.033587600000001e+02 -4.918293446400023e-03
7.034414400000001e+02 1.101770642018225e-03
7.035241200000000e+02 7.128420299933005e-03
7.036068000000000e+02 1.384215407718704e-02
7.036894800000000e+02 2.017275553235505e-02
7.037721600000000e+02 2.558033949799153e-02
7.038548400000001e+02 3.115466176869560e-02
7.039375200000001e+02 3.707225776246451e-02
7.040202000000000e+02 4.209773672735598e-02
7.041028800000000e+02 4.624964089618162e-02
7.041855600000000e+02 5.066852024980611e-02
7.042682400000000e+02 5.497894461026148e-02
7.043509200000000e+02 5.804950946429585e-02
7.044336000000001e+02 6.045477315094674e-02
7.045162800000001e+02 6.312864055208482e-02
7.045989600000000e+02 6.521995562503645e-02
7.046816400000000e+02 6.595316734730970e-02
7.047643200000000e+02 6.633209373852396e-02
7.048470000000000e+02 6.687080672552530e-02
7.049296800000001e+02 6.642935360128134e-02
7.050123600000001e+02 6.476374485754634e-02
7.050950400000000e+02 6.308287178436614e-02
7.051777200000000e+02 6.136333595184124e-02
7.052604000000000e+02 5.843223220119263e-02
7.053430800000000e+02 5.463430898798538e-02
7.054257600000001e+02 5.111372902993246e-02
7.055084400000001e+02 4.731599233668123e-02
7.055911200000000e+02 4.229990455152645e-02
7.056738000000000e+02 3.692404019631462e-02
7.057564800000000e+02 3.201568844761078e-02
7.058391600000000e+02 2.661686769881785e-02
7.059218400000000e+02 2.022945501408930e-02
7.060045200000001e+02 1.403786411284206e-02
7.060872000000001e+02 8.375462097019325e-03
7.061698800000000e+02 2.097126397060104e-03
7.062525600000000e+02 -4.741499770070158e-03
7.063352400000000e+02 -1.088595957740596e-02
7.064179200000000e+02 -1.656186862177209e-02
7.065006000000001e+02 -2.284834790287625e-02
7.065832800000001e+02 -2.914739483315066e-02
7.066659600000000e+02 -3.439998800411975e-02
7.067486400000000e+02 -3.933467775155074e-02
7.068313200000000e+02 -4.473129441874530e-02
7.069140000000000e+02 -4.957597571843118e-02
7.069966800000001e+02 -5.322420811178875e-02
7.070793600000001e+02 -5.674769610310366e-02
7.071620400000000e+02 -6.046160885106323e-02
7.072447200000000e+02 -6.314741805335353e-02
7.073274000000000e+02 -6.470527367241036e-02
7.074100800000000e+02 -6.632322149013219e-02
7.074927600000000e+02 -6.778530032430911e-02
7.075754400000001e+02 -6.791941820828620e-02
7.076581200000001e+02 -6.718886574224957e-02
7.077408000000000e+02 -6.665098768921957e-02
7.078234800000000e+02 -6.560176467689514e-02
7.079061600000000e+02 -6.315678604214013e-02
7.079888400000000e+02 -6.024782038505172e-02
7.080715200000001e+02 -5.758259895178677e-02
7.081542000000001e+02 -5.411229346306838e-02
7.082368800000000e+02 -4.942486146842514e-02
7.083195600000000e+02 -4.473135120419727e-02
7.084022400000000e+02 -4.024185089717869e-02
7.084849200000000e+02 -3.477897167013671e-02
7.085676000000001e+02 -2.849427120568201e-02
7.086502800000001e+02 -2.263017174108490e-02
7.087329600000000e+02 -1.685274503339900e-02
7.088156400000000e+02 -1.010381096644123e-02
7.088983200000000e+02 -3.075309112211250e-03
7.089810000000000e+02 3.217157756924877e-03
7.090636800000000e+02 9.583475444418408e-03
7.091463600000001e+02 1.673350225974665e-02
7.092290400000001e+02 2.357235979932568e-02
7.093117200000000e+02 2.952614527530678e-02
7.093944000000000e+02 3.570818196603427e-02
7.094770800000000e+02 4.231978254252950e-02
7.095597600000000e+02 4.809045182144723e-02
7.096424400000001e+02 5.301131967200528e-02
7.097251200000001e+02 5.825604413332047e-02
7.098078000000000e+02 6.346506271639100e-02
7.098904800000000e+02 6.746305574515815e-02
7.099731600000000e+02 7.080717940145324e-02
7.100558400000000e+02 7.447062225532541e-02
7.101385200000001e+02 7.760505717050763e-02
7.102212000000001e+02 7.938482807661700e-02
7.103038800000000e+02 8.080827388324147e-02
7.103865600000000e+02 8.242991040791771e-02
7.104692400000000e+02 8.309642529908241e-02
7.105519200000000e+02 8.251118344583580e-02
7.106346000000000e+02 8.189006360843813e-02
7.107172800000001e+02 8.124538342885784e-02
7.107999600000001e+02 7.937344489960185e-02
7.108826400000000e+02 7.656874081936374e-02
7.109653200000000e+02 7.399402032548272e-02
7.110480000000000e+02 7.111993346346823e-02
7.111306800000000e+02 6.695890242883140e-02
7.112133600000001e+02 6.232757306061966e-02
7.112960400000001e+02 5.808084311437406e-02
7.113787200000000e+02 5.327101186412768e-02
7.114614000000000e+02 4.734366492564687e-02
7.115440800000000e+02 4.145522180873541e-02
7.116267600000000e+02 3.597153484583019e-02
7.117094400000001e+02 2.974197522540185e-02
7.117921200000001e+02 2.276478349318730e-02
7.118748000000001e+02 1.628375511095010e-02
7.119574800000000e+02 1.010618296693577e-02
7.120401600000000e+02 3.135212768190867e-03
7.121228400000000e+02 -4.080245262858742e-03
7.122055200000000e+02 -1.047437721160129e-02
7.122882000000001e+02 -1.674512283656173e-02
7.123708800000001e+02 -2.369512841467161e-02
7.124535600000000e+02 -3.034440454349650e-02
7.125362400000000e+02 -3.602661566758092e-02
7.126189200000000e+02 -4.178475246031280e-02
7.127016000000000e+02 -4.795412597274044e-02
7.127842800000001e+02 -5.333236270644811e-02
7.128669600000001e+02 -5.778562536756351e-02
7.129496400000000e+02 -6.247229504724992e-02
7.130323200000000e+02 -6.718906063760029e-02
7.131150000000000e+02 -7.076362817192833e-02
7.131976800000000e+02 -7.361466115947707e-02
7.132803600000000e+02 -7.676640426251129e-02
7.133630400000001e+02 -7.952002748813773e-02
7.134457200000001e+02 -8.097729880193270e-02
7.135284000000000e+02 -8.201513097178086e-02
7.136110800000000e+02 -8.330586973893227e-02
7.136937600000000e+02 -8.380221522721748e-02
7.137764400000000e+02 -8.306638533404374e-02
7.138591200000001e+02 -8.224607452363442e-02
7.139418000000001e+02 -8.151978555859156e-02
7.140244800000000e+02 -7.971214500251098e-02
7.141071600000000e+02 -7.693744101355540e-02
7.141898400000000e+02 -7.437221675106916e-02
7.142725200000000e+02 -7.166365987558948e-02
7.143552000000001e+02 -6.775724868099606e-02
7.144378800000001e+02 -6.329753393948753e-02
7.145205600000000e+02 -5.924269837194356e-02
7.146032400000000e+02 -5.478368645069516e-02
7.146859200000000e+02 -4.921343952153297e-02
7.147686000000000e+02 -4.357493576379975e-02
7.148512800000000e+02 -3.840611681664428e-02
7.149339600000001e+02 -3.261496861839097e-02
7.150166400000001e+02 -2.599875026285663e-02
7.150993200000000e+02 -1.978237369087072e-02
7.151820000000000e+02 -1.396943732531684e-02
7.152646800000000e+02 -7.421747714921800e-03
7.153473600000000e+02 -4.932691578068244e-04
7.154300400000001e+02 5.666985953143784e-03
7.155127200000001e+02 1.159045304481019e-02
7.155954000000000e+02 1.821041723037959e-02
7.156780800000000e+02 2.468259822763126e-02
7.157607600000000e+02 3.017950911450557e-02
7.158434400000000e+02 3.565223765325740e-02
7.159261200000001e+02 4.161812562549436e-02
7.160088000000001e+02 4.691729263792351e-02
7.160914800000000e+02 5.122395120867519e-02
7.161741600000000e+02 5.569979852145884e-02
7.162568400000000e+02 6.032339358109799e-02
7.163395200000000e+02 6.386749239504702e-02
7.164222000000000e+02 6.658145313032562e-02
7.165048800000001e+02 6.957921952235489e-02
7.165875600000001e+02 7.229644960980001e-02
7.166702400000000e+02 7.370712792168568e-02
7.167529200000000e+02 7.458351702937351e-02
7.168356000000000e+02 7.574169637860552e-02
7.169182800000000e+02 7.619332971976724e-02
7.170009600000001e+02 7.534228217208862e-02
7.170836400000001e+02 7.431525602324482e-02
7.171663200000000e+02 7.344630415174057e-02
7.172490000000000e+02 7.154021678893854e-02
7.173316800000000e+02 6.856641037877290e-02
7.174143600000000e+02 6.575854774617301e-02
7.174970400000001e+02 6.289372500216334e-02
7.175797200000001e+02 5.883599627837360e-02
7.176624000000000e+02 5.413100648320414e-02
7.177450800000000e+02 4.984946904790677e-02
7.178277600000000e+02 4.526304299795171e-02
7.179104400000000e+02 3.954856998538889e-02
7.179931200000000e+02 3.371134752271408e-02
7.180758000000001e+02 2.842847391189418e-02
7.181584800000001e+02 2.263063038572053e-02
7.182411600000000e+02 1.599022214627834e-02
7.183238400000000e+02 9.756310065647528e-03
7.184065200000000e+02 4.071866761197872e-03
7.184892000000000e+02 -2.236053118854987e-03
7.185718800000001e+02 -8.927332356057971e-03
7.186545600000001e+02 -1.477429314893033e-02
7.187372400000000e+02 -2.019049939494456e-02
7.188199200000000e+02 -2.619739700178627e-02
7.189026000000000e+02 -3.203845063943139e-02
7.189852800000000e+02 -3.676313719664057e-02
7.190679600000001e+02 -4.124578988882917e-02
7.191506400000001e+02 -4.613923686024955e-02
7.192333200000000e+02 -5.033028991585024e-02
7.193160000000000e+02 -5.333891048240559e-02
7.193986800000000e+02 -5.631120269355558e-02
7.194813600000000e+02 -5.939622747010774e-02
7.195640400000000e+02 -6.135578886681495e-02
7.196467200000001e+02 -6.227427375754114e-02
7.197294000000001e+02 -6.332920727906874e-02
7.198120800000000e+02 -6.413731650459205e-02
7.198947600000000e+02 -6.359041728961533e-02
7.199774400000000e+02 -6.231623953785702e-02
7.200601200000000e+02 -6.128105863052267e-02
7.201428000000001e+02 -5.965032126176186e-02
7.202254800000001e+02 -5.667371635858889e-02
7.203081600000000e+02 -5.339238562390508e-02
7.203908400000000e+02 -5.036370305881877e-02
7.204735200000000e+02 -4.647548687284489e-02
7.205562000000000e+02 -4.149168638707273e-02
7.206388800000001e+02 -3.665362059745653e-02
7.207215600000001e+02 -3.199569687389734e-02
7.208042400000000e+02 -2.636076577279011e-02
7.208869200000000e+02 -2.008033944336438e-02
7.209696000000000e+02 -1.434021398996750e-02
7.210522800000000e+02 -8.645360690737156e-03
7.211349600000000e+02 -2.039925198495521e-03
7.212176400000001e+02 4.640388797236819e-03
7.213003200000001e+02 1.051300624249449e-02
7.213830000000000e+02 1.649672682083584e-02
7.214656800000000e+02 2.313694641328837e-02
7.215483600000000e+02 2.926529791750103e-02
7.216310400000000e+02 3.449002111442573e-02
7.217137200000001e+02 3.995409038082835e-02
7.217964000000001e+02 4.566732172381224e-02
7.218790800000000e+02 5.037636335257676e-02
7.219617600000000e+02 5.426458254972117e-02
7.220444400000000e+02 5.844605870029141e-02
7.221271200000000e+02 6.238607980193803e-02
7.222098000000001e+02 6.501831758541349e-02
7.222924800000001e+02 6.705950622558335e-02
7.223751600000001e+02 6.934449103660334e-02
7.224578400000000e+02 7.090832787530880e-02
7.225405200000000e+02 7.110663079127182e-02
7.226232000000000e+02 7.102777907546338e-02
7.227058800000000e+02 7.103887074583745e-02
7.227885600000001e+02 6.995926253699176e-02
7.228712400000001e+02 6.770869854151998e-02
7.229539200000000e+02 6.550168713835480e-02
7.230366000000000e+02 6.315676988899957e-02
7.231192800000000e+02 5.954313164660548e-02
7.232019600000000e+02 5.515999710002512e-02
7.232846400000001e+02 5.107651804876073e-02
7.233673200000001e+02 4.660871192453511e-02
7.234500000000000e+02 4.092939413663894e-02
7.235326800000000e+02 3.500317164475390e-02
7.236153600000000e+02 2.952007314408015e-02
7.236980400000000e+02 2.345351777424306e-02
7.237807200000000e+02 1.646318177031880e-02
7.238634000000001e+02 9.764455258107150e-03
7.239460800000001e+02 3.524414024531018e-03
7.240287600000000e+02 -3.392481270500269e-03
7.241114400000000e+02 -1.076664678867689e-02
7.241941200000000e+02 -1.739590127482948e-02
7.242768000000000e+02 -2.366178275266278e-02
7.243594800000001e+02 -3.055643968807473e-02
7.244421600000001e+02 -3.734966625553988e-02
7.245248400000000e+02 -4.310704999556005e-02
7.246075200000000e+02 -4.866620875650379e-02
7.246902000000000e+02 -5.466008899643136e-02
7.247728800000000e+02 -6.000439511557387e-02
7.248555600000001e+02 -6.422503846356778e-02
7.249382400000001e+02 -6.842967731358961e-02
7.250209200000000e+02 -7.275638758265024e-02
7.251036000000000e+02 -7.599470757018287e-02
7.251862800000000e+02 -7.822489789000572e-02
7.252689600000000e+02 -8.058650050596326e-02
7.253516400000000e+02 -8.269220746598038e-02
7.254343200000001e+02 -8.345724171625794e-02
7.255170000000001e+02 -8.349599328405172e-02
7.255996800000000e+02 -8.373849407465658e-02
7.256823600000000e+02 -8.335076397118019e-02
7.257650400000000e+02 -8.159955883188087e-02
7.258477200000000e+02 -7.950480633288079e-02
7.259304000000001e+02 -7.759025345227875e-02
7.260130800000001e+02 -7.474710288587703e-02
7.260957600000000e+02 -7.074915345622157e-02
7.261784400000000e+02 -6.681050961086082e-02
7.262611200000000e+02 -6.293583648980525e-02
7.263438000000000e+02 -5.797315365796810e-02
7.264264800000001e+02 -5.225672661360985e-02
7.265091600000001e+02 -4.694208207343081e-02
7.265918400000000e+02 -4.151023876344207e-02
7.266745200000000e+02 -3.501167094010128e-02
7.267572000000000e+02 -2.827920095755842e-02
7.268398800000000e+02 -2.216645510673238e-02
7.269225600000000e+02 -1.573826709706856e-02
7.270052400000001e+02 -8.456349209144043e-03
7.270879200000001e+02 -1.484061733210708e-03
7.271706000000000e+02 4.809420305088938e-03
7.272532800000000e+02 1.157534510353721e-02
7.273359600000000e+02 1.881505199042428e-02
7.274186400000000e+02 2.527670848140791e-02
7.275013200000001e+02 3.115626641649043e-02
7.275840000000001e+02 3.756910285686997e-02
7.276666800000000e+02 4.396788422187616e-02
7.277493600000000e+02 4.927829549061859e-02
7.278320400000000e+02 5.421962586663739e-02
7.279147200000000e+02 5.962243039016932e-02
7.279974000000001e+02 6.449981096428359e-02
7.280800800000001e+02 6.818678716498812e-02
7.281627600000000e+02 7.176824163294881e-02
7.282454400000000e+02 7.560075095528647e-02
7.283281200000000e+02 7.846692434800676e-02
7.284108000000000e+02 8.025615457582749e-02
7.284934800000000e+02 8.217897930729758e-02
7.285761600000001e+02 8.403340155656452e-02
7.286588400000001e+02 8.463544580193340e-02
7.287415200000000e+02 8.445321770030219e-02
7.288242000000000e+02 8.455463485495442e-02
7.289068800000000e+02 8.422012496366432e-02
7.289895600000000e+02 8.255872087257203e-02
7.290722400000001e+02 8.051458001455726e-02
7.291549200000001e+02 7.877750637494887e-02
7.292376000000000e+02 7.626843979713675e-02
7.293202800000000e+02 7.258584213106407e-02
7.294029600000000e+02 6.894347603444881e-02
7.294856400000000e+02 6.550372083248396e-02
7.295683200000001e+02 6.106707211237027e-02
7.296510000000001e+02 5.581046982700943e-02
7.297336800000000e+02 5.095407164401848e-02
7.298163600000000e+02 4.610245645862424e-02
7.298990400000000e+02 4.020093499553500e-02
7.299817200000000e+02 3.396752933490919e-02
7.300644000000000e+02 2.836800848013172e-02
7.301470800000001e+02 2.254238903162838e-02
7.302297600000001e+02 1.581242763026547e-02
7.303124400000000e+02 9.283350302210855e-03
7.303951200000000e+02 3.465256827688193e-03
7.304778000000000e+02 -2.773107209441756e-03
7.305604800000000e+02 -9.586246507309179e-03
7.306431600000001e+02 -1.571644402097554e-02
7.307258400000001e+02 -2.120916300653831e-02
7.308085200000000e+02 -2.721863934466047e-02
7.308912000000000e+02 -3.334300625971414e-02
7.309738800000000e+02 -3.843556631357881e-02
7.310565600000000e+02 -4.307776085206737e-02
7.311392400000001e+02 -4.819866103136641e-02
7.312219200000001e+02 -5.292634959948687e-02
7.313046000000001e+02 -5.646142206075033e-02
7.313872800000000e+02 -5.979029797898266e-02
7.314699600000000e+02 -6.342139037165362e-02
7.315526400000000e+02 -6.619705191548628e-02
7.316353200000000e+02 -6.782627290261957e-02
7.317180000000001e+02 -6.948859208859942e-02
7.318006800000001e+02 -7.116804587616112e-02
7.318833600000000e+02 -7.166349635866064e-02
7.319660400000000e+02 -7.124745307349560e-02
7.320487200000000e+02 -7.104504993396740e-02
7.321314000000000e+02 -7.052306462474367e-02
7.322140800000001e+02 -6.868698852199151e-02
7.322967600000001e+02 -6.631292109920435e-02
7.323794400000000e+02 -6.423869443643507e-02
7.324621200000000e+02 -6.152868661761707e-02
7.325448000000000e+02 -5.760279730502864e-02
7.326274800000000e+02 -5.357869741149146e-02
7.327101600000001e+02 -4.983489518937066e-02
7.327928400000001e+02 -4.523243505126412e-02
7.328755200000001e+02 -3.972936665518018e-02
7.329582000000000e+02 -3.455283548435982e-02
7.330408800000000e+02 -2.954542129264948e-02
7.331235600000000e+02 -2.360852694017971e-02
7.332062400000000e+02 -1.725184054501180e-02
7.332889200000001e+02 -1.155550944924822e-02
7.333716000000001e+02 -5.861922124561495e-03
7.334542800000000e+02 6.481110444427330e-04
7.335369600000000e+02 7.015736249169618e-03
7.336196400000000e+02 1.253658040456779e-02
7.337023200000000e+02 1.822502210503036e-02
7.337850000000001e+02 2.443719185254766e-02
7.338676800000001e+02 2.996607180010128e-02
7.339503600000000e+02 3.463493003503051e-02
7.340330400000000e+02 3.959120220914706e-02
7.341157200000000e+02 4.464204092415307e-02
7.341984000000000e+02 4.859219366202544e-02
7.342810800000000e+02 5.183172869676908e-02
7.343637600000001e+02 5.538414255715423e-02
7.344464400000001e+02 5.854292263843407e-02
7.345291200000000e+02 6.038775508099439e-02
7.346118000000000e+02 6.178945913185672e-02
7.346944800000000e+02 6.341521053529846e-02
7.347771600000000e+02 6.419791742617804e-02
7.348598400000001e+02 6.369852252154283e-02
7.349425200000001e+02 6.307392239522239e-02
7.350252000000000e+02 6.248237083724780e-02
7.351078800000000e+02 6.073454609765853e-02
7.351905600000000e+02 5.797281594351229e-02
7.352732400000000e+02 5.538075439869321e-02
7.353559200000001e+02 5.257218092402195e-02
7.354386000000001e+02 4.850409708208048e-02
7.355212800000000e+02 4.386988252554395e-02
7.356039600000000e+02 3.961640644652055e-02
7.356866400000000e+02 3.490293646647507e-02
7.357693200000000e+02 2.906821907538019e-02
7.358520000000000e+02 2.320343601988584e-02
7.359346800000001e+02 1.781258054359518e-02
7.360173600000001e+02 1.179253337631571e-02
7.361000400000000e+02 5.011800946858491e-03
7.361827200000000e+02 -1.279222328373491e-03
7.362654000000000e+02 -7.123154786487594e-03
7.363480800000000e+02 -1.363816616215166e-02
7.364307600000001e+02 -2.039663334418616e-02
7.365134400000001e+02 -2.625723231757713e-02
7.365961200000000e+02 -3.179171615036161e-02
7.366788000000000e+02 -3.788798725242677e-02
7.367614800000000e+02 -4.365090170588507e-02
7.368441600000000e+02 -4.828747798212621e-02
7.369268400000001e+02 -5.276930783922455e-02
7.370095200000001e+02 -5.756328644532004e-02
7.370922000000000e+02 -6.149534077799877e-02
7.371748800000000e+02 -6.428286386254621e-02
7.372575600000000e+02 -6.708802583153660e-02
7.373402400000000e+02 -6.985775088254984e-02
7.374229200000000e+02 -7.138281981524496e-02
7.375056000000001e+02 -7.194634012408054e-02
7.375882800000001e+02 -7.265680835382242e-02
7.376709600000000e+02 -7.295081613569614e-02
7.377536400000000e+02 -7.183337785124025e-02
7.378363200000000e+02 -7.009412575602580e-02
7.379190000000000e+02 -6.855734145047239e-02
7.380016800000001e+02 -6.626362463983888e-02
7.380843600000001e+02 -6.263874872583353e-02
7.381670400000000e+02 -5.881803728038840e-02
7.382497200000000e+02 -5.516940308012595e-02
7.383324000000000e+02 -5.053409632462488e-02
7.384150800000000e+02 -4.488212385426202e-02
7.384977600000001e+02 -3.946280965637910e-02
7.385804400000001e+02 -3.410827297157537e-02
7.386631200000000e+02 -2.770194423142588e-02
7.387458000000000e+02 -2.077245378274011e-02
7.388284800000000e+02 -1.442507313551850e-02
7.389111600000000e+02 -7.987804396976186e-03
7.389938400000000e+02 -6.251344079450493e-04
7.390765200000001e+02 6.677075969515865e-03
7.391592000000001e+02 1.319005406051407e-02
7.392418800000000e+02 1.994959774136222e-02
7.393245600000000e+02 2.732433594837382e-02
7.394072400000000e+02 3.407210852484257e-02
7.394899200000000e+02 3.999712299232848e-02
7.395726000000001e+02 4.627578016931265e-02
7.396552800000001e+02 5.272025793805885e-02
7.397379600000000e+02 5.809348118815853e-02
7.398206400000000e+02 6.277576319351053e-02
7.399033200000000e+02 6.782466743313624e-02
7.399860000000000e+02 7.252741376351038e-02
7.400686800000001e+02 7.591794265085987e-02
7.401513600000001e+02 7.886887223123375e-02
7.402340400000000e+02 8.208183512529928e-02
7.403167200000000e+02 8.446927143068490e-02
7.403994000000000e+02 8.554612530195885e-02
7.404820800000000e+02 8.648292533043440e-02
7.405647600000000e+02 8.746686699422562e-02
7.406474400000001e+02 8.727283866001591e-02
7.407301200000001e+02 8.600139274921410e-02
7.408128000000000e+02 8.486000868043360e-02
7.408954800000000e+02 8.347997968767237e-02
7.409781600000000e+02 8.076879204501332e-02
7.410608400000000e+02 7.738718931182989e-02
7.411435200000001e+02 7.431289942752224e-02
7.412262000000001e+02 7.070662300712548e-02
7.413088800000000e+02 6.584893875287078e-02
7.413915600000000e+02 6.081224714864674e-02
7.414742400000000e+02 5.613354053858967e-02
7.415569200000000e+02 5.069368230019566e-02
7.416396000000001e+02 4.430264263245551e-02
7.417222800000001e+02 3.820869639797072e-02
7.418049600000001e+02 3.239916106573746e-02
7.418876400000000e+02 2.572556597854832e-02
7.419703200000000e+02 1.856619606211608e-02
7.420530000000000e+02 1.207662636289680e-02
7.421356800000000e+02 5.708396637034608e-03
7.422183600000001e+02 -1.463440620062257e-03
7.423010400000001e+02 -8.576094733548442e-03
7.423837200000000e+02 -1.480907484701339e-02
7.424664000000000e+02 -2.111740704155421e-02
7.425490800000000e+02 -2.800231190575866e-02
7.426317600000000e+02 -3.430160210027113e-02
7.427144400000001e+02 -3.969589052332909e-02
7.427971200000001e+02 -4.533394089292956e-02
7.428798000000000e+02 -5.118669263868946e-02
7.429624800000000e+02 -5.603751848082453e-02
7.430451600000000e+02 -6.012602554745331e-02
7.431278400000000e+02 -6.454553130633368e-02
7.432105200000001e+02 -6.874364013308912e-02
7.432932000000001e+02 -7.170243150987954e-02
7.433758800000001e+02 -7.416165975943009e-02
7.434585600000000e+02 -7.692607131371253e-02
7.435412400000000e+02 -7.903678468517941e-02
7.436239200000000e+02 -7.988451971435483e-02
7.437066000000000e+02 -8.054822927820400e-02
7.437892800000001e+02 -8.137446488768911e-02
7.438719600000001e+02 -8.119949717484268e-02
7.439546400000000e+02 -7.994768093607076e-02
7.440373200000000e+02 -7.880821987478757e-02
7.441200000000000e+02 -7.759732725847533e-02
7.442026800000000e+02 -7.519150617439019e-02
7.442853600000001e+02 -7.206404429421821e-02
7.443680400000001e+02 -6.926430425312416e-02
7.444507200000000e+02 -6.611806798261666e-02
7.445334000000000e+02 -6.178073953814631e-02
7.446160800000000e+02 -5.717673088578026e-02
7.446987600000000e+02 -5.299527417499072e-02
7.447814400000000e+02 -4.821610846769276e-02
7.448641200000001e+02 -4.245658966192747e-02
7.449468000000001e+02 -3.690016051700196e-02
7.450294800000000e+02 -3.173101019072024e-02
7.451121600000000e+02 -2.580296267073861e-02
7.451948400000000e+02 -1.928356740050160e-02
7.452775200000000e+02 -1.336704544424063e-02
7.453602000000001e+02 -7.694293897554932e-03
7.454428800000001e+02 -1.243963935310092e-03
7.455255600000000e+02 5.293818874925583e-03
7.456082400000000e+02 1.096765602570256e-02
7.456909200000000e+02 1.660139999394682e-02
7.457736000000000e+02 2.286348284305307e-02
7.458562800000001e+02 2.868225112305143e-02
7.459389600000001e+02 3.355419769599554e-02
7.460216400000000e+02 3.858696226752596e-02
7.461043200000000e+02 4.394136437112896e-02
7.461870000000000e+02 4.839168144926681e-02
7.462696800000000e+02 5.199311535033623e-02
7.463523600000000e+02 5.589116640654442e-02
7.464350400000001e+02 5.969461112336195e-02
7.465177200000001e+02 6.229000988072774e-02
7.466004000000000e+02 6.428103301393706e-02
7.466830800000000e+02 6.659392186083353e-02
7.467657600000000e+02 6.836467967801178e-02
7.468484400000000e+02 6.883875758941006e-02
7.469311200000001e+02 6.903671361846077e-02
7.470138000000001e+02 6.945575169091089e-02
7.470964800000000e+02 6.894708628668030e-02
7.471791600000000e+02 6.728545808768716e-02
7.472618400000000e+02 6.568345368811865e-02
7.473445200000000e+02 6.409596475475109e-02
7.474272000000001e+02 6.134461732798615e-02
7.475098800000001e+02 5.778750137114643e-02
7.475925600000000e+02 5.456193315341668e-02
7.476752400000000e+02 5.109056089809958e-02
7.477579200000000e+02 4.642921262679874e-02
7.478406000000000e+02 4.144408910588266e-02
7.479232800000000e+02 3.694880121953530e-02
7.480059600000001e+02 3.196419477862725e-02
7.480886400000001e+02 2.599172242576195e-02
7.481713200000000e+02 2.021904822932064e-02
7.482540000000000e+02 1.496255942378775e-02
7.483366800000000e+02 9.060213920617975e-03
7.484193600000000e+02 2.570570946707516e-03
7.485020400000001e+02 -3.251613458572888e-03
7.485847200000001e+02 -8.649043632282298e-03
7.486674000000000e+02 -1.471095851870466e-02
7.487500800000000e+02 -2.083285951111235e-02
7.488327600000000e+02 -2.595753379434592e-02
7.489154400000000e+02 -3.082746663471598e-02
7.489981200000001e+02 -3.622412357941832e-02
7.490808000000001e+02 -4.112490644307082e-02
7.491634800000000e+02 -4.488842430847288e-02
7.492461600000000e+02 -4.859397520062442e-02
7.493288400000000e+02 -5.255040147118521e-02
7.494115200000000e+02 -5.553085391087914e-02
7.494942000000000e+02 -5.743832950290929e-02
7.495768800000001e+02 -5.946012487917383e-02
7.496595600000001e+02 -6.136930392568164e-02
7.497422400000000e+02 -6.198837334060542e-02
7.498249200000000e+02 -6.178076719983181e-02
7.499076000000000e+02 -6.179531659409553e-02
7.499902800000000e+02 -6.131754544487738e-02
7.500729600000001e+02 -5.946135155386482e-02
7.501556400000001e+02 -5.715376828763248e-02
7.502383200000000e+02 -5.508990341451104e-02
7.503210000000000e+02 -5.221586896653626e-02
7.504036800000000e+02 -4.812022551649681e-02
7.504863600000000e+02 -4.400399044694193e-02
7.505690400000001e+02 -4.006616968980433e-02
7.506517200000001e+02 -3.513218324261294e-02
7.507344000000001e+02 -2.935378774840649e-02
7.508170800000000e+02 -2.396016600406138e-02
7.508997600000000e+02 -1.861323305956496e-02
7.509824400000000e+02 -1.226467873133687e-02
7.510651200000000e+02 -5.603878720723261e-03
7.511478000000001e+02 3.661293840603722e-04
7.512304800000001e+02 6.449545615715736e-03
7.513131600000000e+02 1.334263331171748e-02
7.513958400000000e+02 1.995672508687759e-02
7.514785200000000e+02 2.572592748206048e-02
7.515612000000000e+02 3.174849442206615e-02
7.516438800000001e+02 3.821262009485177e-02
7.517265600000001e+02 4.385715529214111e-02
7.518092400000000e+02 4.867449103621244e-02
7.518919200000000e+02 5.381695588485404e-02
7.519746000000000e+02 5.891603737185520e-02
7.520572800000000e+02 6.280794466554465e-02
7.521399600000001e+02 6.604431810166136e-02
7.522226400000001e+02 6.957500872777155e-02
7.523053200000001e+02 7.254969526602180e-02
7.523880000000000e+02 7.415578749113531e-02
7.524706800000000e+02 7.538063713807053e-02
7.525533600000000e+02 7.675763836625343e-02
7.526360400000000e+02 7.714053266129782e-02
7.527187200000001e+02 7.624667265200005e-02
7.528014000000001e+02 7.527698411504315e-02
7.528840800000000e+02 7.422882173204437e-02
7.529667600000000e+02 7.191582233728448e-02
7.530494400000000e+02 6.864581934599621e-02
7.531321200000000e+02 6.556403854761086e-02
7.532148000000001e+02 6.213604918162939e-02
7.532974800000001e+02 5.740126368347894e-02
7.533801600000000e+02 5.218600545295596e-02
7.534628400000000e+02 4.732701791076475e-02
7.535455200000000e+02 4.188429236198005e-02
7.536282000000000e+02 3.533644488794895e-02
7.537108800000001e+02 2.884234669128098e-02
7.537935600000001e+02 2.275216267020200e-02
7.538762400000001e+02 1.593629107535660e-02
7.539589200000000e+02 8.425483297244633e-03
7.540416000000000e+02 1.456562025843657e-03
7.541242800000000e+02 -5.172689024198218e-03
7.542069600000000e+02 -1.252791040972741e-02
7.542896400000001e+02 -2.003585410104920e-02
7.543723200000001e+02 -2.664644885883529e-02
7.544550000000000e+02 -3.305839183529106e-02
7.545376800000000e+02 -4.003967231328531e-02
7.546203600000000e+02 -4.660001439169165e-02
7.547030400000000e+02 -5.209425947377577e-02
7.547857200000001e+02 -5.755771812189911e-02
7.548684000000001e+02 -6.329583603296855e-02
7.549510800000000e+02 -6.811191784201866e-02
7.550337600000000e+02 -7.189450826096368e-02
7.551164400000000e+02 -7.578934929241912e-02
7.551991200000000e+02 -7.957465764757439e-02
7.552818000000000e+02 -8.209752956225608e-02
7.553644800000001e+02 -8.379718107051866e-02
7.554471600000001e+02 -8.568522291039556e-02
7.555298400000000e+02 -8.705836425112937e-02
7.556125200000000e+02 -8.704678960835116e-02
7.556952000000000e+02 -8.654515157275239e-02
7.557778800000000e+02 -8.621695901988811e-02
7.558605600000001e+02 -8.502286341324958e-02
7.559432400000001e+02 -8.255773149671246e-02
7.560259200000000e+02 -7.998432914550027e-02
7.561086000000000e+02 -7.747686941510940e-02
7.561912800000000e+02 -7.387634045593423e-02
7.562739600000000e+02 -6.933032119474691e-02
7.563566400000001e+02 -6.502719687286933e-02
7.564393200000001e+02 -6.061231644157450e-02
7.565220000000000e+02 -5.505197306741098e-02
7.566046800000000e+02 -4.902188924848556e-02
7.566873600000000e+02 -4.348649982082339e-02
7.567700400000000e+02 -3.763450072283023e-02
7.568527200000000e+02 -3.078154094921118e-02
7.569354000000001e+02 -2.399641478584852e-02
7.570180800000001e+02 -1.781435980184273e-02
7.571007600000000e+02 -1.113948161457326e-02
7.571834400000000e+02 -3.791972805307848e-03
7.572661200000000e+02 2.987153041545115e-03
7.573488000000000e+02 9.207970110506229e-03
7.574314800000001e+02 1.601287011219791e-02
7.575141600000001e+02 2.302705894446585e-02
7.575968400000000e+02 2.909948856683752e-02
7.576795200000000e+02 3.478466363108281e-02
7.577622000000000e+02 4.101783644557203e-02
7.578448800000000e+02 4.693986358827339e-02
7.579275600000001e+02 5.173711663407485e-02
7.580102400000001e+02 5.638773714895656e-02
7.580929200000000e+02 6.140746722106328e-02
7.581756000000000e+02 6.563187466377307e-02
7.582582800000000e+02 6.876210400947999e-02
7.583409600000000e+02 7.198387969973269e-02
7.584236400000000e+02 7.527203731022189e-02
7.585063200000001e+02 7.740734361987608e-02
7.585890000000001e+02 7.867180926162222e-02
7.586716800000000e+02 8.019516456733648e-02
7.587543600000000e+02 8.141073312145983e-02
7.588370400000000e+02 8.131100330029556e-02
7.589197200000000e+02 8.069748124274870e-02
7.590024000000001e+02 8.039265171566928e-02
7.590850800000001e+02 7.941025801035442e-02
7.591677600000000e+02 7.717679396091831e-02
7.592504400000000e+02 7.483776609930515e-02
7.593331200000000e+02 7.272687085742291e-02
7.594158000000000e+02 6.965548707859380e-02
7.594984800000001e+02 6.561174093254335e-02
7.595811600000001e+02 6.183535087254851e-02
7.596638400000001e+02 5.810023765228309e-02
7.597465200000000e+02 5.327830999659130e-02
7.598292000000000e+02 4.792393770447059e-02
7.599118800000000e+02 4.310347860103787e-02
7.599945600000000e+02 3.808526995135805e-02
7.600772400000001e+02 3.205063269353087e-02
7.601599200000001e+02 2.600189979939944e-02
7.602426000000000e+02 2.060612213181181e-02
7.603252800000000e+02 1.479099325235350e-02
7.604079600000000e+02 8.226769013190794e-03
7.604906400000000e+02 2.150355845196072e-03
7.605733200000001e+02 -3.306480251702702e-03
7.606560000000001e+02 -9.320032360462065e-03
7.607386800000000e+02 -1.565922205369056e-02
7.608213600000000e+02 -2.111310123528351e-02
7.609040400000000e+02 -2.610446856970089e-02
7.609867200000000e+02 -3.165870543527635e-02
7.610694000000001e+02 -3.703297266164140e-02
7.611520800000001e+02 -4.129356428336518e-02
7.612347600000001e+02 -4.532000321002103e-02
7.613174400000000e+02 -4.976874737135789e-02
7.614001200000000e+02 -5.354207342039809e-02
7.614828000000000e+02 -5.617346243750379e-02
7.615654800000000e+02 -5.880836447665908e-02
7.616481600000001e+02 -6.159800680271891e-02
7.617308400000001e+02 -6.331942744018131e-02
7.618135200000000e+02 -6.406461206096917e-02
7.618962000000000e+02 -6.500308939109070e-02
7.619788800000000e+02 -6.575235640146171e-02
7.620615600000000e+02 -6.521828295139610e-02
7.621442400000001e+02 -6.402782609738340e-02
7.622269200000001e+02 -6.313180970518990e-02
7.623096000000000e+02 -6.169704478826481e-02
7.623922800000000e+02 -5.898518802153698e-02
7.624749600000000e+02 -5.602621035692801e-02
7.625576400000000e+02 -5.335709152812796e-02
7.626403200000001e+02 -4.987067018697895e-02
7.627230000000001e+02 -4.533891808825460e-02
7.628056800000001e+02 -4.098121753240617e-02
7.628883600000000e+02 -3.681190871002155e-02
7.629710400000000e+02 -3.168473158041240e-02
7.630537200000000e+02 -2.593258139489895e-02
7.631364000000000e+02 -2.071113801311545e-02
7.632190800000001e+02 -1.551212232103771e-02
7.633017600000001e+02 -9.396156964908827e-03
7.633844400000000e+02 -3.191512724708418e-03
7.634671200000000e+02 2.251865973148204e-03
7.635498000000000e+02 7.854067034022378e-03
7.636324800000000e+02 1.414138848208171e-02
7.637151600000001e+02 1.996175296045028e-02
7.637978400000001e+02 2.495138430374489e-02
7.638805200000000e+02 3.024091360935924e-02
7.639632000000000e+02 3.582269994353519e-02
7.640458800000000e+02 4.046586444613270e-02
7.641285600000000e+02 4.437105482295703e-02
7.642112400000001e+02 4.862863583321055e-02
7.642939200000001e+02 5.269169116228244e-02
7.643766000000001e+02 5.551819751586837e-02
7.644592800000000e+02 5.782862197988745e-02
7.645419600000000e+02 6.042758017028279e-02
7.646246400000000e+02 6.234500201698426e-02
7.647073200000000e+02 6.295857255670623e-02
7.647900000000001e+02 6.334763797335936e-02
7.648726800000001e+02 6.384797438280194e-02
7.649553600000000e+02 6.328118154866490e-02
7.650380400000000e+02 6.158451701306501e-02
7.651207200000000e+02 5.995385154196108e-02
7.652034000000000e+02 5.817993668908633e-02
7.652860800000001e+02 5.514130140718204e-02
7.653687600000001e+02 5.134954494241432e-02
7.654514400000000e+02 4.784940887123797e-02
7.655341200000000e+02 4.393626410076613e-02
7.656168000000000e+02 3.879903951944759e-02
7.656994800000000e+02 3.340962354518624e-02
7.657821600000000e+02 2.843143431642256e-02
7.658648400000001e+02 2.282725572721119e-02
7.659475200000001e+02 1.627871372169860e-02
7.660302000000000e+02 1.000307769275374e-02
7.661128800000000e+02 4.141993433906384e-03
7.661955600000000e+02 -2.438810229297384e-03
7.662782400000000e+02 -9.494434019776111e-03
7.663609200000001e+02 -1.582679806426046e-02
7.664436000000001e+02 -2.183825513199550e-02
7.665262800000000e+02 -2.850780781296992e-02
7.666089600000000e+02 -3.508075515633849e-02
7.666916400000000e+02 -4.063267481211178e-02
7.667743200000000e+02 -4.601435229687709e-02
7.668570000000001e+02 -5.183650953149183e-02
7.669396800000001e+02 -5.699596439845121e-02
7.670223600000000e+02 -6.103300114259258e-02
7.671050400000000e+02 -6.505932791587885e-02
7.671877200000000e+02 -6.918704032418944e-02
7.672704000000000e+02 -7.219598017056872e-02
7.673530800000000e+02 -7.418253742900974e-02
7.674357600000001e+02 -7.628224560653706e-02
7.675184400000001e+02 -7.808429281017336e-02
7.676011200000000e+02 -7.850446722586815e-02
7.676838000000000e+02 -7.817250270267433e-02
7.677664800000000e+02 -7.800977516873174e-02
7.678491600000000e+02 -7.716622600443068e-02
7.679318400000001e+02 -7.491801952300095e-02
7.680145200000001e+02 -7.229834572963054e-02
7.680972000000000e+02 -6.982192307450415e-02
7.681798800000000e+02 -6.637345391017803e-02
7.682625600000000e+02 -6.174223576486072e-02
7.683452400000000e+02 -5.715366526963387e-02
7.684279200000001e+02 -5.260619057154924e-02
7.685106000000001e+02 -4.695022622623830e-02
7.685932800000000e+02 -4.053883749076475e-02
7.686759600000000e+02 -3.453740513011687e-02
7.687586400000000e+02 -2.842446538113784e-02
7.688413200000000e+02 -2.125945329561657e-02
7.689240000000000e+02 -1.389492239562279e-02
7.690066800000001e+02 -7.192575250111431e-03
7.690893600000001e+02 -2.174931692974981e-04
7.691720400000000e+02 7.555729616423340e-03
7.692547200000000e+02 1.494555404967247e-02
7.693374000000000e+02 2.157811127845145e-02
7.694200800000000e+02 2.860318392679056e-02
7.695027600000001e+02 3.600783903509999e-02
7.695854400000001e+02 4.252686874448103e-02
7.696681200000000e+02 4.835673499019565e-02
7.697508000000000e+02 5.461093379329487e-02
7.698334800000000e+02 6.072944631853505e-02
7.699161600000000e+02 6.563301020117950e-02
7.699988400000001e+02 7.004690599055204e-02
7.700815200000001e+02 7.479957241880721e-02
7.701642000000001e+02 7.889696062734268e-02
7.702468800000000e+02 8.167980775173442e-02
7.703295600000000e+02 8.424228371963050e-02
7.704122400000000e+02 8.693944169676603e-02
7.704949200000000e+02 8.855643963123949e-02
7.705776000000001e+02 8.899785189442716e-02
7.706602800000001e+02 8.948314923407813e-02
7.707429600000000e+02 8.981195321688923e-02
7.708256400000000e+02 8.881472025449652e-02
7.709083200000000e+02 8.697900264289903e-02
7.709910000000000e+02 8.537860394051017e-02
7.710736800000001e+02 8.330239720342825e-02
7.711563600000001e+02 7.988364834342983e-02
7.712390400000000e+02 7.608291594711140e-02
7.713217200000000e+02 7.259311290285317e-02
7.714044000000000e+02 6.835291486295338e-02
7.714870800000000e+02 6.298803843956469e-02
7.715697600000001e+02 5.771964431879243e-02
7.716524400000001e+02 5.271355903992225e-02
7.717351200000001e+02 4.679598538803564e-02
7.718178000000000e+02 4.016495665470498e-02
7.719004800000000e+02 3.403727005806725e-02
7.719831600000000e+02 2.802492331479641e-02
7.720658400000000e+02 2.110111133162623e-02
7.721485200000001e+02 1.399114274649294e-02
7.722312000000001e+02 7.649499539162522e-03
7.723138800000000e+02 1.228894203555860e-03
7.723965600000000e+02 -5.927076942006729e-03
7.724792400000000e+02 -1.272255925145364e-02
7.725619200000000e+02 -1.866140960300915e-02
7.726446000000001e+02 -2.485916016544757e-02
7.727272800000001e+02 -3.146148416891338e-02
7.728099600000000e+02 -3.723405901808446e-02
7.728926400000000e+02 -4.223431634227611e-02
7.729753200000000e+02 -4.760226649706701e-02
7.730580000000000e+02 -5.294288890348250e-02
7.731406800000001e+02 -5.714075795951865e-02
7.732233600000001e+02 -6.078503193925477e-02
7.733060400000001e+02 -6.479605515139919e-02
7.733887200000000e+02 -6.832220442200636e-02
7.734714000000000e+02 -7.059660411976967e-02
7.735540800000000e+02 -7.260891707462122e-02
7.736367600000000e+02 -7.486556780342869e-02
7.737194400000001e+02 -7.623740152624843e-02
7.738021200000001e+02 -7.646218822325655e-02
7.738848000000000e+02 -7.671835725319931e-02
7.739674800000000e+02 -7.699301345537105e-02
7.740501600000000e+02 -7.611624221904663e-02
7.741328400000000e+02 -7.438238549402038e-02
7.742155200000001e+02 -7.291027598889468e-02
7.742982000000001e+02 -7.117204474997306e-02
7.743808800000000e+02 -6.820325754926557e-02
7.744635600000000e+02 -6.479244800792952e-02
7.745462400000000e+02 -6.176448487491805e-02
7.746289200000000e+02 -5.818980520109500e-02
7.747116000000001e+02 -5.351487711539257e-02
7.747942800000001e+02 -4.885791018614881e-02
7.748769600000001e+02 -4.457743389988635e-02
7.749596400000000e+02 -3.954185242803959e-02
7.750423200000000e+02 -3.373017786532374e-02
7.751250000000000e+02 -2.835622617076873e-02
7.752076800000000e+02 -2.323805392744815e-02
7.752903600000001e+02 -1.728751511202032e-02
7.753730400000001e+02 -1.102688986050496e-02
7.754557200000000e+02 -5.509383543702463e-03
7.755384000000000e+02 -5.372344599600280e-05
7.756210800000000e+02 6.144811410886138e-03
7.757037600000000e+02 1.212602813856558e-02
7.757864400000001e+02 1.722218163328936e-02
7.758691200000001e+02 2.246401952081816e-02
7.759518000000000e+02 2.819056356425935e-02
7.760344800000000e+02 3.320592609246632e-02
7.761171600000000e+02 3.737237041360787e-02
7.761998400000000e+02 4.184180016742668e-02
7.762825200000000e+02 4.640493526942001e-02
7.763652000000001e+02 4.988808203880307e-02
7.764478800000001e+02 5.271426862365126e-02
7.765305600000000e+02 5.589871422054898e-02
7.766132400000000e+02 5.872251371788094e-02
7.766959200000000e+02 6.029212814002248e-02
7.767786000000000e+02 6.149894118889098e-02
7.768612800000001e+02 6.299187026318741e-02
7.769439600000001e+02 6.369698504836092e-02
7.770266400000000e+02 6.320085596068800e-02
7.771093200000000e+02 6.266628438975595e-02
7.771920000000000e+02 6.222776070516293e-02
7.772746800000000e+02 6.069392844612714e-02
7.773573600000001e+02 5.822680828529697e-02
7.774400400000001e+02 5.600291420753598e-02
7.775227200000000e+02 5.361091630400991e-02
7.776054000000000e+02 5.000883303584075e-02
7.776880800000000e+02 4.590197651016449e-02
7.777707600000000e+02 4.222102115724961e-02
7.778534400000000e+02 3.810164041316332e-02
7.779361200000001e+02 3.288559199744829e-02
7.780188000000001e+02 2.766916458503548e-02
7.781014800000000e+02 2.293507092540391e-02
7.781841600000000e+02 1.756043764986985e-02
7.782668400000000e+02 1.141902703711580e-02
7.783495200000000e+02 5.761368824123414e-03
7.784322000000001e+02 5.219926978379244e-04
7.785148800000001e+02 -5.430828407299962e-03
7.785975600000000e+02 -1.166130948295125e-02
7.786802400000000e+02 -1.703151224972000e-02
7.787629200000000e+02 -2.213429885263764e-02
7.788456000000000e+02 -2.786272779484518e-02
7.789282800000001e+02 -3.331095134231863e-02
7.790109600000001e+02 -3.769193291035467e-02
7.790936400000001e+02 -4.199318438996694e-02
7.791763200000000e+02 -4.667753851327530e-02
7.792590000000000e+02 -5.055964729484548e-02
7.793416800000000e+02 -5.336410489362944e-02
7.794243600000000e+02 -5.626082857953921e-02
7.795070400000001e+02 -5.918522551424837e-02
7.795897200000001e+02 -6.091895423286108e-02
7.796724000000000e+02 -6.175135420159625e-02
7.797550800000000e+02 -6.278935832216911e-02
7.798377600000000e+02 -6.345490247573221e-02
7.799204400000000e+02 -6.274787655908136e-02
7.800031200000001e+02 -6.146053528055270e-02
7.800858000000001e+02 -6.040811859558874e-02
7.801684800000000e+02 -5.861875021476844e-02
7.802511600000000e+02 -5.551689745029280e-02
7.803338400000000e+02 -5.223523903105839e-02
7.804165200000000e+02 -4.912977881627079e-02
7.804992000000001e+02 -4.503554806323278e-02
7.805818800000001e+02 -3.992304700402725e-02
7.806645600000001e+02 -3.503426148703448e-02
7.807472400000000e+02 -3.019222199606362e-02
7.808299200000000e+02 -2.428162093023410e-02
7.809126000000000e+02 -1.783085005567265e-02
7.809952800000000e+02 -1.193602440114061e-02
7.810779600000001e+02 -5.923296185035449e-03
7.811606400000001e+02 1.035840383986551e-03
7.812433200000000e+02 7.958094444020510e-03
7.813260000000000e+02 1.412180111930682e-02
7.814086800000000e+02 2.055587911053355e-02
7.814913600000000e+02 2.761966854976702e-02
7.815740400000001e+02 3.407605226978327e-02
7.816567200000001e+02 3.973129140304016e-02
7.817394000000000e+02 4.574774417611509e-02
7.818220800000000e+02 5.192966575655869e-02
7.819047600000000e+02 5.704678356276004e-02
7.819874400000000e+02 6.147541610104049e-02
7.820701200000001e+02 6.625538181859214e-02
7.821528000000001e+02 7.067033010841364e-02
7.822354800000001e+02 7.376214168416755e-02
7.823181600000000e+02 7.639419986279927e-02
7.824008400000000e+02 7.925067581164788e-02
7.824835200000000e+02 8.124711948336914e-02
7.825662000000000e+02 8.190726108474100e-02
7.826488800000001e+02 8.238869577029735e-02
7.827315600000001e+02 8.286529832236419e-02
7.828142400000000e+02 8.212349468983926e-02
7.828969200000000e+02 8.027276555172068e-02
7.829796000000000e+02 7.850547514896060e-02
7.830622800000000e+02 7.644745554813760e-02
7.831449600000001e+02 7.302666783967258e-02
7.832276400000001e+02 6.891094787013509e-02
7.833103200000000e+02 6.506245853959686e-02
7.833930000000000e+02 6.064760576213541e-02
7.834756800000000e+02 5.497441649972647e-02
7.835583600000000e+02 4.911749404131334e-02
7.836410400000001e+02 4.360048340591941e-02
7.837237200000001e+02 3.732281390114511e-02
7.838064000000001e+02 3.012378713529786e-02
7.838890800000000e+02 2.324639725414091e-02
7.839717600000000e+02 1.667043099359473e-02
7.840544400000000e+02 9.277280298452848e-03
7.841371200000000e+02 1.469253912138999e-03
7.842198000000001e+02 -5.611149857288714e-03
7.843024800000001e+02 -1.251093264837745e-02
7.843851600000000e+02 -2.011941942456391e-02
7.844678400000000e+02 -2.756180422469460e-02
7.845505200000000e+02 -3.403589244057399e-02
7.846332000000000e+02 -4.048551802610825e-02
7.847158800000001e+02 -4.737876079180142e-02
7.847985600000001e+02 -5.355690848399641e-02
7.848812400000000e+02 -5.871985519493023e-02
7.849639200000000e+02 -6.399822715246754e-02
7.850466000000000e+02 -6.934030495037005e-02
7.851292800000000e+02 -7.354749968201280e-02
7.852119600000000e+02 -7.687603305877438e-02
7.852946400000001e+02 -8.039957695029923e-02
7.853773200000001e+02 -8.355827370776857e-02
7.854600000000000e+02 -8.536247128794715e-02
7.855426800000000e+02 -8.656442141558893e-02
7.856253600000000e+02 -8.795325069699679e-02
7.857080400000000e+02 -8.857785635771059e-02
7.857907200000001e+02 -8.786207534419720e-02
7.858734000000001e+02 -8.689383073091754e-02
7.859560800000000e+02 -8.601106373324864e-02
7.860387600000000e+02 -8.406939531380142e-02
7.861214400000000e+02 -8.102675597481591e-02
7.862041200000000e+02 -7.807870399427479e-02
7.862868000000001e+02 -7.503926666447805e-02
7.863694800000001e+02 -7.081093542034042e-02
7.864521600000000e+02 -6.589809177995726e-02
7.865348400000000e+02 -6.135324167927256e-02
7.866175200000000e+02 -5.650348214551048e-02
7.867002000000000e+02 -5.053282238701210e-02
7.867828800000000e+02 -4.439174182325665e-02
7.868655600000001e+02 -3.876695776618171e-02
7.869482400000001e+02 -3.264028171081690e-02
7.870309200000000e+02 -2.565770165480651e-02
7.871136000000000e+02 -1.902031688345203e-02
7.871962800000000e+02 -1.290147751970010e-02
7.872789600000000e+02 -6.157193047552336e-03
7.873616400000001e+02 1.018607512536746e-03
7.874443200000001e+02 7.426571687586124e-03
7.875270000000000e+02 1.344533879102004e-02
7.876096800000000e+02 2.009259387973269e-02
7.876923600000000e+02 2.665741450369438e-02
7.877750400000000e+02 3.219875178284998e-02
7.878577200000001e+02 3.756533365613792e-02
7.879404000000001e+02 4.341900637369884e-02
7.880230800000000e+02 4.867723894937612e-02
7.881057600000000e+02 5.286166053817732e-02
7.881884400000000e+02 5.710399286654461e-02
7.882711200000000e+02 6.155612750512586e-02
7.883538000000000e+02 6.499480565755014e-02
7.884364800000001e+02 6.750969879013005e-02
7.885191600000001e+02 7.026361754073890e-02
7.886018400000000e+02 7.285708321718996e-02
7.886845200000000e+02 7.419240719143996e-02
7.887672000000000e+02 7.490835843144787e-02
7.888498800000000e+02 7.593883420136938e-02
7.889325600000001e+02 7.641591322438193e-02
7.890152400000001e+02 7.560940878216607e-02
7.890979200000000e+02 7.456716007976039e-02
7.891806000000000e+02 7.378552320985476e-02
7.892632800000000e+02 7.211774778884651e-02
7.893459600000000e+02 6.936372612936850e-02
7.894286400000001e+02 6.675070961335296e-02
7.895113200000001e+02 6.422785782664242e-02
7.895940000000001e+02 6.062295542428132e-02
7.896766800000000e+02 5.631246110593597e-02
7.897593600000000e+02 5.243581642632015e-02
7.898420400000000e+02 4.840845257136997e-02
7.899247200000000e+02 4.329214654456457e-02
7.900074000000001e+02 3.796054257365299e-02
7.900900800000001e+02 3.322042464029852e-02
7.901727600000000e+02 2.808537404620435e-02
7.902554400000000e+02 2.205839567410138e-02
7.903381200000000e+02 1.632401525756801e-02
7.904208000000000e+02 1.118735915381801e-02
7.905034800000001e+02 5.478821383102045e-03
7.905861600000001e+02 -7.475883073876054e-04
7.906688400000000e+02 -6.247340009423111e-03
7.907515200000000e+02 -1.127524104947559e-02
7.908342000000000e+02 -1.692874274825714e-02
7.909168800000000e+02 -2.261277410280131e-02
7.909995600000001e+02 -2.728312560336369e-02
7.910822400000001e+02 -3.169277574491680e-02
7.911649200000001e+02 -3.663126411609510e-02
7.912476000000000e+02 -4.108757093193638e-02
7.913302800000000e+02 -4.443253684286959e-02
7.914129600000000e+02 -4.775223976821102e-02
7.914956400000000e+02 -5.136180439582039e-02
7.915783200000001e+02 -5.404576529265746e-02
7.916610000000001e+02 -5.571590299439080e-02
7.917436800000000e+02 -5.756040717982675e-02
7.918263600000000e+02 -5.935578257274344e-02
7.919090400000000e+02 -5.993459885629722e-02
7.919917200000000e+02 -5.976314921711221e-02
7.920744000000001e+02 -5.988377854376026e-02
7.921570800000001e+02 -5.958346811485153e-02
7.922397600000000e+02 -5.798432976606941e-02
7.923224400000000e+02 -5.600785222939034e-02
7.924051200000000e+02 -5.433592623968694e-02
7.924878000000000e+02 -5.191681250755922e-02
7.925704800000001e+02 -4.834429276837944e-02
7.926531600000001e+02 -4.480387353623602e-02
7.927358400000001e+02 -4.147828411993319e-02
7.928185200000000e+02 -3.719868482498120e-02
7.929012000000000e+02 -3.211680528997124e-02
7.929838800000000e+02 -2.743723822127037e-02
7.930665600000000e+02 -2.280852320861215e-02
7.931492400000001e+02 -1.719279461564309e-02
7.932319200000001e+02 -1.127166874833531e-02
7.933146000000000e+02 -6.018731558337708e-03
7.933972800000000e+02 -6.252814695976620e-04
7.934799600000000e+02 5.591470895175497e-03
7.935626400000000e+02 1.155932896967615e-02
7.936453200000001e+02 1.673994728129459e-02
7.937280000000001e+02 2.222383193500808e-02
7.938106800000000e+02 2.818640349609048e-02
7.938933600000000e+02 3.338990583045717e-02
7.939760400000000e+02 3.784541329609718e-02
7.940587200000000e+02 4.268588336271940e-02
7.941414000000001e+02 4.753459160400502e-02
7.942240800000001e+02 5.125379681825145e-02
7.943067600000001e+02 5.440046269825822e-02
7.943894400000000e+02 5.789751305945296e-02
7.944721200000000e+02 6.089324082681094e-02
7.945548000000000e+02 6.259880046770863e-02
7.946374800000000e+02 6.399289209843706e-02
7.947201600000001e+02 6.557998317157247e-02
7.948028400000001e+02 6.621951108294484e-02
7.948855200000000e+02 6.564665297968078e-02
7.949682000000000e+02 6.504246203515548e-02
7.950508800000000e+02 6.437848513142055e-02
7.951335600000000e+02 6.248023453406494e-02
7.952162400000001e+02 5.966608571996682e-02
7.952989200000001e+02 5.705455423623968e-02
7.953816000000000e+02 5.409236348718054e-02
7.954642800000000e+02 4.983593642284682e-02
7.955469600000000e+02 4.511513275266656e-02
7.956296400000000e+02 4.073759293234746e-02
7.957123200000000e+02 3.575413832580040e-02
7.957950000000001e+02 2.966447360003818e-02
7.958776800000001e+02 2.362467131923739e-02
7.959603600000000e+02 1.795736142478590e-02
7.960430400000000e+02 1.153520022569783e-02
7.961257200000000e+02 4.412289822057547e-03
7.962084000000000e+02 -2.183244671487115e-03
7.962910800000001e+02 -8.475962477776645e-03
7.963737600000001e+02 -1.551754032378528e-02
7.964564400000000e+02 -2.271231870839696e-02
7.965391200000000e+02 -2.902420854501999e-02
7.966218000000000e+02 -3.516587864889988e-02
7.967044800000000e+02 -4.188172406254662e-02
7.967871600000001e+02 -4.816414611776862e-02
7.968698400000001e+02 -5.338569023615148e-02
7.969525200000000e+02 -5.858537374429033e-02
7.970352000000000e+02 -6.404009489261121e-02
7.971178800000000e+02 -6.854455808926627e-02
7.972005600000000e+02 -7.200611144105784e-02
7.972832400000000e+02 -7.556439862776618e-02
7.973659200000001e+02 -7.897035693417988e-02
7.974486000000001e+02 -8.107281434158452e-02
7.975312800000000e+02 -8.232809778012327e-02
7.976139600000000e+02 -8.373501832932220e-02
7.976966400000000e+02 -8.457000119997928e-02
7.977793200000000e+02 -8.397438687293128e-02
7.978620000000001e+02 -8.285654344185274e-02
7.979446800000001e+02 -8.186517683500939e-02
7.980273600000000e+02 -7.995099329376025e-02
7.981100400000000e+02 -7.672680831574014e-02
7.981927200000000e+02 -7.336567782564135e-02
7.982754000000000e+02 -7.002934381005688e-02
7.983580800000001e+02 -6.555948389633834e-02
7.984407600000001e+02 -6.012543705518621e-02
7.985234400000001e+02 -5.492345365966619e-02
7.986061200000000e+02 -4.959102586170407e-02
7.986888000000000e+02 -4.310381057403775e-02
7.987714800000000e+02 -3.616062948371290e-02
7.988541600000000e+02 -2.973197203403210e-02
7.989368400000001e+02 -2.300316117946600e-02
7.990195200000001e+02 -1.530511843714958e-02
7.991022000000000e+02 -7.728879223360143e-03
7.991848800000000e+02 -8.131389805465750e-04
7.992675600000000e+02 6.538343103818741e-03
7.993502400000000e+02 1.448684719970056e-02
7.994329200000001e+02 2.177275906703353e-02
7.995156000000001e+02 2.840711003647926e-02
7.995982800000000e+02 3.553085650746717e-02
7.996809600000000e+02 4.275018610698891e-02
7.997636400000000e+02 4.890274930924188e-02
7.998463200000000e+02 5.454963967401985e-02
7.999290000000001e+02 6.062328929496198e-02
8.000116800000001e+02 6.624870166125714e-02
8.000943600000001e+02 7.061163123550472e-02
8.001770400000000e+02 7.470146255771976e-02
8.002597200000000e+02 7.903009930801125e-02
8.003424000000000e+02 8.242498798771583e-02
8.004250800000000e+02 8.459827425305995e-02
8.005077600000001e+02 8.674836473217770e-02
8.005904400000001e+02 8.884698390528097e-02
8.006731200000000e+02 8.967840081189578e-02
8.007558000000000e+02 8.954414609206469e-02
8.008384800000000e+02 8.958448381115269e-02
8.009211600000000e+02 8.923384792553792e-02
8.010038400000001e+02 8.750053032956492e-02
8.010865200000001e+02 8.520753575805728e-02
8.011692000000000e+02 8.318424636476557e-02
8.012518800000000e+02 8.045339301392020e-02
8.013345600000000e+02 7.646540905069235e-02
8.014172400000000e+02 7.238215381689256e-02
8.014999200000001e+02 6.854227906923488e-02
8.015826000000001e+02 6.377510077152987e-02
8.016652800000001e+02 5.809269969078062e-02
8.017479600000000e+02 5.274172348237453e-02
8.018306400000000e+02 4.750265900556810e-02
8.019133200000000e+02 4.127092774769496e-02
8.019960000000000e+02 3.461610991834504e-02
8.020786800000001e+02 2.860239664286842e-02
8.021613600000001e+02 2.250887659317143e-02
8.022440400000000e+02 1.553881016486399e-02
8.023267200000000e+02 8.695467913851189e-03
8.024094000000000e+02 2.638596922897563e-03
8.024920800000000e+02 -3.689797434197780e-03
8.025747600000001e+02 -1.060693557840840e-02
8.026574400000001e+02 -1.688943724591144e-02
8.027401200000000e+02 -2.241319091412659e-02
8.028228000000000e+02 -2.834037808970644e-02
8.029054800000000e+02 -3.444172567333562e-02
8.029881600000000e+02 -3.952984752779653e-02
8.030708400000001e+02 -4.403248040825069e-02
8.031535200000001e+02 -4.896572520002933e-02
8.032362000000001e+02 -5.360292101887967e-02
8.033188800000000e+02 -5.703760384304653e-02
8.034015600000000e+02 -6.015083343751645e-02
8.034842400000000e+02 -6.359735749780833e-02
8.035669200000000e+02 -6.630589634647735e-02
8.036496000000001e+02 -6.783525353111979e-02
8.037322800000001e+02 -6.932947983007937e-02
8.038149600000000e+02 -7.094521706908641e-02
8.038976400000000e+02 -7.149047645116773e-02
8.039803200000000e+02 -7.107690859539638e-02
8.040630000000000e+02 -7.086962781865160e-02
8.041456800000001e+02 -7.049597181548455e-02
8.042283600000001e+02 -6.889238305091146e-02
8.043110400000000e+02 -6.669737223727595e-02
8.043937200000000e+02 -6.485318015484476e-02
8.044764000000000e+02 -6.253816794862554e-02
8.045590800000000e+02 -5.904090806069129e-02
8.046417600000001e+02 -5.539260536040375e-02
8.047244400000001e+02 -5.211641159023479e-02
8.048071200000001e+02 -4.811743499486285e-02
8.048898000000000e+02 -4.318857373181118e-02
8.049724800000000e+02 -3.853807395134962e-02
8.050551600000000e+02 -3.416208179038504e-02
8.051378400000000e+02 -2.892804406290194e-02
8.052205200000001e+02 -2.318125178261217e-02
8.053032000000001e+02 -1.805326408103750e-02
8.053858800000000e+02 -1.301702896744539e-02
8.054685600000000e+02 -7.149130943037501e-03
8.055512400000000e+02 -1.278864928459761e-03
8.056339200000000e+02 3.778409997767249e-03
8.057166000000001e+02 8.956447640395479e-03
8.057992800000001e+02 1.476417658480441e-02
8.058819600000000e+02 2.006164319840835e-02
8.059646400000000e+02 2.452391657274518e-02
8.060473200000000e+02 2.928515213973596e-02
8.061300000000000e+02 3.432182707633420e-02
8.062126800000000e+02 3.842720514990112e-02
8.062953600000001e+02 4.183666947502811e-02
8.063780400000001e+02 4.563204167862803e-02
8.064607200000000e+02 4.925554338028693e-02
8.065434000000000e+02 5.169658193189038e-02
8.066260800000000e+02 5.369873627540877e-02
8.067087600000000e+02 5.604792580405638e-02
8.067914400000001e+02 5.777028087389049e-02
8.068741200000001e+02 5.827523439206159e-02
8.069568000000000e+02 5.864972655038715e-02
8.070394800000000e+02 5.920507150419558e-02
8.071221600000000e+02 5.876554332644440e-02
8.072048400000000e+02 5.729402860206027e-02
8.072875200000001e+02 5.597905356801506e-02
8.073702000000001e+02 5.458570540316103e-02
8.074528800000001e+02 5.199917824609984e-02
8.075355600000000e+02 4.874708054269102e-02
8.076182400000000e+02 4.585560413932645e-02
8.077009200000000e+02 4.259647952704070e-02
8.077836000000000e+02 3.816684202443702e-02
8.078662800000001e+02 3.354492956198264e-02
8.079489600000001e+02 2.936906687530000e-02
8.080316400000000e+02 2.458239234005460e-02
8.081143200000000e+02 1.887533231948380e-02
8.081970000000000e+02 1.346391249957459e-02
8.082796800000000e+02 8.462250403251655e-03
8.083623600000001e+02 2.722129294609896e-03
8.084450400000001e+02 -3.501730610385815e-03
8.085277200000000e+02 -9.017773782354995e-03
8.086104000000000e+02 -1.425485315556448e-02
8.086930800000000e+02 -2.019827513818328e-02
8.087757600000000e+02 -2.608209428326276e-02
8.088584400000001e+02 -3.099202914226072e-02
8.089411200000001e+02 -3.580095415958935e-02
8.090238000000001e+02 -4.111679708869460e-02
8.091064800000000e+02 -4.582460567993070e-02
8.091891600000000e+02 -4.947699411623727e-02
8.092718400000000e+02 -5.320002422364234e-02
8.093545200000000e+02 -5.709431437251025e-02
8.094372000000001e+02 -5.992960772658516e-02
8.095198800000001e+02 -6.181478508740946e-02
8.096025600000000e+02 -6.388973931980996e-02
8.096852400000000e+02 -6.572655023051757e-02
8.097679200000000e+02 -6.623480909089316e-02
8.098506000000000e+02 -6.605415762725018e-02
8.099332800000001e+02 -6.610052368760995e-02
8.100159600000001e+02 -6.550608425691702e-02
8.100986400000000e+02 -6.354549492724239e-02
8.101813200000000e+02 -6.125679423767030e-02
8.102640000000000e+02 -5.914265915784279e-02
8.103466800000000e+02 -5.607433260210593e-02
8.104293600000001e+02 -5.184310398898382e-02
8.105120400000001e+02 -4.767336405119287e-02
8.105947200000001e+02 -4.355024406616913e-02
8.106774000000000e+02 -3.831794044152217e-02
8.107600800000000e+02 -3.233262720027306e-02
8.108427600000000e+02 -2.675443162363059e-02
8.109254400000000e+02 -2.105263286276469e-02
8.110081200000001e+02 -1.428769301713355e-02
8.110908000000001e+02 -7.314248161410729e-03
8.111734800000000e+02 -9.878672396589820e-04
8.112561600000000e+02 5.628300673826899e-03
8.113388400000000e+02 1.305374779490184e-02
8.114215200000000e+02 2.010678745219046e-02
8.115042000000001e+02 2.641710302602520e-02
8.115868800000001e+02 3.312882055180905e-02
8.116695600000000e+02 4.022152101713309e-02
8.117522400000000e+02 4.643156551381437e-02
8.118349200000000e+02 5.195440480288388e-02
8.119176000000000e+02 5.789248752292141e-02
8.120002800000001e+02 6.367984634347108e-02
8.120829600000001e+02 6.824003510253723e-02
8.121656400000001e+02 7.229271551881779e-02
8.122483200000000e+02 7.665325942623086e-02
8.123310000000000e+02 8.032579912901978e-02
8.124136800000000e+02 8.265504103127604e-02
8.124963600000000e+02 8.472609596225848e-02
8.125790400000001e+02 8.688251458732676e-02
8.126617200000001e+02 8.791398092331164e-02
8.127444000000000e+02 8.773012400270981e-02
8.128270800000000e+02 8.753931722539579e-02
8.129097600000000e+02 8.713483383720604e-02
8.129924400000000e+02 8.535952758207389e-02
8.130751200000001e+02 8.270607940295915e-02
8.131578000000001e+02 8.023658847428908e-02
8.132404800000000e+02 7.724227648549579e-02
8.133231600000000e+02 7.287639298284723e-02
8.134058400000000e+02 6.810232320759274e-02
8.134885200000000e+02 6.360275223679002e-02
8.135712000000001e+02 5.833008954200342e-02
8.136538800000001e+02 5.193437136304959e-02
8.137365600000001e+02 4.563449384611105e-02
8.138192400000000e+02 3.959071004214112e-02
8.139019200000000e+02 3.265452960293560e-02
8.139846000000000e+02 2.504654946243642e-02
8.140672800000000e+02 1.797487062911127e-02
8.141499600000001e+02 1.105405920720763e-02
8.142326400000001e+02 3.290486089774885e-03
8.143153200000000e+02 -4.576705506263747e-03
8.143980000000000e+02 -1.160674384154182e-02
8.144806800000000e+02 -1.863434318306537e-02
8.145633600000000e+02 -2.628219518923119e-02
8.146460400000001e+02 -3.345428589688496e-02
8.147287200000001e+02 -3.966945336210242e-02
8.148114000000000e+02 -4.602218357415441e-02
8.148940800000000e+02 -5.263253008873102e-02
8.149767600000000e+02 -5.828050940552598e-02
8.150594400000000e+02 -6.303575345559517e-02
8.151421200000001e+02 -6.801378377795773e-02
8.152248000000001e+02 -7.280865280610459e-02
8.153074800000001e+02 -7.633047670157586e-02
8.153901600000000e+02 -7.917564680637706e-02
8.154728400000000e+02 -8.224312039346769e-02
8.155555200000000e+02 -8.468717978488412e-02
8.156382000000000e+02 -8.577223807864610e-02
8.157208800000001e+02 -8.649065739941328e-02
8.158035600000001e+02 -8.733564939936278e-02
8.158862400000000e+02 -8.719828767189818e-02
8.159689200000000e+02 -8.584824066871594e-02
8.160516000000000e+02 -8.446398465314861e-02
8.161342800000000e+02 -8.302906034914506e-02
8.162169600000001e+02 -8.040288893116793e-02
8.162996400000001e+02 -7.690885722521751e-02
8.163823200000000e+02 -7.366438398224752e-02
8.164650000000000e+02 -7.014561593601941e-02
8.165476800000000e+02 -6.542125408584984e-02
8.166303600000000e+02 -6.030381624299513e-02
8.167130400000000e+02 -5.561441800582326e-02
8.167957200000001e+02 -5.043153841743775e-02
8.168784000000001e+02 -4.423471632409987e-02
8.169610800000000e+02 -3.815873881315229e-02
8.170437600000000e+02 -3.255366071094888e-02
8.171264400000000e+02 -2.629741446216076e-02
8.172091200000000e+02 -1.939929860359458e-02
8.172918000000001e+02 -1.307904437662192e-02
8.173744800000001e+02 -7.139832279671840e-03
8.174571600000000e+02 -5.041184868682051e-04
8.175398400000000e+02 6.281251360311952e-03
8.176225200000000e+02 1.217102555179763e-02
8.177052000000000e+02 1.786654947232315e-02
8.177878800000001e+02 2.416012598042493e-02
8.178705600000001e+02 3.007662275549290e-02
8.179532400000001e+02 3.497097423422513e-02
8.180359200000000e+02 3.989475247933549e-02
8.181186000000000e+02 4.517292545328822e-02
8.182012800000000e+02 4.960814584908541e-02
8.182839600000000e+02 5.309666703148670e-02
8.183666400000001e+02 5.680626218205332e-02
8.184493200000001e+02 6.051433278713182e-02
8.185320000000000e+02 6.306063466499819e-02
8.186146800000000e+02 6.490601892450967e-02
8.186973600000000e+02 6.707267562564874e-02
8.187800400000000e+02 6.883286658472483e-02
8.188627200000001e+02 6.931848617816153e-02
8.189454000000001e+02 6.945370058041790e-02
8.190280800000000e+02 6.988524538077927e-02
8.191107600000000e+02 6.953755338545180e-02
8.191934400000000e+02 6.802760360864168e-02
8.192761200000000e+02 6.653928811324328e-02
8.193588000000001e+02 6.519870744918764e-02
8.194414800000001e+02 6.281960563359756e-02
8.195241600000001e+02 5.959099409757101e-02
8.196068400000000e+02 5.669667421133942e-02
8.196895200000000e+02 5.371450251821860e-02
8.197722000000000e+02 4.961062574016116e-02
8.198548800000000e+02 4.510768099457018e-02
8.199375600000001e+02 4.113199506494417e-02
8.200202400000001e+02 3.680832622663580e-02
8.201029200000000e+02 3.148475177457701e-02
8.201856000000000e+02 2.626327103253319e-02
8.202682800000000e+02 2.161484251557779e-02
8.203509600000000e+02 1.640586809150002e-02
8.204336400000001e+02 1.051141398542217e-02
8.205163200000001e+02 5.178123353005902e-03
8.205990000000000e+02 3.253454121481695e-04
8.206816800000000e+02 -5.189667387554275e-03
8.207643600000000e+02 -1.093500465459861e-02
8.208470400000000e+02 -1.578231952255610e-02
8.209297200000001e+02 -2.034022643476778e-02
8.210124000000001e+02 -2.551271673057470e-02
8.210950800000001e+02 -3.040082735768047e-02
8.211777600000000e+02 -3.422910742552126e-02
8.212604400000000e+02 -3.799908967623401e-02
8.213431200000000e+02 -4.218274601132874e-02
8.214258000000000e+02 -4.560206056455642e-02
8.215084800000001e+02 -4.799238905638824e-02
8.215911600000001e+02 -5.053339745796469e-02
8.216738400000000e+02 -5.316594679819581e-02
8.217565200000000e+02 -5.467800204751003e-02
8.218392000000000e+02 -5.536638071785113e-02
8.219218800000000e+02 -5.634094992873976e-02
8.220045600000001e+02 -5.702503038543776e-02
8.220872400000001e+02 -5.642340299691120e-02
8.221699200000000e+02 -5.532981755742899e-02
8.222526000000000e+02 -5.455447488134570e-02
8.223352800000000e+02 -5.312467995975263e-02
8.224179600000000e+02 -5.046790999202596e-02
8.225006400000001e+02 -4.770983571523017e-02
8.225833200000001e+02 -4.519514334903325e-02
8.226660000000001e+02 -4.175900830122409e-02
8.227486800000000e+02 -3.737148671583741e-02
8.228313600000000e+02 -3.325818507277778e-02
8.229140400000000e+02 -2.922928747110522e-02
8.229967200000000e+02 -2.417301100274652e-02
8.230794000000001e+02 -1.861138281066382e-02
8.231620800000001e+02 -1.361702241136253e-02
8.232447600000000e+02 -8.507894404233928e-03
8.233274400000000e+02 -2.462359651753775e-03
8.234101200000000e+02 3.550428288567830e-03
8.234928000000000e+02 8.833882978120589e-03
8.235754800000001e+02 1.441552769009564e-02
8.236581600000001e+02 2.064713674140766e-02
8.237408400000000e+02 2.631301001197050e-02
8.238235200000000e+02 3.123895237096911e-02
8.239062000000000e+02 3.657490983619716e-02
8.239888800000000e+02 4.212061856713433e-02
8.240715600000001e+02 4.667109260155628e-02
8.241542400000001e+02 5.061074021287919e-02
8.242369200000001e+02 5.495846298344154e-02
8.243196000000000e+02 5.899924067390804e-02
8.244022800000000e+02 6.179896093565910e-02
8.244849600000000e+02 6.421520110138769e-02
8.245676400000000e+02 6.690774685360019e-02
8.246503200000001e+02 6.880002928580478e-02
8.247330000000001e+02 6.943381799995763e-02
8.248156800000000e+02 6.994853991722934e-02
8.248983600000000e+02 7.049560618719959e-02
8.249810400000000e+02 6.987481985720355e-02
8.250637200000000e+02 6.820522542339678e-02
8.251464000000001e+02 6.665287755080111e-02
8.252290800000001e+02 6.482730865657586e-02
8.253117600000000e+02 6.167372375162757e-02
8.253944400000000e+02 5.786091361192484e-02
8.254771200000000e+02 5.432161009694748e-02
8.255598000000000e+02 5.021488440092914e-02
8.256424800000001e+02 4.486843758994557e-02
8.257251600000001e+02 3.935039528413185e-02
8.258078400000001e+02 3.415645998049031e-02
8.258905200000000e+02 2.818934456192702e-02
8.259732000000000e+02 2.130894111634648e-02
8.260558800000000e+02 1.474570064093937e-02
8.261385600000000e+02 8.456923341772586e-03
8.262212400000001e+02 1.338327297181595e-03
8.263039200000001e+02 -6.188614307460935e-03
8.263866000000000e+02 -1.299867699892245e-02
8.264692800000000e+02 -1.965254533858269e-02
8.265519600000000e+02 -2.701566275420197e-02
8.266346400000000e+02 -3.419880117999898e-02
8.267173200000001e+02 -4.041993692350337e-02
