0.000000000000000e+00 0.000000000000000e+00
8.268000000000000e-02 8.824692928269595e-03
1.653600000000000e-01 1.672546567056554e-02
2.480400000000000e-01 2.469509765992128e-02
3.307200000000000e-01 3.329967489107388e-02
4.134000000000000e-01 4.127237268415174e-02
4.960800000000000e-01 4.820851553318350e-02
5.787600000000001e-01 5.534356391590645e-02
6.614400000000000e-01 6.266808197715468e-02
7.441200000000000e-01 6.882824686125344e-02
8.268000000000000e-01 7.404334299092163e-02
9.094800000000001e-01 7.951745741201388e-02
9.921600000000000e-01 8.465449585850882e-02
1.074840000000000e+00 8.830753774656086e-02
1.157520000000000e+00 9.127444419769626e-02
1.240200000000000e+00 9.445566488651658e-02
1.322880000000000e+00 9.679099204034625e-02
1.405560000000000e+00 9.759428499501754e-02
1.488240000000000e+00 9.806585241243460e-02
1.570920000000000e+00 9.859683006647313e-02
1.653600000000000e+00 9.789435274181701e-02
1.736280000000000e+00 9.588643711250122e-02
1.818960000000000e+00 9.390857435781041e-02
1.901640000000000e+00 9.175362731027348e-02
1.984320000000000e+00 8.818311044949889e-02
2.067000000000000e+00 8.375534556633313e-02
2.149680000000000e+00 7.964557789694560e-02
2.232360000000000e+00 7.509700761062554e-02
2.315040000000000e+00 6.920046029239113e-02
2.397720000000000e+00 6.302091327401194e-02
2.480400000000000e+00 5.731872214914424e-02
2.563080000000000e+00 5.095978140517921e-02
2.645760000000000e+00 4.356372617065374e-02
2.728440000000000e+00 3.646995390981822e-02
2.811120000000000e+00 2.986645956971723e-02
2.893800000000000e+00 2.249492560349098e-02
2.976480000000000e+00 1.458508661101177e-02
3.059160000000000e+00 7.464712181555200e-03
3.141840000000000e+00 7.198560911924057e-04
3.224520000000000e+00 -6.757176665337372e-03
3.307200000000000e+00 -1.417713009515642e-02
3.389880000000000e+00 -2.050059790431091e-02
3.472560000000000e+00 -2.664453270941225e-02
3.555240000000000e+00 -3.332912089322237e-02
3.637920000000000e+00 -3.937268650078218e-02
3.720600000000000e+00 -4.423476428236128e-02
3.803280000000000e+00 -4.913388068003977e-02
3.885960000000000e+00 -5.425157930201274e-02
3.968640000000000e+00 -5.825950045885941e-02
4.051320000000000e+00 -6.122046672284731e-02
4.134000000000000e+00 -6.439515909667437e-02
4.216680000000000e+00 -6.738928529406374e-02
4.299360000000000e+00 -6.900113128454022e-02
4.382040000000000e+00 -6.987713545031604e-02
4.464720000000000e+00 -7.105604718425085e-02
4.547400000000001e+00 -7.164993723405355e-02
4.630080000000000e+00 -7.083024253103776e-02
4.712760000000000e+00 -6.968920709225701e-02
4.795440000000000e+00 -6.882759250514159e-02
4.878120000000000e+00 -6.704845094021938e-02
4.960800000000000e+00 -6.406733545781362e-02
5.043480000000001e+00 -6.119417718124276e-02
5.126160000000000e+00 -5.846713877969534e-02
5.208840000000000e+00 -5.463087593816363e-02
5.291520000000000e+00 -5.000558851380066e-02
5.374200000000000e+00 -4.584578141216289e-02
5.456880000000000e+00 -4.162031151898782e-02
5.539560000000000e+00 -3.628185284741414e-02
5.622240000000001e+00 -3.069100722086904e-02
5.704920000000000e+00 -2.578416445318144e-02
5.787600000000000e+00 -2.057569512325408e-02
5.870280000000000e+00 -1.445302653849256e-02
5.952960000000000e+00 -8.638506036041216e-03
6.035640000000000e+00 -3.553513809708031e-03
6.118320000000001e+00 2.027432542611174e-03
6.201000000000001e+00 8.144929486858743e-03
6.283680000000000e+00 1.347301189250949e-02
6.366360000000000e+00 1.819276034876338e-02
6.449040000000000e+00 2.349952292541069e-02
6.531720000000000e+00 2.884700255015205e-02
6.614400000000000e+00 3.308936563953213e-02
6.697080000000001e+00 3.696685686885404e-02
6.779760000000000e+00 4.137819758885453e-02
6.862440000000000e+00 4.530443866962275e-02
6.945120000000000e+00 4.802745997165714e-02
7.027800000000000e+00 5.068008387185108e-02
7.110480000000000e+00 5.366170265623194e-02
7.193160000000001e+00 5.570165911742353e-02
7.275840000000001e+00 5.666532170397998e-02
7.358520000000000e+00 5.782417426128461e-02
7.441200000000000e+00 5.898663810785321e-02
7.523880000000000e+00 5.891012003239049e-02
7.606560000000000e+00 5.807153522459818e-02
7.689240000000001e+00 5.759666395813345e-02
7.771920000000001e+00 5.674461334769598e-02
7.854600000000000e+00 5.457685332755202e-02
7.937280000000000e+00 5.207522126338771e-02
8.019960000000001e+00 4.996949967932995e-02
8.102640000000001e+00 4.713563105529561e-02
8.185320000000001e+00 4.314891316295211e-02
8.268000000000001e+00 3.927888208910679e-02
8.350680000000001e+00 3.569970119659871e-02
8.433360000000000e+00 3.115678893048135e-02
8.516040000000000e+00 2.583555798342663e-02
8.598720000000000e+00 2.101481071889577e-02
8.681400000000000e+00 1.627918502700743e-02
8.764080000000000e+00 1.052481582182674e-02
8.846760000000000e+00 4.509235829319391e-03
8.929440000000000e+00 -7.565169126299010e-04
9.012120000000001e+00 -6.180076397053313e-03
9.094800000000001e+00 -1.246831790489600e-02
9.177480000000001e+00 -1.845383383289667e-02
9.260160000000001e+00 -2.360824887890589e-02
9.342840000000001e+00 -2.912757698970880e-02
9.425520000000001e+00 -3.516446220335889e-02
9.508200000000000e+00 -4.039063701494661e-02
9.590880000000000e+00 -4.486827487716505e-02
9.673560000000000e+00 -4.981865660488205e-02
9.756240000000000e+00 -5.480450605065312e-02
9.838920000000000e+00 -5.861738440826580e-02
9.921600000000000e+00 -6.189106369839714e-02
1.000428000000000e+01 -6.560799425438446e-02
1.008696000000000e+01 -6.883182643788766e-02
1.016964000000000e+01 -7.072674758255959e-02
1.025232000000000e+01 -7.236011594671621e-02
1.033500000000000e+01 -7.426613745152044e-02
1.041768000000000e+01 -7.520507678827149e-02
1.050036000000000e+01 -7.488737216463504e-02
1.058304000000000e+01 -7.458847798460055e-02
1.066572000000000e+01 -7.428152112798281e-02
1.074840000000000e+01 -7.268193551048197e-02
1.083108000000000e+01 -7.010732198266767e-02
1.091376000000000e+01 -6.777561629880646e-02
1.099644000000000e+01 -6.510379672470690e-02
1.107912000000000e+01 -6.103104581530661e-02
1.116180000000000e+01 -5.641944950686228e-02
1.124448000000000e+01 -5.217711806258274e-02
1.132716000000000e+01 -4.728567061793865e-02
1.140984000000000e+01 -4.113290447444706e-02
1.149252000000000e+01 -3.495160631979988e-02
1.157520000000000e+01 -2.915119811397227e-02
1.165788000000000e+01 -2.249087344060785e-02
1.174056000000000e+01 -1.494262333101881e-02
1.182324000000000e+01 -7.858345072819461e-03
1.190592000000000e+01 -1.061974603333127e-03
1.198860000000000e+01 6.646229672037096e-03
1.207128000000000e+01 1.469351707712863e-02
1.215396000000000e+01 2.188923049082625e-02
1.223664000000000e+01 2.895945221271512e-02
1.231932000000000e+01 3.680202688355827e-02
1.240200000000000e+01 4.435364200556813e-02
1.248468000000000e+01 5.083680431993209e-02
1.256736000000000e+01 5.737329000393743e-02
1.265004000000000e+01 6.435689529131372e-02
1.273272000000000e+01 7.045274539970725e-02
1.281540000000000e+01 7.546500812640200e-02
1.289808000000000e+01 8.066708330651140e-02
1.298076000000000e+01 8.585273364905865e-02
1.306344000000000e+01 8.970013934260834e-02
1.314612000000000e+01 9.263971185939290e-02
1.322880000000000e+01 9.581431473236723e-02
1.331148000000000e+01 9.845455185560759e-02
1.339416000000000e+01 9.954025236051078e-02
1.347684000000000e+01 1.000344171540505e-01
1.355952000000000e+01 1.006933773491792e-01
1.364220000000000e+01 1.003507154086036e-01
1.372488000000000e+01 9.851388014610041e-02
1.380756000000000e+01 9.646505908396996e-02
1.389024000000000e+01 9.440531061303359e-02
1.397292000000000e+01 9.103051165532761e-02
1.405560000000000e+01 8.648498628272583e-02
1.413828000000000e+01 8.208586057694822e-02
1.422096000000000e+01 7.743822797582678e-02
1.430364000000000e+01 7.139203046160791e-02
1.438632000000000e+01 6.469502986067310e-02
1.446900000000000e+01 5.841118770896570e-02
1.455168000000000e+01 5.164543397871402e-02
1.463436000000000e+01 4.365700642922676e-02
1.471704000000000e+01 3.563057813117232e-02
1.479972000000000e+01 2.815155999105212e-02
1.488240000000000e+01 2.003123094999837e-02
1.496508000000000e+01 1.109862135721162e-02
1.504776000000000e+01 2.717125597121006e-03
1.513044000000000e+01 -5.120656943077062e-03
1.521312000000000e+01 -1.363104719783770e-02
1.529580000000000e+01 -2.238224686780776e-02
1.537848000000000e+01 -3.012170736909736e-02
1.546116000000000e+01 -3.743318712544530e-02
1.554384000000000e+01 -4.529627868143105e-02
1.562652000000000e+01 -5.277277579953255e-02
1.570920000000000e+01 -5.897919525500106e-02
1.579188000000000e+01 -6.493885128221433e-02
1.587456000000000e+01 -7.118788812934829e-02
1.595724000000000e+01 -7.648168803114852e-02
1.603992000000000e+01 -8.048149627868439e-02
1.612260000000000e+01 -8.442695877614159e-02
1.620528000000000e+01 -8.830127304444313e-02
1.628796000000000e+01 -9.081281034271471e-02
1.637064000000000e+01 -9.222928227348826e-02
1.645332000000000e+01 -9.374475479283062e-02
1.653600000000000e+01 -9.479555481746227e-02
1.661868000000000e+01 -9.430939616715184e-02
1.670136000000000e+01 -9.309958631861104e-02
1.678404000000000e+01 -9.206597404894379e-02
1.686672000000000e+01 -9.021629194342973e-02
1.694940000000000e+01 -8.691932765429633e-02
1.703208000000000e+01 -8.336379130139326e-02
1.711476000000000e+01 -7.996811448084962e-02
1.719744000000000e+01 -7.551876597868956e-02
1.728012000000000e+01 -6.995948162428400e-02
1.736280000000000e+01 -6.460749261152821e-02
1.744548000000000e+01 -5.931154034529973e-02
1.752816000000000e+01 -5.289360878801186e-02
1.761084000000000e+01 -4.589005138275914e-02
1.769352000000000e+01 -3.947077188912318e-02
1.777620000000000e+01 -3.294585834573860e-02
1.785888000000000e+01 -2.542808237468619e-02
1.794156000000000e+01 -1.794031907963112e-02
1.802424000000000e+01 -1.125633414946725e-02
1.810692000000000e+01 -4.295609651564503e-03
1.818960000000000e+01 3.338818059116067e-03
1.827228000000000e+01 1.035012953252257e-02
1.835496000000000e+01 1.652827228733911e-02
1.843764000000000e+01 2.310698617666973e-02
1.852032000000000e+01 2.989580988209928e-02
1.860300000000000e+01 3.560116372332867e-02
1.868568000000000e+01 4.062309709650724e-02
1.876836000000000e+01 4.607200223386543e-02
1.885104000000000e+01 5.120172764095487e-02
1.893372000000000e+01 5.500404360566846e-02
1.901640000000000e+01 5.840012945294815e-02
1.909908000000000e+01 6.212397706529293e-02
1.918176000000000e+01 6.503184250977823e-02
1.926444000000000e+01 6.662367844362882e-02
1.934712000000000e+01 6.813515126330383e-02
1.942980000000000e+01 6.975418926207810e-02
1.951248000000000e+01 7.019041516320090e-02
1.959516000000000e+01 6.956327690689224e-02
1.967784000000000e+01 6.914541465859281e-02
1.976052000000000e+01 6.853329541011810e-02
1.984320000000000e+01 6.657663017071369e-02
1.992588000000000e+01 6.398805135718100e-02
2.000856000000000e+01 6.179308534007633e-02
2.009124000000000e+01 5.908627107710618e-02
2.017392000000000e+01 5.511386726497480e-02
2.025660000000000e+01 5.102460639472395e-02
2.033928000000000e+01 4.737128136833313e-02
2.042196000000000e+01 4.294906014552491e-02
2.050464000000000e+01 3.756898876042769e-02
2.058732000000000e+01 3.256523741381390e-02
2.067000000000000e+01 2.790025289111286e-02
2.075268000000000e+01 2.233767548367904e-02
2.083536000000000e+01 1.629728734246971e-02
2.091804000000000e+01 1.101156121654578e-02
2.100072000000000e+01 5.866103518224697e-03
2.108340000000000e+01 -1.345855621346370e-04
2.116608000000000e+01 -6.049447968983768e-03
2.124876000000000e+01 -1.100861260093078e-02
2.133144000000000e+01 -1.606539514780148e-02
2.141412000000000e+01 -2.175671322193173e-02
2.149680000000000e+01 -2.681769002055368e-02
2.157948000000000e+01 -3.092138770168906e-02
2.166216000000000e+01 -3.533058130004518e-02
2.174484000000000e+01 -4.000573915779082e-02
2.182752000000000e+01 -4.362212428397849e-02
2.191020000000000e+01 -4.646010315021798e-02
2.199288000000000e+01 -4.972134002926776e-02
2.207556000000000e+01 -5.279477919289632e-02
2.215824000000000e+01 -5.457077221313467e-02
2.224092000000000e+01 -5.587475114948703e-02
2.232360000000000e+01 -5.759257246448501e-02
2.240628000000000e+01 -5.866681234147131e-02
2.248896000000000e+01 -5.843264669668080e-02
2.257164000000000e+01 -5.808657527820760e-02
2.265432000000000e+01 -5.801209576815203e-02
2.273700000000000e+01 -5.692427826305180e-02
2.281968000000000e+01 -5.474138577441523e-02
2.290236000000000e+01 -5.278182349824811e-02
2.298504000000000e+01 -5.084616032227829e-02
2.306772000000000e+01 -4.768963778300461e-02
2.315040000000000e+01 -4.383250983400611e-02
2.323308000000000e+01 -4.044176468855132e-02
2.331576000000000e+01 -3.677696789460927e-02
2.339844000000000e+01 -3.189537443520951e-02
2.348112000000000e+01 -2.681435710317126e-02
2.356380000000000e+01 -2.230775609342828e-02
2.364648000000000e+01 -1.725063847086605e-02
2.372916000000000e+01 -1.120414280090609e-02
2.381184000000000e+01 -5.474208556433546e-03
2.389452000000000e+01 -2.813774651637679e-04
2.397720000000000e+01 5.643918695724448e-03
2.405988000000000e+01 1.213797487055190e-02
2.414256000000000e+01 1.787714520574746e-02
2.422524000000000e+01 2.323830979014374e-02
2.430792000000000e+01 2.936164730085278e-02
2.439060000000000e+01 3.550876201180420e-02
2.447328000000000e+01 4.061606708933096e-02
2.455596000000000e+01 4.557454453093868e-02
2.463864000000000e+01 5.114496073125496e-02
2.472132000000000e+01 5.616634045751923e-02
2.480400000000000e+01 6.006085906126668e-02
2.488668000000000e+01 6.403815116747669e-02
2.496936000000000e+01 6.830906083888155e-02
2.505204000000000e+01 7.153706030009832e-02
2.513472000000000e+01 7.375348309255536e-02
2.521740000000000e+01 7.621966614764175e-02
2.530008000000000e+01 7.854594602967191e-02
2.538276000000000e+01 7.951025517582810e-02
2.546544000000000e+01 7.974455725096008e-02
2.554812000000000e+01 8.028206342522615e-02
2.563080000000000e+01 8.021663953100211e-02
2.571348000000000e+01 7.870944954308434e-02
2.579616000000000e+01 7.685218514411962e-02
2.587884000000000e+01 7.522109502509711e-02
2.596152000000000e+01 7.259566192646816e-02
2.604420000000000e+01 6.870609543113115e-02
2.612688000000000e+01 6.486129252675998e-02
2.620956000000000e+01 6.105609269226531e-02
2.629224000000000e+01 5.603015591956551e-02
2.637492000000000e+01 5.014216594513077e-02
2.645760000000000e+01 4.462967097725945e-02
2.654028000000000e+01 3.891470144897469e-02
2.662296000000000e+01 3.198026428858591e-02
2.670564000000000e+01 2.473322892548413e-02
2.678832000000000e+01 1.807172325996098e-02
2.687100000000000e+01 1.098266321570962e-02
2.695368000000000e+01 2.918606233039411e-03
2.703636000000000e+01 -4.865140339596952e-03
2.711904000000000e+01 -1.199738760833624e-02
2.720172000000000e+01 -1.969446011123188e-02
2.728440000000000e+01 -2.791524085111075e-02
2.736708000000000e+01 -3.532759904012006e-02
2.744976000000000e+01 -4.215558887196158e-02
2.753244000000000e+01 -4.954806638201126e-02
2.761512000000000e+01 -5.688664596239612e-02
2.769780000000000e+01 -6.304442265255383e-02
2.778048000000000e+01 -6.878026900280609e-02
2.786316000000000e+01 -7.492661039374016e-02
2.794584000000000e+01 -8.042219821665597e-02
2.802852000000000e+01 -8.457813187835517e-02
2.811120000000000e+01 -8.851764613305502e-02
2.819388000000000e+01 -9.258101476478686e-02
2.827656000000000e+01 -9.548910690617674e-02
2.835924000000000e+01 -9.712913150328684e-02
2.844192000000000e+01 -9.874764632331812e-02
2.852460000000000e+01 -1.001232253550679e-01
2.860728000000000e+01 -1.000261786992110e-01
2.868996000000000e+01 -9.893913684775346e-02
2.877264000000000e+01 -9.797046304380341e-02
2.885532000000000e+01 -9.638435825229363e-02
2.893800000000000e+01 -9.325681198123015e-02
2.902068000000000e+01 -8.956524470577587e-02
2.910336000000000e+01 -8.604908247277177e-02
2.918604000000000e+01 -8.161149956519087e-02
2.926872000000000e+01 -7.582966031450733e-02
2.935140000000000e+01 -6.997530820926956e-02
2.943408000000000e+01 -6.426367137332123e-02
2.951676000000000e+01 -5.746677294087532e-02
2.959944000000000e+01 -4.975890443791364e-02
2.968212000000000e+01 -4.244373628214615e-02
2.976480000000000e+01 -3.516433841652644e-02
2.984748000000000e+01 -2.682397370656253e-02
2.993016000000000e+01 -1.816850459365793e-02
3.001284000000000e+01 -1.025997176959759e-02
3.009552000000000e+01 -2.241819444434467e-03
3.017820000000000e+01 6.609322121507111e-03
3.026088000000000e+01 1.512303308294527e-02
3.034356000000000e+01 2.270731000299608e-02
3.042624000000000e+01 3.053546648270389e-02
3.050892000000000e+01 3.878864018799877e-02
3.059160000000000e+01 4.611509538174396e-02
3.067428000000000e+01 5.252475261867118e-02
3.075696000000000e+01 5.924959703895305e-02
3.083964000000000e+01 6.587468298552446e-02
3.092232000000000e+01 7.115749469561572e-02
3.100500000000000e+01 7.571142686693122e-02
3.108768000000000e+01 8.054956538653446e-02
3.117036000000000e+01 8.474042512663349e-02
3.125304000000000e+01 8.742435707142593e-02
3.133572000000000e+01 8.968432247608726e-02
3.141840000000000e+01 9.208211214133721e-02
3.150108000000000e+01 9.336947634662374e-02
3.158376000000000e+01 9.326212098853559e-02
3.166644000000000e+01 9.307139318208713e-02
3.174912000000000e+01 9.277721793575522e-02
3.183180000000000e+01 9.109034221538115e-02
3.191448000000000e+01 8.836653733582711e-02
3.199716000000000e+01 8.585308236282929e-02
3.207984000000000e+01 8.295144186412717e-02
3.216252000000000e+01 7.861850195964681e-02
3.224520000000000e+01 7.377173295055195e-02
3.232788000000000e+01 6.931954843545529e-02
3.241056000000000e+01 6.422056734499659e-02
3.249324000000000e+01 5.790911571962976e-02
3.257592000000000e+01 5.166296303500428e-02
3.265860000000000e+01 4.585739116087995e-02
3.274128000000000e+01 3.924171954574607e-02
3.282396000000000e+01 3.185142065509439e-02
3.290664000000000e+01 2.504863699753834e-02
3.298932000000000e+01 1.860261666848118e-02
3.307200000000000e+01 1.132906413420720e-02
3.315468000000000e+01 3.856450149060553e-03
3.323736000000000e+01 -2.656445937954888e-03
3.332004000000000e+01 -8.987114291875264e-03
3.340272000000000e+01 -1.599743283123822e-02
3.348540000000000e+01 -2.259966211502240e-02
3.356808000000000e+01 -2.807682617023488e-02
3.365076000000000e+01 -3.357990809936662e-02
3.373344000000000e+01 -3.946539165575458e-02
3.381612000000000e+01 -4.441354122325603e-02
3.389880000000000e+01 -4.829141997326447e-02
3.398148000000000e+01 -5.237642369717288e-02
3.406416000000000e+01 -5.644496384468334e-02
3.414684000000000e+01 -5.921748157832585e-02
3.422952000000000e+01 -6.116573876503806e-02
3.431220000000000e+01 -6.342471370314529e-02
3.439488000000000e+01 -6.523690243957303e-02
3.447756000000000e+01 -6.562503944914677e-02
3.456024000000000e+01 -6.556331106583035e-02
3.464292000000000e+01 -6.580778248115327e-02
3.472560000000000e+01 -6.522345700465648e-02
3.480828000000000e+01 -6.333575965828786e-02
3.489096000000000e+01 -6.141763047603810e-02
3.497364000000000e+01 -5.968914494947009e-02
3.505632000000000e+01 -5.687335568882002e-02
3.513900000000000e+01 -5.309710182270122e-02
3.522168000000000e+01 -4.966757040023428e-02
3.530436000000000e+01 -4.622342821028602e-02
3.538704000000000e+01 -4.161371569360417e-02
3.546972000000000e+01 -3.654251847616163e-02
3.555240000000000e+01 -3.207899207198173e-02
3.563508000000000e+01 -2.735772334852138e-02
3.571776000000000e+01 -2.159938274786921e-02
3.580044000000000e+01 -1.594065652798649e-02
3.588312000000000e+01 -1.098897241587882e-02
3.596580000000000e+01 -5.561275072601179e-03
3.604848000000000e+01 5.793779694159840e-04
3.613116000000000e+01 6.101475961288960e-03
3.621384000000000e+01 1.098596932093454e-02
3.629652000000000e+01 1.647556719218446e-02
3.637920000000000e+01 2.220815886832483e-02
3.646188000000000e+01 2.693979189972284e-02
3.654456000000000e+01 3.123995153778192e-02
3.662724000000000e+01 3.613657902386558e-02
3.670992000000000e+01 4.074183730428571e-02
3.679260000000000e+01 4.416585252234462e-02
3.687528000000000e+01 4.743795601032119e-02
3.695796000000000e+01 5.114164136688049e-02
3.704064000000000e+01 5.405380732041276e-02
3.712332000000000e+01 5.583016603746105e-02
3.720600000000000e+01 5.772929273362781e-02
3.728868000000000e+01 5.975827122020638e-02
3.737136000000000e+01 6.062605405084653e-02
3.745404000000000e+01 6.060672428888902e-02
3.753672000000000e+01 6.090668832793966e-02
3.761940000000000e+01 6.095391106206993e-02
3.770208000000000e+01 5.967439418511844e-02
3.778476000000000e+01 5.789744640851013e-02
3.786744000000000e+01 5.650874256177119e-02
3.795012000000000e+01 5.448540122026380e-02
3.803280000000000e+01 5.120887712002742e-02
3.811548000000001e+01 4.787864720742230e-02
3.819816000000000e+01 4.486492660768793e-02
3.828084000000000e+01 4.092424236339942e-02
3.836352000000000e+01 3.603143436460043e-02
3.844620000000000e+01 3.149129348863577e-02
3.852888000000000e+01 2.708120718870521e-02
3.861156000000000e+01 2.161656599720063e-02
3.869424000000000e+01 1.567252677433140e-02
3.877692000000000e+01 1.037451240548215e-02
3.885960000000000e+01 4.962821375128712e-03
3.894228000000000e+01 -1.423242334659625e-03
3.902496000000000e+01 -7.732481212420650e-03
3.910764000000000e+01 -1.326010804986522e-02
3.919032000000000e+01 -1.912920848187905e-02
3.927300000000000e+01 -2.568495029986506e-02
3.935568000000000e+01 -3.162623536710663e-02
3.943836000000000e+01 -3.681516397167295e-02
3.952104000000000e+01 -4.248783042156801e-02
3.960372000000000e+01 -4.839652156225627e-02
3.968640000000000e+01 -5.326732251800526e-02
3.976908000000000e+01 -5.755174390472761e-02
3.985176000000000e+01 -6.232842813091111e-02
3.993444000000000e+01 -6.680796110600218e-02
4.001712000000000e+01 -7.001172335085659e-02
4.009980000000000e+01 -7.287852110651649e-02
4.018248000000000e+01 -7.609729341254290e-02
4.026516000000000e+01 -7.850293336048875e-02
4.034784000000001e+01 -7.961581725891842e-02
4.043052000000000e+01 -8.066027934575348e-02
4.051320000000000e+01 -8.178902967149504e-02
4.059588000000000e+01 -8.170534426716625e-02
4.067856000000000e+01 -8.052786997985040e-02
4.076124000000000e+01 -7.950877416784863e-02
4.084392000000000e+01 -7.823187286640287e-02
4.092660000000000e+01 -7.554012878872518e-02
4.100928000000000e+01 -7.212719107651733e-02
4.109196000000000e+01 -6.901218308203150e-02
4.117464000000000e+01 -6.529623108782423e-02
4.125732000000000e+01 -6.020589368236429e-02
4.134000000000000e+01 -5.486958394643449e-02
4.142268000000000e+01 -4.986123803466658e-02
4.150536000000000e+01 -4.398675766564730e-02
4.158804000000000e+01 -3.702399518095445e-02
4.167072000000000e+01 -3.030625184109348e-02
4.175340000000000e+01 -2.384134519885206e-02
4.183608000000000e+01 -1.639198849714329e-02
4.191876000000000e+01 -8.343818101817613e-03
4.200144000000000e+01 -9.600126618506399e-04
4.208412000000000e+01 6.321448091583859e-03
4.216680000000000e+01 1.451447353502222e-02
4.224948000000000e+01 2.269523385415373e-02
4.233216000000000e+01 2.993596129418019e-02
4.241484000000001e+01 3.725087930913829e-02
4.249752000000000e+01 4.520494732376368e-02
4.258020000000000e+01 5.252231344517344e-02
4.266288000000000e+01 5.881014181195365e-02
4.274556000000000e+01 6.531654799494391e-02
4.282824000000000e+01 7.202378487461347e-02
4.291092000000000e+01 7.757190854950224e-02
4.299360000000000e+01 8.219086435612932e-02
4.307628000000000e+01 8.708797305132121e-02
4.315896000000000e+01 9.165523575170553e-02
4.324164000000000e+01 9.474245797497416e-02
4.332432000000000e+01 9.715459852213826e-02
4.340700000000000e+01 9.978781108657098e-02
4.348968000000000e+01 1.015698696953731e-01
4.357236000000000e+01 1.018140304006649e-01
4.365504000000000e+01 1.017236330543082e-01
4.373772000000000e+01 1.016811435688628e-01
4.382040000000000e+01 1.003847614931019e-01
4.390308000000000e+01 9.776461878690168e-02
4.398576000000000e+01 9.515573244565823e-02
4.406844000000000e+01 9.234161558512677e-02
4.415112000000000e+01 8.808076419920130e-02
4.423380000000000e+01 8.293598494183763e-02
4.431648000000000e+01 7.807949446261631e-02
4.439916000000000e+01 7.274848731058414e-02
4.448184000000001e+01 6.603839087119223e-02
4.456452000000000e+01 5.901951216029921e-02
4.464720000000001e+01 5.244810480228157e-02
4.472988000000000e+01 4.519124576290878e-02
4.481256000000000e+01 3.688009814261983e-02
4.489524000000000e+01 2.885771400344650e-02
4.497792000000000e+01 2.130940919663404e-02
4.506060000000000e+01 1.298755402101837e-02
4.514328000000000e+01 4.136602721254157e-03
4.522596000000000e+01 -3.915850202458770e-03
4.530864000000000e+01 -1.158172709028016e-02
4.539132000000000e+01 -1.994937050043144e-02
4.547400000000000e+01 -2.821742569735952e-02
4.555668000000000e+01 -3.535073283624757e-02
4.563936000000000e+01 -4.225686007963247e-02
4.572204000000000e+01 -4.963260083472842e-02
4.580472000000000e+01 -5.629232132830209e-02
4.588740000000000e+01 -6.170178993177433e-02
4.597008000000000e+01 -6.706259077554333e-02
4.605276000000000e+01 -7.253598260648775e-02
4.613544000000000e+01 -7.680058648907062e-02
4.621812000000000e+01 -7.992422153620682e-02
4.630080000000000e+01 -8.314620352827229e-02
4.638348000000000e+01 -8.606198479148797e-02
4.646616000000000e+01 -8.748684161749309e-02
4.654884000000000e+01 -8.806857084851027e-02
4.663152000000000e+01 -8.882561930345800e-02
4.671420000000001e+01 -8.887376643659450e-02
4.679688000000000e+01 -8.740772139676278e-02
4.687956000000001e+01 -8.551715279905070e-02
4.696224000000000e+01 -8.378897848732825e-02
4.704492000000000e+01 -8.104366187868839e-02
4.712760000000000e+01 -7.702182813429115e-02
4.721028000000000e+01 -7.302835112974049e-02
4.729296000000000e+01 -6.909689660226548e-02
4.737564000000000e+01 -6.399966090342657e-02
4.745832000000000e+01 -5.808013324674921e-02
4.754100000000000e+01 -5.258679140571643e-02
4.762368000000000e+01 -4.699286738133146e-02
4.770636000000000e+01 -4.028395260822026e-02
4.778904000000000e+01 -3.333967668377880e-02
4.787172000000000e+01 -2.708938760930046e-02
4.795440000000000e+01 -2.055804985909870e-02
4.803708000000000e+01 -1.316721666913834e-02
4.811976000000000e+01 -6.151603354893287e-03
4.820244000000000e+01 7.716743803076742e-05
4.828512000000000e+01 6.730383486043490e-03
4.836780000000000e+01 1.381664370856983e-02
4.845048000000000e+01 2.000748489247095e-02
4.853316000000000e+01 2.549811612663599e-02
4.861584000000000e+01 3.146721114022699e-02
4.869852000000000e+01 3.734211925667796e-02
4.878120000000001e+01 4.198780071217478e-02
4.886388000000000e+01 4.616237312670601e-02
4.894656000000001e+01 5.074545337326419e-02
4.902924000000000e+01 5.470185965344276e-02
4.911192000000000e+01 5.733902421383685e-02
4.919460000000000e+01 5.980762575081966e-02
4.927728000000000e+01 6.248629701487685e-02
4.935996000000000e+01 6.410286350513761e-02
4.944264000000000e+01 6.456029219731385e-02
4.952532000000000e+01 6.514250800293220e-02
4.960800000000000e+01 6.563838243735598e-02
4.969068000000000e+01 6.482082609739215e-02
4.977336000000000e+01 6.320919518226054e-02
4.985604000000000e+01 6.193218696221814e-02
4.993872000000000e+01 6.023492142716069e-02
5.002140000000000e+01 5.720913190910437e-02
5.010408000000000e+01 5.387457549514585e-02
5.018676000000000e+01 5.095381403713672e-02
5.026944000000000e+01 4.731779997956354e-02
5.035212000000000e+01 4.257985518820795e-02
5.043480000000000e+01 3.803510225918905e-02
5.051748000000000e+01 3.384309285266152e-02
5.060016000000000e+01 2.875337920532861e-02
5.068284000000000e+01 2.298792154831231e-02
5.076552000000000e+01 1.783526954936876e-02
5.084820000000001e+01 1.286194947690289e-02
5.093088000000000e+01 6.973774273937527e-03
5.101356000000001e+01 9.556130070698110e-04
5.109624000000000e+01 -4.186576574348622e-03
5.117892000000001e+01 -9.379422912284552e-03
5.126160000000000e+01 -1.531982037052193e-02
5.134428000000000e+01 -2.082581841809306e-02
5.142696000000000e+01 -2.538540640764997e-02
5.150964000000000e+01 -3.021386463295161e-02
5.159232000000000e+01 -3.545742214081971e-02
5.167500000000000e+01 -3.978537846230645e-02
5.175768000000000e+01 -4.328382183390922e-02
5.184036000000000e+01 -4.719365687960531e-02
5.192304000000000e+01 -5.107540615701389e-02
5.200572000000000e+01 -5.372732950258818e-02
5.208840000000000e+01 -5.581167911696749e-02
5.217108000000000e+01 -5.832969902852858e-02
5.225376000000000e+01 -6.034499809697114e-02
5.233644000000000e+01 -6.103455300086524e-02
5.241912000000000e+01 -6.149578307711878e-02
5.250180000000000e+01 -6.227766419207503e-02
5.258448000000000e+01 -6.214005166732905e-02
5.266716000000000e+01 -6.080999421037825e-02
5.274984000000000e+01 -5.959042395396097e-02
5.283252000000000e+01 -5.846135211425507e-02
5.291520000000000e+01 -5.613649281298339e-02
5.299788000000000e+01 -5.295158035418812e-02
5.308056000000001e+01 -5.014412528315815e-02
5.316324000000000e+01 -4.712808768997612e-02
5.324592000000001e+01 -4.284056770250344e-02
5.332860000000000e+01 -3.815978111636920e-02
5.341128000000000e+01 -3.400085675589126e-02
5.349396000000000e+01 -2.933409151769073e-02
5.357664000000000e+01 -2.354613224565927e-02
5.365932000000000e+01 -1.787913025482735e-02
5.374200000000000e+01 -1.273560189838652e-02
5.382468000000000e+01 -6.859892261183553e-03
5.390736000000000e+01 -2.234278696344738e-04
5.399004000000000e+01 5.823507150708340e-03
5.407272000000000e+01 1.147436166170168e-02
5.415540000000000e+01 1.794182331388061e-02
5.423808000000000e+01 2.465575785981589e-02
5.432076000000000e+01 3.043914997757202e-02
5.440344000000000e+01 3.603861963322863e-02
5.448612000000000e+01 4.235994871481230e-02
5.456880000000000e+01 4.834798412915398e-02
5.465148000000000e+01 5.324723217430793e-02
5.473416000000000e+01 5.819510657821236e-02
5.481684000000000e+01 6.358896170302197e-02
5.489952000000000e+01 6.810935137741581e-02
5.498220000000000e+01 7.158330002413726e-02
5.506488000000000e+01 7.528975644733038e-02
5.514756000000001e+01 7.902499102924720e-02
5.523024000000000e+01 8.148798674290281e-02
5.531292000000001e+01 8.312466247391248e-02
5.539560000000000e+01 8.507291919294369e-02
5.547828000000001e+01 8.656824646959282e-02
5.556096000000000e+01 8.661152268269179e-02
5.564364000000000e+01 8.616854648780403e-02
5.572632000000000e+01 8.598378209702229e-02
5.580900000000000e+01 8.489941031220705e-02
5.589168000000000e+01 8.243827216297350e-02
5.597436000000000e+01 7.987199775296228e-02
5.605704000000000e+01 7.738802119691401e-02
5.613972000000000e+01 7.369345734681265e-02
5.622240000000000e+01 6.893848558618898e-02
5.630508000000000e+01 6.441972780925853e-02
5.638776000000000e+01 5.973124601627833e-02
5.647044000000000e+01 5.373477998221565e-02
5.655312000000000e+01 4.717382625410649e-02
5.663580000000000e+01 4.108711648894847e-02
5.671848000000000e+01 3.457385856083994e-02
5.680116000000000e+01 2.690417058469552e-02
5.688384000000000e+01 1.925027816375013e-02
5.696652000000000e+01 1.217263631366472e-02
5.704920000000000e+01 4.483671336253159e-03
5.713188000000000e+01 -3.978086421573157e-03
5.721456000000001e+01 -1.186715112267700e-02
5.729724000000000e+01 -1.921157619900193e-02
5.737992000000001e+01 -2.721870146224403e-02
5.746260000000000e+01 -3.544893021554996e-02
5.754528000000001e+01 -4.267074832350592e-02
5.762796000000000e+01 -4.948099628898506e-02
5.771064000000001e+01 -5.684237048918250e-02
5.779332000000000e+01 -6.381178837921853e-02
5.787600000000000e+01 -6.952793900451637e-02
5.795868000000000e+01 -7.501705001046355e-02
5.804136000000000e+01 -8.079216531319244e-02
5.812404000000000e+01 -8.560889101778246e-02
5.820672000000000e+01 -8.914950107774888e-02
5.828940000000000e+01 -9.264510901955225e-02
5.837208000000000e+01 -9.605360232892879e-02
5.845476000000000e+01 -9.809073276550062e-02
5.853744000000000e+01 -9.904133499377443e-02
5.862012000000000e+01 -1.000805344035425e-01
5.870280000000000e+01 -1.006226836741284e-01
5.878548000000000e+01 -9.961062171952983e-02
5.886816000000000e+01 -9.786835351018519e-02
5.895084000000000e+01 -9.627009046470336e-02
5.903352000000000e+01 -9.381023445604719e-02
5.911620000000000e+01 -8.987901140415699e-02
5.919888000000000e+01 -8.566825242661580e-02
5.928156000000001e+01 -8.156952932857253e-02
5.936424000000000e+01 -7.636786509560489e-02
5.944692000000001e+01 -7.003191243501283e-02
5.952960000000000e+01 -6.387521370490234e-02
5.961228000000001e+01 -5.772379341350053e-02
5.969496000000000e+01 -5.041045291989321e-02
5.977764000000001e+01 -4.249690482287838e-02
5.986032000000000e+01 -3.514462215242820e-02
5.994300000000000e+01 -2.764862451221439e-02
6.002568000000000e+01 -1.914282457047423e-02
6.010836000000000e+01 -1.067342523624526e-02
6.019104000000000e+01 -3.002981396936111e-03
6.027372000000000e+01 4.955374403613821e-03
6.035640000000000e+01 1.357019420198480e-02
6.043908000000000e+01 2.152550781566942e-02
6.052176000000000e+01 2.862447610553898e-02
6.060444000000000e+01 3.609905878657815e-02
6.068712000000000e+01 4.372651003675365e-02
6.076980000000000e+01 5.020087202374046e-02
6.085248000000000e+01 5.593760634782385e-02
6.093516000000000e+01 6.203821866302317e-02
6.101784000000000e+01 6.772432754397339e-02
6.110052000000000e+01 7.198530568291439e-02
6.118320000000000e+01 7.575973972650318e-02
6.126588000000000e+01 7.976664330085736e-02
6.134856000000000e+01 8.283507486545250e-02
6.143124000000000e+01 8.447516931597010e-02
6.151392000000001e+01 8.594012455651945e-02
6.159660000000000e+01 8.739854929492241e-02
6.167928000000001e+01 8.754354200825687e-02
6.176196000000000e+01 8.651724630893431e-02
6.184464000000001e+01 8.560662205524683e-02
6.192732000000000e+01 8.438796640202118e-02
6.201000000000001e+01 8.170955605970054e-02
6.209268000000000e+01 7.831524473119267e-02
6.217536000000000e+01 7.523867480319113e-02
6.225804000000000e+01 7.155840054918194e-02
6.234072000000000e+01 6.653503511735859e-02
6.242340000000000e+01 6.135004935650223e-02
6.250608000000000e+01 5.655754049859929e-02
6.258876000000000e+01 5.094550946426990e-02
6.267144000000000e+01 4.435087275987259e-02
6.275412000000000e+01 3.813485867214095e-02
6.283680000000000e+01 3.225669957246213e-02
6.291948000000000e+01 2.548329285966178e-02
6.300216000000000e+01 1.826380508758274e-02
6.308484000000000e+01 1.184769627561411e-02
6.316752000000000e+01 5.616453855692205e-03
6.325020000000000e+01 -1.414533980304666e-03
6.333288000000000e+01 -8.279777241549269e-03
6.341556000000000e+01 -1.410283691799474e-02
6.349824000000000e+01 -1.993965078666471e-02
6.358092000000001e+01 -2.631473997123546e-02
6.366360000000000e+01 -3.194930702528520e-02
6.374628000000001e+01 -3.651767962557717e-02
6.382896000000000e+01 -4.128413271175768e-02
6.391164000000001e+01 -4.620169563612153e-02
6.399432000000000e+01 -4.994332420233394e-02
6.407700000000000e+01 -5.279529747551426e-02
6.415968000000001e+01 -5.596224287011364e-02
6.424236000000001e+01 -5.883440072247403e-02
6.432504000000000e+01 -6.030892607602656e-02
6.440772000000000e+01 -6.121974764219251e-02
6.449040000000001e+01 -6.245973850396147e-02
6.457308000000000e+01 -6.298134343551709e-02
6.465576000000000e+01 -6.213174885178951e-02
6.473844000000000e+01 -6.111759623110646e-02
6.482112000000001e+01 -6.033391820084244e-02
6.490380000000000e+01 -5.851115350693559e-02
6.498648000000000e+01 -5.558127924088441e-02
6.506916000000000e+01 -5.287335470662535e-02
6.515184000000001e+01 -5.020190002444547e-02
6.523452000000000e+01 -4.633926677103395e-02
6.531720000000000e+01 -4.181832083892423e-02
6.539988000000000e+01 -3.781476877588807e-02
6.548256000000001e+01 -3.360140495594377e-02
6.556524000000000e+01 -2.825153161173499e-02
6.564792000000000e+01 -2.279105928968561e-02
6.573060000000001e+01 -1.799727644650273e-02
6.581328000000001e+01 -1.275581961458938e-02
6.589596000000000e+01 -6.640941193430061e-03
6.597864000000000e+01 -9.592999544708602e-04
6.606132000000001e+01 4.072597217519847e-03
6.614400000000001e+01 9.716031939452363e-03
6.622668000000000e+01 1.579928808579434e-02
6.630936000000000e+01 2.100944125950355e-02
6.639204000000001e+01 2.573384194734596e-02
6.647472000000000e+01 3.110493281960702e-02
6.655740000000000e+01 3.638473720744329e-02
6.664008000000000e+01 4.053305042017763e-02
6.672276000000001e+01 4.445303092782338e-02
6.680544000000000e+01 4.889743151763759e-02
6.688812000000000e+01 5.271774908142057e-02
6.697080000000000e+01 5.536893288715639e-02
6.705348000000001e+01 5.806812163728481e-02
6.713616000000000e+01 6.101957246463574e-02
6.721884000000000e+01 6.291277325508560e-02
6.730152000000000e+01 6.381345649294468e-02
6.738420000000001e+01 6.498112734463890e-02
6.746688000000000e+01 6.602465863157969e-02
6.754956000000000e+01 6.575863593424736e-02
6.763224000000000e+01 6.484145650387774e-02
6.771492000000001e+01 6.429465581811167e-02
6.779760000000000e+01 6.321893956570179e-02
6.788028000000000e+01 6.081535116023951e-02
6.796296000000001e+01 5.818663510992061e-02
6.804564000000001e+01 5.589102023768167e-02
6.812832000000000e+01 5.272321014249903e-02
6.821100000000000e+01 4.844722156983339e-02
6.829368000000001e+01 4.436526929250884e-02
6.837636000000001e+01 4.045286122266067e-02
6.845904000000000e+01 3.546964823145982e-02
6.854172000000000e+01 2.979473874253125e-02
6.862440000000001e+01 2.464405942215642e-02
6.870708000000000e+01 1.942273353170831e-02
6.878976000000000e+01 1.313318522477847e-02
6.887244000000000e+01 6.686686553480814e-03
6.895512000000001e+01 9.503795515313218e-04
6.903780000000000e+01 -5.101987338878677e-03
6.912048000000000e+01 -1.200306056071920e-02
6.920316000000000e+01 -1.850717332528440e-02
6.928584000000001e+01 -2.427797907393814e-02
6.936852000000000e+01 -3.054126979748284e-02
6.945120000000000e+01 -3.724665640798519e-02
6.953388000000000e+01 -4.308138521586036e-02
6.961656000000001e+01 -4.830414128762028e-02
6.969924000000000e+01 -5.406903716780331e-02
6.978192000000000e+01 -5.975223547489472e-02
6.986460000000001e+01 -6.425187388226494e-02
6.994728000000001e+01 -6.835810410754639e-02
7.002996000000000e+01 -7.290249107904812e-02
7.011264000000000e+01 -7.682006119093099e-02
7.019532000000001e+01 -7.944985953987294e-02
7.027800000000001e+01 -8.193965018507976e-02
7.036068000000000e+01 -8.462047040050602e-02
7.044336000000000e+01 -8.621072328389068e-02
7.052604000000001e+01 -8.662633334320635e-02
7.060872000000001e+01 -8.712771611100767e-02
7.069140000000000e+01 -8.747531531539432e-02
7.077408000000000e+01 -8.643971850324372e-02
7.085676000000001e+01 -8.453028640706794e-02
7.093944000000000e+01 -8.285537162212708e-02
7.102212000000000e+01 -8.065482141836899e-02
7.110480000000000e+01 -7.700968191282931e-02
7.118748000000001e+01 -7.291838126584582e-02
7.127016000000000e+01 -6.910593985422264e-02
7.135284000000000e+01 -6.445041124677264e-02
7.143552000000000e+01 -5.853949987982143e-02
7.151820000000001e+01 -5.265659561011016e-02
7.160088000000000e+01 -4.699140895819354e-02
7.168356000000000e+01 -4.029621669943695e-02
7.176624000000000e+01 -3.275980859438232e-02
7.184892000000001e+01 -2.568639831754527e-02
7.193160000000000e+01 -1.868883982971814e-02
7.201428000000000e+01 -1.066035549017130e-02
7.209696000000001e+01 -2.362188214433125e-03
7.217964000000001e+01 5.152876443437426e-03
7.226232000000000e+01 1.276903876744384e-02
7.234500000000000e+01 2.120889146793470e-02
7.242768000000001e+01 2.928875725326952e-02
7.251036000000001e+01 3.643177074015480e-02
7.259304000000000e+01 4.383076928819496e-02
7.267572000000000e+01 5.165711523872885e-02
7.275840000000001e+01 5.854959601577736e-02
7.284108000000001e+01 6.453442203759896e-02
7.292376000000000e+01 7.085261205638504e-02
7.300644000000000e+01 7.707381110341771e-02
7.308912000000001e+01 8.195005507568598e-02
7.317180000000000e+01 8.610856380397280e-02
7.325448000000000e+01 9.056160021041482e-02
7.333716000000000e+01 9.436027181991968e-02
7.341984000000001e+01 9.664324050316808e-02
7.350252000000000e+01 9.850316660637770e-02
7.358520000000000e+01 1.004936603741482e-01
7.366788000000000e+01 1.013505382097925e-01
7.375056000000001e+01 1.007915374739315e-01
7.383324000000000e+01 1.001334153843455e-01
7.391592000000000e+01 9.934396077480268e-02
7.399860000000000e+01 9.712280964631892e-02
7.408128000000001e+01 9.383144617358974e-02
7.416396000000000e+01 9.071875292804665e-02
7.424664000000000e+01 8.717409920384456e-02
7.432932000000001e+01 8.215090217604903e-02
7.441200000000001e+01 7.657508072652419e-02
7.449468000000000e+01 7.135375704143920e-02
7.457736000000000e+01 6.543786552051278e-02
7.466004000000001e+01 5.826698284637322e-02
7.474272000000001e+01 5.112778406377538e-02
7.482540000000000e+01 4.439320107944755e-02
7.490808000000000e+01 3.681304620976023e-02
7.499076000000001e+01 2.843487497079500e-02
7.507344000000001e+01 2.062742865294598e-02
7.515612000000000e+01 1.315957616309782e-02
7.523880000000000e+01 4.857119671609844e-03
7.532148000000001e+01 -3.637377485739668e-03
7.540416000000000e+01 -1.116242063436534e-02
7.548684000000000e+01 -1.849055997318783e-02
7.556952000000000e+01 -2.646629097214992e-02
7.565220000000001e+01 -3.399176084410294e-02
7.573488000000000e+01 -4.035040393307188e-02
7.581756000000000e+01 -4.668113716276867e-02
7.590024000000000e+01 -5.332164151590457e-02
7.598292000000001e+01 -5.895055844694863e-02
7.606560000000000e+01 -6.343580869360610e-02
7.614828000000000e+01 -6.803693733254335e-02
7.623096000000001e+01 -7.251741378943499e-02
7.631364000000001e+01 -7.560567103139704e-02
7.639632000000000e+01 -7.777194938667253e-02
7.647900000000000e+01 -8.013211446037027e-02
7.656168000000001e+01 -8.192726371636760e-02
7.664436000000001e+01 -8.219542581070938e-02
7.672704000000000e+01 -8.190574870027290e-02
7.680972000000000e+01 -8.179977759364487e-02
7.689240000000001e+01 -8.075454129306403e-02
7.697508000000001e+01 -7.831395246219119e-02
7.705776000000000e+01 -7.574347719587815e-02
7.714044000000000e+01 -7.325774870472124e-02
7.722312000000001e+01 -6.960313508565008e-02
7.730580000000000e+01 -6.492428988519527e-02
7.738848000000000e+01 -6.052063417374465e-02
7.747116000000000e+01 -5.603571009293029e-02
7.755384000000001e+01 -5.034864720427445e-02
7.763652000000000e+01 -4.417805783636841e-02
7.771920000000000e+01 -3.858633719046511e-02
7.780188000000000e+01 -3.272135402833976e-02
7.788456000000001e+01 -2.583588106098345e-02
7.796724000000000e+01 -1.907598585079895e-02
7.804992000000000e+01 -1.304271773886334e-02
7.813260000000000e+01 -6.571458729944579e-03
7.821528000000001e+01 5.444993526748654e-04
7.829796000000000e+01 6.971650961326015e-03
7.838064000000000e+01 1.269874009712957e-02
7.846332000000001e+01 1.894744991084873e-02
7.854600000000001e+01 2.533070077792554e-02
7.862868000000000e+01 3.061283602142584e-02
7.871136000000000e+01 3.537344426932332e-02
7.879404000000001e+01 4.061809589400611e-02
7.887672000000001e+01 4.544313740601402e-02
7.895940000000000e+01 4.897945298126449e-02
7.904208000000000e+01 5.226709809128505e-02
7.912476000000001e+01 5.586687360750031e-02
7.920744000000001e+01 5.855336784558185e-02
7.929012000000000e+01 6.001465020733943e-02
7.937280000000000e+01 6.151665802699779e-02
7.945548000000001e+01 6.304585144153318e-02
7.953816000000000e+01 6.332545701289682e-02
7.962084000000000e+01 6.266830492610287e-02
7.970352000000000e+01 6.228080765030741e-02
7.978620000000001e+01 6.157640567041511e-02
7.986888000000000e+01 5.951128558966023e-02
7.995156000000000e+01 5.695147505983000e-02
8.003424000000000e+01 5.477388265629646e-02
8.011692000000001e+01 5.195112615109798e-02
8.019960000000000e+01 4.790513787449580e-02
8.028228000000000e+01 4.386170731258399e-02
8.036496000000000e+01 4.017553415246655e-02
8.044764000000001e+01 3.560988044152791e-02
8.053032000000000e+01 3.018123314978116e-02
8.061300000000000e+01 2.520529861859244e-02
8.069568000000001e+01 2.044114320950319e-02
8.077836000000001e+01 1.471927102875348e-02
8.086104000000000e+01 8.648532814977239e-03
8.094372000000000e+01 3.349592528940515e-03
8.102640000000001e+01 -1.955128897925151e-03
8.110908000000001e+01 -8.108596655856837e-03
8.119176000000000e+01 -1.403956009083529e-02
8.127444000000000e+01 -1.906049124977061e-02
8.135712000000001e+01 -2.431094497664910e-02
8.143980000000001e+01 -3.012138969413958e-02
8.152248000000000e+01 -3.518526374880793e-02
8.160516000000000e+01 -3.939031365988666e-02
8.168784000000001e+01 -4.398840436369589e-02
8.177052000000000e+01 -4.872292257031552e-02
8.185320000000000e+01 -5.232655640691841e-02
8.193588000000000e+01 -5.528151713357299e-02
8.201856000000001e+01 -5.868179527353179e-02
8.210124000000000e+01 -6.173410646964494e-02
8.218392000000000e+01 -6.347496295689337e-02
8.226660000000000e+01 -6.487623013676880e-02
8.234928000000001e+01 -6.663994057029476e-02
8.243196000000000e+01 -6.759951008040321e-02
8.251464000000000e+01 -6.729609046961571e-02
8.259732000000001e+01 -6.698603068879350e-02
8.268000000000001e+01 -6.682924884358221e-02
8.276268000000000e+01 -6.552792686716691e-02
8.284536000000000e+01 -6.322476747616967e-02
8.292804000000001e+01 -6.119797291700924e-02
8.301072000000001e+01 -5.902946872809223e-02
8.309340000000000e+01 -5.556147241441933e-02
8.317608000000000e+01 -5.151184374072892e-02
8.325876000000001e+01 -4.791426576422964e-02
8.334144000000001e+01 -4.385857097454604e-02
8.342412000000000e+01 -3.857214341100679e-02
8.350680000000000e+01 -3.320308552710449e-02
8.358948000000001e+01 -2.832488274943268e-02
8.367216000000001e+01 -2.272617832140400e-02
8.375484000000000e+01 -1.618768074317500e-02
8.383752000000000e+01 -1.005258670526876e-02
8.392020000000001e+01 -4.314089417455258e-03
8.400288000000000e+01 2.282726123359557e-03
8.408556000000000e+01 9.349148156743703e-03
8.416824000000000e+01 1.562528433132082e-02
8.425092000000001e+01 2.169629260004069e-02
8.433360000000000e+01 2.858935536324514e-02
8.441628000000000e+01 3.538100903786201e-02
8.449896000000000e+01 4.115905377884022e-02
8.458164000000001e+01 4.696104403256707e-02
8.466432000000000e+01 5.335942962067319e-02
8.474700000000000e+01 5.908540932107487e-02
8.482968000000001e+01 6.376833317454733e-02
8.491236000000001e+01 6.867253044207400e-02
8.499504000000000e+01 7.378404565361607e-02
8.507772000000000e+01 7.775697459597475e-02
8.516040000000001e+01 8.084176977600965e-02
8.524308000000001e+01 8.425155482013247e-02
8.532576000000000e+01 8.738201521698619e-02
8.540844000000000e+01 8.910049579274804e-02
8.549112000000001e+01 9.022348304574457e-02
8.557380000000001e+01 9.164388830872494e-02
8.565648000000000e+01 9.229553326820183e-02
8.573916000000000e+01 9.150697747078174e-02
8.582184000000001e+01 9.048076533229155e-02
8.590452000000001e+01 8.959134570346861e-02
8.598720000000000e+01 8.754534378051537e-02
8.606988000000000e+01 8.428087149975672e-02
8.615256000000001e+01 8.112109556397984e-02
8.623524000000000e+01 7.784132081082673e-02
8.631792000000000e+01 7.320907868915527e-02
8.640060000000000e+01 6.778562357402651e-02
8.648328000000001e+01 6.272456549574390e-02
8.656596000000000e+01 5.725796498103031e-02
8.664864000000000e+01 5.048905920830016e-02
8.673132000000000e+01 4.347798483486609e-02
8.681400000000001e+01 3.696067566803041e-02
8.689668000000000e+01 2.980402607111243e-02
8.697936000000000e+01 2.164499189125246e-02
8.706204000000001e+01 1.381047088972265e-02
8.714472000000001e+01 6.468113694277577e-03
8.722740000000000e+01 -1.623808009729166e-03
8.731008000000000e+01 -1.021711580704310e-02
8.739276000000001e+01 -1.800357379732942e-02
8.747544000000001e+01 -2.540662036782104e-02
8.755812000000000e+01 -3.350208746667260e-02
8.764080000000000e+01 -4.148737278565395e-02
8.772348000000001e+01 -4.834751856568997e-02
8.780616000000001e+01 -5.499264983055474e-02
8.788884000000000e+01 -6.210123603903639e-02
8.797152000000000e+01 -6.849023794206532e-02
8.805420000000001e+01 -7.364413147905680e-02
8.813688000000000e+01 -7.875633373591440e-02
8.821956000000000e+01 -8.396687852850504e-02
8.830224000000000e+01 -8.796256362152632e-02
8.838492000000001e+01 -9.082570945869051e-02
8.846760000000000e+01 -9.377698922545641e-02
8.855028000000000e+01 -9.639259118484989e-02
8.863296000000000e+01 -9.750235988934763e-02
8.871564000000001e+01 -9.776171695981928e-02
8.879832000000000e+01 -9.816299363438186e-02
8.888100000000000e+01 -9.781003954598344e-02
8.896368000000001e+01 -9.591747831078323e-02
8.904636000000001e+01 -9.357421892028428e-02
8.912904000000000e+01 -9.133895510048218e-02
8.921172000000000e+01 -8.803145348814245e-02
8.929440000000001e+01 -8.341491834407588e-02
8.937708000000001e+01 -7.878566647690988e-02
8.945976000000000e+01 -7.415309598183217e-02
8.954244000000000e+01 -6.830101912990383e-02
8.962512000000001e+01 -6.159501966801928e-02
8.970780000000001e+01 -5.526975585165761e-02
8.979048000000000e+01 -4.878281878983670e-02
8.987316000000000e+01 -4.114203217125256e-02
8.995584000000001e+01 -3.324617560206544e-02
9.003852000000001e+01 -2.600868262597311e-02
9.012120000000000e+01 -1.844948170180438e-02
9.020388000000000e+01 -1.001966933233034e-02
9.028656000000001e+01 -1.968620871150351e-03
9.036924000000000e+01 5.307846545095751e-03
9.045192000000000e+01 1.301596764001201e-02
9.053460000000000e+01 2.113116575529272e-02
9.061728000000001e+01 2.831620141840507e-02
9.069996000000000e+01 3.478138997868885e-02
9.078264000000000e+01 4.169200102157178e-02
9.086532000000000e+01 4.844227983742655e-02
9.094800000000001e+01 5.389633673006156e-02
9.103068000000000e+01 5.882689778632644e-02
9.111336000000000e+01 6.409367898302620e-02
9.119604000000001e+01 6.863269918098480e-02
9.127872000000001e+01 7.176083419668866e-02
9.136140000000000e+01 7.464232734703724e-02
9.144408000000000e+01 7.763142197984085e-02
9.152676000000001e+01 7.943649615747417e-02
9.160944000000001e+01 7.998128521618830e-02
9.169212000000000e+01 8.056018318986657e-02
9.177480000000000e+01 8.093627998771380e-02
9.185748000000001e+01 7.987721733883579e-02
9.194016000000001e+01 7.793231819865809e-02
9.202284000000000e+01 7.623501997104498e-02
9.210552000000000e+01 7.400795217279266e-02
9.218820000000001e+01 7.035410369320572e-02
9.227088000000001e+01 6.632681119744288e-02
9.235356000000000e+01 6.264640457961723e-02
9.243624000000000e+01 5.816981873853089e-02
9.251892000000001e+01 5.253602130070589e-02
9.260160000000000e+01 4.707017269407876e-02
9.268428000000000e+01 4.192407873332216e-02
9.276696000000000e+01 3.584501078046454e-02
9.284964000000001e+01 2.908832636824699e-02
9.293232000000000e+01 2.296336557058876e-02
9.301500000000000e+01 1.702693113040765e-02
9.309768000000000e+01 1.019353056855443e-02
9.318036000000001e+01 3.280422366084612e-03
9.326304000000000e+01 -2.697002725786657e-03
9.334572000000000e+01 -8.673688673282998e-03
9.342840000000001e+01 -1.533175329580738e-02
9.351108000000001e+01 -2.146526137084315e-02
9.359376000000000e+01 -2.656268921242244e-02
9.367644000000000e+01 -3.184513934635291e-02
9.375912000000001e+01 -3.744479198093453e-02
9.384180000000001e+01 -4.201888838063794e-02
9.392448000000000e+01 -4.566083271108579e-02
9.400716000000000e+01 -4.961649808484137e-02
9.408984000000001e+01 -5.343860872021966e-02
9.417252000000001e+01 -5.592469125716926e-02
9.425520000000000e+01 -5.774850611851690e-02
9.433788000000000e+01 -5.991818010063432e-02
9.442056000000001e+01 -6.149780962678764e-02
9.450324000000001e+01 -6.167192030837410e-02
9.458592000000000e+01 -6.155221049761561e-02
9.466860000000000e+01 -6.169798804705173e-02
9.475128000000001e+01 -6.087642492611078e-02
9.483396000000000e+01 -5.882697407812121e-02
9.491664000000000e+01 -5.686853075122655e-02
9.499932000000000e+01 -5.499387334133776e-02
9.508200000000001e+01 -5.192770539732783e-02
9.516468000000000e+01 -4.802013938748628e-02
9.524736000000000e+01 -4.452418549886761e-02
9.533004000000001e+01 -4.086614757772833e-02
9.541272000000001e+01 -3.599493248095331e-02
9.549540000000000e+01 -3.080226006944387e-02
9.557808000000000e+01 -2.621476218606444e-02
9.566076000000001e+01 -2.121206784520546e-02
9.574344000000001e+01 -1.519158540677656e-02
9.582612000000000e+01 -9.404381300478715e-03
9.590880000000000e+01 -4.257015328683278e-03
9.599148000000001e+01 1.500373502365537e-03
9.607416000000001e+01 7.888381356999763e-03
9.615684000000000e+01 1.355678031759755e-02
9.623952000000000e+01 1.870344724313755e-02
9.632220000000001e+01 2.453731265085601e-02
9.640488000000001e+01 3.048589520123357e-02
9.648756000000000e+01 3.538438173925429e-02
9.657024000000000e+01 3.998941397535649e-02
9.665292000000001e+01 4.520340920965493e-02
9.673560000000001e+01 4.997840008776699e-02
9.681828000000000e+01 5.358267197603284e-02
9.690096000000000e+01 5.716341417980575e-02
9.698364000000001e+01 6.111539708430969e-02
9.706632000000000e+01 6.413890537345446e-02
9.714900000000000e+01 6.609078821365544e-02
9.723168000000000e+01 6.825374651231098e-02
9.731436000000001e+01 7.042518907597650e-02
9.739704000000000e+01 7.133577965352289e-02
9.747972000000000e+01 7.145829899075329e-02
9.756240000000001e+01 7.192584889781961e-02
9.764508000000001e+01 7.198244458730330e-02
9.772776000000000e+01 7.066703720267664e-02
9.781044000000000e+01 6.896056076617385e-02
9.789312000000001e+01 6.759600240018204e-02
9.797580000000001e+01 6.543290631131893e-02
9.805848000000000e+01 6.202949960253790e-02
9.814116000000000e+01 5.865609062458199e-02
9.822384000000001e+01 5.548661249198816e-02
9.830652000000001e+01 5.125185459652337e-02
9.838920000000000e+01 4.612578814916513e-02
9.847188000000000e+01 4.138809400484078e-02
9.855456000000001e+01 3.662168206402883e-02
9.863724000000001e+01 3.071265720364269e-02
9.871992000000000e+01 2.441166597322708e-02
9.880260000000000e+01 1.872985673026284e-02
9.888528000000001e+01 1.275954208816288e-02
9.896796000000001e+01 5.790137715569244e-03
9.905064000000000e+01 -1.015387704904946e-03
9.913332000000000e+01 -7.128710472198319e-03
9.921600000000001e+01 -1.374047976216386e-02
9.929868000000000e+01 -2.100095965196036e-02
9.938136000000000e+01 -2.758621656010385e-02
9.946404000000000e+01 -3.355613321587336e-02
9.954672000000001e+01 -4.011820878069394e-02
9.962940000000000e+01 -4.682921906253512e-02
9.971208000000000e+01 -5.248631462776454e-02
9.979476000000001e+01 -5.771464404142357e-02
9.987744000000001e+01 -6.347377520747721e-02
9.996012000000000e+01 -6.882206002382196e-02
1.000428000000000e+02 -7.292979815637168e-02
1.001254800000000e+02 -7.684532692120094e-02
1.002081600000000e+02 -8.107358619711746e-02
1.002908400000000e+02 -8.437456432780110e-02
1.003735200000000e+02 -8.646219104102981e-02
1.004562000000000e+02 -8.858040599045225e-02
1.005388800000000e+02 -9.067266914031935e-02
1.006215600000000e+02 -9.146173523874401e-02
1.007042400000000e+02 -9.126145420100651e-02
1.007869200000000e+02 -9.124742019173493e-02
1.008696000000000e+02 -9.081416120174390e-02
1.009522800000000e+02 -8.891512919590527e-02
1.010349600000000e+02 -8.639735732838938e-02
1.011176400000000e+02 -8.412175951874612e-02
1.012003200000000e+02 -8.106133255798620e-02
1.012830000000000e+02 -7.662117883926078e-02
1.013656800000000e+02 -7.200654856468525e-02
1.014483600000000e+02 -6.758381229169486e-02
1.015310400000000e+02 -6.212045385710729e-02
1.016137200000000e+02 -5.560321720886197e-02
1.016964000000000e+02 -4.934707731878663e-02
1.017790800000000e+02 -4.314628994203284e-02
1.018617600000000e+02 -3.582472322783958e-02
1.019444400000000e+02 -2.796264048836106e-02
1.020271200000000e+02 -2.071133318878726e-02
1.021098000000000e+02 -1.333469702524026e-02
1.021924800000000e+02 -4.968429267621643e-03
1.022751600000000e+02 3.325435447417147e-03
1.023578400000000e+02 1.080275601728387e-02
1.024405200000000e+02 1.857434094363108e-02
1.025232000000000e+02 2.699718310170918e-02
1.026058800000000e+02 3.474430271180196e-02
1.026885600000000e+02 4.164043644832738e-02
1.027712400000000e+02 4.893047850181886e-02
1.028539200000000e+02 5.637334296829510e-02
1.029366000000000e+02 6.265735367030256e-02
1.030192800000000e+02 6.821801634739000e-02
1.031019600000000e+02 7.415818023777798e-02
1.031846400000000e+02 7.967798328722508e-02
1.032673200000000e+02 8.376585856504648e-02
1.033500000000000e+02 8.737603943808769e-02
1.034326800000000e+02 9.121911682090578e-02
1.035153600000000e+02 9.410306207512953e-02
1.035980400000000e+02 9.554139130836248e-02
1.036807200000000e+02 9.679759347756201e-02
1.037634000000000e+02 9.802519061026194e-02
1.038460800000000e+02 9.790003929732427e-02
1.039287600000000e+02 9.657187662452604e-02
1.040114400000000e+02 9.533270884255152e-02
1.040941200000000e+02 9.374092186203309e-02
1.041768000000000e+02 9.063474199674171e-02
1.042594800000000e+02 8.676933585135016e-02
1.043421600000000e+02 8.317871612265981e-02
1.044248400000000e+02 7.892520232180866e-02
1.045075200000000e+02 7.326892664965856e-02
1.045902000000000e+02 6.740463708629418e-02
1.046728800000000e+02 6.188339789568265e-02
1.047555600000000e+02 5.548330926542411e-02
1.048382400000000e+02 4.805032954241817e-02
1.049209200000000e+02 4.095805824848919e-02
1.050036000000000e+02 3.416183702096032e-02
1.050862800000000e+02 2.642832988275290e-02
1.051689600000000e+02 1.822196725814651e-02
1.052516400000000e+02 1.080108961551851e-02
1.053343200000000e+02 3.546024859856445e-03
1.054170000000000e+02 -4.518241186018179e-03
1.054996800000000e+02 -1.241042969535200e-02
1.055823600000000e+02 -1.924939262272263e-02
1.056650400000000e+02 -2.608636358454253e-02
1.057477200000000e+02 -3.343026839798136e-02
1.058304000000000e+02 -3.999171775435939e-02
1.059130800000000e+02 -4.544281870116962e-02
1.059957600000000e+02 -5.103658963936253e-02
1.060784400000000e+02 -5.671115565333651e-02
1.061611200000000e+02 -6.113732223795920e-02
1.062438000000000e+02 -6.459877984281359e-02
1.063264800000000e+02 -6.828511432172646e-02
1.064091600000000e+02 -7.157915437630047e-02
1.064918400000000e+02 -7.338401482028933e-02
1.065745200000000e+02 -7.452864372303547e-02
1.066572000000000e+02 -7.589240634121153e-02
1.067398800000000e+02 -7.643190299291414e-02
1.068225600000000e+02 -7.550532681731348e-02
1.069052400000000e+02 -7.431208440292814e-02
1.069879200000000e+02 -7.324065409123282e-02
1.070706000000000e+02 -7.103719755964433e-02
1.071532800000000e+02 -6.764593767927674e-02
1.072359600000000e+02 -6.438841228783121e-02
1.073186400000000e+02 -6.108254306811900e-02
1.074013200000000e+02 -5.652462516623147e-02
1.074840000000000e+02 -5.125809312188223e-02
1.075666800000000e+02 -4.645293850174248e-02
1.076493600000000e+02 -4.139486745437937e-02
1.077320400000000e+02 -3.518466156951772e-02
1.078147200000000e+02 -2.885533697283349e-02
1.078974000000000e+02 -2.318079283757213e-02
1.079800800000000e+02 -1.706616659962434e-02
1.080627600000000e+02 -1.011244508716447e-02
1.081454400000000e+02 -3.628319304966876e-03
1.082281200000000e+02 2.172089561611412e-03
1.083108000000000e+02 8.527321855254399e-03
1.083934800000000e+02 1.524317536496078e-02
1.084761600000000e+02 2.101205225731306e-02
1.085588400000000e+02 2.622438277705108e-02
1.086415200000000e+02 3.198895698829118e-02
1.087242000000000e+02 3.755304603234677e-02
1.088068800000000e+02 4.189155684557777e-02
1.088895600000000e+02 4.591148396897904e-02
1.089722400000000e+02 5.034254159862683e-02
1.090549200000000e+02 5.403319443485521e-02
1.091376000000000e+02 5.646390087177644e-02
1.092202800000000e+02 5.885405530560994e-02
1.093029600000000e+02 6.138759893416423e-02
1.093856400000000e+02 6.276622484628891e-02
1.094683200000000e+02 6.308845617363124e-02
1.095510000000000e+02 6.361108342110855e-02
1.096336800000000e+02 6.392896885967636e-02
1.097163600000000e+02 6.288490496922872e-02
1.097990400000000e+02 6.117047437179624e-02
1.098817200000000e+02 5.979760670932788e-02
1.099644000000000e+02 5.786341937891837e-02
1.100470800000000e+02 5.460925471655520e-02
1.101297600000000e+02 5.116318463570291e-02
1.102124400000000e+02 4.806814810416116e-02
1.102951200000000e+02 4.412788587617500e-02
1.103778000000000e+02 3.915050465415915e-02
1.104604800000000e+02 3.444957486320777e-02
1.105431600000000e+02 2.998334469115516e-02
1.106258400000000e+02 2.453132014137860e-02
1.107085200000000e+02 1.851064240176947e-02
1.107912000000000e+02 1.313296398906205e-02
1.108738800000000e+02 7.787958277965856e-03
1.109565600000000e+02 1.503013949222476e-03
1.110392400000000e+02 -4.786192229985442e-03
1.111219200000000e+02 -1.022990279172320e-02
1.112046000000000e+02 -1.586645553280419e-02
1.112872800000000e+02 -2.220547625990266e-02
1.113699600000000e+02 -2.799335875630637e-02
1.114526400000000e+02 -3.291986906832645e-02
1.115353200000000e+02 -3.822051414094774e-02
1.116180000000000e+02 -4.382887046458450e-02
1.117006800000000e+02 -4.843904333172577e-02
1.117833600000000e+02 -5.234068930901536e-02
1.118660400000000e+02 -5.669698751144570e-02
1.119487200000000e+02 -6.087618176624421e-02
1.120314000000000e+02 -6.379417041223301e-02
1.121140800000000e+02 -6.627428634984001e-02
1.121967600000000e+02 -6.915660362969978e-02
1.122794400000000e+02 -7.137423507605345e-02
1.123621200000000e+02 -7.229112523153569e-02
1.124448000000000e+02 -7.308790072982474e-02
1.125274800000000e+02 -7.410111472252934e-02
1.126101600000000e+02 -7.405036319002289e-02
1.126928400000000e+02 -7.288076403477595e-02
1.127755200000000e+02 -7.188140732290982e-02
1.128582000000000e+02 -7.081169259940345e-02
1.129408800000000e+02 -6.844505196957029e-02
1.130235600000000e+02 -6.532147235111330e-02
1.131062400000000e+02 -6.256850242831036e-02
1.131889200000000e+02 -5.941637713436776e-02
1.132716000000000e+02 -5.495101437378458e-02
1.133542800000000e+02 -5.019872454938890e-02
1.134369600000000e+02 -4.588942530282480e-02
1.135196400000000e+02 -4.088449353299728e-02
1.136023200000000e+02 -3.477921374538018e-02
1.136850000000000e+02 -2.887661471318537e-02
1.137676800000000e+02 -2.335543344655089e-02
1.138503600000000e+02 -1.694890997453169e-02
1.139330400000000e+02 -9.855129864266621e-03
1.140157200000000e+02 -3.384750023214256e-03
1.140984000000000e+02 2.872858760935015e-03
1.141810800000000e+02 1.004043628394147e-02
1.142637600000000e+02 1.734902048928533e-02
1.143464400000000e+02 2.375425520941077e-02
1.144291200000000e+02 3.016886688442644e-02
1.145118000000000e+02 3.732513304342266e-02
1.145944800000000e+02 4.403735255868491e-02
1.146771600000000e+02 4.974870358500061e-02
1.147598400000000e+02 5.567713170491928e-02
1.148425200000000e+02 6.199787291168435e-02
1.149252000000000e+02 6.735568355609556e-02
1.150078800000000e+02 7.180106049407986e-02
1.150905600000000e+02 7.659086063791087e-02
1.151732400000000e+02 8.129594357734127e-02
1.152559200000000e+02 8.468090308678378e-02
1.153386000000000e+02 8.739309106197457e-02
1.154212800000000e+02 9.045006548076595e-02
1.155039600000000e+02 9.290480259125966e-02
1.155866400000000e+02 9.391036548919074e-02
1.156693200000000e+02 9.456952802055163e-02
1.157520000000000e+02 9.543335017641597e-02
1.158346800000000e+02 9.524151907843026e-02
1.159173600000000e+02 9.372235225880254e-02
1.160000400000000e+02 9.219131445755491e-02
1.160827200000000e+02 9.061013745371294e-02
1.161654000000000e+02 8.768342577333843e-02
1.162480800000000e+02 8.377562385406523e-02
1.163307600000000e+02 8.012548922775331e-02
1.164134400000000e+02 7.611660875516113e-02
1.164961200000000e+02 7.070668612599185e-02
1.165788000000000e+02 6.481635322106005e-02
1.166614800000000e+02 5.933824421841905e-02
1.167441600000000e+02 5.322023097937556e-02
1.168268400000000e+02 4.590439122305168e-02
1.169095200000000e+02 3.866572675650648e-02
1.169922000000000e+02 3.186278517240371e-02
1.170748800000000e+02 2.424657231061123e-02
1.171575600000000e+02 1.586529955947535e-02
1.172402400000000e+02 8.072376711906859e-03
1.173229200000000e+02 6.261285256543569e-04
1.174056000000000e+02 -7.641133914893183e-03
1.174882800000000e+02 -1.608791469987669e-02
1.175709600000000e+02 -2.356919928472778e-02
1.176536400000000e+02 -3.086114444160337e-02
1.177363200000000e+02 -3.879624918963620e-02
1.178190000000000e+02 -4.628011455765180e-02
1.179016800000000e+02 -5.261149861232295e-02
1.179843600000000e+02 -5.892364497453384e-02
1.180670400000000e+02 -6.553840022294322e-02
1.181497200000000e+02 -7.114166489094398e-02
1.182324000000000e+02 -7.561295422954573e-02
1.183150800000000e+02 -8.019610592475002e-02
1.183977600000000e+02 -8.463877081604765e-02
1.184804400000000e+02 -8.768153339660334e-02
1.185631200000000e+02 -8.979973708746802e-02
1.186458000000000e+02 -9.208536912885223e-02
1.187284800000000e+02 -9.376886375173477e-02
1.188111600000000e+02 -9.390484237275898e-02
1.188938400000000e+02 -9.345908138416636e-02
1.189765200000000e+02 -9.314575463682140e-02
1.190592000000000e+02 -9.184087951333175e-02
1.191418800000000e+02 -8.910713662661673e-02
1.192245600000000e+02 -8.619816155522808e-02
1.193072400000000e+02 -8.330400645711211e-02
1.193899200000000e+02 -7.918171672657393e-02
1.194726000000000e+02 -7.399373080082827e-02
1.195552800000000e+02 -6.902161610601754e-02
1.196379600000000e+02 -6.389283573256754e-02
1.197206400000000e+02 -5.750785214232934e-02
1.198033200000000e+02 -5.059943593064409e-02
1.198860000000000e+02 -4.421003191818862e-02
1.199686800000000e+02 -3.748313357764854e-02
1.200513600000000e+02 -2.970023537942779e-02
1.201340400000000e+02 -2.201659066649275e-02
1.202167200000000e+02 -1.501481644619374e-02
1.202994000000000e+02 -7.537726542801826e-03
1.203820800000000e+02 5.892830740316102e-04
1.204647600000000e+02 8.028954957819967e-03
1.205474400000000e+02 1.478508247445098e-02
1.206301200000000e+02 2.206218056745446e-02
1.207128000000000e+02 2.944146134842740e-02
1.207954800000000e+02 3.568962419461597e-02
1.208781600000000e+02 4.139783740714353e-02
1.209608400000000e+02 4.754752477512925e-02
1.210435200000000e+02 5.320739043815903e-02
1.211262000000000e+02 5.751821039987748e-02
1.212088800000000e+02 6.152853363874355e-02
1.212915600000000e+02 6.577072405868700e-02
1.213742400000000e+02 6.899995198495879e-02
1.214569200000000e+02 7.092302278904716e-02
1.215396000000000e+02 7.281073978060848e-02
1.216222800000000e+02 7.461989481715381e-02
1.217049600000000e+02 7.506698164634218e-02
1.217876400000000e+02 7.449177335949220e-02
1.218703200000000e+02 7.410035385092206e-02
1.219530000000000e+02 7.327948413892516e-02
1.220356800000000e+02 7.099446008934951e-02
1.221183600000000e+02 6.814266638945476e-02
1.222010400000000e+02 6.559430057856253e-02
1.222837200000000e+02 6.230341599883127e-02
1.223664000000000e+02 5.771654313906271e-02
1.224490800000000e+02 5.308903250291064e-02
1.225317600000000e+02 4.876333532868071e-02
1.226144400000000e+02 4.349647383441402e-02
1.226971200000000e+02 3.734010291623768e-02
1.227798000000000e+02 3.163157136054540e-02
1.228624800000000e+02 2.611531658088917e-02
1.229451600000000e+02 1.962885899107791e-02
1.230278400000000e+02 1.281857128738884e-02
1.231105200000000e+02 6.815421468304494e-03
1.231932000000000e+02 8.287015867770586e-04
1.232758800000000e+02 -5.967718543920641e-03
1.233585600000000e+02 -1.247112466874589e-02
1.234412400000000e+02 -1.799479054940023e-02
1.235239200000000e+02 -2.368762209391972e-02
1.236066000000000e+02 -2.986000461532623e-02
1.236892800000000e+02 -3.518549299085705e-02
1.237719600000000e+02 -3.956103064054584e-02
1.238546400000000e+02 -4.424463888812180e-02
1.239373200000000e+02 -4.896312530754510e-02
1.240200000000000e+02 -5.244220827335755e-02
1.241026800000000e+02 -5.517865923676490e-02
1.241853600000000e+02 -5.827207432045556e-02
1.242680400000000e+02 -6.092019115637204e-02
1.243507200000000e+02 -6.216352640506739e-02
1.244334000000000e+02 -6.299191949675031e-02
1.245160800000000e+02 -6.411491518951251e-02
1.245987600000000e+02 -6.436495424390098e-02
1.246814400000000e+02 -6.329497608059886e-02
1.247641200000000e+02 -6.218157155288317e-02
1.248468000000000e+02 -6.119436936048850e-02
1.249294800000000e+02 -5.904037806642681e-02
1.250121600000000e+02 -5.587889161298021e-02
1.250948400000000e+02 -5.300887942076471e-02
1.251775200000000e+02 -5.002208108725781e-02
1.252602000000000e+02 -4.576860248510373e-02
1.253428800000000e+02 -4.098492395649878e-02
1.254255600000000e+02 -3.672271033106422e-02
1.255082400000000e+02 -3.207888679462567e-02
1.255909200000000e+02 -2.628984218169572e-02
1.256736000000000e+02 -2.052080197980333e-02
1.257562800000000e+02 -1.535627716486521e-02
1.258389600000000e+02 -9.587904772489164e-03
1.259216400000000e+02 -3.005063213967096e-03
1.260043200000000e+02 3.038143993861708e-03
1.260870000000000e+02 8.547243801675486e-03
1.261696800000000e+02 1.477728816659918e-02
1.262523600000000e+02 2.133350559847458e-02
1.263350400000000e+02 2.695600357525818e-02
1.264177200000000e+02 3.223761485914001e-02
1.265004000000000e+02 3.820665831352277e-02
1.265830800000000e+02 4.394001918241897e-02
1.266657600000000e+02 4.853848759770896e-02
1.267484400000000e+02 5.305157570139674e-02
1.268311200000000e+02 5.805291915918975e-02
1.269138000000000e+02 6.228462097436394e-02
1.269964800000000e+02 6.539928354965063e-02
1.270791600000000e+02 6.867114657408646e-02
1.271618400000000e+02 7.208922868291601e-02
1.272445200000000e+02 7.433086696632607e-02
1.273272000000000e+02 7.567257256393289e-02
1.274098800000000e+02 7.733081350847693e-02
1.274925600000000e+02 7.870966499872922e-02
1.275752400000000e+02 7.870909584021690e-02
1.276579200000000e+02 7.816514911033634e-02
1.277406000000000e+02 7.796718194718888e-02
1.278232800000000e+02 7.706558037330136e-02
1.279059600000000e+02 7.482322316064360e-02
1.279886400000000e+02 7.244870840302364e-02
1.280713200000000e+02 7.030953150670871e-02
1.281540000000000e+02 6.713626728362021e-02
1.282366800000000e+02 6.289348993321642e-02
1.283193600000000e+02 5.889512721305046e-02
1.284020400000000e+02 5.491075986592187e-02
1.284847200000000e+02 4.973444891505729e-02
1.285674000000000e+02 4.393876717984024e-02
1.286500800000000e+02 3.865617478348271e-02
1.287327600000000e+02 3.311704703766860e-02
1.288154400000000e+02 2.644714458374031e-02
1.288981200000000e+02 1.970058805439412e-02
1.289808000000000e+02 1.358623541202475e-02
1.290634800000000e+02 6.973254735597179e-03
1.291461600000000e+02 -4.878881109646738e-04
1.292288400000000e+02 -7.490789604803205e-03
1.293115200000000e+02 -1.389523022517125e-02
1.293942000000000e+02 -2.093840294661964e-02
1.294768800000000e+02 -2.836894056713457e-02
1.295595600000000e+02 -3.490808735531536e-02
1.296422400000000e+02 -4.100337238051865e-02
1.297249200000000e+02 -4.772495659653475e-02
1.298076000000000e+02 -5.427536667561905e-02
1.298902800000000e+02 -5.967274087371632e-02
1.299729600000000e+02 -6.484561986495463e-02
1.300556400000000e+02 -7.046509457081862e-02
1.301383200000000e+02 -7.535846467909435e-02
1.302210000000000e+02 -7.904297201723665e-02
1.303036800000000e+02 -8.272254323655270e-02
1.303863600000000e+02 -8.652666609445980e-02
1.304690400000000e+02 -8.915561348976653e-02
1.305517200000000e+02 -9.072117628061349e-02
1.306344000000000e+02 -9.244410616715160e-02
1.307170800000000e+02 -9.388646774945020e-02
1.307997600000000e+02 -9.389425021962405e-02
1.308824400000000e+02 -9.314601775585651e-02
1.309651200000000e+02 -9.262198355486673e-02
1.310478000000000e+02 -9.141033232840412e-02
1.311304800000000e+02 -8.874458797708551e-02
1.312131600000000e+02 -8.572712456188758e-02
1.312958400000000e+02 -8.289301503062696e-02
1.313785200000000e+02 -7.904899790365694e-02
1.314612000000000e+02 -7.397907368405243e-02
1.315438800000000e+02 -6.898070993688088e-02
1.316265600000000e+02 -6.403223873432762e-02
1.317092400000000e+02 -5.791156132059094e-02
1.317919200000000e+02 -5.100455830769168e-02
1.318746000000000e+02 -4.453437472492427e-02
1.319572800000000e+02 -3.792670341448634e-02
1.320399600000000e+02 -3.019323575311772e-02
1.321226400000000e+02 -2.224941572812744e-02
1.322053200000000e+02 -1.498726097944125e-02
1.322880000000000e+02 -7.400911332702820e-03
1.323706800000000e+02 1.045094660582224e-03
1.324533600000000e+02 9.090717142348881e-03
1.325360400000000e+02 1.636631884870277e-02
1.326187200000000e+02 2.409291067247499e-02
1.327014000000000e+02 3.222546891303357e-02
1.327840800000000e+02 3.942270898058609e-02
1.328667600000000e+02 4.592032656106004e-02
1.329494400000000e+02 5.288568521588932e-02
1.330321200000000e+02 5.968913757666250e-02
1.331148000000000e+02 6.519651734480003e-02
1.331974800000000e+02 7.020106566429596e-02
1.332801600000000e+02 7.555310499553725e-02
1.333628400000000e+02 8.016479183545600e-02
1.334455200000000e+02 8.335932037589822e-02
1.335282000000000e+02 8.631474326831612e-02
1.336108800000000e+02 8.936730343442945e-02
1.336935600000000e+02 9.120477858356368e-02
1.337762400000000e+02 9.176117444385601e-02
1.338589200000000e+02 9.233778991318320e-02
1.339416000000000e+02 9.267480965130426e-02
1.340242800000000e+02 9.152579037100816e-02
1.341069600000000e+02 8.945389852194219e-02
1.341896400000000e+02 8.759308983974412e-02
1.342723200000000e+02 8.514255707718066e-02
1.343550000000000e+02 8.120067346449100e-02
1.344376800000000e+02 7.683705334892199e-02
1.345203600000000e+02 7.276717892940898e-02
1.346030400000000e+02 6.782896215193190e-02
1.346857200000000e+02 6.166760457272569e-02
1.347684000000000e+02 5.562452708058407e-02
1.348510800000000e+02 4.984339198498100e-02
1.349337600000000e+02 4.306141965461108e-02
1.350164400000000e+02 3.554947160518829e-02
1.350991200000000e+02 2.863014139013387e-02
1.351818000000000e+02 2.185223153772375e-02
1.352644800000000e+02 1.413150549609321e-02
1.353471600000000e+02 6.305308969954848e-03
1.354298400000000e+02 -6.025793799919743e-04
1.355125200000000e+02 -7.531023120008418e-03
1.355952000000000e+02 -1.515104830776237e-02
1.356778800000000e+02 -2.223818957258084e-02
1.357605600000000e+02 -2.827693639598050e-02
1.358432400000000e+02 -3.448571712696369e-02
1.359259200000000e+02 -4.098103876821324e-02
1.360086000000000e+02 -4.640814533084947e-02
1.360912800000000e+02 -5.085842762960358e-02
1.361739600000000e+02 -5.556912052122187e-02
1.362566400000000e+02 -6.007973146893819e-02
1.363393200000000e+02 -6.318416808591498e-02
1.364220000000000e+02 -6.555349784361908e-02
1.365046800000000e+02 -6.818517539372704e-02
1.365873600000000e+02 -7.013838516031567e-02
1.366700400000000e+02 -7.060096296845908e-02
1.367527200000000e+02 -7.068018789843722e-02
1.368354000000000e+02 -7.092814628624167e-02
1.369180800000000e+02 -7.011779955438857e-02
1.370007600000000e+02 -6.799559692962642e-02
1.370834400000000e+02 -6.587540640064571e-02
1.371661200000000e+02 -6.375061438023233e-02
1.372488000000000e+02 -6.036099359358715e-02
1.373314800000000e+02 -5.606421835978626e-02
1.374141600000000e+02 -5.210984240795835e-02
1.374968400000000e+02 -4.793395003815748e-02
1.375795200000000e+02 -4.250597872660822e-02
1.376622000000000e+02 -3.672373539323948e-02
1.377448800000000e+02 -3.151333887343688e-02
1.378275600000000e+02 -2.587160761196616e-02
1.379102400000000e+02 -1.921768218094477e-02
1.379929200000000e+02 -1.280582904346317e-02
1.380756000000000e+02 -7.044503584050066e-03
1.381582800000000e+02 -7.051552505423775e-04
1.382409600000000e+02 6.213512358836493e-03
1.383236400000000e+02 1.236277796324081e-02
1.384063200000000e+02 1.793804238483510e-02
1.384890000000000e+02 2.412577780381786e-02
1.385716800000000e+02 3.033991631021549e-02
1.386543600000000e+02 3.542429137709802e-02
1.387370400000000e+02 4.013375135720354e-02
1.388197200000000e+02 4.534913989079181e-02
1.389024000000000e+02 5.001826312468494e-02
1.389850800000000e+02 5.342689858814820e-02
1.390677600000000e+02 5.672033903314166e-02
1.391504400000000e+02 6.027463550920298e-02
1.392331200000000e+02 6.279895287696224e-02
1.393158000000000e+02 6.417535972010335e-02
1.393984800000000e+02 6.568204926684540e-02
1.394811600000000e+02 6.710365419266162e-02
1.395638400000000e+02 6.719485812137227e-02
1.396465200000000e+02 6.645641234908961e-02
1.397292000000000e+02 6.601213774008097e-02
1.398118800000000e+02 6.510327651460013e-02
1.398945600000000e+02 6.280596309213482e-02
1.399772400000000e+02 6.012434964453217e-02
1.400599200000000e+02 5.777769975167291e-02
1.401426000000000e+02 5.463584281910883e-02
1.402252800000000e+02 5.030055219773222e-02
1.403079600000000e+02 4.605378364519686e-02
1.403906400000000e+02 4.205446978246918e-02
1.404733200000000e+02 3.705627330813976e-02
1.405560000000000e+02 3.127329293118775e-02
1.406386800000000e+02 2.598219401025914e-02
1.407213600000000e+02 2.075370575568047e-02
1.408040400000000e+02 1.450442599706114e-02
1.408867200000000e+02 8.012685886932269e-03
1.409694000000000e+02 2.273438493195279e-03
1.410520800000000e+02 -3.628032624496291e-03
1.411347600000000e+02 -1.037197696154979e-02
1.412174400000000e+02 -1.678505931800134e-02
1.413001200000000e+02 -2.236398184961275e-02
1.413828000000000e+02 -2.830203712700119e-02
1.414654800000000e+02 -3.472643155462540e-02
1.415481600000000e+02 -4.031988519094687e-02
1.416308400000000e+02 -4.517166110037130e-02
1.417135200000000e+02 -5.049029083339629e-02
1.417962000000000e+02 -5.582023557180871e-02
1.418788800000000e+02 -5.997847504583742e-02
1.419615600000000e+02 -6.362094122091566e-02
1.420442400000000e+02 -6.770879630247073e-02
1.421269200000000e+02 -7.129800177295220e-02
1.422096000000000e+02 -7.358719874836095e-02
1.422922800000000e+02 -7.565504789441246e-02
1.423749600000000e+02 -7.800819130143988e-02
1.424576400000000e+02 -7.941090594413625e-02
1.425403200000000e+02 -7.961025793383003e-02
1.426230000000000e+02 -7.987757785184579e-02
1.427056800000000e+02 -8.015523689703630e-02
1.427883600000000e+02 -7.917401107367150e-02
1.428710400000000e+02 -7.728273088354154e-02
1.429537200000000e+02 -7.567727731751839e-02
1.430364000000000e+02 -7.374523304676484e-02
1.431190800000000e+02 -7.045069506067070e-02
1.432017600000000e+02 -6.667395500087514e-02
1.432844400000000e+02 -6.328410137493667e-02
1.433671200000000e+02 -5.924075146203200e-02
1.434498000000000e+02 -5.396241901731780e-02
1.435324800000000e+02 -4.868085260103105e-02
1.436151600000000e+02 -4.375518376109389e-02
1.436978400000000e+02 -3.793601801523494e-02
1.437805200000000e+02 -3.122574857816307e-02
1.438632000000000e+02 -2.495351731270956e-02
1.439458800000000e+02 -1.889183946866957e-02
1.440285600000000e+02 -1.184924273151722e-02
1.441112400000000e+02 -4.421236454434041e-03
1.441939200000000e+02 2.242661049709160e-03
1.442766000000000e+02 8.909101103041217e-03
1.443592800000000e+02 1.645193649708965e-02
1.444419600000000e+02 2.379859257870864e-02
1.445246400000000e+02 3.022186294119034e-02
1.446073200000000e+02 3.686347628763420e-02
1.446900000000000e+02 4.408306077644675e-02
1.447726800000000e+02 5.055152128711138e-02
1.448553600000000e+02 5.612001734945793e-02
1.449380400000000e+02 6.205713252843337e-02
1.450207200000000e+02 6.811971845536247e-02
1.451034000000000e+02 7.300307558875685e-02
1.451860800000000e+02 7.717012563174441e-02
1.452687600000000e+02 8.173636203887769e-02
1.453514400000000e+02 8.589880326389132e-02
1.454341200000000e+02 8.865874864721879e-02
1.455168000000000e+02 9.099108366722164e-02
1.455994800000000e+02 9.360866467973283e-02
1.456821600000000e+02 9.531785515472047e-02
1.457648400000000e+02 9.564538608707329e-02
1.458475200000000e+02 9.586454760571406e-02
1.459302000000000e+02 9.612429509294085e-02
1.460128800000000e+02 9.510065856403238e-02
1.460955600000000e+02 9.295189091549039e-02
1.461782400000000e+02 9.096925292087188e-02
1.462609200000000e+02 8.870377476001756e-02
1.463436000000000e+02 8.499430548814457e-02
1.464262800000000e+02 8.059745128397666e-02
1.465089600000000e+02 7.653921960647347e-02
1.465916400000000e+02 7.187486382988129e-02
1.466743200000000e+02 6.586429897546631e-02
1.467570000000000e+02 5.969718660257695e-02
1.468396800000000e+02 5.391353235324237e-02
1.469223600000000e+02 4.728675046732045e-02
1.470050400000000e+02 3.966148556997351e-02
1.470877200000000e+02 3.240190164844248e-02
1.471704000000000e+02 2.545310456908800e-02
1.472530800000000e+02 1.758109514587280e-02
1.473357600000000e+02 9.248270067638176e-03
1.474184400000000e+02 1.701568606878090e-03
1.475011200000000e+02 -5.684720051449377e-03
1.475838000000000e+02 -1.388111732473063e-02
1.476664800000000e+02 -2.190919048057904e-02
1.477491600000000e+02 -2.889901102278680e-02
1.478318400000000e+02 -3.590073588618969e-02
1.479145200000000e+02 -4.341391119868243e-02
1.479972000000000e+02 -5.015388150749633e-02
1.480798800000000e+02 -5.580148389681960e-02
1.481625600000000e+02 -6.159968341980004e-02
1.482452400000000e+02 -6.747485848241663e-02
1.483279200000000e+02 -7.210580338681061e-02
1.484106000000000e+02 -7.577973908883395e-02
1.484932800000000e+02 -7.966758586404454e-02
1.485759600000000e+02 -8.314256507565898e-02
1.486586400000000e+02 -8.511936534928188e-02
1.487413200000000e+02 -8.642281602344115e-02
1.488240000000000e+02 -8.790837551453357e-02
1.489066800000000e+02 -8.853006023881460e-02
1.489893600000000e+02 -8.765971379089532e-02
1.490720400000000e+02 -8.648411675641832e-02
1.491547200000000e+02 -8.536843201808875e-02
1.492374000000000e+02 -8.306641988910524e-02
1.493200800000000e+02 -7.953513953115421e-02
1.494027600000000e+02 -7.607671101567370e-02
1.494854400000000e+02 -7.249269613562492e-02
1.495681200000000e+02 -6.759728956994671e-02
1.496508000000000e+02 -6.194308666634285e-02
1.497334800000000e+02 -5.667785599326991e-02
1.498161600000000e+02 -5.108244350049929e-02
1.498988400000000e+02 -4.428312956360869e-02
1.499815200000000e+02 -3.731687233870606e-02
1.500642000000000e+02 -3.093717251470829e-02
1.501468800000000e+02 -2.405709616734142e-02
1.502295600000000e+02 -1.630662976244790e-02
1.503122400000000e+02 -8.993141614799693e-03
1.503949200000000e+02 -2.315488511623554e-03
1.504776000000000e+02 4.945894521539485e-03
1.505602800000000e+02 1.256832365209659e-02
1.506429600000000e+02 1.925032005258398e-02
1.507256400000000e+02 2.539142225696522e-02
1.508083200000000e+02 3.207372224583005e-02
1.508910000000000e+02 3.851996729278162e-02
1.509736800000000e+02 4.371614017561753e-02
1.510563600000000e+02 4.857281526022028e-02
1.511390400000000e+02 5.378879706032247e-02
1.512217200000000e+02 5.819533096029439e-02
1.513044000000000e+02 6.128975948335480e-02
1.513870800000000e+02 6.429025865666205e-02
1.514697600000000e+02 6.734904536120245e-02
1.515524400000000e+02 6.916156864008749e-02
1.516351200000000e+02 6.984925890073779e-02
1.517178000000000e+02 7.066274364125136e-02
1.518004800000000e+02 7.116825909518765e-02
1.518831600000000e+02 7.021655547122529e-02
1.519658400000000e+02 6.852608355131562e-02
1.520485200000000e+02 6.709716786546216e-02
1.521312000000000e+02 6.500615278058475e-02
1.522138800000000e+02 6.151740441887121e-02
1.522965600000000e+02 5.778514158377157e-02
1.523792400000000e+02 5.433590928742882e-02
1.524619200000000e+02 4.996506627827957e-02
1.525446000000000e+02 4.451563018687710e-02
1.526272800000000e+02 3.932091304795560e-02
1.527099600000000e+02 3.432070088505512e-02
1.527926400000000e+02 2.830065186347885e-02
1.528753200000000e+02 2.171763827213857e-02
1.529580000000000e+02 1.579255202971352e-02
1.530406800000000e+02 9.898521169973695e-03
1.531233600000000e+02 3.081623921677323e-03
1.532060400000000e+02 -3.686523750223603e-03
1.532887200000000e+02 -9.558229144670083e-03
1.533714000000000e+02 -1.558334002984818e-02
1.534540800000000e+02 -2.224616698670123e-02
1.535367600000000e+02 -2.826788541515324e-02
1.536194400000000e+02 -3.334946395402238e-02
1.537021200000000e+02 -3.873246398447105e-02
1.537848000000000e+02 -4.432597846669528e-02
1.538674800000000e+02 -4.881270124177972e-02
1.539501600000000e+02 -5.249939319384145e-02
1.540328400000000e+02 -5.655215924466728e-02
1.541155200000000e+02 -6.032147345770422e-02
1.541982000000000e+02 -6.272489206727583e-02
1.542808800000000e+02 -6.460630267680745e-02
1.543635600000000e+02 -6.680880613453100e-02
1.544462400000000e+02 -6.825680096316578e-02
1.545289200000000e+02 -6.832611194828664e-02
1.546116000000000e+02 -6.822010267429324e-02
1.546942800000000e+02 -6.828020589869976e-02
1.547769600000000e+02 -6.722536897998321e-02
1.548596400000000e+02 -6.501969628146220e-02
1.549423200000000e+02 -6.297596150238338e-02
1.550250000000000e+02 -6.085942364839536e-02
1.551076800000000e+02 -5.744843972897407e-02
1.551903600000000e+02 -5.330629879628568e-02
1.552730400000000e+02 -4.958253804767376e-02
1.553557200000000e+02 -4.551164616262460e-02
1.554384000000000e+02 -4.018787001537183e-02
1.555210800000000e+02 -3.466190978134187e-02
1.556037600000000e+02 -2.967978130017457e-02
1.556864400000000e+02 -2.410341874584343e-02
1.557691200000000e+02 -1.753840499835391e-02
1.558518000000000e+02 -1.130865770026668e-02
1.559344800000000e+02 -5.599095953850663e-03
1.560171600000000e+02 8.600678992938260e-04
1.560998400000000e+02 7.860259999165176e-03
1.561825200000000e+02 1.407897525472923e-02
1.562652000000000e+02 1.993185998314750e-02
1.563478800000000e+02 2.654618337199888e-02
1.564305600000000e+02 3.314567104991928e-02
1.565132400000000e+02 3.868745913020144e-02
1.565959200000000e+02 4.409756861611636e-02
1.566786000000000e+02 5.011231166896690e-02
1.567612800000000e+02 5.554655836278977e-02
1.568439600000000e+02 5.985859179425856e-02
1.569266400000000e+02 6.428185105943596e-02
1.570093200000000e+02 6.899541153716515e-02
1.570920000000000e+02 7.265629914375138e-02
1.571746800000000e+02 7.533867557733909e-02
1.572573600000000e+02 7.831103246684057e-02
1.573400400000000e+02 8.115086359199841e-02
1.574227200000000e+02 8.264670869194612e-02
1.575054000000000e+02 8.346933668884671e-02
1.575880800000000e+02 8.464130025424965e-02
1.576707600000000e+02 8.522864744178582e-02
1.577534400000000e+02 8.441478342838238e-02
1.578361200000000e+02 8.331696062830607e-02
1.579188000000000e+02 8.248618343023628e-02
1.580014800000000e+02 8.068284386339619e-02
1.580841600000000e+02 7.766299473850813e-02
1.581668400000000e+02 7.474295885549886e-02
1.582495200000000e+02 7.188356890645453e-02
1.583322000000000e+02 6.781472414974088e-02
1.584148800000000e+02 6.291713814741362e-02
1.584975600000000e+02 5.841767314695756e-02
1.585802400000000e+02 5.370182199113627e-02
1.586629200000000e+02 4.775089141971811e-02
1.587456000000000e+02 4.148544935038379e-02
1.588282800000000e+02 3.577839675083272e-02
1.589109600000000e+02 2.958320548890037e-02
1.589936400000000e+02 2.235750903087874e-02
1.590763200000000e+02 1.536054674023168e-02
1.591590000000000e+02 8.929146498451779e-03
1.592416800000000e+02 1.821952017312722e-03
1.593243600000000e+02 -5.908655691220677e-03
1.594070400000000e+02 -1.293599603566620e-02
1.594897200000000e+02 -1.952108690678700e-02
1.595724000000000e+02 -2.682409259013430e-02
1.596550800000000e+02 -3.421008054233132e-02
1.597377600000000e+02 -4.056577874246248e-02
1.598204400000000e+02 -4.668184300589773e-02
1.599031200000000e+02 -5.338406603948898e-02
1.599858000000000e+02 -5.959214585402639e-02
1.600684800000000e+02 -6.463663757958826e-02
1.601511600000000e+02 -6.965877266654408e-02
1.602338400000000e+02 -7.497353460119682e-02
1.603165200000000e+02 -7.928511811468308e-02
1.603992000000000e+02 -8.250135698552097e-02
1.604818800000000e+02 -8.586570222284795e-02
1.605645600000000e+02 -8.911761279233166e-02
1.606472400000000e+02 -9.101819456876936e-02
1.607299200000000e+02 -9.206468917259170e-02
1.608126000000000e+02 -9.333857496506015e-02
1.608952800000000e+02 -9.406120483955016e-02
1.609779600000000e+02 -9.330912281103276e-02
1.610606400000000e+02 -9.206054783424467e-02
1.611433200000000e+02 -9.100884778864704e-02
1.612260000000000e+02 -8.902271167950193e-02
1.613086800000000e+02 -8.568716890262140e-02
1.613913600000000e+02 -8.225617192543255e-02
1.614740400000000e+02 -7.889141408147526e-02
1.615567200000000e+02 -7.434809082595650e-02
1.616394000000000e+02 -6.880930800042873e-02
1.617220800000000e+02 -6.354392267350084e-02
1.618047600000000e+02 -5.814911924971011e-02
1.618874400000000e+02 -5.153178041332418e-02
1.619701200000000e+02 -4.444068795620104e-02
1.620528000000000e+02 -3.789462177632485e-02
1.621354800000000e+02 -3.101171200409614e-02
1.622181600000000e+02 -2.308849917707056e-02
1.623008400000000e+02 -1.528907269542423e-02
1.623835200000000e+02 -8.166362113379844e-03
1.624662000000000e+02 -5.483369041210384e-04
1.625488800000000e+02 7.718072580917168e-03
1.626315600000000e+02 1.529472324185754e-02
1.627142400000000e+02 2.221495191857004e-02
1.627969200000000e+02 2.968498785244778e-02
1.628796000000000e+02 3.726146576555489e-02
1.629622800000000e+02 4.371699645542437e-02
1.630449600000000e+02 4.966694115464931e-02
1.631276400000000e+02 5.608189824619680e-02
1.632103200000000e+02 6.200636393524850e-02
1.632930000000000e+02 6.659178401330379e-02
1.633756800000000e+02 7.090270259648046e-02
1.634583600000000e+02 7.545085800267348e-02
1.635410400000000e+02 7.897046214610159e-02
1.636237200000000e+02 8.118214176678806e-02
1.637064000000000e+02 8.336392504747325e-02
1.637890800000000e+02 8.544587495809453e-02
1.638717600000000e+02 8.612947080554789e-02
1.639544400000000e+02 8.577069061321907e-02
1.640371200000000e+02 8.557475108564849e-02
1.641198000000000e+02 8.489977902162416e-02
1.642024800000000e+02 8.270475257323084e-02
1.642851600000000e+02 7.990493296583756e-02
1.643678400000000e+02 7.736273592375109e-02
1.644505200000000e+02 7.400645653916438e-02
1.645332000000000e+02 6.928707996178629e-02
1.646158800000000e+02 6.447781572010081e-02
1.646985600000000e+02 5.990827993355652e-02
1.647812400000000e+02 5.431761475096364e-02
1.648639200000000e+02 4.777261244186115e-02
1.649466000000000e+02 4.162576344290259e-02
1.650292800000000e+02 3.560673807780523e-02
1.651119600000000e+02 2.854685864526252e-02
1.651946400000000e+02 2.111508516764393e-02
1.652773200000000e+02 1.445236323234111e-02
1.653600000000000e+02 7.755480693279582e-03
1.654426800000000e+02 2.045073380662066e-04
1.655253600000000e+02 -7.073510106454739e-03
1.656080400000000e+02 -1.338766035109873e-02
1.656907200000000e+02 -1.989328864600270e-02
1.657734000000000e+02 -2.688550909808418e-02
1.658560800000000e+02 -3.301775386302808e-02
1.659387600000000e+02 -3.818689986203017e-02
1.660214400000000e+02 -4.364993008626394e-02
1.661041200000000e+02 -4.911570365005380e-02
1.661868000000000e+02 -5.329779179143523e-02
1.662694800000000e+02 -5.669415752433959e-02
1.663521600000000e+02 -6.039793578395558e-02
1.664348400000000e+02 -6.359310516090655e-02
1.665175200000000e+02 -6.531644518994717e-02
1.666002000000000e+02 -6.655812214631640e-02
1.666828800000000e+02 -6.802053173227463e-02
1.667655600000000e+02 -6.853111733898409e-02
1.668482400000000e+02 -6.764529690402743e-02
1.669309200000000e+02 -6.663902549826428e-02
1.670136000000000e+02 -6.567919325559890e-02
1.670962800000000e+02 -6.347745176946795e-02
1.671789600000000e+02 -6.019875901947536e-02
1.672616400000000e+02 -5.714211179086459e-02
1.673443200000000e+02 -5.390394966632772e-02
1.674270000000000e+02 -4.934638623098087e-02
1.675096800000000e+02 -4.421235763295894e-02
1.675923600000000e+02 -3.955596094521963e-02
1.676750400000000e+02 -3.448615232101915e-02
1.677577200000000e+02 -2.825500383396551e-02
1.678404000000000e+02 -2.203341644177670e-02
1.679230800000000e+02 -1.641099733268170e-02
1.680057600000000e+02 -1.019629470113081e-02
1.680884400000000e+02 -3.194457879865276e-03
1.681711200000000e+02 3.237136686467412e-03
1.682538000000000e+02 9.097730965000550e-03
1.683364800000000e+02 1.562359437816974e-02
1.684191600000000e+02 2.240727479611004e-02
1.685018400000000e+02 2.819037681173664e-02
1.685845200000000e+02 3.356012232601091e-02
1.686672000000000e+02 3.952650218876186e-02
1.687498800000000e+02 4.516019792652737e-02
1.688325600000000e+02 4.957073809428869e-02
1.689152400000000e+02 5.380315007592340e-02
1.689979200000000e+02 5.841506615594039e-02
1.690806000000000e+02 6.215270970568887e-02
1.691632800000000e+02 6.468532359625467e-02
1.692459600000000e+02 6.728224375958780e-02
1.693286400000000e+02 6.992138002804815e-02
1.694113200000000e+02 7.129762556861086e-02
1.694940000000000e+02 7.170916018678963e-02
1.695766800000000e+02 7.236493145166134e-02
1.696593600000000e+02 7.266657661567999e-02
1.697420400000000e+02 7.154511470332325e-02
1.698247200000000e+02 6.985706722171947e-02
1.699074000000000e+02 6.848107849314800e-02
1.699900800000000e+02 6.637746134478184e-02
1.700727600000000e+02 6.294892988406464e-02
1.701554400000000e+02 5.941632506759376e-02
1.702381200000000e+02 5.613550977081927e-02
1.703208000000000e+02 5.186038821976491e-02
1.704034800000000e+02 4.659531330855682e-02
1.704861600000000e+02 4.165372801574940e-02
1.705688400000000e+02 3.679671704049059e-02
1.706515200000000e+02 3.085153819115438e-02
1.707342000000000e+02 2.442066971829771e-02
1.708168800000000e+02 1.862338016802012e-02
1.708995600000000e+02 1.268782963433546e-02
1.709822400000000e+02 5.775261944307220e-03
1.710649200000000e+02 -1.047027614039964e-03
1.711476000000000e+02 -7.092276649115270e-03
1.712302800000000e+02 -1.348725260309480e-02
1.713129600000000e+02 -2.055231285359294e-02
1.713956400000000e+02 -2.698619943720704e-02
1.714783200000000e+02 -3.267477289922649e-02
1.715610000000000e+02 -3.884799999984423e-02
1.716436800000000e+02 -4.523754279276582e-02
1.717263600000000e+02 -5.058498108256193e-02
1.718090400000000e+02 -5.536435099648551e-02
1.718917200000000e+02 -6.063935009202026e-02
1.719744000000000e+02 -6.560892412391606e-02
1.720570800000000e+02 -6.932149265627952e-02
1.721397600000000e+02 -7.273087718324445e-02
1.722224400000000e+02 -7.650438046348185e-02
1.723051200000000e+02 -7.947634283682081e-02
1.723878000000000e+02 -8.119945156408681e-02
1.724704800000000e+02 -8.290051211373539e-02
1.725531600000000e+02 -8.470661632606846e-02
1.726358400000000e+02 -8.533163974443825e-02
1.727185200000000e+02 -8.492450627800952e-02
1.728012000000000e+02 -8.472394161229102e-02
1.728838800000000e+02 -8.428783587922861e-02
1.729665600000000e+02 -8.247945980173277e-02
1.730492400000000e+02 -8.001304705280365e-02
1.731319200000000e+02 -7.787772094182666e-02
1.732146000000000e+02 -7.515341612413318e-02
1.732972800000000e+02 -7.109351258543561e-02
1.733799600000000e+02 -6.683038963156285e-02
1.734626400000000e+02 -6.289491667014580e-02
1.735453200000000e+02 -5.808220868371194e-02
1.736280000000000e+02 -5.219803588890726e-02
1.737106800000000e+02 -4.655888108320205e-02
1.737933600000000e+02 -4.112457369786204e-02
1.738760400000000e+02 -3.466163630963459e-02
1.739587200000000e+02 -2.757759104466895e-02
1.740414000000000e+02 -2.109895934871509e-02
1.741240800000000e+02 -1.462204843291937e-02
1.742067600000000e+02 -7.151731457436639e-03
1.742894400000000e+02 3.789951729170626e-04
1.743721200000000e+02 7.091697456630186e-03
1.744548000000000e+02 1.402519514755052e-02
1.745374800000000e+02 2.171493161457394e-02
1.746201600000000e+02 2.889182360560016e-02
1.747028400000000e+02 3.521317755590359e-02
1.747855200000000e+02 4.192827516672970e-02
1.748682000000000e+02 4.898630512694568e-02
1.749508800000000e+02 5.504778977590563e-02
1.750335600000000e+02 6.038103837597186e-02
1.751162400000000e+02 6.617120545000721e-02
1.751989200000000e+02 7.178051995752610e-02
1.752816000000000e+02 7.608599784810277e-02
1.753642800000000e+02 7.991039792751620e-02
1.754469600000000e+02 8.410990169554544e-02
1.755296400000000e+02 8.758962055733210e-02
1.756123200000000e+02 8.968846323098578e-02
1.756950000000000e+02 9.160450908313056e-02
1.757776800000000e+02 9.367024591496276e-02
1.758603600000000e+02 9.456894741367428e-02
1.759430400000000e+02 9.424906632182606e-02
1.760257200000000e+02 9.402029360085162e-02
1.761084000000000e+02 9.361338294258836e-02
1.761910800000000e+02 9.177929290400944e-02
1.762737600000000e+02 8.909031264204303e-02
1.763564400000000e+02 8.667880969843189e-02
1.764391200000000e+02 8.373247180942478e-02
1.765218000000000e+02 7.934763998510841e-02
1.766044800000000e+02 7.459664299168989e-02
1.766871600000000e+02 7.018697589531553e-02
1.767698400000000e+02 6.494563479536786e-02
1.768525200000000e+02 5.851575547994203e-02
1.769352000000000e+02 5.223628113254941e-02
1.770178800000000e+02 4.624034107836938e-02
1.771005600000000e+02 3.925699731625787e-02
1.771832400000000e+02 3.155536103975642e-02
1.772659200000000e+02 2.445237110363030e-02
1.773486000000000e+02 1.748732012145937e-02
1.774312800000000e+02 9.572518542127817e-03
1.775139600000000e+02 1.544200217564740e-03
1.775966400000000e+02 -5.580779574433925e-03
1.776793200000000e+02 -1.274639555776402e-02
1.777620000000000e+02 -2.062135387192321e-02
1.778446800000000e+02 -2.798232847982951e-02
1.779273600000000e+02 -3.432004788917264e-02
1.780100400000000e+02 -4.085076919618247e-02
1.780927200000000e+02 -4.768385992338364e-02
1.781754000000000e+02 -5.346724742119779e-02
1.782580800000000e+02 -5.829540644794906e-02
1.783407600000000e+02 -6.339483061960904e-02
1.784234400000000e+02 -6.829648274490829e-02
1.785061200000000e+02 -7.179965179476477e-02
1.785888000000000e+02 -7.457257975713183e-02
1.786714800000000e+02 -7.759496053906922e-02
1.787541600000000e+02 -7.992088872906022e-02
1.788368400000000e+02 -8.074582859072454e-02
1.789195200000000e+02 -8.116648911243729e-02
1.790022000000000e+02 -8.171480634631412e-02
1.790848800000000e+02 -8.116632251782463e-02
1.791675600000000e+02 -7.927513068728986e-02
1.792502400000000e+02 -7.733726924871243e-02
1.793329200000000e+02 -7.532994961838357e-02
1.794156000000000e+02 -7.200484599804569e-02
1.794982800000000e+02 -6.772439276219144e-02
1.795809600000000e+02 -6.371630554022623e-02
1.796636400000000e+02 -5.941016030306701e-02
1.797463200000000e+02 -5.379511205110288e-02
1.798290000000000e+02 -4.776886197508601e-02
1.799116800000000e+02 -4.223661343621110e-02
1.799943600000000e+02 -3.620121042668156e-02
1.800770400000000e+02 -2.910564496918466e-02
1.801597200000000e+02 -2.219899975374662e-02
1.802424000000000e+02 -1.587426218345811e-02
1.803250800000000e+02 -8.920789828222753e-03
1.804077600000000e+02 -1.361104536319768e-03
1.804904400000000e+02 5.465275542162029e-03
1.805731200000000e+02 1.176141339738390e-02
1.806558000000000e+02 1.868719688940645e-02
1.807384800000000e+02 2.563627573371585e-02
1.808211600000000e+02 3.146470849274130e-02
1.809038400000000e+02 3.692730178653203e-02
1.809865200000000e+02 4.287373109550874e-02
1.810692000000000e+02 4.823791447918380e-02
1.811518800000000e+02 5.232082014023975e-02
1.812345600000000e+02 5.626137253637598e-02
1.813172400000000e+02 6.040380009366964e-02
1.813999200000000e+02 6.345261493599397e-02
1.814826000000000e+02 6.530841599896986e-02
1.815652800000000e+02 6.723787674614812e-02
1.816479600000000e+02 6.899702932964957e-02
1.817306400000000e+02 6.934795974653973e-02
1.818133200000000e+02 6.881254932935110e-02
1.818960000000000e+02 6.849851752710789e-02
1.819786800000000e+02 6.762607469749360e-02
1.820613600000000e+02 6.529231697597437e-02
1.821440400000000e+02 6.252215841451547e-02
1.822267200000000e+02 6.001508817719281e-02
1.823094000000000e+02 5.663193723308080e-02
1.823920800000000e+02 5.200734678171459e-02
1.824747600000000e+02 4.743905815860316e-02
1.825574400000000e+02 4.306497261862641e-02
1.826401200000000e+02 3.764468281150712e-02
1.827228000000000e+02 3.143149199827699e-02
1.828054800000000e+02 2.570875078059498e-02
1.828881600000000e+02 2.002875773875290e-02
1.829708400000000e+02 1.332827264940573e-02
1.830535200000000e+02 6.423060485632570e-03
1.831362000000000e+02 3.041326259730637e-04
1.832188800000000e+02 -5.955420480852625e-03
1.833015600000000e+02 -1.300641122288593e-02
1.833842400000000e+02 -1.964752964587801e-02
1.834669200000000e+02 -2.538847393167520e-02
1.835496000000000e+02 -3.142717976541021e-02
1.836322800000000e+02 -3.785979400262218e-02
1.837149600000000e+02 -4.335505167412346e-02
1.837976400000000e+02 -4.802098972386049e-02
1.838803200000000e+02 -5.306508675533250e-02
1.839630000000000e+02 -5.800642070081985e-02
1.840456800000000e+02 -6.166244896982309e-02
1.841283600000000e+02 -6.471074328291682e-02
1.842110400000000e+02 -6.810952179746299e-02
1.842937200000000e+02 -7.089929405009066e-02
1.843764000000000e+02 -7.229122367862462e-02
1.844590800000000e+02 -7.338700208344906e-02
1.845417600000000e+02 -7.469170933449354e-02
1.846244400000000e+02 -7.496454065359082e-02
1.847071200000000e+02 -7.397383018220416e-02
1.847898000000000e+02 -7.301462314616725e-02
1.848724800000000e+02 -7.202988070942629e-02
1.849551600000000e+02 -6.975358784999663e-02
1.850378400000000e+02 -6.656162757212125e-02
1.851205200000000e+02 -6.367268691305816e-02
1.852032000000000e+02 -6.047530911392363e-02
1.852858800000000e+02 -5.594257485084575e-02
1.853685600000000e+02 -5.098467272593121e-02
1.854512400000000e+02 -4.648912066480881e-02
1.855339200000000e+02 -4.141437419839533e-02
1.856166000000000e+02 -3.519192375890956e-02
1.856992800000000e+02 -2.908219044441351e-02
1.857819600000000e+02 -2.345389486292615e-02
1.858646400000000e+02 -1.705339759046820e-02
1.859473200000000e+02 -9.898495496161730e-03
1.860300000000000e+02 -3.340168749238814e-03
1.861126800000000e+02 2.851311804383472e-03
1.861953600000000e+02 9.873351899997829e-03
1.862780400000000e+02 1.711540267345224e-02
1.863607200000000e+02 2.341866132005610e-02
1.864434000000000e+02 2.956303786208747e-02
1.865260800000000e+02 3.642758030388815e-02
1.866087600000000e+02 4.292970153573628e-02
1.866914400000000e+02 4.834844916271108e-02
1.867741200000000e+02 5.384488824930200e-02
1.868568000000000e+02 5.978208617186098e-02
1.869394800000000e+02 6.483112549536874e-02
1.870221600000000e+02 6.886281657315296e-02
1.871048400000000e+02 7.316441677942098e-02
1.871875200000000e+02 7.749634400253980e-02
1.872702000000000e+02 8.056698227290537e-02
1.873528800000000e+02 8.286506782971204e-02
1.874355600000000e+02 8.551913018296420e-02
1.875182400000000e+02 8.773374847209836e-02
1.876009200000000e+02 8.853394695559114e-02
1.876836000000000e+02 8.891720271252646e-02
1.877662800000000e+02 8.960297292558139e-02
1.878489600000000e+02 8.941212922570618e-02
1.879316400000000e+02 8.789848468886430e-02
1.880143200000000e+02 8.634741314714955e-02
1.880970000000000e+02 8.491103362332053e-02
1.881796800000000e+02 8.228610121114777e-02
1.882623600000000e+02 7.865192723452696e-02
1.883450400000000e+02 7.529913864075433e-02
1.884277200000000e+02 7.178253552654490e-02
1.885104000000000e+02 6.696302677710986e-02
1.885930800000000e+02 6.160500293150240e-02
1.886757600000000e+02 5.672397916593175e-02
1.887584400000000e+02 5.138171090694432e-02
1.888411200000000e+02 4.485478397895237e-02
1.889238000000000e+02 3.832517628704157e-02
1.890064800000000e+02 3.231792024393776e-02
1.890891600000000e+02 2.561484023934557e-02
1.891718400000000e+02 1.806676924767703e-02
1.892545200000000e+02 1.101760885826775e-02
1.893372000000000e+02 4.397909234083563e-03
1.894198800000000e+02 -3.018436263463653e-03
1.895025600000000e+02 -1.077454919799969e-02
1.895852400000000e+02 -1.765071892743930e-02
1.896679200000000e+02 -2.428381950061609e-02
1.897506000000000e+02 -3.163874623405660e-02
1.898332800000000e+02 -3.875192809259764e-02
1.899159600000000e+02 -4.478204442944234e-02
1.899986400000000e+02 -5.078546453967914e-02
1.900813200000000e+02 -5.725822389577373e-02
1.901640000000000e+02 -6.293604987169399e-02
1.902466800000000e+02 -6.752556906698604e-02
1.903293600000000e+02 -7.226963741483938e-02
1.904120400000000e+02 -7.709188206333761e-02
1.904947200000000e+02 -8.069384107198418e-02
1.905774000000000e+02 -8.338260738510506e-02
1.906600800000000e+02 -8.632109860636172e-02
1.907427600000000e+02 -8.887978603528524e-02
1.908254400000000e+02 -8.999663375298850e-02
1.909081200000000e+02 -9.050759148372800e-02
1.909908000000000e+02 -9.125142350472704e-02
1.910734800000000e+02 -9.118052134091814e-02
1.911561600000000e+02 -8.968922749605912e-02
1.912388400000000e+02 -8.796405504264648e-02
1.913215200000000e+02 -8.634626238676324e-02
1.914042000000000e+02 -8.359180880633088e-02
1.914868800000000e+02 -7.967754988170905e-02
1.915695600000000e+02 -7.589257625164025e-02
1.916522400000000e+02 -7.201173752966905e-02
1.917349200000000e+02 -6.685786736097588e-02
1.918176000000000e+02 -6.099788017271857e-02
1.919002800000000e+02 -5.555503558340413e-02
1.919829600000000e+02 -4.978696980301867e-02
1.920656400000000e+02 -4.283581800026171e-02
1.921483200000000e+02 -3.574475718039505e-02
1.922310000000000e+02 -2.923570927311581e-02
1.923136800000000e+02 -2.220799815570174e-02
1.923963600000000e+02 -1.431300295314886e-02
1.924790400000000e+02 -6.855187625106729e-03
1.925617200000000e+02 -1.175087334326363e-06
1.926444000000000e+02 7.469428021759206e-03
1.927270800000000e+02 1.531029836886821e-02
1.928097600000000e+02 2.223072969555018e-02
1.928924400000000e+02 2.865695421866565e-02
1.929751200000000e+02 3.565890373767466e-02
1.930578000000000e+02 4.243685351378812e-02
1.931404800000000e+02 4.799260858480692e-02
1.932231600000000e+02 5.325391344365737e-02
1.933058400000000e+02 5.889700373019091e-02
1.933885200000000e+02 6.373442431590826e-02
1.934712000000000e+02 6.728157266814305e-02
1.935538800000000e+02 7.076310770128080e-02
1.936365600000000e+02 7.430209554415446e-02
1.937192400000000e+02 7.658101147582952e-02
1.938019200000000e+02 7.773988940498455e-02
1.938846000000000e+02 7.902599191603721e-02
1.939672800000000e+02 7.997397796935246e-02
1.940499600000000e+02 7.942930146580907e-02
1.941326400000000e+02 7.812883169070717e-02
1.942153200000000e+02 7.706134313196333e-02
1.942980000000000e+02 7.527361205343153e-02
1.943806800000000e+02 7.203432011752786e-02
1.944633600000000e+02 6.851501240763613e-02
1.945460400000000e+02 6.522456795440124e-02
1.946287200000000e+02 6.093559340935573e-02
1.947114000000000e+02 5.550583203339343e-02
1.947940800000000e+02 5.028297264467263e-02
1.948767600000000e+02 4.518593571594709e-02
1.949594400000000e+02 3.898885524601214e-02
1.950421200000000e+02 3.217199185516939e-02
1.951248000000000e+02 2.596537424951639e-02
1.952074800000000e+02 1.972214472276601e-02
1.952901600000000e+02 1.249039036867250e-02
1.953728400000000e+02 5.269174108244012e-03
1.954555200000000e+02 -1.091171910823752e-03
1.955382000000000e+02 -7.655158135257634e-03
1.956208800000000e+02 -1.489292217544080e-02
1.957035600000000e+02 -2.150016688027501e-02
1.957862400000000e+02 -2.718084431154477e-02
1.958689200000000e+02 -3.318287601240011e-02
1.959516000000000e+02 -3.939413221891885e-02
1.960342800000000e+02 -4.447885424683085e-02
1.961169600000000e+02 -4.874973525680215e-02
1.961996400000000e+02 -5.337108178433370e-02
1.962823200000000e+02 -5.767212564943347e-02
1.963650000000000e+02 -6.056118554651468e-02
1.964476800000000e+02 -6.288817880298880e-02
1.965303600000000e+02 -6.548969835408214e-02
1.966130400000000e+02 -6.727503357662001e-02
1.966957200000000e+02 -6.761912636811673e-02
1.967784000000000e+02 -6.773013706862274e-02
1.968610800000000e+02 -6.794340679405908e-02
1.969437600000000e+02 -6.697201873142145e-02
1.970264400000000e+02 -6.478495716248878e-02
1.971091200000000e+02 -6.269924032157304e-02
1.971918000000000e+02 -6.047875815060588e-02
1.972744800000000e+02 -5.690489337643478e-02
1.973571600000000e+02 -5.254893438930308e-02
1.974398400000000e+02 -4.856574635059696e-02
1.975225200000000e+02 -4.419483801332913e-02
1.976052000000000e+02 -3.853974304640573e-02
1.976878800000000e+02 -3.266036423837904e-02
1.977705600000000e+02 -2.730999623964858e-02
1.978532400000000e+02 -2.136089833731047e-02
1.979359200000000e+02 -1.443094273960277e-02
1.980186000000000e+02 -7.852788241898390e-03
1.981012800000000e+02 -1.819724281469037e-03
1.981839600000000e+02 4.924872444627804e-03
1.982666400000000e+02 1.216019792862544e-02
1.983493200000000e+02 1.855777819403603e-02
1.984320000000000e+02 2.452573869506369e-02
1.985146800000000e+02 3.117764811133616e-02
1.985973600000000e+02 3.772823985684148e-02
1.986800400000000e+02 4.313441284737385e-02
1.987627200000000e+02 4.831680698444274e-02
1.988454000000000e+02 5.399922710207561e-02
1.989280800000000e+02 5.899462720830217e-02
1.990107600000000e+02 6.276892175444015e-02
1.990934400000000e+02 6.655168076237394e-02
1.991761200000000e+02 7.051269704386154e-02
1.992588000000000e+02 7.331810395513938e-02
1.993414800000000e+02 7.505681485291882e-02
1.994241600000000e+02 7.699290835353212e-02
1.995068400000000e+02 7.870109975574602e-02
1.995895200000000e+02 7.899208874335173e-02
1.996722000000000e+02 7.855402165122227e-02
1.997548800000000e+02 7.840305199568687e-02
1.998375600000000e+02 7.761297941861800e-02
1.999202400000000e+02 7.540022554438885e-02
2.000029200000000e+02 7.289532126843512e-02
2.000856000000000e+02 7.064195237345894e-02
2.001682800000000e+02 6.742131252789263e-02
2.002509600000000e+02 6.302629303616303e-02
2.003336400000000e+02 5.877670037006433e-02
2.004163200000000e+02 5.462866164702163e-02
2.004990000000000e+02 4.934437852078677e-02
2.005816800000000e+02 4.333548830836353e-02
2.006643600000000e+02 3.782074130374102e-02
2.007470400000000e+02 3.218729297065737e-02
2.008297200000000e+02 2.545388697263284e-02
2.009124000000000e+02 1.855761021673430e-02
2.009950800000000e+02 1.235424968438215e-02
2.010777600000000e+02 5.806466847493530e-03
2.011604400000000e+02 -1.594635374462472e-03
2.012431200000000e+02 -8.591550966664419e-03
2.013258000000000e+02 -1.486866112823670e-02
2.014084800000000e+02 -2.165321399090259e-02
2.014911600000000e+02 -2.887131130182807e-02
2.015738400000000e+02 -3.521464176471711e-02
2.016565200000000e+02 -4.096526941102829e-02
2.017392000000000e+02 -4.726923483769652e-02
2.018218800000000e+02 -5.348568077988836e-02
2.019045600000000e+02 -5.853118781129596e-02
2.019872400000000e+02 -6.321531963471150e-02
2.020699200000000e+02 -6.835386176975800e-02
2.021526000000000e+02 -7.287481335587387e-02
2.022352800000000e+02 -7.614436684162440e-02
2.023179600000000e+02 -7.932016445780377e-02
2.024006400000000e+02 -8.271225720136943e-02
2.024833200000000e+02 -8.504297944472772e-02
2.025660000000000e+02 -8.625724832093529e-02
2.026486800000000e+02 -8.761165835544882e-02
2.027313600000000e+02 -8.884355948091227e-02
2.028140400000000e+02 -8.873756205623162e-02
2.028967200000000e+02 -8.782630315072559e-02
2.029794000000000e+02 -8.719855203139981e-02
2.030620800000000e+02 -8.607314379118824e-02
2.031447600000000e+02 -8.355270656134484e-02
2.032274400000000e+02 -8.064581406662463e-02
2.033101200000000e+02 -7.804350148607664e-02
2.033928000000000e+02 -7.461006196949771e-02
2.034754800000000e+02 -6.995774922528619e-02
2.035581600000000e+02 -6.536133352578488e-02
2.036408400000000e+02 -6.096799662166164e-02
2.037235200000000e+02 -5.552817987891778e-02
2.038062000000000e+02 -4.925157272121983e-02
2.038888800000000e+02 -4.341351373671198e-02
2.039715600000000e+02 -3.758561044107689e-02
2.040542400000000e+02 -3.067302040887643e-02
2.041369200000000e+02 -2.344708530185391e-02
2.042196000000000e+02 -1.691598116831416e-02
2.043022800000000e+02 -1.016659512973705e-02
2.043849600000000e+02 -2.499473829442933e-03
2.044676400000000e+02 4.907231013380975e-03
2.045503200000000e+02 1.152672156015022e-02
2.046330000000000e+02 1.856013407202750e-02
2.047156800000000e+02 2.615083813001340e-02
2.047983600000000e+02 3.295854238608098e-02
2.048810400000000e+02 3.905199625812616e-02
2.049637200000000e+02 4.565750362411869e-02
2.050464000000000e+02 5.231914963367812e-02
2.051290800000000e+02 5.781941834062354e-02
2.052117600000000e+02 6.280951033256998e-02
2.052944400000000e+02 6.826778643992037e-02
2.053771200000000e+02 7.322713054610819e-02
2.054598000000000e+02 7.685708745968289e-02
2.055424800000000e+02 8.025044899283174e-02
2.056251600000000e+02 8.391528267017179e-02
2.057078400000000e+02 8.657757165407309e-02
2.057905200000000e+02 8.797822309999237e-02
2.058732000000000e+02 8.941150278657284e-02
2.059558800000000e+02 9.079585304504900e-02
2.060385600000000e+02 9.082804422686963e-02
2.061212400000000e+02 8.988103755636434e-02
2.062039200000000e+02 8.916408262892783e-02
2.062866000000000e+02 8.801965103874687e-02
2.063692800000000e+02 8.540422666364644e-02
2.064519600000000e+02 8.224391461566249e-02
2.065346400000000e+02 7.939563474223965e-02
2.066173200000000e+02 7.577114326524115e-02
2.067000000000000e+02 7.082005771212896e-02
2.067826800000000e+02 6.582025146877879e-02
2.068653600000000e+02 6.108999695468131e-02
2.069480400000000e+02 5.535355138385423e-02
2.070307200000000e+02 4.867745983112770e-02
2.071134000000000e+02 4.241416376924922e-02
2.071960800000000e+02 3.627981888368581e-02
2.072787600000000e+02 2.909496996111205e-02
2.073614400000000e+02 2.152995338930586e-02
2.074441200000000e+02 1.472263316388711e-02
2.075268000000000e+02 7.857760151886106e-03
2.076094800000000e+02 1.108504497079332e-04
2.076921600000000e+02 -7.388248101164674e-03
2.077748400000000e+02 -1.395310852937304e-02
2.078575200000000e+02 -2.074600663005377e-02
2.079402000000000e+02 -2.805976885741990e-02
2.080228800000000e+02 -3.454499817300549e-02
2.081055600000000e+02 -4.010235765013537e-02
2.081882400000000e+02 -4.598786163285506e-02
2.082709200000000e+02 -5.190317437111203e-02
2.083536000000000e+02 -5.656079242773615e-02
2.084362800000000e+02 -6.045897018861002e-02
2.085189600000000e+02 -6.468147049077588e-02
2.086016400000000e+02 -6.840443906341542e-02
2.086843200000000e+02 -7.066604715091629e-02
2.087670000000000e+02 -7.245058854685560e-02
2.088496800000000e+02 -7.444545894878807e-02
2.089323600000000e+02 -7.547452905768692e-02
2.090150400000000e+02 -7.509587434902110e-02
2.090977200000000e+02 -7.457242222687011e-02
2.091804000000000e+02 -7.405599252395034e-02
2.092630800000000e+02 -7.226219660851696e-02
2.093457600000000e+02 -6.935733332943927e-02
2.094284400000000e+02 -6.662204398796823e-02
2.095111200000000e+02 -6.364392523165141e-02
2.095938000000000e+02 -5.929680742104781e-02
2.096764800000000e+02 -5.432123865764382e-02
2.097591600000000e+02 -4.975199534253993e-02
2.098418400000000e+02 -4.469990918537325e-02
2.099245200000000e+02 -3.843391546153552e-02
2.100072000000000e+02 -3.211796640592135e-02
2.100898800000000e+02 -2.632652121962964e-02
2.101725600000000e+02 -1.988178719791855e-02
2.102552400000000e+02 -1.260698437324970e-02
2.103379200000000e+02 -5.848939930903074e-03
2.104206000000000e+02 3.988528731094787e-04
2.105032800000000e+02 7.349459762382438e-03
2.105859600000000e+02 1.457980834957562e-02
2.106686400000000e+02 2.084397772071400e-02
2.107513200000000e+02 2.672752834471770e-02
2.108340000000000e+02 3.321177217519578e-02
2.109166800000000e+02 3.935697147430217e-02
2.109993600000000e+02 4.428602704703499e-02
2.110820400000000e+02 4.903458372032643e-02
2.111647200000000e+02 5.413046239015640e-02
2.112474000000000e+02 5.831693780635261e-02
2.113300800000000e+02 6.127751249809699e-02
2.114127600000000e+02 6.426639756515751e-02
2.114954400000000e+02 6.723460266876069e-02
2.115781200000000e+02 6.888381106220509e-02
2.116608000000000e+02 6.952734192499932e-02
2.117434800000000e+02 7.035490973738778e-02
2.118261600000000e+02 7.074823938105523e-02
2.119088400000000e+02 6.965658582923628e-02
2.119915200000000e+02 6.795105095498832e-02
2.120742000000000e+02 6.648840073789020e-02
2.121568800000000e+02 6.422025084217597e-02
2.122395600000000e+02 6.057854769137960e-02
2.123222400000000e+02 5.679493945530267e-02
2.124049200000000e+02 5.320308161554066e-02
2.124876000000000e+02 4.856270531170481e-02
2.125702800000000e+02 4.291444603704397e-02
2.126529600000000e+02 3.757515529765265e-02
2.127356400000000e+02 3.228701982105919e-02
2.128183200000000e+02 2.589808726264586e-02
2.129010000000000e+02 1.904711070450837e-02
2.129836800000000e+02 1.284746133774395e-02
2.130663600000000e+02 6.515618663890943e-03
2.131490400000000e+02 -7.551937863989888e-04
2.132317200000000e+02 -7.869236085567111e-03
2.133144000000000e+02 -1.415395501365824e-02
2.133970800000000e+02 -2.073848118061650e-02
2.134797600000000e+02 -2.790733557455927e-02
2.135624400000000e+02 -3.434425663912710e-02
2.136451200000000e+02 -3.995445821054688e-02
2.137278000000000e+02 -4.596215316634444e-02
2.138104800000000e+02 -5.206756197002826e-02
2.138931600000000e+02 -5.701236157884215e-02
2.139758400000000e+02 -6.129176348226439e-02
2.140585200000000e+02 -6.595966447974666e-02
2.141412000000000e+02 -7.019399946006277e-02
2.142238800000000e+02 -7.305651692889581e-02
2.143065600000000e+02 -7.552221889321697e-02
2.143892400000000e+02 -7.824924123544119e-02
2.144719200000000e+02 -8.006341238445858e-02
2.145546000000000e+02 -8.054050133072432e-02
2.146372800000000e+02 -8.092818813470692e-02
2.147199600000000e+02 -8.134774321674010e-02
2.148026400000000e+02 -8.051562551257596e-02
2.148853200000000e+02 -7.861027796628450e-02
2.149680000000000e+02 -7.689063784546213e-02
2.150506800000000e+02 -7.491175100191783e-02
2.151333600000000e+02 -7.154771099802282e-02
2.152160400000000e+02 -6.754589167673786e-02
2.152987200000000e+02 -6.391288872563450e-02
2.153814000000000e+02 -5.972640321915357e-02
2.154640800000000e+02 -5.425640629945772e-02
2.155467600000000e+02 -4.866867928092089e-02
2.156294400000000e+02 -4.350486935703546e-02
2.157121200000000e+02 -3.755647343594504e-02
2.157948000000000e+02 -3.064982369913516e-02
2.158774800000000e+02 -2.413009555155432e-02
2.159601600000000e+02 -1.795723086012924e-02
2.160428400000000e+02 -1.089289921797931e-02
2.161255200000000e+02 -3.366814622855929e-03
2.162082000000000e+02 3.376652307847006e-03
2.162908800000000e+02 9.952987749399789e-03
2.163735600000000e+02 1.736136914756303e-02
2.164562400000000e+02 2.464914755788206e-02
2.165389200000000e+02 3.093582079811696e-02
2.166216000000000e+02 3.728084735588855e-02
2.167042800000000e+02 4.422110539843416e-02
2.167869600000000e+02 5.047606991195575e-02
2.168696400000000e+02 5.571752574294686e-02
2.169523200000000e+02 6.121790399864724e-02
2.170350000000000e+02 6.692584450881123e-02
2.171176800000000e+02 7.150342080924676e-02
2.172003600000000e+02 7.524513999472626e-02
2.172830400000000e+02 7.935541522765244e-02
2.173657200000000e+02 8.319736687921697e-02
2.174484000000000e+02 8.566335019437743e-02
2.175310800000000e+02 8.760515332550300e-02
2.176137600000000e+02 8.989114633843109e-02
2.176964400000000e+02 9.143287020454305e-02
2.177791200000000e+02 9.159365059680957e-02
2.178618000000000e+02 9.159437041995067e-02
2.179444800000000e+02 9.177379073729797e-02
2.180271600000000e+02 9.082875771001342e-02
2.181098400000000e+02 8.873250331579041e-02
2.181925200000000e+02 8.680600424945351e-02
2.182752000000000e+02 8.478412400565283e-02
2.183578800000000e+02 8.143582575906505e-02
2.184405600000000e+02 7.734969187805041e-02
2.185232400000000e+02 7.365793154508593e-02
2.186059200000000e+02 6.955338926223942e-02
2.186886000000000e+02 6.414881484536394e-02
2.187712800000000e+02 5.851924561483290e-02
2.188539600000000e+02 5.336460023121636e-02
2.189366400000000e+02 4.751860044348277e-02
2.190193200000000e+02 4.063302416103787e-02
2.191020000000000e+02 3.403616725324088e-02
2.191846800000000e+02 2.785114455830917e-02
2.192673600000000e+02 2.081340571837842e-02
2.193500400000000e+02 1.318973610063134e-02
2.194327200000000e+02 6.277333321423328e-03
2.195154000000000e+02 -3.933467578070005e-04
2.195980800000000e+02 -7.906217151960382e-03
2.196807600000000e+02 -1.543754431890509e-02
2.197634400000000e+02 -2.199375933453940e-02
2.198461200000000e+02 -2.852460781522026e-02
2.199288000000000e+02 -3.569834153968099e-02
2.200114800000000e+02 -4.231087623270124e-02
2.200941600000000e+02 -4.787506382227813e-02
2.201768400000000e+02 -5.360865106674317e-02
2.202595200000000e+02 -5.962278381845276e-02
2.203422000000000e+02 -6.458760018230070e-02
2.204248800000000e+02 -6.861511914295348e-02
2.205075600000000e+02 -7.292760592215097e-02
2.205902400000000e+02 -7.705856101586983e-02
2.206729200000000e+02 -7.982978402516061e-02
2.207556000000000e+02 -8.191967752949381e-02
2.208382800000000e+02 -8.429671129122540e-02
2.209209600000000e+02 -8.601810081641892e-02
2.210036400000000e+02 -8.630040407819017e-02
2.210863200000000e+02 -8.624046081032499e-02
2.211690000000000e+02 -8.635227316914418e-02
2.212516800000000e+02 -8.541668667130120e-02
2.213343600000000e+02 -8.320565421840864e-02
2.214170400000000e+02 -8.100346534292480e-02
2.214997200000000e+02 -7.876568893251334e-02
2.215824000000000e+02 -7.525375239488663e-02
2.216650800000000e+02 -7.084216701239066e-02
2.217477600000000e+02 -6.673536647921474e-02
2.218304400000000e+02 -6.234300925095937e-02
2.219131200000000e+02 -5.666958668440403e-02
2.219958000000000e+02 -5.061639341228674e-02
2.220784800000000e+02 -4.505733651292454e-02
2.221611600000000e+02 -3.898308495617264e-02
2.222438400000000e+02 -3.185642914983977e-02
2.223265200000000e+02 -2.492015331428754e-02
2.224092000000000e+02 -1.853413360445266e-02
2.224918800000000e+02 -1.148750728745573e-02
2.225745600000000e+02 -3.824036004657971e-03
2.226572400000000e+02 3.131932852494912e-03
2.227399200000000e+02 9.611498072854552e-03
2.228226000000000e+02 1.676190572377767e-02
2.229052800000000e+02 2.395758673571924e-02
2.229879600000000e+02 3.007538808444954e-02
2.230706400000000e+02 3.588789733343067e-02
2.231533200000000e+02 4.222151457186085e-02
2.232360000000000e+02 4.799550055384527e-02
2.233186800000000e+02 5.253325178158841e-02
2.234013600000000e+02 5.697913932779297e-02
2.234840400000000e+02 6.164744673063483e-02
2.235667200000000e+02 6.523393765367225e-02
2.236494000000000e+02 6.766030303083426e-02
2.237320800000000e+02 7.018706662893848e-02
2.238147600000000e+02 7.253795082228698e-02
2.238974400000000e+02 7.347309397278645e-02
2.239801200000000e+02 7.353280115375893e-02
2.240628000000000e+02 7.380927513462776e-02
2.241454800000000e+02 7.349222611220241e-02
2.242281600000000e+02 7.168470610292843e-02
2.243108400000000e+02 6.942693163141811e-02
2.243935200000000e+02 6.739616594567410e-02
2.244762000000000e+02 6.442882702085029e-02
2.245588800000000e+02 6.017432105490350e-02
2.246415600000000e+02 5.594177993677496e-02
2.247242400000000e+02 5.184320179564794e-02
2.248069200000000e+02 4.662411884227013e-02
2.248896000000000e+02 4.056077727020491e-02
2.249722800000000e+02 3.494253324435692e-02
2.250549600000000e+02 2.929597529063299e-02
2.251376400000000e+02 2.255724497498957e-02
2.252203200000000e+02 1.557002955305520e-02
2.253030000000000e+02 9.324735972476628e-03
2.253856800000000e+02 2.873487606060210e-03
2.254683600000000e+02 -4.421495971049016e-03
2.255510400000000e+02 -1.133131163231615e-02
2.256337200000000e+02 -1.737253589854404e-02
2.257164000000000e+02 -2.375542904711136e-02
2.257990800000000e+02 -3.055302964495654e-02
2.258817600000000e+02 -3.641229402871782e-02
2.259644400000000e+02 -4.145213116307778e-02
2.260471200000000e+02 -4.688227337367246e-02
2.261298000000000e+02 -5.219508283679386e-02
2.262124800000000e+02 -5.619553486234374e-02
2.262951600000000e+02 -5.957289513941055e-02
2.263778400000000e+02 -6.327955970205290e-02
2.264605200000000e+02 -6.633268329926512e-02
2.265432000000000e+02 -6.794071064648299e-02
2.266258800000000e+02 -6.921553352828758e-02
2.267085600000000e+02 -7.065296060764792e-02
2.267912400000000e+02 -7.099711267305631e-02
2.268739200000000e+02 -7.002146698172063e-02
2.269566000000000e+02 -6.902941794154838e-02
2.270392800000000e+02 -6.795627608807986e-02
2.271219600000000e+02 -6.553081980234010e-02
2.272046400000000e+02 -6.213924652014213e-02
2.272873200000000e+02 -5.900795724644736e-02
2.273700000000000e+02 -5.552273272565000e-02
2.274526800000000e+02 -5.066003298095578e-02
2.275353600000000e+02 -4.534326022942026e-02
2.276180400000000e+02 -4.046826418362626e-02
2.277007200000000e+02 -3.499614050590383e-02
2.277834000000000e+02 -2.836767285166364e-02
2.278660800000000e+02 -2.185755943844303e-02
2.279487600000000e+02 -1.584333847920294e-02
2.280314400000000e+02 -9.077903479263183e-03
2.281141200000000e+02 -1.591385045583871e-03
2.281968000000000e+02 5.252145348561443e-03
2.282794800000000e+02 1.167472562302907e-02
2.283621600000000e+02 1.886532970750676e-02
2.284448400000000e+02 2.620101830238941e-02
2.285275200000000e+02 3.251425312711098e-02
2.286102000000000e+02 3.858010659517508e-02
2.286928800000000e+02 4.526883988013330e-02
2.287755600000000e+02 5.148912406748429e-02
2.288582400000000e+02 5.651884563532683e-02
2.289409200000000e+02 6.151727437490184e-02
2.290236000000000e+02 6.683985305507179e-02
2.291062800000000e+02 7.115703069145551e-02
2.291889600000000e+02 7.434725297312927e-02
2.292716400000000e+02 7.769730740664937e-02
2.293543200000000e+02 8.096376529144778e-02
2.294370000000000e+02 8.286620833478797e-02
2.295196800000000e+02 8.390734339298933e-02
2.296023600000000e+02 8.521442202419205e-02
2.296850400000000e+02 8.599593275189144e-02
2.297677200000000e+02 8.530039850408555e-02
2.298504000000000e+02 8.413980408620647e-02
2.299330800000000e+02 8.323120260035222e-02
2.300157600000000e+02 8.141086479477866e-02
2.300984400000000e+02 7.826390561689944e-02
2.301811200000000e+02 7.508427023393438e-02
2.302638000000000e+02 7.202303678838873e-02
2.303464800000000e+02 6.780455178194689e-02
2.304291600000000e+02 6.263857540077433e-02
2.305118400000000e+02 5.781460352280299e-02
2.305945200000000e+02 5.289167604330269e-02
2.306772000000000e+02 4.676624759984549e-02
2.307598800000000e+02 4.022286769131089e-02
2.308425600000000e+02 3.426693820058491e-02
2.309252400000000e+02 2.797215584066426e-02
2.310079200000000e+02 2.065017716306305e-02
2.310906000000000e+02 1.348668345596249e-02
2.311732800000000e+02 6.991796440664499e-03
2.312559600000000e+02 -3.434477336583530e-05
2.313386400000000e+02 -7.715578108082655e-03
2.314213200000000e+02 -1.472139737854017e-02
2.315040000000000e+02 -2.113623170088241e-02
2.315866800000000e+02 -2.816633600626539e-02
2.316693600000000e+02 -3.534537014197825e-02
2.317520400000000e+02 -4.147998414398157e-02
2.318347200000000e+02 -4.721939963096222e-02
2.319174000000000e+02 -5.351280078396536e-02
2.320000800000000e+02 -5.940385321556052e-02
2.320827600000000e+02 -6.408448899039010e-02
2.321654400000000e+02 -6.862055819227497e-02
2.322481200000000e+02 -7.349985299554518e-02
2.323308000000000e+02 -7.747835588377550e-02
2.324134800000000e+02 -8.029757061675957e-02
2.324961600000000e+02 -8.320752141778942e-02
2.325788400000000e+02 -8.613056838539612e-02
2.326615200000000e+02 -8.779612016162597e-02
2.327442000000000e+02 -8.854422614701563e-02
2.328268800000000e+02 -8.954190222148350e-02
2.329095600000000e+02 -9.016217222101752e-02
2.329922400000000e+02 -8.937401654979760e-02
2.330749200000000e+02 -8.804162290037598e-02
2.331576000000000e+02 -8.700211462648633e-02
2.332402800000000e+02 -8.521117539299827e-02
2.333229600000000e+02 -8.209460808999114e-02
2.334056400000000e+02 -7.885898677250924e-02
2.334883200000000e+02 -7.583515840934141e-02
2.335710000000000e+02 -7.178234712128251e-02
2.336536800000000e+02 -6.670731110744954e-02
2.337363600000000e+02 -6.190675517074384e-02
2.338190400000000e+02 -5.713555786090452e-02
2.339017200000000e+02 -5.122149810918197e-02
2.339844000000000e+02 -4.475696892638692e-02
2.340670800000000e+02 -3.885697183262293e-02
2.341497600000000e+02 -3.275274533089245e-02
2.342324400000000e+02 -2.559537311811222e-02
2.343151200000000e+02 -1.844498500158365e-02
2.343978000000000e+02 -1.199922130272346e-02
2.344804800000000e+02 -5.131010430610594e-03
2.345631600000000e+02 2.494715844061801e-03
2.346458400000000e+02 9.568955543840185e-03
2.347285200000000e+02 1.596090723437038e-02
2.348112000000000e+02 2.291032985512820e-02
2.348938800000000e+02 3.015485313986588e-02
2.349765600000000e+02 3.641299369981821e-02
2.350592400000000e+02 4.215019571433953e-02
2.351419200000000e+02 4.844417903778342e-02
2.352246000000000e+02 5.448041401895654e-02
2.353072800000000e+02 5.928107284259565e-02
2.353899600000000e+02 6.380766737417265e-02
2.354726400000000e+02 6.873212226561487e-02
2.355553200000000e+02 7.285653190252095e-02
2.356380000000000e+02 7.572195669540827e-02
2.357206800000000e+02 7.857511524835958e-02
2.358033600000000e+02 8.152544264970907e-02
2.358860400000000e+02 8.325017585504724e-02
2.359687200000000e+02 8.391376905398062e-02
2.360514000000000e+02 8.477179712660410e-02
2.361340800000000e+02 8.533997140931049e-02
2.362167600000000e+02 8.446249789061910e-02
2.362994400000000e+02 8.289485356379378e-02
2.363821200000000e+02 8.162197714620700e-02
2.364648000000000e+02 7.966990312469158e-02
2.365474800000000e+02 7.630834637436523e-02
2.366301600000000e+02 7.272013915155706e-02
2.367128400000000e+02 6.940158782784667e-02
2.367955200000000e+02 6.510549300315360e-02
2.368782000000000e+02 5.969217555980388e-02
2.369608800000000e+02 5.451405665362896e-02
2.370435600000000e+02 4.947250610528142e-02
2.371262400000000e+02 4.332534620090034e-02
2.372089200000000e+02 3.655727002306897e-02
2.372916000000000e+02 3.039801298236255e-02
2.373742800000000e+02 2.418196277247497e-02
2.374569600000000e+02 1.694702937846682e-02
2.375396400000000e+02 9.698769762133352e-03
2.376223200000000e+02 3.283691326466442e-03
2.377050000000000e+02 -3.378675266030418e-03
2.377876800000000e+02 -1.076064626397499e-02
2.378703600000000e+02 -1.755033491162450e-02
2.379530400000000e+02 -2.345728541044101e-02
2.380357200000000e+02 -2.973871973378250e-02
2.381184000000000e+02 -3.627700109585574e-02
2.382010800000000e+02 -4.172966740738571e-02
2.382837600000000e+02 -4.641417069800491e-02
2.383664400000000e+02 -5.149506027985684e-02
2.384491200000000e+02 -5.629149134659150e-02
2.385318000000000e+02 -5.970764006370810e-02
2.386144800000000e+02 -6.259418272096173e-02
2.386971600000000e+02 -6.577947519223892e-02
2.387798400000000e+02 -6.816310385054192e-02
2.388625200000000e+02 -6.911844113193555e-02
2.389452000000000e+02 -6.984803298060993e-02
2.390278800000000e+02 -7.067449593895236e-02
2.391105600000000e+02 -7.030617494854152e-02
2.391932400000000e+02 -6.871118994169456e-02
2.392759200000000e+02 -6.719458889402452e-02
2.393586000000000e+02 -6.550916376277438e-02
2.394412800000000e+02 -6.243869914613087e-02
2.395239600000000e+02 -5.855173390550650e-02
2.396066400000000e+02 -5.498780459113284e-02
2.396893200000000e+02 -5.098269056067317e-02
2.397720000000000e+02 -4.564851945843129e-02
2.398546800000000e+02 -4.003892440731516e-02
2.399373600000000e+02 -3.489343622032604e-02
2.400200400000000e+02 -2.909100514187435e-02
2.401027200000000e+02 -2.226114172992633e-02
2.401854000000000e+02 -1.572697237028298e-02
2.402680800000000e+02 -9.674257090696470e-03
2.403507600000000e+02 -2.862971281412330e-03
2.404334400000000e+02 4.475033605193302e-03
2.405161200000000e+02 1.102240282117639e-02
2.405988000000000e+02 1.718609271187721e-02
2.406814800000000e+02 2.405640441034818e-02
2.407641600000000e+02 3.084051177337055e-02
2.408468400000000e+02 3.650632881240878e-02
2.409295200000000e+02 4.196489760639743e-02
2.410122000000000e+02 4.791439610765802e-02
2.410948800000000e+02 5.316579339308625e-02
2.411775600000000e+02 5.719526926132590e-02
2.412602400000000e+02 6.121637595315310e-02
2.413429200000000e+02 6.537512419908365e-02
2.414256000000000e+02 6.834309647854298e-02
2.415082800000000e+02 7.021886994958160e-02
2.415909600000000e+02 7.224640019139061e-02
2.416736400000000e+02 7.398243520331127e-02
2.417563200000000e+02 7.425225402104052e-02
2.418390000000000e+02 7.375271491367130e-02
2.419216800000000e+02 7.347779367240637e-02
2.420043600000000e+02 7.249313927845613e-02
2.420870400000000e+02 7.003932575105454e-02
2.421697200000000e+02 6.725281114787052e-02
2.422524000000000e+02 6.465541571372169e-02
2.423350800000000e+02 6.103353325462801e-02
2.424177600000000e+02 5.621142450911742e-02
2.425004400000000e+02 5.150922316005691e-02
2.425831200000000e+02 4.686490338705140e-02
2.426658000000000e+02 4.106065673496129e-02
2.427484800000000e+02 3.454107520781813e-02
2.428311600000000e+02 2.851763674259311e-02
2.429138400000000e+02 2.236705318487642e-02
2.429965200000000e+02 1.514045410832077e-02
2.430792000000000e+02 7.802072367523061e-03
2.431618800000000e+02 1.193262029170028e-03
2.432445600000000e+02 -5.723253316911814e-03
2.433272400000000e+02 -1.341806885722030e-02
2.434099200000000e+02 -2.061864595156904e-02
2.434926000000000e+02 -2.702807220830139e-02
2.435752800000000e+02 -3.386336081773056e-02
2.436579600000000e+02 -4.101501946912811e-02
2.437406400000000e+02 -4.717463465578331e-02
2.438233200000000e+02 -5.264361686742292e-02
2.439060000000000e+02 -5.855148234634355e-02
2.439886800000000e+02 -6.423202678044881e-02
2.440713600000000e+02 -6.861553731342473e-02
2.441540400000000e+02 -7.252925083165396e-02
2.442367200000000e+02 -7.677186310156081e-02
2.443194000000000e+02 -8.026011952180168e-02
2.444020800000000e+02 -8.238419889654702e-02
2.444847600000000e+02 -8.431752784119151e-02
2.445674400000000e+02 -8.635720919915846e-02
2.446501200000000e+02 -8.722806258881344e-02
2.447328000000000e+02 -8.690547492761080e-02
2.448154800000000e+02 -8.666070855422481e-02
2.448981600000000e+02 -8.622388001805170e-02
2.449808400000000e+02 -8.439285399669672e-02
2.450635200000000e+02 -8.173425365733644e-02
2.451462000000000e+02 -7.935011199922248e-02
2.452288800000000e+02 -7.645620122214825e-02
2.453115600000000e+02 -7.217584118432530e-02
2.453942400000000e+02 -6.755238640828554e-02
2.454769200000000e+02 -6.328617806201176e-02
2.455596000000000e+02 -5.823996168749612e-02
2.456422800000000e+02 -5.205161764421984e-02
2.457249600000000e+02 -4.602761496683849e-02
2.458076400000000e+02 -4.031652228830307e-02
2.458903200000000e+02 -3.366738421481730e-02
2.459730000000000e+02 -2.631819110928635e-02
2.460556800000000e+02 -1.956732866420308e-02
2.461383600000000e+02 -1.297707135127268e-02
2.462210400000000e+02 -5.452180044022148e-03
2.463037200000000e+02 2.208549324141051e-03
2.463864000000000e+02 8.988363852100667e-03
2.464690800000000e+02 1.581959403447331e-02
2.465517600000000e+02 2.339929577064270e-02
2.466344400000000e+02 3.052813430401369e-02
2.467171200000000e+02 3.668833472935529e-02
2.467998000000000e+02 4.310524770753810e-02
2.468824800000000e+02 4.991670608263843e-02
2.469651600000000e+02 5.577340211517701e-02
2.470478400000000e+02 6.076865167161460e-02
2.471305200000000e+02 6.615126419096529e-02
2.472132000000000e+02 7.145919008904555e-02
2.472958800000000e+02 7.548140665772385e-02
2.473785600000000e+02 7.890193485356589e-02
2.474612400000000e+02 8.271492029974070e-02
2.475439200000000e+02 8.595097949423058e-02
2.476266000000000e+02 8.779985953510916e-02
2.477092800000000e+02 8.938578129173602e-02
2.477919600000000e+02 9.122493924861974e-02
2.478746400000000e+02 9.204839268562259e-02
2.479573200000000e+02 9.162393403937996e-02
2.480400000000000e+02 9.126807929696723e-02
2.481226800000000e+02 9.090251021752127e-02
2.482053600000000e+02 8.923614923331469e-02
2.482880400000000e+02 8.666615215589613e-02
2.483707200000000e+02 8.441187935501537e-02
2.484534000000000e+02 8.181795596108998e-02
2.485360800000000e+02 7.785562710715366e-02
2.486187600000000e+02 7.346496183538620e-02
2.487014400000000e+02 6.950277876482303e-02
2.487841200000000e+02 6.488388269952661e-02
2.488668000000000e+02 5.906888299457314e-02
2.489494800000000e+02 5.333659741740238e-02
2.490321600000000e+02 4.799940212557408e-02
2.491148400000000e+02 4.178471686565910e-02
2.491975200000000e+02 3.476143492244566e-02
2.492802000000000e+02 2.827198692396027e-02
2.493628800000000e+02 2.202494037038016e-02
2.494455600000000e+02 1.484193683281332e-02
2.495282400000000e+02 7.385842106275797e-03
2.496109200000000e+02 7.782808195694324e-04
2.496936000000000e+02 -5.802781717883176e-03
2.497762800000000e+02 -1.318416939219291e-02
2.498589600000000e+02 -2.025105727979593e-02
2.499416400000000e+02 -2.633463908910949e-02
2.500243200000000e+02 -3.260175598286097e-02
2.501070000000000e+02 -3.935045663121473e-02
2.501896800000000e+02 -4.525022329866335e-02
2.502723600000000e+02 -5.021697668696812e-02
2.503550400000000e+02 -5.550762325724468e-02
2.504377200000000e+02 -6.083020125432181e-02
2.505204000000000e+02 -6.491677761550563e-02
2.506030800000000e+02 -6.827558618263097e-02
2.506857600000000e+02 -7.198591307571622e-02
2.507684400000000e+02 -7.523027034756324e-02
2.508511200000000e+02 -7.706502250155156e-02
2.509338000000000e+02 -7.847643267651416e-02
2.510164800000000e+02 -8.014120787754730e-02
2.510991600000000e+02 -8.089012941050011e-02
2.511818400000000e+02 -8.029636662603279e-02
2.512645200000000e+02 -7.961445084764895e-02
2.513472000000000e+02 -7.898077305061801e-02
2.514298800000000e+02 -7.712023168147608e-02
2.515125600000000e+02 -7.420884825029517e-02
2.515952400000000e+02 -7.150776341761833e-02
2.516779200000000e+02 -6.858863654205827e-02
2.517606000000000e+02 -6.433844201824335e-02
2.518432800000000e+02 -5.949936182625826e-02
2.519259600000000e+02 -5.507780159517006e-02
2.520086400000000e+02 -5.017389124850613e-02
2.520913200000000e+02 -4.407316909351822e-02
2.521740000000000e+02 -3.793122896203582e-02
2.522566800000000e+02 -3.229070918902877e-02
2.523393600000000e+02 -2.597324240223586e-02
2.524220400000000e+02 -1.881959198311423e-02
2.525047200000000e+02 -1.215862888507990e-02
2.525874000000000e+02 -5.955691280044473e-03
2.526700800000000e+02 9.907631132356487e-04
2.527527600000000e+02 8.242622286867562e-03
2.528354400000000e+02 1.457837827601827e-02
2.529181200000000e+02 2.060180327341166e-02
2.530008000000000e+02 2.727209003477116e-02
2.530834800000000e+02 3.363966557602460e-02
2.531661600000000e+02 3.885354415642350e-02
2.532488400000000e+02 4.395431824666818e-02
2.533315200000000e+02 4.944097705468242e-02
2.534142000000000e+02 5.405326508441433e-02
2.534968800000000e+02 5.749815189039853e-02
2.535795600000000e+02 6.102168316927847e-02
2.536622400000000e+02 6.454387149869678e-02
2.537449200000000e+02 6.676914585819382e-02
2.538276000000000e+02 6.802919700148424e-02
2.539102800000000e+02 6.949500141137976e-02
2.539929600000000e+02 7.051926987106816e-02
2.540756400000000e+02 7.006020288579051e-02
2.541583200000000e+02 6.900160234773656e-02
2.542410000000000e+02 6.817432356301689e-02
2.543236800000000e+02 6.650670436773143e-02
2.544063600000000e+02 6.344613500931318e-02
2.544890400000000e+02 6.023138756984425e-02
2.545717200000000e+02 5.716654120954401e-02
2.546544000000000e+02 5.299745123846644e-02
2.547370800000000e+02 4.778655434108281e-02
2.548197600000000e+02 4.285196089634413e-02
2.549024400000000e+02 3.790643669696925e-02
2.549851200000000e+02 3.179667581348133e-02
2.550678000000000e+02 2.518770011656324e-02
2.551504800000000e+02 1.918772542519431e-02
2.552331600000000e+02 1.298834198092269e-02
2.553158400000000e+02 5.795111518205331e-03
2.553985200000000e+02 -1.269558612044586e-03
2.554812000000000e+02 -7.544413428287933e-03
2.555638800000000e+02 -1.417471322452224e-02
2.556465600000000e+02 -2.142108169723056e-02
2.557292400000000e+02 -2.794530019101937e-02
2.558119200000000e+02 -3.366809647587132e-02
2.558946000000000e+02 -3.981857969790792e-02
2.559772800000000e+02 -4.606696181237246e-02
2.560599600000000e+02 -5.114176409427207e-02
2.561426400000000e+02 -5.555474477968625e-02
2.562253200000000e+02 -6.035414772600278e-02
2.563080000000000e+02 -6.468884055940738e-02
2.563906800000000e+02 -6.761773012890926e-02
2.564733600000000e+02 -7.013045104015680e-02
2.565560400000000e+02 -7.287278623848159e-02
2.566387200000000e+02 -7.464854905336704e-02
2.567214000000000e+02 -7.503984247670670e-02
2.568040800000000e+02 -7.530580372618600e-02
2.568867600000000e+02 -7.555402555493029e-02
2.569694400000000e+02 -7.448926647026166e-02
2.570521200000000e+02 -7.230292529377547e-02
2.571348000000000e+02 -7.026290544832903e-02
2.572174800000000e+02 -6.791380396347590e-02
2.573001600000000e+02 -6.412843837157289e-02
2.573828400000000e+02 -5.967121742224357e-02
2.574655200000000e+02 -5.555669801885676e-02
2.575482000000000e+02 -5.085747482703562e-02
2.576308800000000e+02 -4.485072073908103e-02
2.577135600000000e+02 -3.872130311619382e-02
2.577962400000000e+02 -3.301847906932232e-02
2.578789200000000e+02 -2.653364891181098e-02
2.579616000000000e+02 -1.910618824854970e-02
2.580442800000000e+02 -1.210027977814210e-02
2.581269600000000e+02 -5.482172803689456e-03
2.582096400000000e+02 1.983049279252858e-03
2.582923200000000e+02 9.849594213186874e-03
2.583750000000000e+02 1.685722885086882e-02
2.584576800000000e+02 2.361820399114234e-02
2.585403600000000e+02 3.112615136199748e-02
2.586230400000000e+02 3.841276630385149e-02
2.587057200000000e+02 4.458862024528432e-02
2.587884000000000e+02 5.071387334820321e-02
2.588710800000000e+02 5.731885653173752e-02
2.589537600000000e+02 6.311239757395470e-02
2.590364400000000e+02 6.776711136121238e-02
2.591191200000000e+02 7.255891972547490e-02
2.592018000000000e+02 7.743081999923007e-02
2.592844800000000e+02 8.104416314586416e-02
2.593671600000000e+02 8.370372021938643e-02
2.594498400000000e+02 8.661771705613563e-02
2.595325200000000e+02 8.914809293626980e-02
2.596152000000000e+02 9.019933755049359e-02
2.596978800000000e+02 9.063865706190144e-02
2.597805600000000e+02 9.133692542223837e-02
2.598632400000000e+02 9.121342510751773e-02
2.599459200000000e+02 8.965494080549585e-02
2.600286000000000e+02 8.789634357371567e-02
2.601112800000000e+02 8.627863328282448e-02
2.601939600000000e+02 8.351815560938436e-02
2.602766400000000e+02 7.961631949438708e-02
2.603593200000000e+02 7.590113801768006e-02
2.604420000000000e+02 7.211292084903631e-02
2.605246800000000e+02 6.705037340818776e-02
2.606073600000000e+02 6.132556372823073e-02
2.606900400000000e+02 5.606917454686544e-02
2.607727200000000e+02 5.048612732670665e-02
2.608554000000000e+02 4.372256944764952e-02
2.609380800000000e+02 3.686421822609487e-02
2.610207600000000e+02 3.060355360698630e-02
2.611034400000000e+02 2.379342649284155e-02
2.611861200000000e+02 1.611326765666710e-02
2.612688000000000e+02 8.885879066802382e-03
2.613514800000000e+02 2.225658720524049e-03
2.614341600000000e+02 -5.109471558999434e-03
2.615168400000000e+02 -1.283895245549682e-02
2.615995200000000e+02 -1.968512053229521e-02
2.616822000000000e+02 -2.612399053738024e-02
2.617648800000000e+02 -3.321982479285857e-02
2.618475600000000e+02 -4.015246508664394e-02
2.619302400000000e+02 -4.595634505584811e-02
2.620129200000000e+02 -5.158464673566132e-02
2.620956000000000e+02 -5.769406569168811e-02
2.621782800000000e+02 -6.309951577924444e-02
2.622609600000000e+02 -6.734442816877229e-02
2.623436400000000e+02 -7.164809261308069e-02
2.624263200000000e+02 -7.611990186430229e-02
2.625090000000000e+02 -7.945909921495320e-02
2.625916800000000e+02 -8.180663005768640e-02
2.626743600000000e+02 -8.438523335353432e-02
2.627570400000000e+02 -8.673436596615036e-02
2.628397200000000e+02 -8.770935877669417e-02
2.629224000000000e+02 -8.801319615259473e-02
2.630050800000000e+02 -8.861262222564692e-02
2.630877600000000e+02 -8.857473873387800e-02
2.631704400000000e+02 -8.714994423136579e-02
2.632531200000000e+02 -8.545274676350367e-02
2.633358000000000e+02 -8.399054727591948e-02
2.634184800000000e+02 -8.155528103912568e-02
2.635011600000000e+02 -7.795038458923509e-02
2.635838400000000e+02 -7.446751275730601e-02
2.636665200000000e+02 -7.104873736600703e-02
2.637492000000000e+02 -6.646746506829371e-02
2.638318800000000e+02 -6.112471521668661e-02
2.639145600000000e+02 -5.621852338387479e-02
2.639972400000000e+02 -5.113909527663096e-02
2.640799200000000e+02 -4.490506027875318e-02
2.641626000000000e+02 -3.843567349371868e-02
2.642452800000000e+02 -3.258330211683635e-02
2.643279600000000e+02 -2.631769117319194e-02
2.644106400000000e+02 -1.911864797092866e-02
2.644933200000000e+02 -1.223447069221839e-02
2.645760000000000e+02 -5.991031784070899e-03
2.646586800000000e+02 8.386291644819632e-04
2.647413600000000e+02 8.192304890408342e-03
2.648240400000000e+02 1.475477135701786e-02
2.649067200000000e+02 2.079673387333569e-02
2.649894000000000e+02 2.747157621853702e-02
2.650720800000000e+02 3.413725489039221e-02
2.651547600000000e+02 3.969292844678241e-02
2.652374400000000e+02 4.494753221770398e-02
2.653201200000000e+02 5.072195055152218e-02
2.654028000000000e+02 5.592440164680401e-02
2.654854800000000e+02 5.990849331674608e-02
2.655681600000000e+02 6.384414934562999e-02
2.656508400000000e+02 6.803042737356002e-02
2.657335200000000e+02 7.115896307168612e-02
2.658162000000000e+02 7.318238623658535e-02
2.658988800000000e+02 7.537225628034427e-02
2.659815600000000e+02 7.743125348712299e-02
2.660642400000000e+02 7.812123267197446e-02
2.661469200000000e+02 7.800802614200530e-02
2.662296000000000e+02 7.818078363336178e-02
2.663122800000000e+02 7.780615891950293e-02
2.663949600000000e+02 7.599238450816515e-02
2.664776400000000e+02 7.379666823424424e-02
2.665603200000000e+02 7.188220143289670e-02
2.666430000000000e+02 6.906315121698547e-02
2.667256800000000e+02 6.499575040282946e-02
2.668083600000000e+02 6.099745990589567e-02
2.668910400000000e+02 5.715907126379038e-02
2.669737200000000e+02 5.220698483121566e-02
2.670564000000000e+02 4.642553698268181e-02
2.671390800000000e+02 4.110517670003344e-02
2.672217600000000e+02 3.574802683623368e-02
2.673044400000000e+02 2.927674303121175e-02
2.673871200000000e+02 2.254470051647850e-02
2.674698000000000e+02 1.653780545080663e-02
2.675524800000000e+02 1.028450967001127e-02
2.676351600000000e+02 3.141664943738687e-03
2.677178400000000e+02 -3.650887119042157e-03
2.678005200000000e+02 -9.618149265705256e-03
2.678832000000000e+02 -1.598891443211814e-02
2.679658800000000e+02 -2.283239943210136e-02
2.680485600000000e+02 -2.878501494945551e-02
2.681312400000000e+02 -3.397569155151470e-02
2.682139200000000e+02 -3.962379889643974e-02
2.682966000000000e+02 -4.521030770234313e-02
2.683792800000000e+02 -4.953217240443841e-02
2.684619600000000e+02 -5.328699472002107e-02
2.685446400000000e+02 -5.742639729592036e-02
2.686273200000000e+02 -6.095283963332809e-02
2.687100000000000e+02 -6.307035644933767e-02
2.687926800000000e+02 -6.489412249752291e-02
2.688753600000000e+02 -6.691071834220563e-02
2.689580400000000e+02 -6.785151666959133e-02
2.690407200000000e+02 -6.748830414323648e-02
2.691234000000000e+02 -6.712093497193283e-02
2.692060800000000e+02 -6.667214461195514e-02
2.692887600000000e+02 -6.486382260263457e-02
2.693714400000000e+02 -6.208080910414271e-02
2.694541200000000e+02 -5.954027698581743e-02
2.695368000000000e+02 -5.661836438055978e-02
2.696194800000000e+02 -5.229152116112123e-02
2.697021600000000e+02 -4.747980761273296e-02
2.697848400000000e+02 -4.306804948743159e-02
2.698675200000000e+02 -3.801547730597632e-02
2.699502000000000e+02 -3.176794210012213e-02
2.700328800000000e+02 -2.559403066568111e-02
2.701155600000000e+02 -1.986340581715884e-02
2.701982400000000e+02 -1.333651048647611e-02
2.702809200000000e+02 -6.050400902595898e-03
2.703636000000000e+02 6.387021703976314e-04
2.704462800000000e+02 6.953820112272302e-03
2.705289600000000e+02 1.406860910909069e-02
2.706116400000000e+02 2.135440883441031e-02
2.706943200000000e+02 2.765145738653396e-02
2.707770000000000e+02 3.372777321635045e-02
2.708596800000000e+02 4.043415537038841e-02
2.709423600000000e+02 4.667699521901314e-02
2.710250400000000e+02 5.174067617715239e-02
2.711077200000000e+02 5.677062784106846e-02
2.711904000000000e+02 6.210279013506348e-02
2.712730800000000e+02 6.641052401840597e-02
2.713557600000000e+02 6.957739777943095e-02
2.714384400000000e+02 7.287193109913481e-02
2.715211200000000e+02 7.603507037178703e-02
2.716038000000000e+02 7.779618766000362e-02
2.716864800000000e+02 7.866194887432854e-02
2.717691600000000e+02 7.973929838372518e-02
2.718518400000000e+02 8.022883176050133e-02
2.719345200000000e+02 7.919685149420042e-02
2.720172000000000e+02 7.765741858234620e-02
2.720998800000000e+02 7.630766381729948e-02
2.721825600000000e+02 7.398738043547204e-02
2.722652400000000e+02 7.030656449217798e-02
2.723479200000000e+02 6.655743001780501e-02
2.724306000000000e+02 6.287465721915020e-02
2.725132800000000e+02 5.799986944762203e-02
2.725959600000000e+02 5.217083011336865e-02
2.726786400000000e+02 4.666958834542989e-02
2.727613200000000e+02 4.104623708021615e-02
2.728440000000000e+02 3.422740678193392e-02
2.729266800000000e+02 2.702229189582284e-02
2.730093600000000e+02 2.042301358537413e-02
2.730920400000000e+02 1.350515384810191e-02
2.731747200000000e+02 5.618350728868404e-03
2.732574000000000e+02 -2.037021320077326e-03
2.733400800000000e+02 -8.967571236987326e-03
2.734227600000000e+02 -1.635970850376811e-02
2.735054400000000e+02 -2.429978378456610e-02
2.735881200000000e+02 -3.145647442416011e-02
2.736708000000000e+02 -3.793064433740323e-02
2.737534800000000e+02 -4.490667407434246e-02
2.738361600000000e+02 -5.188980435708013e-02
2.739188400000000e+02 -5.769964761533275e-02
2.740015200000000e+02 -6.299866096433371e-02
2.740842000000000e+02 -6.871186879985858e-02
2.741668800000000e+02 -7.386922825360165e-02
2.742495600000000e+02 -7.768614031466048e-02
2.743322400000000e+02 -8.123796799038630e-02
2.744149200000000e+02 -8.499247079803818e-02
2.744976000000000e+02 -8.770775359420324e-02
2.745802800000000e+02 -8.915505356174169e-02
2.746629600000000e+02 -9.059167508769939e-02
2.747456400000000e+02 -9.192787586506779e-02
2.748283200000000e+02 -9.190839950287066e-02
2.749110000000000e+02 -9.090589827238438e-02
2.749936800000000e+02 -9.009393416908851e-02
2.750763600000000e+02 -8.884135708416774e-02
2.751590400000000e+02 -8.614162495639266e-02
2.752417200000000e+02 -8.289201234333199e-02
2.753244000000000e+02 -7.993491928974295e-02
2.754070800000000e+02 -7.622714912220074e-02
2.754897600000000e+02 -7.122459176369023e-02
2.755724400000000e+02 -6.616470648190176e-02
2.756551200000000e+02 -6.137941934498781e-02
2.757378000000000e+02 -5.563163940744065e-02
2.758204800000000e+02 -4.896115141744184e-02
2.759031600000000e+02 -4.268905615461949e-02
2.759858400000000e+02 -3.656362301409777e-02
2.760685200000000e+02 -2.941801012628698e-02
2.761512000000000e+02 -2.187753735603870e-02
2.762338800000000e+02 -1.506953836208058e-02
2.763165600000000e+02 -8.209721072903631e-03
2.763992400000000e+02 -4.571335352153705e-04
2.764819200000000e+02 7.099972298421298e-03
2.765646000000000e+02 1.376823330559906e-02
2.766472800000000e+02 2.069644855443564e-02
2.767299600000000e+02 2.820844506741471e-02
2.768126400000000e+02 3.497794625667727e-02
2.768953200000000e+02 4.089556673711492e-02
2.769780000000000e+02 4.722317566005696e-02
2.770606800000000e+02 5.368548203637724e-02
2.771433600000000e+02 5.899957294633362e-02
2.772260400000000e+02 6.366449472435443e-02
2.773087200000000e+02 6.877459220407789e-02
2.773914000000000e+02 7.350488725006210e-02
2.774740800000000e+02 7.689285453512484e-02
2.775567600000000e+02 7.993680833353745e-02
2.776394400000000e+02 8.331702914462047e-02
2.777221200000000e+02 8.583222559587744e-02
2.778048000000000e+02 8.705078314025183e-02
2.778874800000000e+02 8.825017668677015e-02
2.779701600000000e+02 8.954126277066099e-02
2.780528400000000e+02 8.960689585112214e-02
2.781355200000000e+02 8.864206063189317e-02
2.782182000000000e+02 8.792135362959985e-02
2.783008800000000e+02 8.695872744998379e-02
2.783835600000000e+02 8.461057448969922e-02
2.784662400000000e+02 8.165697997211796e-02
2.785489200000000e+02 7.908959611533262e-02
2.786316000000000e+02 7.593269624272114e-02
2.787142800000000e+02 7.146898120202738e-02
2.787969600000000e+02 6.689431666990719e-02
2.788796400000000e+02 6.270263146943711e-02
2.789623200000000e+02 5.764558986022594e-02
2.790450000000000e+02 5.159131712710141e-02
2.791276800000000e+02 4.589306105664670e-02
2.792103600000000e+02 4.044494477664773e-02
2.792930400000000e+02 3.400271806176314e-02
2.793757200000000e+02 2.705050757534322e-02
2.794584000000000e+02 2.080986452222355e-02
2.795410800000000e+02 1.460621585763644e-02
2.796237600000000e+02 7.472743924707759e-03
2.797064400000000e+02 4.066181569680749e-04
2.797891200000000e+02 -5.758342469550093e-03
2.798718000000000e+02 -1.211140578209913e-02
2.799544800000000e+02 -1.913236798999451e-02
2.800371600000000e+02 -2.552258236080185e-02
2.801198400000000e+02 -3.100483685867506e-02
2.802025200000000e+02 -3.684336909609076e-02
2.802852000000000e+02 -4.292917978981847e-02
2.803678800000000e+02 -4.793465050103130e-02
2.804505600000000e+02 -5.218794184495124e-02
2.805332400000000e+02 -5.685677711109483e-02
2.806159200000000e+02 -6.126830963162055e-02
2.806986000000000e+02 -6.434086786491411e-02
2.807812800000000e+02 -6.693044287018568e-02
2.808639600000000e+02 -6.986285552741089e-02
2.809466400000000e+02 -7.204465711189922e-02
2.810293200000000e+02 -7.286106650335356e-02
2.811120000000000e+02 -7.351170864019485e-02
2.811946800000000e+02 -7.431082873584072e-02
2.812773600000000e+02 -7.397401970165562e-02
2.813600400000000e+02 -7.247702222745855e-02
2.814427200000000e+02 -7.111182908719438e-02
2.815254000000000e+02 -6.961973991380255e-02
2.816080800000000e+02 -6.679385891563361e-02
2.816907600000000e+02 -6.320351334984942e-02
2.817734400000000e+02 -5.996566065961750e-02
2.818561200000000e+02 -5.630654176117456e-02
2.819388000000000e+02 -5.135016889934485e-02
2.820214800000000e+02 -4.614172895202295e-02
2.821041600000000e+02 -4.139268177177569e-02
2.821868400000000e+02 -3.597976938066705e-02
2.822695200000000e+02 -2.954525976089151e-02
2.823522000000000e+02 -2.339404204399276e-02
2.824348800000000e+02 -1.768501155664504e-02
2.825175600000000e+02 -1.118648740628592e-02
2.826002400000000e+02 -4.140759222136081e-03
2.826829200000000e+02 2.160455999851485e-03
2.827656000000000e+02 8.142728936903709e-03
2.828482800000000e+02 1.487775672273384e-02
2.829309600000000e+02 2.156755618674833e-02
2.830136400000000e+02 2.720820887058173e-02
2.830963200000000e+02 3.271637170097852e-02
2.831790000000000e+02 3.876469617145994e-02
2.832616800000000e+02 4.416556466277455e-02
2.833443600000000e+02 4.842042896610610e-02
2.834270400000000e+02 5.273443954175971e-02
2.835097200000000e+02 5.722581036039731e-02
2.835924000000000e+02 6.057361621622070e-02
2.836750800000000e+02 6.289496560477692e-02
2.837577600000000e+02 6.541367280671295e-02
2.838404400000000e+02 6.766075232703284e-02
2.839231200000000e+02 6.847388024436241e-02
2.840058000000000e+02 6.856035930483018e-02
2.840884800000000e+02 6.888622640969089e-02
2.841711600000000e+02 6.849694015820307e-02
2.842538400000000e+02 6.664963165863846e-02
2.843365200000000e+02 6.448356348590056e-02
2.844192000000000e+02 6.248900243833400e-02
2.845018800000000e+02 5.944067968319655e-02
2.845845600000000e+02 5.518325122083090e-02
2.846672400000000e+02 5.103286276449792e-02
2.847499200000000e+02 4.689637190572060e-02
2.848326000000000e+02 4.155548551636268e-02
2.849152800000000e+02 3.547803153108986e-02
2.849979600000000e+02 2.986524827196757e-02
2.850806400000000e+02 2.406736286958910e-02
2.851633200000000e+02 1.714769919172499e-02
2.852460000000000e+02 1.009387977060172e-02
2.853286800000000e+02 3.731487471931305e-03
2.854113600000000e+02 -2.994431927977548e-03
2.854940400000000e+02 -1.053062916659897e-02
2.855767200000000e+02 -1.758514844440373e-02
2.856594000000000e+02 -2.388056442111963e-02
2.857420800000000e+02 -3.063975552856946e-02
2.858247600000000e+02 -3.772198563564655e-02
2.859074400000000e+02 -4.380739737923556e-02
2.859901200000000e+02 -4.921753948739482e-02
2.860728000000000e+02 -5.507566000284847e-02
2.861554800000000e+02 -6.068347626813320e-02
2.862381600000000e+02 -6.496991308978040e-02
2.863208400000000e+02 -6.877973203275489e-02
2.864035200000000e+02 -7.289622979643684e-02
2.864862000000000e+02 -7.620989992105054e-02
2.865688800000000e+02 -7.811915975515149e-02
2.866515600000000e+02 -7.981041254733490e-02
2.867342400000000e+02 -8.156157403519126e-02
2.868169200000000e+02 -8.208155006197559e-02
2.868996000000000e+02 -8.136124780456300e-02
2.869822800000000e+02 -8.068053739360581e-02
2.870649600000000e+02 -7.975206284146763e-02
2.871476400000000e+02 -7.736947551860385e-02
2.872303200000000e+02 -7.411948262977741e-02
2.873130000000000e+02 -7.111000392371791e-02
2.873956800000000e+02 -6.754464376384350e-02
2.874783600000000e+02 -6.255299960399541e-02
2.875610400000000e+02 -5.720087629001680e-02
2.876437200000000e+02 -5.219327485627256e-02
2.877264000000000e+02 -4.638701294462222e-02
2.878090800000000e+02 -3.943432303914063e-02
2.878917600000000e+02 -3.266455752079844e-02
2.879744400000000e+02 -2.622973206888890e-02
2.880571200000000e+02 -1.887830139979108e-02
2.881398000000000e+02 -1.086797751205815e-02
2.882224800000000e+02 -3.517828427872405e-03
2.883051600000000e+02 3.609025917663877e-03
2.883878400000000e+02 1.160437618759713e-02
2.884705200000000e+02 1.964750214445554e-02
2.885532000000000e+02 2.670692819577791e-02
2.886358800000000e+02 3.371805764559566e-02
2.887185600000000e+02 4.137145717683854e-02
2.888012400000000e+02 4.844800947417804e-02
2.888839200000000e+02 5.442498472069690e-02
2.889666000000000e+02 6.053434795642887e-02
2.890492800000000e+02 6.690574534641103e-02
2.891319600000000e+02 7.217767729788904e-02
2.892146400000000e+02 7.644989572769667e-02
2.892973200000000e+02 8.097907678918326e-02
2.893800000000000e+02 8.529618039651687e-02
2.894626800000000e+02 8.819039909162607e-02
2.895453600000000e+02 9.036125555593022e-02
2.896280400000000e+02 9.280946206140039e-02
2.897107200000000e+02 9.456443984025475e-02
2.897934000000000e+02 9.482997505203583e-02
2.898760800000000e+02 9.474897747610700e-02
2.899587600000000e+02 9.484239114703441e-02
2.900414400000000e+02 9.385034250397895e-02
2.901241200000000e+02 9.156464948059451e-02
2.902068000000000e+02 8.931704107347394e-02
2.902894800000000e+02 8.703457285492922e-02
2.903721600000000e+02 8.344681677072563e-02
2.904548400000000e+02 7.897666062261821e-02
2.905375200000000e+02 7.485120865009098e-02
2.906202000000000e+02 7.042494412455724e-02
2.907028800000000e+02 6.469748722817392e-02
2.907855600000000e+02 5.862709122677134e-02
2.908682400000000e+02 5.307128705096875e-02
2.909509200000000e+02 4.696142015301141e-02
2.910336000000000e+02 3.978593438963085e-02
2.911162800000000e+02 3.282819712203577e-02
2.911989600000000e+02 2.639802302241667e-02
2.912816400000000e+02 1.924427437777776e-02
2.913643200000000e+02 1.145392920731225e-02
2.914470000000000e+02 4.359696234065069e-03
2.915296800000000e+02 -2.331625911545787e-03
2.916123600000000e+02 -9.777514912690299e-03
2.916950400000000e+02 -1.731281209160140e-02
2.917777200000000e+02 -2.383584246255566e-02
2.918604000000000e+02 -3.016784041740428e-02
2.919430800000000e+02 -3.712164574295373e-02
2.920257600000000e+02 -4.359655076551938e-02
2.921084400000000e+02 -4.894807636543419e-02
2.921911200000000e+02 -5.434058488248372e-02
2.922738000000000e+02 -6.006887231180080e-02
2.923564800000000e+02 -6.482886440580804e-02
2.924391600000000e+02 -6.856029536575292e-02
2.925218400000000e+02 -7.251767672005227e-02
2.926045200000000e+02 -7.641621712050617e-02
2.926872000000000e+02 -7.902073034211310e-02
2.927698800000000e+02 -8.085974450216982e-02
2.928525600000000e+02 -8.301062316654850e-02
2.929352400000000e+02 -8.467002493608711e-02
2.930179200000000e+02 -8.492808846686195e-02
2.931006000000000e+02 -8.478578199944975e-02
2.931832800000000e+02 -8.491661974768117e-02
2.932659600000000e+02 -8.416856032361830e-02
2.933486400000000e+02 -8.214600129571747e-02
2.934313200000000e+02 -8.011008631913352e-02
2.935140000000000e+02 -7.819024157647247e-02
2.935966800000000e+02 -7.512936032877848e-02
2.936793600000000e+02 -7.112943969498831e-02
2.937620400000000e+02 -6.744705256034378e-02
2.938447200000000e+02 -6.364227733283878e-02
2.939274000000000e+02 -5.862073354390940e-02
2.940100800000000e+02 -5.314221663435104e-02
2.940927600000000e+02 -4.819525815142378e-02
2.941754400000000e+02 -4.286614812651290e-02
2.942581200000000e+02 -3.646007609772783e-02
2.943408000000000e+02 -3.013823872859278e-02
2.944234800000000e+02 -2.441311106617994e-02
2.945061600000000e+02 -1.809517320360132e-02
2.945888400000000e+02 -1.104484458346111e-02
2.946715200000000e+02 -4.581885944548447e-03
2.947542000000000e+02 1.365608749440472e-03
2.948368800000000e+02 8.002574930788042e-03
2.949195600000000e+02 1.487416393411611e-02
2.950022400000000e+02 2.078233962374565e-02
2.950849200000000e+02 2.636700041585971e-02
2.951676000000000e+02 3.258043002606525e-02
2.952502800000000e+02 3.846278840639838e-02
2.953329600000000e+02 4.319650827475263e-02
2.954156400000000e+02 4.784899902448270e-02
2.954983200000000e+02 5.290309943366045e-02
2.955810000000000e+02 5.709677627540766e-02
2.956636800000000e+02 6.017304300730808e-02
2.957463600000000e+02 6.339030584539884e-02
2.958290400000000e+02 6.664679248364080e-02
2.959117200000000e+02 6.865286168035634e-02
2.959944000000000e+02 6.977145922334704e-02
2.960770800000000e+02 7.117065621458740e-02
2.961597600000000e+02 7.217975917512076e-02
2.962424400000000e+02 7.176766909548482e-02
2.963251200000000e+02 7.083984158582146e-02
2.964078000000000e+02 7.021157746379914e-02
2.964904800000000e+02 6.878912120975733e-02
2.965731600000000e+02 6.603223528521129e-02
2.966558400000000e+02 6.319046760112212e-02
2.967385200000000e+02 6.054375132663958e-02
2.968212000000000e+02 5.681906557589056e-02
2.969038800000000e+02 5.209129408138524e-02
2.969865600000000e+02 4.767967656131589e-02
2.970692400000000e+02 4.326832663018398e-02
2.971519200000000e+02 3.769014458540298e-02
2.972346000000000e+02 3.162263451854763e-02
2.973172800000000e+02 2.616752841057390e-02
2.973999600000000e+02 2.048723443286837e-02
2.974826400000000e+02 1.378088746461348e-02
2.975653200000000e+02 7.183603174581998e-03
2.976480000000000e+02 1.344497836882064e-03
2.977306800000000e+02 -4.907108685556438e-03
2.978133600000000e+02 -1.182905733536921e-02
2.978960400000000e+02 -1.807105784167196e-02
2.979787200000000e+02 -2.356940776991123e-02
2.980614000000000e+02 -2.957051372001118e-02
2.981440800000000e+02 -3.573276138809178e-02
2.982267600000000e+02 -4.077514842080820e-02
2.983094400000000e+02 -4.522529374619377e-02
2.983921200000000e+02 -5.013755054552349e-02
2.984748000000000e+02 -5.464294025762073e-02
2.985574800000000e+02 -5.779507769268932e-02
2.986401600000000e+02 -6.059590863129605e-02
2.987228400000000e+02 -6.368603567641984e-02
2.988055200000000e+02 -6.585048483110767e-02
2.988882000000000e+02 -6.667036179170882e-02
2.989708800000000e+02 -6.741040373396656e-02
2.990535600000000e+02 -6.816523367850158e-02
2.991362400000000e+02 -6.762490672666122e-02
2.992189200000000e+02 -6.598227149972657e-02
2.993016000000000e+02 -6.450332710223117e-02
2.993842800000000e+02 -6.271788758725805e-02
2.994669600000000e+02 -5.949101949088287e-02
2.995496400000000e+02 -5.558836346056029e-02
2.996323200000000e+02 -5.201736623589270e-02
2.997150000000000e+02 -4.784006386055961e-02
2.997976800000000e+02 -4.233271000703520e-02
2.998803600000000e+02 -3.667935526786570e-02
2.999630400000000e+02 -3.142140947857286e-02
3.000457200000000e+02 -2.534768216878780e-02
3.001284000000000e+02 -1.830110797044604e-02
3.002110800000000e+02 -1.164297363307532e-02
3.002937600000000e+02 -5.335486567934478e-03
3.003764400000000e+02 1.850472661112712e-03
3.004591200000000e+02 9.464097335719623e-03
3.005418000000000e+02 1.624875658896885e-02
3.006244800000000e+02 2.281429264518797e-02
3.007071600000000e+02 3.014244653300235e-02
3.007898400000000e+02 3.726097716326837e-02
3.008725200000000e+02 4.328331148444142e-02
3.009552000000000e+02 4.926067432313963e-02
3.010378800000000e+02 5.570897848456158e-02
3.011205600000000e+02 6.133612541090661e-02
3.012032400000000e+02 6.581634982712425e-02
3.012859200000000e+02 7.041183360199299e-02
3.013686000000000e+02 7.505238480400378e-02
3.014512800000000e+02 7.840324299102264e-02
3.015339600000000e+02 8.076987923797863e-02
3.016166400000000e+02 8.334426057475486e-02
3.016993200000000e+02 8.548010913446769e-02
3.017820000000000e+02 8.609227008055298e-02
3.018646800000000e+02 8.604773259569165e-02
3.019473600000000e+02 8.620092410242441e-02
3.020300400000000e+02 8.547167709203962e-02
3.021127200000000e+02 8.326401811827311e-02
3.021954000000000e+02 8.081055217780242e-02
3.022780800000000e+02 7.843844892792240e-02
3.023607600000000e+02 7.487650895587594e-02
3.024434400000000e+02 7.014804191045543e-02
3.025261200000000e+02 6.557501417464739e-02
3.026088000000000e+02 6.089020415956781e-02
3.026914800000000e+02 5.491744417011957e-02
3.027741600000000e+02 4.829020111745141e-02
3.028568400000000e+02 4.212863394073929e-02
3.029395200000000e+02 3.564022098602848e-02
3.030222000000000e+02 2.800567784520169e-02
3.031048800000000e+02 2.032517375754661e-02
3.031875600000000e+02 1.327780546242163e-02
3.032702400000000e+02 5.730973583677246e-03
3.033529200000000e+02 -2.599089046263825e-03
3.034356000000000e+02 -1.038698736205235e-02
3.035182800000000e+02 -1.753103486687102e-02
3.036009600000000e+02 -2.524861913723797e-02
3.036836400000000e+02 -3.322907652668583e-02
3.037663200000000e+02 -4.020523258504061e-02
3.038490000000000e+02 -4.666170581713747e-02
3.039316800000000e+02 -5.363365278517862e-02
3.040143600000000e+02 -6.028474619975177e-02
3.040970400000000e+02 -6.567045183052644e-02
3.041797200000000e+02 -7.074723599456811e-02
3.042624000000000e+02 -7.614573255456136e-02
3.043450800000000e+02 -8.068157836699419e-02
3.044277600000000e+02 -8.392536537858120e-02
3.045104400000000e+02 -8.709592417034229e-02
3.045931200000000e+02 -9.028557741166598e-02
3.046758000000000e+02 -9.220955787601193e-02
3.047584800000000e+02 -9.303813400909033e-02
3.048411600000000e+02 -9.399269600489146e-02
3.049238400000000e+02 -9.460671992906444e-02
3.050065200000000e+02 -9.376244527637334e-02
3.050892000000000e+02 -9.219187851849420e-02
3.051718800000000e+02 -9.086117921341708e-02
3.052545600000000e+02 -8.884079169670112e-02
3.053372400000000e+02 -8.541435523673857e-02
3.054199200000000e+02 -8.172334707649187e-02
3.055026000000000e+02 -7.827426384572633e-02
3.055852800000000e+02 -7.386819324704852e-02
3.056679600000000e+02 -6.834464025245734e-02
3.057506400000000e+02 -6.301747269028202e-02
3.058333200000000e+02 -5.782439603826317e-02
3.059160000000000e+02 -5.155110130247487e-02
3.059986800000000e+02 -4.463455122301907e-02
3.060813600000000e+02 -3.828581843526169e-02
3.061640400000000e+02 -3.188460965588513e-02
3.062467200000000e+02 -2.446426749376662e-02
3.063294000000000e+02 -1.697598432130176e-02
3.064120800000000e+02 -1.027113264059798e-02
3.064947600000000e+02 -3.303175859900476e-03
3.065774400000000e+02 4.430695626957526e-03
3.066601200000000e+02 1.165970675147920e-02
3.067428000000000e+02 1.807547243751839e-02
3.068254800000000e+02 2.492306320898385e-02
3.069081600000000e+02 3.212119264592161e-02
3.069908400000000e+02 3.834726381767095e-02
3.070735200000000e+02 4.390358155825635e-02
3.071562000000000e+02 4.995789976244569e-02
3.072388800000000e+02 5.585084972482968e-02
3.073215600000000e+02 6.049224264920028e-02
3.074042400000000e+02 6.472942516594649e-02
3.074869200000000e+02 6.938996274553333e-02
3.075696000000000e+02 7.337141426924609e-02
3.076522800000000e+02 7.605381622774499e-02
3.077349600000000e+02 7.864284034532365e-02
3.078176400000000e+02 8.143636101907248e-02
3.079003200000000e+02 8.312557566382384e-02
3.079830000000000e+02 8.369791229077350e-02
3.080656800000000e+02 8.445037117049115e-02
3.081483600000000e+02 8.507972932720331e-02
3.082310400000000e+02 8.435725597044508e-02
3.083137200000000e+02 8.288224857617310e-02
3.083964000000000e+02 8.175595525988111e-02
3.084790800000000e+02 8.013828761803987e-02
3.085617600000000e+02 7.715216844537609e-02
3.086444400000000e+02 7.387899413871502e-02
3.087271200000000e+02 7.098228013409180e-02
3.088098000000000e+02 6.727059941333202e-02
3.088924800000000e+02 6.241370788400924e-02
3.089751600000000e+02 5.774056471907074e-02
3.090578400000000e+02 5.333440593191840e-02
3.091405200000000e+02 4.791656195062544e-02
3.092232000000000e+02 4.177874923232927e-02
3.093058800000000e+02 3.621139948575702e-02
3.093885600000000e+02 3.070488270372540e-02
3.094712400000000e+02 2.417553753270552e-02
3.095539200000000e+02 1.747651709287934e-02
3.096366000000000e+02 1.158589923011655e-02
3.097192800000000e+02 5.518631897522663e-03
3.098019600000000e+02 -1.376787114516942e-03
3.098846400000000e+02 -7.866625785117654e-03
3.099673200000000e+02 -1.348756294529307e-02
3.100500000000000e+02 -1.948178058204875e-02
3.101326800000000e+02 -2.592777945862279e-02
3.102153600000000e+02 -3.147102798905366e-02
3.102980400000000e+02 -3.625270789252388e-02
3.103807200000000e+02 -4.150316434555057e-02
3.104634000000000e+02 -4.671151972834831e-02
3.105460800000000e+02 -5.068432886274066e-02
3.106287600000000e+02 -5.412904381711081e-02
3.107114400000000e+02 -5.800317923073295e-02
3.107941200000000e+02 -6.131500192772588e-02
3.108768000000000e+02 -6.327715507455767e-02
3.109594800000000e+02 -6.500904999633461e-02
3.110421600000000e+02 -6.699641281475488e-02
3.111248400000000e+02 -6.797474992932184e-02
3.112075200000000e+02 -6.772193858265974e-02
3.112902000000000e+02 -6.753348692711225e-02
3.113728800000000e+02 -6.732547580583259e-02
3.114555600000000e+02 -6.582418713729965e-02
3.115382400000000e+02 -6.341571305299853e-02
3.116209200000000e+02 -6.130311409025702e-02
3.117036000000000e+02 -5.885400851276057e-02
3.117862800000000e+02 -5.505093207348677e-02
3.118689600000000e+02 -5.080760299141995e-02
3.119516400000000e+02 -4.698707483452313e-02
3.120343200000000e+02 -4.254366970675016e-02
3.121170000000000e+02 -3.693047155648355e-02
3.121996800000000e+02 -3.140047903747245e-02
3.122823600000000e+02 -2.629945277141565e-02
3.123650400000000e+02 -2.039100998702592e-02
3.124477200000000e+02 -1.371802652203025e-02
3.125304000000000e+02 -7.612965682105566e-03
3.126130800000000e+02 -1.833989957339410e-03
3.126957600000000e+02 4.779939925342203e-03
3.127784400000000e+02 1.159886786859798e-02
3.128611200000000e+02 1.749078461818243e-02
3.129438000000000e+02 2.323134793003556e-02
3.130264800000000e+02 2.965146001697627e-02
3.131091600000000e+02 3.566254977962902e-02
3.131918400000000e+02 4.057488653994157e-02
3.132745200000000e+02 4.552768758121839e-02
3.133572000000000e+02 5.083405348449754e-02
3.134398800000000e+02 5.517837402440673e-02
3.135225600000000e+02 5.846308278873502e-02
3.136052400000000e+02 6.193788649447329e-02
3.136879200000000e+02 6.532248938593332e-02
3.137706000000000e+02 6.736147607151288e-02
3.138532800000000e+02 6.857073418754767e-02
3.139359600000000e+02 7.002970857096913e-02
3.140186400000000e+02 7.092287842273526e-02
3.141013200000000e+02 7.033411875843343e-02
3.141840000000000e+02 6.927713595629836e-02
3.142666800000000e+02 6.841762261934969e-02
3.143493600000000e+02 6.658691554129748e-02
3.144320400000000e+02 6.341393425682873e-02
3.145147200000000e+02 6.018248552007177e-02
3.145974000000000e+02 5.699637052189355e-02
3.146800800000000e+02 5.259844505650291e-02
3.147627600000000e+02 4.724606698483902e-02
3.148454400000000e+02 4.220649708531721e-02
3.149281200000000e+02 3.700369570030559e-02
3.150108000000000e+02 3.057658671493479e-02
3.150934800000000e+02 2.375311777047906e-02
3.151761600000000e+02 1.750577427883893e-02
3.152588400000000e+02 1.089275010587831e-02
3.153415200000000e+02 3.286700342093107e-03
3.154242000000000e+02 -4.096943552432508e-03
3.155068800000000e+02 -1.078725051947371e-02
3.155895600000000e+02 -1.797609373681708e-02
3.156722400000000e+02 -2.571917777818000e-02
3.157549200000000e+02 -3.267717127780922e-02
3.158376000000000e+02 -3.897323757988869e-02
3.159202800000000e+02 -4.578428091030273e-02
3.160029600000000e+02 -5.258297108159904e-02
3.160856400000000e+02 -5.819018122411601e-02
3.161683200000000e+02 -6.328711828224898e-02
3.162510000000000e+02 -6.878057880035615e-02
3.163336800000000e+02 -7.367267481194761e-02
3.164163600000000e+02 -7.718930189595408e-02
3.164990400000000e+02 -8.041862288267321e-02
3.165817200000000e+02 -8.380448275136021e-02
3.166644000000000e+02 -8.608716696248175e-02
3.167470800000000e+02 -8.705556723842067e-02
3.168297600000000e+02 -8.797357009016726e-02
3.169124400000000e+02 -8.872796232126290e-02
3.169951200000000e+02 -8.805808661127656e-02
3.170778000000000e+02 -8.635857618738807e-02
3.171604800000000e+02 -8.480511085811049e-02
3.172431600000000e+02 -8.274840768014935e-02
3.173258400000000e+02 -7.918841429590928e-02
3.174085200000000e+02 -7.504634743047889e-02
3.174912000000000e+02 -7.116461767412419e-02
3.175738800000000e+02 -6.648947470934063e-02
3.176565600000000e+02 -6.049293274690892e-02
3.177392400000000e+02 -5.443664285759098e-02
3.178219200000000e+02 -4.865168189614655e-02
3.179046000000000e+02 -4.189777475939049e-02
3.179872800000000e+02 -3.423772251125834e-02
3.180699600000000e+02 -2.701512280895579e-02
3.181526400000000e+02 -1.997599254026572e-02
3.182353200000000e+02 -1.195637441541775e-02
3.183180000000000e+02 -3.608539013839396e-03
3.184006800000000e+02 3.922492022009338e-03
3.184833600000000e+02 1.142606850111749e-02
3.185660400000000e+02 1.973537889078480e-02
3.186487200000000e+02 2.773515030381313e-02
3.187314000000000e+02 3.472314070515248e-02
3.188140800000000e+02 4.185646704181356e-02
3.188967600000000e+02 4.944744262101730e-02
3.189794400000000e+02 5.614800659989627e-02
3.190621200000000e+02 6.185173281866230e-02
3.191448000000000e+02 6.783049635776917e-02
3.192274800000000e+02 7.379597477281064e-02
3.193101600000000e+02 7.845454728493662e-02
3.193928400000000e+02 8.231980417648266e-02
3.194755200000000e+02 8.649497835168007e-02
3.195582000000000e+02 9.014476580262565e-02
3.196408800000000e+02 9.231086352419660e-02
3.197235600000000e+02 9.401331060788209e-02
3.198062400000000e+02 9.593836076694762e-02
3.198889200000000e+02 9.688244780960098e-02
3.199716000000000e+02 9.643230576528961e-02
3.200542800000000e+02 9.588744272362903e-02
3.201369600000000e+02 9.536283512514221e-02
3.202196400000000e+02 9.355086108601007e-02
3.203023200000000e+02 9.067280530078503e-02
3.203850000000000e+02 8.801968919812320e-02
3.204676800000000e+02 8.511133575297980e-02
3.205503600000000e+02 8.082471720550999e-02
3.206330400000000e+02 7.596488579202232e-02
3.207157200000000e+02 7.153223423351363e-02
3.207984000000000e+02 6.656221815193131e-02
3.208810800000000e+02 6.036313344541411e-02
3.209637600000000e+02 5.414622492611054e-02
3.210464400000000e+02 4.840859025478816e-02
3.211291200000000e+02 4.191887140741946e-02
3.212118000000000e+02 3.456671598430439e-02
3.212944800000000e+02 2.770743745922088e-02
3.213771600000000e+02 2.123676457452983e-02
3.214598400000000e+02 1.392947219870955e-02
3.215425200000000e+02 6.279119524431609e-03
3.216252000000000e+02 -5.023872610959712e-04
3.217078800000000e+02 -7.086760490247368e-03
3.217905600000000e+02 -1.442602189234432e-02
3.218732400000000e+02 -2.152914659997518e-02
3.219559200000000e+02 -2.757875050557912e-02
3.220386000000000e+02 -3.365994271813988e-02
3.221212800000000e+02 -4.024735191669404e-02
3.222039600000000e+02 -4.606219702062198e-02
3.222866400000000e+02 -5.084529867038234e-02
3.223693200000000e+02 -5.585730627001684e-02
3.224520000000000e+02 -6.099544985788918e-02
3.225346800000000e+02 -6.496040257170521e-02
3.226173600000000e+02 -6.809640988813415e-02
3.227000400000000e+02 -7.156966208961935e-02
3.227827200000000e+02 -7.472272871615560e-02
3.228654000000000e+02 -7.650484547790348e-02
3.229480800000000e+02 -7.778410518064116e-02
3.230307600000000e+02 -7.938626357559020e-02
3.231134400000000e+02 -8.023826597015682e-02
3.231961200000000e+02 -7.975442640427777e-02
3.232788000000000e+02 -7.914060954855928e-02
3.233614800000000e+02 -7.871012507535968e-02
3.234441600000000e+02 -7.720034787810082e-02
3.235268400000000e+02 -7.461124638232475e-02
3.236095200000000e+02 -7.223261411728166e-02
3.236922000000000e+02 -6.980190671169473e-02
3.237748800000000e+02 -6.613376877681587e-02
3.238575600000000e+02 -6.181404871076568e-02
3.239402400000000e+02 -5.794656078217042e-02
3.240229200000000e+02 -5.375117629712622e-02
3.241056000000000e+02 -4.837287804206825e-02
3.241882800000000e+02 -4.286234261429200e-02
3.242709600000000e+02 -3.790653015505363e-02
3.243536400000000e+02 -3.237655898554792e-02
3.244363200000000e+02 -2.593430686977127e-02
3.245190000000000e+02 -1.987612925467153e-02
3.246016800000000e+02 -1.432843977922271e-02
3.246843600000000e+02 -8.059180749104278e-03
3.247670400000000e+02 -1.326478655034657e-03
3.248497200000000e+02 4.601183184781088e-03
3.249324000000000e+02 1.018285788564266e-02
3.250150800000000e+02 1.648230557976782e-02
3.250977600000000e+02 2.269292420946944e-02
3.251804400000000e+02 2.784547463967446e-02
3.252631200000000e+02 3.288285698204363e-02
3.253458000000000e+02 3.846163600193386e-02
3.254284800000000e+02 4.339528120174296e-02
3.255111600000000e+02 4.722444225259692e-02
3.255938400000000e+02 5.116701191129158e-02
3.256765200000000e+02 5.532009350539657e-02
3.257592000000000e+02 5.837327002096004e-02
3.258418800000000e+02 6.047912655455845e-02
3.259245600000000e+02 6.285860268217658e-02
3.260072400000000e+02 6.502071837459567e-02
3.260899200000000e+02 6.581990385359993e-02
3.261726000000000e+02 6.598877600321740e-02
3.262552800000000e+02 6.647683127865855e-02
3.263379600000000e+02 6.630980335256953e-02
3.264206400000000e+02 6.476351272704217e-02
3.265033200000000e+02 6.298965522805144e-02
3.265860000000000e+02 6.145247045035362e-02
3.266686800000000e+02 5.891082071678033e-02
3.267513600000000e+02 5.522680086293930e-02
3.268340400000000e+02 5.171685548170846e-02
3.269167200000000e+02 4.825677968288777e-02
3.269994000000000e+02 4.361719809167364e-02
3.270820800000000e+02 3.828109743195585e-02
3.271647600000000e+02 3.344034988639710e-02
3.272474400000000e+02 2.841307443270336e-02
3.273301200000000e+02 2.225768250944626e-02
3.274128000000000e+02 1.597500965062004e-02
3.274954800000000e+02 1.037423111016378e-02
3.275781600000000e+02 4.371177821531624e-03
3.276608400000000e+02 -2.477862947160236e-03
3.277435200000000e+02 -8.869594001913450e-03
3.278262000000000e+02 -1.454755760718929e-02
3.279088800000000e+02 -2.075671460354800e-02
3.279915600000000e+02 -2.734450919922826e-02
3.280742400000000e+02 -3.298267447663383e-02
3.281569200000000e+02 -3.801529664878955e-02
3.282396000000000e+02 -4.357677028226836e-02
3.283222800000000e+02 -4.894978262147065e-02
3.284049600000000e+02 -5.305936586528459e-02
3.284876400000000e+02 -5.677052431242280e-02
3.285703200000000e+02 -6.086504173181151e-02
3.286530000000000e+02 -6.421132627872439e-02
3.287356800000000e+02 -6.620908847049345e-02
3.288183600000000e+02 -6.805873051662670e-02
3.289010400000000e+02 -7.002568993606917e-02
3.289837200000000e+02 -7.079900922342297e-02
3.290664000000000e+02 -7.037488954806315e-02
3.291490800000000e+02 -7.003857940763525e-02
3.292317600000000e+02 -6.948424189934999e-02
3.293144400000000e+02 -6.749207345432151e-02
3.293971200000000e+02 -6.465544698254988e-02
3.294798000000000e+02 -6.207958226056220e-02
3.295624800000000e+02 -5.895002091368817e-02
3.296451600000000e+02 -5.439084737995470e-02
3.297278400000000e+02 -4.947329795166377e-02
3.298105200000000e+02 -4.489501117891792e-02
3.298932000000000e+02 -3.950053647886764e-02
3.299758800000000e+02 -3.294336380369722e-02
3.300585600000000e+02 -2.655586207812655e-02
3.301412400000000e+02 -2.048274300015107e-02
3.302239200000000e+02 -1.346852465094384e-02
3.303066000000000e+02 -5.776279116281757e-03
3.303892800000000e+02 1.273782533142809e-03
3.304719600000000e+02 8.121908922980703e-03
3.305546400000000e+02 1.585603933560131e-02
3.306373200000000e+02 2.364875781423348e-02
3.307200000000000e+02 3.046799360960162e-02
3.308026800000000e+02 3.724695270415324e-02
3.308853600000000e+02 4.466714169448505e-02
3.309680400000000e+02 5.150368176242737e-02
3.310507200000000e+02 5.723296428783275e-02
3.311334000000000e+02 6.307975579732117e-02
3.312160800000000e+02 6.916279265206071e-02
3.312987600000000e+02 7.411779907375493e-02
3.313814400000000e+02 7.804348250566373e-02
3.314641200000000e+02 8.218603331108487e-02
3.315468000000000e+02 8.606723044793074e-02
3.316294800000000e+02 8.847858588761714e-02
3.317121600000000e+02 9.011874660367591e-02
3.317948400000000e+02 9.197665113341169e-02
3.318775200000000e+02 9.307810645694348e-02
3.319602000000000e+02 9.263584396926339e-02
3.320428800000000e+02 9.179153979311883e-02
3.321255600000000e+02 9.105542852366044e-02
3.322082400000000e+02 8.917337006652737e-02
3.322909200000000e+02 8.595225655301986e-02
3.323736000000000e+02 8.272070821887523e-02
3.324562800000000e+02 7.939938111173706e-02
3.325389600000000e+02 7.473526641308681e-02
3.326216400000000e+02 6.916893076849018e-02
3.327043200000000e+02 6.392123172894781e-02
3.327870000000000e+02 5.834849494477379e-02
3.328696800000000e+02 5.147840445395069e-02
3.329523600000000e+02 4.428368039641506e-02
3.330350400000000e+02 3.761307784272172e-02
3.331177200000000e+02 3.041103295635716e-02
3.332004000000000e+02 2.219932908654132e-02
3.332830800000000e+02 1.426694997402334e-02
3.333657600000000e+02 6.915295366159091e-03
3.334484400000000e+02 -1.082584971339284e-03
3.335311200000000e+02 -9.609536827683396e-03
3.336138000000000e+02 -1.733883938847403e-02
3.336964800000000e+02 -2.456804449761929e-02
3.337791600000000e+02 -3.242378518151567e-02
3.338618400000000e+02 -4.022223773786004e-02
3.339445200000000e+02 -4.687807870824889e-02
3.340272000000000e+02 -5.321071325786253e-02
3.341098800000000e+02 -6.000302818047298e-02
3.341925600000000e+02 -6.615211345068051e-02
3.342752400000000e+02 -7.103613948532650e-02
3.343579200000000e+02 -7.581243512629898e-02
3.344406000000000e+02 -8.075430691188856e-02
3.345232800000000e+02 -8.457198368106333e-02
3.346059600000000e+02 -8.722971477559849e-02
3.346886400000000e+02 -8.997321054786378e-02
3.347713200000000e+02 -9.250906778205170e-02
3.348540000000000e+02 -9.362903140922285e-02
3.349366800000000e+02 -9.388510643007608e-02
3.350193600000000e+02 -9.434759448375551e-02
3.351020400000000e+02 -9.421733503729302e-02
3.351847200000000e+02 -9.261874403665937e-02
3.352674000000000e+02 -9.057390932290421e-02
3.353500800000000e+02 -8.875217629794696e-02
3.354327600000000e+02 -8.601507169092926e-02
3.355154400000000e+02 -8.200409634959216e-02
3.355981200000000e+02 -7.799789144571778e-02
3.356808000000000e+02 -7.412276534405426e-02
3.357634800000000e+02 -6.914049868271210e-02
3.358461600000000e+02 -6.328969909636006e-02
3.359288400000000e+02 -5.783805306672685e-02
3.360115200000000e+02 -5.234040747746271e-02
3.360942000000000e+02 -4.572400727792503e-02
3.361768800000000e+02 -3.878148761205802e-02
3.362595600000000e+02 -3.250193576238825e-02
3.363422400000000e+02 -2.596260091623181e-02
3.364249200000000e+02 -1.849211154177921e-02
3.365076000000000e+02 -1.127623463053562e-02
3.365902800000000e+02 -4.813973749426159e-03
3.366729600000000e+02 2.095463386536767e-03
3.367556400000000e+02 9.567325451332653e-03
3.368383200000000e+02 1.627097412305389e-02
3.369210000000000e+02 2.230574800136997e-02
3.370036800000000e+02 2.888586222645362e-02
3.370863600000000e+02 3.553396456852409e-02
3.371690400000000e+02 4.105893424078599e-02
3.372517200000000e+02 4.613706508126425e-02
3.373344000000000e+02 5.172374371938948e-02
3.374170800000000e+02 5.684307843332159e-02
3.374997600000000e+02 6.070214457964818e-02
3.375824400000000e+02 6.440515736352892e-02
3.376651200000000e+02 6.843050593984401e-02
3.377478000000000e+02 7.151099935847505e-02
3.378304800000000e+02 7.342652814402439e-02
3.379131600000000e+02 7.546415560569508e-02
3.379958400000000e+02 7.751231366264988e-02
3.380785200000000e+02 7.828848607803884e-02
3.381612000000000e+02 7.819541074627556e-02
3.382438800000000e+02 7.841661162640312e-02
3.383265600000000e+02 7.827029605872993e-02
3.384092400000000e+02 7.674167723861813e-02
3.384919200000000e+02 7.476950510306424e-02
3.385746000000000e+02 7.317108221472113e-02
3.386572800000000e+02 7.084331377845954e-02
3.387399600000000e+02 6.726514272789252e-02
3.388226400000000e+02 6.370699718735329e-02
3.389053200000000e+02 6.044053489151857e-02
3.389880000000000e+02 5.618557123497203e-02
3.390706800000000e+02 5.103266621235725e-02
3.391533600000000e+02 4.630845789015592e-02
3.392360400000000e+02 4.168248293639121e-02
3.393187200000000e+02 3.598105013539854e-02
3.394014000000000e+02 2.989029555964329e-02
3.394840800000000e+02 2.450840902261486e-02
3.395667600000000e+02 1.897993461698766e-02
3.396494400000000e+02 1.249648724427177e-02
3.397321200000000e+02 6.194840176170335e-03
3.398148000000000e+02 7.134167853881657e-04
3.398974800000000e+02 -5.137496297174082e-03
3.399801600000000e+02 -1.162391920347139e-02
3.400628400000000e+02 -1.739859869818083e-02
3.401455200000000e+02 -2.241221883620237e-02
3.402282000000000e+02 -2.792905786519129e-02
3.403108800000000e+02 -3.361445543837727e-02
3.403935600000000e+02 -3.819270275243514e-02
3.404762400000000e+02 -4.220642061796909e-02
3.405589200000000e+02 -4.672358875106208e-02
3.406416000000000e+02 -5.087913277550127e-02
3.407242800000000e+02 -5.373263866681610e-02
3.408069600000000e+02 -5.629827746042648e-02
3.408896400000000e+02 -5.922312986471467e-02
3.409723200000000e+02 -6.129294710325561e-02
3.410550000000000e+02 -6.209427631311160e-02
3.411376800000000e+02 -6.289755214050918e-02
3.412203600000000e+02 -6.379583354350726e-02
3.413030400000000e+02 -6.347846508721422e-02
3.413857200000000e+02 -6.214131288895586e-02
3.414684000000000e+02 -6.104667816492937e-02
3.415510800000000e+02 -5.971710207531977e-02
3.416337600000000e+02 -5.701769498738885e-02
3.417164400000000e+02 -5.371185161053360e-02
3.417991200000000e+02 -5.079379818015073e-02
3.418818000000000e+02 -4.731758487068505e-02
3.419644800000000e+02 -4.256102401867745e-02
3.420471600000000e+02 -3.769801548276941e-02
3.421298400000000e+02 -3.325087554975892e-02
3.422125200000000e+02 -2.800512686506118e-02
3.422952000000000e+02 -2.180526388140602e-02
3.423778800000000e+02 -1.599395552699245e-02
3.424605600000000e+02 -1.051503121504105e-02
3.425432400000000e+02 -4.143997806109523e-03
3.426259200000000e+02 2.669705920430032e-03
3.427086000000000e+02 8.693818491072314e-03
3.427912800000000e+02 1.454885180119192e-02
3.428739600000000e+02 2.120438007018655e-02
3.429566400000000e+02 2.769487559856132e-02
3.430393200000000e+02 3.315845339694368e-02
3.431220000000000e+02 3.864476746265788e-02
3.432046800000000e+02 4.465340807806473e-02
3.432873600000000e+02 4.990469511840601e-02
3.433700400000000e+02 5.409189202702236e-02
3.434527200000000e+02 5.846286235637821e-02
3.435354000000000e+02 6.293141832025528e-02
3.436180800000000e+02 6.617917429165310e-02
3.437007600000000e+02 6.852088765073283e-02
3.437834400000000e+02 7.112452059968610e-02
3.438661200000000e+02 7.333190608790452e-02
3.439488000000000e+02 7.407568343062843e-02
3.440314800000000e+02 7.422136992705175e-02
3.441141600000000e+02 7.459453879532285e-02
3.441968400000000e+02 7.410970968006148e-02
3.442795200000000e+02 7.218823816273390e-02
3.443622000000000e+02 7.005195166800693e-02
3.444448800000000e+02 6.799924826691650e-02
3.445275600000000e+02 6.476177441865649e-02
3.446102400000000e+02 6.037880041626364e-02
3.446929200000000e+02 5.615464327935216e-02
3.447756000000000e+02 5.179777161983490e-02
3.448582800000000e+02 4.614407940374987e-02
3.449409600000000e+02 3.984083985377485e-02
3.450236400000000e+02 3.398610992154905e-02
3.451063200000000e+02 2.777141927484339e-02
3.451890000000000e+02 2.039877376740029e-02
3.452716800000000e+02 1.297836353841475e-02
3.453543600000000e+02 6.165207692109820e-03
3.454370400000000e+02 -1.177675777560228e-03
3.455197200000000e+02 -9.305629373754454e-03
3.456024000000000e+02 -1.688941389181731e-02
3.456850800000000e+02 -2.385036567785448e-02
3.457677600000000e+02 -3.139718649585921e-02
3.458504400000000e+02 -3.918829874927954e-02
3.459331200000000e+02 -4.596080311229522e-02
3.460158000000000e+02 -5.221784416099173e-02
3.460984800000000e+02 -5.897422811993258e-02
3.461811600000000e+02 -6.536642563564399e-02
3.462638400000000e+02 -7.046248009885259e-02
3.463465200000000e+02 -7.523014587973986e-02
3.464292000000000e+02 -8.027260526032809e-02
3.465118800000000e+02 -8.438767243270362e-02
3.465945600000000e+02 -8.716496320547795e-02
3.466772400000000e+02 -8.982665161501047e-02
3.467599200000000e+02 -9.243693211403725e-02
3.468426000000000e+02 -9.370579616245511e-02
3.469252800000000e+02 -9.382606578052377e-02
3.470079600000000e+02 -9.401626464122115e-02
3.470906400000000e+02 -9.378704752809619e-02
3.471733200000000e+02 -9.202810634377478e-02
3.472560000000000e+02 -8.949495775306970e-02
3.473386800000000e+02 -8.714781669052862e-02
3.474213600000000e+02 -8.404318002258360e-02
3.475040400000000e+02 -7.948270887743303e-02
3.475867200000000e+02 -7.463077745068747e-02
3.476694000000000e+02 -6.998749999303877e-02
3.477520800000000e+02 -6.434952389575677e-02
3.478347600000000e+02 -5.758201727948897e-02
3.479174400000000e+02 -5.101996681801990e-02
3.480001200000000e+02 -4.459501135433863e-02
3.480828000000000e+02 -3.709663551298936e-02
3.481654800000000e+02 -2.899216137189409e-02
3.482481600000000e+02 -2.151000901395439e-02
3.483308400000000e+02 -1.402315995271075e-02
3.484135200000000e+02 -5.575330586518379e-03
3.484962000000000e+02 2.850585122256555e-03
3.485788800000000e+02 1.039299352235523e-02
3.486615600000000e+02 1.810691748761550e-02
3.487442400000000e+02 2.647959069834893e-02
3.488269200000000e+02 3.421184423003432e-02
3.489096000000000e+02 4.099580383014967e-02
3.489922800000000e+02 4.808631653035211e-02
3.490749600000000e+02 5.538316535930621e-02
3.491576400000000e+02 6.154458620800030e-02
3.492403200000000e+02 6.688564303746647e-02
3.493230000000000e+02 7.258287763637494e-02
3.494056800000000e+02 7.795821648168144e-02
3.494883600000000e+02 8.191690768559146e-02
3.495710400000000e+02 8.532886794477090e-02
3.496537200000000e+02 8.902703878208484e-02
3.497364000000000e+02 9.189594142296120e-02
3.498190800000000e+02 9.332759116215605e-02
3.499017600000000e+02 9.455398404848325e-02
3.499844400000000e+02 9.587468857762738e-02
3.500671200000000e+02 9.597889998603448e-02
3.501498000000000e+02 9.487908795182531e-02
3.502324800000000e+02 9.389539873964714e-02
3.503151600000000e+02 9.272539388231438e-02
3.503978400000000e+02 9.015153848501201e-02
3.504805200000000e+02 8.680306874048926e-02
3.505632000000000e+02 8.379683856995546e-02
3.506458800000000e+02 8.029685972605238e-02
3.507285600000000e+02 7.544728014433710e-02
3.508112400000000e+02 7.035490636090902e-02
3.508939200000000e+02 6.569129286171760e-02
3.509766000000000e+02 6.027498746577642e-02
3.510592800000000e+02 5.379920197816379e-02
3.511419600000000e+02 4.760722199095624e-02
3.512246400000000e+02 4.178598137593970e-02
3.513073200000000e+02 3.507121891089926e-02
3.513900000000000e+02 2.777132964876883e-02
3.514726800000000e+02 2.117861088198392e-02
3.515553600000000e+02 1.478631859759283e-02
3.516380400000000e+02 7.524476211160702e-03
3.517207200000000e+02 2.500048201325988e-04
3.518034000000000e+02 -6.066499055905727e-03
3.518860800000000e+02 -1.240669411965434e-02
3.519687600000000e+02 -1.941520747484970e-02
3.520514400000000e+02 -2.586842987799209e-02
3.521341200000000e+02 -3.131499374986546e-02
3.522168000000000e+02 -3.699438408675981e-02
3.522994800000000e+02 -4.298870989363357e-02
3.523821600000000e+02 -4.796389940840895e-02
3.524648400000000e+02 -5.207352679432398e-02
3.525475200000000e+02 -5.654786093892872e-02
3.526302000000000e+02 -6.088972650495150e-02
3.527128800000000e+02 -6.393097471783682e-02
3.527955600000000e+02 -6.638951841164920e-02
3.528782400000000e+02 -6.922586119184981e-02
3.529609200000000e+02 -7.146853045997503e-02
3.530436000000000e+02 -7.235536234898365e-02
3.531262800000000e+02 -7.301265618558739e-02
3.532089600000000e+02 -7.393043894285933e-02
3.532916400000000e+02 -7.386683117348269e-02
3.533743200000000e+02 -7.262130443415726e-02
3.534570000000000e+02 -7.149053047482334e-02
3.535396800000000e+02 -7.039358243830984e-02
3.536223600000000e+02 -6.807890873949585e-02
3.537050400000000e+02 -6.494782351222550e-02
3.537877200000000e+02 -6.219616056863619e-02
3.538704000000000e+02 -5.919200407694225e-02
3.539530800000000e+02 -5.493849459194144e-02
3.540357600000000e+02 -5.035515216404618e-02
3.541184400000000e+02 -4.628781101376134e-02
3.542011200000000e+02 -4.169027353006172e-02
3.542838000000000e+02 -3.603390455066180e-02
3.543664800000000e+02 -3.056492338469208e-02
3.544491600000000e+02 -2.560336804101226e-02
3.545318400000000e+02 -1.991494586726894e-02
3.546145200000000e+02 -1.355658442402763e-02
3.546972000000000e+02 -7.839735643201839e-03
3.547798800000000e+02 -2.493673772921534e-03
3.548625600000000e+02 3.634624418296983e-03
3.549452400000000e+02 9.908559761536484e-03
3.550279200000000e+02 1.522953433147045e-02
3.551106000000000e+02 2.039754365939417e-02
3.551932800000000e+02 2.622879701232073e-02
3.552759600000000e+02 3.163836687212784e-02
3.553586400000000e+02 3.597638514290624e-02
3.554413200000000e+02 4.039483501735275e-02
3.555240000000000e+02 4.518784729439507e-02
3.556066800000000e+02 4.905418702206232e-02
3.556893600000000e+02 5.193414656735873e-02
3.557720400000000e+02 5.507514296271376e-02
3.558547200000000e+02 5.817772197340787e-02
3.559374000000000e+02 6.000865119984400e-02
3.560200800000000e+02 6.111185691492460e-02
3.561027600000000e+02 6.255039333104728e-02
3.561854400000000e+02 6.349288105584061e-02
3.562681200000000e+02 6.304805387874912e-02
3.563508000000000e+02 6.224344118642255e-02
3.564334800000000e+02 6.171830071825601e-02
3.565161600000000e+02 6.029296905637516e-02
3.565988400000000e+02 5.761905568254655e-02
3.566815200000000e+02 5.497977395766696e-02
3.567642000000000e+02 5.244732962995868e-02
3.568468800000000e+02 4.875852442826567e-02
3.569295600000000e+02 4.418867295149531e-02
3.570122400000000e+02 3.999267944622875e-02
3.570949200000000e+02 3.566198143847699e-02
3.571776000000000e+02 3.013447139146197e-02
3.572602800000000e+02 2.425117033046886e-02
3.573429600000000e+02 1.896391096137007e-02
3.574256400000000e+02 1.330103029933472e-02
3.575083200000000e+02 6.640088932750698e-03
3.575910000000000e+02 2.054960931247019e-04
3.576736800000000e+02 -5.557609169407285e-03
3.577563600000000e+02 -1.186464600437243e-02
3.578390400000000e+02 -1.875939161912477e-02
3.579217200000000e+02 -2.489747743802373e-02
3.580044000000000e+02 -3.042991939853845e-02
3.580870800000000e+02 -3.654713970063905e-02
3.581697600000000e+02 -4.270319069179296e-02
3.582524400000000e+02 -4.771863028229062e-02
3.583351200000000e+02 -5.230090774242147e-02
3.584178000000000e+02 -5.735770283071262e-02
3.585004800000000e+02 -6.186859817463353e-02
3.585831600000000e+02 -6.506457956211598e-02
3.586658400000000e+02 -6.805429582774469e-02
3.587485200000000e+02 -7.126996184081147e-02
3.588312000000000e+02 -7.343009911328835e-02
3.589138800000000e+02 -7.433341441023944e-02
3.589965600000000e+02 -7.525515989723963e-02
3.590792400000000e+02 -7.606153798752069e-02
3.591619200000000e+02 -7.547560308690027e-02
3.592446000000000e+02 -7.390419550133198e-02
3.593272800000000e+02 -7.252425785464234e-02
3.594099600000000e+02 -7.066300077866949e-02
3.594926400000000e+02 -6.731235452671047e-02
3.595753200000000e+02 -6.340514512155015e-02
3.596580000000000e+02 -5.977705061928107e-02
3.597406800000000e+02 -5.535417275450305e-02
3.598233600000000e+02 -4.960884164876966e-02
3.599060400000000e+02 -4.381158548134534e-02
3.599887200000000e+02 -3.828310968720250e-02
3.600714000000000e+02 -3.177065362193354e-02
3.601540800000000e+02 -2.434362195084672e-02
3.602367600000000e+02 -1.735134666806215e-02
3.603194400000000e+02 -1.053048464206419e-02
3.604021200000000e+02 -2.713542996495399e-03
3.604848000000000e+02 5.437122226969682e-03
3.605674800000000e+02 1.277297438385994e-02
3.606501600000000e+02 2.008862418177648e-02
3.607328400000000e+02 2.821314297959654e-02
3.608155200000000e+02 3.602028602156260e-02
3.608982000000000e+02 4.280547372459365e-02
3.609808800000000e+02 4.972613946817395e-02
3.610635600000000e+02 5.708554321525727e-02
3.611462400000000e+02 6.352609905390649e-02
3.612289200000000e+02 6.893997496374316e-02
3.613116000000000e+02 7.459521026385973e-02
3.613942800000000e+02 8.019279014979031e-02
3.614769600000000e+02 8.443346973398180e-02
3.615596400000000e+02 8.783070301776419e-02
3.616423200000000e+02 9.148118627115398e-02
3.617250000000000e+02 9.454104520597673e-02
3.618076800000000e+02 9.605262795369718e-02
3.618903600000000e+02 9.703698098456770e-02
3.619730400000000e+02 9.817292650417986e-02
3.620557200000000e+02 9.825463376722587e-02
3.621384000000000e+02 9.687682767044736e-02
3.622210800000000e+02 9.533990967646921e-02
3.623037600000000e+02 9.375317293394114e-02
3.623864400000000e+02 9.081670557823407e-02
3.624691200000000e+02 8.676541806787930e-02
3.625518000000000e+02 8.288939509661108e-02
3.626344800000000e+02 7.870827503261701e-02
3.627171600000000e+02 7.311793565254221e-02
3.627998400000000e+02 6.693799814735335e-02
3.628825200000000e+02 6.116556976207554e-02
3.629652000000000e+02 5.484525216423797e-02
3.630478800000000e+02 4.731249369261048e-02
3.631305600000000e+02 3.978813353844202e-02
3.632132400000000e+02 3.276545763461480e-02
3.632959200000000e+02 2.503327013635681e-02
3.633786000000000e+02 1.650958888006437e-02
3.634612800000000e+02 8.550072646966389e-03
3.635439600000000e+02 1.049628251531320e-03
3.636266400000000e+02 -7.188216155847416e-03
3.637093200000000e+02 -1.564900054155083e-02
3.637920000000000e+02 -2.313028001789053e-02
3.638746800000000e+02 -3.029863847277436e-02
3.639573600000000e+02 -3.807530201987563e-02
3.640400400000000e+02 -4.546258785688007e-02
3.641227200000000e+02 -5.165935132524502e-02
3.642054000000000e+02 -5.773945266375580e-02
3.642880800000000e+02 -6.415296620370781e-02
3.643707600000000e+02 -6.963092815384619e-02
3.644534400000000e+02 -7.393268028749300e-02
3.645361200000000e+02 -7.830459407266344e-02
3.646188000000000e+02 -8.263207897382452e-02
3.647014800000000e+02 -8.563957747408135e-02
3.647841600000000e+02 -8.768864005520749e-02
3.648668400000000e+02 -8.993273271695901e-02
3.649495200000000e+02 -9.171749064980905e-02
3.650322000000000e+02 -9.202461121444350e-02
3.651148800000000e+02 -9.173682559786134e-02
3.651975600000000e+02 -9.167198084258665e-02
3.652802400000000e+02 -9.077267726870375e-02
3.653629200000000e+02 -8.848902671861236e-02
3.654456000000000e+02 -8.603853326271949e-02
3.655282800000000e+02 -8.373150264463691e-02
3.656109600000000e+02 -8.032893979123557e-02
3.656936400000000e+02 -7.586594331247720e-02
3.657763200000000e+02 -7.163986281610224e-02
3.658590000000000e+02 -6.738741292134420e-02
3.659416800000000e+02 -6.195061021995663e-02
3.660243600000000e+02 -5.594668556664306e-02
3.661070400000000e+02 -5.048009519561847e-02
3.661897200000000e+02 -4.476925544100108e-02
3.662724000000000e+02 -3.798776695530048e-02
3.663550800000000e+02 -3.121038592533720e-02
3.664377600000000e+02 -2.511426884697365e-02
3.665204400000000e+02 -1.856759894002202e-02
3.666031200000000e+02 -1.126064006405991e-02
3.666858000000000e+02 -4.501873112479959e-03
3.667684800000000e+02 1.604165854891648e-03
3.668511600000000e+02 8.291760693143524e-03
3.669338400000000e+02 1.527689354224049e-02
3.670165200000000e+02 2.129536629077311e-02
3.670992000000000e+02 2.683763499567149e-02
3.671818800000000e+02 3.296548913889130e-02
3.672645600000000e+02 3.885295287799173e-02
3.673472400000000e+02 4.355306608795884e-02
3.674299200000000e+02 4.804289135232387e-02
3.675126000000000e+02 5.297082820135934e-02
3.675952800000000e+02 5.714216354647061e-02
3.676779600000000e+02 6.013439170022983e-02
3.677606400000000e+02 6.319392934971380e-02
3.678433200000000e+02 6.640474605515645e-02
3.679260000000000e+02 6.846209402450487e-02
3.680086800000000e+02 6.956179878516344e-02
3.680913600000000e+02 7.094132158373767e-02
3.681740400000000e+02 7.209533954307434e-02
3.682567200000000e+02 7.189622851898958e-02
3.683394000000000e+02 7.111626221501632e-02
3.684220800000000e+02 7.070750752118504e-02
3.685047600000000e+02 6.968389874613834e-02
3.685874400000000e+02 6.734575593497916e-02
3.686701200000000e+02 6.487296597808134e-02
3.687528000000000e+02 6.272057124441244e-02
3.688354800000000e+02 5.963958296210159e-02
3.689181600000000e+02 5.551585595890718e-02
3.690008400000000e+02 5.167927119025206e-02
3.690835200000000e+02 4.798867053170730e-02
3.691662000000000e+02 4.320950295627946e-02
3.692488800000000e+02 3.784225757227122e-02
3.693315600000000e+02 3.307862023759189e-02
3.694142400000000e+02 2.821552835223995e-02
3.694969200000000e+02 2.230670092823928e-02
3.695796000000000e+02 1.636236548427050e-02
3.696622800000000e+02 1.118133995324755e-02
3.697449600000000e+02 5.656413893997181e-03
3.698276400000000e+02 -6.612388116158385e-04
3.699103200000000e+02 -6.465758986173520e-03
3.699930000000000e+02 -1.151754333127464e-02
3.700756800000000e+02 -1.708431417453760e-02
3.701583600000000e+02 -2.301788445942354e-02
3.702410400000000e+02 -2.799186676598397e-02
3.703237200000000e+02 -3.237046984200842e-02
3.704064000000000e+02 -3.730759137851392e-02
3.704890800000000e+02 -4.208747613536490e-02
3.705717600000000e+02 -4.563964576928159e-02
3.706544400000000e+02 -4.884910229226858e-02
3.707371200000000e+02 -5.251030015843483e-02
3.708198000000000e+02 -5.548939731513935e-02
3.709024800000000e+02 -5.719206715836045e-02
3.709851600000000e+02 -5.883448218652043e-02
3.710678400000000e+02 -6.068542782548336e-02
3.711505200000000e+02 -6.142900496134773e-02
3.712332000000000e+02 -6.106737850674393e-02
3.713158800000000e+02 -6.089321361449418e-02
3.713985600000000e+02 -6.059514520048515e-02
3.714812400000000e+02 -5.894821795052163e-02
3.715639200000000e+02 -5.654913460562994e-02
3.716466000000000e+02 -5.449988034820141e-02
3.717292800000000e+02 -5.197544104229090e-02
3.718119600000000e+02 -4.809646721157645e-02
3.718946400000000e+02 -4.393159837451477e-02
3.719773200000000e+02 -4.016588273264110e-02
3.720600000000000e+02 -3.563400532879535e-02
3.721426800000000e+02 -2.998754902477607e-02
3.722253600000000e+02 -2.454817827789890e-02
3.723080400000000e+02 -1.944377964515975e-02
3.723907200000000e+02 -1.341457433804039e-02
3.724734000000000e+02 -6.720951926809104e-03
3.725560800000000e+02 -6.650643773767895e-04
3.726387600000000e+02 5.207260268322633e-03
3.727214400000000e+02 1.198090190131429e-02
3.728041200000000e+02 1.883472649277429e-02
3.728868000000000e+02 2.475794973436218e-02
3.729694800000000e+02 3.068863392057519e-02
3.730521600000000e+02 3.729962562658828e-02
3.731348400000000e+02 4.337729285385261e-02
3.732175200000000e+02 4.841652751226511e-02
3.733002000000000e+02 5.363516623496800e-02
3.733828800000000e+02 5.914158806753700e-02
3.734655600000000e+02 6.358673237113610e-02
3.735482400000000e+02 6.707971148137370e-02
3.736309200000000e+02 7.084935246783541e-02
3.737136000000000e+02 7.440935828669237e-02
3.737962800000000e+02 7.656781894065157e-02
3.738789600000000e+02 7.802314377547159e-02
3.739616400000000e+02 7.974064271741987e-02
3.740443200000000e+02 8.074307763523214e-02
3.741270000000000e+02 8.025854224431217e-02
3.742096800000000e+02 7.941839895502489e-02
3.742923600000000e+02 7.870803178769381e-02
3.743750400000000e+02 7.687679767592026e-02
3.744577200000000e+02 7.374427235819470e-02
3.745404000000000e+02 7.062119530273026e-02
3.746230800000000e+02 6.740678905703712e-02
3.747057600000000e+02 6.285892031547347e-02
3.747884400000000e+02 5.742757461728631e-02
3.748711200000000e+02 5.231119073904666e-02
3.749538000000000e+02 4.685203801376658e-02
3.750364800000000e+02 4.009624179843119e-02
3.751191600000000e+02 3.302195192514412e-02
3.752018400000000e+02 2.645394773416110e-02
3.752845200000000e+02 1.933324134089798e-02
3.753672000000000e+02 1.120635800487058e-02
3.754498800000000e+02 3.362324606850930e-03
3.755325600000000e+02 -3.919811344387680e-03
3.756152400000000e+02 -1.185787409434891e-02
3.756979200000000e+02 -2.030717565987006e-02
3.757806000000000e+02 -2.794778207457771e-02
3.758632800000000e+02 -3.509448317426200e-02
3.759459600000000e+02 -4.285282329529982e-02
3.760286400000000e+02 -5.051408146942271e-02
3.761113200000000e+02 -5.700679320223778e-02
3.761940000000000e+02 -6.315945596245987e-02
3.762766800000000e+02 -6.972570918727306e-02
3.763593600000000e+02 -7.558605923977935e-02
3.764420400000000e+02 -8.013796639174264e-02
3.765247200000000e+02 -8.453849609192743e-02
3.766074000000000e+02 -8.902987432849097e-02
3.766900800000000e+02 -9.231788897969728e-02
3.767727600000000e+02 -9.438856327204403e-02
3.768554400000000e+02 -9.647946761469794e-02
3.769381200000000e+02 -9.827105968179461e-02
3.770208000000000e+02 -9.856356480444040e-02
3.771034800000000e+02 -9.793041398962143e-02
3.771861600000000e+02 -9.742953149419598e-02
3.772688400000000e+02 -9.624542710950823e-02
3.773515200000000e+02 -9.352200395359167e-02
3.774342000000000e+02 -9.030081766567888e-02
3.775168800000000e+02 -8.723858476326452e-02
3.775995600000000e+02 -8.319200258318860e-02
3.776822400000000e+02 -7.782988821413561e-02
3.777649200000000e+02 -7.244787669440289e-02
3.778476000000000e+02 -6.716177348415353e-02
3.779302800000000e+02 -6.073899017524309e-02
3.780129600000000e+02 -5.345011259738508e-02
3.780956400000000e+02 -4.657668143015437e-02
3.781783200000000e+02 -3.966520063606227e-02
3.782610000000000e+02 -3.165680787507041e-02
3.783436800000000e+02 -2.337775684750110e-02
3.784263600000000e+02 -1.582582403203381e-02
3.785090400000000e+02 -8.070777592527389e-03
3.785917200000000e+02 5.386465447182465e-04
3.786744000000000e+02 8.785188764102725e-03
3.787570800000000e+02 1.616955443533807e-02
3.788397600000000e+02 2.389985555185803e-02
3.789224400000000e+02 3.206694853664838e-02
3.790051200000000e+02 3.931603482699542e-02
3.790878000000000e+02 4.575715336976005e-02
3.791704800000000e+02 5.261058552975928e-02
3.792531600000000e+02 5.937329926666990e-02
3.793358400000000e+02 6.484315747422931e-02
3.794185200000000e+02 6.971772433688095e-02
3.795012000000000e+02 7.495501001611871e-02
3.795838800000000e+02 7.955711218662631e-02
3.796665600000000e+02 8.273713122732385e-02
3.797492400000000e+02 8.562672105370817e-02
3.798319200000000e+02 8.870231825930053e-02
3.799146000000000e+02 9.068441954146267e-02
3.799972800000000e+02 9.137524718472056e-02
3.800799600000000e+02 9.208865971817093e-02
3.801626400000000e+02 9.270825295518659e-02
3.802453200000000e+02 9.195325218621409e-02
3.803280000000000e+02 9.025888261838544e-02
3.804106800000000e+02 8.882891240850521e-02
3.804933600000000e+02 8.697798393247724e-02
3.805760400000000e+02 8.370687547819566e-02
3.806587200000000e+02 7.998758391487371e-02
3.807414000000000e+02 7.664890578230743e-02
3.808240800000000e+02 7.258948848151159e-02
3.809067600000000e+02 6.731200960383599e-02
3.809894400000000e+02 6.211230631435072e-02
3.810721200000000e+02 5.726662320017906e-02
3.811548000000000e+02 5.150275119305892e-02
3.812374800000000e+02 4.493426791897737e-02
3.813201600000000e+02 3.890101713704619e-02
3.814028400000000e+02 3.307388109549669e-02
3.814855200000000e+02 2.629007958665797e-02
3.815682000000000e+02 1.924995534884910e-02
3.816508800000000e+02 1.305338417306912e-02
3.817335600000000e+02 6.845556722118729e-03
3.818162400000000e+02 -1.739023198285006e-04
3.818989200000000e+02 -6.866743214499982e-03
3.819816000000000e+02 -1.260051668471585e-02
3.820642800000000e+02 -1.856502026378659e-02
3.821469600000000e+02 -2.502622124371401e-02
3.822296400000000e+02 -3.064703574829053e-02
3.823123200000000e+02 -3.538756583290825e-02
3.823950000000000e+02 -4.051459691440695e-02
3.824776800000000e+02 -4.570299497721175e-02
3.825603600000000e+02 -4.969452890222281e-02
3.826430400000000e+02 -5.304180653974810e-02
3.827257200000000e+02 -5.681886428160388e-02
3.828084000000000e+02 -6.017760093750102e-02
3.828910800000000e+02 -6.219746732419751e-02
3.829737600000000e+02 -6.390142513410679e-02
3.830564400000000e+02 -6.594517256122356e-02
3.831391200000000e+02 -6.713486672149604e-02
3.832218000000000e+02 -6.707546518786012e-02
3.833044800000000e+02 -6.704307143283827e-02
3.833871600000000e+02 -6.713924170377616e-02
3.834698400000000e+02 -6.607367096777927e-02
3.835525200000000e+02 -6.405633519065690e-02
3.836352000000000e+02 -6.234935332036684e-02
3.837178800000000e+02 -6.048129317368034e-02
3.838005600000000e+02 -5.733574479843950e-02
3.838832400000000e+02 -5.368305594679967e-02
3.839659200000000e+02 -5.050885021316187e-02
3.840486000000000e+02 -4.687067078316853e-02
3.841312800000000e+02 -4.206210654817844e-02
3.842139600000000e+02 -3.725359294194641e-02
3.842966400000000e+02 -3.295006672527157e-02
3.843793200000000e+02 -2.794050780392532e-02
3.844620000000000e+02 -2.208107820547989e-02
3.845446800000000e+02 -1.669800505352859e-02
3.846273600000000e+02 -1.171233885545730e-02
3.847100400000000e+02 -5.906342716393453e-03
3.847927200000000e+02 2.657397374434822e-04
3.848754000000000e+02 5.600860562662513e-03
3.849580800000000e+02 1.074106212486292e-02
3.850407600000000e+02 1.664418136224988e-02
3.851234400000000e+02 2.234988233798330e-02
3.852061200000000e+02 2.703387493632892e-02
3.852888000000000e+02 3.175873471353019e-02
3.853714800000000e+02 3.700871241867665e-02
3.854541600000000e+02 4.152066718769143e-02
3.855368400000000e+02 4.502591339463025e-02
3.856195200000000e+02 4.877177457909843e-02
3.857022000000000e+02 5.265684510744806e-02
3.857848800000000e+02 5.538851657751220e-02
3.858675600000000e+02 5.731135252506037e-02
3.859502400000000e+02 5.957886615625063e-02
3.860329200000000e+02 6.152161434352665e-02
3.861156000000000e+02 6.210197060026823e-02
3.861982800000000e+02 6.220087630137772e-02
3.862809600000000e+02 6.261901343424903e-02
3.863636400000000e+02 6.226546352493501e-02
3.864463200000000e+02 6.058909133371038e-02
3.865290000000000e+02 5.881109102742477e-02
3.866116800000000e+02 5.719968631277339e-02
3.866943600000000e+02 5.448658724828415e-02
3.867770400000000e+02 5.073196638203159e-02
3.868597200000000e+02 4.722573489817961e-02
3.869424000000000e+02 4.364559244264421e-02
3.870250800000000e+02 3.883179650988167e-02
3.871077600000000e+02 3.344459729158955e-02
3.871904400000000e+02 2.855802273197272e-02
3.872731200000000e+02 2.333574392611915e-02
3.873558000000000e+02 1.698794853943042e-02
3.874384800000000e+02 1.063081082175776e-02
3.875211600000000e+02 4.889805483091147e-03
3.876038400000000e+02 -1.394053531017736e-03
3.876865200000000e+02 -8.463573842244498e-03
3.877692000000000e+02 -1.498919483925854e-02
3.878518800000000e+02 -2.092377276120361e-02
3.879345600000000e+02 -2.748912014495575e-02
3.880172400000000e+02 -3.432642144518983e-02
3.880999200000000e+02 -4.017760655570346e-02
3.881826000000000e+02 -4.557577740074725e-02
3.882652800000000e+02 -5.153726642371992e-02
3.883479600000000e+02 -5.717795459699104e-02
3.884306400000000e+02 -6.157590881212027e-02
3.885133200000000e+02 -6.572332579147311e-02
3.885960000000000e+02 -7.021242351593582e-02
3.886786800000000e+02 -7.382052963096863e-02
3.887613600000000e+02 -7.615190356808454e-02
3.888440400000000e+02 -7.844392394072375e-02
3.889267200000000e+02 -8.073946961247502e-02
3.890094000000000e+02 -8.173254549250464e-02
3.890920800000000e+02 -8.163324122523208e-02
3.891747600000000e+02 -8.166402556291330e-02
3.892574400000000e+02 -8.130898324732039e-02
3.893401200000000e+02 -7.944973620340201e-02
3.894228000000000e+02 -7.685866373572647e-02
3.895054800000000e+02 -7.448953827416516e-02
3.895881600000000e+02 -7.137345428649722e-02
3.896708400000000e+02 -6.681298359238619e-02
3.897535200000000e+02 -6.198621723646480e-02
3.898362000000000e+02 -5.738010354146783e-02
3.899188800000000e+02 -5.177252221847084e-02
3.900015600000000e+02 -4.503721379684023e-02
3.900842400000000e+02 -3.851849506118665e-02
3.901669200000000e+02 -3.213307294523826e-02
3.902496000000000e+02 -2.466117449542993e-02
3.903322800000000e+02 -1.658371512497925e-02
3.904149600000000e+02 -9.134484409118016e-03
3.904976400000000e+02 -1.674014820238989e-03
3.905803200000000e+02 6.753684870134502e-03
3.906630000000000e+02 1.514990401577243e-02
3.907456800000000e+02 2.265048609062903e-02
3.908283600000000e+02 3.031816574119717e-02
3.909110400000000e+02 3.863226502149297e-02
3.909937200000000e+02 4.627811999525866e-02
3.910764000000000e+02 5.294738892858686e-02
3.911590800000000e+02 5.989759943938422e-02
3.912417600000000e+02 6.701591926031114e-02
3.913244400000000e+02 7.294802473983542e-02
3.914071200000000e+02 7.801067145037821e-02
3.914898000000000e+02 8.337884334222501e-02
3.915724800000000e+02 8.836070498173632e-02
3.916551600000000e+02 9.185473195911220e-02
3.917378400000000e+02 9.473475653467456e-02
3.918205200000000e+02 9.782918481793101e-02
3.919032000000000e+02 1.000119177123666e-01
3.919858800000000e+02 1.006762523838519e-01
3.920685600000000e+02 1.010593884549050e-01
3.921512400000000e+02 1.014553645128362e-01
3.922339200000000e+02 1.005504666580809e-01
3.923166000000000e+02 9.836658660012743e-02
3.923992800000000e+02 9.622844165359179e-02
3.924819600000000e+02 9.383034369759857e-02
3.925646400000000e+02 8.996278691536175e-02
3.926473200000000e+02 8.526942516995639e-02
3.927300000000000e+02 8.086951295798106e-02
3.928126800000000e+02 7.593031144905404e-02
3.928953600000000e+02 6.961466635351699e-02
3.929780400000000e+02 6.304321159164994e-02
3.930607200000000e+02 5.688821082079787e-02
3.931434000000000e+02 4.998127829915311e-02
3.932260800000000e+02 4.204017809215976e-02
3.933087600000000e+02 3.441596587770945e-02
3.933914400000000e+02 2.719738779739633e-02
3.934741200000000e+02 1.914304706050607e-02
3.935568000000000e+02 1.058368370886775e-02
3.936394800000000e+02 2.810704408309439e-03
3.937221600000000e+02 -4.676265363835808e-03
3.938048400000000e+02 -1.291910096375537e-02
3.938875200000000e+02 -2.104877614355016e-02
3.939702000000000e+02 -2.810293696095623e-02
3.940528800000000e+02 -3.505076622103132e-02
3.941355600000000e+02 -4.251139984341135e-02
3.942182400000000e+02 -4.926396253377807e-02
3.943009200000000e+02 -5.486876533030194e-02
3.943836000000000e+02 -6.054861411205514e-02
3.944662800000000e+02 -6.637060509130488e-02
3.945489600000000e+02 -7.101787071881560e-02
3.946316400000000e+02 -7.465516355171942e-02
3.947143200000000e+02 -7.849649363001443e-02
3.947970000000000e+02 -8.204466514782749e-02
3.948796800000000e+02 -8.415890431523299e-02
3.949623600000000e+02 -8.556578890911826e-02
3.950450400000000e+02 -8.721472377595763e-02
3.951277200000000e+02 -8.814887534423532e-02
3.952104000000000e+02 -8.763798964529368e-02
3.952930800000000e+02 -8.681443025029656e-02
3.953757600000000e+02 -8.616446031126801e-02
3.954584400000000e+02 -8.447141436208760e-02
3.955411200000000e+02 -8.156648392705623e-02
3.956238000000000e+02 -7.874998448003590e-02
3.957064800000000e+02 -7.594327901670717e-02
3.957891600000000e+02 -7.192542355067122e-02
3.958718400000000e+02 -6.712597621623961e-02
3.959545200000000e+02 -6.274072035850731e-02
3.960372000000000e+02 -5.814281779089514e-02
3.961198800000000e+02 -5.236738312720168e-02
3.962025600000000e+02 -4.635579976033843e-02
3.962852400000000e+02 -4.094731152514852e-02
3.963679200000000e+02 -3.510101289285839e-02
3.964506000000000e+02 -2.831913904487193e-02
3.965332800000000e+02 -2.185969392276232e-02
3.966159600000000e+02 -1.602704783797926e-02
3.966986400000000e+02 -9.592370137345152e-03
3.967813200000000e+02 -2.640136395376746e-03
3.968640000000000e+02 3.520696917257093e-03
3.969466800000000e+02 9.185235467212283e-03
3.970293600000000e+02 1.549878258645943e-02
3.971120400000000e+02 2.180391718054164e-02
3.971947200000000e+02 2.702143924381828e-02
3.972774000000000e+02 3.197992362978197e-02
3.973600800000000e+02 3.748364694593687e-02
3.974427600000000e+02 4.243803705325899e-02
3.975254400000000e+02 4.622804286494708e-02
3.976081200000000e+02 5.003110539667910e-02
3.976908000000000e+02 5.412565072770237e-02
3.977734800000000e+02 5.721540751951981e-02
3.978561600000000e+02 5.928440687753600e-02
3.979388400000000e+02 6.159554478782714e-02
3.980215200000000e+02 6.383308751312866e-02
3.981042000000000e+02 6.478320308146535e-02
3.981868800000000e+02 6.503279241856841e-02
3.982695600000000e+02 6.564707909477385e-02
3.983522400000000e+02 6.578188492677650e-02
3.984349200000000e+02 6.457502186019182e-02
3.985176000000000e+02 6.308706805582220e-02
3.986002800000000e+02 6.194719516818370e-02
3.986829600000000e+02 5.996868830619362e-02
3.987656400000000e+02 5.683423298779300e-02
3.988483200000000e+02 5.384486315551884e-02
3.989310000000000e+02 5.105424031400130e-02
3.990136800000000e+02 4.719707564215692e-02
3.990963600000000e+02 4.257452833294550e-02
3.991790400000000e+02 3.844365755075996e-02
3.992617200000000e+02 3.427286447853906e-02
3.993444000000000e+02 2.900015081005947e-02
3.994270800000000e+02 2.348320971838547e-02
3.995097600000000e+02 1.866330171481723e-02
3.995924400000000e+02 1.354390693644691e-02
3.996751200000000e+02 7.502583056077206e-03
3.997578000000000e+02 1.771155334188701e-03
3.998404800000000e+02 -3.224608734165746e-03
3.999231600000000e+02 -8.724978325251320e-03
4.000058400000000e+02 -1.477398360842641e-02
4.000885200000000e+02 -2.002693208342110e-02
4.001712000000000e+02 -2.465948742706126e-02
4.002538800000000e+02 -2.988455128547773e-02
4.003365600000000e+02 -3.515494722124490e-02
4.004192400000000e+02 -3.929572092385381e-02
4.005019200000000e+02 -4.304090625572665e-02
4.005846000000000e+02 -4.731481502797730e-02
4.006672800000000e+02 -5.109261503989138e-02
4.007499600000000e+02 -5.361313459369943e-02
4.008326400000000e+02 -5.600952079212473e-02
4.009153200000000e+02 -5.872129750478616e-02
4.009980000000000e+02 -6.045949589306865e-02
4.010806800000000e+02 -6.103274298036565e-02
4.011633600000000e+02 -6.173397340092079e-02
4.012460400000000e+02 -6.242600210363825e-02
4.013287200000000e+02 -6.182343384581401e-02
4.014114000000000e+02 -6.034284140717983e-02
4.014940800000000e+02 -5.916804552143262e-02
4.015767600000000e+02 -5.761433178658948e-02
4.016594400000000e+02 -5.466682514677490e-02
4.017421200000000e+02 -5.126440212819361e-02
4.018248000000000e+02 -4.823769755870577e-02
4.019074800000000e+02 -4.449754549474361e-02
4.019901600000000e+02 -3.951221789623083e-02
4.020728400000000e+02 -3.455117401380581e-02
4.021555200000000e+02 -2.992116048263038e-02
4.022382000000000e+02 -2.435672355690743e-02
4.023208800000000e+02 -1.792465934181298e-02
4.024035600000000e+02 -1.196480384094090e-02
4.024862400000000e+02 -6.197311648413084e-03
4.025689200000000e+02 5.515371085514920e-04
4.026516000000000e+02 7.623361085475677e-03
4.027342800000000e+02 1.388537025582737e-02
4.028169600000000e+02 2.014406962546589e-02
4.028996400000000e+02 2.722794249399541e-02
4.029823200000000e+02 3.401841825133223e-02
4.030650000000000e+02 3.982775177395970e-02
4.031476800000000e+02 4.581573569797870e-02
4.032303600000000e+02 5.228092404443208e-02
4.033130400000000e+02 5.787733128315475e-02
4.033957200000000e+02 6.250911658193359e-02
4.034784000000000e+02 6.743617155289472e-02
4.035610800000000e+02 7.235450451715397e-02
4.036437600000000e+02 7.597843264992898e-02
4.037264400000000e+02 7.882443633193736e-02
4.038091200000000e+02 8.197321973392679e-02
4.038918000000000e+02 8.457882827871899e-02
4.039744800000000e+02 8.569633828782508e-02
4.040571600000000e+02 8.633990342308939e-02
4.041398400000000e+02 8.716907309205968e-02
4.042225200000000e+02 8.698066667198190e-02
4.043052000000000e+02 8.537924154260368e-02
4.043878800000000e+02 8.365016240023049e-02
4.044705600000000e+02 8.188490591702358e-02
4.045532400000000e+02 7.879184244222226e-02
4.046359200000000e+02 7.461199829449527e-02
4.047186000000000e+02 7.061535394583951e-02
4.048012800000000e+02 6.630931209889146e-02
4.048839600000000e+02 6.060403789579416e-02
4.049666400000000e+02 5.432127724908953e-02
4.050493200000000e+02 4.843625229537230e-02
4.051320000000000e+02 4.199032224527932e-02
4.052146800000000e+02 3.433867429810122e-02
4.052973600000000e+02 2.669967555054142e-02
4.053800400000000e+02 1.954626906831702e-02
4.054627200000000e+02 1.167537455111511e-02
4.055454000000000e+02 3.027840419065897e-03
4.056280800000000e+02 -5.048657590186578e-03
4.057107600000000e+02 -1.267448695778106e-02
4.057934400000000e+02 -2.102632449188346e-02
4.058761200000000e+02 -2.956820745155353e-02
4.059588000000000e+02 -3.711143276562401e-02
4.060414800000000e+02 -4.432949751712301e-02
4.061241600000000e+02 -5.211489582021789e-02
4.062068400000000e+02 -5.945514643776828e-02
4.062895200000000e+02 -6.556724497462063e-02
4.063722000000000e+02 -7.152179135565784e-02
4.064548800000000e+02 -7.773693959864370e-02
4.065375600000000e+02 -8.293993334306715e-02
4.066202400000000e+02 -8.690980032374529e-02
4.067029200000000e+02 -9.088037362636903e-02
4.067856000000000e+02 -9.470909161828955e-02
4.068682800000000e+02 -9.712915122893895e-02
4.069509600000000e+02 -9.852024641223156e-02
4.070336400000000e+02 -1.000177117650201e-01
4.071163200000000e+02 -1.009491949713408e-01
4.071990000000000e+02 -1.003162116198640e-01
4.072816800000000e+02 -9.901622010826250e-02
4.073643600000000e+02 -9.784835182934182e-02
4.074470400000000e+02 -9.575017240241679e-02
4.075297200000000e+02 -9.219935430565118e-02
4.076124000000000e+02 -8.842451542223850e-02
4.076950800000000e+02 -8.472074069051139e-02
4.077777600000000e+02 -7.985652564615731e-02
4.078604400000000e+02 -7.389872712012369e-02
4.079431200000000e+02 -6.815272751602108e-02
4.080258000000000e+02 -6.234506527446515e-02
4.081084800000000e+02 -5.533522781049360e-02
4.081911600000000e+02 -4.777341291089188e-02
4.082738400000000e+02 -4.076869133508598e-02
4.083565200000000e+02 -3.353349603505162e-02
4.084392000000000e+02 -2.526595923365060e-02
4.085218800000000e+02 -1.707204123944295e-02
4.086045600000000e+02 -9.628075706882511e-03
4.086872400000000e+02 -1.798891263687485e-03
4.087699200000000e+02 6.696155477157961e-03
4.088526000000000e+02 1.452317977778550e-02
4.089352800000000e+02 2.158665247059888e-02
4.090179600000000e+02 2.912200445235980e-02
4.091006400000000e+02 3.681431662335122e-02
4.091833200000000e+02 4.338504331381121e-02
4.092660000000000e+02 4.934300645038348e-02
4.093486800000000e+02 5.574779392002283e-02
4.094313600000000e+02 6.174495692414617e-02
4.095140400000000e+02 6.638904341191287e-02
4.095967200000000e+02 7.068252161790778e-02
4.096794000000000e+02 7.526700137001618e-02
4.097620800000000e+02 7.892757449803978e-02
4.098447600000000e+02 8.126062713618198e-02
4.099274400000000e+02 8.353939930334242e-02
4.100101200000000e+02 8.583725772841855e-02
4.100928000000000e+02 8.684310824460784e-02
4.101754800000000e+02 8.678535171487733e-02
4.102581600000000e+02 8.692330580591312e-02
4.103408400000000e+02 8.674078990357759e-02
4.104235200000000e+02 8.511992182442740e-02
4.105062000000000e+02 8.287097593936965e-02
4.105888800000000e+02 8.095899881577606e-02
4.106715600000000e+02 7.839155040660761e-02
4.107542400000000e+02 7.449164274638842e-02
4.108369200000000e+02 7.047306173746704e-02
4.109196000000000e+02 6.679514245821072e-02
4.110022800000000e+02 6.220989665909571e-02
4.110849600000000e+02 5.663102465098913e-02
4.111676400000000e+02 5.141136833939974e-02
4.112503200000000e+02 4.640857657131758e-02
4.113330000000000e+02 4.039532011125913e-02
4.114156800000000e+02 3.389597301322012e-02
4.114983600000000e+02 2.811228979552249e-02
4.115810400000000e+02 2.233793160700925e-02
4.116637200000000e+02 1.563522870536516e-02
4.117464000000000e+02 9.027840713982549e-03
4.118290800000000e+02 3.314030952697111e-03
4.119117600000000e+02 -2.617470468937455e-03
4.119944400000000e+02 -9.211250030160101e-03
4.120771200000000e+02 -1.516017209982534e-02
4.121598000000000e+02 -2.023185211168643e-02
4.122424800000000e+02 -2.569981042611980e-02
4.123251600000000e+02 -3.141948221998414e-02
4.124078400000000e+02 -3.607285825498352e-02
4.124905200000000e+02 -4.003469293990747e-02
4.125732000000000e+02 -4.446781885167317e-02
4.126558800000000e+02 -4.866767652387460e-02
4.127385600000000e+02 -5.157748826340480e-02
4.128212400000000e+02 -5.409400105355822e-02
4.129039200000000e+02 -5.702352857147752e-02
4.129866000000000e+02 -5.924787054592229e-02
4.130692800000000e+02 -6.018775359531803e-02
4.131519600000000e+02 -6.107039725009233e-02
4.132346400000000e+02 -6.217703615399861e-02
4.133173200000000e+02 -6.220822002805060e-02
4.134000000000000e+02 -6.117954706557382e-02
4.134826800000000e+02 -6.039129457649417e-02
4.135653600000000e+02 -5.954213744867620e-02
4.136480400000000e+02 -5.742204128327022e-02
4.137307200000000e+02 -5.463678692509322e-02
4.138134000000000e+02 -5.228923801268714e-02
4.138960800000000e+02 -4.956057083630727e-02
4.139787600000000e+02 -4.558387170120981e-02
4.140614400000000e+02 -4.142921711052383e-02
4.141441200000000e+02 -3.777373418066432e-02
4.142268000000000e+02 -3.345573363670296e-02
4.143094800000000e+02 -2.813582141123605e-02
4.143921600000000e+02 -2.312611905989914e-02
4.144748400000000e+02 -1.853900422923460e-02
4.145575200000000e+02 -1.311886974243959e-02
4.146402000000000e+02 -7.129550922251759e-03
4.147228800000000e+02 -1.851174207031625e-03
4.148055600000000e+02 3.188471146811755e-03
4.148882400000000e+02 9.066982331154438e-03
4.149709200000000e+02 1.496852387547998e-02
4.150536000000000e+02 1.991448209134472e-02
4.151362800000000e+02 2.485631203690941e-02
4.152189600000000e+02 3.045653430857143e-02
4.153016400000000e+02 3.551784670199876e-02
4.153843200000000e+02 3.957087297117989e-02
4.154670000000000e+02 4.383611992613512e-02
4.155496800000000e+02 4.841151643588126e-02
4.156323600000000e+02 5.197456573226777e-02
4.157150400000000e+02 5.466481762325648e-02
4.157977200000000e+02 5.770082597804371e-02
4.158804000000000e+02 6.058966434646496e-02
4.159630800000000e+02 6.217162015701860e-02
4.160457600000000e+02 6.316257708516748e-02
4.161284400000000e+02 6.450686697896080e-02
4.162111200000000e+02 6.522694971148146e-02
4.162938000000000e+02 6.458192907131366e-02
4.163764800000000e+02 6.370409761141860e-02
4.164591600000000e+02 6.305214244675084e-02
4.165418400000000e+02 6.138128357839878e-02
4.166245200000000e+02 5.853483541707971e-02
4.167072000000000e+02 5.580908991531852e-02
4.167898800000000e+02 5.307601927643180e-02
4.168725600000000e+02 4.910348978187695e-02
4.169552400000000e+02 4.435493992726491e-02
4.170379200000000e+02 4.000327038894058e-02
4.171206000000000e+02 3.536671077125841e-02
4.172032800000000e+02 2.950354986841219e-02
4.172859600000000e+02 2.339541397088341e-02
4.173686400000000e+02 1.783547245276884e-02
4.174513200000000e+02 1.174638757410151e-02
4.175340000000000e+02 4.688374310163224e-03
4.176166800000000e+02 -2.053998218029873e-03
4.176993600000000e+02 -8.235040972732643e-03
4.177820400000000e+02 -1.508309297401800e-02
4.178647200000000e+02 -2.243794039671509e-02
4.179474000000000e+02 -2.899012761096342e-02
4.180300800000000e+02 -3.508587776200078e-02
4.181127600000000e+02 -4.183126081650468e-02
4.181954400000000e+02 -4.850044857961389e-02
4.182781200000000e+02 -5.403736911683665e-02
4.183608000000000e+02 -5.929637521521292e-02
4.184434800000000e+02 -6.502036289040025e-02
4.185261600000000e+02 -7.007311993924070e-02
4.186088400000000e+02 -7.387144201737894e-02
4.186915200000000e+02 -7.758905937284077e-02
4.187742000000000e+02 -8.144718572507292e-02
4.188568800000000e+02 -8.413868830308069e-02
4.189395600000000e+02 -8.567103223254857e-02
4.190222400000000e+02 -8.728674309297135e-02
4.191049200000000e+02 -8.863890976410738e-02
4.191876000000000e+02 -8.852196556019321e-02
4.192702800000000e+02 -8.753000884511686e-02
4.193529600000000e+02 -8.671413486328339e-02
4.194356400000000e+02 -8.523106881647036e-02
4.195183200000000e+02 -8.222768405334846e-02
4.196010000000000e+02 -7.876242651622101e-02
4.196836800000000e+02 -7.547627424550263e-02
4.197663600000000e+02 -7.120368387713027e-02
4.198490400000000e+02 -6.562452728679913e-02
4.199317200000000e+02 -6.004573149549741e-02
4.200144000000000e+02 -5.456336036072673e-02
4.200970800000000e+02 -4.793214467743012e-02
4.201797600000000e+02 -4.043945344344935e-02
4.202624400000000e+02 -3.337250637409395e-02
4.203451200000000e+02 -2.625911842205020e-02
4.204278000000000e+02 -1.803852097109504e-02
4.205104800000000e+02 -9.556620178730046e-03
4.205931600000000e+02 -1.812502848339892e-03
4.206758400000000e+02 6.138194912229777e-03
4.207585200000000e+02 1.493901830138589e-02
4.208412000000000e+02 2.335282426148233e-02
4.209238800000000e+02 3.088210446103434e-02
4.210065600000000e+02 3.874315557220354e-02
4.210892400000000e+02 4.701200758388047e-02
4.211719200000000e+02 5.431629910590752e-02
4.212546000000000e+02 6.077047451739392e-02
4.213372800000000e+02 6.759718833993567e-02
4.214199600000000e+02 7.427476515797982e-02
4.215026400000000e+02 7.958871228257769e-02
4.215853200000000e+02 8.424362190532275e-02
4.216680000000000e+02 8.919490287807164e-02
4.217506800000000e+02 9.342631555889058e-02
4.218333600000000e+02 9.614673252113015e-02
4.219160400000000e+02 9.849686814060310e-02
4.219987200000000e+02 1.009470194515498e-01
4.220814000000000e+02 1.022045831202947e-01
4.221640800000000e+02 1.020772431120199e-01
4.222467600000000e+02 1.018881676053826e-01
4.223294400000000e+02 1.015139268087142e-01
4.224121200000000e+02 9.967054268119702e-02
4.224948000000000e+02 9.680700355336269e-02
4.225774800000000e+02 9.413444869504495e-02
4.226601600000000e+02 9.096374136870844e-02
4.227428400000000e+02 8.630458441738975e-02
4.228255200000000e+02 8.114643818327605e-02
4.229082000000000e+02 7.632268510008311e-02
4.229908800000000e+02 7.073588483688209e-02
4.230735600000000e+02 6.390765054855985e-02
4.231562400000000e+02 5.714896731437380e-02
4.232389200000000e+02 5.073952324425457e-02
4.233216000000000e+02 4.342103709875089e-02
4.234042800000000e+02 3.532955933572768e-02
4.234869600000000e+02 2.781327144342460e-02
4.235696400000000e+02 2.054875545501056e-02
4.236523200000000e+02 1.239524144215698e-02
4.237350000000000e+02 4.070684549084214e-03
4.238176800000000e+02 -3.324377083248620e-03
4.239003600000000e+02 -1.063402138459879e-02
4.239830400000000e+02 -1.863480828146957e-02
4.240657200000000e+02 -2.618241635632279e-02
4.241484000000000e+02 -3.264879837668688e-02
4.242310800000000e+02 -3.920817308899016e-02
4.243137600000000e+02 -4.610908740609843e-02
4.243964400000000e+02 -5.202219198933877e-02
4.244791200000000e+02 -5.691313875955206e-02
4.245618000000000e+02 -6.203192140153257e-02
4.246444800000000e+02 -6.704887534277160e-02
4.247271600000000e+02 -7.072490261459030e-02
4.248098400000000e+02 -7.361658735413912e-02
4.248925200000000e+02 -7.678520562791191e-02
4.249752000000000e+02 -7.939312647876284e-02
4.250578800000000e+02 -8.054524542215802e-02
4.251405600000000e+02 -8.126643681562229e-02
4.252232400000000e+02 -8.220757489364050e-02
4.253059200000000e+02 -8.219777457211663e-02
4.253886000000000e+02 -8.086861034264747e-02
4.254712800000000e+02 -7.949679318312031e-02
4.255539600000000e+02 -7.818752730047795e-02
4.256366400000000e+02 -7.568083765901457e-02
4.257193200000000e+02 -7.221076459600928e-02
4.258020000000000e+02 -6.903878497450788e-02
4.258846800000000e+02 -6.570299556047665e-02
4.259673600000000e+02 -6.111962570542373e-02
4.260500400000000e+02 -5.607787115759433e-02
4.261327200000000e+02 -5.155970552170419e-02
4.262154000000000e+02 -4.663457548061711e-02
4.262980800000000e+02 -4.062744781476380e-02
4.263807600000000e+02 -3.471950799359891e-02
4.264634400000000e+02 -2.940633267976545e-02
4.265461200000000e+02 -2.348920117265463e-02
4.266288000000000e+02 -1.685184255959371e-02
4.267114800000000e+02 -1.081950586179459e-02
4.267941600000000e+02 -5.296895461541440e-03
4.268768400000000e+02 9.206666450837231e-04
4.269595200000000e+02 7.358146271328248e-03
4.270422000000000e+02 1.282833263169358e-02
4.271248800000000e+02 1.799440207781622e-02
4.272075600000000e+02 2.379902656752408e-02
4.272902400000000e+02 2.927186624971656e-02
4.273729200000000e+02 3.361951184014145e-02
4.274556000000000e+02 3.792484535836294e-02
4.275382800000000e+02 4.265482313490654e-02
4.276209600000000e+02 4.655087821527282e-02
4.277036400000000e+02 4.938571389521140e-02
4.277863200000000e+02 5.241954506420143e-02
4.278690000000000e+02 5.553406045188924e-02
4.279516800000000e+02 5.745685517225618e-02
4.280343600000000e+02 5.857574186708403e-02
4.281170400000000e+02 6.004542734833584e-02
4.281997200000000e+02 6.118397692021360e-02
4.282824000000000e+02 6.098609143923028e-02
4.283650800000000e+02 6.036813155225507e-02
4.284477600000000e+02 6.012015968913031e-02
4.285304400000000e+02 5.914614863636347e-02
4.286131200000000e+02 5.693193732312196e-02
4.286958000000000e+02 5.471934065600592e-02
4.287784800000000e+02 5.275747884290860e-02
4.288611600000000e+02 4.978021425523804e-02
4.289438400000000e+02 4.588084784407731e-02
4.290265200000000e+02 4.235300406889775e-02
4.291092000000000e+02 3.885108649551861e-02
4.291918800000000e+02 3.422172234786292e-02
4.292745600000000e+02 2.914840693597553e-02
4.293572400000000e+02 2.469416074983721e-02
4.294399200000000e+02 1.999825362763763e-02
4.295226000000000e+02 1.427773099820673e-02
4.296052800000000e+02 8.660307277697288e-03
4.296879600000000e+02 3.749872022699607e-03
4.297706400000000e+02 -1.636481959870428e-03
4.298533200000000e+02 -7.736143680532770e-03
4.299360000000000e+02 -1.321811475598456e-02
4.300186800000000e+02 -1.806340518857064e-02
4.301013600000000e+02 -2.351583997751860e-02
4.301840400000000e+02 -2.921194478659295e-02
4.302667200000000e+02 -3.389954097243042e-02
4.303494000000000e+02 -3.814304053472761e-02
4.304320800000000e+02 -4.297627372416679e-02
4.305147600000000e+02 -4.750927409839534e-02
4.305974400000000e+02 -5.083114191106997e-02
4.306801200000000e+02 -5.396486289669433e-02
4.307628000000000e+02 -5.751206678343845e-02
4.308454800000000e+02 -6.024202154035241e-02
4.309281600000000e+02 -6.177365104166010e-02
4.310108400000000e+02 -6.336996468893907e-02
4.310935200000000e+02 -6.507247202805411e-02
4.311762000000000e+02 -6.556600669129276e-02
4.312588800000000e+02 -6.507698591567845e-02
4.313415600000000e+02 -6.484346720912093e-02
4.314242400000000e+02 -6.433765338561581e-02
4.315069200000000e+02 -6.243340612310844e-02
4.315896000000000e+02 -5.991778474118292e-02
4.316722800000000e+02 -5.774699940781947e-02
4.317549600000000e+02 -5.493363138606844e-02
4.318376400000000e+02 -5.077589362666357e-02
4.319203200000000e+02 -4.646079346395637e-02
4.320030000000000e+02 -4.246521169127793e-02
4.320856800000000e+02 -3.754792187275280e-02
4.321683600000000e+02 -3.158154027654403e-02
4.322510400000000e+02 -2.591049446431570e-02
4.323337200000000e+02 -2.043372144504629e-02
4.324164000000000e+02 -1.391720194139567e-02
4.324990800000000e+02 -6.841605643222337e-03
4.325817600000000e+02 -4.320202438379273e-04
4.326644400000000e+02 5.969267112781229e-03
4.327471200000000e+02 1.332510890042915e-02
4.328298000000000e+02 2.063912416600178e-02
4.329124800000000e+02 2.706108509660765e-02
4.329951600000000e+02 3.366580690553811e-02
4.330778400000000e+02 4.093307287846415e-02
4.331605200000000e+02 4.755419708068542e-02
4.332432000000000e+02 5.323423635237257e-02
4.333258800000000e+02 5.923316660716071e-02
4.334085600000000e+02 6.543543347313829e-02
4.334912400000000e+02 7.049555709579669e-02
4.335739200000000e+02 7.473783186875194e-02
4.336566000000000e+02 7.933055816575152e-02
4.337392800000000e+02 8.357944747069745e-02
4.338219600000000e+02 8.639226584777626e-02
4.339046400000000e+02 8.864177759616443e-02
4.339873200000000e+02 9.114396089104926e-02
4.340700000000000e+02 9.277293043001755e-02
4.341526800000000e+02 9.292929461348032e-02
4.342353600000000e+02 9.284092655552678e-02
4.343180400000000e+02 9.278814331390794e-02
4.344007200000000e+02 9.146140563663774e-02
4.344834000000000e+02 8.888665125190442e-02
4.345660800000000e+02 8.637344960620907e-02
4.346487600000000e+02 8.360533778943735e-02
4.347314400000000e+02 7.938164455002394e-02
4.348141200000000e+02 7.434653365084931e-02
4.348968000000000e+02 6.960147755616952e-02
4.349794800000000e+02 6.430955845212849e-02
4.350621600000000e+02 5.764722821835222e-02
4.351448400000000e+02 5.073194484843935e-02
4.352275200000000e+02 4.421886775347117e-02
4.353102000000000e+02 3.694489669295842e-02
4.353928800000000e+02 2.864494729190470e-02
4.354755600000000e+02 2.066271092346728e-02
4.355582400000000e+02 1.307398957287531e-02
4.356409200000000e+02 4.653465800156464e-03
4.357236000000000e+02 -4.250657221765319e-03
4.358062800000000e+02 -1.235881863131782e-02
4.358889600000000e+02 -2.017669412384071e-02
4.359716400000000e+02 -2.872066357105263e-02
4.360543200000000e+02 -3.710870740092864e-02
4.361370000000000e+02 -4.439385261898221e-02
4.362196800000000e+02 -5.154046651492084e-02
4.363023600000000e+02 -5.913740731648198e-02
4.363850400000000e+02 -6.595987515572432e-02
4.364677200000000e+02 -7.158455872715197e-02
4.365504000000000e+02 -7.721930428047219e-02
4.366330800000000e+02 -8.290307195993996e-02
4.367157600000000e+02 -8.732655493699382e-02
4.367984400000000e+02 -9.066865494383447e-02
4.368811200000000e+02 -9.412141272252761e-02
4.369638000000000e+02 -9.716852359341621e-02
4.370464800000000e+02 -9.868754982393568e-02
4.371291600000000e+02 -9.941468523403818e-02
4.372118400000000e+02 -1.002757870653818e-01
4.372945200000000e+02 -1.003083135114651e-01
4.373772000000000e+02 -9.880797171817723e-02
4.374598800000000e+02 -9.691189065899419e-02
4.375425600000000e+02 -9.508672992020406e-02
4.376252400000000e+02 -9.212417283745244e-02
4.377079200000000e+02 -8.788510664367910e-02
4.377906000000000e+02 -8.367105291758570e-02
4.378732800000000e+02 -7.939105899033183e-02
4.379559600000000e+02 -7.384417481227279e-02
4.380386400000000e+02 -6.749014901041528e-02
4.381213200000000e+02 -6.152370299949994e-02
4.382040000000000e+02 -5.531324134790905e-02
4.382866800000000e+02 -4.792185693166184e-02
4.383693600000000e+02 -4.031911611635408e-02
4.384520400000000e+02 -3.334065349092286e-02
4.385347200000000e+02 -2.594656949468210e-02
4.386174000000000e+02 -1.767168167979105e-02
4.387000800000000e+02 -9.797353169422096e-03
4.387827600000000e+02 -2.619818088514636e-03
4.388654400000000e+02 5.084798045356442e-03
4.389481200000000e+02 1.319780224177924e-02
4.390308000000000e+02 2.039574159952284e-02
4.391134800000000e+02 2.698838471044440e-02
4.391961600000000e+02 3.411255591984197e-02
4.392788400000000e+02 4.107861538745072e-02
4.393615200000000e+02 4.680637929530640e-02
4.394442000000000e+02 5.214529647259547e-02
4.395268800000000e+02 5.788710619303938e-02
4.396095600000000e+02 6.291216564889057e-02
4.396922400000000e+02 6.662089904536250e-02
4.397749200000000e+02 7.021413507968322e-02
4.398576000000000e+02 7.395406421812323e-02
4.399402800000000e+02 7.653231920997094e-02
4.400229600000000e+02 7.796353916357468e-02
4.401056400000000e+02 7.953077900357131e-02
4.401883200000000e+02 8.090115611601245e-02
4.402710000000000e+02 8.086561936483028e-02
4.403536800000000e+02 8.005046799030058e-02
4.404363600000000e+02 7.953306769689517e-02
4.405190400000000e+02 7.845591948509301e-02
4.406017200000000e+02 7.597775232639459e-02
4.406844000000000e+02 7.319804582531331e-02
4.407670800000000e+02 7.074877059264550e-02
4.408497600000000e+02 6.743790701489361e-02
4.409324400000000e+02 6.297912858879662e-02
4.410151200000000e+02 5.870346196199216e-02
4.410978000000000e+02 5.466033089827815e-02
4.411804800000000e+02 4.958800668049723e-02
4.412631600000000e+02 4.381953550374684e-02
4.413458400000000e+02 3.862870415829622e-02
4.414285200000000e+02 3.347640108998118e-02
4.415112000000000e+02 2.730966948420066e-02
4.415938800000000e+02 2.101060956141587e-02
4.416765600000000e+02 1.552431129597642e-02
4.417592400000000e+02 9.845957544857842e-03
4.418419200000000e+02 3.361804903790677e-03
4.419246000000000e+02 -2.683798312704933e-03
4.420072800000000e+02 -7.870879832271083e-03
4.420899600000000e+02 -1.344874980151067e-02
4.421726400000000e+02 -1.945809449760205e-02
4.422553200000000e+02 -2.455331072033162e-02
4.423380000000000e+02 -2.892186591591217e-02
4.424206800000000e+02 -3.378777649685971e-02
4.425033600000000e+02 -3.860760872702462e-02
4.425860400000000e+02 -4.221384787041926e-02
4.426687200000000e+02 -4.535575358686883e-02
4.427514000000000e+02 -4.897133728878078e-02
4.428340800000000e+02 -5.204488050419231e-02
4.429167600000000e+02 -5.382715340062938e-02
4.429994400000000e+02 -5.546794961210455e-02
4.430821200000000e+02 -5.742142612991097e-02
4.431648000000000e+02 -5.840980320748212e-02
4.432474800000000e+02 -5.825504447143237e-02
4.433301600000000e+02 -5.826549095645939e-02
4.434128400000000e+02 -5.831637106463516e-02
4.434955200000000e+02 -5.713289208152816e-02
4.435782000000000e+02 -5.514368691752558e-02
4.436608800000000e+02 -5.354302520550214e-02
4.437435600000000e+02 -5.165386809885730e-02
4.438262400000000e+02 -4.847019561763255e-02
4.439089200000000e+02 -4.493845676880270e-02
4.439916000000000e+02 -4.189128954981436e-02
4.440742800000000e+02 -3.824245995975972e-02
4.441569600000000e+02 -3.346680410676817e-02
4.442396400000000e+02 -2.883298631717923e-02
4.443223200000000e+02 -2.464031415375101e-02
4.444050000000000e+02 -1.962409326026282e-02
4.444876800000000e+02 -1.385393481769359e-02
4.445703600000000e+02 -8.657418678825746e-03
4.446530400000000e+02 -3.740824159473743e-03
4.447357200000000e+02 2.067740896301573e-03
4.448184000000000e+02 8.113731982846484e-03
4.449010800000000e+02 1.328808686685501e-02
4.449837600000000e+02 1.841127016684962e-02
4.450664400000000e+02 2.430745879741070e-02
4.451491200000000e+02 2.987161936579841e-02
4.452318000000000e+02 3.444672210932198e-02
4.453144800000000e+02 3.919968591328515e-02
4.453971600000000e+02 4.442390964722354e-02
4.454798400000000e+02 4.879744689861787e-02
4.455625200000000e+02 5.225405815578033e-02
4.456452000000000e+02 5.604975252136990e-02
4.457278800000000e+02 5.987817755732983e-02
4.458105600000000e+02 6.248507324807973e-02
4.458932400000000e+02 6.440675328131440e-02
4.459759200000000e+02 6.670937661538456e-02
4.460586000000000e+02 6.855057398825803e-02
4.461412800000000e+02 6.901772562121500e-02
4.462239600000000e+02 6.912940305661908e-02
4.463066400000000e+02 6.952405435113540e-02
4.463893200000000e+02 6.900861099072475e-02
4.464720000000000e+02 6.721358194120164e-02
4.465546800000000e+02 6.541262618150956e-02
4.466373600000000e+02 6.367491876482090e-02
4.467200400000000e+02 6.072335027809428e-02
4.468027200000000e+02 5.681365196425492e-02
4.468854000000000e+02 5.319154914684454e-02
4.469680800000000e+02 4.934520463349223e-02
4.470507600000000e+02 4.420061949722420e-02
4.471334400000000e+02 3.858193280061462e-02
4.472161200000000e+02 3.343304825497317e-02
4.472988000000000e+02 2.778159760941101e-02
4.473814800000000e+02 2.099785383132879e-02
4.474641600000000e+02 1.429223766366505e-02
4.475468400000000e+02 8.104502296267135e-03
4.476295200000000e+02 1.224777801894672e-03
4.477122000000000e+02 -6.392150472293134e-03
4.477948800000000e+02 -1.341391428396310e-02
4.478775600000000e+02 -1.999181346078716e-02
4.479602400000000e+02 -2.730104849898574e-02
4.480429200000000e+02 -3.479261294742730e-02
4.481256000000000e+02 -4.129802283330986e-02
4.482082800000000e+02 -4.751594900481748e-02
4.482909600000000e+02 -5.432804534777458e-02
4.483736400000000e+02 -6.071028621896113e-02
4.484563200000000e+02 -6.590299302410940e-02
4.485390000000000e+02 -7.099288563928030e-02
4.486216800000000e+02 -7.637820289124164e-02
4.487043600000000e+02 -8.077819099754213e-02
4.487870400000000e+02 -8.399632698217241e-02
4.488697200000000e+02 -8.727091843667145e-02
4.489524000000000e+02 -9.043315557264675e-02
4.490350800000000e+02 -9.221443075660052e-02
4.491177600000000e+02 -9.301728180177216e-02
4.492004400000000e+02 -9.396919769184886e-02
4.492831200000000e+02 -9.437030190564422e-02
4.493658000000000e+02 -9.322820624078487e-02
4.494484800000000e+02 -9.145857772400690e-02
4.495311600000000e+02 -8.984252068147491e-02
4.496138400000000e+02 -8.729466338395797e-02
4.496965200000000e+02 -8.330641871180422e-02
4.497792000000000e+02 -7.911782608172635e-02
4.498618800000000e+02 -7.500038460864400e-02
4.499445600000000e+02 -6.970889304195005e-02
4.500272400000000e+02 -6.332953153663490e-02
4.501099200000000e+02 -5.717197678284425e-02
4.501926000000000e+02 -5.093915809865712e-02
4.502752800000000e+02 -4.348821458643692e-02
4.503579600000000e+02 -3.549141872248507e-02
4.504406400000000e+02 -2.805635811103002e-02
4.505233200000000e+02 -2.037637082021293e-02
4.506060000000000e+02 -1.165810672527168e-02
4.506886800000000e+02 -3.029709595058772e-03
4.507713600000000e+02 4.837829899650536e-03
4.508540400000000e+02 1.309183938879777e-02
4.509367200000000e+02 2.199577217300552e-02
4.510194000000000e+02 3.019576254794631e-02
4.511020800000000e+02 3.760420183815427e-02
4.511847600000000e+02 4.546126671914708e-02
4.512674400000000e+02 5.342924601859156e-02
4.513501200000000e+02 6.021431298808899e-02
4.514328000000000e+02 6.633540340688238e-02
4.515154800000000e+02 7.285004261427119e-02
4.515981600000000e+02 7.887920086804434e-02
4.516808400000000e+02 8.346975608350193e-02
4.517635200000000e+02 8.763614061919667e-02
4.518462000000000e+02 9.201225620208731e-02
4.519288800000000e+02 9.536161462595572e-02
4.520115600000000e+02 9.728297939355313e-02
4.520942400000000e+02 9.906206963899966e-02
4.521769200000000e+02 1.007610101416323e-01
4.522596000000000e+02 1.010554532665977e-01
4.523422800000000e+02 1.001864641141688e-01
4.524249600000000e+02 9.942407258282937e-02
4.525076400000000e+02 9.824102717987915e-02
4.525903200000000e+02 9.551863826704043e-02
4.526730000000000e+02 9.208701379335082e-02
4.527556800000000e+02 8.891834169007795e-02
4.528383600000000e+02 8.501420275176108e-02
4.529210400000000e+02 7.970982588569275e-02
4.530037200000000e+02 7.424025944759549e-02
4.530864000000000e+02 6.906875744026086e-02
4.531690800000000e+02 6.295061347896413e-02
4.532517600000000e+02 5.582059328923694e-02
4.533344400000000e+02 4.904843159236394e-02
4.534171200000000e+02 4.249526518223723e-02
4.534998000000000e+02 3.494712900100649e-02
4.535824800000000e+02 2.695058117852078e-02
4.536651600000000e+02 1.971682407472775e-02
4.537478400000000e+02 1.254610017092406e-02
4.538305200000000e+02 4.520315035004385e-03
4.539132000000000e+02 -3.321597836569379e-03
4.539958800000000e+02 -1.017863957080145e-02
4.540785600000000e+02 -1.715078460931041e-02
4.541612400000000e+02 -2.466422301381499e-02
4.542439200000000e+02 -3.140834746157217e-02
4.543266000000000e+02 -3.715148592845419e-02
4.544092800000000e+02 -4.315303740981813e-02
4.544919600000000e+02 -4.925888516073706e-02
4.545746400000000e+02 -5.415950410085435e-02
4.546573200000000e+02 -5.823057048991842e-02
4.547400000000000e+02 -6.262266115055948e-02
4.548226800000000e+02 -6.663503739845245e-02
4.549053600000000e+02 -6.922771778381520e-02
4.549880400000000e+02 -7.129727451642909e-02
4.550707200000000e+02 -7.364451298777042e-02
4.551534000000000e+02 -7.516822796823897e-02
4.552360800000000e+02 -7.530929229534944e-02
4.553187600000000e+02 -7.529425482044860e-02
4.554014400000000e+02 -7.540792682122965e-02
4.554841200000000e+02 -7.437704543532220e-02
4.555668000000000e+02 -7.223657871918043e-02
4.556494800000000e+02 -7.028647579597436e-02
4.557321600000000e+02 -6.823685989030359e-02
4.558148400000000e+02 -6.490780081308023e-02
4.558975200000000e+02 -6.092089689295144e-02
4.559802000000000e+02 -5.737837089631870e-02
4.560628800000000e+02 -5.347724932692410e-02
4.561455600000000e+02 -4.838022901128192e-02
4.562282400000000e+02 -4.316726209830379e-02
4.563109200000000e+02 -3.851219472527789e-02
4.563936000000000e+02 -3.327035044290660e-02
4.564762800000000e+02 -2.712838186849720e-02
4.565589600000000e+02 -2.139931887769686e-02
4.566416400000000e+02 -1.618734433371483e-02
4.567243200000000e+02 -1.025375579704824e-02
4.568070000000000e+02 -3.882100074015571e-03
4.568896800000000e+02 1.658833032661455e-03
4.569723600000000e+02 6.854217336867752e-03
4.570550400000000e+02 1.276444722808134e-02
4.571377200000000e+02 1.856385092430335e-02
4.572204000000000e+02 2.329892299767977e-02
4.573030800000000e+02 2.793523857526603e-02
4.573857600000000e+02 3.311765225435970e-02
4.574684400000000e+02 3.765277360890440e-02
4.575511200000000e+02 4.110763185179145e-02
4.576338000000000e+02 4.471229796433251e-02
4.577164800000000e+02 4.854840441980468e-02
4.577991600000000e+02 5.131320041529130e-02
4.578818400000000e+02 5.318692249394763e-02
4.579645200000000e+02 5.538834807128967e-02
4.580472000000000e+02 5.741334516349272e-02
4.581298800000000e+02 5.813575673421978e-02
4.582125600000000e+02 5.830697393959083e-02
4.582952400000000e+02 5.886094679524101e-02
4.583779200000000e+02 5.881750409218156e-02
4.584606000000000e+02 5.747646815257867e-02
4.585432800000000e+02 5.599228378073662e-02
4.586259600000000e+02 5.480523277427762e-02
4.587086400000000e+02 5.267720173142465e-02
4.587913200000000e+02 4.949027077234125e-02
4.588740000000000e+02 4.654570604116681e-02
4.589566800000000e+02 4.369346548789865e-02
4.590393600000000e+02 3.971450545259758e-02
4.591220400000000e+02 3.510116080851822e-02
4.592047200000000e+02 3.101523413173046e-02
4.592874000000000e+02 2.675294464990063e-02
4.593700800000000e+02 2.138725140154907e-02
4.594527600000000e+02 1.591494501826773e-02
4.595354400000000e+02 1.110617649733425e-02
4.596181200000000e+02 5.863208573899215e-03
4.597008000000000e+02 -2.414216493323851e-04
4.597834800000000e+02 -5.921166904173769e-03
4.598661600000000e+02 -1.096065672371860e-02
4.599488400000000e+02 -1.660652413845498e-02
4.600315200000000e+02 -2.268964367311099e-02
4.601142000000000e+02 -2.790872416570234e-02
4.601968800000000e+02 -3.264385487049837e-02
4.602795600000000e+02 -3.801610292972324e-02
4.603622400000000e+02 -4.329266779273977e-02
4.604449200000000e+02 -4.743261445371072e-02
4.605276000000000e+02 -5.132437688340519e-02
4.606102800000000e+02 -5.571983215424992e-02
4.606929600000000e+02 -5.947582281590991e-02
4.607756400000000e+02 -6.202900037518966e-02
4.608583200000000e+02 -6.458336447277824e-02
4.609410000000000e+02 -6.735993135618246e-02
4.610236800000000e+02 -6.904432041007758e-02
4.611063600000000e+02 -6.966657700956091e-02
4.611890400000000e+02 -7.049079727743579e-02
4.612717200000000e+02 -7.115933012166109e-02
4.613544000000000e+02 -7.046068480069401e-02
4.614370800000000e+02 -6.901130248381238e-02
4.615197600000000e+02 -6.787085201736054e-02
4.616024400000000e+02 -6.617684650939470e-02
4.616851200000000e+02 -6.307372142044898e-02
4.617678000000000e+02 -5.963782406888130e-02
4.618504800000000e+02 -5.650424171927115e-02
4.619331600000000e+02 -5.248493677946009e-02
4.620158400000000e+02 -4.726156720359043e-02
4.620985200000000e+02 -4.215037202899996e-02
4.621812000000000e+02 -3.722982746860226e-02
4.622638800000000e+02 -3.123499385154893e-02
4.623465600000000e+02 -2.445764528350469e-02
4.624292400000000e+02 -1.818375692103291e-02
4.625119200000000e+02 -1.191824464718783e-02
4.625946000000000e+02 -4.587790463788322e-03
4.626772800000000e+02 2.957786271044704e-03
4.627599600000000e+02 9.729556461999800e-03
4.628426400000000e+02 1.669258911066618e-02
4.629253200000000e+02 2.449494845454725e-02
4.630080000000000e+02 3.189873536934162e-02
4.630906800000000e+02 3.842066806301969e-02
4.631733600000000e+02 4.528992387970232e-02
4.632560400000000e+02 5.258113520054697e-02
4.633387200000000e+02 5.892495779878826e-02
4.634214000000000e+02 6.444822831014718e-02
4.635040800000000e+02 7.037672524856542e-02
4.635867600000000e+02 7.618485436957201e-02
4.636694400000000e+02 8.066336735375179e-02
4.637521200000000e+02 8.452301019506914e-02
4.638348000000000e+02 8.871418823031862e-02
4.639174800000000e+02 9.221718540507873e-02
4.640001600000000e+02 9.424593409856519e-02
4.640828400000000e+02 9.593959216680570e-02
4.641655200000000e+02 9.775899772828622e-02
4.642482000000000e+02 9.841041798828798e-02
4.643308800000000e+02 9.770464948694590e-02
4.644135600000000e+02 9.695677912725154e-02
4.644962400000000e+02 9.603360747701306e-02
4.645789200000000e+02 9.365355807042541e-02
4.646616000000000e+02 9.026618702663636e-02
4.647442800000000e+02 8.707062852249070e-02
4.648269600000000e+02 8.337152628997702e-02
4.649096400000000e+02 7.818527661041819e-02
4.649923200000000e+02 7.249931303790658e-02
4.650750000000000e+02 6.713413006451108e-02
4.651576800000000e+02 6.099298851976109e-02
4.652403600000000e+02 5.360834496549627e-02
4.653230400000000e+02 4.628628926959910e-02
4.654057200000000e+02 3.929602381703823e-02
4.654884000000000e+02 3.138925086705358e-02
4.655710800000000e+02 2.271508655595722e-02
4.656537600000000e+02 1.461353931814979e-02
4.657364400000000e+02 6.756633841571769e-03
4.658191200000000e+02 -1.976930831120161e-03
4.659018000000000e+02 -1.085779982425117e-02
4.659844800000000e+02 -1.879649974817688e-02
4.660671600000000e+02 -2.663265598795572e-02
4.661498400000000e+02 -3.511687732883040e-02
4.662325200000000e+02 -4.309974935702010e-02
4.663152000000000e+02 -4.996524179807438e-02
4.663978800000000e+02 -5.687292405870936e-02
4.664805600000000e+02 -6.404493197028660e-02
4.665632400000000e+02 -7.015645711601215e-02
4.666459200000000e+02 -7.518302023442891e-02
4.667286000000000e+02 -8.035174526931643e-02
4.668112800000000e+02 -8.531329830598300e-02
4.668939600000000e+02 -8.884319029087306e-02
4.669766400000000e+02 -9.150297402355567e-02
4.670593200000000e+02 -9.432789186967228e-02
4.671420000000000e+02 -9.647308076777972e-02
4.672246800000000e+02 -9.706562441733058e-02
4.673073600000000e+02 -9.712961654569563e-02
4.673900400000000e+02 -9.729309116911944e-02
4.674727200000000e+02 -9.639253196538011e-02
4.675554000000000e+02 -9.408532422317628e-02
4.676380800000000e+02 -9.164306307364234e-02
4.677207600000000e+02 -8.915637065920912e-02
4.678034400000000e+02 -8.538563094415774e-02
4.678861200000000e+02 -8.059070031431648e-02
4.679688000000000e+02 -7.602606012433621e-02
4.680514800000000e+02 -7.122539890763957e-02
4.681341600000000e+02 -6.513438264606275e-02
4.682168400000000e+02 -5.856558335716400e-02
4.682995200000000e+02 -5.249364226086950e-02
4.683822000000000e+02 -4.599254799114738e-02
4.684648800000000e+02 -3.842153769818568e-02
4.685475600000000e+02 -3.098084072982688e-02
4.686302400000000e+02 -2.415783748458611e-02
4.687129200000000e+02 -1.676465187134557e-02
4.687956000000000e+02 -8.720551636167806e-03
4.688782800000000e+02 -1.362894062564068e-03
4.689609600000000e+02 5.414589925094804e-03
4.690436400000000e+02 1.280148962716721e-02
4.691263200000000e+02 2.028934541341365e-02
4.692090000000000e+02 2.668948104866142e-02
4.692916800000000e+02 3.267997834256853e-02
4.693743600000000e+02 3.918495133799471e-02
4.694570400000000e+02 4.520706288224474e-02
4.695397200000000e+02 4.996548915068921e-02
4.696224000000000e+02 5.456042121145255e-02
4.697050800000000e+02 5.943738798745246e-02
4.697877600000000e+02 6.332262571588643e-02
4.698704400000000e+02 6.601602574591281e-02
4.699531200000000e+02 6.879330958411001e-02
4.700358000000000e+02 7.151405233078323e-02
4.701184800000000e+02 7.290712777705921e-02
4.702011600000000e+02 7.339804654413984e-02
4.702838400000000e+02 7.415052875602857e-02
4.703665200000000e+02 7.446413679211272e-02
4.704492000000000e+02 7.335250838323193e-02
4.705318800000000e+02 7.177215006458604e-02
4.706145600000000e+02 7.051328779343680e-02
4.706972400000000e+02 6.846978060540188e-02
4.707799200000000e+02 6.515999255182936e-02
4.708626000000000e+02 6.185939975615085e-02
4.709452800000000e+02 5.880969494247879e-02
4.710279600000000e+02 5.474544269720716e-02
4.711106400000000e+02 4.979763943490934e-02
4.711933200000000e+02 4.528091449323079e-02
4.712760000000000e+02 4.083830491825902e-02
4.713586800000000e+02 3.532615391997207e-02
4.714413600000000e+02 2.946138638502649e-02
4.715240400000000e+02 2.431382925614867e-02
4.716067200000000e+02 1.901080915459230e-02
4.716894000000000e+02 1.278272058084939e-02
4.717720800000000e+02 6.779730476468959e-03
4.718547600000000e+02 1.600611325657142e-03
4.719374400000000e+02 -3.948983517230942e-03
4.720201200000000e+02 -1.009556702994929e-02
4.721028000000000e+02 -1.549873501687982e-02
4.721854800000000e+02 -2.015287504957730e-02
4.722681600000000e+02 -2.531378088836844e-02
4.723508400000000e+02 -3.061331169109183e-02
4.724335200000000e+02 -3.480107403425303e-02
4.725162000000000e+02 -3.846007044973676e-02
4.725988800000000e+02 -4.263780632412750e-02
4.726815600000000e+02 -4.644592713061912e-02
4.727642400000000e+02 -4.898300176314341e-02
4.728469200000000e+02 -5.129363809855203e-02
4.729296000000000e+02 -5.399419134185068e-02
4.730122800000000e+02 -5.585930604644063e-02
4.730949600000000e+02 -5.652179960729564e-02
4.731776400000000e+02 -5.726687047067680e-02
4.732603200000000e+02 -5.814904004794652e-02
4.733430000000000e+02 -5.785947496370458e-02
4.734256800000000e+02 -5.664021616056336e-02
4.735083600000000e+02 -5.574835055949801e-02
4.735910400000000e+02 -5.466419590759752e-02
4.736737200000000e+02 -5.226739866107166e-02
4.737564000000000e+02 -4.935932380911756e-02
4.738390800000000e+02 -4.690763408217025e-02
4.739217600000000e+02 -4.392683021637356e-02
4.740044400000000e+02 -3.971996995972638e-02
4.740871200000000e+02 -3.548296077002944e-02
4.741698000000000e+02 -3.169356827807757e-02
4.742524800000000e+02 -2.710793419713786e-02
4.743351600000000e+02 -2.160180787087573e-02
4.744178400000000e+02 -1.651878707363552e-02
4.745005200000000e+02 -1.174878249994971e-02
4.745832000000000e+02 -6.054072439141023e-03
4.746658800000000e+02 8.560003580171394e-05
4.747485600000000e+02 5.458043843573290e-03
4.748312400000000e+02 1.073507497001425e-02
4.749139200000000e+02 1.688152606344306e-02
4.749966000000000e+02 2.290944363315839e-02
4.750792800000000e+02 2.799171860130079e-02
4.751619600000000e+02 3.321524654726071e-02
4.752446400000000e+02 3.906003951816417e-02
4.753273200000000e+02 4.423570875155114e-02
4.754100000000000e+02 4.847425196146637e-02
4.754926800000000e+02 5.303973608873491e-02
4.755753600000000e+02 5.781786162152136e-02
4.756580400000000e+02 6.149024887251064e-02
4.757407200000000e+02 6.440317466000534e-02
4.758234000000000e+02 6.771901563660243e-02
4.759060800000000e+02 7.074929040015043e-02
4.759887600000000e+02 7.243249367923732e-02
4.760714400000000e+02 7.365094542601491e-02
4.761541200000000e+02 7.520709798653513e-02
4.762368000000000e+02 7.598708568254731e-02
4.763194800000000e+02 7.541840233704677e-02
4.764021600000000e+02 7.472293836001132e-02
4.764848400000000e+02 7.416482497588839e-02
4.765675200000000e+02 7.245134303472078e-02
4.766502000000000e+02 6.962496630488391e-02
4.767328800000000e+02 6.697564304464654e-02
4.768155600000000e+02 6.417278947086669e-02
4.768982400000000e+02 6.003387801214932e-02
4.769809200000000e+02 5.520631494565587e-02
4.770636000000000e+02 5.076345794666781e-02
4.771462800000000e+02 4.585918626753194e-02
4.772289600000000e+02 3.968611528569077e-02
4.773116400000000e+02 3.335265492354411e-02
4.773943200000000e+02 2.748314120401907e-02
4.774770000000000e+02 2.091134678157502e-02
4.775596800000000e+02 1.338484398986717e-02
4.776423600000000e+02 6.229305865845247e-03
4.777250400000000e+02 -5.082245064620405e-04
4.778077200000000e+02 -8.049527729887540e-03
4.778904000000000e+02 -1.603714616918783e-02
4.779730800000000e+02 -2.321492908007128e-02
4.780557600000000e+02 -3.011161671336904e-02
4.781384400000000e+02 -3.773278267581026e-02
4.782211200000000e+02 -4.519022898389280e-02
4.783038000000000e+02 -5.156293649791477e-02
4.783864800000000e+02 -5.782961185324731e-02
4.784691600000000e+02 -6.456103010856862e-02
4.785518400000000e+02 -7.052995133987083e-02
4.786345200000000e+02 -7.533912641965812e-02
4.787172000000000e+02 -8.019956179884036e-02
4.787998800000000e+02 -8.512661033485736e-02
4.788825600000000e+02 -8.881385802643704e-02
4.789652400000000e+02 -9.146367189207183e-02
4.790479200000000e+02 -9.425906600314626e-02
4.791306000000000e+02 -9.665859142016442e-02
4.792132800000000e+02 -9.754939442393462e-02
4.792959600000000e+02 -9.768557005763967e-02
4.793786400000000e+02 -9.797325523375722e-02
4.794613200000000e+02 -9.742855927736971e-02
4.795440000000000e+02 -9.536337054359090e-02
4.796266800000000e+02 -9.292483537306395e-02
4.797093600000000e+02 -9.055337917493023e-02
4.797920400000000e+02 -8.702797842155863e-02
4.798747200000000e+02 -8.223047208262346e-02
4.799574000000000e+02 -7.746392678629022e-02
4.800400800000000e+02 -7.261036842132029e-02
4.801227600000000e+02 -6.646749458899770e-02
4.802054400000000e+02 -5.951799862269758e-02
4.802881200000000e+02 -5.295110471244668e-02
4.803708000000000e+02 -4.611275609033749e-02
4.804534800000000e+02 -3.807609553072488e-02
4.805361600000000e+02 -2.983299484708701e-02
4.806188400000000e+02 -2.220912674382314e-02
4.807015200000000e+02 -1.415008182124744e-02
4.807842000000000e+02 -5.210155722975784e-03
4.808668800000000e+02 3.309635013029277e-03
4.809495600000000e+02 1.112518626266279e-02
4.810322400000000e+02 1.946586313034693e-02
4.811149200000000e+02 2.818704843587605e-02
4.811976000000000e+02 3.595011096626843e-02
4.812802800000000e+02 4.307797009965020e-02
4.813629600000000e+02 5.070443782266620e-02
4.814456400000000e+02 5.811103462073341e-02
4.815283200000000e+02 6.420915280390449e-02
4.816110000000000e+02 6.986204363598569e-02
4.816936800000000e+02 7.585115696882749e-02
4.817763600000000e+02 8.102942175499317e-02
4.818590400000000e+02 8.479812381210861e-02
4.819417200000000e+02 8.837179289207930e-02
4.820244000000000e+02 9.199692289978989e-02
4.821070800000000e+02 9.434436840211824e-02
4.821897600000000e+02 9.544028617565625e-02
4.822724400000000e+02 9.657952150879190e-02
4.823551200000000e+02 9.741128161500667e-02
4.824378000000000e+02 9.671749603101032e-02
4.825204800000000e+02 9.514516382440941e-02
4.826031600000000e+02 9.377941040281446e-02
4.826858400000000e+02 9.174742755468923e-02
4.827685200000000e+02 8.821344512585672e-02
4.828512000000000e+02 8.430213009369580e-02
4.829338800000000e+02 8.064847589602575e-02
4.830165600000000e+02 7.605300113311264e-02
4.830992400000000e+02 7.024777244986247e-02
4.831819200000000e+02 6.458728197343400e-02
4.832646000000000e+02 5.912108597221732e-02
4.833472800000000e+02 5.259101635860375e-02
4.834299600000000e+02 4.535524433583360e-02
4.835126400000000e+02 3.870446355546553e-02
4.835953200000000e+02 3.210046400630151e-02
4.836780000000000e+02 2.450374055470572e-02
4.837606800000000e+02 1.681988119591082e-02
4.838433600000000e+02 1.000296797986788e-02
4.839260400000000e+02 3.052941199570225e-03
4.840087200000000e+02 -4.626231466141606e-03
4.840914000000000e+02 -1.177534989497209e-02
4.841740800000000e+02 -1.797134630077857e-02
4.842567600000000e+02 -2.445475236208972e-02
4.843394400000000e+02 -3.125209573744625e-02
4.844221200000000e+02 -3.701448590029266e-02
4.845048000000000e+02 -4.192888295628494e-02
4.845874800000000e+02 -4.720978234074269e-02
4.846701600000000e+02 -5.230958214966630e-02
4.847528400000000e+02 -5.606755977725797e-02
4.848355200000000e+02 -5.923285645211396e-02
4.849182000000000e+02 -6.273815892723922e-02
4.850008800000000e+02 -6.557596344799921e-02
4.850835600000000e+02 -6.700984089564743e-02
4.851662400000000e+02 -6.818972878298535e-02
4.852489200000000e+02 -6.957236846698867e-02
4.853316000000000e+02 -6.989858434640295e-02
4.854142800000000e+02 -6.900492087586374e-02
4.854969600000000e+02 -6.820108465720387e-02
4.855796400000000e+02 -6.737327094744805e-02
4.856623200000000e+02 -6.527111980442113e-02
4.857450000000000e+02 -6.233656376912033e-02
4.858276800000000e+02 -5.976661591440102e-02
4.859103600000000e+02 -5.690098067112326e-02
4.859930400000000e+02 -5.275919561383779e-02
4.860757200000000e+02 -4.829747664725625e-02
4.861584000000000e+02 -4.435089166878903e-02
4.862410800000000e+02 -3.985206475247760e-02
4.863237600000000e+02 -3.429897815983884e-02
4.864064400000000e+02 -2.896395153762077e-02
4.864891200000000e+02 -2.414572301163276e-02
4.865718000000000e+02 -1.859808572960120e-02
4.866544800000000e+02 -1.240862358684391e-02
4.867371600000000e+02 -6.899216319463108e-03
4.868198400000000e+02 -1.771118739045896e-03
4.869025200000000e+02 4.130036911022983e-03
4.869852000000000e+02 1.014004830206383e-02
4.870678800000000e+02 1.516747410661212e-02
4.871505600000000e+02 2.004066014533334e-02
4.872332400000000e+02 2.556714740900812e-02
4.873159200000000e+02 3.064434854980902e-02
4.873986000000000e+02 3.464432391574190e-02
4.874812800000000e+02 3.874029699925885e-02
4.875639600000000e+02 4.321110832640407e-02
4.876466400000000e+02 4.675229952739779e-02
4.877293200000000e+02 4.933324220528656e-02
4.878120000000000e+02 5.220980091051342e-02
4.878946800000000e+02 5.506632685582247e-02
4.879773600000000e+02 5.668070232225608e-02
4.880600400000000e+02 5.762286657667204e-02
4.881427200000000e+02 5.895003058612658e-02
4.882254000000000e+02 5.981955427928720e-02
4.883080800000000e+02 5.936041925290225e-02
4.883907600000000e+02 5.861401363369667e-02
4.884734400000000e+02 5.820255925186812e-02
4.885561200000000e+02 5.694343220076681e-02
4.886388000000000e+02 5.450926902376740e-02
4.887214800000000e+02 5.218025083181532e-02
4.888041600000000e+02 5.000624923298991e-02
4.888868400000000e+02 4.672915511400166e-02
4.889695200000000e+02 4.263805274002341e-02
4.890522000000000e+02 3.896852702420728e-02
4.891348800000000e+02 3.519050067488572e-02
4.892175600000000e+02 3.025219160041448e-02
4.893002400000000e+02 2.499629724213437e-02
4.893829200000000e+02 2.034365372998870e-02
4.894656000000000e+02 1.530670699417480e-02
4.895482800000000e+02 9.275425287667116e-03
4.896309600000000e+02 3.462917636596230e-03
4.897136400000000e+02 -1.721902602072611e-03
4.897963200000000e+02 -7.501133910169711e-03
4.898790000000000e+02 -1.390607151150947e-02
4.899616800000000e+02 -1.961473396640423e-02
4.900443600000000e+02 -2.481266205255173e-02
4.901270400000000e+02 -3.068468643301359e-02
4.902097200000000e+02 -3.667347829167600e-02
4.902924000000000e+02 -4.162992378675867e-02
4.903750800000000e+02 -4.628709153021560e-02
4.904577600000000e+02 -5.153253796899826e-02
4.905404400000000e+02 -5.633732628139743e-02
4.906231200000000e+02 -5.996673517025330e-02
4.907058000000000e+02 -6.353880953883895e-02
4.907884800000000e+02 -6.745132867590964e-02
4.908711600000000e+02 -7.042026748545949e-02
4.909538400000000e+02 -7.227714605963420e-02
4.910365200000000e+02 -7.428436699809859e-02
4.911192000000000e+02 -7.626397886482317e-02
4.912018800000000e+02 -7.694584576020391e-02
4.912845600000000e+02 -7.676090391214030e-02
4.913672400000000e+02 -7.684898020183317e-02
4.914499200000000e+02 -7.649258475855902e-02
4.915326000000000e+02 -7.470104270225308e-02
4.916152800000000e+02 -7.241489441277549e-02
4.916979600000000e+02 -7.041290804092126e-02
4.917806400000000e+02 -6.758721792221878e-02
4.918633200000000e+02 -6.343528835483192e-02
4.919460000000000e+02 -5.921396944943058e-02
4.920286800000000e+02 -5.517847134261966e-02
4.921113600000000e+02 -5.006194215826409e-02
4.921940400000000e+02 -4.396010055880040e-02
4.922767200000000e+02 -3.818801555237483e-02
4.923594000000000e+02 -3.242324204997038e-02
4.924420800000000e+02 -2.550739187476392e-02
4.925247600000000e+02 -1.812292800140702e-02
4.926074400000000e+02 -1.137117448241376e-02
4.926901200000000e+02 -4.418422953336609e-03
4.927728000000000e+02 3.535506438320679e-03
4.928554800000000e+02 1.135493997060510e-02
4.929381600000000e+02 1.838335141402381e-02
4.930208400000000e+02 2.578971981098099e-02
4.931035200000000e+02 3.383638182102244e-02
4.931862000000000e+02 4.116648946593493e-02
4.932688800000000e+02 4.770930698560993e-02
4.933515600000000e+02 5.471708805250941e-02
4.934342400000000e+02 6.184599947973257e-02
4.935169200000000e+02 6.780335549294503e-02
4.935996000000000e+02 7.312175510320418e-02
4.936822800000000e+02 7.886080862980815e-02
4.937649600000000e+02 8.413367935433502e-02
4.938476400000000e+02 8.799046524045884e-02
4.939303200000000e+02 9.145272663190052e-02
4.940130000000000e+02 9.514891777801615e-02
4.940956800000000e+02 9.783560355934895e-02
4.941783600000000e+02 9.911473317952724e-02
4.942610400000000e+02 1.002721677801953e-01
4.943437200000000e+02 1.013608027973851e-01
4.944264000000000e+02 1.010519446812124e-01
4.945090800000000e+02 9.958869612679611e-02
4.945917600000000e+02 9.823583402373404e-02
4.946744400000000e+02 9.645703399699546e-02
4.947571200000000e+02 9.313321160925003e-02
4.948398000000000e+02 8.909511010769011e-02
4.949224800000000e+02 8.530676749022559e-02
4.950051600000000e+02 8.076461614156760e-02
4.950878400000000e+02 7.480825476582453e-02
4.951705200000000e+02 6.867174217737215e-02
4.952532000000000e+02 6.281020002170512e-02
4.953358800000000e+02 5.598097458627549e-02
4.954185600000000e+02 4.812736567810427e-02
4.955012400000000e+02 4.061593915730055e-02
4.955839200000000e+02 3.330308552294770e-02
4.956666000000000e+02 2.498590358111430e-02
4.957492800000000e+02 1.622093019950366e-02
4.958319600000000e+02 8.213778192262100e-03
4.959146400000000e+02 2.668246980489508e-04
4.959973200000000e+02 -8.518958112770036e-03
4.960800000000000e+02 -1.709753110755918e-02
4.961626800000000e+02 -2.467482347401384e-02
4.962453600000000e+02 -3.233941566450904e-02
4.963280400000000e+02 -4.049485876370962e-02
4.964107200000000e+02 -4.783040562074758e-02
4.964934000000000e+02 -5.412003906322438e-02
4.965760800000000e+02 -6.060286502387335e-02
4.966587600000000e+02 -6.710534509835664e-02
4.967414400000000e+02 -7.232661730364820e-02
4.968241200000000e+02 -7.664372547407317e-02
4.969068000000000e+02 -8.118189876721538e-02
4.969894800000000e+02 -8.523083937456721e-02
4.970721600000000e+02 -8.776675727374561e-02
4.971548400000000e+02 -8.968168048563618e-02
4.972375200000000e+02 -9.175232594610505e-02
4.973202000000000e+02 -9.288167329421415e-02
4.974028800000000e+02 -9.253079743589698e-02
4.974855600000000e+02 -9.191666701840162e-02
4.975682400000000e+02 -9.130757504190479e-02
4.976509200000000e+02 -8.944806240550707e-02
4.977336000000000e+02 -8.639344016319039e-02
4.978162800000000e+02 -8.343190850028526e-02
4.978989600000000e+02 -8.026840231884691e-02
4.979816400000000e+02 -7.575100992596651e-02
4.980643200000000e+02 -7.051909894813702e-02
4.981470000000000e+02 -6.566395955317961e-02
4.982296800000000e+02 -6.038886761314577e-02
4.983123600000000e+02 -5.389004748760429e-02
4.983950400000000e+02 -4.726117899998972e-02
4.984777200000000e+02 -4.116719917042444e-02
4.985604000000000e+02 -3.447849393983493e-02
4.986430800000000e+02 -2.691647081480120e-02
4.987257600000000e+02 -1.980247043512640e-02
4.988084400000000e+02 -1.323277395392508e-02
4.988911200000000e+02 -5.989295135556572e-03
4.989738000000000e+02 1.611960564694370e-03
4.990564800000000e+02 8.301693556138967e-03
4.991391600000000e+02 1.457377783529590e-02
4.992218400000000e+02 2.146472933201571e-02
4.993045200000000e+02 2.812237995998235e-02
4.993872000000000e+02 3.360356324373892e-02
4.994698800000000e+02 3.888372865703793e-02
4.995525600000000e+02 4.458200059636541e-02
4.996352400000000e+02 4.948902653229648e-02
4.997179200000000e+02 5.319472681995685e-02
4.998006000000000e+02 5.693802402895609e-02
4.998832800000000e+02 6.077494684235574e-02
4.999659600000000e+02 6.340202001162598e-02
5.000486400000000e+02 6.503298504188937e-02
5.001313200000000e+02 6.689072288510478e-02
5.002140000000000e+02 6.844933745257931e-02
5.002966800000000e+02 6.859965633551279e-02
5.003793600000000e+02 6.813100111676929e-02
5.004620400000000e+02 6.797396767700659e-02
5.005447200000000e+02 6.713526439542605e-02
5.006274000000000e+02 6.494728037428743e-02
5.007100800000000e+02 6.259836413192776e-02
5.007927600000000e+02 6.051831737043756e-02
5.008754400000000e+02 5.746802734091905e-02
5.009581200000000e+02 5.337064373977218e-02
5.010408000000000e+02 4.955010540358051e-02
5.011234800000000e+02 4.584197655633582e-02
5.012061600000000e+02 4.103802701324111e-02
5.012888400000000e+02 3.567050481232681e-02
5.013715200000000e+02 3.090945274233015e-02
5.014542000000000e+02 2.603664765504610e-02
5.015368800000000e+02 2.014310108824857e-02
5.016195600000000e+02 1.425592864717351e-02
5.017022400000000e+02 9.140200619450978e-03
5.017849200000000e+02 3.685720550265614e-03
5.018676000000000e+02 -2.516424633258629e-03
5.019502800000000e+02 -8.163251098272095e-03
5.020329600000000e+02 -1.305430201311220e-02
5.021156400000000e+02 -1.844726618988224e-02
5.021983200000000e+02 -2.415955670139380e-02
5.022810000000000e+02 -2.888709175964044e-02
5.023636800000000e+02 -3.303123644941675e-02
5.024463600000000e+02 -3.772447091974829e-02
5.025290400000000e+02 -4.222772942973374e-02
5.026117200000000e+02 -4.550795042801348e-02
5.026944000000000e+02 -4.847877077484908e-02
5.027770800000000e+02 -5.190444975505426e-02
5.028597600000000e+02 -5.464144928927406e-02
5.029424400000000e+02 -5.614151288930225e-02
5.030251200000000e+02 -5.763559507007687e-02
5.031078000000000e+02 -5.935628739772614e-02
5.031904800000000e+02 -5.999197661056144e-02
5.032731600000000e+02 -5.959214212678821e-02
5.033558400000000e+02 -5.944630224765857e-02
5.034385200000000e+02 -5.920430853150649e-02
5.035212000000000e+02 -5.765857715994971e-02
5.036038800000000e+02 -5.544644073954086e-02
5.036865600000000e+02 -5.364680179431214e-02
5.037692400000000e+02 -5.139818746120572e-02
5.038519200000000e+02 -4.784946056794126e-02
5.039346000000000e+02 -4.409536541058090e-02
5.040172800000000e+02 -4.077959211175741e-02
5.040999600000000e+02 -3.670898669914890e-02
5.041826400000000e+02 -3.156983022943893e-02
5.042653200000000e+02 -2.668927475526406e-02
5.043480000000000e+02 -2.214208874948920e-02
5.044306800000000e+02 -1.665516881541995e-02
5.045133600000000e+02 -1.052346968214601e-02
5.045960400000000e+02 -5.032131233197679e-03
5.046787200000000e+02 3.272242549375859e-04
5.047614000000000e+02 6.635399327621472e-03
5.048440800000000e+02 1.304420790597582e-02
5.049267600000000e+02 1.857825311500405e-02
5.050094400000000e+02 2.421906538187124e-02
5.050921200000000e+02 3.061975322675525e-02
5.051748000000000e+02 3.655243803055763e-02
5.052574800000000e+02 4.155614611766556e-02
5.053401600000000e+02 4.687251129010728e-02
5.054228400000000e+02 5.258015821346107e-02
5.055055200000000e+02 5.732930857941099e-02
5.055882000000000e+02 6.127000890382917e-02
5.056708800000000e+02 6.563200986368034e-02
5.057535600000000e+02 6.989603490237672e-02
5.058362400000000e+02 7.287891285134551e-02
5.059189200000000e+02 7.530689553129777e-02
5.060016000000000e+02 7.812591058545004e-02
5.060842800000000e+02 8.032759911066778e-02
5.061669600000000e+02 8.115184425999966e-02
5.062496400000000e+02 8.173999583957448e-02
5.063323200000000e+02 8.254369344720791e-02
5.064150000000000e+02 8.228550487361197e-02
5.064976800000000e+02 8.079463709147416e-02
5.065803600000000e+02 7.937447620379290e-02
5.066630400000000e+02 7.788271640845501e-02
5.067457200000000e+02 7.505605067149246e-02
5.068284000000000e+02 7.134999947782938e-02
5.069110800000000e+02 6.794190572189096e-02
5.069937600000000e+02 6.413088030623748e-02
5.070764400000000e+02 5.894960358391144e-02
5.071591200000000e+02 5.337829559876028e-02
5.072418000000000e+02 4.821130518626537e-02
5.073244800000000e+02 4.235136291797459e-02
5.074071600000000e+02 3.534252114251579e-02
5.074898400000000e+02 2.847320608230119e-02
5.075725200000000e+02 2.198745248282297e-02
5.076552000000000e+02 1.464167051416254e-02
5.077378800000000e+02 6.591291786187448e-03
5.078205600000000e+02 -8.476815613366329e-04
5.079032400000000e+02 -8.023405144903184e-03
5.079859200000000e+02 -1.604712772768258e-02
5.080686000000000e+02 -2.418780237981977e-02
5.081512800000000e+02 -3.138252657453189e-02
5.082339600000000e+02 -3.848312872246362e-02
5.083166400000000e+02 -4.622479476668806e-02
5.083993200000000e+02 -5.346060836030020e-02
5.084820000000000e+02 -5.960061434029817e-02
5.085646800000000e+02 -6.580627905303782e-02
5.086473600000000e+02 -7.227994407219229e-02
5.087300400000000e+02 -7.770395048167067e-02
5.088127200000000e+02 -8.207655000809422e-02
5.088954000000000e+02 -8.661523074116262e-02
5.089780800000000e+02 -9.094938439637157e-02
5.090607600000000e+02 -9.386707415049422e-02
5.091434400000000e+02 -9.594631122878716e-02
5.092261200000000e+02 -9.820205380812241e-02
5.093088000000000e+02 -9.977121415425438e-02
5.093914800000000e+02 -9.979869600862668e-02
5.094741600000000e+02 -9.931634387100197e-02
5.095568400000000e+02 -9.892483829576248e-02
5.096395200000000e+02 -9.745019353856654e-02
5.097222000000000e+02 -9.457122789826522e-02
5.098048800000000e+02 -9.155772943852347e-02
5.098875600000000e+02 -8.847152790284907e-02
5.099702400000000e+02 -8.407339103682132e-02
5.100529200000000e+02 -7.864549949933353e-02
5.101356000000000e+02 -7.343235144640436e-02
5.102182800000000e+02 -6.794332520423474e-02
5.103009600000000e+02 -6.113582754798130e-02
5.103836400000000e+02 -5.384297758980094e-02
5.104663200000000e+02 -4.702436710014268e-02
5.105490000000000e+02 -3.973846189176511e-02
5.106316800000000e+02 -3.136579766121650e-02
5.107143600000000e+02 -2.312357186021485e-02
5.107970400000000e+02 -1.548242910246478e-02
5.108797200000000e+02 -7.249498035308055e-03
5.109624000000000e+02 1.628124736214320e-03
5.110450800000000e+02 9.800784517035255e-03
5.111277600000000e+02 1.739092356935668e-02
5.112104400000000e+02 2.558303438513232e-02
5.112931200000000e+02 3.383770999726676e-02
5.113758000000000e+02 4.095987957791880e-02
5.114584800000000e+02 4.764242237638383e-02
5.115411600000000e+02 5.479580561830288e-02
5.116238400000000e+02 6.139242495891140e-02
5.117065200000000e+02 6.665282563652497e-02
5.117892000000000e+02 7.169031594207698e-02
5.118718800000000e+02 7.693025680502397e-02
5.119545600000000e+02 8.107391119786578e-02
5.120372400000000e+02 8.393204427276579e-02
5.121199200000000e+02 8.679085524572172e-02
5.122026000000001e+02 8.948610363333542e-02
5.122852800000001e+02 9.073214362436199e-02
5.123679600000000e+02 9.097477622302252e-02
5.124506400000000e+02 9.138384209897976e-02
5.125333200000000e+02 9.123581767019795e-02
5.126160000000000e+02 8.954433770393366e-02
5.126986800000000e+02 8.729244709015127e-02
5.127813600000001e+02 8.527094649035072e-02
5.128640400000000e+02 8.235687387523161e-02
5.129467200000000e+02 7.808374904719340e-02
5.130294000000000e+02 7.375416677806512e-02
5.131120800000000e+02 6.960576639819216e-02
5.131947600000000e+02 6.436731277525343e-02
5.132774400000001e+02 5.819605502402680e-02
5.133601200000001e+02 5.242855861675266e-02
5.134428000000000e+02 4.670245755802915e-02
5.135254800000000e+02 3.988070830616020e-02
5.136081600000000e+02 3.270989365413612e-02
5.136908400000000e+02 2.627340127282507e-02
5.137735200000001e+02 1.969575983141925e-02
5.138562000000001e+02 1.222304315767386e-02
5.139388800000000e+02 5.030269962032818e-03
5.140215600000000e+02 -1.278170078574337e-03
5.141042400000000e+02 -7.894760632099707e-03
5.141869200000000e+02 -1.502826590667139e-02
5.142696000000000e+02 -2.132364233815531e-02
5.143522800000001e+02 -2.677475158218456e-02
5.144349600000000e+02 -3.263226570574429e-02
5.145176400000000e+02 -3.851575890412451e-02
5.146003200000000e+02 -4.317142710748623e-02
5.146830000000000e+02 -4.718397353366410e-02
5.147656800000000e+02 -5.159669837559255e-02
5.148483600000001e+02 -5.551920334751781e-02
5.149310400000001e+02 -5.805532307937600e-02
5.150137200000000e+02 -6.025246759133573e-02
5.150964000000000e+02 -6.272813849265457e-02
5.151790800000000e+02 -6.426563533278695e-02
5.152617600000000e+02 -6.450783929615767e-02
5.153444400000001e+02 -6.474436491700364e-02
5.154271200000001e+02 -6.503831917949066e-02
5.155098000000000e+02 -6.409717131117487e-02
5.155924800000000e+02 -6.217451617696945e-02
5.156751600000000e+02 -6.053400298846312e-02
5.157578400000000e+02 -5.867076651834235e-02
5.158405200000000e+02 -5.548406601729872e-02
5.159232000000001e+02 -5.178593892555827e-02
5.160058800000000e+02 -4.855171998402563e-02
5.160885600000000e+02 -4.481366325924840e-02
5.161712400000000e+02 -3.989400202051219e-02
5.162539200000000e+02 -3.499607949532568e-02
5.163366000000000e+02 -3.060378696848298e-02
5.164192800000001e+02 -2.549084110141708e-02
5.165019600000001e+02 -1.954890888002969e-02
5.165846400000000e+02 -1.412263243243572e-02
5.166673200000000e+02 -9.103955076904091e-03
5.167500000000000e+02 -3.271118383168958e-03
5.168326800000000e+02 2.886305885512863e-03
5.169153600000001e+02 8.164812640699015e-03
5.169980400000001e+02 1.323850199840115e-02
5.170807200000000e+02 1.905799166616240e-02
5.171634000000000e+02 2.463518954217481e-02
5.172460800000000e+02 2.916283124354413e-02
5.173287600000000e+02 3.373148697286410e-02
5.174114400000000e+02 3.880930249908443e-02
5.174941200000001e+02 4.311903431569808e-02
5.175768000000000e+02 4.642108040570270e-02
5.176594800000000e+02 4.997998451566954e-02
5.177421600000000e+02 5.367437144809273e-02
5.178248400000000e+02 5.621358764948980e-02
5.179075200000000e+02 5.797397634388468e-02
5.179902000000001e+02 6.011186327985041e-02
5.180728800000001e+02 6.194022280349309e-02
5.181555600000000e+02 6.243665275663268e-02
5.182382400000000e+02 6.250639152565918e-02
5.183209200000000e+02 6.293947634235453e-02
5.184036000000000e+02 6.263467295263248e-02
5.184862800000000e+02 6.106210467178075e-02
5.185689600000001e+02 5.945248698523498e-02
5.186516400000000e+02 5.805468323883134e-02
5.187343200000000e+02 5.559884761330924e-02
5.188170000000000e+02 5.216370002647608e-02
5.188996800000000e+02 4.903170650943711e-02
5.189823600000000e+02 4.585863072275198e-02
5.190650400000001e+02 4.149006008439882e-02
5.191477200000000e+02 3.659526549210312e-02
5.192304000000000e+02 3.222651248157649e-02
5.193130800000000e+02 2.752832291114593e-02
5.193957600000000e+02 2.171974401903853e-02
5.194784400000000e+02 1.591348776916968e-02
5.195611200000001e+02 1.070450604969309e-02
5.196438000000001e+02 4.921398893078521e-03
5.197264800000000e+02 -1.668996902493003e-03
5.198091600000000e+02 -7.752465298781264e-03
5.198918400000000e+02 -1.331453090468016e-02
5.199745200000000e+02 -1.957954624565184e-02
5.200572000000000e+02 -2.617975535251016e-02
5.201398800000001e+02 -3.188166037799745e-02
5.202225600000000e+02 -3.724620792999023e-02
5.203052400000000e+02 -4.327971578349510e-02
5.203879200000000e+02 -4.909104642722262e-02
5.204706000000000e+02 -5.378838524896801e-02
5.205532800000000e+02 -5.837967803794752e-02
5.206359600000001e+02 -6.343337405508753e-02
5.207186400000001e+02 -6.772387831927140e-02
5.208013200000000e+02 -7.088622938616607e-02
5.208840000000000e+02 -7.415465795667431e-02
5.209666800000000e+02 -7.753676023453404e-02
5.210493600000000e+02 -7.973069175626657e-02
5.211320400000001e+02 -8.097134316225096e-02
5.212147200000001e+02 -8.245503264623943e-02
5.212974000000000e+02 -8.362588158957607e-02
5.213800800000000e+02 -8.337864726953359e-02
5.214627600000000e+02 -8.249675000555312e-02
5.215454400000000e+02 -8.188622148555325e-02
5.216281200000000e+02 -8.054371591055898e-02
5.217108000000001e+02 -7.779251385393604e-02
5.217934800000000e+02 -7.480155168237579e-02
5.218761600000000e+02 -7.199682093647963e-02
5.219588400000000e+02 -6.813726267079712e-02
5.220415200000000e+02 -6.311949604327149e-02
5.221242000000000e+02 -5.825681372573066e-02
5.222068800000001e+02 -5.340553352897537e-02
5.222895600000001e+02 -4.734803495380469e-02
5.223722400000000e+02 -4.058283822833242e-02
5.224549200000000e+02 -3.429611731432558e-02
5.225376000000000e+02 -2.780333078000896e-02
5.226202800000000e+02 -2.017067644188464e-02
5.227029600000001e+02 -1.240342283045326e-02
5.227856400000001e+02 -5.312848904047596e-03
5.228683200000000e+02 2.183118162968012e-03
5.229510000000000e+02 1.052819279449901e-02
5.230336800000000e+02 1.841318484861176e-02
5.231163600000000e+02 2.557459009656760e-02
5.231990400000000e+02 3.326074946290780e-02
5.232817200000001e+02 4.131831495928673e-02
5.233644000000000e+02 4.840637285705274e-02
5.234470800000000e+02 5.486839093685114e-02
5.235297600000000e+02 6.184607592174796e-02
5.236124400000000e+02 6.860884816875301e-02
5.236951200000000e+02 7.407024055978206e-02
5.237778000000001e+02 7.910908273008666e-02
5.238604800000001e+02 8.450464493385224e-02
5.239431600000000e+02 8.909743280111637e-02
5.240258400000000e+02 9.229298439872002e-02
5.241085200000000e+02 9.531424186189785e-02
5.241912000000000e+02 9.839853157789769e-02
5.242738800000001e+02 1.002062019656281e-01
5.243565600000001e+02 1.007680501219853e-01
5.244392400000000e+02 1.013804858905643e-01
5.245219200000000e+02 1.016803949210590e-01
5.246046000000000e+02 1.004429029757826e-01
5.246872800000000e+02 9.831933229516576e-02
5.247699600000000e+02 9.639128747358017e-02
5.248526400000001e+02 9.377446867307926e-02
5.249353200000000e+02 8.963151406448622e-02
5.250180000000000e+02 8.509077078698479e-02
5.251006800000000e+02 8.078105903242283e-02
5.251833600000000e+02 7.549616230332545e-02
5.252660400000000e+02 6.897234428288335e-02
5.253487200000001e+02 6.256648016434097e-02
5.254314000000001e+02 5.632233619937776e-02
5.255140800000000e+02 4.898295524084550e-02
5.255967600000000e+02 4.091510929187092e-02
5.256794400000000e+02 3.340979897772645e-02
5.257621200000000e+02 2.592702710946404e-02
5.258448000000001e+02 1.743750738096994e-02
5.259274800000001e+02 8.856266564728488e-03
5.260101600000000e+02 1.135736173910384e-03
5.260928400000000e+02 -6.718569813413677e-03
5.261755200000000e+02 -1.528577239715145e-02
5.262582000000000e+02 -2.330087655634638e-02
5.263408800000000e+02 -3.034265055352880e-02
5.264235600000001e+02 -3.763727139735429e-02
5.265062400000000e+02 -4.519323967969990e-02
5.265889200000000e+02 -5.166275383903718e-02
5.266716000000000e+02 -5.723187797477125e-02
5.267542800000000e+02 -6.309393317880496e-02
5.268369600000000e+02 -6.868910593961752e-02
5.269196400000001e+02 -7.286502468315370e-02
5.270023200000001e+02 -7.636482079901774e-02
5.270850000000000e+02 -8.009848261333341e-02
5.271676800000000e+02 -8.305757238424427e-02
5.272503600000000e+02 -8.451881150575880e-02
5.273330400000000e+02 -8.562085330764468e-02
5.274157200000001e+02 -8.680295345956135e-02
5.274984000000001e+02 -8.681812829652802e-02
5.275810800000000e+02 -8.551713763509672e-02
5.276637600000000e+02 -8.419556348822621e-02
5.277464400000000e+02 -8.273270418608170e-02
5.278291200000000e+02 -7.990146436865497e-02
5.279118000000000e+02 -7.615596919413070e-02
5.279944800000001e+02 -7.267995043084363e-02
5.280771600000000e+02 -6.881873934314309e-02
5.281598400000000e+02 -6.362176479176929e-02
5.282425200000000e+02 -5.805386188840000e-02
5.283252000000000e+02 -5.294041289974993e-02
5.284078800000000e+02 -4.723052089771151e-02
5.284905600000001e+02 -4.045392352986166e-02
5.285732400000001e+02 -3.388733289596535e-02
5.286559200000000e+02 -2.782378025553400e-02
5.287386000000000e+02 -2.104074914128662e-02
5.288212800000000e+02 -1.365553293191446e-02
5.289039600000000e+02 -6.989054421843832e-03
5.289866400000000e+02 -7.392567369927106e-04
5.290693200000001e+02 6.220861000983735e-03
5.291520000000000e+02 1.320279641089706e-02
5.292346800000000e+02 1.912359458873536e-02
5.293173600000000e+02 2.481413594566251e-02
5.294000400000000e+02 3.105342196683392e-02
5.294827200000000e+02 3.672375033358111e-02
5.295654000000001e+02 4.121531097877518e-02
5.296480800000000e+02 4.570287251805982e-02
5.297307600000000e+02 5.043776831219504e-02
5.298134400000000e+02 5.411387952117219e-02
5.298961200000000e+02 5.672815299408918e-02
5.299788000000000e+02 5.953480759778396e-02
5.300614800000001e+02 6.219496076704745e-02
5.301441600000001e+02 6.350144093899612e-02
5.302268400000000e+02 6.405715404669943e-02
5.303095200000000e+02 6.491208387397385e-02
5.303922000000000e+02 6.520912085402286e-02
5.304748800000000e+02 6.410836350707572e-02
5.305575600000000e+02 6.268237487049033e-02
5.306402400000001e+02 6.154027953474361e-02
5.307229200000000e+02 5.949778991629806e-02
5.308056000000000e+02 5.626944554091562e-02
5.308882800000000e+02 5.315739190413860e-02
5.309709600000000e+02 5.019514189722585e-02
5.310536400000000e+02 4.613671756191096e-02
5.311363200000001e+02 4.131476977626525e-02
5.312190000000001e+02 3.697319053064807e-02
5.313016800000000e+02 3.256630912428882e-02
5.313843600000000e+02 2.706476801559488e-02
5.314670400000000e+02 2.134703304007834e-02
5.315497200000000e+02 1.632849725102237e-02
5.316324000000001e+02 1.100961555672220e-02
5.317150800000001e+02 4.806190141723343e-03
5.317977600000000e+02 -1.046957429933104e-03
5.318804400000000e+02 -6.157000150304404e-03
5.319631200000000e+02 -1.175440886545309e-02
5.320458000000000e+02 -1.784836927136779e-02
5.321284800000000e+02 -2.311073304923117e-02
5.322111600000001e+02 -2.774993980372875e-02
5.322938400000000e+02 -3.295774187864997e-02
5.323765200000000e+02 -3.816270156470480e-02
5.324592000000000e+02 -4.222282652307008e-02
5.325418800000000e+02 -4.589809750083129e-02
5.326245600000000e+02 -5.008356597983610e-02
5.327072400000001e+02 -5.374449985052898e-02
5.327899200000001e+02 -5.616294751158413e-02
5.328726000000000e+02 -5.848597249754972e-02
5.329552800000000e+02 -6.111921129905795e-02
5.330379600000000e+02 -6.277882279691283e-02
5.331206400000000e+02 -6.331947139263505e-02
5.332033200000001e+02 -6.403220472934390e-02
5.332860000000001e+02 -6.474468815592471e-02
5.333686800000000e+02 -6.419036844015735e-02
5.334513600000000e+02 -6.282683459211791e-02
5.335340400000000e+02 -6.181806314683480e-02
5.336167200000000e+02 -6.044685682427575e-02
5.336994000000000e+02 -5.772823546138506e-02
5.337820800000001e+02 -5.462931208020394e-02
5.338647600000000e+02 -5.194346359915814e-02
5.339474400000000e+02 -4.855670244915922e-02
5.340301200000000e+02 -4.397395626275746e-02
5.341128000000000e+02 -3.947355045717715e-02
5.341954800000000e+02 -3.531217816823962e-02
5.342781600000001e+02 -3.021244609686535e-02
5.343608400000001e+02 -2.427827901009894e-02
5.344435200000000e+02 -1.883565844641644e-02
5.345262000000000e+02 -1.355082411883568e-02
5.346088800000000e+02 -7.254317128463694e-03
5.346915600000000e+02 -6.346372940463363e-04
5.347742400000001e+02 5.209959499854699e-03
5.348569200000001e+02 1.113243205144299e-02
5.349396000000000e+02 1.794141328895493e-02
5.350222800000000e+02 2.450154983536956e-02
5.351049600000000e+02 3.017231201958581e-02
5.351876400000000e+02 3.614242615798158e-02
5.352703200000000e+02 4.267979470595429e-02
5.353530000000001e+02 4.843735461726462e-02
5.354356800000000e+02 5.336729857248890e-02
5.355183600000000e+02 5.873562471304106e-02
5.356010400000000e+02 6.420380256816327e-02
5.356837200000000e+02 6.849789940532436e-02
5.357664000000000e+02 7.217163851260544e-02
5.358490800000001e+02 7.628972335522488e-02
5.359317600000001e+02 7.997373867162727e-02
5.360144400000000e+02 8.229666305091810e-02
5.360971200000000e+02 8.429170062200197e-02
5.361798000000000e+02 8.658550071103555e-02
5.362624800000000e+02 8.794762254213151e-02
5.363451600000001e+02 8.799968202119168e-02
5.364278400000001e+02 8.802625397310671e-02
5.365105200000000e+02 8.807578859080833e-02
5.365932000000000e+02 8.683546156720834e-02
5.366758800000000e+02 8.455835377051057e-02
5.367585600000000e+02 8.249655807637057e-02
5.368412400000000e+02 8.011067671029293e-02
5.369239200000001e+02 7.629657523678712e-02
5.370066000000000e+02 7.188241192308520e-02
5.370892800000000e+02 6.781295117785213e-02
5.371719600000000e+02 6.308503822972988e-02
5.372546400000000e+02 5.704875312865709e-02
5.373373200000000e+02 5.092424217592673e-02
5.374200000000001e+02 4.514625154824836e-02
5.375026800000001e+02 3.847643615339613e-02
5.375853600000000e+02 3.086253773879455e-02
5.376680400000000e+02 2.364967217856118e-02
5.377507200000000e+02 1.667721694764523e-02
5.378334000000000e+02 8.750337869078195e-03
5.379160800000001e+02 4.243639287402345e-04
5.379987600000001e+02 -7.119808502479175e-03
5.380814400000000e+02 -1.459024678387455e-02
5.381641200000000e+02 -2.287418969046207e-02
5.382468000000000e+02 -3.093142171360919e-02
5.383294800000000e+02 -3.799221440230915e-02
5.384121600000000e+02 -4.514665454358668e-02
5.384948400000001e+02 -5.278322479870856e-02
5.385775200000000e+02 -5.960112529840311e-02
5.386602000000000e+02 -6.539520877552818e-02
5.387428800000000e+02 -7.139566634923100e-02
5.388255600000000e+02 -7.741246572322080e-02
5.389082400000000e+02 -8.215890172939111e-02
5.389909200000001e+02 -8.602645901689021e-02
5.390736000000001e+02 -9.012125186201947e-02
5.391562800000000e+02 -9.371863984638307e-02
5.392389600000000e+02 -9.581293165588944e-02
5.393216400000000e+02 -9.730159341727218e-02
5.394043200000000e+02 -9.893479974186248e-02
5.394870000000000e+02 -9.960767250313152e-02
5.395696800000001e+02 -9.880183984356428e-02
5.396523600000000e+02 -9.772949633873940e-02
5.397350400000000e+02 -9.663016624072651e-02
5.398177200000000e+02 -9.425036876064896e-02
5.399004000000000e+02 -9.066579440556211e-02
5.399830800000000e+02 -8.715074405500101e-02
5.400657600000001e+02 -8.338536199628466e-02
5.401484400000001e+02 -7.823054194887957e-02
5.402311200000000e+02 -7.234310012915524e-02
5.403138000000000e+02 -6.679463710104883e-02
5.403964800000000e+02 -6.077276092134631e-02
5.404791600000000e+02 -5.349579174386121e-02
5.405618400000001e+02 -4.607014529229692e-02
5.406445200000001e+02 -3.913959194413374e-02
5.407272000000000e+02 -3.157054049843155e-02
5.408098800000000e+02 -2.311268249729759e-02
5.408925600000000e+02 -1.509483539482170e-02
5.409752400000000e+02 -7.594172475475447e-03
5.410579200000000e+02 5.998445309626232e-04
5.411406000000001e+02 9.140225440573690e-03
5.412232800000000e+02 1.675554223598175e-02
5.413059600000000e+02 2.395500401521189e-02
5.413886400000000e+02 3.175794819917710e-02
5.414713200000000e+02 3.928195241237420e-02
5.415540000000000e+02 4.558771638114212e-02
5.416366800000001e+02 5.166200294331469e-02
5.417193600000001e+02 5.809964471823992e-02
5.418020400000000e+02 6.366554859514340e-02
5.418847200000000e+02 6.796078818401097e-02
5.419674000000000e+02 7.223151448558407e-02
5.420500800000000e+02 7.650526922568290e-02
5.421327600000001e+02 7.946183260565509e-02
5.422154400000001e+02 8.133407502679257e-02
5.422981200000000e+02 8.334726543026683e-02
5.423808000000000e+02 8.494675310739419e-02
5.424634800000000e+02 8.501998719875081e-02
5.425461600000000e+02 8.438180366015213e-02
5.426288400000000e+02 8.395939765995453e-02
5.427115200000001e+02 8.273570023900978e-02
5.427942000000000e+02 8.005529943231249e-02
5.428768800000000e+02 7.713406358397557e-02
5.429595600000000e+02 7.439296258944916e-02
5.430422400000000e+02 7.057953623584201e-02
5.431249200000000e+02 6.564279129950445e-02
5.432076000000001e+02 6.093049691332286e-02
5.432902800000001e+02 5.626661350458140e-02
5.433729600000000e+02 5.044326786197328e-02
5.434556400000000e+02 4.402598086787268e-02
5.435383200000000e+02 3.820056460965959e-02
5.436210000000000e+02 3.223861993550936e-02
5.437036800000001e+02 2.524418488851454e-02
5.437863600000001e+02 1.827666735588840e-02
5.438690400000000e+02 1.210772773164481e-02
5.439517200000000e+02 5.621870404020179e-03
5.440344000000000e+02 -1.569632019230549e-03
5.441170800000000e+02 -8.139659642328767e-03
5.441997600000000e+02 -1.388835348543604e-02
5.442824400000001e+02 -2.007333081889240e-02
5.443651200000000e+02 -2.649240951835463e-02
5.444478000000000e+02 -3.182894475781528e-02
5.445304800000000e+02 -3.648895306995525e-02
5.446131600000000e+02 -4.160235726711914e-02
5.446958400000000e+02 -4.641769079591007e-02
5.447785200000001e+02 -4.990023789095444e-02
5.448612000000001e+02 -5.297024934692351e-02
5.449438800000000e+02 -5.639144552682884e-02
5.450265600000000e+02 -5.901802426706337e-02
5.451092400000000e+02 -6.030790207688741e-02
5.451919200000000e+02 -6.150033633600205e-02
5.452746000000001e+02 -6.283277914247498e-02
5.453572800000001e+02 -6.300045038453728e-02
5.454399600000000e+02 -6.206346478335156e-02
5.455226400000000e+02 -6.132183707262240e-02
5.456053200000000e+02 -6.043609405538575e-02
5.456880000000000e+02 -5.821120059508145e-02
5.457706800000000e+02 -5.529698275374040e-02
5.458533600000001e+02 -5.278454317453440e-02
5.459360400000000e+02 -4.982657419668957e-02
5.460187200000000e+02 -4.558658217252287e-02
5.461014000000000e+02 -4.117134764782482e-02
5.461840800000000e+02 -3.723614413367671e-02
5.462667600000000e+02 -3.260231608727937e-02
5.463494400000001e+02 -2.697003138929044e-02
5.464321200000001e+02 -2.167497230464188e-02
5.465148000000000e+02 -1.679973446334437e-02
5.465974800000000e+02 -1.108403220028498e-02
5.466801600000000e+02 -4.833362340536329e-03
5.467628400000000e+02 6.659613024873057e-04
5.468455200000001e+02 5.919984017190516e-03
5.469282000000001e+02 1.199877607791877e-02
5.470108800000000e+02 1.805028183807322e-02
5.470935600000000e+02 2.310834131147976e-02
5.471762400000000e+02 2.815632917909183e-02
5.472589200000000e+02 3.383880375457504e-02
5.473416000000000e+02 3.893469511776138e-02
5.474242800000001e+02 4.300251996197479e-02
5.475069600000000e+02 4.728599025811586e-02
5.475896400000000e+02 5.185890346193744e-02
5.476723200000000e+02 5.539183825967209e-02
5.477550000000000e+02 5.805987748189967e-02
5.478376800000000e+02 6.109099917024630e-02
5.479203600000001e+02 6.396817766322305e-02
5.480030400000001e+02 6.554129484100701e-02
5.480857200000000e+02 6.655912218325077e-02
5.481684000000000e+02 6.796054879787705e-02
5.482510800000000e+02 6.874993997858703e-02
5.483337600000000e+02 6.820703285722074e-02
5.484164400000001e+02 6.748519288170107e-02
5.484991200000001e+02 6.702602258898249e-02
5.485818000000000e+02 6.557591222289272e-02
5.486644800000000e+02 6.300120035552959e-02
5.487471600000000e+02 6.060250408044243e-02
5.488298400000000e+02 5.822883511912980e-02
5.489125200000000e+02 5.464802296638760e-02
5.489952000000001e+02 5.034056118590191e-02
5.490778800000001e+02 4.646719235193719e-02
5.491605600000000e+02 4.232315744068860e-02
5.492432400000000e+02 3.697244300566804e-02
5.493259200000000e+02 3.140256294778321e-02
5.494086000000000e+02 2.638224085268326e-02
5.494912800000001e+02 2.081564818857018e-02
5.495739600000001e+02 1.427105209455315e-02
5.496566400000000e+02 8.026501765676208e-03
5.497393200000000e+02 2.297042939574223e-03
5.498220000000000e+02 -4.156276144510418e-03
5.499046800000000e+02 -1.116501964543604e-02
5.499873600000000e+02 -1.743700073890730e-02
5.500700400000001e+02 -2.334855162168836e-02
5.501527200000000e+02 -3.000555356473267e-02
5.502354000000000e+02 -3.667501219261859e-02
5.503180800000000e+02 -4.232569420461019e-02
5.504007600000000e+02 -4.783437527510259e-02
5.504834400000000e+02 -5.393079084753583e-02
5.505661200000001e+02 -5.947416127350302e-02
5.506488000000001e+02 -6.390937448986633e-02
5.507314800000000e+02 -6.841763181534999e-02
5.508141600000000e+02 -7.319424491399840e-02
5.508968400000000e+02 -7.693259291364818e-02
5.509795200000000e+02 -7.966554621217259e-02
5.510622000000001e+02 -8.262235885079916e-02
5.511448800000001e+02 -8.542185642483335e-02
5.512275600000000e+02 -8.686638610016273e-02
5.513102400000000e+02 -8.756520266434431e-02
5.513929200000000e+02 -8.853384192268920e-02
5.514756000000000e+02 -8.889493555649886e-02
5.515582800000000e+02 -8.781062271408380e-02
5.516409600000001e+02 -8.633680266462107e-02
5.517236400000000e+02 -8.506164868647392e-02
5.518063200000000e+02 -8.279578954339162e-02
5.518890000000000e+02 -7.923779939310160e-02
5.519716800000000e+02 -7.567027677488070e-02
5.520543600000000e+02 -7.213079123246946e-02
5.521370400000001e+02 -6.736803533393743e-02
5.522197200000001e+02 -6.168458134049337e-02
5.523024000000000e+02 -5.632388233351215e-02
5.523850800000000e+02 -5.076435067882434e-02
5.524677600000000e+02 -4.395859358462229e-02
5.525504400000000e+02 -3.675747216181546e-02
5.526331200000001e+02 -3.010624996109168e-02
5.527158000000001e+02 -2.303298559387368e-02
5.527984800000000e+02 -1.492223103696511e-02
5.528811600000000e+02 -7.003018252539572e-03
5.529638400000000e+02 2.774537570724434e-04
5.530465200000000e+02 8.135111926171334e-03
5.531292000000000e+02 1.661137967444437e-02
5.532118800000001e+02 2.435220935440396e-02
5.532945600000000e+02 3.150625721265199e-02
5.533772400000000e+02 3.926972218672642e-02
5.534599200000000e+02 4.708740142508627e-02
5.535426000000000e+02 5.376642317217040e-02
5.536252800000000e+02 6.002256312905108e-02
5.537079600000001e+02 6.676619866864630e-02
5.537906400000001e+02 7.295294059041502e-02
5.538733200000000e+02 7.780972607748016e-02
5.539560000000000e+02 8.246561935770147e-02
5.540386800000000e+02 8.733636152401936e-02
5.541213600000000e+02 9.110803270468060e-02
5.542040400000001e+02 9.359959720513722e-02
5.542867200000001e+02 9.610482510483298e-02
5.543694000000000e+02 9.844390822897242e-02
5.544520800000000e+02 9.931960855228861e-02
5.545347600000000e+02 9.918635414441168e-02
5.546174400000000e+02 9.921432018033016e-02
5.547001200000000e+02 9.866248681432943e-02
5.547828000000001e+02 9.653830386638507e-02
5.548654800000000e+02 9.383327193535362e-02
5.549481600000000e+02 9.133324646755248e-02
5.550308400000000e+02 8.790007836938640e-02
5.551135200000000e+02 8.306789135405324e-02
5.551962000000000e+02 7.814688871798625e-02
5.552788800000001e+02 7.336713168408138e-02
5.553615600000001e+02 6.744862203095059e-02
5.554442400000000e+02 6.055589236118952e-02
5.555269200000000e+02 5.403120603557232e-02
5.556096000000000e+02 4.750546146808965e-02
5.556922800000000e+02 3.984211984676611e-02
5.557749600000001e+02 3.179927712879649e-02
5.558576400000001e+02 2.446340337087682e-02
5.559403200000000e+02 1.695707792773538e-02
5.560230000000000e+02 8.536125301796371e-03
5.561056800000000e+02 3.869921638287588e-04
5.561883600000000e+02 -6.884716622313714e-03
5.562710400000000e+02 -1.446563939173495e-02
5.563537200000001e+02 -2.254923474453019e-02
5.564364000000000e+02 -2.977342049190246e-02
5.565190800000000e+02 -3.613029972547588e-02
5.566017600000000e+02 -4.285666698481994e-02
5.566844400000000e+02 -4.955761401448788e-02
5.567671200000000e+02 -5.497886121929185e-02
5.568498000000001e+02 -5.969995100402425e-02
5.569324800000001e+02 -6.474571999071743e-02
5.570151600000000e+02 -6.921862953273783e-02
5.570978400000000e+02 -7.222773179360287e-02
5.571805200000000e+02 -7.481048663258394e-02
5.572632000000000e+02 -7.756751478974977e-02
5.573458800000001e+02 -7.928624663859329e-02
5.574285600000001e+02 -7.961743052295955e-02
5.575112400000000e+02 -7.983723296166001e-02
5.575939200000000e+02 -7.999981448480853e-02
5.576766000000000e+02 -7.882802540332334e-02
5.577592800000000e+02 -7.658269332870715e-02
5.578419600000000e+02 -7.451399563440153e-02
5.579246400000001e+02 -7.211988820766069e-02
5.580073200000000e+02 -6.832293521042176e-02
5.580900000000000e+02 -6.393980187669779e-02
5.581726800000000e+02 -5.993602523616548e-02
5.582553600000000e+02 -5.535847230310409e-02
5.583380400000000e+02 -4.955592415496834e-02
5.584207200000001e+02 -4.373320842423267e-02
5.585034000000001e+02 -3.836994691026885e-02
5.585860800000000e+02 -3.226322382981150e-02
5.586687600000000e+02 -2.533023526931510e-02
5.587514400000000e+02 -1.891369047513713e-02
5.588341200000000e+02 -1.290612142351721e-02
5.589168000000001e+02 -6.113800734742880e-03
5.589994800000001e+02 9.525680046783558e-04
5.590821600000000e+02 7.096024298123726e-03
5.591648400000000e+02 1.298723167242377e-02
5.592475200000000e+02 1.954759512316195e-02
5.593302000000000e+02 2.577550675035756e-02
5.594128800000000e+02 3.087681116227581e-02
5.594955600000001e+02 3.593710198566535e-02
5.595782400000001e+02 4.139684190999793e-02
5.596609200000000e+02 4.597657126072685e-02
5.597436000000000e+02 4.945733791809093e-02
5.598262800000000e+02 5.309663318824476e-02
5.599089600000000e+02 5.674992766912934e-02
5.599916400000001e+02 5.913903218936345e-02
5.600743200000001e+02 6.066647263206382e-02
5.601570000000000e+02 6.247786662000221e-02
5.602396800000000e+02 6.387161989188139e-02
5.603223600000000e+02 6.385340071552070e-02
5.604050400000000e+02 6.335473856247853e-02
5.604877200000000e+02 6.315076344721360e-02
5.605704000000001e+02 6.213849641166946e-02
5.606530800000000e+02 5.982821336182376e-02
5.607357600000000e+02 5.747011919792278e-02
5.608184400000000e+02 5.529594328032172e-02
5.609011200000000e+02 5.204898153340676e-02
5.609838000000000e+02 4.785225080016908e-02
5.610664800000001e+02 4.399569538101589e-02
5.611491600000001e+02 4.011961840932743e-02
5.612318400000000e+02 3.509541476674061e-02
5.613145200000000e+02 2.963104392392546e-02
5.613972000000000e+02 2.477297914934928e-02
5.614798800000000e+02 1.965542251199992e-02
5.615625600000001e+02 1.352941388971551e-02
5.616452400000001e+02 7.532932816655791e-03
5.617279200000000e+02 2.244377168973077e-03
5.618106000000000e+02 -3.512067207785741e-03
5.618932800000000e+02 -9.939586443277748e-03
5.619759600000000e+02 -1.571539325472815e-02
5.620586400000000e+02 -2.084825911811095e-02
5.621413200000001e+02 -2.656329795417744e-02
5.622240000000000e+02 -3.247118147919448e-02
5.623066800000000e+02 -3.734526415694062e-02
5.623893600000000e+02 -4.177314120840070e-02
5.624720400000000e+02 -4.676157757488908e-02
5.625547200000000e+02 -5.140858892396449e-02
5.626374000000001e+02 -5.484090732161284e-02
5.627200800000001e+02 -5.809470711276066e-02
5.628027600000000e+02 -6.174032828835252e-02
5.628854400000000e+02 -6.455059797680840e-02
5.629681200000000e+02 -6.618693531885367e-02
5.630508000000000e+02 -6.791183826526093e-02
5.631334800000001e+02 -6.973509355683882e-02
5.632161600000001e+02 -7.035954091346164e-02
5.632988400000000e+02 -7.005115852612231e-02
5.633815200000000e+02 -7.003164282136898e-02
5.634642000000000e+02 -6.974458500973590e-02
5.635468800000000e+02 -6.809339282413596e-02
5.636295600000000e+02 -6.589406685397503e-02
5.637122400000001e+02 -6.407048029254359e-02
5.637949200000000e+02 -6.161368090685404e-02
5.638776000000000e+02 -5.785861247165125e-02
5.639602800000000e+02 -5.400376563931608e-02
5.640429600000000e+02 -5.048078238542109e-02
5.641256400000000e+02 -4.603830882673854e-02
5.642083200000001e+02 -4.058684408327129e-02
5.642910000000001e+02 -3.546042666133931e-02
5.643736800000000e+02 -3.050693568438623e-02
5.644563600000000e+02 -2.449690333886567e-02
5.645390400000000e+02 -1.794264907350640e-02
5.646217200000000e+02 -1.203715445111508e-02
5.647044000000001e+02 -6.076027753050051e-03
5.647870800000001e+02 8.841500472928088e-04
5.648697600000000e+02 7.828572817804025e-03
5.649524400000000e+02 1.395477823780467e-02
5.650351200000000e+02 2.036948012640127e-02
5.651178000000000e+02 2.752199631751417e-02
5.652004800000000e+02 3.410228484606503e-02
5.652831600000001e+02 3.986781442046150e-02
5.653658400000000e+02 4.608874319028078e-02
5.654485200000000e+02 5.261472979886517e-02
5.655312000000000e+02 5.811462012637136e-02
5.656138800000000e+02 6.295723413167575e-02
5.656965600000000e+02 6.829817220105627e-02
5.657792400000001e+02 7.341071182655123e-02
5.658619200000001e+02 7.722631211689079e-02
5.659446000000000e+02 8.064467375712825e-02
5.660272800000000e+02 8.445034883568925e-02
5.661099600000000e+02 8.749136037131844e-02
5.661926400000000e+02 8.919306470735533e-02
5.662753200000001e+02 9.078863645404556e-02
5.663580000000001e+02 9.251505854628417e-02
5.664406800000000e+02 9.304387309604234e-02
5.665233600000000e+02 9.242030764644471e-02
5.666060400000000e+02 9.193904598315450e-02
5.666887200000000e+02 9.123513959444907e-02
5.667714000000000e+02 8.909573635291212e-02
5.668540800000001e+02 8.617624312606009e-02
5.669367600000000e+02 8.354757711876126e-02
5.670194400000000e+02 8.032505067851836e-02
5.671021200000000e+02 7.568034510124455e-02
5.671848000000000e+02 7.073466412237084e-02
5.672674800000000e+02 6.610217776214056e-02
5.673501600000001e+02 6.057878047916643e-02
5.674328400000001e+02 5.390428331764519e-02
5.675155200000000e+02 4.741978764518506e-02
5.675982000000000e+02 4.115519650135158e-02
5.676808800000000e+02 3.385817541285363e-02
5.677635600000000e+02 2.589322529787041e-02
5.678462400000001e+02 1.853104890745683e-02
5.679289200000001e+02 1.122215386306424e-02
5.680116000000000e+02 2.944382275808843e-03
5.680942800000000e+02 -5.394247978387501e-03
5.681769600000000e+02 -1.286217739775053e-02
5.682596400000000e+02 -2.045640207877031e-02
5.683423200000000e+02 -2.874640941021811e-02
5.684250000000001e+02 -3.647785913489454e-02
5.685076800000001e+02 -4.324763397148024e-02
5.685903600000000e+02 -5.027557352479839e-02
5.686730400000000e+02 -5.755893679608248e-02
5.687557200000000e+02 -6.376375315892069e-02
5.688384000000000e+02 -6.908842118516534e-02
5.689210800000001e+02 -7.471051484942537e-02
5.690037600000001e+02 -8.005990877822045e-02
5.690864400000000e+02 -8.400085964722270e-02
5.691691200000000e+02 -8.728030754610983e-02
5.692518000000000e+02 -9.078479607585099e-02
5.693344800000000e+02 -9.350028992559256e-02
5.694171600000001e+02 -9.472169236467309e-02
5.694998400000001e+02 -9.558124569229698e-02
5.695825200000000e+02 -9.649143361986723e-02
5.696652000000000e+02 -9.620790845745797e-02
5.697478800000000e+02 -9.459874795173229e-02
5.698305600000000e+02 -9.294337645434181e-02
5.699132400000000e+02 -9.109709016687040e-02
5.699959200000001e+02 -8.784525652707531e-02
5.700786000000001e+02 -8.365562361607393e-02
5.701612800000000e+02 -7.968910853425260e-02
5.702439600000000e+02 -7.527563225855083e-02
5.703266400000000e+02 -6.948587956647090e-02
5.704093200000000e+02 -6.329264410187696e-02
5.704920000000001e+02 -5.749668153068521e-02
5.705746800000001e+02 -5.104383719044880e-02
5.706573600000000e+02 -4.349087543315222e-02
5.707400400000000e+02 -3.611643804794784e-02
5.708227200000000e+02 -2.919187182230942e-02
5.709054000000000e+02 -2.150401720689366e-02
5.709880800000000e+02 -1.319930700724747e-02
5.710707600000001e+02 -5.595374692577537e-03
5.711534400000000e+02 1.625611523115023e-03
5.712361200000000e+02 9.570680801830433e-03
5.713188000000000e+02 1.752341148342940e-02
5.714014800000000e+02 2.440860953231716e-02
5.714841600000000e+02 3.106627822473373e-02
5.715668400000001e+02 3.824793293840056e-02
5.716495200000001e+02 4.481224517496607e-02
5.717322000000000e+02 5.016183111960915e-02
5.718148800000000e+02 5.547444599740747e-02
5.718975600000000e+02 6.096974353696716e-02
5.719802400000000e+02 6.532572007729520e-02
5.720629200000001e+02 6.855710251391101e-02
5.721456000000001e+02 7.191538061080105e-02
5.722282800000000e+02 7.502951817474346e-02
5.723109600000000e+02 7.668804156675513e-02
5.723936400000000e+02 7.751661104920560e-02
5.724763200000000e+02 7.855668984006448e-02
5.725590000000000e+02 7.892324851716970e-02
5.726416800000001e+02 7.778655191922468e-02
5.727243600000000e+02 7.624415045023070e-02
5.728070400000000e+02 7.489123666523290e-02
5.728897200000000e+02 7.252524268785865e-02
5.729724000000000e+02 6.888517340887268e-02
5.730550800000000e+02 6.529565238806412e-02
5.731377600000001e+02 6.177298130293973e-02
5.732204400000001e+02 5.706687383179698e-02
5.733031200000000e+02 5.154432883139726e-02
5.733858000000000e+02 4.646453561541475e-02
5.734684800000000e+02 4.126533264097343e-02
5.735511600000000e+02 3.492791829829622e-02
5.736338400000001e+02 2.836732341844272e-02
5.737165200000001e+02 2.250478990812199e-02
5.737992000000000e+02 1.632922832555983e-02
5.738818800000000e+02 9.278121975725862e-03
5.739645600000000e+02 2.617049361750556e-03
5.740472400000000e+02 -3.263782958532468e-03
5.741299200000000e+02 -9.599374529442595e-03
5.742126000000001e+02 -1.637333281411579e-02
5.742952800000000e+02 -2.223789814449306e-02
5.743779600000000e+02 -2.740958825515694e-02
5.744606400000000e+02 -3.307908522800018e-02
5.745433200000000e+02 -3.865319071186424e-02
5.746260000000000e+02 -4.298271294172962e-02
5.747086800000001e+02 -4.683834737004977e-02
5.747913600000001e+02 -5.111255886855437e-02
5.748740400000000e+02 -5.475779593008434e-02
5.749567200000000e+02 -5.705934296398607e-02
5.750394000000000e+02 -5.917646272769228e-02
5.751220800000000e+02 -6.151496372139476e-02
5.752047600000001e+02 -6.278827245547913e-02
5.752874400000001e+02 -6.286153593563892e-02
5.753701200000000e+02 -6.303969698094447e-02
5.754528000000000e+02 -6.315539140149706e-02
5.755354800000000e+02 -6.194739791790194e-02
5.756181600000000e+02 -5.988819979630244e-02
5.757008400000000e+02 -5.815730536585539e-02
5.757835200000001e+02 -5.604632975717261e-02
5.758662000000000e+02 -5.258049716625024e-02
5.759488800000000e+02 -4.874384367284201e-02
5.760315600000000e+02 -4.534516783054066e-02
5.761142400000000e+02 -4.128043714369323e-02
5.761969200000000e+02 -3.606682516676230e-02
5.762796000000001e+02 -3.099870472409250e-02
5.763622800000001e+02 -2.634483761962358e-02
5.764449600000000e+02 -2.083659965771023e-02
5.765276400000000e+02 -1.458978939429956e-02
5.766103200000000e+02 -8.941504716964310e-03
5.766930000000000e+02 -3.563844332135191e-03
5.767756800000001e+02 2.705803721048450e-03
5.768583600000001e+02 9.170426254492270e-03
5.769410400000000e+02 1.472986266814302e-02
5.770237200000000e+02 2.023771109782124e-02
5.771064000000000e+02 2.649744477862515e-02
5.771890800000000e+02 3.237267644146391e-02
5.772717600000000e+02 3.723234483692506e-02
5.773544400000001e+02 4.226939155204423e-02
5.774371200000000e+02 4.774884114173517e-02
5.775198000000000e+02 5.233420797789845e-02
5.776024800000000e+02 5.599639468993267e-02
5.776851600000000e+02 6.000474161172031e-02
5.777678400000000e+02 6.402272859294855e-02
5.778505200000001e+02 6.680018712947300e-02
5.779332000000001e+02 6.891225729601624e-02
5.780158800000000e+02 7.142310999461021e-02
5.780985600000000e+02 7.346497623629245e-02
5.781812400000000e+02 7.414453519299569e-02
5.782639200000000e+02 7.451075426301057e-02
5.783466000000001e+02 7.518639935274329e-02
5.784292800000001e+02 7.496253030970201e-02
5.785119600000000e+02 7.349634564323726e-02
5.785946400000000e+02 7.207625716050803e-02
5.786773200000000e+02 7.074708488700965e-02
5.787600000000000e+02 6.822650046178647e-02
5.788426800000000e+02 6.479506595880802e-02
5.789253600000001e+02 6.169538933579033e-02
5.790080400000001e+02 5.838870497966198e-02
5.790907200000000e+02 5.380412704992998e-02
5.791734000000000e+02 4.878149325122616e-02
5.792560800000000e+02 4.424618390537038e-02
5.793387600000000e+02 3.920149403663509e-02
5.794214400000001e+02 3.302536822858226e-02
5.795041200000001e+02 2.693139763219610e-02
5.795868000000000e+02 2.133071325738545e-02
5.796694800000000e+02 1.499545800239088e-02
5.797521600000000e+02 7.889555117455815e-03
5.798348400000000e+02 1.336231860689985e-03
5.799175200000000e+02 -4.848088512775295e-03
5.800002000000001e+02 -1.184720182987153e-02
5.800828800000000e+02 -1.910323982773265e-02
5.801655600000000e+02 -2.546673403169586e-02
5.802482400000000e+02 -3.166531122505223e-02
5.803309200000000e+02 -3.857714944797486e-02
5.804136000000000e+02 -4.517094876523176e-02
5.804962800000001e+02 -5.071217963342090e-02
5.805789600000001e+02 -5.630576889123562e-02
5.806616400000000e+02 -6.233314004459023e-02
5.807443200000000e+02 -6.750984609977839e-02
5.808270000000000e+02 -7.166542630900175e-02
5.809096800000000e+02 -7.603868182669427e-02
5.809923600000001e+02 -8.043271396603779e-02
5.810750400000001e+02 -8.358124162719294e-02
5.811577200000000e+02 -8.590671194396127e-02
5.812404000000000e+02 -8.851526445771907e-02
5.813230800000000e+02 -9.067409370304358e-02
5.814057600000000e+02 -9.140023329944669e-02
5.814884400000000e+02 -9.161511525176536e-02
5.815711200000001e+02 -9.205819399817416e-02
5.816538000000000e+02 -9.161577796302856e-02
5.817364800000000e+02 -8.979352002215746e-02
5.818191600000000e+02 -8.781692605873037e-02
5.819018400000000e+02 -8.590403683616155e-02
5.819845200000000e+02 -8.279480406415807e-02
5.820672000000001e+02 -7.858857126524188e-02
5.821498800000001e+02 -7.455934444263757e-02
5.822325600000000e+02 -7.035841402276366e-02
5.823152400000000e+02 -6.484586510565238e-02
5.823979200000000e+02 -5.869885807903341e-02
5.824806000000000e+02 -5.297462963697852e-02
5.825632800000001e+02 -4.683082828334284e-02
5.826459600000001e+02 -3.949274049863483e-02
5.827286400000000e+02 -3.208046689794408e-02
5.828113200000000e+02 -2.521243390881611e-02
5.828940000000000e+02 -1.773092915911678e-02
5.829766800000000e+02 -9.399772977181753e-03
5.830593600000000e+02 -1.552704217227086e-03
5.831420400000001e+02 5.763426699860075e-03
5.832247200000000e+02 1.377237976103818e-02
5.833074000000000e+02 2.210863087464809e-02
5.833900800000000e+02 2.950430039504637e-02
5.834727600000000e+02 3.649711945409428e-02
5.835554400000000e+02 4.410703813735972e-02
5.836381200000001e+02 5.143209589917352e-02
5.837208000000001e+02 5.754259514788063e-02
5.838034800000000e+02 6.344682590113560e-02
5.838861600000000e+02 6.972904386201839e-02
5.839688400000000e+02 7.513639647048165e-02
5.840515200000000e+02 7.928254322188555e-02
5.841342000000001e+02 8.342579139578299e-02
5.842168800000001e+02 8.757517846507057e-02
5.842995600000000e+02 9.039646723599049e-02
5.843822400000000e+02 9.213582927188246e-02
5.844649200000000e+02 9.402145256702876e-02
5.845476000000000e+02 9.547620645341404e-02
5.846302800000000e+02 9.537895013786901e-02
5.847129600000001e+02 9.455742756775876e-02
5.847956400000000e+02 9.393409975487399e-02
5.848783200000000e+02 9.246969931758398e-02
5.849610000000000e+02 8.950727844972495e-02
5.850436800000000e+02 8.627453498213344e-02
5.851263600000000e+02 8.318241660941372e-02
5.852090400000001e+02 7.896103370690410e-02
5.852917200000001e+02 7.356572176446374e-02
5.853744000000000e+02 6.835397705231394e-02
5.854570800000000e+02 6.313765769805457e-02
5.855397600000000e+02 5.670025121794553e-02
5.856224400000000e+02 4.962027068317343e-02
5.857051200000001e+02 4.309001054812456e-02
5.857878000000001e+02 3.637099257654075e-02
5.858704800000000e+02 2.856941329230267e-02
5.859531600000000e+02 2.076076175663077e-02
5.860358400000000e+02 1.371976436064948e-02
5.861185200000000e+02 6.326983444160716e-03
5.862012000000000e+02 -1.794827962613543e-03
5.862838800000001e+02 -9.304117994479277e-03
5.863665600000000e+02 -1.599976135690417e-02
5.864492400000000e+02 -2.313487555176608e-02
5.865319200000000e+02 -3.049150620377616e-02
5.866146000000000e+02 -3.674393490132899e-02
5.866972800000000e+02 -4.229580604945027e-02
5.867799600000001e+02 -4.826523711934860e-02
5.868626400000001e+02 -5.388746377208042e-02
5.869453200000000e+02 -5.812503446212414e-02
5.870280000000000e+02 -6.189226457454455e-02
5.871106800000000e+02 -6.593845263510756e-02
5.871933600000000e+02 -6.911263427233205e-02
5.872760400000001e+02 -7.087452013341966e-02
5.873587200000001e+02 -7.245363444431407e-02
5.874414000000000e+02 -7.407681829560275e-02
5.875240800000000e+02 -7.444457974698271e-02
5.876067600000000e+02 -7.362027884579336e-02
5.876894400000000e+02 -7.289284224034331e-02
5.877721200000000e+02 -7.192134028932395e-02
5.878548000000001e+02 -6.952501919725362e-02
5.879374800000001e+02 -6.635594946098500e-02
5.880201600000000e+02 -6.349660486927322e-02
5.881028400000000e+02 -6.010944246043359e-02
5.881855200000000e+02 -5.537738207133414e-02
5.882682000000000e+02 -5.040752137862203e-02
5.883508800000001e+02 -4.585193984377833e-02
5.884335600000001e+02 -4.055140871800134e-02
5.885162400000000e+02 -3.422635848376909e-02
5.885989200000000e+02 -2.821085271627066e-02
5.886816000000000e+02 -2.259031056251204e-02
5.887642800000000e+02 -1.612979133849701e-02
5.888469600000001e+02 -9.152371307897589e-03
5.889296400000001e+02 -2.940373475065483e-03
5.890123200000000e+02 3.005014199428224e-03
5.890950000000000e+02 9.726571769081205e-03
5.891776800000000e+02 1.636031737734189e-02
5.892603600000000e+02 2.194795397508487e-02
5.893430400000000e+02 2.746330955653697e-02
5.894257200000001e+02 3.352493279614577e-02
5.895084000000001e+02 3.890866899789480e-02
5.895910800000000e+02 4.318637027326688e-02
5.896737600000000e+02 4.759075861955164e-02
5.897564400000000e+02 5.217385998977120e-02
5.898391200000000e+02 5.561537378043213e-02
5.899218000000001e+02 5.810889965932187e-02
5.900044800000001e+02 6.086941994034067e-02
5.900871600000000e+02 6.336601862329183e-02
5.901698400000000e+02 6.447187761532591e-02
5.902525200000000e+02 6.495598292508664e-02
5.903352000000000e+02 6.574172626114883e-02
5.904178800000000e+02 6.583166159365550e-02
5.905005600000001e+02 6.454136861017523e-02
5.905832400000000e+02 6.304026969036258e-02
5.906659200000000e+02 6.175334019463441e-02
5.907486000000000e+02 5.944016104291072e-02
5.908312800000000e+02 5.600922145416021e-02
5.909139600000000e+02 5.276754157976182e-02
5.909966400000001e+02 4.954990228043232e-02
5.910793200000001e+02 4.515154606023486e-02
5.911620000000000e+02 4.009213117566945e-02
5.912446800000000e+02 3.552680529163110e-02
5.913273600000000e+02 3.074285734910720e-02
5.914100400000000e+02 2.484041795605874e-02
5.914927200000001e+02 1.883433389923872e-02
5.915754000000001e+02 1.347739482237320e-02
5.916580800000000e+02 7.673743018346668e-03
5.917407600000000e+02 1.027930392621501e-03
5.918234400000000e+02 -5.171524672542893e-03
5.919061200000000e+02 -1.073177704869810e-02
5.919888000000000e+02 -1.688576747027204e-02
5.920714800000001e+02 -2.343682143177850e-02
5.921541600000000e+02 -2.909918631899866e-02
5.922368400000000e+02 -3.427380956529158e-02
5.923195200000000e+02 -4.005877013243286e-02
5.924022000000000e+02 -4.570545145914773e-02
5.924848800000000e+02 -5.020243086171672e-02
5.925675600000001e+02 -5.445146766710962e-02
5.926502400000001e+02 -5.917650114237738e-02
5.927329200000000e+02 -6.323373754714923e-02
5.928156000000000e+02 -6.609676124325947e-02
5.928982800000000e+02 -6.897135398764564e-02
5.929809600000000e+02 -7.205000396600492e-02
5.930636400000001e+02 -7.403267473215047e-02
5.931463200000001e+02 -7.498611187341653e-02
5.932290000000000e+02 -7.616236452495850e-02
5.933116800000000e+02 -7.717834522537359e-02
5.933943600000000e+02 -7.684920313849308e-02
5.934770400000000e+02 -7.582018482566610e-02
5.935597200000000e+02 -7.512449798810505e-02
5.936424000000001e+02 -7.388072450579442e-02
5.937250800000000e+02 -7.126792567760076e-02
5.938077600000000e+02 -6.837634825244798e-02
5.938904400000000e+02 -6.580206940541788e-02
5.939731200000000e+02 -6.234816697257572e-02
5.940558000000000e+02 -5.773310847867263e-02
5.941384800000001e+02 -5.326690546930046e-02
5.942211600000001e+02 -4.898178961414534e-02
5.943038400000000e+02 -4.361697645670437e-02
5.943865200000000e+02 -3.749606169122022e-02
5.944692000000000e+02 -3.187714131693609e-02
5.945518800000000e+02 -2.622035782004495e-02
5.946345600000001e+02 -1.947034844859574e-02
5.947172400000001e+02 -1.249640059438739e-02
5.947999200000000e+02 -6.241856504875409e-03
5.948826000000000e+02 2.915629486577309e-04
5.949652800000000e+02 7.723051104581158e-03
5.950479600000000e+02 1.481270689229031e-02
5.951306400000000e+02 2.113103364454216e-02
5.952133200000001e+02 2.792080384495821e-02
5.952960000000000e+02 3.522305846411944e-02
5.953786800000000e+02 4.168422313996445e-02
5.954613600000000e+02 4.748050887321542e-02
5.955440400000000e+02 5.382867386023704e-02
5.956267200000000e+02 6.017192883124445e-02
5.957094000000001e+02 6.532926476215128e-02
5.957920800000001e+02 7.004492848239730e-02
5.958747600000000e+02 7.524045329036344e-02
5.959574400000000e+02 7.987230516083010e-02
5.960401200000000e+02 8.318620770726226e-02
5.961228000000000e+02 8.633243265275203e-02
5.962054800000001e+02 8.972964412272777e-02
5.962881600000001e+02 9.206895185354524e-02
5.963708400000000e+02 9.318785327491563e-02
5.964535200000000e+02 9.438982138702767e-02
5.965362000000000e+02 9.549341845771808e-02
5.966188800000000e+02 9.520924240254536e-02
5.967015600000000e+02 9.400344065209176e-02
5.967842400000001e+02 9.304493516413703e-02
5.968669200000001e+02 9.159010992508432e-02
5.969496000000000e+02 8.865363684442273e-02
5.970322800000000e+02 8.522870992006870e-02
5.971149600000000e+02 8.209277796543957e-02
5.971976400000000e+02 7.810608077130043e-02
5.972803200000001e+02 7.280617131607880e-02
5.973630000000001e+02 6.749563865138808e-02
5.974456800000000e+02 6.239364042822171e-02
5.975283600000000e+02 5.622008745279683e-02
5.976110400000000e+02 4.913789344395236e-02
5.976937200000000e+02 4.247563456726156e-02
5.977764000000001e+02 3.585475296766494e-02
5.978590800000001e+02 2.814034125915099e-02
5.979417600000000e+02 2.008446829417199e-02
5.980244400000000e+02 1.275768223409168e-02
5.981071200000000e+02 5.277557421974222e-03
5.981898000000000e+02 -3.096337993388043e-03
5.982724800000000e+02 -1.118671609314204e-02
5.983551600000001e+02 -1.840270434081848e-02
5.984378400000001e+02 -2.592914142528124e-02
5.985205200000000e+02 -3.395365644311876e-02
5.986032000000000e+02 -4.112563089485344e-02
5.986858800000000e+02 -4.744765415731889e-02
5.987685600000000e+02 -5.414646386860766e-02
5.988512400000001e+02 -6.082067699506699e-02
5.989339200000001e+02 -6.622937267651896e-02
5.990166000000000e+02 -7.095543264164694e-02
5.990992800000000e+02 -7.600578740104191e-02
5.991819600000000e+02 -8.047883282068313e-02
5.992646400000000e+02 -8.349799899882759e-02
5.993473200000001e+02 -8.609468697535683e-02
5.994300000000001e+02 -8.884686091172489e-02
5.995126800000000e+02 -9.054386484447974e-02
5.995953600000000e+02 -9.084983593875029e-02
5.996780400000000e+02 -9.102504252385979e-02
5.997607200000000e+02 -9.110171858094285e-02
5.998434000000000e+02 -8.981291880694486e-02
5.999260800000001e+02 -8.742909715733904e-02
6.000087600000001e+02 -8.517698501974624e-02
6.000914400000000e+02 -8.253952001905562e-02
6.001741200000000e+02 -7.845757049314184e-02
6.002568000000000e+02 -7.375138623111677e-02
6.003394800000000e+02 -6.936026573167342e-02
6.004221600000001e+02 -6.432758561434859e-02
6.005048400000001e+02 -5.802594236330461e-02
6.005875200000000e+02 -5.165710560660575e-02
6.006702000000000e+02 -4.567726436349506e-02
6.007528800000000e+02 -3.889305500719864e-02
6.008355600000000e+02 -3.124728013050482e-02
6.009182400000000e+02 -2.407415081575681e-02
6.010009200000001e+02 -1.724990443987262e-02
6.010836000000000e+02 -9.601807749398339e-03
6.011662800000000e+02 -1.664506340978145e-03
6.012489600000000e+02 5.377064159414080e-03
6.013316400000000e+02 1.220094604818245e-02
6.014143200000000e+02 1.969955590186934e-02
6.014970000000001e+02 2.685170197795550e-02
6.015796800000001e+02 3.287757222769694e-02
6.016623600000000e+02 3.886171944610128e-02
6.017450400000000e+02 4.521151218533337e-02
6.018277200000000e+02 5.063472394700674e-02
6.019104000000000e+02 5.492903662428872e-02
6.019930800000001e+02 5.934386506594891e-02
6.020757600000001e+02 6.370132425656350e-02
6.021584400000000e+02 6.672010641215076e-02
6.022411200000000e+02 6.882183963355182e-02
6.023238000000000e+02 7.113815202189788e-02
6.024064800000000e+02 7.293807360677451e-02
6.024891600000000e+02 7.323653454497847e-02
6.025718400000001e+02 7.298543089851217e-02
6.026545200000000e+02 7.294097161075508e-02
6.027372000000000e+02 7.197970367425977e-02
6.028198800000000e+02 6.963446793001715e-02
6.029025600000000e+02 6.717386972423001e-02
6.029852400000000e+02 6.480773455103550e-02
6.030679200000001e+02 6.127241423187113e-02
6.031506000000001e+02 5.672417166035182e-02
6.032332800000000e+02 5.246527382479649e-02
6.033159600000000e+02 4.811476596203679e-02
6.033986400000000e+02 4.255284323352715e-02
6.034813200000000e+02 3.652509257836556e-02
6.035640000000001e+02 3.108144999534157e-02
6.036466800000001e+02 2.533997415071410e-02
6.037293600000000e+02 1.857422448965418e-02
6.038120400000000e+02 1.195623232912013e-02
6.038947200000000e+02 6.059091766559055e-03
6.039774000000000e+02 -3.008756219433639e-04
6.040600800000000e+02 -7.296825379510263e-03
6.041427600000001e+02 -1.358204457712742e-02
6.042254400000000e+02 -1.917674898522348e-02
6.043081200000000e+02 -2.530568172281211e-02
6.043908000000000e+02 -3.155009189589708e-02
6.044734800000000e+02 -3.667248530670497e-02
6.045561600000000e+02 -4.127479327314210e-02
6.046388400000001e+02 -4.635855164114799e-02
6.047215200000001e+02 -5.099976996672684e-02
6.048042000000000e+02 -5.432665373043699e-02
6.048868800000000e+02 -5.739065342403571e-02
6.049695600000000e+02 -6.075682436894192e-02
6.050522400000000e+02 -6.318664670588370e-02
6.051349200000001e+02 -6.435251033210931e-02
6.052176000000001e+02 -6.553292461415383e-02
6.053002800000000e+02 -6.673588708503075e-02
6.053829600000000e+02 -6.666308925803976e-02
6.054656400000000e+02 -6.559795875294261e-02
6.055483200000000e+02 -6.477923903041494e-02
6.056310000000000e+02 -6.365288705263938e-02
6.057136800000001e+02 -6.112880692154721e-02
6.057963600000000e+02 -5.804441662504145e-02
6.058790400000000e+02 -5.534072395749756e-02
6.059617200000000e+02 -5.201346982817479e-02
6.060444000000000e+02 -4.740894450065780e-02
6.061270800000000e+02 -4.274832045118904e-02
6.062097600000001e+02 -3.847763156207185e-02
6.062924400000001e+02 -3.335015077589121e-02
6.063751200000000e+02 -2.729021478997040e-02
6.064578000000000e+02 -2.165190183902388e-02
6.065404800000000e+02 -1.629127828415011e-02
6.066231600000000e+02 -9.982271828388622e-03
6.067058400000001e+02 -3.250879737839996e-03
6.067885200000001e+02 2.697460630611714e-03
6.068712000000000e+02 8.566911153410017e-03
6.069538800000000e+02 1.529846470393403e-02
6.070365600000000e+02 2.186772447389496e-02
6.071192400000000e+02 2.747142201229524e-02
6.072019200000000e+02 3.322244869798519e-02
6.072846000000001e+02 3.956846764935273e-02
6.073672800000001e+02 4.519883031805272e-02
6.074499600000000e+02 4.988240510367414e-02
6.075326400000000e+02 5.489769776895159e-02
6.076153200000000e+02 6.009509401421742e-02
6.076980000000000e+02 6.415554130561307e-02
6.077806800000001e+02 6.746715026362260e-02
6.078633600000001e+02 7.119176174806174e-02
6.079460400000000e+02 7.460934615814119e-02
6.080287200000000e+02 7.667590326469054e-02
6.081114000000000e+02 7.831046200860392e-02
6.081940800000000e+02 8.030022516145596e-02
6.082767600000001e+02 8.150937779036904e-02
6.083594400000001e+02 8.139463990402318e-02
6.084421200000000e+02 8.120075908083602e-02
6.085248000000000e+02 8.116596011295263e-02
6.086074800000000e+02 7.998783191090197e-02
6.086901600000000e+02 7.774038679387729e-02
6.087728400000000e+02 7.571809480099212e-02
6.088555200000001e+02 7.355986370024659e-02
6.089382000000001e+02 7.008445282622711e-02
6.090208800000000e+02 6.596421347799819e-02
6.091035600000000e+02 6.225924168655050e-02
6.091862400000000e+02 5.809403567175175e-02
6.092689200000000e+02 5.266962130246433e-02
6.093516000000001e+02 4.710716331267883e-02
6.094342800000001e+02 4.200423903451145e-02
6.095169600000000e+02 3.617058788615091e-02
6.095996400000000e+02 2.936526963547015e-02
6.096823200000000e+02 2.291297559017147e-02
6.097650000000000e+02 1.682657418278322e-02
6.098476800000001e+02 9.868686024410045e-03
6.099303600000001e+02 2.408650164150705e-03
6.100130400000000e+02 -4.310639398070526e-03
6.100957200000000e+02 -1.085274003167414e-02
6.101784000000000e+02 -1.822764315724679e-02
6.102610800000000e+02 -2.553641695896391e-02
6.103437600000000e+02 -3.188039935226905e-02
6.104264400000001e+02 -3.826641832231292e-02
6.105091200000001e+02 -4.525636456354742e-02
6.105918000000000e+02 -5.161504274184181e-02
6.106744800000000e+02 -5.697208814112753e-02
6.107571600000000e+02 -6.255236668089303e-02
6.108398400000000e+02 -6.834921091634083e-02
6.109225200000001e+02 -7.305330242853103e-02
6.110052000000001e+02 -7.689201068362383e-02
6.110878800000000e+02 -8.104186379610201e-02
6.111705600000000e+02 -8.493042702216458e-02
6.112532400000000e+02 -8.744880129952293e-02
6.113359200000000e+02 -8.936615992008645e-02
6.114186000000000e+02 -9.156007744965988e-02
6.115012800000001e+02 -9.301480785801519e-02
6.115839600000000e+02 -9.305231961997962e-02
6.116666400000000e+02 -9.281723236690753e-02
6.117493200000000e+02 -9.270427000219916e-02
6.118320000000000e+02 -9.146907794969439e-02
6.119146800000000e+02 -8.900522708115133e-02
6.119973600000001e+02 -8.659177177790645e-02
6.120800400000001e+02 -8.405927352803244e-02
6.121627200000000e+02 -8.019727697907453e-02
6.122454000000000e+02 -7.549483092243037e-02
6.123280800000000e+02 -7.109858360069654e-02
6.124107600000000e+02 -6.631160716598516e-02
6.124934400000001e+02 -6.021491791446398e-02
6.125761200000001e+02 -5.379520350430056e-02
6.126588000000000e+02 -4.782708908567623e-02
6.127414800000000e+02 -4.123389972137426e-02
6.128241600000000e+02 -3.358878737073889e-02
6.129068400000000e+02 -2.617446165352044e-02
6.129895200000000e+02 -1.922960630905290e-02
6.130722000000001e+02 -1.152842645698560e-02
6.131548800000000e+02 -3.237484264304702e-03
6.132375600000000e+02 4.331528247274119e-03
6.133202400000000e+02 1.152862319475501e-02
6.134029200000000e+02 1.946089531753159e-02
6.134856000000000e+02 2.739138338023861e-02
6.135682800000001e+02 3.425849757547139e-02
6.136509600000001e+02 4.092769435716670e-02
6.137336400000000e+02 4.813861030828259e-02
6.138163200000000e+02 5.473184176027923e-02
6.138990000000000e+02 6.012756009277453e-02
6.139816800000000e+02 6.551862665947761e-02
6.140643600000001e+02 7.110380624937307e-02
6.141470400000001e+02 7.554729148171513e-02
6.142297200000000e+02 7.888199056927669e-02
6.143124000000000e+02 8.236347187893989e-02
6.143950800000000e+02 8.559468071692666e-02
6.144777600000000e+02 8.735581306402140e-02
6.145604400000000e+02 8.828941545369395e-02
6.146431200000001e+02 8.943132866573822e-02
6.147258000000000e+02 8.986950704065844e-02
6.148084800000000e+02 8.877261494063382e-02
6.148911600000000e+02 8.725295692955315e-02
6.149738400000000e+02 8.589270959334194e-02
6.150565200000000e+02 8.346567760511936e-02
6.151392000000001e+02 7.971711173313034e-02
6.152218800000001e+02 7.598351343709664e-02
6.153045600000000e+02 7.226380052848325e-02
6.153872400000000e+02 6.729189804949631e-02
6.154699200000000e+02 6.144873535773654e-02
6.155526000000000e+02 5.600143468767760e-02
6.156352800000001e+02 5.037005782536574e-02
6.157179600000001e+02 4.353123320727958e-02
6.158006400000000e+02 3.641915236478677e-02
6.158833200000000e+02 2.995835817651793e-02
6.159660000000000e+02 2.312421696928302e-02
6.160486800000000e+02 1.536145835748148e-02
6.161313600000000e+02 7.955622471390922e-03
6.162140400000001e+02 1.296394546725588e-03
6.162967200000001e+02 -5.856683610122260e-03
6.163794000000000e+02 -1.347133202043471e-02
6.164620800000000e+02 -2.018364280754248e-02
6.165447600000000e+02 -2.621191883645468e-02
6.166274400000000e+02 -3.274307198649129e-02
6.167101200000001e+02 -3.916551735071816e-02
6.167928000000001e+02 -4.432040552312988e-02
6.168754800000000e+02 -4.897836304402170e-02
6.169581600000000e+02 -5.402148698434339e-02
6.170408400000000e+02 -5.838800879447070e-02
6.171235200000000e+02 -6.135980180016254e-02
6.172062000000001e+02 -6.409246395658819e-02
6.172888800000001e+02 -6.698043576099622e-02
6.173715600000000e+02 -6.873156920706813e-02
6.174542400000000e+02 -6.921144667185775e-02
6.175369200000000e+02 -6.971864713143838e-02
6.176196000000000e+02 -7.007956940404902e-02
6.177022800000000e+02 -6.903688486852266e-02
6.177849600000001e+02 -6.706463011538655e-02
6.178676400000001e+02 -6.533637353095800e-02
6.179503200000000e+02 -6.314660797835792e-02
6.180330000000000e+02 -5.953156368194634e-02
6.181156800000000e+02 -5.547637891157242e-02
6.181983600000000e+02 -5.178780784091741e-02
6.182810400000001e+02 -4.737426009306411e-02
6.183637200000001e+02 -4.176724371566587e-02
6.184464000000000e+02 -3.626149490289665e-02
6.185290800000000e+02 -3.112940795954178e-02
6.186117600000000e+02 -2.512182452750289e-02
6.186944400000000e+02 -1.836861588957817e-02
6.187771200000001e+02 -1.220639810395785e-02
6.188598000000001e+02 -6.315914701170211e-03
6.189424800000000e+02 4.427190374182155e-04
6.190251600000000e+02 7.361625847679631e-03
6.191078400000000e+02 1.334300959123957e-02
6.191905200000000e+02 1.922892425278044e-02
6.192732000000000e+02 2.580032739249150e-02
6.193558800000001e+02 3.191607300094035e-02
6.194385600000001e+02 3.695116058812997e-02
6.195212400000000e+02 4.208583425575441e-02
6.196039200000000e+02 4.756579423464435e-02
6.196866000000000e+02 5.205917880317779e-02
6.197692800000000e+02 5.554763963576914e-02
6.198519600000001e+02 5.928703830535720e-02
6.199346400000001e+02 6.292801272998305e-02
6.200173200000000e+02 6.523717200435497e-02
6.201000000000000e+02 6.680348164025596e-02
6.201826800000000e+02 6.867657019918327e-02
6.202653600000000e+02 6.998632175978903e-02
6.203480400000001e+02 6.986852472005212e-02
6.204307200000001e+02 6.938459315155820e-02
6.205134000000000e+02 6.914250504012431e-02
6.205960800000000e+02 6.794504650271682e-02
6.206787600000000e+02 6.548670532554790e-02
6.207614400000000e+02 6.306160670844529e-02
6.208441200000000e+02 6.070246230548559e-02
6.209268000000001e+02 5.715349252248247e-02
6.210094800000001e+02 5.273261718354350e-02
6.210921600000000e+02 4.867811342167583e-02
6.211748400000000e+02 4.444580448739532e-02
6.212575200000000e+02 3.900224353979531e-02
6.213402000000000e+02 3.321545304206308e-02
6.214228800000001e+02 2.799696801193208e-02
6.215055600000001e+02 2.235393237494387e-02
6.215882400000000e+02 1.570447771504624e-02
6.216709200000000e+02 9.274576436059112e-03
6.217536000000000e+02 3.455694525163255e-03
6.218362800000000e+02 -2.967929251231571e-03
6.219189600000000e+02 -9.998803438370674e-03
6.220016400000001e+02 -1.631882103026827e-02
6.220843200000000e+02 -2.213271904203373e-02
6.221670000000000e+02 -2.860842775345229e-02
6.222496800000000e+02 -3.516793010982278e-02
6.223323600000000e+02 -4.068154766236820e-02
6.224150400000000e+02 -4.589697015881511e-02
6.224977200000001e+02 -5.167822060987692e-02
6.225804000000001e+02 -5.698924989356680e-02
6.226630800000000e+02 -6.112507869250117e-02
6.227457600000000e+02 -6.520915824960549e-02
6.228284400000000e+02 -6.961384986245100e-02
6.229111200000000e+02 -7.306301217538869e-02
6.229938000000001e+02 -7.542099499014454e-02
6.230764800000001e+02 -7.794367723257756e-02
6.231591600000000e+02 -8.042993548531663e-02
6.232418400000000e+02 -8.163067671342672e-02
6.233245200000000e+02 -8.200513632325757e-02
6.234072000000000e+02 -8.267363824612894e-02
6.234898800000000e+02 -8.290112247295489e-02
6.235725600000001e+02 -8.172717371073324e-02
6.236552400000000e+02 -8.010891741109594e-02
6.237379200000000e+02 -7.879352660784666e-02
6.238206000000000e+02 -7.666423288511215e-02
6.239032800000000e+02 -7.325249655157595e-02
6.239859600000000e+02 -6.981415120364898e-02
6.240686400000001e+02 -6.656443146837032e-02
6.241513200000001e+02 -6.223895202253982e-02
6.242340000000000e+02 -5.696430723284385e-02
6.243166800000000e+02 -5.203391843382177e-02
6.243993600000000e+02 -4.708402138731660e-02
6.244820400000000e+02 -4.097122985239865e-02
6.245647200000001e+02 -3.439826420550651e-02
6.246474000000001e+02 -2.842591936376349e-02
6.247300800000000e+02 -2.218709986948442e-02
6.248127600000000e+02 -1.490726044345858e-02
6.248954400000000e+02 -7.725565353887687e-03
6.249781200000000e+02 -1.246598437477986e-03
6.250608000000000e+02 5.715419192753868e-03
6.251434800000001e+02 1.339193403597949e-02
6.252261600000000e+02 2.044147530446028e-02
6.253088400000000e+02 2.684483602991461e-02
6.253915200000000e+02 3.384978008991524e-02
6.254742000000000e+02 4.108352485094746e-02
6.255568800000000e+02 4.728395276316100e-02
6.256395600000001e+02 5.302227994306308e-02
6.257222400000001e+02 5.933336958327384e-02
6.258049200000000e+02 6.530932318826710e-02
6.258876000000000e+02 7.003736733920107e-02
6.259702800000000e+02 7.455593453244391e-02
6.260529600000000e+02 7.945427186820397e-02
6.261356400000001e+02 8.347798788881988e-02
6.262183200000001e+02 8.626255626165902e-02
6.263010000000000e+02 8.908637282196352e-02
6.263836800000000e+02 9.195623206353820e-02
6.264663600000000e+02 9.354103156229487e-02
6.265490400000000e+02 9.410621269551667e-02
6.266317200000000e+02 9.488787243725094e-02
6.267144000000001e+02 9.530324270664303e-02
6.267970800000001e+02 9.423646259939245e-02
6.268797600000000e+02 9.252665877136212e-02
6.269624400000000e+02 9.109406027516387e-02
6.270451200000000e+02 8.889320840584047e-02
6.271278000000000e+02 8.527113304467182e-02
6.272104800000001e+02 8.145750328748758e-02
6.272931600000001e+02 7.785498975473160e-02
6.273758400000000e+02 7.318823947972342e-02
6.274585200000000e+02 6.741305603990144e-02
6.275412000000000e+02 6.188126939779959e-02
6.276238800000000e+02 5.639455449170228e-02
6.277065600000001e+02 4.973222526737719e-02
6.277892400000001e+02 4.246959308964482e-02
6.278719200000000e+02 3.578892431373271e-02
6.279546000000000e+02 2.894306217481279e-02
6.280372800000000e+02 2.103604243446444e-02
6.281199600000000e+02 1.313755105382297e-02
6.282026400000000e+02 6.011237442719697e-03
6.282853200000001e+02 -1.466644177515408e-03
6.283680000000001e+02 -9.672773845049942e-03
6.284506800000000e+02 -1.727302761547500e-02
6.285333600000000e+02 -2.407539805209136e-02
6.286160400000000e+02 -3.133059755805645e-02
6.286987200000000e+02 -3.881770763076942e-02
6.287814000000001e+02 -4.521967868915977e-02
6.288640800000001e+02 -5.094434485457189e-02
6.289467600000000e+02 -5.709968152532152e-02
6.290294400000000e+02 -6.291768264707576e-02
6.291121200000000e+02 -6.737038659805994e-02
6.291948000000000e+02 -7.136860797000122e-02
6.292774800000001e+02 -7.564520618892334e-02
6.293601600000001e+02 -7.904909390243842e-02
6.294428400000000e+02 -8.104891339712583e-02
6.295255200000000e+02 -8.286147180120407e-02
6.296082000000000e+02 -8.469515519964022e-02
6.296908800000000e+02 -8.525649456653372e-02
6.297735600000000e+02 -8.461475467725998e-02
6.298562400000001e+02 -8.403791887320500e-02
6.299389200000001e+02 -8.317060623001826e-02
6.300216000000000e+02 -8.084519840328652e-02
6.301042800000000e+02 -7.771409472028068e-02
6.301869600000000e+02 -7.483452673582247e-02
6.302696400000000e+02 -7.136403379742740e-02
6.303523200000001e+02 -6.650411237175335e-02
6.304350000000001e+02 -6.135544461241094e-02
6.305176800000000e+02 -5.654635362140015e-02
6.306003600000000e+02 -5.092512842300490e-02
6.306830400000000e+02 -4.423277911612000e-02
6.307657200000000e+02 -3.779118416079041e-02
6.308484000000001e+02 -3.166896750324699e-02
6.309310800000001e+02 -2.465057859501651e-02
6.310137600000000e+02 -1.707806352945640e-02
6.310964400000000e+02 -1.021830242704203e-02
6.311791200000000e+02 -3.565816587708825e-03
6.312618000000000e+02 3.894149969344451e-03
6.313444800000000e+02 1.128293614189591e-02
6.314271600000001e+02 1.765845836085178e-02
6.315098400000001e+02 2.399085046555338e-02
6.315925200000000e+02 3.086630211080554e-02
6.316752000000000e+02 3.705209018874644e-02
6.317578800000000e+02 4.213585621322025e-02
6.318405600000000e+02 4.733802174119317e-02
6.319232400000001e+02 5.267811562855096e-02
6.320059200000001e+02 5.683514353859065e-02
6.320886000000000e+02 6.001807322239772e-02
6.321712800000000e+02 6.342319702427746e-02
6.322539600000000e+02 6.649099855274565e-02
6.323366400000000e+02 6.810386805513235e-02
6.324193200000000e+02 6.904558989580678e-02
6.325020000000001e+02 7.021641683934987e-02
6.325846800000000e+02 7.059853896430168e-02
6.326673600000000e+02 6.952795686509372e-02
6.327500400000000e+02 6.818672565357498e-02
6.328327200000000e+02 6.697442152686373e-02
6.329154000000000e+02 6.464289987495020e-02
6.329980800000001e+02 6.113111445165587e-02
6.330807600000001e+02 5.775362625952296e-02
6.331634400000000e+02 5.432089530974649e-02
6.332461200000000e+02 4.963599598946078e-02
6.333288000000000e+02 4.425445234140124e-02
6.334114800000000e+02 3.933124522611919e-02
6.334941600000001e+02 3.413479515520568e-02
6.335768400000001e+02 2.778804047909678e-02
6.336595200000000e+02 2.133995691720969e-02
6.337422000000000e+02 1.553499649489631e-02
6.338248800000000e+02 9.267678395613377e-03
6.339075600000000e+02 2.175415134402225e-03
6.339902400000000e+02 -4.427877914335965e-03
6.340729200000001e+02 -1.036371491588839e-02
6.341556000000000e+02 -1.686431835380708e-02
6.342382800000000e+02 -2.369801242151692e-02
6.343209600000000e+02 -2.956658456228645e-02
6.344036400000000e+02 -3.488795201439665e-02
6.344863200000000e+02 -4.075167118394163e-02
6.345690000000001e+02 -4.637990606174203e-02
6.346516800000001e+02 -5.076212851346118e-02
6.347343600000000e+02 -5.481707434333571e-02
6.348170400000000e+02 -5.925737051442492e-02
6.348997200000000e+02 -6.292087346113984e-02
6.349824000000000e+02 -6.529307117827798e-02
6.350650800000001e+02 -6.759606036938615e-02
6.351477600000001e+02 -7.001311399987575e-02
6.352304400000000e+02 -7.123787810115234e-02
6.353131200000000e+02 -7.135685204149678e-02
6.353958000000000e+02 -7.163834095223609e-02
6.354784800000000e+02 -7.169456714313993e-02
6.355611600000000e+02 -7.034461607373788e-02
6.356438400000001e+02 -6.825863434557766e-02
6.357265200000001e+02 -6.648607505325332e-02
6.358092000000000e+02 -6.414477491403525e-02
6.358918800000000e+02 -6.042520809449203e-02
6.359745600000000e+02 -5.644518262192544e-02
6.360572400000000e+02 -5.281513141027272e-02
6.361399200000001e+02 -4.833915560138091e-02
6.362226000000001e+02 -4.275211646901234e-02
6.363052800000000e+02 -3.739082747125011e-02
6.363879600000000e+02 -3.229657396053587e-02
6.364706400000000e+02 -2.620969039322218e-02
6.365533200000000e+02 -1.947270516657373e-02
6.366360000000001e+02 -1.336483211034301e-02
6.367186800000001e+02 -7.347108582796524e-03
6.368013600000000e+02 -3.652647197615044e-04
6.368840400000000e+02 6.693462437284858e-03
6.369667200000000e+02 1.287555422493514e-02
6.370494000000000e+02 1.918659227766384e-02
6.371320800000000e+02 2.624411176819741e-02
6.372147600000001e+02 3.279632021328716e-02
6.372974400000001e+02 3.841745288912812e-02
6.373801200000000e+02 4.436243463469980e-02
6.374628000000000e+02 5.067069602578855e-02
6.375454800000000e+02 5.598808327535276e-02
6.376281600000000e+02 6.050678404152710e-02
6.377108400000001e+02 6.545566415827153e-02
6.377935200000001e+02 7.027931367584750e-02
6.378762000000000e+02 7.381003194432223e-02
6.379588800000000e+02 7.681388400569833e-02
6.380415600000000e+02 8.022111343999450e-02
6.381242400000000e+02 8.299675900444958e-02
6.382069200000001e+02 8.441118965145200e-02
6.382896000000001e+02 8.563388609736233e-02
6.383722800000000e+02 8.708908978785634e-02
6.384549600000000e+02 8.748625086575856e-02
6.385376400000000e+02 8.669117853916419e-02
6.386203200000000e+02 8.601748011528643e-02
6.387030000000000e+02 8.528948689033300e-02
6.387856800000001e+02 8.324417197791512e-02
6.388683600000001e+02 8.036985161265919e-02
6.389510400000000e+02 7.783485939425150e-02
6.390337200000000e+02 7.490511202759009e-02
6.391164000000000e+02 7.062335829816691e-02
6.391990800000000e+02 6.599121696399157e-02
6.392817600000001e+02 6.177789365993047e-02
6.393644400000001e+02 5.685781352342256e-02
6.394471200000000e+02 5.078999205456003e-02
6.395298000000000e+02 4.486938072160074e-02
6.396124800000000e+02 3.930437433620126e-02
6.396951600000000e+02 3.283108718772454e-02
6.397778400000001e+02 2.562088674413443e-02
6.398605200000001e+02 1.898170266293964e-02
6.399432000000000e+02 1.252583019627740e-02
6.400258800000000e+02 5.132189666488096e-03
6.401085600000000e+02 -2.453522971481270e-03
6.401912400000000e+02 -9.188458048595693e-03
6.402739200000000e+02 -1.596080461518001e-02
6.403566000000001e+02 -2.350284330531938e-02
6.404392800000001e+02 -3.065582280236390e-02
6.405219600000000e+02 -3.685773461450459e-02
6.406046400000000e+02 -4.329558691543867e-02
6.406873200000000e+02 -5.015501411819179e-02
6.407700000000000e+02 -5.611124158783565e-02
6.408526800000001e+02 -6.119261006244203e-02
6.409353600000001e+02 -6.662409610944908e-02
6.410180400000000e+02 -7.200665296186337e-02
6.411007200000000e+02 -7.612799383232571e-02
6.411834000000000e+02 -7.959066362410583e-02
6.412660800000000e+02 -8.339466875673873e-02
6.413487600000001e+02 -8.664297887085104e-02
6.414314400000001e+02 -8.848736742684826e-02
6.415141200000000e+02 -8.997012395398596e-02
6.415968000000000e+02 -9.165588186510754e-02
6.416794800000000e+02 -9.234022448029777e-02
6.417621600000000e+02 -9.171313189530761e-02
6.418448400000000e+02 -9.103433528314764e-02
6.419275200000001e+02 -9.031682484756798e-02
6.420102000000001e+02 -8.830270942098162e-02
6.420928800000000e+02 -8.528333597842386e-02
6.421755600000000e+02 -8.247189228086149e-02
6.422582400000000e+02 -7.932946130259266e-02
6.423409200000000e+02 -7.481029391432348e-02
6.424236000000001e+02 -6.974758627049726e-02
6.425062800000001e+02 -6.505513654223760e-02
6.425889600000000e+02 -5.975733316815013e-02
6.426716400000000e+02 -5.324465237729903e-02
6.427543200000000e+02 -4.672128710780876e-02
6.428370000000000e+02 -4.061037928688160e-02
6.429196800000000e+02 -3.370800172005561e-02
6.430023600000001e+02 -2.597744933691803e-02
6.430850400000000e+02 -1.874420388663134e-02
6.431677200000000e+02 -1.185072851559321e-02
6.432504000000000e+02 -4.125523641061335e-03
6.433330800000000e+02 3.876835328933459e-03
6.434157600000000e+02 1.098917036535674e-02
6.434984400000001e+02 1.791708362693334e-02
6.435811200000001e+02 2.553984861270431e-02
6.436638000000000e+02 3.281984566506702e-02
6.437464800000000e+02 3.899986766543595e-02
6.438291600000000e+02 4.518105778443449e-02
6.439118400000000e+02 5.174832338704771e-02
6.439945200000001e+02 5.739818179041734e-02
6.440772000000001e+02 6.195134160662319e-02
6.441598800000000e+02 6.666128804231108e-02
6.442425600000000e+02 7.132221327521870e-02
6.443252400000000e+02 7.464729968393546e-02
6.444079200000000e+02 7.707858710939020e-02
6.444906000000000e+02 7.974034133164998e-02
6.445732800000001e+02 8.187223755198947e-02
6.446559600000001e+02 8.248984347501320e-02
6.447386400000000e+02 8.256155027119572e-02
6.448213200000000e+02 8.282723943805692e-02
6.449040000000000e+02 8.213670365032955e-02
6.449866800000000e+02 8.003027730279499e-02
6.450693600000001e+02 7.778869757892726e-02
6.451520400000001e+02 7.559958984974724e-02
6.452347200000000e+02 7.217936865636287e-02
6.453174000000000e+02 6.769898854978451e-02
6.454000800000000e+02 6.346793217703606e-02
6.454827600000000e+02 5.908097281062163e-02
6.455654400000001e+02 5.340908139846667e-02
6.456481200000001e+02 4.721842853931690e-02
6.457308000000000e+02 4.156063327103465e-02
6.458134800000000e+02 3.553205647428970e-02
6.458961600000000e+02 2.840983667176822e-02
6.459788400000000e+02 2.138897610364543e-02
6.460615200000000e+02 1.503902654346867e-02
6.461442000000001e+02 8.161876438434801e-03
6.462268800000001e+02 5.994938125108984e-04
6.463095600000000e+02 -6.280743586860482e-03
6.463922400000000e+02 -1.250578682942138e-02
6.464749200000000e+02 -1.930459971396803e-02
6.465576000000000e+02 -2.623660438689202e-02
6.466402800000001e+02 -3.204977316887914e-02
6.467229600000001e+02 -3.735266295876061e-02
6.468056400000000e+02 -4.314128785727389e-02
6.468883200000000e+02 -4.846991533117195e-02
6.469710000000000e+02 -5.245963984522983e-02
6.470536800000000e+02 -5.616552949270404e-02
6.471363600000001e+02 -6.014148870902636e-02
6.472190400000001e+02 -6.313337109405703e-02
6.473017200000000e+02 -6.481250992502452e-02
6.473844000000000e+02 -6.645727104887333e-02
6.474670800000000e+02 -6.806496765696890e-02
6.475497600000000e+02 -6.833084681871160e-02
6.476324400000000e+02 -6.754068353719411e-02
6.477151200000001e+02 -6.693119167305384e-02
6.477978000000001e+02 -6.594350388865711e-02
6.478804800000000e+02 -6.348983897095872e-02
6.479631600000000e+02 -6.041117989363920e-02
6.480458400000000e+02 -5.764791457606133e-02
6.481285200000000e+02 -5.419936361338296e-02
6.482112000000001e+02 -4.942012886952529e-02
6.482938800000001e+02 -4.453525470784847e-02
6.483765600000000e+02 -3.999419814165805e-02
6.484592400000000e+02 -3.456145906477481e-02
6.485419200000000e+02 -2.817230754224309e-02
6.486246000000000e+02 -2.218478402658930e-02
6.487072800000001e+02 -1.646290919918347e-02
6.487899600000001e+02 -9.796626270069719e-03
6.488726400000000e+02 -2.722498988194433e-03
6.489553200000000e+02 3.550730394420554e-03
6.490380000000000e+02 9.716252471208220e-03
6.491206800000000e+02 1.669754302512527e-02
6.492033600000000e+02 2.346279735808765e-02
6.492860400000001e+02 2.920788952811382e-02
6.493687200000001e+02 3.503373225363904e-02
6.494514000000000e+02 4.137188163082006e-02
6.495340800000000e+02 4.691065002155925e-02
6.496167600000000e+02 5.142234159693526e-02
6.496994400000000e+02 5.617350242837549e-02
6.497821200000001e+02 6.100278960138950e-02
6.498648000000001e+02 6.459984731004875e-02
6.499474800000000e+02 6.736054552675508e-02
6.500301600000000e+02 7.043474753265988e-02
6.501128400000000e+02 7.309879435175348e-02
6.501955200000000e+02 7.432895402963635e-02
6.502782000000001e+02 7.505345400380747e-02
6.503608800000001e+02 7.604780272533807e-02
6.504435600000000e+02 7.618466388032352e-02
6.505262400000000e+02 7.495075222531111e-02
6.506089200000000e+02 7.359661972408527e-02
6.506916000000000e+02 7.235119711564064e-02
6.507742800000000e+02 6.993490706975203e-02
6.508569600000001e+02 6.645520867941102e-02
6.509396400000001e+02 6.320488390453871e-02
6.510223200000000e+02 5.981974485429320e-02
6.511050000000000e+02 5.515382866597396e-02
6.511876800000000e+02 4.990748827815183e-02
6.512703600000000e+02 4.513078596747988e-02
6.513530400000001e+02 3.995468196940077e-02
6.514357200000001e+02 3.362113219959573e-02
6.515184000000000e+02 2.726597374175022e-02
6.516010800000000e+02 2.147121377825589e-02
6.516837600000000e+02 1.506287711161824e-02
6.517664400000000e+02 7.836956611851464e-03
6.518491200000000e+02 1.115867703504803e-03
6.519318000000001e+02 -5.104148681358334e-03
6.520144800000000e+02 -1.203823424528261e-02
6.520971600000000e+02 -1.929277298540533e-02
6.521798400000000e+02 -2.564259224183696e-02
6.522625200000000e+02 -3.166561081135988e-02
6.523452000000000e+02 -3.835002577788071e-02
6.524278800000001e+02 -4.478960262631826e-02
6.525105600000001e+02 -5.011402954741917e-02
6.525932400000000e+02 -5.534154573636085e-02
6.526759200000000e+02 -6.101831362481214e-02
6.527586000000000e+02 -6.591791387056189e-02
6.528412800000000e+02 -6.970370766848422e-02
6.529239600000001e+02 -7.361010621506425e-02
6.530066400000001e+02 -7.762290308362907e-02
6.530893200000000e+02 -8.045333427856571e-02
6.531720000000000e+02 -8.236400127303367e-02
6.532546800000000e+02 -8.453965004322750e-02
6.533373600000000e+02 -8.640677861493529e-02
6.534200400000000e+02 -8.688400024619758e-02
6.535027200000001e+02 -8.677449764330336e-02
6.535854000000000e+02 -8.696101474743867e-02
6.536680800000000e+02 -8.642973586836844e-02
6.537507600000000e+02 -8.453361732500397e-02
6.538334400000000e+02 -8.244694778264983e-02
6.539161200000000e+02 -8.056301399006516e-02
6.539988000000001e+02 -7.763998661262617e-02
6.540814800000001e+02 -7.360356506723054e-02
6.541641600000000e+02 -6.975361611107100e-02
6.542468400000000e+02 -6.590966234041995e-02
6.543295200000000e+02 -6.086452142011323e-02
6.544122000000000e+02 -5.513779051955303e-02
6.544948800000001e+02 -4.988300673429502e-02
6.545775600000001e+02 -4.438282103126578e-02
6.546602400000000e+02 -3.772416096245845e-02
6.547429200000000e+02 -3.091845349033095e-02
6.548256000000000e+02 -2.473015727180328e-02
6.549082800000000e+02 -1.805712988805508e-02
6.549909600000000e+02 -1.048239361907266e-02
6.550736400000001e+02 -3.302512035922578e-03
6.551563200000001e+02 3.269786033816113e-03
6.552390000000000e+02 1.048400914371461e-02
6.553216800000000e+02 1.816090122341718e-02
6.554043600000000e+02 2.498939902332642e-02
6.554870400000000e+02 3.135504268732281e-02
6.555697200000001e+02 3.838083861236152e-02
6.556524000000001e+02 4.531782259088080e-02
6.557350800000000e+02 5.111921606464409e-02
6.558177600000000e+02 5.668648302832135e-02
6.559004400000000e+02 6.276477151006743e-02
6.559831200000000e+02 6.818721894793656e-02
6.560658000000001e+02 7.239814887588913e-02
6.561484800000001e+02 7.661855527116790e-02
6.562311600000000e+02 8.104368405954454e-02
6.563138400000000e+02 8.433654828406345e-02
6.563965200000000e+02 8.655600755895876e-02
6.564792000000000e+02 8.897330453051555e-02
6.565618800000000e+02 9.118247137325941e-02
6.566445600000001e+02 9.196742197033259e-02
6.567272400000001e+02 9.199147466783364e-02
6.568099200000000e+02 9.229366964532093e-02
6.568926000000000e+02 9.195115981746405e-02
6.569752800000000e+02 9.013787376300553e-02
6.570579600000000e+02 8.797791913515385e-02
6.571406400000001e+02 8.604731653679165e-02
6.572233200000001e+02 8.310924796177388e-02
6.573060000000000e+02 7.891271663169508e-02
6.573886800000000e+02 7.479699753909697e-02
6.574713600000000e+02 7.074958508682838e-02
6.575540400000000e+02 6.549493681708540e-02
6.576367200000001e+02 5.941502108532959e-02
6.577194000000001e+02 5.377304055940635e-02
6.578020800000000e+02 4.797610602615998e-02
6.578847600000000e+02 4.099346342727761e-02
6.579674400000000e+02 3.375814130242638e-02
6.580501200000000e+02 2.718708536323355e-02
6.581328000000000e+02 2.024447826208020e-02
6.582154800000001e+02 1.237096913670654e-02
6.582981600000001e+02 4.849675132915787e-03
6.583808400000000e+02 -1.938102336822123e-03
6.584635200000000e+02 -9.239165050020870e-03
6.585462000000000e+02 -1.702133844552001e-02
6.586288800000000e+02 -2.392401782980058e-02
6.587115600000001e+02 -3.017175277078532e-02
6.587942400000001e+02 -3.695059553467228e-02
6.588769200000000e+02 -4.364610152995008e-02
6.589596000000000e+02 -4.910359933915676e-02
6.590422800000000e+02 -5.409472322355457e-02
6.591249600000000e+02 -5.949309631802646e-02
6.592076400000001e+02 -6.423400507615840e-02
6.592903200000001e+02 -6.760375499307680e-02
6.593730000000000e+02 -7.075114730834953e-02
6.594556800000000e+02 -7.405708429442059e-02
6.595383600000000e+02 -7.622990878763491e-02
6.596210400000000e+02 -7.713801445235080e-02
6.597037200000000e+02 -7.806476588629752e-02
6.597864000000001e+02 -7.882315790236383e-02
6.598690800000001e+02 -7.816204240079960e-02
6.599517600000000e+02 -7.655404533735977e-02
6.600344400000000e+02 -7.515151633627271e-02
6.601171200000000e+02 -7.324168669791919e-02
6.601998000000000e+02 -6.987236321020907e-02
6.602824800000001e+02 -6.602119004214713e-02
6.603651600000001e+02 -6.247283803577930e-02
6.604478400000000e+02 -5.813896226226989e-02
6.605305200000000e+02 -5.256540104285368e-02
6.606132000000000e+02 -4.703350956894503e-02
6.606958800000000e+02 -4.179878420928651e-02
6.607785600000001e+02 -3.562686611505006e-02
6.608612400000001e+02 -2.866115996580432e-02
6.609439200000000e+02 -2.222137534546631e-02
6.610266000000000e+02 -1.598111936357516e-02
6.611092800000000e+02 -8.824580996255715e-03
6.611919600000000e+02 -1.469478980009487e-03
6.612746400000000e+02 5.003571398515150e-03
6.613573200000001e+02 1.143243767322732e-02
6.614400000000001e+02 1.856893903345325e-02
6.615226800000000e+02 2.526743988641844e-02
6.616053600000000e+02 3.091797610187152e-02
6.616880400000000e+02 3.668659821870945e-02
6.617707200000000e+02 4.278931861613988e-02
6.618534000000001e+02 4.789614163670874e-02
6.619360800000001e+02 5.200084933931004e-02
6.620187600000000e+02 5.633788509909288e-02
6.621014400000000e+02 6.053174053358801e-02
6.621841200000000e+02 6.335839957475964e-02
6.622668000000000e+02 6.541626683516821e-02
6.623494800000000e+02 6.772921366378959e-02
6.624321600000001e+02 6.940843394518870e-02
6.625148400000000e+02 6.960774719715757e-02
6.625975200000000e+02 6.939505258846379e-02
6.626802000000000e+02 6.935096900364268e-02
6.627628800000000e+02 6.827100735286351e-02
6.628455600000000e+02 6.587613309866613e-02
6.629282400000001e+02 6.346251520714663e-02
6.630109200000001e+02 6.103716937613768e-02
6.630936000000000e+02 5.735160738998213e-02
6.631762800000000e+02 5.275566474820192e-02
6.632589600000000e+02 4.848331293544861e-02
6.633416400000000e+02 4.397049797590624e-02
6.634243200000001e+02 3.820615422044771e-02
6.635070000000001e+02 3.208983379709129e-02
6.635896800000000e+02 2.652179943111677e-02
6.636723600000000e+02 2.049920793039772e-02
6.637550400000000e+02 1.347412288171579e-02
6.638377200000000e+02 6.696913779240310e-03
6.639204000000000e+02 5.425261713809526e-04
6.640030800000001e+02 -6.202909497443954e-03
6.640857600000001e+02 -1.350362296351648e-02
6.641684400000000e+02 -2.002920265070673e-02
6.642511200000000e+02 -2.600277039276311e-02
6.643338000000000e+02 -3.258010975060210e-02
6.644164800000000e+02 -3.914902856214064e-02
6.644991600000001e+02 -4.458107986205484e-02
6.645818400000001e+02 -4.964109458686472e-02
6.646645200000000e+02 -5.517560621635054e-02
6.647472000000000e+02 -6.012508188651411e-02
6.648298800000000e+02 -6.379751504198250e-02
6.649125600000000e+02 -6.733107866735832e-02
6.649952400000001e+02 -7.108126646665136e-02
6.650779200000001e+02 -7.376191419213685e-02
6.651606000000000e+02 -7.525882937332262e-02
6.652432800000000e+02 -7.684097950389912e-02
6.653259600000000e+02 -7.829524511898944e-02
6.654086400000000e+02 -7.837509955062683e-02
6.654913200000000e+02 -7.756673198092068e-02
6.655740000000001e+02 -7.700305446110800e-02
6.656566800000001e+02 -7.594290683132954e-02
6.657393600000000e+02 -7.343827911738898e-02
6.658220400000000e+02 -7.047639920284765e-02
6.659047200000000e+02 -6.781608037461107e-02
6.659874000000000e+02 -6.433876591856458e-02
6.660700800000001e+02 -5.959531052033828e-02
6.661527600000001e+02 -5.487207682392037e-02
6.662354400000000e+02 -5.039238306044858e-02
6.663181200000000e+02 -4.489223315399027e-02
6.664008000000000e+02 -3.852210591107141e-02
6.664834800000000e+02 -3.260213070380247e-02
6.665661600000001e+02 -2.676973026861562e-02
6.666488400000001e+02 -1.988317971990272e-02
6.667315200000000e+02 -1.267048365205803e-02
6.668142000000000e+02 -6.209795410221153e-03
6.668968800000000e+02 3.732557611773046e-04
6.669795600000000e+02 7.849890012715188e-03
6.670622400000000e+02 1.505899250425735e-02
6.671449200000001e+02 2.139265476093710e-02
6.672276000000001e+02 2.805053531195500e-02
6.673102800000000e+02 3.525902680750259e-02
6.673929600000000e+02 4.166399551526023e-02
6.674756400000000e+02 4.725793459424066e-02
6.675583200000000e+02 5.330447956566431e-02
6.676410000000001e+02 5.942610607517418e-02
6.677236800000001e+02 6.436212741250913e-02
6.678063600000000e+02 6.870630649852905e-02
6.678890400000000e+02 7.350674381034905e-02
6.679717200000000e+02 7.785533308535875e-02
6.680544000000000e+02 8.085544591651461e-02
6.681370800000001e+02 8.357089873921553e-02
6.682197600000001e+02 8.659978837044169e-02
6.683024400000000e+02 8.869623488651768e-02
6.683851200000000e+02 8.952152962305993e-02
6.684678000000000e+02 9.037411968737996e-02
6.685504800000000e+02 9.126723148558202e-02
6.686331600000000e+02 9.088798562883027e-02
6.687158400000001e+02 8.952815904473144e-02
6.687985200000001e+02 8.843400939532098e-02
6.688812000000000e+02 8.703059078438369e-02
6.689638800000000e+02 8.422605181995335e-02
6.690465600000000e+02 8.087708622378065e-02
6.691292400000000e+02 7.790473458943947e-02
6.692119200000001e+02 7.427519452032505e-02
6.692946000000001e+02 6.935767954639283e-02
6.693772800000000e+02 6.438529100959745e-02
6.694599600000000e+02 5.975626768128095e-02
6.695426400000000e+02 5.420974549986535e-02
6.696253200000000e+02 4.771415917887967e-02
6.697080000000001e+02 4.161089682194641e-02
6.697906800000001e+02 3.569649423167498e-02
6.698733600000000e+02 2.876369204184526e-02
6.699560400000000e+02 2.138663241618199e-02
6.700387200000000e+02 1.472782657079930e-02
6.701214000000000e+02 8.036873531620636e-03
6.702040800000000e+02 4.259842524820812e-04
6.702867600000001e+02 -7.049517136801020e-03
6.703694400000001e+02 -1.364914527542349e-02
6.704521200000000e+02 -2.049751022782864e-02
6.705348000000000e+02 -2.797030696357827e-02
6.706174800000000e+02 -3.475683362864990e-02
6.707001600000000e+02 -4.068678425954819e-02
6.707828400000001e+02 -4.700950758240152e-02
6.708655200000001e+02 -5.350932761124194e-02
6.709482000000000e+02 -5.889664147890050e-02
6.710308800000000e+02 -6.359623277006332e-02
6.711135600000000e+02 -6.871188203461598e-02
6.711962400000000e+02 -7.348461164135667e-02
6.712789200000001e+02 -7.691391172582063e-02
6.713616000000001e+02 -7.992028118448757e-02
6.714442800000000e+02 -8.322826900110469e-02
6.715269600000000e+02 -8.569776549798591e-02
6.716096400000000e+02 -8.682209298331389e-02
6.716923200000000e+02 -8.781804416581818e-02
6.717750000000000e+02 -8.888106737824708e-02
6.718576800000001e+02 -8.873043758398891e-02
6.719403600000001e+02 -8.745488300248228e-02
6.720230400000000e+02 -8.631079041847556e-02
6.721057200000000e+02 -8.492698585361558e-02
6.721884000000000e+02 -8.215119090259293e-02
6.722710800000000e+02 -7.864725488398217e-02
6.723537600000001e+02 -7.544933142399624e-02
6.724364400000001e+02 -7.170054614203225e-02
6.725191200000000e+02 -6.662058181864483e-02
6.726018000000000e+02 -6.131089040100768e-02
6.726844800000000e+02 -5.636851000925969e-02
6.727671600000000e+02 -5.063387893670523e-02
6.728498400000000e+02 -4.386757189103918e-02
6.729325200000001e+02 -3.738044582605204e-02
6.730152000000000e+02 -3.120783638282143e-02
6.730978800000000e+02 -2.413673562961893e-02
6.731805600000000e+02 -1.652719158063198e-02
6.732632400000000e+02 -9.624933441760297e-03
6.733459200000000e+02 -2.896439541331786e-03
6.734286000000001e+02 4.659260922533104e-03
6.735112800000001e+02 1.215007978559057e-02
6.735939600000000e+02 1.866089640107327e-02
6.736766400000000e+02 2.517888826490344e-02
6.737593200000000e+02 3.226736939152963e-02
6.738420000000000e+02 3.868644823029888e-02
6.739246800000001e+02 4.405117410566783e-02
6.740073600000001e+02 4.958546874578851e-02
6.740900400000000e+02 5.528073056927996e-02
6.741727200000000e+02 5.981511914627635e-02
6.742554000000000e+02 6.342111336297607e-02
6.743380800000000e+02 6.728565906210437e-02
6.744207600000000e+02 7.081990535915317e-02
6.745034400000001e+02 7.291106549784976e-02
6.745861200000001e+02 7.436036291295856e-02
6.746688000000000e+02 7.604855324280335e-02
6.747514800000000e+02 7.693097492724910e-02
6.748341600000000e+02 7.635382411058522e-02
6.749168400000000e+02 7.551011764221904e-02
6.749995200000001e+02 7.477321944773074e-02
6.750822000000001e+02 7.287421036153552e-02
6.751648800000000e+02 6.976774627820959e-02
6.752475600000000e+02 6.677302522668760e-02
6.753302400000000e+02 6.367138575348175e-02
6.754129200000000e+02 5.925482323046460e-02
6.754956000000001e+02 5.409956237672897e-02
6.755782800000001e+02 4.935891030224115e-02
6.756609600000000e+02 4.427368771796014e-02
6.757436400000000e+02 3.796819952669528e-02
6.758263200000000e+02 3.151483097315677e-02
6.759090000000000e+02 2.565038480359660e-02
6.759916800000000e+02 1.924817127124456e-02
6.760743600000001e+02 1.195968902000799e-02
6.761570400000001e+02 5.120974994329619e-03
6.762397200000000e+02 -1.101484919973417e-03
6.763224000000000e+02 -7.950705908705835e-03
6.764050800000000e+02 -1.517144553256211e-02
6.764877600000000e+02 -2.144883431348521e-02
6.765704400000001e+02 -2.721399660432344e-02
6.766531200000001e+02 -3.355551813761370e-02
6.767358000000000e+02 -3.966862569457563e-02
6.768184800000000e+02 -4.453402464457024e-02
6.769011600000000e+02 -4.908131407409866e-02
6.769838400000000e+02 -5.401276465307658e-02
6.770665200000001e+02 -5.814267908467341e-02
6.771492000000001e+02 -6.095542189519021e-02
6.772318800000000e+02 -6.367946445156336e-02
6.773145600000000e+02 -6.648371922373919e-02
6.773972400000000e+02 -6.804651543216733e-02
6.774799200000000e+02 -6.845863514274031e-02
6.775626000000000e+02 -6.899070573432431e-02
6.776452800000001e+02 -6.924270350291029e-02
6.777279600000001e+02 -6.802818932582277e-02
6.778106400000000e+02 -6.602441886514887e-02
6.778933200000000e+02 -6.428173008529581e-02
6.779760000000000e+02 -6.191216749070905e-02
6.780586800000000e+02 -5.810908394508185e-02
6.781413600000001e+02 -5.399860167246140e-02
6.782240400000001e+02 -5.019363680925248e-02
6.783067200000000e+02 -4.550018110357945e-02
6.783894000000000e+02 -3.966153474117473e-02
6.784720800000000e+02 -3.402340382134805e-02
6.785547600000000e+02 -2.863273412911471e-02
6.786374400000001e+02 -2.223797022708385e-02
6.787201200000001e+02 -1.519268503615190e-02
6.788028000000000e+02 -8.784896560762423e-03
6.788854800000000e+02 -2.483935451803920e-03
6.789681600000000e+02 4.752806954584576e-03
6.790508400000000e+02 1.202722496516484e-02
6.791335200000000e+02 1.837873232458886e-02
6.792162000000001e+02 2.480372456607693e-02
6.792988800000001e+02 3.190719383701646e-02
6.793815600000000e+02 3.842981598236117e-02
6.794642400000000e+02 4.394281117098620e-02
6.795469200000000e+02 4.969236250045106e-02
6.796296000000000e+02 5.570710854521432e-02
6.797122800000001e+02 6.063246239613873e-02
6.797949600000001e+02 6.466300123176771e-02
6.798776400000000e+02 6.901946574307094e-02
6.799603200000000e+02 7.314073592431991e-02
6.800430000000000e+02 7.586900882016090e-02
6.801256800000000e+02 7.797686654061020e-02
6.802083600000001e+02 8.038688705701247e-02
6.802910400000001e+02 8.206765279087791e-02
6.803737200000000e+02 8.231025364446043e-02
6.804564000000000e+02 8.229085287382110e-02
6.805390800000000e+02 8.242764591190732e-02
6.806217600000000e+02 8.144642707214578e-02
6.807044400000000e+02 7.924063289971972e-02
6.807871200000001e+02 7.712612338889813e-02
6.808698000000001e+02 7.492598485708990e-02
6.809524800000000e+02 7.140669074746697e-02
6.810351600000000e+02 6.708333836990299e-02
6.811178400000000e+02 6.311971751996903e-02
6.812005200000000e+02 5.878913748636838e-02
6.812832000000001e+02 5.317238289086823e-02
6.813658800000001e+02 4.728844499900919e-02
6.814485600000000e+02 4.189656935445107e-02
6.815312400000000e+02 3.588893748982547e-02
6.816139200000000e+02 2.886228284573411e-02
6.816966000000000e+02 2.211393162557129e-02
6.817792800000001e+02 1.584098709049986e-02
6.818619600000001e+02 8.805215128776078e-03
6.819446400000000e+02 1.205614957087486e-03
6.820273200000000e+02 -5.662968317384998e-03
6.821100000000000e+02 -1.219688997193480e-02
6.821926800000000e+02 -1.948994897937284e-02
6.822753600000000e+02 -2.678556649415909e-02
6.823580400000001e+02 -3.306547930776915e-02
6.824407200000001e+02 -3.922244675513453e-02
6.825234000000000e+02 -4.596702573243172e-02
6.826060800000000e+02 -5.214759553151516e-02
6.826887600000000e+02 -5.723261087820286e-02
6.827714400000000e+02 -6.241089220534446e-02
6.828541200000001e+02 -6.785652315321089e-02
6.829368000000001e+02 -7.226636883303117e-02
6.830194800000000e+02 -7.570046954401788e-02
6.831021600000000e+02 -7.938496428499753e-02
6.831848400000000e+02 -8.291968519901483e-02
6.832675200000000e+02 -8.512293505730451e-02
6.833502000000000e+02 -8.662733862840477e-02
6.834328800000001e+02 -8.843384752425787e-02
6.835155600000001e+02 -8.965158526751904e-02
6.835982400000000e+02 -8.946694750465145e-02
6.836809200000000e+02 -8.894847366657843e-02
6.837636000000000e+02 -8.865937985269401e-02
6.838462800000000e+02 -8.740486655546931e-02
6.839289600000001e+02 -8.491023771156858e-02
6.840116400000001e+02 -8.245449518941872e-02
6.840943200000000e+02 -8.004356940546531e-02
6.841770000000000e+02 -7.643063799316596e-02
6.842596800000000e+02 -7.194036844089302e-02
6.843423600000000e+02 -6.779389998532415e-02
6.844250400000001e+02 -6.343794544422543e-02
6.845077200000001e+02 -5.783953866738911e-02
6.845904000000000e+02 -5.185962944138656e-02
6.846730800000000e+02 -4.640482627517328e-02
6.847557600000000e+02 -4.047977329150187e-02
6.848384400000000e+02 -3.349039258527842e-02
6.849211200000000e+02 -2.665835392315186e-02
6.850038000000001e+02 -2.038379903209087e-02
6.850864800000001e+02 -1.344291740291748e-02
6.851691600000000e+02 -5.816580485593081e-03
6.852518400000000e+02 1.166803939385619e-03
6.853345200000000e+02 7.699484180235805e-03
6.854172000000000e+02 1.496695116576297e-02
6.854998800000001e+02 2.239781945080677e-02
6.855825600000001e+02 2.883785807546557e-02
6.856652400000000e+02 3.503103205721403e-02
6.857479200000000e+02 4.186092579077316e-02
6.858306000000000e+02 4.827793336947162e-02
6.859132800000000e+02 5.355046103560834e-02
6.859959600000001e+02 5.881266114570038e-02
6.860786400000001e+02 6.444409332845480e-02
6.861613200000000e+02 6.913691110118125e-02
6.862440000000000e+02 7.274310335311196e-02
6.863266800000000e+02 7.653733316625011e-02
6.864093600000000e+02 8.030184428888598e-02
6.864920400000000e+02 8.275285470537919e-02
6.865747200000001e+02 8.436137298932456e-02
6.866574000000001e+02 8.625895943333273e-02
6.867400800000000e+02 8.767058757076285e-02
6.868227600000000e+02 8.761926855066104e-02
6.869054400000000e+02 8.709424639134800e-02
6.869881200000000e+02 8.683068603677979e-02
6.870708000000001e+02 8.566367377666129e-02
6.871534800000001e+02 8.314163914992412e-02
6.872361600000000e+02 8.055601212775532e-02
6.873188400000000e+02 7.808149068867465e-02
6.874015200000000e+02 7.442113539675599e-02
6.874842000000000e+02 6.975224574982630e-02
6.875668800000001e+02 6.538597067162222e-02
6.876495600000001e+02 6.089990540870072e-02
6.877322400000000e+02 5.515395713213567e-02
6.878149200000000e+02 4.891851540660686e-02
6.878976000000000e+02 4.324043356195850e-02
6.879802800000000e+02 3.719823821824941e-02
6.880629600000000e+02 3.006163452106703e-02
6.881456400000001e+02 2.302842772195213e-02
6.882283200000001e+02 1.665975448248580e-02
6.883110000000000e+02 9.742528257407179e-03
6.883936800000000e+02 2.116280132606674e-03
6.884763600000000e+02 -4.849767673275274e-03
6.885590400000000e+02 -1.119180486495619e-02
6.886417200000001e+02 -1.814755690120939e-02
6.887244000000001e+02 -2.527376246672486e-02
6.888070800000000e+02 -3.131770224834696e-02
6.888897600000000e+02 -3.689477986735668e-02
6.889724400000000e+02 -4.300142446940769e-02
6.890551200000000e+02 -4.868608867962598e-02
6.891378000000001e+02 -5.307039347706644e-02
6.892204800000001e+02 -5.721052161012641e-02
6.893031600000000e+02 -6.165296345738558e-02
6.893858400000000e+02 -6.513818871423993e-02
6.894685200000000e+02 -6.733819287723353e-02
6.895512000000000e+02 -6.952452095992656e-02
6.896338800000000e+02 -7.168295861185170e-02
6.897165600000001e+02 -7.250715811460762e-02
6.897992400000001e+02 -7.228136318270928e-02
6.898819200000000e+02 -7.222799022947701e-02
6.899646000000000e+02 -7.177833827751867e-02
6.900472800000000e+02 -6.984815160317437e-02
6.901299600000000e+02 -6.727226159927402e-02
6.902126400000001e+02 -6.497296540566544e-02
6.902953200000001e+02 -6.194697817949479e-02
6.903780000000000e+02 -5.755622518458037e-02
6.904606800000000e+02 -5.301408193807855e-02
6.905433600000000e+02 -4.875392926766464e-02
6.906260400000000e+02 -4.354783776413296e-02
6.907087200000001e+02 -3.733914425563656e-02
6.907914000000001e+02 -3.147019769544401e-02
6.908740800000000e+02 -2.579656355836257e-02
6.909567600000000e+02 -1.912533073322875e-02
6.910394400000000e+02 -1.199878779704722e-02
6.911221200000000e+02 -5.609217118696441e-03
6.912048000000000e+02 7.342285339317911e-04
6.912874800000001e+02 7.931692377936339e-03
6.913701600000001e+02 1.494989107178923e-02
6.914528400000000e+02 2.099863495099119e-02
6.915355200000000e+02 2.716578841784811e-02
6.916182000000000e+02 3.385786744524588e-02
6.917008800000000e+02 3.976670547727368e-02
6.917835600000001e+02 4.467422056310122e-02
6.918662400000001e+02 4.982574232389214e-02
6.919489200000000e+02 5.503742039243764e-02
6.920316000000000e+02 5.900789577824350e-02
6.921142800000000e+02 6.213822585105921e-02
6.921969600000000e+02 6.555230362422271e-02
6.922796400000001e+02 6.851023704358550e-02
6.923623200000001e+02 7.000348243634891e-02
6.924450000000001e+02 7.096149877059432e-02
6.925276800000000e+02 7.213239570786234e-02
6.926103600000000e+02 7.238244119619031e-02
6.926930400000000e+02 7.122000157372432e-02
6.927757200000000e+02 6.989270757010491e-02
6.928584000000001e+02 6.860405265703473e-02
6.929410800000001e+02 6.608103373349938e-02
6.930237600000000e+02 6.245760446354587e-02
6.931064400000000e+02 5.901854096792358e-02
6.931891200000000e+02 5.538013917138218e-02
6.932718000000000e+02 5.041731451190568e-02
6.933544800000001e+02 4.485746821361469e-02
6.934371600000001e+02 3.973714094363634e-02
6.935198400000000e+02 3.417784064913232e-02
6.936025200000000e+02 2.745455794660323e-02
6.936852000000000e+02 2.072476643741927e-02
6.937678800000000e+02 1.455283070223756e-02
6.938505600000000e+02 7.768071826595335e-03
6.939332400000001e+02 2.055879697949736e-04
6.940159200000001e+02 -6.801217677594673e-03
6.940986000000000e+02 -1.327464429041292e-02
6.941812800000000e+02 -2.041442306367047e-02
6.942639600000000e+02 -2.779015381111971e-02
6.943466400000000e+02 -3.417861911648157e-02
6.944293200000001e+02 -4.017369960024164e-02
6.945120000000001e+02 -4.674051295048109e-02
6.945946800000000e+02 -5.294603256377717e-02
6.946773600000000e+02 -5.793367930439108e-02
6.947600400000000e+02 -6.273332402164888e-02
6.948427200000000e+02 -6.786702875375217e-02
6.949254000000001e+02 -7.209588536530354e-02
6.950080800000001e+02 -7.510549976460967e-02
6.950907600000000e+02 -7.813832215016259e-02
6.951734400000000e+02 -8.116098861024135e-02
6.952561200000000e+02 -8.288675933308853e-02
6.953388000000000e+02 -8.360563327578785e-02
6.954214800000000e+02 -8.450890206212414e-02
6.955041600000001e+02 -8.501176709462588e-02
6.955868400000001e+02 -8.404677813382833e-02
6.956695200000000e+02 -8.244726806200575e-02
6.957522000000000e+02 -8.110230332202628e-02
6.958348800000000e+02 -7.899411632185716e-02
6.959175600000000e+02 -7.549816605331938e-02
6.960002400000001e+02 -7.181961978355356e-02
6.960829200000001e+02 -6.835677933189688e-02
6.961656000000000e+02 -6.386887786768480e-02
6.962482800000000e+02 -5.830979073645026e-02
6.963309600000000e+02 -5.300789434032760e-02
6.964136400000000e+02 -4.778342400611191e-02
6.964963200000001e+02 -4.143335970941331e-02
6.965790000000001e+02 -3.450829567872615e-02
6.966616800000000e+02 -2.818304965725005e-02
6.967443600000000e+02 -2.173401505124528e-02
6.968270400000000e+02 -1.425494242392411e-02
6.969097200000000e+02 -6.786984688869402e-03
6.969924000000000e+02 -1.032584388385160e-04
6.970750800000001e+02 6.911550036661107e-03
6.971577600000001e+02 1.466478993011888e-02
6.972404400000000e+02 2.183726917350093e-02
6.973231200000000e+02 2.822337574593170e-02
6.974058000000000e+02 3.508928856072024e-02
6.974884800000000e+02 4.224454201699346e-02
6.975711600000001e+02 4.836862634211914e-02
6.976538400000001e+02 5.386839668062615e-02
6.977365200000000e+02 5.988208701990283e-02
6.978192000000000e+02 6.565163032599131e-02
6.979018800000000e+02 7.013731599103190e-02
6.979845600000000e+02 7.426962287770167e-02
6.980672400000001e+02 7.880410990379350e-02
6.981499200000001e+02 8.257191464904623e-02
6.982326000000000e+02 8.503894356227260e-02
6.983152800000000e+02 8.745415438760051e-02
6.983979600000000e+02 9.001864786388769e-02
6.984806400000000e+02 9.140385529105544e-02
6.985633200000000e+02 9.169733436519178e-02
6.986460000000001e+02 9.219027973118743e-02
6.987286800000001e+02 9.248134360695615e-02
6.988113600000000e+02 9.137216245924906e-02
6.988940400000000e+02 8.955202043515642e-02
6.989767200000000e+02 8.806958610170168e-02
6.990594000000000e+02 8.600896514044987e-02
6.991420800000001e+02 8.256523984799335e-02
6.992247600000001e+02 7.887780427411717e-02
6.993074400000000e+02 7.552427139000439e-02
6.993901200000000e+02 7.127801645891729e-02
6.994728000000000e+02 6.590459175780172e-02
6.995554800000000e+02 6.074493949637072e-02
6.996381600000001e+02 5.578444103392999e-02
6.997208400000001e+02 4.975842781057782e-02
6.998035200000000e+02 4.305450748523920e-02
6.998862000000000e+02 3.692617197894688e-02
6.999688800000000e+02 3.077813882032576e-02
7.000515600000000e+02 2.358695638385855e-02
7.001342400000000e+02 1.627847990951281e-02
7.002169200000001e+02 9.753661722544549e-03
7.002996000000001e+02 2.975259962148979e-03
7.003822800000000e+02 -4.615454796799923e-03
7.004649600000000e+02 -1.175287542775294e-02
7.005476400000000e+02 -1.807284247636565e-02
7.006303200000000e+02 -2.482270390909491e-02
7.007130000000001e+02 -3.197660313307638e-02
7.007956800000001e+02 -3.819708563248059e-02
7.008783600000000e+02 -4.372325599019733e-02
7.009610400000000e+02 -4.974063713986931e-02
7.010437200000000e+02 -5.564593716468047e-02
7.011264000000000e+02 -6.030875392869128e-02
7.012090800000001e+02 -6.451007169149481e-02
7.012917600000001e+02 -6.912074104895749e-02
7.013744400000000e+02 -7.308950968878758e-02
7.014571200000000e+02 -7.572476744817080e-02
7.015398000000000e+02 -7.817709677655282e-02
7.016224800000000e+02 -8.082115821882507e-02
7.017051600000000e+02 -8.237978019977243e-02
7.017878400000001e+02 -8.273870644185821e-02
7.018705200000001e+02 -8.317334128634979e-02
7.019532000000000e+02 -8.348733936113117e-02
7.020358800000000e+02 -8.244516335080732e-02
7.021185600000000e+02 -8.052940929567509e-02
7.022012400000000e+02 -7.887387248352207e-02
7.022839200000001e+02 -7.675619633457331e-02
7.023666000000001e+02 -7.324116550522064e-02
7.024492800000000e+02 -6.930627713571280e-02
7.025319600000000e+02 -6.570898188865748e-02
7.026146400000000e+02 -6.135563155822932e-02
7.026973200000000e+02 -5.580938933105883e-02
7.027800000000001e+02 -5.033968531044530e-02
7.028626800000001e+02 -4.517128847295426e-02
7.029453600000001e+02 -3.907293704842951e-02
7.030280400000000e+02 -3.220312106391843e-02
7.031107200000000e+02 -2.585874725383119e-02
7.031934000000000e+02 -1.968629450515202e-02
7.032760800000000e+02 -1.258310429011222e-02
7.033587600000001e+02 -5.276681972302133e-03
7.034414400000001e+02 1.182064757933365e-03
7.035241200000000e+02 7.647983857522078e-03
7.036068000000000e+02 1.485117905134548e-02
7.036894800000000e+02 2.164342917389983e-02
7.037721600000000e+02 2.744547431050481e-02
7.038548400000001e+02 3.342651253365558e-02
7.039375200000001e+02 3.977595852799032e-02
7.040202000000000e+02 4.516832197160958e-02
7.041028800000000e+02 4.962347398097366e-02
7.041855600000000e+02 5.436515259934593e-02
7.042682400000000e+02 5.899054109729474e-02
7.043509200000000e+02 6.228566791943702e-02
7.044336000000001e+02 6.486699185531886e-02
7.045162800000001e+02 6.773656828742891e-02
7.045989600000000e+02 6.998111262313966e-02
7.046816400000000e+02 7.076843503902441e-02
7.047643200000000e+02 7.117561547841911e-02
7.048470000000000e+02 7.175425816172731e-02
7.049296800000001e+02 7.128115588179695e-02
7.050123600000001e+02 6.949447061049896e-02
7.050950400000000e+02 6.769137632809152e-02
7.051777200000000e+02 6.584676462357797e-02
7.052604000000000e+02 6.270202218260346e-02
7.053430800000000e+02 5.862705990682582e-02
7.054257600000001e+02 5.484964458767727e-02
7.055084400000001e+02 5.077475014986954e-02
7.055911200000000e+02 4.539236602068908e-02
7.056738000000000e+02 3.962381057650810e-02
7.057564800000000e+02 3.435685955470280e-02
7.058391600000000e+02 2.856348217207449e-02
7.059218400000000e+02 2.170910798558401e-02
7.060045200000001e+02 1.506476706266868e-02
7.060872000000001e+02 8.988221265976759e-03
7.061698800000000e+02 2.250573366451847e-03
7.062525600000000e+02 -5.088477901703747e-03
7.063352400000000e+02 -1.168267962155289e-02
7.064179200000000e+02 -1.777414323686943e-02
7.065006000000001e+02 -2.452097497908245e-02
7.065832800000001e+02 -3.128140606916863e-02
7.066659600000000e+02 -3.691887034012664e-02
7.067486400000000e+02 -4.221524363259221e-02
7.068313200000000e+02 -4.800746345746698e-02
7.069140000000000e+02 -5.320741444347898e-02
7.069966800000001e+02 -5.712335204345942e-02
7.070793600000001e+02 -6.090547025439741e-02
7.071620400000000e+02 -6.489202943645689e-02
7.072447200000000e+02 -6.777520594436082e-02
7.073274000000000e+02 -6.944780392881922e-02
7.074100800000000e+02 -7.118492671673782e-02
7.074927600000000e+02 -7.275478216105824e-02
7.075754400000001e+02 -7.289933523622982e-02
7.076581200000001e+02 -7.211581421225510e-02
7.077408000000000e+02 -7.153908513280649e-02
7.078234800000000e+02 -7.041349563484778e-02
7.079061600000000e+02 -6.778974420711414e-02
7.079888400000000e+02 -6.466792180319880e-02
7.080715200000001e+02 -6.180767653514230e-02
7.081542000000001e+02 -5.808322036031310e-02
7.082368800000000e+02 -5.305224879091930e-02
7.083195600000000e+02 -4.801466960543499e-02
7.084022400000000e+02 -4.319599338297497e-02
7.084849200000000e+02 -3.733239445514902e-02
7.085676000000001e+02 -3.058653308242520e-02
7.086502800000001e+02 -2.429204855174882e-02
7.087329600000000e+02 -1.809049838847787e-02
7.088156400000000e+02 -1.084597713307467e-02
7.088983200000000e+02 -3.301230416625112e-03
7.089810000000000e+02 3.453528236033399e-03
7.090636800000000e+02 1.028767601492020e-02
7.091463600000001e+02 1.796324038958608e-02
7.092290400000001e+02 2.530489194881491e-02
7.093117200000000e+02 3.169653355573987e-02
7.093944000000000e+02 3.833331223294123e-02
7.094770800000000e+02 4.543134826231177e-02
7.095597600000000e+02 5.162673335369339e-02
7.096424400000001e+02 5.690992265079664e-02
7.097251200000001e+02 6.254087612766046e-02
7.098078000000000e+02 6.813359029068522e-02
7.098904800000000e+02 7.242627687078429e-02
7.099731600000000e+02 7.601705443204498e-02
7.100558400000000e+02 7.995070837556073e-02
7.101385200000001e+02 8.331648650267531e-02
7.102212000000001e+02 8.522794626316399e-02
7.103038800000000e+02 8.675688206395193e-02
7.103865600000000e+02 8.849862520068663e-02
7.104692400000000e+02 8.921494836188626e-02
7.105519200000000e+02 8.858734664954260e-02
7.106346000000000e+02 8.792121417840337e-02
7.107172800000001e+02 8.722977493060502e-02
7.107999600000001e+02 8.522065731574013e-02
7.108826400000000e+02 8.221001849690113e-02
7.109653200000000e+02 7.944625978416420e-02
7.110480000000000e+02 7.636102756775187e-02
7.111306800000000e+02 7.189394899782764e-02
7.112133600000001e+02 6.692183182660028e-02
7.112960400000001e+02 6.236258466688493e-02
7.113787200000000e+02 5.719864376814099e-02
7.114614000000000e+02 5.083469826797227e-02
7.115440800000000e+02 4.451242039127312e-02
7.116267600000000e+02 3.862464726822812e-02
7.117094400000001e+02 3.193588500357303e-02
7.117921200000001e+02 2.444422447508698e-02
7.118748000000001e+02 1.748521159395111e-02
7.119574800000000e+02 1.085193233464876e-02
7.120401600000000e+02 3.366592335676155e-03
7.121228400000000e+02 -4.381404714545956e-03
7.122055200000000e+02 -1.124757512868946e-02
7.122882000000001e+02 -1.798136352709090e-02
7.123708800000001e+02 -2.544467692301833e-02
7.124535600000000e+02 -3.258517701601771e-02
7.125362400000000e+02 -3.868730899816908e-02
7.126189200000000e+02 -4.487107560601977e-02
7.127016000000000e+02 -5.149655977874446e-02
7.127842800000001e+02 -5.727256739950004e-02
7.128669600000001e+02 -6.205535099052251e-02
7.129496400000000e+02 -6.708886898258182e-02
7.130323200000000e+02 -7.215479040869510e-02
7.131150000000000e+02 -7.599417117747331e-02
7.131976800000000e+02 -7.905659389699260e-02
7.132803600000000e+02 -8.244200990560502e-02
7.133630400000001e+02 -8.539992409903396e-02
7.134457200000001e+02 -8.696566848749121e-02
7.135284000000000e+02 -8.808097785844315e-02
7.136110800000000e+02 -8.946791950526833e-02
7.136937600000000e+02 -9.000172329156264e-02
7.137764400000000e+02 -8.921219588518137e-02
7.138591200000001e+02 -8.833192328241601e-02
7.139418000000001e+02 -8.755261600171793e-02
7.140244800000000e+02 -8.561190975813981e-02
7.141071600000000e+02 -8.263252376955144e-02
7.141898400000000e+02 -7.987807625583909e-02
7.142725200000000e+02 -7.696963822713732e-02
7.143552000000001e+02 -7.277459799247232e-02
7.144378800000001e+02 -6.798520840708955e-02
7.145205600000000e+02 -6.363060683888078e-02
7.146032400000000e+02 -5.884181732476257e-02
7.146859200000000e+02 -5.285938841477644e-02
7.147686000000000e+02 -4.680354637294726e-02
7.148512800000000e+02 -4.125209366501359e-02
7.149339600000001e+02 -3.503209842482558e-02
7.150166400000001e+02 -2.792577602133750e-02
7.150993200000000e+02 -2.124881768752962e-02
7.151820000000000e+02 -1.500509927652893e-02
7.152646800000000e+02 -7.972044931816358e-03
7.153473600000000e+02 -5.298477600536033e-04
7.154300400000001e+02 6.087274243554042e-03
7.155127200000001e+02 1.245015431822982e-02
7.155954000000000e+02 1.956130432438230e-02
7.156780800000000e+02 2.651382455122908e-02
7.157607600000000e+02 3.241882471984503e-02
7.158434400000000e+02 3.829794564218758e-02
7.159261200000001e+02 4.470692433846846e-02
7.160088000000001e+02 5.039979967950536e-02
7.160914800000000e+02 5.502658145742767e-02
7.161741600000000e+02 5.983518977850488e-02
7.162568400000000e+02 6.480259609503947e-02
7.163395200000000e+02 6.861042270912521e-02
7.164222000000000e+02 7.152651908556362e-02
7.165048800000001e+02 7.474755036360381e-02
7.165875600000001e+02 7.766725792165741e-02
7.166702400000000e+02 7.918338835857475e-02
7.167529200000000e+02 8.012555352197015e-02
7.168356000000000e+02 8.137046583710172e-02
7.169182800000000e+02 8.185633924623903e-02
7.170009600000001e+02 8.094270748799737e-02
7.170836400000001e+02 7.983999941719233e-02
7.171663200000000e+02 7.890710034287662e-02
7.172490000000000e+02 7.685992921254337e-02
7.173316800000000e+02 7.366560037463821e-02
7.174143600000000e+02 7.064950497284450e-02
7.174970400000001e+02 6.757216252285392e-02
7.175797200000001e+02 6.321311662809737e-02
7.176624000000000e+02 5.815857865825624e-02
7.177450800000000e+02 5.355891984137584e-02
7.178277600000000e+02 4.863160594691374e-02
7.179104400000000e+02 4.249220215656124e-02
7.179931200000000e+02 3.622080995951038e-02
7.180758000000001e+02 3.054493339140629e-02
7.181584800000001e+02 2.431564969570377e-02
7.182411600000000e+02 1.718095556131405e-02
7.183238400000000e+02 1.048291349909503e-02
7.184065200000000e+02 4.375156147305881e-03
7.184892000000000e+02 -2.402623418020555e-03
7.185718800000001e+02 -9.592435411960643e-03
7.186545600000001e+02 -1.587513703913257e-02
7.187372400000000e+02 -2.169508833214195e-02
7.188199200000000e+02 -2.814985058494957e-02
7.189026000000000e+02 -3.442651402223629e-02
7.189852800000000e+02 -3.950369313078850e-02
7.190679600000001e+02 -4.432087744858837e-02
7.191506400000001e+02 -4.957956619401738e-02
7.192333200000000e+02 -5.408356838837314e-02
7.193160000000000e+02 -5.731702457789378e-02
7.193986800000000e+02 -6.051149611860285e-02
7.194813600000000e+02 -6.382716285016210e-02
7.195640400000000e+02 -6.593345189754696e-02
7.196467200000001e+02 -6.692101686378926e-02
7.197294000000001e+02 -6.805522943835085e-02
7.198120800000000e+02 -6.892421469955945e-02
7.198947600000000e+02 -6.833706258850203e-02
7.199774400000000e+02 -6.696832876059866e-02
7.200601200000000e+02 -6.585641307474432e-02
7.201428000000001e+02 -6.410445192411318e-02
7.202254800000001e+02 -6.090608544764642e-02
7.203081600000000e+02 -5.738018074345075e-02
7.203908400000000e+02 -5.412573804800891e-02
7.204735200000000e+02 -4.994749539367671e-02
7.205562000000000e+02 -4.459174263383991e-02
7.206388800000001e+02 -3.939252588364572e-02
7.207215600000001e+02 -3.438682775900825e-02
7.208042400000000e+02 -2.833101621337097e-02
7.208869200000000e+02 -2.158135810235984e-02
7.209696000000000e+02 -1.541228190174548e-02
7.210522800000000e+02 -9.291760769620461e-03
7.211349600000000e+02 -2.192465337979232e-03
7.212176400000001e+02 4.987425871436746e-03
7.213003200000001e+02 1.129932751930673e-02
7.213830000000000e+02 1.773074763041016e-02
7.214656800000000e+02 2.486788767782444e-02
7.215483600000000e+02 3.145497878872350e-02
7.216310400000000e+02 3.707093143162099e-02
7.217137200000001e+02 4.294423555393623e-02
7.217964000000001e+02 4.908544825754202e-02
7.218790800000000e+02 5.414740186544009e-02
7.219617600000000e+02 5.832716489806311e-02
7.220444400000000e+02 6.282221163315915e-02
7.221271200000000e+02 6.705779653540667e-02
7.222098000000001e+02 6.988772453831271e-02
7.222924800000001e+02 7.208237958297115e-02
7.223751600000001e+02 7.453913000752066e-02
7.224578400000000e+02 7.622074502737508e-02
7.225405200000000e+02 7.643453665869393e-02
7.226232000000000e+02 7.635040797277592e-02
7.227058800000000e+02 7.636296218917116e-02
7.227885600000001e+02 7.520306325389980e-02
7.228712400000001e+02 7.278440987825885e-02
7.229539200000000e+02 7.041253435610662e-02
7.230366000000000e+02 6.789237334327081e-02
7.231192800000000e+02 6.400830749600950e-02
7.232019600000000e+02 5.929696927505979e-02
7.232846400000001e+02 5.490768531358903e-02
7.233673200000001e+02 5.010517052355845e-02
7.234500000000000e+02 4.400016957847874e-02
7.235326800000000e+02 3.762963646585227e-02
7.236153600000000e+02 3.173537576846597e-02
7.236980400000000e+02 2.521377064258257e-02
7.237807200000000e+02 1.769893647730914e-02
7.238634000000001e+02 1.049747883765240e-02
7.239460800000001e+02 3.789025250865774e-03
7.240287600000000e+02 -3.647217207310649e-03
7.241114400000000e+02 -1.157519260188855e-02
7.241941200000000e+02 -1.870244065313142e-02
7.242768000000000e+02 -2.543913876988801e-02
7.243594800000001e+02 -3.285195983122291e-02
7.244421600000001e+02 -4.015585235127639e-02
7.245248400000000e+02 -4.634618780921451e-02
7.246075200000000e+02 -5.232350392149243e-02
7.246902000000000e+02 -5.876831379864711e-02
7.247728800000000e+02 -6.451482868462755e-02
7.248555600000001e+02 -6.905330191379544e-02
7.249382400000001e+02 -7.357464237224776e-02
7.250209200000000e+02 -7.822730817733015e-02
7.251036000000000e+02 -8.170980938962602e-02
7.251862800000000e+02 -8.410841422541848e-02
7.252689600000000e+02 -8.664835607483712e-02
7.253516400000000e+02 -8.891319307568779e-02
7.254343200000001e+02 -8.973652326149051e-02
7.255170000000001e+02 -8.977893276720583e-02
7.255996800000000e+02 -9.004042580425176e-02
7.256823600000000e+02 -8.962425719609812e-02
7.257650400000000e+02 -8.774197099115311e-02
7.258477200000000e+02 -8.549024269038752e-02
7.259304000000001e+02 -8.343224450952913e-02
7.260130800000001e+02 -8.037568958688990e-02
7.260957600000000e+02 -7.607731662443462e-02
7.261784400000000e+02 -7.184264503064841e-02
7.262611200000000e+02 -6.767669294405498e-02
7.263438000000000e+02 -6.234069453909019e-02
7.264264800000001e+02 -5.619407192504122e-02
7.265091600000001e+02 -5.047940652353988e-02
7.265918400000000e+02 -4.463861528534208e-02
7.266745200000000e+02 -3.765060086457339e-02
7.267572000000000e+02 -3.041093677187456e-02
7.268398800000000e+02 -2.383759849590561e-02
7.269225600000000e+02 -1.692492516873412e-02
7.270052400000001e+02 -9.094029223751243e-03
7.270879200000001e+02 -1.595985693601421e-03
7.271706000000000e+02 5.172176664327455e-03
7.272532800000000e+02 1.244853247025945e-02
7.273359600000000e+02 2.023453470065750e-02
7.274186400000000e+02 2.718390913480606e-02
7.275013200000001e+02 3.350737373392154e-02
7.275840000000001e+02 4.040446828877520e-02
7.276666800000000e+02 4.728656094583306e-02
7.277493600000000e+02 5.299823792856151e-02
7.278320400000000e+02 5.831306383537416e-02
7.279147200000000e+02 6.412429595030544e-02
7.279974000000001e+02 6.937052274750732e-02
7.280800800000001e+02 7.333652778912525e-02
7.281627600000000e+02 7.718910631104836e-02
7.282454400000000e+02 8.131176852696964e-02
7.283281200000000e+02 8.439515562208344e-02
7.284108000000000e+02 8.632027714402912e-02
7.284934800000000e+02 8.838912053246384e-02
7.285761600000001e+02 9.038442596287133e-02
7.286588400000001e+02 9.103272379100114e-02
7.287415200000000e+02 9.083747278728571e-02
7.288242000000000e+02 9.094730853790844e-02
7.289068800000000e+02 9.058825732135733e-02
7.289895600000000e+02 8.880196377227123e-02
7.290722400000001e+02 8.660395724705561e-02
7.291549200000001e+02 8.473620803947157e-02
7.292376000000000e+02 8.203803487441119e-02
7.293202800000000e+02 7.807749966387767e-02
7.294029600000000e+02 7.416017470005620e-02
7.294856400000000e+02 7.046072846980000e-02
7.295683200000001e+02 6.568887855253391e-02
7.296510000000001e+02 6.003493141680227e-02
7.297336800000000e+02 5.481139109120470e-02
7.298163600000000e+02 4.959290950677009e-02
7.298990400000000e+02 4.324493678413421e-02
7.299817200000000e+02 3.653984177421599e-02
7.300644000000000e+02 3.051652951935024e-02
7.301470800000001e+02 2.424989292113588e-02
7.302297600000001e+02 1.701030208884136e-02
7.303124400000000e+02 9.986695424402003e-03
7.303951200000000e+02 3.727829878900635e-03
7.304778000000000e+02 -2.983258644027598e-03
7.305604800000000e+02 -1.031279609770219e-02
7.306431600000001e+02 -1.690774616870738e-02
7.307258400000001e+02 -2.281700039758827e-02
7.308085200000000e+02 -2.928228895223839e-02
7.308912000000000e+02 -3.587128673273887e-02
7.309738800000000e+02 -4.135033921787690e-02
7.310565600000000e+02 -4.634495917481452e-02
7.311392400000001e+02 -5.185467866576410e-02
7.312219200000001e+02 -5.694144783590949e-02
7.313046000000001e+02 -6.074520017027940e-02
7.313872800000000e+02 -6.432717270826227e-02
7.314699600000000e+02 -6.823435575657288e-02
7.315526400000000e+02 -7.122124743656089e-02
7.316353200000000e+02 -7.297472569358232e-02
7.317180000000001e+02 -7.476384380200785e-02
7.318006800000001e+02 -7.657142702393438e-02
7.318833600000000e+02 -7.710513171978350e-02
7.319660400000000e+02 -7.665813076225558e-02
7.320487200000000e+02 -7.644098872473915e-02
7.321314000000000e+02 -7.587998551031694e-02
7.322140800000001e+02 -7.390505240032319e-02
7.322967600000001e+02 -7.135121999945171e-02
7.323794400000000e+02 -6.911996998240388e-02
7.324621200000000e+02 -6.620458544771013e-02
7.325448000000000e+02 -6.198085895494199e-02
7.326274800000000e+02 -5.765138673036374e-02
7.327101600000001e+02 -5.362344940277852e-02
7.327928400000001e+02 -4.867150291767564e-02
7.328755200000001e+02 -4.275038411444798e-02
7.329582000000000e+02 -3.718053738742155e-02
7.330408800000000e+02 -3.179257818225412e-02
7.331235600000000e+02 -2.540434732226227e-02
7.332062400000000e+02 -1.856428289279077e-02
7.332889200000001e+02 -1.243470338617192e-02
7.333716000000001e+02 -6.307975072787131e-03
7.334542800000000e+02 6.974337133471842e-04
7.335369600000000e+02 7.549711552766514e-03
7.336196400000000e+02 1.349086469336191e-02
7.337023200000000e+02 1.961247263530341e-02
7.337850000000001e+02 2.629778534047778e-02
7.338676800000001e+02 3.224788854644323e-02
7.339503600000000e+02 3.727257298285369e-02
7.340330400000000e+02 4.260664517536283e-02
7.341157200000000e+02 4.804257556277280e-02
7.341984000000000e+02 5.229405710667212e-02
7.342810800000000e+02 5.578084845673492e-02
7.343637600000001e+02 5.960441767270352e-02
7.344464400000001e+02 6.300441791147171e-02
7.345291200000000e+02 6.499038045483552e-02
7.346118000000000e+02 6.649946920208893e-02
7.346944800000000e+02 6.824971064855256e-02
7.347771600000000e+02 6.909265896768813e-02
7.348598400000001e+02 6.855575473823017e-02
7.349425200000001e+02 6.788408795960343e-02
7.350252000000000e+02 6.724797929348947e-02
7.351078800000000e+02 6.536738623351745e-02
7.351905600000000e+02 6.239550677972128e-02
7.352732400000000e+02 5.960619215381058e-02
7.353559200000001e+02 5.658379812745051e-02
7.354386000000001e+02 5.220572328193196e-02
7.355212800000000e+02 4.721823559776761e-02
7.356039600000000e+02 4.264046703027458e-02
7.356866400000000e+02 3.756751180339701e-02
7.357693200000000e+02 3.128761653424661e-02
7.358520000000000e+02 2.497525593204220e-02
7.359346800000001e+02 1.917291196599380e-02
7.360173600000001e+02 1.269322393272521e-02
7.361000400000000e+02 5.394637070183728e-03
7.361827200000000e+02 -1.376949588388077e-03
7.362654000000000e+02 -7.667397549642296e-03
7.363480800000000e+02 -1.468030802780362e-02
7.364307600000001e+02 -2.195539578787720e-02
7.365134400000001e+02 -2.826411028332088e-02
7.365961200000000e+02 -3.422188560714834e-02
7.366788000000000e+02 -4.078449492392378e-02
7.367614800000000e+02 -4.698836828156006e-02
7.368441600000000e+02 -5.197987830479234e-02
7.369268400000001e+02 -5.680489006831535e-02
7.370095200000001e+02 -6.196600501010563e-02
7.370922000000000e+02 -6.619934921034654e-02
7.371748800000000e+02 -6.920067250176920e-02
7.372575600000000e+02 -7.222103388137702e-02
7.373402400000000e+02 -7.520329663466552e-02
7.374229200000000e+02 -7.684569986893253e-02
7.375056000000001e+02 -7.745298639345477e-02
7.375882800000001e+02 -7.821847931900616e-02
7.376709600000000e+02 -7.853564188606343e-02
7.377536400000000e+02 -7.733329633832398e-02
7.378363200000000e+02 -7.546150241854443e-02
7.379190000000000e+02 -7.380765087019714e-02
7.380016800000001e+02 -7.133886475652729e-02
7.380843600000001e+02 -6.743691119385198e-02
7.381670400000000e+02 -6.332405471969116e-02
7.382497200000000e+02 -5.939639175033706e-02
7.383324000000000e+02 -5.440638526661767e-02
7.384150800000000e+02 -4.832171719884537e-02
7.384977600000001e+02 -4.248743888953488e-02
7.385804400000001e+02 -3.672280706668773e-02
7.386631200000000e+02 -2.982565447523955e-02
7.387458000000000e+02 -2.236511439155231e-02
7.388284800000000e+02 -1.553119730469654e-02
7.389111600000000e+02 -8.600385640262775e-03
7.389938400000000e+02 -6.730812586740464e-04
7.390765200000001e+02 7.189256900637209e-03
7.391592000000001e+02 1.420194582741807e-02
7.392418800000000e+02 2.148023409357380e-02
7.393245600000000e+02 2.942104362278974e-02
7.394072400000000e+02 3.668690361980365e-02
7.394899200000000e+02 4.306697742199717e-02
7.395726000000001e+02 4.982794532406853e-02
7.396552800000001e+02 5.676757560962209e-02
7.397379600000000e+02 6.255381671668603e-02
7.398206400000000e+02 6.759615661145335e-02
7.399033200000000e+02 7.303335738260652e-02
7.399860000000000e+02 7.809790338844691e-02
7.400686800000001e+02 8.174951875948444e-02
7.401513600000001e+02 8.492782381821729e-02
7.402340400000000e+02 8.838834728721379e-02
7.403167200000000e+02 9.095996717032795e-02
7.403994000000000e+02 9.212032912145240e-02
7.404820800000000e+02 9.312989205265354e-02
7.405647600000000e+02 9.419023697242923e-02
7.406474400000001e+02 9.398207118232327e-02
7.407301200000001e+02 9.261364665523242e-02
7.408128000000000e+02 9.138526235382594e-02
7.408954800000000e+02 8.989986024262109e-02
7.409781600000000e+02 8.698089265267328e-02
7.410608400000000e+02 8.333989266944741e-02
7.411435200000001e+02 8.002978688267171e-02
7.412262000000001e+02 7.614670938479828e-02
7.413088800000000e+02 7.091586681234330e-02
7.413915600000000e+02 6.549215457936508e-02
7.414742400000000e+02 6.045389016593994e-02
7.415569200000000e+02 5.459580156438437e-02
7.416396000000001e+02 4.771320950462621e-02
7.417222800000001e+02 4.115047096350932e-02
7.418049600000001e+02 3.489393477523828e-02
7.418876400000000e+02 2.770669405374993e-02
7.419703200000000e+02 1.999614576434017e-02
7.420530000000000e+02 1.300686348998836e-02
7.421356800000000e+02 6.148153255822519e-03
7.422183600000001e+02 -1.576192436567703e-03
7.423010400000001e+02 -9.236922381934187e-03
7.423837200000000e+02 -1.595031423354931e-02
7.424664000000000e+02 -2.274497674609777e-02
7.425490800000000e+02 -3.016076727080097e-02
7.426317600000000e+02 -3.694592058123558e-02
7.427144400000001e+02 -4.275640946152048e-02
7.427971200000001e+02 -4.882955237521913e-02
7.428798000000000e+02 -5.513405420313100e-02
7.429624800000000e+02 -6.035945998417502e-02
7.430451600000000e+02 -6.476383211756831e-02
7.431278400000000e+02 -6.952481022268542e-02
7.432105200000001e+02 -7.404738877636863e-02
7.432932000000001e+02 -7.723509709496257e-02
7.433758800000001e+02 -7.988474351509678e-02
7.434585600000000e+02 -8.286317088019646e-02
7.435412400000000e+02 -8.513749152493666e-02
7.436239200000000e+02 -8.605137316164380e-02
7.437066000000000e+02 -8.676703656753937e-02
7.437892800000001e+02 -8.765778728225659e-02
7.438719600000001e+02 -8.747003265156428e-02
7.439546400000000e+02 -8.612225843489230e-02
7.440373200000000e+02 -8.489549560041165e-02
7.441200000000000e+02 -8.359176279288838e-02
7.442026800000000e+02 -8.100076043929727e-02
7.442853600000001e+02 -7.763231444179541e-02
7.443680400000001e+02 -7.461686002332291e-02
7.444507200000000e+02 -7.122808014032145e-02
7.445334000000000e+02 -6.655608648133537e-02
7.446160800000000e+02 -6.159671991095395e-02
7.446987600000000e+02 -5.709249198097832e-02
7.447814400000000e+02 -5.194426463417834e-02
7.448641200000001e+02 -4.573978765765541e-02
7.449468000000001e+02 -3.975400461634870e-02
7.450294800000000e+02 -3.418535685251312e-02
7.451121600000000e+02 -2.779901347438540e-02
7.451948400000000e+02 -2.077546633067051e-02
7.452775200000000e+02 -1.440132382599613e-02
7.453602000000001e+02 -8.289710292209596e-03
7.454428800000001e+02 -1.340238108366920e-03
7.455255600000000e+02 5.703570863344720e-03
7.456082400000000e+02 1.181667186403612e-02
7.456909200000000e+02 1.788667676300804e-02
7.457736000000000e+02 2.463377237258557e-02
7.458562800000001e+02 3.090333576669968e-02
7.459389600000001e+02 3.615285309233485e-02
7.460216400000000e+02 4.157573144564986e-02
7.461043200000000e+02 4.734525243548504e-02
7.461870000000000e+02 5.214074141327674e-02
7.462696800000000e+02 5.602165322362684e-02
7.463523600000000e+02 6.022223153515138e-02
7.464350400000001e+02 6.432094097717811e-02
7.465177200000001e+02 6.711803795883020e-02
7.466004000000000e+02 6.926395571086275e-02
7.466830800000000e+02 7.175672783871268e-02
7.467657600000000e+02 7.366537570153453e-02
7.468484400000000e+02 7.417682481668164e-02
7.469311200000001e+02 7.439074630771947e-02
7.470138000000001e+02 7.484290101096236e-02
7.470964800000000e+02 7.429539660907836e-02
7.471791600000000e+02 7.250547333883717e-02
7.472618400000000e+02 7.077977041856487e-02
7.473445200000000e+02 6.906968079374531e-02
7.474272000000001e+02 6.610538097945629e-02
7.475098800000001e+02 6.227272326098610e-02
7.475925600000000e+02 5.879728618981439e-02
7.476752400000000e+02 5.505690495493831e-02
7.477579200000000e+02 5.003409312684559e-02
7.478406000000000e+02 4.466228138066208e-02
7.479232800000000e+02 3.981825723291421e-02
7.480059600000001e+02 3.444682942721433e-02
7.480886400000001e+02 2.801071128991850e-02
7.481713200000000e+02 2.178980660964613e-02
7.482540000000000e+02 1.612508997305873e-02
7.483366800000000e+02 9.764236748553756e-03
7.484193600000000e+02 2.770339756588025e-03
7.485020400000001e+02 -3.504337636719645e-03
7.485847200000001e+02 -9.321347726487184e-03
7.486674000000000e+02 -1.585459610737472e-02
7.487500800000000e+02 -2.245260251354497e-02
7.488327600000000e+02 -2.797594861776476e-02
7.489154400000000e+02 -3.322483406946730e-02
7.489981200000001e+02 -3.904149700049109e-02
7.490808000000001e+02 -4.432381042968658e-02
7.491634800000000e+02 -4.838047382761101e-02
7.492461600000000e+02 -5.237472733196880e-02
7.493288400000000e+02 -5.663944332796589e-02
7.494115200000000e+02 -5.985230502354155e-02
7.494942000000000e+02 -6.190873360153648e-02
7.495768800000001e+02 -6.408841445052049e-02
7.496595600000001e+02 -6.614674811408916e-02
7.497422400000000e+02 -6.681456292858790e-02
7.498249200000000e+02 -6.659134390273658e-02
7.499076000000000e+02 -6.660757689881969e-02
7.499902800000000e+02 -6.609314616361217e-02
7.500729600000001e+02 -6.409291605029976e-02
7.501556400000001e+02 -6.160609983044785e-02
7.502383200000000e+02 -5.938194893801041e-02
7.503210000000000e+02 -5.628446428600398e-02
7.504036800000000e+02 -5.187012227205945e-02
7.504863600000000e+02 -4.743351079856850e-02
7.505690400000001e+02 -4.318914686058395e-02
7.506517200000001e+02 -3.787089154450640e-02
7.507344000000001e+02 -3.164230630808584e-02
7.508170800000000e+02 -2.582839348850230e-02
7.508997600000000e+02 -2.006471417313305e-02
7.509824400000000e+02 -1.322120166013308e-02
7.510651200000000e+02 -6.040975458659670e-03
7.511478000000001e+02 3.946903602115581e-04
7.512304800000001e+02 6.952718465056407e-03
7.513131600000000e+02 1.438370166392322e-02
7.513958400000000e+02 2.151404048095684e-02
7.514785200000000e+02 2.773366967513213e-02
7.515612000000000e+02 3.422654198264075e-02
7.516438800000001e+02 4.119554906134371e-02
7.517265600000001e+02 4.728109525238045e-02
7.518092400000000e+02 5.247495556037673e-02
7.518919200000000e+02 5.801941956887180e-02
7.519746000000000e+02 6.351720378490799e-02
7.520572800000000e+02 6.771361725882330e-02
7.521399600000001e+02 7.120335934161215e-02
7.522226400000001e+02 7.501046947964374e-02
7.523053200000001e+02 7.821819639771321e-02
7.523880000000000e+02 7.995043791821543e-02
7.524706800000000e+02 8.127167120365997e-02
7.525533600000000e+02 8.275696999050652e-02
7.526360400000000e+02 8.317047872790329e-02
7.527187200000001e+02 8.220742686895688e-02
7.528014000000001e+02 8.116260181081147e-02
7.528840800000000e+02 8.003314935612516e-02
7.529667600000000e+02 7.753992591819081e-02
7.530494400000000e+02 7.401480762803636e-02
7.531321200000000e+02 7.069257631450043e-02
7.532148000000001e+02 6.699699734449416e-02
7.532974800000001e+02 6.189231786868221e-02
7.533801600000000e+02 5.626948494777662e-02
7.534628400000000e+02 5.103071057396713e-02
7.535455200000000e+02 4.516242449764329e-02
7.536282000000000e+02 3.810241570422790e-02
7.537108800000001e+02 3.110024716028459e-02
7.537935600000001e+02 2.453350070615679e-02
7.538762400000001e+02 1.718413526644791e-02
7.539589200000000e+02 9.085290991787454e-03
7.540416000000000e+02 1.570639783951333e-03
7.541242800000000e+02 -5.577859507756244e-03
7.542069600000000e+02 -1.350931819516865e-02
7.542896400000001e+02 -2.160559562013753e-02
7.543723200000001e+02 -2.873434573155098e-02
7.544550000000000e+02 -3.564899470302718e-02
7.545376800000000e+02 -4.317771641453627e-02
7.546203600000000e+02 -5.025263010493231e-02
7.547030400000000e+02 -5.617799116089484e-02
7.547857200000001e+02 -6.207025010153489e-02
7.548684000000001e+02 -6.825880150404795e-02
7.549510800000000e+02 -7.345311495173923e-02
7.550337600000000e+02 -7.753296940485344e-02
7.551164400000000e+02 -8.173394639511244e-02
7.551991200000000e+02 -8.581686791331744e-02
7.552818000000000e+02 -8.853837779453821e-02
7.553644800000001e+02 -9.037212030675668e-02
7.554471600000001e+02 -9.240906673021188e-02
7.555298400000000e+02 -9.389073675056514e-02
7.556125200000000e+02 -9.387902991416808e-02
7.556952000000000e+02 -9.333879038959414e-02
7.557778800000000e+02 -9.298560411311607e-02
7.558605600000001e+02 -9.169852166039449e-02
7.559432400000001e+02 -8.904057354073824e-02
7.560259200000000e+02 -8.626580813177787e-02
7.561086000000000e+02 -8.356211877115149e-02
7.561912800000000e+02 -7.967945301500279e-02
7.562739600000000e+02 -7.477695443967647e-02
7.563566400000001e+02 -7.013635387401806e-02
7.564393200000001e+02 -6.537513883373636e-02
7.565220000000000e+02 -5.937836318677137e-02
7.566046800000000e+02 -5.287482806937283e-02
7.566873600000000e+02 -4.690476535372468e-02
7.567700400000000e+02 -4.059310424903451e-02
7.568527200000000e+02 -3.320167951635056e-02
7.569354000000001e+02 -2.588330005617523e-02
7.570180800000001e+02 -1.921529680659262e-02
7.571007600000000e+02 -1.201559964188714e-02
7.571834400000000e+02 -4.090244534979637e-03
7.572661200000000e+02 3.222145318818703e-03
7.573488000000000e+02 9.932421500507993e-03
7.574314800000001e+02 1.727285041990800e-02
7.575141600000001e+02 2.483915940887071e-02
7.575968400000000e+02 3.138971473357099e-02
7.576795200000000e+02 3.752264214821777e-02
7.577622000000000e+02 4.424680773907386e-02
7.578448800000000e+02 5.063544232637185e-02
7.579275600000001e+02 5.581084488161758e-02
7.580102400000001e+02 6.082815347825876e-02
7.580929200000000e+02 6.624372449240346e-02
7.581756000000000e+02 7.080141824488684e-02
7.582582800000000e+02 7.417881574863749e-02
7.583409600000000e+02 7.765502779016842e-02
7.584236400000000e+02 8.120290962747512e-02
7.585063200000001e+02 8.350715250282181e-02
7.585890000000001e+02 8.487196155584864e-02
7.586716800000000e+02 8.651608832820212e-02
7.587543600000000e+02 8.782819326028890e-02
7.588370400000000e+02 8.772132719550285e-02
7.589197200000000e+02 8.706015664706657e-02
7.590024000000001e+02 8.673200962159333e-02
7.590850800000001e+02 8.567285765766774e-02
7.591677600000000e+02 8.326394243057311e-02
7.592504400000000e+02 8.074109649823424e-02
7.593331200000000e+02 7.846433898641036e-02
7.594158000000000e+02 7.515127317687575e-02
7.594984800000001e+02 7.078906258942419e-02
7.595811600000001e+02 6.671523499194232e-02
7.596638400000001e+02 6.268587469267461e-02
7.597465200000000e+02 5.748384538169171e-02
7.598292000000000e+02 5.170725202196214e-02
7.599118800000000e+02 4.650663040827641e-02
7.599945600000000e+02 4.109255854983440e-02
7.600772400000001e+02 3.458170026240293e-02
7.601599200000001e+02 2.805552540091449e-02
7.602426000000000e+02 2.223377396355264e-02
7.603252800000000e+02 1.595944727436027e-02
7.604079600000000e+02 8.876737999486406e-03
7.604906400000000e+02 2.320267316889835e-03
7.605733200000001e+02 -3.567772985474726e-03
7.606560000000001e+02 -1.005662579988764e-02
7.607386800000000e+02 -1.689696263508855e-02
7.608213600000000e+02 -2.278211721239853e-02
7.609040400000000e+02 -2.816829101604879e-02
7.609867200000000e+02 -3.416192897049075e-02
7.610694000000001e+02 -3.996146476224782e-02
7.611520800000001e+02 -4.455934371247527e-02
7.612347600000001e+02 -4.890462549904628e-02
7.613174400000000e+02 -5.370569071285070e-02
7.614001200000000e+02 -5.777798240796905e-02
7.614828000000000e+02 -6.061805140918919e-02
7.615654800000000e+02 -6.346195838277746e-02
7.616481600000001e+02 -6.647289887732510e-02
7.617308400000001e+02 -6.833111842484962e-02
7.618135200000000e+02 -6.913585553054302e-02
7.618962000000000e+02 -7.014920108804390e-02
7.619788800000000e+02 -7.095837214091327e-02
7.620615600000000e+02 -7.038259475402275e-02
7.621442400000001e+02 -6.909844283985667e-02
7.622269200000001e+02 -6.813203067962847e-02
7.623096000000000e+02 -6.658417876882461e-02
7.623922800000000e+02 -6.365803726837793e-02
7.624749600000000e+02 -6.046514717733287e-02
7.625576400000000e+02 -5.758503111932567e-02
7.626403200000001e+02 -5.382279574439131e-02
7.627230000000001e+02 -4.893231822632771e-02
7.628056800000001e+02 -4.422960763273964e-02
7.628883600000000e+02 -3.973014562063959e-02
7.629710400000000e+02 -3.419679804383069e-02
7.630537200000000e+02 -2.798883047664857e-02
7.631364000000000e+02 -2.235355265326688e-02
7.632190800000001e+02 -1.674238807143891e-02
7.633017600000001e+02 -1.014144961658225e-02
7.633844400000000e+02 -3.444688421772812e-03
7.634671200000000e+02 2.430521651999529e-03
7.635498000000000e+02 8.477253105890648e-03
7.636324800000000e+02 1.526357237403730e-02
7.637151600000001e+02 2.154598755126125e-02
7.637978400000001e+02 2.693183617560357e-02
7.638805200000000e+02 3.264147812636209e-02
7.639632000000000e+02 3.866667388425726e-02
7.640458800000000e+02 4.367882162093828e-02
7.641285600000000e+02 4.789447697078897e-02
7.642112400000001e+02 5.249057848490324e-02
7.642939200000001e+02 5.687677992479379e-02
7.643766000000001e+02 5.992827977653870e-02
7.644592800000000e+02 6.242274867734510e-02
7.645419600000000e+02 6.522871734599944e-02
7.646246400000000e+02 6.729904004973108e-02
7.647073200000000e+02 6.796192783665289e-02
7.647900000000001e+02 6.838247789781293e-02
7.648726800000001e+02 6.892315065968535e-02
7.649553600000000e+02 6.831186914404308e-02
7.650380400000000e+02 6.648087389922341e-02
7.651207200000000e+02 6.472109536704351e-02
7.652034000000000e+02 6.280664656374546e-02
7.652860800000001e+02 5.952685856710604e-02
7.653687600000001e+02 5.543399038429220e-02
7.654514400000000e+02 5.165587358296098e-02
7.655341200000000e+02 4.743182669307999e-02
7.656168000000000e+02 4.188623160731264e-02
7.656994800000000e+02 3.606828461150668e-02
7.657821600000000e+02 3.069419630237624e-02
7.658648400000001e+02 2.464420379407173e-02
7.659475200000001e+02 1.757457226542736e-02
7.660302000000000e+02 1.079945678217220e-02
7.661128800000000e+02 4.471788612984695e-03
7.661955600000000e+02 -2.633015758358281e-03
7.662782400000000e+02 -1.025057250580164e-02
7.663609200000001e+02 -1.708738847503466e-02
7.664436000000001e+02 -2.357784770055793e-02
7.665262800000000e+02 -3.077893834512957e-02
7.666089600000000e+02 -3.787584561177515e-02
7.666916400000000e+02 -4.387048213749922e-02
7.667743200000000e+02 -4.968140838108503e-02
7.668570000000001e+02 -5.596801787464356e-02
7.669396800000001e+02 -6.153920388721890e-02
7.670223600000000e+02 -6.589858413482508e-02
7.671050400000000e+02 -7.024647259425276e-02
7.671877200000000e+02 -7.470390290757678e-02
7.672704000000000e+02 -7.795341526208199e-02
7.673530800000000e+02 -8.009905737101397e-02
7.674357600000001e+02 -8.236691137571373e-02
7.675184400000001e+02 -8.431339626889967e-02
7.676011200000000e+02 -8.476779057374695e-02
7.676838000000000e+02 -8.441003881822917e-02
7.677664800000000e+02 -8.423502338997724e-02
7.678491600000000e+02 -8.332484719228361e-02
7.679318400000001e+02 -8.089788065852099e-02
7.680145200000001e+02 -7.806975330929244e-02
7.680972000000000e+02 -7.539626700842228e-02
7.681798800000000e+02 -7.167307643123177e-02
7.682625600000000e+02 -6.667262754122127e-02
7.683452400000000e+02 -6.171814959370159e-02
7.684279200000001e+02 -5.680796792695608e-02
7.685106000000001e+02 -5.070066790063410e-02
7.685932800000000e+02 -4.377749151761279e-02
7.686759600000000e+02 -3.729691216264874e-02
7.687586400000000e+02 -3.069580791926474e-02
7.688413200000000e+02 -2.295844377728662e-02
7.689240000000000e+02 -1.500548615830377e-02
7.690066800000001e+02 -7.767512306886215e-03
7.690893600000001e+02 -2.348803840480640e-04
7.691720400000000e+02 8.159830274306223e-03
7.692547200000000e+02 1.614062425537455e-02
7.693374000000000e+02 2.330372395390279e-02
7.694200800000000e+02 3.089085068557229e-02
7.695027600000001e+02 3.888804752052932e-02
7.695854400000001e+02 4.592890355317192e-02
7.696681200000000e+02 5.222557517522664e-02
7.697508000000000e+02 5.898063651207330e-02
7.698334800000000e+02 6.558926509850749e-02
7.699161600000000e+02 7.088581830838658e-02
7.699988400000001e+02 7.565359701509533e-02
7.700815200000001e+02 8.078734408423183e-02
7.701642000000001e+02 8.521343637015821e-02
7.702468800000000e+02 8.821980710724486e-02
7.703295600000000e+02 9.098820958662890e-02
7.704122400000000e+02 9.390212607204540e-02
7.704949200000000e+02 9.564941470094956e-02
7.705776000000001e+02 9.612697688837613e-02
7.706602800000001e+02 9.665194782505171e-02
7.707429600000000e+02 9.700789546811572e-02
7.708256400000000e+02 9.593155504384021e-02
7.709083200000000e+02 9.394951585186673e-02
7.709910000000000e+02 9.222162338945739e-02
7.710736800000001e+02 8.997975447173023e-02
7.711563600000001e+02 8.628767881179777e-02
7.712390400000000e+02 8.218293268079435e-02
7.713217200000000e+02 7.841397983904941e-02
7.714044000000000e+02 7.383439267007907e-02
7.714870800000000e+02 6.803984914176886e-02
7.715697600000001e+02 6.234943109485602e-02
7.716524400000001e+02 5.694227035066535e-02
7.717351200000001e+02 5.055040356605367e-02
7.718178000000000e+02 4.338772948822478e-02
7.719004800000000e+02 3.676867097666459e-02
7.719831600000000e+02 3.027409961070526e-02
7.720658400000000e+02 2.279479665069961e-02
7.721485200000001e+02 1.511426984530950e-02
7.722312000000001e+02 8.263624939961134e-03
7.723138800000000e+02 1.327564594255204e-03
7.723965600000000e+02 -6.403026827316749e-03
7.724792400000000e+02 -1.374430643202473e-02
7.725619200000000e+02 -2.016027181485702e-02
7.726446000000001e+02 -2.685604037184219e-02
7.727272800000001e+02 -3.398899517491683e-02
7.728099600000000e+02 -4.022565207381179e-02
7.728926400000000e+02 -4.562803535660487e-02
7.729753200000000e+02 -5.142774987365906e-02
7.730580000000000e+02 -5.719803614686803e-02
7.731406800000001e+02 -6.173380844264265e-02
7.732233600000001e+02 -6.567155700497485e-02
7.733060400000001e+02 -7.000560625586727e-02
7.733887200000000e+02 -7.381586541979457e-02
7.734714000000000e+02 -7.627377598317830e-02
7.735540800000000e+02 -7.844856185434146e-02
7.736367600000000e+02 -8.088737474918228e-02
7.737194400000001e+02 -8.237023286013767e-02
7.738021200000001e+02 -8.261378531609465e-02
7.738848000000000e+02 -8.289124920363788e-02
7.739674800000000e+02 -8.318869252098504e-02
7.740501600000000e+02 -8.224204689382775e-02
7.741328400000000e+02 -8.036931456505603e-02
7.742155200000001e+02 -7.877936847093781e-02
7.742982000000001e+02 -7.690184984336024e-02
7.743808800000000e+02 -7.369466557815396e-02
7.744635600000000e+02 -7.000981240775217e-02
7.745462400000000e+02 -6.673857655443438e-02
7.746289200000000e+02 -6.287653634472612e-02
7.747116000000001e+02 -5.782555766996489e-02
7.747942800000001e+02 -5.279390357485270e-02
7.748769600000001e+02 -4.816899036590949e-02
7.749596400000000e+02 -4.272805072147723e-02
7.750423200000000e+02 -3.644838514817539e-02
7.751250000000000e+02 -3.064161719753022e-02
7.752076800000000e+02 -2.511114969385586e-02
7.752903600000001e+02 -1.868112409065226e-02
7.753730400000001e+02 -1.191590576519685e-02
7.754557200000000e+02 -5.953613281006742e-03
7.755384000000000e+02 -5.805572684591809e-05
7.756210800000000e+02 6.640386440726176e-03
7.757037600000000e+02 1.310409273800694e-02
7.757864400000001e+02 1.861144709819895e-02
7.758691200000001e+02 2.427633017652131e-02
7.759518000000000e+02 3.046512164281934e-02
7.760344800000000e+02 3.588544583344455e-02
7.761171600000000e+02 4.038843123576474e-02
7.761998400000000e+02 4.521893105775043e-02
7.762825200000000e+02 5.015078007593432e-02
7.763652000000001e+02 5.391553510901048e-02
7.764478800000001e+02 5.697035009769325e-02
7.765305600000000e+02 6.041240317720598e-02
7.766132400000000e+02 6.346474252916567e-02
7.766959200000000e+02 6.516165238315530e-02
7.767786000000000e+02 6.646648384130149e-02
7.768612800000001e+02 6.808056631617643e-02
7.769439600000001e+02 6.884321184874642e-02
7.770266400000000e+02 6.830756410877148e-02
7.771093200000000e+02 6.773035847910613e-02
7.771920000000000e+02 6.725695369224682e-02
7.772746800000000e+02 6.559970083275413e-02
7.773573600000001e+02 6.293368847332759e-02
7.774400400000001e+02 6.053052194625630e-02
7.775227200000000e+02 5.794561983763546e-02
7.776054000000000e+02 5.405273751032702e-02
7.776880800000000e+02 4.961419515184007e-02
7.777707600000000e+02 4.563592816761519e-02
7.778534400000000e+02 4.118370550479900e-02
7.779361200000001e+02 3.554602162279885e-02
7.780188000000001e+02 2.990783485210979e-02
7.781014800000000e+02 2.479091780352527e-02
7.781841600000000e+02 1.898153998252561e-02
7.782668400000000e+02 1.234322940524823e-02
7.783495200000000e+02 6.227718423416073e-03
7.784322000000001e+02 5.642496632957128e-04
7.785148800000001e+02 -5.870519739110902e-03
7.785975600000000e+02 -1.260553793674946e-02
7.786802400000000e+02 -1.841072387055287e-02
7.787629200000000e+02 -2.392693188737938e-02
7.788456000000000e+02 -3.011954914990977e-02
7.789282800000001e+02 -3.600936487557860e-02
7.790109600000001e+02 -4.074557261904954e-02
7.790936400000001e+02 -4.539566848542953e-02
7.791763200000000e+02 -5.045998807817209e-02
7.792590000000000e+02 -5.465713006142781e-02
7.793416800000000e+02 -5.768934503017653e-02
7.794243600000000e+02 -6.082135535162259e-02
7.795070400000001e+02 -6.398333416176771e-02
7.795897200000001e+02 -6.585815967962638e-02
7.796724000000000e+02 -6.675860118330934e-02
7.797550800000000e+02 -6.788133543542474e-02
7.798377600000000e+02 -6.860141987174984e-02
7.799204400000000e+02 -6.783761141327282e-02
7.800031200000001e+02 -6.644639803707053e-02
7.800858000000001e+02 -6.530914613139049e-02
7.801684800000000e+02 -6.337512681524993e-02
7.802511600000000e+02 -6.002208326828706e-02
7.803338400000000e+02 -5.647458581362808e-02
7.804165200000000e+02 -5.311752949898263e-02
7.804992000000001e+02 -4.869138206991086e-02
7.805818800000001e+02 -4.316422228589878e-02
7.806645600000001e+02 -3.787885111669320e-02
7.807472400000000e+02 -3.264393450976966e-02
7.808299200000000e+02 -2.625358932438848e-02
7.809126000000000e+02 -1.927909534849848e-02
7.809952800000000e+02 -1.290559083823895e-02
7.810779600000001e+02 -6.404500061935825e-03
7.811606400000001e+02 1.120000494087336e-03
7.812433200000000e+02 8.604746002041752e-03
7.813260000000000e+02 1.526942376267271e-02
7.814086800000000e+02 2.222655746545865e-02
7.814913600000000e+02 2.986470306436473e-02
7.815740400000001e+02 3.684619150838997e-02
7.816567200000001e+02 4.296151632482881e-02
7.817394000000000e+02 4.946752644511054e-02
7.818220800000000e+02 5.615256882177022e-02
7.819047600000000e+02 6.168631895828491e-02
7.819874400000000e+02 6.647567562690304e-02
7.820701200000001e+02 7.164502438767550e-02
7.821528000000001e+02 7.641974504788673e-02
7.822354800000001e+02 7.976375176106854e-02
7.823181600000000e+02 8.261064871326418e-02
7.824008400000000e+02 8.570027412980552e-02
7.824835200000000e+02 8.785991930250536e-02
7.825662000000000e+02 8.857452294616219e-02
7.826488800000001e+02 8.909588312037309e-02
7.827315600000001e+02 8.961202635357413e-02
7.828142400000000e+02 8.881056082508243e-02
7.828969200000000e+02 8.680985018894471e-02
7.829796000000000e+02 8.489934085248851e-02
7.830622800000000e+02 8.267438972775898e-02
7.831449600000001e+02 7.897561889964499e-02
7.832276400000001e+02 7.452523735507033e-02
7.833103200000000e+02 7.036378696618462e-02
7.833930000000000e+02 6.558975161119018e-02
7.834756800000000e+02 5.945474830222341e-02
7.835583600000000e+02 5.312093472341706e-02
7.836410400000001e+02 4.715463660560870e-02
7.837237200000001e+02 4.036556800292734e-02
7.838064000000001e+02 3.257990769308916e-02
7.838890800000000e+02 2.514198282104385e-02
7.839717600000000e+02 1.802994031463345e-02
7.840544400000000e+02 1.003394531981439e-02
7.841371200000000e+02 1.589100989927261e-03
7.842198000000001e+02 -6.068901666773652e-03
7.843024800000001e+02 -1.353167349044504e-02
7.843851600000000e+02 -2.176110071804194e-02
7.844678400000000e+02 -2.981100716723928e-02
7.845505200000000e+02 -3.681372287280960e-02
7.846332000000000e+02 -4.379009501345954e-02
7.847158800000001e+02 -5.124641332771107e-02
7.847985600000001e+02 -5.792937838176704e-02
7.848812400000000e+02 -6.351436128375765e-02
7.849639200000000e+02 -6.922428734449626e-02
7.850466000000000e+02 -7.500321641476682e-02
7.851292800000000e+02 -7.955466374588727e-02
7.852119600000000e+02 -8.315575040052592e-02
7.852946400000001e+02 -8.696783854033385e-02
7.853773200000001e+02 -9.038533304535912e-02
7.854600000000000e+02 -9.233770453498125e-02
7.855426800000000e+02 -9.363864395011590e-02
7.856253600000000e+02 -9.514175784527701e-02
7.857080400000000e+02 -9.581820537300412e-02
7.857907200000001e+02 -9.504470228590423e-02
7.858734000000001e+02 -9.399808192527137e-02
7.859560800000000e+02 -9.304391109579568e-02
7.860387600000000e+02 -9.094423063385426e-02
7.861214400000000e+02 -8.765350198880473e-02
7.862041200000000e+02 -8.446504292161094e-02
7.862868000000001e+02 -8.117767021975686e-02
7.863694800000001e+02 -7.660408404673413e-02
7.864521600000000e+02 -7.128990273638280e-02
7.865348400000000e+02 -6.637373977020455e-02
7.866175200000000e+02 -6.112763279310451e-02
7.867002000000000e+02 -5.466879620758092e-02
7.867828800000000e+02 -4.802548200593892e-02
7.868655600000001e+02 -4.194062115153463e-02
7.869482400000001e+02 -3.531267571537033e-02
7.870309200000000e+02 -2.775863264147860e-02
7.871136000000000e+02 -2.057792866780062e-02
7.871962800000000e+02 -1.395812071802605e-02
7.872789600000000e+02 -6.661528052819055e-03
7.873616400000001e+02 1.102050653564390e-03
7.874443200000001e+02 8.035014223529813e-03
7.875270000000000e+02 1.454700583193491e-02
7.876096800000000e+02 2.173909497780435e-02
7.876923600000000e+02 2.884211270181292e-02
7.877750400000000e+02 3.483787619418854e-02
7.878577200000001e+02 4.064465828609842e-02
7.879404000000001e+02 4.697855965699604e-02
7.880230800000000e+02 5.266830524560118e-02
7.881057600000000e+02 5.719628213147521e-02
7.881884400000000e+02 6.178699378909169e-02
7.882711200000000e+02 6.660479107136519e-02
7.883538000000000e+02 7.032608156221243e-02
7.884364800000001e+02 7.304786573953104e-02
7.885191600000001e+02 7.602833117384078e-02
7.886018400000000e+02 7.883522715436808e-02
7.886845200000000e+02 8.028078225637780e-02
7.887672000000000e+02 8.105615603481986e-02
7.888498800000000e+02 8.217188328956626e-02
7.889325600000001e+02 8.268880456151562e-02
7.890152400000001e+02 8.181677158811940e-02
7.890979200000000e+02 8.068962374493183e-02
7.891806000000000e+02 7.984446940004997e-02
7.892632800000000e+02 7.804038875175667e-02
7.893459600000000e+02 7.506081477402804e-02
7.894286400000001e+02 7.223377917771734e-02
7.895113200000001e+02 6.950426871971405e-02
7.895940000000001e+02 6.560376081007435e-02
7.896766800000000e+02 6.093961846366402e-02
7.897593600000000e+02 5.674490164210622e-02
7.898420400000000e+02 5.238700908574123e-02
7.899247200000000e+02 4.685059540961944e-02
7.900074000000001e+02 4.108109364133949e-02
7.900900800000001e+02 3.595161097739530e-02
7.901727600000000e+02 3.039463827299882e-02
7.902554400000000e+02 2.387230092271619e-02
7.903381200000000e+02 1.766651719546275e-02
7.904208000000000e+02 1.210751790244868e-02
7.905034800000001e+02 5.929502711731538e-03
7.905861600000001e+02 -8.090907216559140e-04
7.906688400000000e+02 -6.761350570689051e-03
7.907515200000000e+02 -1.220303164390180e-02
7.908342000000000e+02 -1.832188691743875e-02
7.909168800000000e+02 -2.447388572681675e-02
7.909995600000001e+02 -2.952886788755649e-02
7.910822400000001e+02 -3.430177096354359e-02
7.911649200000001e+02 -3.964713065387848e-02
7.912476000000000e+02 -4.447069466369835e-02
7.913302800000000e+02 -4.809148049986456e-02
7.914129600000000e+02 -5.168498263109211e-02
7.914956400000000e+02 -5.559228068860411e-02
7.915783200000001e+02 -5.849779288437906e-02
7.916610000000001e+02 -6.030600702449540e-02
7.917436800000000e+02 -6.230298412979129e-02
7.918263600000000e+02 -6.424681715034564e-02
7.919090400000000e+02 -6.487386542217266e-02
7.919917200000000e+02 -6.468882130220743e-02
7.920744000000001e+02 -6.481992881344378e-02
7.921570800000001e+02 -6.449539739063581e-02
7.922397600000000e+02 -6.276494855311576e-02
7.923224400000000e+02 -6.062601814660562e-02
7.924051200000000e+02 -5.881671864589777e-02
7.924878000000000e+02 -5.619857822712349e-02
7.925704800000001e+02 -5.233185265070228e-02
7.926531600000001e+02 -4.849981165557316e-02
7.927358400000001e+02 -4.490026065936570e-02
7.928185200000000e+02 -4.026792548895819e-02
7.929012000000000e+02 -3.476703064380571e-02
7.929838800000000e+02 -2.970155905542149e-02
7.930665600000000e+02 -2.469105289508899e-02
7.931492400000001e+02 -1.861197707694084e-02
7.932319200000001e+02 -1.220219164990755e-02
7.933146000000000e+02 -6.515656627475663e-03
7.933972800000000e+02 -6.769122358906143e-04
7.934799600000000e+02 6.053220099387358e-03
7.935626400000000e+02 1.251401326956936e-02
7.936453200000001e+02 1.812264838035071e-02
7.937280000000001e+02 2.405969475553638e-02
7.938106800000000e+02 3.051507378991736e-02
7.938933600000000e+02 3.614877168200770e-02
7.939760400000000e+02 4.097275753361940e-02
7.940587200000000e+02 4.621360046705669e-02
7.941414000000001e+02 5.146344914184031e-02
7.942240800000001e+02 5.549051512689096e-02
7.943067600000001e+02 5.889777625191583e-02
7.943894400000000e+02 6.268444779443483e-02
7.944721200000000e+02 6.592840579004267e-02
7.945548000000000e+02 6.777555580336891e-02
7.946374800000000e+02 6.928550797726574e-02
7.947201600000001e+02 7.100444855674481e-02
7.948028400000001e+02 7.169746797805510e-02
7.948855200000000e+02 7.107780830831223e-02
7.949682000000000e+02 7.042421300007329e-02
7.950508800000000e+02 6.970587356786007e-02
7.951335600000000e+02 6.765110004217501e-02
7.952162400000001e+02 6.460458636226807e-02
7.952989200000001e+02 6.177741187301600e-02
7.953816000000000e+02 5.857050137788544e-02
7.954642800000000e+02 5.396214416309963e-02
7.955469600000000e+02 4.885088153027595e-02
7.956296400000000e+02 4.411122518516275e-02
7.957123200000000e+02 3.871539218365916e-02
7.957950000000001e+02 3.212163063434936e-02
7.958776800000001e+02 2.558175312702715e-02
7.959603600000000e+02 1.944512068549487e-02
7.960430400000000e+02 1.249098961489370e-02
7.961257200000000e+02 4.777925042494746e-03
7.962084000000000e+02 -2.364184144170389e-03
7.962910800000001e+02 -9.178495676276266e-03
7.963737600000001e+02 -1.680385616838720e-02
7.964564400000000e+02 -2.459524411702174e-02
7.965391200000000e+02 -3.143067010601419e-02
7.966218000000000e+02 -3.808187457167111e-02
7.967044800000000e+02 -4.535498076111955e-02
7.967871600000001e+02 -5.215883612318606e-02
7.968698400000001e+02 -5.781392831456744e-02
7.969525200000000e+02 -6.344543991473972e-02
7.970352000000000e+02 -6.935324171235024e-02
7.971178800000000e+02 -7.423203569074543e-02
7.972005600000000e+02 -7.798145582105587e-02
7.972832400000000e+02 -8.183569999413087e-02
7.973659200000001e+02 -8.552503545064916e-02
7.974486000000001e+02 -8.780272647055509e-02
7.975312800000000e+02 -8.916294907864553e-02
7.976139600000000e+02 -9.068742150445219e-02
7.976966400000000e+02 -9.159248913572438e-02
7.977793200000000e+02 -9.094816839483721e-02
7.978620000000001e+02 -8.973823389726698e-02
7.979446800000001e+02 -8.866526193678337e-02
7.980273600000000e+02 -8.659279375712292e-02
7.981100400000000e+02 -8.310145186615570e-02
7.981927200000000e+02 -7.946172774280136e-02
7.982754000000000e+02 -7.584880049503517e-02
7.983580800000001e+02 -7.100808115228119e-02
7.984407600000001e+02 -6.512295337712026e-02
7.985234400000001e+02 -5.948908249306550e-02
7.986061200000000e+02 -5.371382940363789e-02
7.986888000000000e+02 -4.668767847260946e-02
7.987714800000000e+02 -3.916753017369279e-02
7.988541600000000e+02 -3.220457046101588e-02
7.989368400000001e+02 -2.491637787090739e-02
7.990195200000001e+02 -1.657821133204385e-02
7.991022000000000e+02 -8.371843252459099e-03
7.991848800000000e+02 -8.807911438746263e-04
7.992675600000000e+02 7.082383767274103e-03
7.993502400000000e+02 1.569239456066340e-02
7.994329200000001e+02 2.358481083954433e-02
7.995156000000001e+02 3.077156432185946e-02
7.995982800000000e+02 3.848857116401638e-02
7.996809600000000e+02 4.630924627663702e-02
7.997636400000000e+02 5.297446378122883e-02
7.998463200000000e+02 5.909201107219031e-02
7.999290000000001e+02 6.567195902058576e-02
8.000116800000001e+02 7.176644558305589e-02
8.000943600000001e+02 7.649338873306610e-02
8.001770400000000e+02 8.092456100092882e-02
8.002597200000000e+02 8.561450808856519e-02
8.003424000000000e+02 8.929298087967974e-02
8.004250800000000e+02 9.164811214111046e-02
8.005077600000001e+02 9.397815336988879e-02
8.005904400000001e+02 9.625247162967687e-02
8.006731200000000e+02 9.715399125866497e-02
8.007558000000000e+02 9.700934713691944e-02
8.008384800000000e+02 9.705385020703217e-02
8.009211600000000e+02 9.667477834034333e-02
8.010038400000001e+02 9.479770861628012e-02
8.010865200000001e+02 9.231425113829272e-02
8.011692000000000e+02 9.012295488114364e-02
8.012518800000000e+02 8.716503153552024e-02
8.013345600000000e+02 8.284504417958360e-02
8.014172400000000e+02 7.842176461892769e-02
8.014999200000001e+02 7.426210239061415e-02
8.015826000000001e+02 6.909767643846632e-02
8.016652800000001e+02 6.294155095926013e-02
8.017479600000000e+02 5.714441471752585e-02
8.018306400000000e+02 5.146843733655437e-02
8.019133200000000e+02 4.471681723965870e-02
8.019960000000000e+02 3.750666979196238e-02
8.020786800000001e+02 3.099104776534456e-02
8.021613600000001e+02 2.438884565920096e-02
8.022440400000000e+02 1.683676991327476e-02
8.023267200000000e+02 9.421879891082674e-03
8.024094000000000e+02 2.859046699113410e-03
8.024920800000000e+02 -3.998106078686225e-03
8.025747600000001e+02 -1.149331501159156e-02
8.026574400000001e+02 -1.830097167607181e-02
8.027401200000000e+02 -2.428657376358734e-02
8.028228000000000e+02 -3.070943251282809e-02
8.029054800000000e+02 -3.732111801139193e-02
8.029881600000000e+02 -4.283497047636453e-02
8.030708400000001e+02 -4.771446668367529e-02
8.031535200000001e+02 -5.306066701790135e-02
8.032362000000001e+02 -5.808614592654915e-02
8.033188800000000e+02 -6.180860874615779e-02
8.034015600000000e+02 -6.518278851874770e-02
8.034842400000000e+02 -6.891820348898481e-02
8.035669200000000e+02 -7.185394517973331e-02
8.036496000000001e+02 -7.351187688215988e-02
8.037322800000001e+02 -7.513176495468321e-02
8.038149600000000e+02 -7.688336126506323e-02
8.038976400000000e+02 -7.747489964418308e-02
8.039803200000000e+02 -7.702734914064946e-02
8.040630000000000e+02 -7.680335016957851e-02
8.041456800000001e+02 -7.639904062405067e-02
8.042283600000001e+02 -7.466179063980816e-02
8.043110400000000e+02 -7.228355580657819e-02
8.043937200000000e+02 -7.028548605068052e-02
8.044764000000000e+02 -6.777712153588511e-02
8.045590800000000e+02 -6.398741789270046e-02
8.046417600000001e+02 -6.003395288542457e-02
8.047244400000001e+02 -5.648371377831496e-02
8.048071200000001e+02 -5.215005819384255e-02
8.048898000000000e+02 -4.680850622329191e-02
8.049724800000000e+02 -4.176856129526618e-02
8.050551600000000e+02 -3.702605394092151e-02
8.051378400000000e+02 -3.135348080571210e-02
8.052205200000001e+02 -2.512506343506204e-02
8.053032000000001e+02 -1.956724165685186e-02
8.053858800000000e+02 -1.410877591143589e-02
8.054685600000000e+02 -7.748797413632325e-03
8.055512400000000e+02 -1.386147108290992e-03
8.056339200000000e+02 4.095409357983026e-03
8.057166000000001e+02 9.707951963013883e-03
8.057992800000001e+02 1.600311952575206e-02
8.058819600000000e+02 2.174530537386121e-02
8.059646400000000e+02 2.658229232476184e-02
8.060473200000000e+02 3.174341704481942e-02
8.061300000000000e+02 3.720318997775074e-02
8.062126800000000e+02 4.165356437548240e-02
8.062953600000001e+02 4.534966325799494e-02
8.063780400000001e+02 4.946413898904878e-02
8.064607200000000e+02 5.339237733434610e-02
8.065434000000000e+02 5.603889514625193e-02
8.066260800000000e+02 5.820970399754011e-02
8.067087600000000e+02 6.075673976260898e-02
8.067914400000001e+02 6.262431465514451e-02
8.068741200000001e+02 6.317221820137475e-02
8.069568000000000e+02 6.357870534689580e-02
8.070394800000000e+02 6.418125266717123e-02
8.071221600000000e+02 6.370530889723547e-02
8.072048400000000e+02 6.211061382625127e-02
8.072875200000001e+02 6.068559342797342e-02
8.073702000000001e+02 5.917558626565245e-02
8.074528800000001e+02 5.637203507284716e-02
8.075355600000000e+02 5.284689002917320e-02
8.076182400000000e+02 4.971264080507898e-02
8.077009200000000e+02 4.617976437748494e-02
8.077836000000000e+02 4.137784070414341e-02
8.078662800000001e+02 3.636738473486134e-02
8.079489600000001e+02 3.184043010954918e-02
8.080316400000000e+02 2.665118439268366e-02
8.081143200000000e+02 2.046400181052954e-02
8.081970000000000e+02 1.459724274831409e-02
8.082796800000000e+02 9.174639589379030e-03
8.083623600000001e+02 2.951314425133966e-03
8.084450400000001e+02 -3.796584361936195e-03
8.085277200000000e+02 -9.777171861979017e-03
8.086104000000000e+02 -1.545540006510604e-02
8.086930800000000e+02 -2.189955943643729e-02
8.087757600000000e+02 -2.827920169736398e-02
8.088584400000001e+02 -3.360301822230949e-02
8.089411200000001e+02 -3.881740224526720e-02
8.090238000000001e+02 -4.458150586398857e-02
8.091064800000000e+02 -4.968642896581510e-02
8.091891600000000e+02 -5.364706237448780e-02
8.092718400000000e+02 -5.768435746766121e-02
8.093545200000000e+02 -6.190741673607825e-02
8.094372000000001e+02 -6.498226515657279e-02
8.095198800000001e+02 -6.702693575182161e-02
8.096025600000000e+02 -6.927742049112340e-02
8.096852400000000e+02 -7.126971488085576e-02
8.097679200000000e+02 -7.182143246667327e-02
8.098506000000000e+02 -7.162613602575751e-02
8.099332800000001e+02 -7.167700590408721e-02
8.100159600000001e+02 -7.103300468483587e-02
8.100986400000000e+02 -6.890756500790129e-02
8.101813200000000e+02 -6.642628931886663e-02
8.102640000000000e+02 -6.413427145874950e-02
8.103466800000000e+02 -6.080748235538569e-02
8.104293600000001e+02 -5.621956694484487e-02
8.105120400000001e+02 -5.169825560825436e-02
8.105947200000001e+02 -4.722742582968387e-02
8.106774000000000e+02 -4.155367418171751e-02
8.107600800000000e+02 -3.506322492983804e-02
8.108427600000000e+02 -2.901417210218560e-02
8.109254400000000e+02 -2.283097514448706e-02
8.110081200000001e+02 -1.549472046188471e-02
8.110908000000001e+02 -7.932223036200670e-03
8.111734800000000e+02 -1.071340196611148e-03
8.112561600000000e+02 6.103932151209968e-03
8.113388400000000e+02 1.415699946875504e-02
8.114215200000000e+02 2.180631472754846e-02
8.115042000000001e+02 2.865024693906548e-02
8.115868800000001e+02 3.592962999272487e-02
8.116695600000000e+02 4.362232920828546e-02
8.117522400000000e+02 5.035786145809440e-02
8.118349200000000e+02 5.634818300894795e-02
8.119176000000000e+02 6.278896785782573e-02
8.120002800000001e+02 6.906638590212011e-02
8.120829600000001e+02 7.401292303620610e-02
8.121656400000001e+02 7.840909549118291e-02
8.122483200000000e+02 8.313925391235866e-02
8.123310000000000e+02 8.712326488525746e-02
8.124136800000000e+02 8.965035706499314e-02
8.124963600000000e+02 9.189745068999555e-02
8.125790400000001e+02 9.423717124864939e-02
8.126617200000001e+02 9.535674023123009e-02
8.127444000000000e+02 9.515810482782183e-02
8.128270800000000e+02 9.495192778004080e-02
8.129097600000000e+02 9.451397518797022e-02
8.129924400000000e+02 9.258909003922544e-02
8.130751200000001e+02 8.971164864091052e-02
8.131578000000001e+02 8.703370054436754e-02
8.132404800000000e+02 8.378642302963479e-02
8.133231600000000e+02 7.905130524642645e-02
8.134058400000000e+02 7.387333306609245e-02
8.134885200000000e+02 6.899303762862485e-02
8.135712000000001e+02 6.327404388569646e-02
8.136538800000001e+02 5.633670183213701e-02
8.137365600000001e+02 4.950321072262431e-02
8.138192400000000e+02 4.294741326008944e-02
8.139019200000000e+02 3.542344078945447e-02
8.139846000000000e+02 2.717057352655872e-02
8.140672800000000e+02 1.949935590114005e-02
8.141499600000001e+02 1.199167555814129e-02
8.142326400000001e+02 3.569617922362212e-03
8.143153200000000e+02 -4.964988342275323e-03
8.143980000000000e+02 -1.259155177256710e-02
8.144806800000000e+02 -2.021559535674533e-02
8.145633600000000e+02 -2.851265594412966e-02
8.146460400000001e+02 -3.629371227938860e-02
8.147287200000001e+02 -4.303674677017444e-02
8.148114000000000e+02 -4.992913358933793e-02
8.148940800000000e+02 -5.710112274985657e-02
8.149767600000000e+02 -6.322914803687296e-02
8.150594400000000e+02 -6.838872860573619e-02
8.151421200000001e+02 -7.379010169607980e-02
8.152248000000001e+02 -7.899284552303520e-02
8.153074800000001e+02 -8.281448941880021e-02
8.153901600000000e+02 -8.590205722028410e-02
8.154728400000000e+02 -8.923086746281383e-02
8.155555200000000e+02 -9.188334487033301e-02
8.156382000000000e+02 -9.306137378064439e-02
8.157208800000001e+02 -9.384162202117452e-02
8.158035600000001e+02 -9.475921456517034e-02
8.158862400000000e+02 -9.461095927605279e-02
8.159689200000000e+02 -9.314691576156386e-02
8.160516000000000e+02 -9.164573031829315e-02
8.161342800000000e+02 -9.008954311354322e-02
8.162169600000001e+02 -8.724077314050238e-02
8.162996400000001e+02 -8.345028058045068e-02
8.163823200000000e+02 -7.993051203843915e-02
8.164650000000000e+02 -7.611305563046933e-02
8.165476800000000e+02 -7.098736899164271e-02
8.166303600000000e+02 -6.543507471601451e-02
8.167130400000000e+02 -6.034715400623425e-02
8.167957200000001e+02 -5.472366856852595e-02
8.168784000000001e+02 -4.799984386000833e-02
8.169610800000000e+02 -4.140703956026748e-02
8.170437600000000e+02 -3.532511565418350e-02
8.171264400000000e+02 -2.853648000440889e-02
8.172091200000000e+02 -2.105120541715588e-02
8.172918000000001e+02 -1.419288046920952e-02
8.173744800000001e+02 -7.747937925510318e-03
8.174571600000000e+02 -5.470592143203001e-04
8.175398400000000e+02 6.816343646159240e-03
8.176225200000000e+02 1.320796985505157e-02
8.177052000000000e+02 1.938890005099736e-02
8.177878800000001e+02 2.621894852406903e-02
8.178705600000001e+02 3.263989370039433e-02
8.179532400000001e+02 3.795167856518200e-02
8.180359200000000e+02 4.329548644536452e-02
8.181186000000000e+02 4.902399013906689e-02
8.182012800000000e+02 5.383776534924845e-02
8.182839600000000e+02 5.762419632082161e-02
8.183666400000001e+02 6.165061673265337e-02
8.184493200000001e+02 6.567544915154244e-02
8.185320000000000e+02 6.843948461483973e-02
8.186146800000000e+02 7.044285606880907e-02
8.186973600000000e+02 7.279494226066963e-02
8.187800400000000e+02 7.470592056217928e-02
8.188627200000001e+02 7.523359689761044e-02
8.189454000000001e+02 7.538097271259303e-02
8.190280800000000e+02 7.584997325106846e-02
8.191107600000000e+02 7.547322964368797e-02
8.191934400000000e+02 7.383500208968397e-02
8.192761200000000e+02 7.222022879729761e-02
8.193588000000001e+02 7.076577814692764e-02
8.194414800000001e+02 6.818409758162114e-02
8.195241600000001e+02 6.468031293548915e-02
8.196068400000000e+02 6.153931489344444e-02
8.196895200000000e+02 5.830290861369603e-02
8.197722000000000e+02 5.384891524667601e-02
8.198548800000000e+02 4.896168386638222e-02
8.199375600000001e+02 4.464668423835727e-02
8.200202400000001e+02 3.995389241939962e-02
8.201029200000000e+02 3.417565846882276e-02
8.201856000000000e+02 2.850814923373091e-02
8.202682800000000e+02 2.346258583289396e-02
8.203509600000000e+02 1.780846983030560e-02
8.204336400000001e+02 1.141017015989099e-02
8.205163200000001e+02 5.620914289088730e-03
8.205990000000000e+02 3.531692220204441e-04
8.206816800000000e+02 -5.633538630876234e-03
8.207643600000000e+02 -1.187037162189730e-02
8.208470400000000e+02 -1.713246154490855e-02
8.209297200000001e+02 -2.208046972687217e-02
8.210124000000001e+02 -2.769573037355144e-02
8.210950800000001e+02 -3.300236850451455e-02
8.211777600000000e+02 -3.715855964912651e-02
8.212604400000000e+02 -4.125153183771157e-02
8.213431200000000e+02 -4.579365695718052e-02
8.214258000000000e+02 -4.950607965365172e-02
8.215084800000001e+02 -5.210147633960172e-02
8.215911600000001e+02 -5.486049834978945e-02
8.216738400000000e+02 -5.771894625676821e-02
8.217565200000000e+02 -5.936098095167075e-02
8.218392000000000e+02 -6.010881381588817e-02
8.219218800000000e+02 -6.116736593561722e-02
8.220045600000001e+02 -6.191055963694181e-02
8.220872400000001e+02 -6.125789525200087e-02
8.221699200000000e+02 -6.007110545969863e-02
8.222526000000000e+02 -5.922981231707070e-02
8.223352800000000e+02 -5.767796035375361e-02
8.224179600000000e+02 -5.479393346309203e-02
8.225006400000001e+02 -5.179987002636832e-02
8.225833200000001e+02 -4.907000563977160e-02
8.226660000000001e+02 -4.533964411127700e-02
8.227486800000000e+02 -4.057624895739553e-02
8.228313600000000e+02 -3.611051295054679e-02
8.229140400000000e+02 -3.173634665371394e-02
8.229967200000000e+02 -2.624659942655017e-02
8.230794000000001e+02 -2.020805551137428e-02
8.231620800000001e+02 -1.478535059603669e-02
8.232447600000000e+02 -9.237940414191681e-03
8.233274400000000e+02 -2.673672090235835e-03
8.234101200000000e+02 3.855147440617657e-03
8.234928000000000e+02 9.592139359355101e-03
8.235754800000001e+02 1.565301398639196e-02
8.236581600000001e+02 2.241975453729395e-02
8.237408400000000e+02 2.857229603144740e-02
8.238235200000000e+02 3.392146980665489e-02
8.239062000000000e+02 3.971595919405735e-02
8.239888800000000e+02 4.573831096242853e-02
8.240715600000001e+02 5.068003909725360e-02
8.241542400000001e+02 5.495854836220171e-02
8.242369200000001e+02 5.968026363894841e-02
8.243196000000000e+02 6.406873772055666e-02
8.244022800000000e+02 6.710957820244623e-02
8.244849600000000e+02 6.973403153667701e-02
8.245676400000000e+02 7.265858279140724e-02
8.246503200000001e+02 7.471412788764897e-02
8.247330000000001e+02 7.540302095222617e-02
8.248156800000000e+02 7.596262140316845e-02
8.248983600000000e+02 7.655735666965324e-02
8.249810400000000e+02 7.588381779586117e-02
8.250637200000000e+02 7.407125631196221e-02
8.251464000000001e+02 7.238599632429488e-02
8.252290800000001e+02 7.040398399965808e-02
8.253117600000000e+02 6.697967030596597e-02
8.253944400000000e+02 6.283935401311891e-02
8.254771200000000e+02 5.899601125489840e-02
8.255598000000000e+02 5.453635070576679e-02
8.256424800000001e+02 4.873019441892279e-02
8.257251600000001e+02 4.273757612357332e-02
8.258078400000001e+02 3.709686694044079e-02
8.258905200000000e+02 3.061631712224755e-02
8.259732000000000e+02 2.314373402334269e-02
8.260558800000000e+02 1.601550229057158e-02
8.261385600000000e+02 9.185253267203985e-03
8.262212400000001e+02 1.453599177873244e-03
8.263039200000001e+02 -6.721703327529860e-03
8.263866000000000e+02 -1.411850351327060e-02
8.264692800000000e+02 -2.134577422892436e-02
8.265519600000000e+02 -2.934352755788028e-02
8.266346400000000e+02 -3.714592423979346e-02
8.267173200000001e+02 -4.390353687424764e-02
