0.000000000000000e+00 -7.496039797770351e+01
8.268000000000000e-02 -7.496039797770337e+01
1.653600000000000e-01 -7.496039797770283e+01
2.480400000000000e-01 -7.496039797770207e+01
3.307200000000000e-01 -7.496039797768725e+01
4.134000000000000e-01 -7.496039797768701e+01
4.960800000000000e-01 -7.496039797768640e+01
5.787600000000001e-01 -7.496039797768563e+01
6.614400000000000e-01 -7.496039797767224e+01
7.441200000000000e-01 -7.496039797767193e+01
8.268000000000000e-01 -7.496039797767131e+01
9.094800000000001e-01 -7.496039797767064e+01
9.921600000000000e-01 -7.496039797765667e+01
1.074840000000000e+00 -7.496039797765634e+01
1.157520000000000e+00 -7.496039797765569e+01
1.240200000000000e+00 -7.496039797765515e+01
1.322880000000000e+00 -7.496039797765475e+01
1.405560000000000e+00 -7.496039797765449e+01
1.488240000000000e+00 -7.496039797765381e+01
1.570920000000000e+00 -7.496039797765317e+01
1.653600000000000e+00 -7.496039797765287e+01
1.736280000000000e+00 -7.496039797765259e+01
1.818960000000000e+00 -7.496039797765195e+01
1.901640000000000e+00 -7.496039797765137e+01
1.984320000000000e+00 -7.496039797765116e+01
2.067000000000000e+00 -7.496039797765080e+01
2.149680000000000e+00 -7.496039797765012e+01
2.232360000000000e+00 -7.496039797764959e+01
2.315040000000000e+00 -7.496039797764948e+01
2.397720000000000e+00 -7.496039797764909e+01
2.480400000000000e+00 -7.496039797764846e+01
2.563080000000000e+00 -7.496039797764800e+01
2.645760000000000e+00 -7.496039797764797e+01
2.728440000000000e+00 -7.496039797764756e+01
2.811120000000000e+00 -7.496039797764698e+01
2.893800000000000e+00 -7.496039797764664e+01
2.976480000000000e+00 -7.496039797764662e+01
3.059160000000000e+00 -7.496039797764618e+01
3.141840000000000e+00 -7.496039797764556e+01
3.224520000000000e+00 -7.496039797764530e+01
3.307200000000000e+00 -7.496039797764523e+01
3.389880000000000e+00 -7.496039797764482e+01
3.472560000000000e+00 -7.496039797764429e+01
3.555240000000000e+00 -7.496039797764416e+01
3.637920000000000e+00 -7.496039797764401e+01
3.720600000000000e+00 -7.496039797764364e+01
3.803280000000000e+00 -7.496039797764314e+01
3.885960000000000e+00 -7.496039797764301e+01
3.968640000000000e+00 -7.496039797764286e+01
4.051320000000000e+00 -7.496039797764251e+01
4.134000000000000e+00 -7.496039797764205e+01
4.216680000000000e+00 -7.496039797764190e+01
4.299360000000000e+00 -7.496039797764179e+01
4.382040000000000e+00 -7.496039797764143e+01
4.464720000000000e+00 -7.496039797764092e+01
4.547400000000001e+00 -7.496039797764078e+01
4.630080000000000e+00 -7.496039797764077e+01
4.712760000000000e+00 -7.496039797764038e+01
4.795440000000000e+00 -7.496039797763996e+01
4.878120000000000e+00 -7.496039797763981e+01
4.960800000000000e+00 -7.496039797763983e+01
5.043480000000001e+00 -7.496039797763942e+01
5.126160000000000e+00 -7.496039797763900e+01
5.208840000000000e+00 -7.496039797763896e+01
5.291520000000000e+00 -7.496039797763893e+01
5.374200000000000e+00 -7.496039797763845e+01
5.456880000000000e+00 -7.496039797763800e+01
5.539560000000000e+00 -7.496039797763805e+01
5.622240000000001e+00 -7.496039797763797e+01
5.704920000000000e+00 -7.496039797763756e+01
5.787600000000000e+00 -7.496039797763724e+01
5.870280000000000e+00 -7.496039797763733e+01
5.952960000000000e+00 -7.496039797763721e+01
6.035640000000000e+00 -7.496039797763679e+01
6.118320000000001e+00 -7.496039797763645e+01
6.201000000000001e+00 -7.496039797763649e+01
6.283680000000000e+00 -7.496039797763626e+01
6.366360000000000e+00 -7.496039797763592e+01
6.449040000000000e+00 -7.496039797763564e+01
6.531720000000000e+00 -7.496039797763561e+01
6.614400000000000e+00 -7.496039797763541e+01
6.697080000000001e+00 -7.496039797763507e+01
6.779760000000000e+00 -7.496039797763486e+01
6.862440000000000e+00 -7.496039797763484e+01
6.945120000000000e+00 -7.496039797763480e+01
7.027800000000000e+00 -7.496039797763443e+01
7.110480000000000e+00 -7.496039797763419e+01
7.193160000000001e+00 -7.496039797763416e+01
7.275840000000001e+00 -7.496039797763413e+01
7.358520000000000e+00 -7.496039797763375e+01
7.441200000000000e+00 -7.496039797763346e+01
7.523880000000000e+00 -7.496039797763351e+01
7.606560000000000e+00 -7.496039797763342e+01
7.689240000000001e+00 -7.496039797763299e+01
7.771920000000001e+00 -7.496039797763270e+01
7.854600000000000e+00 -7.496039797763284e+01
7.937280000000000e+00 -7.496039797763264e+01
8.019960000000001e+00 -7.496039797763218e+01
8.102640000000001e+00 -7.496039797763200e+01
8.185320000000001e+00 -7.496039797763210e+01
8.268000000000001e+00 -7.496039797763190e+01
8.350680000000001e+00 -7.496039797763143e+01
8.433360000000000e+00 -7.496039797763126e+01
8.516040000000000e+00 -7.496039797763130e+01
8.598720000000000e+00 -7.496039797763102e+01
8.681400000000000e+00 -7.496039797763055e+01
8.764080000000000e+00 -7.496039797763045e+01
8.846760000000000e+00 -7.496039797763048e+01
8.929440000000000e+00 -7.496039797763014e+01
9.012120000000001e+00 -7.496039797762968e+01
9.094800000000001e+00 -7.496039797762960e+01
9.177480000000001e+00 -7.496039797762961e+01
9.260160000000001e+00 -7.496039797762934e+01
9.342840000000001e+00 -7.496039797762887e+01
9.425520000000001e+00 -7.496039797762876e+01
9.508200000000000e+00 -7.496039797762867e+01
9.590880000000000e+00 -7.496039797762846e+01
9.673560000000000e+00 -7.496039797762796e+01
9.756240000000000e+00 -7.496039797762781e+01
9.838920000000000e+00 -7.496039797762779e+01
9.921600000000000e+00 -7.496039797762745e+01
1.000428000000000e+01 -7.496039797762694e+01
1.008696000000000e+01 -7.496039797762674e+01
1.016964000000000e+01 -7.496039797762678e+01
1.025232000000000e+01 -7.496039797762637e+01
1.033500000000000e+01 -7.496039797762577e+01
1.041768000000000e+01 -7.496039797762563e+01
1.050036000000000e+01 -7.496039797762570e+01
1.058304000000000e+01 -7.496039797762521e+01
1.066572000000000e+01 -7.496039797762462e+01
1.074840000000000e+01 -7.496039797762454e+01
1.083108000000000e+01 -7.496039797762460e+01
1.091376000000000e+01 -7.496039797762405e+01
1.099644000000000e+01 -7.496039797762346e+01
1.107912000000000e+01 -7.496039797762346e+01
1.116180000000000e+01 -7.496039797762342e+01
1.124448000000000e+01 -7.496039797762282e+01
1.132716000000000e+01 -7.496039797762228e+01
1.140984000000000e+01 -7.496039797762232e+01
1.149252000000000e+01 -7.496039797762224e+01
1.157520000000000e+01 -7.496039797762160e+01
1.165788000000000e+01 -7.496039797762113e+01
1.174056000000000e+01 -7.496039797762116e+01
1.182324000000000e+01 -7.496039797762099e+01
1.190592000000000e+01 -7.496039797762035e+01
1.198860000000000e+01 -7.496039797761993e+01
1.207128000000000e+01 -7.496039797761992e+01
1.215396000000000e+01 -7.496039797761965e+01
1.223664000000000e+01 -7.496039797761894e+01
1.231932000000000e+01 -7.496039797761858e+01
1.240200000000000e+01 -7.496039797761848e+01
1.248468000000000e+01 -7.496039797761819e+01
1.256736000000000e+01 -7.496039797761748e+01
1.265004000000000e+01 -7.496039797761712e+01
1.273272000000000e+01 -7.496039797761696e+01
1.281540000000000e+01 -7.496039797761667e+01
1.289808000000000e+01 -7.496039797761591e+01
1.298076000000000e+01 -7.496039797761550e+01
1.306344000000000e+01 -7.496039797761533e+01
1.314612000000000e+01 -7.496039797761487e+01
1.322880000000000e+01 -7.496039797761414e+01
1.331148000000000e+01 -7.496039797761372e+01
1.339416000000000e+01 -7.496039797761360e+01
1.347684000000000e+01 -7.496039797761316e+01
1.355952000000000e+01 -7.496039797761239e+01
1.364220000000000e+01 -7.496039797761200e+01
1.372488000000000e+01 -7.496039797761188e+01
1.380756000000000e+01 -7.496039797761128e+01
1.389024000000000e+01 -7.496039797761051e+01
1.397292000000000e+01 -7.496039797761009e+01
1.405560000000000e+01 -7.496039797760989e+01
1.413828000000000e+01 -7.496039797760916e+01
1.422096000000000e+01 -7.496039797760841e+01
1.430364000000000e+01 -7.496039797759195e+01
1.438632000000000e+01 -7.496039797759171e+01
1.446900000000000e+01 -7.496039797759094e+01
1.455168000000000e+01 -7.496039797759020e+01
1.463436000000000e+01 -7.496039797757747e+01
1.471704000000000e+01 -7.496039797757719e+01
1.479972000000000e+01 -7.496039797757641e+01
1.488240000000000e+01 -7.496039797757575e+01
1.496508000000000e+01 -7.496039797756623e+01
1.504776000000000e+01 -7.496039797756588e+01
1.513044000000000e+01 -7.496039797756507e+01
1.521312000000000e+01 -7.496039797756445e+01
1.529580000000000e+01 -7.496039797755658e+01
1.537848000000000e+01 -7.496039797755617e+01
1.546116000000000e+01 -7.496039797755542e+01
1.554384000000000e+01 -7.496039797755490e+01
1.562652000000000e+01 -7.496039797755469e+01
1.570920000000000e+01 -7.496039797755428e+01
1.579188000000000e+01 -7.496039797755357e+01
1.587456000000000e+01 -7.496039797755316e+01
1.595724000000000e+01 -7.496039797755289e+01
1.603992000000000e+01 -7.496039797755247e+01
1.612260000000000e+01 -7.496039797755181e+01
1.620528000000000e+01 -7.496039797755135e+01
1.628796000000000e+01 -7.496039797755114e+01
1.637064000000000e+01 -7.496039797755078e+01
1.645332000000000e+01 -7.496039797755014e+01
1.653600000000000e+01 -7.496039797754973e+01
1.661868000000000e+01 -7.496039797754956e+01
1.670136000000000e+01 -7.496039797754906e+01
1.678404000000000e+01 -7.496039797754844e+01
1.686672000000000e+01 -7.496039797754808e+01
1.694940000000000e+01 -7.496039797754803e+01
1.703208000000000e+01 -7.496039797754747e+01
1.711476000000000e+01 -7.496039797754690e+01
1.719744000000000e+01 -7.496039797754659e+01
1.728012000000000e+01 -7.496039797754648e+01
1.736280000000000e+01 -7.496039797754594e+01
1.744548000000000e+01 -7.496039797754534e+01
1.752816000000000e+01 -7.496039797754521e+01
1.761084000000000e+01 -7.496039797754509e+01
1.769352000000000e+01 -7.496039797754456e+01
1.777620000000000e+01 -7.496039797754395e+01
1.785888000000000e+01 -7.496039797754388e+01
1.794156000000000e+01 -7.496039797754375e+01
1.802424000000000e+01 -7.496039797754324e+01
1.810692000000000e+01 -7.496039797754284e+01
1.818960000000000e+01 -7.496039797754285e+01
1.827228000000000e+01 -7.496039797754263e+01
1.835496000000000e+01 -7.496039797754214e+01
1.843764000000000e+01 -7.496039797754172e+01
1.852032000000000e+01 -7.496039797754167e+01
1.860300000000000e+01 -7.496039797754138e+01
1.868568000000000e+01 -7.496039797754091e+01
1.876836000000000e+01 -7.496039797754064e+01
1.885104000000000e+01 -7.496039797754055e+01
1.893372000000000e+01 -7.496039797754037e+01
1.901640000000000e+01 -7.496039797753986e+01
1.909908000000000e+01 -7.496039797753963e+01
1.918176000000000e+01 -7.496039797753946e+01
1.926444000000000e+01 -7.496039797753927e+01
1.934712000000000e+01 -7.496039797753885e+01
1.942980000000000e+01 -7.496039797753861e+01
1.951248000000000e+01 -7.496039797753859e+01
1.959516000000000e+01 -7.496039797753841e+01
1.967784000000000e+01 -7.496039797753798e+01
1.976052000000000e+01 -7.496039797753775e+01
1.984320000000000e+01 -7.496039797753778e+01
1.992588000000000e+01 -7.496039797753757e+01
2.000856000000000e+01 -7.496039797753714e+01
2.009124000000000e+01 -7.496039797753699e+01
2.017392000000000e+01 -7.496039797753710e+01
2.025660000000000e+01 -7.496039797753686e+01
2.033928000000000e+01 -7.496039797753642e+01
2.042196000000000e+01 -7.496039797753630e+01
2.050464000000000e+01 -7.496039797753636e+01
2.058732000000000e+01 -7.496039797753602e+01
2.067000000000000e+01 -7.496039797753564e+01
2.075268000000000e+01 -7.496039797753551e+01
2.083536000000000e+01 -7.496039797753552e+01
2.091804000000000e+01 -7.496039797753522e+01
2.100072000000000e+01 -7.496039797753481e+01
2.108340000000000e+01 -7.496039797753481e+01
2.116608000000000e+01 -7.496039797753474e+01
2.124876000000000e+01 -7.496039797753438e+01
2.133144000000000e+01 -7.496039797753397e+01
2.141412000000000e+01 -7.496039797753387e+01
2.149680000000000e+01 -7.496039797753373e+01
2.157948000000000e+01 -7.496039797753343e+01
2.166216000000000e+01 -7.496039797753303e+01
2.174484000000000e+01 -7.496039797753281e+01
2.182752000000000e+01 -7.496039797753269e+01
2.191020000000000e+01 -7.496039797753232e+01
2.199288000000000e+01 -7.496039797753188e+01
2.207556000000000e+01 -7.496039797753167e+01
2.215824000000000e+01 -7.496039797753164e+01
2.224092000000000e+01 -7.496039797753129e+01
2.232360000000000e+01 -7.496039797753077e+01
2.240628000000000e+01 -7.496039797753055e+01
2.248896000000000e+01 -7.496039797753056e+01
2.257164000000000e+01 -7.496039797753015e+01
2.265432000000000e+01 -7.496039797752962e+01
2.273700000000000e+01 -7.496039797752948e+01
2.281968000000000e+01 -7.496039797752957e+01
2.290236000000000e+01 -7.496039797752913e+01
2.298504000000000e+01 -7.496039797752860e+01
2.306772000000000e+01 -7.496039797752854e+01
2.315040000000000e+01 -7.496039797752857e+01
2.323308000000000e+01 -7.496039797752803e+01
2.331576000000000e+01 -7.496039797752749e+01
2.339844000000000e+01 -7.496039797752749e+01
2.348112000000000e+01 -7.496039797752748e+01
2.356380000000000e+01 -7.496039797752694e+01
2.364648000000000e+01 -7.496039797752650e+01
2.372916000000000e+01 -7.496039797752654e+01
2.381184000000000e+01 -7.496039797752643e+01
2.389452000000000e+01 -7.496039797752587e+01
2.397720000000000e+01 -7.496039797752550e+01
2.405988000000000e+01 -7.496039797752562e+01
2.414256000000000e+01 -7.496039797752549e+01
2.422524000000000e+01 -7.496039797752505e+01
2.430792000000000e+01 -7.496039797752481e+01
2.439060000000000e+01 -7.496039797752488e+01
2.447328000000000e+01 -7.496039797752475e+01
2.455596000000000e+01 -7.496039797752429e+01
2.463864000000000e+01 -7.496039797752395e+01
2.472132000000000e+01 -7.496039797752394e+01
2.480400000000000e+01 -7.496039797752394e+01
2.488668000000000e+01 -7.496039797752344e+01
2.496936000000000e+01 -7.496039797752310e+01
2.505204000000000e+01 -7.496039797752309e+01
2.513472000000000e+01 -7.496039797752292e+01
2.521740000000000e+01 -7.496039797752238e+01
2.530008000000000e+01 -7.496039797752201e+01
2.538276000000000e+01 -7.496039797752205e+01
2.546544000000000e+01 -7.496039797752191e+01
2.554812000000000e+01 -7.496039797752128e+01
2.563080000000000e+01 -7.496039797752096e+01
2.571348000000000e+01 -7.496039797752105e+01
2.579616000000000e+01 -7.496039797752071e+01
2.587884000000000e+01 -7.496039797752002e+01
2.596152000000000e+01 -7.496039797751972e+01
2.604420000000000e+01 -7.496039797751978e+01
2.612688000000000e+01 -7.496039797751941e+01
2.620956000000000e+01 -7.496039797751871e+01
2.629224000000000e+01 -7.496039797751850e+01
2.637492000000000e+01 -7.496039797751850e+01
2.645760000000000e+01 -7.496039797751804e+01
2.654028000000000e+01 -7.496039797751737e+01
2.662296000000000e+01 -7.496039797751725e+01
2.670564000000000e+01 -7.496039797751723e+01
2.678832000000000e+01 -7.496039797751671e+01
2.687100000000000e+01 -7.496039797751607e+01
2.695368000000000e+01 -7.496039797751590e+01
2.703636000000000e+01 -7.496039797751574e+01
2.711904000000000e+01 -7.496039797751514e+01
2.720172000000000e+01 -7.496039797751450e+01
2.728440000000000e+01 -7.496039797751442e+01
2.736708000000000e+01 -7.496039797751425e+01
2.744976000000000e+01 -7.496039797751362e+01
2.753244000000000e+01 -7.496039797751307e+01
2.761512000000000e+01 -7.496039797751291e+01
2.769780000000000e+01 -7.496039797751267e+01
2.778048000000000e+01 -7.496039797751205e+01
2.786316000000000e+01 -7.496039797751152e+01
2.794584000000000e+01 -7.496039797751129e+01
2.802852000000000e+01 -7.496039797751108e+01
2.811120000000000e+01 -7.496039797751045e+01
2.819388000000000e+01 -7.496039797750990e+01
2.827656000000000e+01 -7.496039797750964e+01
2.835924000000000e+01 -7.496039797750936e+01
2.844192000000000e+01 -7.496039797750871e+01
2.852460000000000e+01 -7.496039797750814e+01
2.860728000000000e+01 -7.496039797749947e+01
2.868996000000000e+01 -7.496039797749917e+01
2.877264000000000e+01 -7.496039797749852e+01
2.885532000000000e+01 -7.496039797749795e+01
2.893800000000000e+01 -7.496039797749116e+01
2.902068000000000e+01 -7.496039797749080e+01
2.910336000000000e+01 -7.496039797749002e+01
2.918604000000000e+01 -7.496039797748951e+01
2.926872000000000e+01 -7.496039797748476e+01
2.935140000000000e+01 -7.496039797748433e+01
2.943408000000000e+01 -7.496039797748358e+01
2.951676000000000e+01 -7.496039797748315e+01
2.959944000000000e+01 -7.496039797748003e+01
2.968212000000000e+01 -7.496039797747946e+01
2.976480000000000e+01 -7.496039797747868e+01
2.984748000000000e+01 -7.496039797747834e+01
2.993016000000000e+01 -7.496039797747818e+01
3.001284000000000e+01 -7.496039797747757e+01
3.009552000000000e+01 -7.496039797747684e+01
3.017820000000000e+01 -7.496039797747657e+01
3.026088000000000e+01 -7.496039797747638e+01
3.034356000000000e+01 -7.496039797747576e+01
3.042624000000000e+01 -7.496039797747507e+01
3.050892000000000e+01 -7.496039797747480e+01
3.059160000000000e+01 -7.496039797747451e+01
3.067428000000000e+01 -7.496039797747390e+01
3.075696000000000e+01 -7.496039797747326e+01
3.083964000000000e+01 -7.496039797747299e+01
3.092232000000000e+01 -7.496039797747265e+01
3.100500000000000e+01 -7.496039797747201e+01
3.108768000000000e+01 -7.496039797747144e+01
3.117036000000000e+01 -7.496039797747116e+01
3.125304000000000e+01 -7.496039797747085e+01
3.133572000000000e+01 -7.496039797747019e+01
3.141840000000000e+01 -7.496039797746961e+01
3.150108000000000e+01 -7.496039797746937e+01
3.158376000000000e+01 -7.496039797746907e+01
3.166644000000000e+01 -7.496039797746845e+01
3.174912000000000e+01 -7.496039797746791e+01
3.183180000000000e+01 -7.496039797746766e+01
3.191448000000000e+01 -7.496039797746735e+01
3.199716000000000e+01 -7.496039797746667e+01
3.207984000000000e+01 -7.496039797746623e+01
3.216252000000000e+01 -7.496039797746613e+01
3.224520000000000e+01 -7.496039797746576e+01
3.232788000000000e+01 -7.496039797746516e+01
3.241056000000000e+01 -7.496039797746478e+01
3.249324000000000e+01 -7.496039797746475e+01
3.257592000000000e+01 -7.496039797746438e+01
3.265860000000000e+01 -7.496039797746377e+01
3.274128000000000e+01 -7.496039797746344e+01
3.282396000000000e+01 -7.496039797746343e+01
3.290664000000000e+01 -7.496039797746300e+01
3.298932000000000e+01 -7.496039797746246e+01
3.307200000000000e+01 -7.496039797746231e+01
3.315468000000000e+01 -7.496039797746224e+01
3.323736000000000e+01 -7.496039797746178e+01
3.332004000000000e+01 -7.496039797746130e+01
3.340272000000000e+01 -7.496039797746121e+01
3.348540000000000e+01 -7.496039797746106e+01
3.356808000000000e+01 -7.496039797746070e+01
3.365076000000000e+01 -7.496039797746027e+01
3.373344000000000e+01 -7.496039797746015e+01
3.381612000000000e+01 -7.496039797745998e+01
3.389880000000000e+01 -7.496039797745964e+01
3.398148000000000e+01 -7.496039797745922e+01
3.406416000000000e+01 -7.496039797745911e+01
3.414684000000000e+01 -7.496039797745900e+01
3.422952000000000e+01 -7.496039797745865e+01
3.431220000000000e+01 -7.496039797745821e+01
3.439488000000000e+01 -7.496039797745806e+01
3.447756000000000e+01 -7.496039797745797e+01
3.456024000000000e+01 -7.496039797745757e+01
3.464292000000000e+01 -7.496039797745713e+01
3.472560000000000e+01 -7.496039797745698e+01
3.480828000000000e+01 -7.496039797745698e+01
3.489096000000000e+01 -7.496039797745655e+01
3.497364000000000e+01 -7.496039797745608e+01
3.505632000000000e+01 -7.496039797745601e+01
3.513900000000000e+01 -7.496039797745595e+01
3.522168000000000e+01 -7.496039797745547e+01
3.530436000000000e+01 -7.496039797745500e+01
3.538704000000000e+01 -7.496039797745500e+01
3.546972000000000e+01 -7.496039797745485e+01
3.555240000000000e+01 -7.496039797745439e+01
3.563508000000000e+01 -7.496039797745401e+01
3.571776000000000e+01 -7.496039797745409e+01
3.580044000000000e+01 -7.496039797745391e+01
3.588312000000000e+01 -7.496039797745348e+01
3.596580000000000e+01 -7.496039797745314e+01
3.604848000000000e+01 -7.496039797745325e+01
3.613116000000000e+01 -7.496039797745304e+01
3.621384000000000e+01 -7.496039797745267e+01
3.629652000000000e+01 -7.496039797745242e+01
3.637920000000000e+01 -7.496039797745243e+01
3.646188000000000e+01 -7.496039797745225e+01
3.654456000000000e+01 -7.496039797745189e+01
3.662724000000000e+01 -7.496039797745168e+01
3.670992000000000e+01 -7.496039797745163e+01
3.679260000000000e+01 -7.496039797745156e+01
3.687528000000000e+01 -7.496039797745117e+01
3.695796000000000e+01 -7.496039797745085e+01
3.704064000000000e+01 -7.496039797745080e+01
3.712332000000000e+01 -7.496039797745075e+01
3.720600000000000e+01 -7.496039797745033e+01
3.728868000000000e+01 -7.496039797745009e+01
3.737136000000000e+01 -7.496039797745007e+01
3.745404000000000e+01 -7.496039797745004e+01
3.753672000000000e+01 -7.496039797744962e+01
3.761940000000000e+01 -7.496039797744935e+01
3.770208000000000e+01 -7.496039797744949e+01
3.778476000000000e+01 -7.496039797744935e+01
3.786744000000000e+01 -7.496039797744888e+01
3.795012000000000e+01 -7.496039797744859e+01
3.803280000000000e+01 -7.496039797744874e+01
3.811548000000001e+01 -7.496039797744847e+01
3.819816000000000e+01 -7.496039797744797e+01
3.828084000000000e+01 -7.496039797744777e+01
3.836352000000000e+01 -7.496039797744784e+01
3.844620000000000e+01 -7.496039797744756e+01
3.852888000000000e+01 -7.496039797744707e+01
3.861156000000000e+01 -7.496039797744697e+01
3.869424000000000e+01 -7.496039797744704e+01
3.877692000000000e+01 -7.496039797744670e+01
3.885960000000000e+01 -7.496039797744621e+01
3.894228000000000e+01 -7.496039797744615e+01
3.902496000000000e+01 -7.496039797744618e+01
3.910764000000000e+01 -7.496039797744577e+01
3.919032000000000e+01 -7.496039797744521e+01
3.927300000000000e+01 -7.496039797744511e+01
3.935568000000000e+01 -7.496039797744508e+01
3.943836000000000e+01 -7.496039797744470e+01
3.952104000000000e+01 -7.496039797744415e+01
3.960372000000000e+01 -7.496039797744405e+01
3.968640000000000e+01 -7.496039797744406e+01
3.976908000000000e+01 -7.496039797744366e+01
3.985176000000000e+01 -7.496039797744321e+01
3.993444000000000e+01 -7.496039797744304e+01
4.001712000000000e+01 -7.496039797744302e+01
4.009980000000000e+01 -7.496039797744265e+01
4.018248000000000e+01 -7.496039797744214e+01
4.026516000000000e+01 -7.496039797744199e+01
4.034784000000001e+01 -7.496039797744203e+01
4.043052000000000e+01 -7.496039797744154e+01
4.051320000000000e+01 -7.496039797744099e+01
4.059588000000000e+01 -7.496039797744085e+01
4.067856000000000e+01 -7.496039797744091e+01
4.076124000000000e+01 -7.496039797744035e+01
4.084392000000000e+01 -7.496039797743983e+01
4.092660000000000e+01 -7.496039797743978e+01
4.100928000000000e+01 -7.496039797743971e+01
4.109196000000000e+01 -7.496039797743913e+01
4.117464000000000e+01 -7.496039797743857e+01
4.125732000000000e+01 -7.496039797743862e+01
4.134000000000000e+01 -7.496039797743849e+01
4.142268000000000e+01 -7.496039797743782e+01
4.150536000000000e+01 -7.496039797743730e+01
4.158804000000000e+01 -7.496039797743742e+01
4.167072000000000e+01 -7.496039797743724e+01
4.175340000000000e+01 -7.496039797743650e+01
4.183608000000000e+01 -7.496039797743609e+01
4.191876000000000e+01 -7.496039797743612e+01
4.200144000000000e+01 -7.496039797743579e+01
4.208412000000000e+01 -7.496039797743506e+01
4.216680000000000e+01 -7.496039797743467e+01
4.224948000000000e+01 -7.496039797743465e+01
4.233216000000000e+01 -7.496039797743431e+01
4.241484000000001e+01 -7.496039797743350e+01
4.249752000000000e+01 -7.496039797743327e+01
4.258020000000000e+01 -7.496039797743315e+01
4.266288000000000e+01 -7.496039797743272e+01
4.274556000000000e+01 -7.496039797743195e+01
4.282824000000000e+01 -7.496039797743161e+01
4.291092000000000e+01 -7.496039797743144e+01
4.299360000000000e+01 -7.496039797743092e+01
4.307628000000000e+01 -7.496039797743019e+01
4.315896000000000e+01 -7.496039797742981e+01
4.324164000000000e+01 -7.496039797742610e+01
4.332432000000000e+01 -7.496039797742556e+01
4.340700000000000e+01 -7.496039797742480e+01
4.348968000000000e+01 -7.496039797740687e+01
4.357236000000000e+01 -7.496039797740369e+01
4.365504000000000e+01 -7.496039797740305e+01
4.373772000000000e+01 -7.496039797740227e+01
4.382040000000000e+01 -7.496039797738453e+01
4.390308000000000e+01 -7.496039797738143e+01
4.398576000000000e+01 -7.496039797738071e+01
4.406844000000000e+01 -7.496039797737991e+01
4.415112000000000e+01 -7.496039797736388e+01
4.423380000000000e+01 -7.496039797736357e+01
4.431648000000000e+01 -7.496039797736282e+01
4.439916000000000e+01 -7.496039797736213e+01
4.448184000000001e+01 -7.496039797734896e+01
4.456452000000000e+01 -7.496039797734853e+01
4.464720000000001e+01 -7.496039797734772e+01
4.472988000000000e+01 -7.496039797734706e+01
4.481256000000000e+01 -7.496039797733683e+01
4.489524000000000e+01 -7.496039797733640e+01
4.497792000000000e+01 -7.496039797733567e+01
4.506060000000000e+01 -7.496039797733515e+01
4.514328000000000e+01 -7.496039797733492e+01
4.522596000000000e+01 -7.496039797733447e+01
4.530864000000000e+01 -7.496039797733376e+01
4.539132000000000e+01 -7.496039797733333e+01
4.547400000000000e+01 -7.496039797733310e+01
4.555668000000000e+01 -7.496039797733269e+01
4.563936000000000e+01 -7.496039797733195e+01
4.572204000000000e+01 -7.496039797733154e+01
4.580472000000000e+01 -7.496039797733127e+01
4.588740000000000e+01 -7.496039797733084e+01
4.597008000000000e+01 -7.496039797733019e+01
4.605276000000000e+01 -7.496039797732983e+01
4.613544000000000e+01 -7.496039797732961e+01
4.621812000000000e+01 -7.496039797732914e+01
4.630080000000000e+01 -7.496039797732857e+01
4.638348000000000e+01 -7.496039797732821e+01
4.646616000000000e+01 -7.496039797732807e+01
4.654884000000000e+01 -7.496039797732759e+01
4.663152000000000e+01 -7.496039797732701e+01
4.671420000000001e+01 -7.496039797732672e+01
4.679688000000000e+01 -7.496039797732658e+01
4.687956000000001e+01 -7.496039797732611e+01
4.696224000000000e+01 -7.496039797732556e+01
4.704492000000000e+01 -7.496039797732534e+01
4.712760000000000e+01 -7.496039797732521e+01
4.721028000000000e+01 -7.496039797732476e+01
4.729296000000000e+01 -7.496039797732421e+01
4.737564000000000e+01 -7.496039797732399e+01
4.745832000000000e+01 -7.496039797732388e+01
4.754100000000000e+01 -7.496039797732337e+01
4.762368000000000e+01 -7.496039797732291e+01
4.770636000000000e+01 -7.496039797732286e+01
4.778904000000000e+01 -7.496039797732274e+01
4.787172000000000e+01 -7.496039797732224e+01
4.795440000000000e+01 -7.496039797732183e+01
4.803708000000000e+01 -7.496039797732180e+01
4.811976000000000e+01 -7.496039797732163e+01
4.820244000000000e+01 -7.496039797732115e+01
4.828512000000000e+01 -7.496039797732082e+01
4.836780000000000e+01 -7.496039797732082e+01
4.845048000000000e+01 -7.496039797732054e+01
4.853316000000000e+01 -7.496039797732011e+01
4.861584000000000e+01 -7.496039797731984e+01
4.869852000000000e+01 -7.496039797731973e+01
4.878120000000001e+01 -7.496039797731947e+01
4.886388000000000e+01 -7.496039797731910e+01
4.894656000000001e+01 -7.496039797731889e+01
4.902924000000000e+01 -7.496039797731881e+01
4.911192000000000e+01 -7.496039797731866e+01
4.919460000000000e+01 -7.496039797731828e+01
4.927728000000000e+01 -7.496039797731808e+01
4.935996000000000e+01 -7.496039797731800e+01
4.944264000000000e+01 -7.496039797731788e+01
4.952532000000000e+01 -7.496039797731750e+01
4.960800000000000e+01 -7.496039797731726e+01
4.969068000000000e+01 -7.496039797731723e+01
4.977336000000000e+01 -7.496039797731706e+01
4.985604000000000e+01 -7.496039797731669e+01
4.993872000000000e+01 -7.496039797731648e+01
5.002140000000000e+01 -7.496039797731648e+01
5.010408000000000e+01 -7.496039797731626e+01
5.018676000000000e+01 -7.496039797731581e+01
5.026944000000000e+01 -7.496039797731559e+01
5.035212000000000e+01 -7.496039797731571e+01
5.043480000000000e+01 -7.496039797731544e+01
5.051748000000000e+01 -7.496039797731507e+01
5.060016000000000e+01 -7.496039797731494e+01
5.068284000000000e+01 -7.496039797731503e+01
5.076552000000000e+01 -7.496039797731474e+01
5.084820000000001e+01 -7.496039797731433e+01
5.093088000000000e+01 -7.496039797731429e+01
5.101356000000001e+01 -7.496039797731426e+01
5.109624000000000e+01 -7.496039797731393e+01
5.117892000000001e+01 -7.496039797731355e+01
5.126160000000000e+01 -7.496039797731353e+01
5.134428000000000e+01 -7.496039797731345e+01
5.142696000000000e+01 -7.496039797731309e+01
5.150964000000000e+01 -7.496039797731274e+01
5.159232000000000e+01 -7.496039797731265e+01
5.167500000000000e+01 -7.496039797731254e+01
5.175768000000000e+01 -7.496039797731224e+01
5.184036000000000e+01 -7.496039797731181e+01
5.192304000000000e+01 -7.496039797731169e+01
5.200572000000000e+01 -7.496039797731160e+01
5.208840000000000e+01 -7.496039797731123e+01
5.217108000000000e+01 -7.496039797731081e+01
5.225376000000000e+01 -7.496039797731058e+01
5.233644000000000e+01 -7.496039797731065e+01
5.241912000000000e+01 -7.496039797731025e+01
5.250180000000000e+01 -7.496039797730980e+01
5.258448000000000e+01 -7.496039797730960e+01
5.266716000000000e+01 -7.496039797730968e+01
5.274984000000000e+01 -7.496039797730923e+01
5.283252000000000e+01 -7.496039797730870e+01
5.291520000000000e+01 -7.496039797730860e+01
5.299788000000000e+01 -7.496039797730857e+01
5.308056000000001e+01 -7.496039797730808e+01
5.316324000000000e+01 -7.496039797730757e+01
5.324592000000001e+01 -7.496039797730759e+01
5.332860000000000e+01 -7.496039797730754e+01
5.341128000000000e+01 -7.496039797730697e+01
5.349396000000000e+01 -7.496039797730650e+01
5.357664000000000e+01 -7.496039797730658e+01
5.365932000000000e+01 -7.496039797730653e+01
5.374200000000000e+01 -7.496039797730597e+01
5.382468000000000e+01 -7.496039797730559e+01
5.390736000000000e+01 -7.496039797730570e+01
5.399004000000000e+01 -7.496039797730552e+01
5.407272000000000e+01 -7.496039797730496e+01
5.415540000000000e+01 -7.496039797730464e+01
5.423808000000000e+01 -7.496039797730469e+01
5.432076000000000e+01 -7.496039797730454e+01
5.440344000000000e+01 -7.496039797730401e+01
5.448612000000000e+01 -7.496039797730381e+01
5.456880000000000e+01 -7.496039797730383e+01
5.465148000000000e+01 -7.496039797730363e+01
5.473416000000000e+01 -7.496039797730307e+01
5.481684000000000e+01 -7.496039797730276e+01
5.489952000000000e+01 -7.496039797730276e+01
5.498220000000000e+01 -7.496039797730261e+01
5.506488000000000e+01 -7.496039797730205e+01
5.514756000000001e+01 -7.496039797730170e+01
5.523024000000000e+01 -7.496039797730170e+01
5.531292000000001e+01 -7.496039797730151e+01
5.539560000000000e+01 -7.496039797730090e+01
5.547828000000001e+01 -7.496039797730056e+01
5.556096000000000e+01 -7.496039797730060e+01
5.564364000000000e+01 -7.496039797730029e+01
5.572632000000000e+01 -7.496039797729969e+01
5.580900000000000e+01 -7.496039797729937e+01
5.589168000000000e+01 -7.496039797729951e+01
5.597436000000000e+01 -7.496039797729908e+01
5.605704000000000e+01 -7.496039797729836e+01
5.613972000000000e+01 -7.496039797729810e+01
5.622240000000000e+01 -7.496039797729819e+01
5.630508000000000e+01 -7.496039797729769e+01
5.638776000000000e+01 -7.496039797729701e+01
5.647044000000000e+01 -7.496039797729685e+01
5.655312000000000e+01 -7.496039797729684e+01
5.663580000000000e+01 -7.496039797729624e+01
5.671848000000000e+01 -7.496039797729557e+01
5.680116000000000e+01 -7.496039797729543e+01
5.688384000000000e+01 -7.496039797729522e+01
5.696652000000000e+01 -7.496039797729465e+01
5.704920000000000e+01 -7.496039797729404e+01
5.713188000000000e+01 -7.496039797729391e+01
5.721456000000001e+01 -7.496039797729367e+01
5.729724000000000e+01 -7.496039797729301e+01
5.737992000000001e+01 -7.496039797729244e+01
5.746260000000000e+01 -7.496039797729230e+01
5.754528000000001e+01 -7.496039797729200e+01
5.762796000000000e+01 -7.496039797729131e+01
5.771064000000001e+01 -7.496039797729075e+01
5.779332000000000e+01 -7.496039797728206e+01
5.787600000000000e+01 -7.496039797728180e+01
5.795868000000000e+01 -7.496039797728105e+01
5.804136000000000e+01 -7.496039797728054e+01
5.812404000000000e+01 -7.496039797727205e+01
5.820672000000000e+01 -7.496039797727171e+01
5.828940000000000e+01 -7.496039797727103e+01
5.837208000000000e+01 -7.496039797727055e+01
5.845476000000000e+01 -7.496039797726266e+01
5.853744000000000e+01 -7.496039797726237e+01
5.862012000000000e+01 -7.496039797726166e+01
5.870280000000000e+01 -7.496039797726115e+01
5.878548000000000e+01 -7.496039797725473e+01
5.886816000000000e+01 -7.496039797725430e+01
5.895084000000000e+01 -7.496039797725358e+01
5.903352000000000e+01 -7.496039797725309e+01
5.911620000000000e+01 -7.496039797724811e+01
5.919888000000000e+01 -7.496039797724767e+01
5.928156000000001e+01 -7.496039797724696e+01
5.936424000000000e+01 -7.496039797722634e+01
5.944692000000001e+01 -7.496039797722248e+01
5.952960000000000e+01 -7.496039797722202e+01
5.961228000000001e+01 -7.496039797722122e+01
5.969496000000000e+01 -7.496039797722089e+01
5.977764000000001e+01 -7.496039797722079e+01
5.986032000000000e+01 -7.496039797722023e+01
5.994300000000000e+01 -7.496039797721949e+01
6.002568000000000e+01 -7.496039797721919e+01
6.010836000000000e+01 -7.496039797721896e+01
6.019104000000000e+01 -7.496039797721839e+01
6.027372000000000e+01 -7.496039797721774e+01
6.035640000000000e+01 -7.496039797721754e+01
6.043908000000000e+01 -7.496039797721730e+01
6.052176000000000e+01 -7.496039797721676e+01
6.060444000000000e+01 -7.496039797721619e+01
6.068712000000000e+01 -7.496039797721599e+01
6.076980000000000e+01 -7.496039797721571e+01
6.085248000000000e+01 -7.496039797721510e+01
6.093516000000000e+01 -7.496039797721453e+01
6.101784000000000e+01 -7.496039797721427e+01
6.110052000000000e+01 -7.496039797721396e+01
6.118320000000000e+01 -7.496039797721339e+01
6.126588000000000e+01 -7.496039797721292e+01
6.134856000000000e+01 -7.496039797721269e+01
6.143124000000000e+01 -7.496039797721242e+01
6.151392000000001e+01 -7.496039797721181e+01
6.159660000000000e+01 -7.496039797721143e+01
6.167928000000001e+01 -7.496039797721116e+01
6.176196000000000e+01 -7.496039797721093e+01
6.184464000000001e+01 -7.496039797721032e+01
6.192732000000000e+01 -7.496039797720985e+01
6.201000000000001e+01 -7.496039797720969e+01
6.209268000000000e+01 -7.496039797720934e+01
6.217536000000000e+01 -7.496039797720879e+01
6.225804000000000e+01 -7.496039797720840e+01
6.234072000000000e+01 -7.496039797720836e+01
6.242340000000000e+01 -7.496039797720798e+01
6.250608000000000e+01 -7.496039797720736e+01
6.258876000000000e+01 -7.496039797720708e+01
6.267144000000000e+01 -7.496039797720705e+01
6.275412000000000e+01 -7.496039797720660e+01
6.283680000000000e+01 -7.496039797720613e+01
6.291948000000000e+01 -7.496039797720589e+01
6.300216000000000e+01 -7.496039797720589e+01
6.308484000000000e+01 -7.496039797720539e+01
6.316752000000000e+01 -7.496039797720486e+01
6.325020000000000e+01 -7.496039797720481e+01
6.333288000000000e+01 -7.496039797720468e+01
6.341556000000000e+01 -7.496039797720428e+01
6.349824000000000e+01 -7.496039797720391e+01
6.358092000000001e+01 -7.496039797720378e+01
6.366360000000000e+01 -7.496039797720360e+01
6.374628000000001e+01 -7.496039797720327e+01
6.382896000000000e+01 -7.496039797720283e+01
6.391164000000001e+01 -7.496039797720265e+01
6.399432000000000e+01 -7.496039797720249e+01
6.407700000000000e+01 -7.496039797720212e+01
6.415968000000001e+01 -7.496039797720171e+01
6.424236000000001e+01 -7.496039797720154e+01
6.432504000000000e+01 -7.496039797720141e+01
6.440772000000000e+01 -7.496039797720105e+01
6.449040000000001e+01 -7.496039797720057e+01
6.457308000000000e+01 -7.496039797720040e+01
6.465576000000000e+01 -7.496039797720042e+01
6.473844000000000e+01 -7.496039797720005e+01
6.482112000000001e+01 -7.496039797719962e+01
6.490380000000000e+01 -7.496039797719948e+01
6.498648000000000e+01 -7.496039797719943e+01
6.506916000000000e+01 -7.496039797719891e+01
6.515184000000001e+01 -7.496039797719851e+01
6.523452000000000e+01 -7.496039797719845e+01
6.531720000000000e+01 -7.496039797719837e+01
6.539988000000000e+01 -7.496039797719787e+01
6.548256000000001e+01 -7.496039797719747e+01
6.556524000000000e+01 -7.496039797719749e+01
6.564792000000000e+01 -7.496039797719735e+01
6.573060000000001e+01 -7.496039797719691e+01
6.581328000000001e+01 -7.496039797719654e+01
6.589596000000000e+01 -7.496039797719658e+01
6.597864000000000e+01 -7.496039797719635e+01
6.606132000000001e+01 -7.496039797719592e+01
6.614400000000001e+01 -7.496039797719563e+01
6.622668000000000e+01 -7.496039797719568e+01
6.630936000000000e+01 -7.496039797719543e+01
6.639204000000001e+01 -7.496039797719502e+01
6.647472000000000e+01 -7.496039797719476e+01
6.655740000000000e+01 -7.496039797719480e+01
6.664008000000000e+01 -7.496039797719470e+01
6.672276000000001e+01 -7.496039797719430e+01
6.680544000000000e+01 -7.496039797719406e+01
6.688812000000000e+01 -7.496039797719395e+01
6.697080000000000e+01 -7.496039797719384e+01
6.705348000000001e+01 -7.496039797719345e+01
6.713616000000000e+01 -7.496039797719317e+01
6.721884000000000e+01 -7.496039797719313e+01
6.730152000000000e+01 -7.496039797719301e+01
6.738420000000001e+01 -7.496039797719251e+01
6.746688000000000e+01 -7.496039797719224e+01
6.754956000000000e+01 -7.496039797719229e+01
6.763224000000000e+01 -7.496039797719219e+01
6.771492000000001e+01 -7.496039797719168e+01
6.779760000000000e+01 -7.496039797719142e+01
6.788028000000000e+01 -7.496039797719152e+01
6.796296000000001e+01 -7.496039797719132e+01
6.804564000000001e+01 -7.496039797719082e+01
6.812832000000000e+01 -7.496039797719060e+01
6.821100000000000e+01 -7.496039797719079e+01
6.829368000000001e+01 -7.496039797719047e+01
6.837636000000001e+01 -7.496039797718997e+01
6.845904000000000e+01 -7.496039797718984e+01
6.854172000000000e+01 -7.496039797718988e+01
6.862440000000001e+01 -7.496039797718947e+01
6.870708000000000e+01 -7.496039797718885e+01
6.878976000000000e+01 -7.496039797718880e+01
6.887244000000000e+01 -7.496039797718883e+01
6.895512000000001e+01 -7.496039797718839e+01
6.903780000000000e+01 -7.496039797718792e+01
6.912048000000000e+01 -7.496039797718787e+01
6.920316000000000e+01 -7.496039797718784e+01
6.928584000000001e+01 -7.496039797718740e+01
6.936852000000000e+01 -7.496039797718689e+01
6.945120000000000e+01 -7.496039797718686e+01
6.953388000000000e+01 -7.496039797718680e+01
6.961656000000001e+01 -7.496039797718636e+01
6.969924000000000e+01 -7.496039797718591e+01
6.978192000000000e+01 -7.496039797718576e+01
6.986460000000001e+01 -7.496039797718571e+01
6.994728000000001e+01 -7.496039797718527e+01
7.002996000000000e+01 -7.496039797718475e+01
7.011264000000000e+01 -7.496039797718457e+01
7.019532000000001e+01 -7.496039797718454e+01
7.027800000000001e+01 -7.496039797718400e+01
7.036068000000000e+01 -7.496039797718350e+01
7.044336000000000e+01 -7.496039797718343e+01
7.052604000000001e+01 -7.496039797718339e+01
7.060872000000001e+01 -7.496039797718269e+01
7.069140000000000e+01 -7.496039797718217e+01
7.077408000000000e+01 -7.496039797718207e+01
7.085676000000001e+01 -7.496039797718194e+01
7.093944000000000e+01 -7.496039797718132e+01
7.102212000000000e+01 -7.496039797718073e+01
7.110480000000000e+01 -7.496039797718073e+01
7.118748000000001e+01 -7.496039797718051e+01
7.127016000000000e+01 -7.496039797717982e+01
7.135284000000000e+01 -7.496039797717934e+01
7.143552000000000e+01 -7.496039797717947e+01
7.151820000000001e+01 -7.496039797717920e+01
7.160088000000000e+01 -7.496039797717847e+01
7.168356000000000e+01 -7.496039797717800e+01
7.176624000000000e+01 -7.496039797717806e+01
7.184892000000001e+01 -7.496039797717769e+01
7.193160000000000e+01 -7.496039797717691e+01
7.201428000000000e+01 -7.496039797717654e+01
7.209696000000001e+01 -7.496039797717653e+01
7.217964000000001e+01 -7.496039797717616e+01
7.226232000000000e+01 -7.496039797717535e+01
7.234500000000000e+01 -7.496039797717505e+01
7.242768000000001e+01 -7.496039797717495e+01
7.251036000000001e+01 -7.496039797717454e+01
7.259304000000000e+01 -7.496039797717378e+01
7.267572000000000e+01 -7.496039797717349e+01
7.275840000000001e+01 -7.496039797717330e+01
7.284108000000001e+01 -7.496039797717279e+01
7.292376000000000e+01 -7.496039797717204e+01
7.300644000000000e+01 -7.496039797715702e+01
7.308912000000001e+01 -7.496039797715368e+01
7.317180000000000e+01 -7.496039797715314e+01
7.325448000000000e+01 -7.496039797715238e+01
7.333716000000000e+01 -7.496039797713689e+01
7.341984000000001e+01 -7.496039797713347e+01
7.350252000000000e+01 -7.496039797713280e+01
7.358520000000000e+01 -7.496039797713210e+01
7.366788000000000e+01 -7.496039797711634e+01
7.375056000000001e+01 -7.496039797711258e+01
7.383324000000000e+01 -7.496039797711190e+01
7.391592000000000e+01 -7.496039797711121e+01
7.399860000000000e+01 -7.496039797709608e+01
7.408128000000001e+01 -7.496039797709130e+01
7.416396000000000e+01 -7.496039797709059e+01
7.424664000000000e+01 -7.496039797708993e+01
7.432932000000001e+01 -7.496039797707665e+01
7.441200000000001e+01 -7.496039797707631e+01
7.449468000000000e+01 -7.496039797707550e+01
7.457736000000000e+01 -7.496039797707486e+01
7.466004000000001e+01 -7.496039797706391e+01
7.474272000000001e+01 -7.496039797706342e+01
7.482540000000000e+01 -7.496039797706268e+01
7.490808000000000e+01 -7.496039797706212e+01
7.499076000000001e+01 -7.496039797706193e+01
7.507344000000001e+01 -7.496039797706145e+01
7.515612000000000e+01 -7.496039797706074e+01
7.523880000000000e+01 -7.496039797706034e+01
7.532148000000001e+01 -7.496039797706015e+01
7.540416000000000e+01 -7.496039797705966e+01
7.548684000000000e+01 -7.496039797705895e+01
7.556952000000000e+01 -7.496039797705856e+01
7.565220000000001e+01 -7.496039797705834e+01
7.573488000000000e+01 -7.496039797705791e+01
7.581756000000000e+01 -7.496039797705728e+01
7.590024000000000e+01 -7.496039797705694e+01
7.598292000000001e+01 -7.496039797705669e+01
7.606560000000000e+01 -7.496039797705625e+01
7.614828000000000e+01 -7.496039797705566e+01
7.623096000000001e+01 -7.496039797705537e+01
7.631364000000001e+01 -7.496039797705519e+01
7.639632000000000e+01 -7.496039797705477e+01
7.647900000000000e+01 -7.496039797705424e+01
7.656168000000001e+01 -7.496039797705394e+01
7.664436000000001e+01 -7.496039797705376e+01
7.672704000000000e+01 -7.496039797705332e+01
7.680972000000000e+01 -7.496039797705285e+01
7.689240000000001e+01 -7.496039797705255e+01
7.697508000000001e+01 -7.496039797705239e+01
7.705776000000000e+01 -7.496039797705191e+01
7.714044000000000e+01 -7.496039797705139e+01
7.722312000000001e+01 -7.496039797705122e+01
7.730580000000000e+01 -7.496039797705106e+01
7.738848000000000e+01 -7.496039797705056e+01
7.747116000000000e+01 -7.496039797705015e+01
7.755384000000001e+01 -7.496039797705006e+01
7.763652000000000e+01 -7.496039797704991e+01
7.771920000000000e+01 -7.496039797704940e+01
7.780188000000000e+01 -7.496039797704906e+01
7.788456000000001e+01 -7.496039797704903e+01
7.796724000000000e+01 -7.496039797704877e+01
7.804992000000000e+01 -7.496039797704834e+01
7.813260000000000e+01 -7.496039797704805e+01
7.821528000000001e+01 -7.496039797704807e+01
7.829796000000000e+01 -7.496039797704788e+01
7.838064000000000e+01 -7.496039797704744e+01
7.846332000000001e+01 -7.496039797704719e+01
7.854600000000001e+01 -7.496039797704717e+01
7.862868000000000e+01 -7.496039797704695e+01
7.871136000000000e+01 -7.496039797704654e+01
7.879404000000001e+01 -7.496039797704636e+01
7.887672000000001e+01 -7.496039797704620e+01
7.895940000000000e+01 -7.496039797704597e+01
7.904208000000000e+01 -7.496039797704559e+01
7.912476000000001e+01 -7.496039797704537e+01
7.920744000000001e+01 -7.496039797704526e+01
7.929012000000000e+01 -7.496039797704509e+01
7.937280000000000e+01 -7.496039797704474e+01
7.945548000000001e+01 -7.496039797704454e+01
7.953816000000000e+01 -7.496039797704445e+01
7.962084000000000e+01 -7.496039797704432e+01
7.970352000000000e+01 -7.496039797704395e+01
7.978620000000001e+01 -7.496039797704374e+01
7.986888000000000e+01 -7.496039797704374e+01
7.995156000000000e+01 -7.496039797704357e+01
8.003424000000000e+01 -7.496039797704319e+01
8.011692000000001e+01 -7.496039797704289e+01
8.019960000000000e+01 -7.496039797704296e+01
8.028228000000000e+01 -7.496039797704267e+01
8.036496000000000e+01 -7.496039797704223e+01
8.044764000000001e+01 -7.496039797704205e+01
8.053032000000000e+01 -7.496039797704211e+01
8.061300000000000e+01 -7.496039797704172e+01
8.069568000000001e+01 -7.496039797704132e+01
8.077836000000001e+01 -7.496039797704120e+01
8.086104000000000e+01 -7.496039797704124e+01
8.094372000000000e+01 -7.496039797704093e+01
8.102640000000001e+01 -7.496039797704044e+01
8.110908000000001e+01 -7.496039797704043e+01
8.119176000000000e+01 -7.496039797704036e+01
8.127444000000000e+01 -7.496039797704002e+01
8.135712000000001e+01 -7.496039797703958e+01
8.143980000000001e+01 -7.496039797703953e+01
8.152248000000000e+01 -7.496039797703939e+01
8.160516000000000e+01 -7.496039797703907e+01
8.168784000000001e+01 -7.496039797703865e+01
8.177052000000000e+01 -7.496039797703851e+01
8.185320000000000e+01 -7.496039797703843e+01
8.193588000000000e+01 -7.496039797703807e+01
8.201856000000001e+01 -7.496039797703763e+01
8.210124000000000e+01 -7.496039797703746e+01
8.218392000000000e+01 -7.496039797703737e+01
8.226660000000000e+01 -7.496039797703696e+01
8.234928000000001e+01 -7.496039797703644e+01
8.243196000000000e+01 -7.496039797703631e+01
8.251464000000000e+01 -7.496039797703627e+01
8.259732000000001e+01 -7.496039797703577e+01
8.268000000000001e+01 -7.496039797703521e+01
8.276268000000000e+01 -7.496039797703514e+01
8.284536000000000e+01 -7.496039797703514e+01
8.292804000000001e+01 -7.496039797703456e+01
8.301072000000001e+01 -7.496039797703402e+01
8.309340000000000e+01 -7.496039797703402e+01
8.317608000000000e+01 -7.496039797703401e+01
8.325876000000001e+01 -7.496039797703341e+01
8.334144000000001e+01 -7.496039797703290e+01
8.342412000000000e+01 -7.496039797703300e+01
8.350680000000000e+01 -7.496039797703290e+01
8.358948000000001e+01 -7.496039797703220e+01
8.367216000000001e+01 -7.496039797703183e+01
8.375484000000000e+01 -7.496039797703196e+01
8.383752000000000e+01 -7.496039797703180e+01
8.392020000000001e+01 -7.496039797703116e+01
8.400288000000000e+01 -7.496039797703081e+01
8.408556000000000e+01 -7.496039797703092e+01
8.416824000000000e+01 -7.496039797703067e+01
8.425092000000001e+01 -7.496039797703004e+01
8.433360000000000e+01 -7.496039797702977e+01
8.441628000000000e+01 -7.496039797702980e+01
8.449896000000000e+01 -7.496039797702957e+01
8.458164000000001e+01 -7.496039797702896e+01
8.466432000000000e+01 -7.496039797702873e+01
8.474700000000000e+01 -7.496039797702876e+01
8.482968000000001e+01 -7.496039797702846e+01
8.491236000000001e+01 -7.496039797702781e+01
8.499504000000000e+01 -7.496039797702760e+01
8.507772000000000e+01 -7.496039797702760e+01
8.516040000000001e+01 -7.496039797702728e+01
8.524308000000001e+01 -7.496039797702666e+01
8.532576000000000e+01 -7.496039797702639e+01
8.540844000000000e+01 -7.496039797702642e+01
8.549112000000001e+01 -7.496039797702602e+01
8.557380000000001e+01 -7.496039797702539e+01
8.565648000000000e+01 -7.496039797702510e+01
8.573916000000000e+01 -7.496039797702521e+01
8.582184000000001e+01 -7.496039797702473e+01
8.590452000000001e+01 -7.496039797702400e+01
8.598720000000000e+01 -7.496039797702375e+01
8.606988000000000e+01 -7.496039797702377e+01
8.615256000000001e+01 -7.496039797702319e+01
8.623524000000000e+01 -7.496039797702245e+01
8.631792000000000e+01 -7.496039797702230e+01
8.640060000000000e+01 -7.496039797702220e+01
8.648328000000001e+01 -7.496039797702153e+01
8.656596000000000e+01 -7.496039797702082e+01
8.664864000000000e+01 -7.496039797702076e+01
8.673132000000000e+01 -7.496039797702065e+01
8.681400000000001e+01 -7.496039797701997e+01
8.689668000000000e+01 -7.496039797701930e+01
8.697936000000000e+01 -7.496039797701923e+01
8.706204000000001e+01 -7.496039797701897e+01
8.714472000000001e+01 -7.496039797701820e+01
8.722740000000000e+01 -7.496039797701758e+01
8.731008000000000e+01 -7.496039797701754e+01
8.739276000000001e+01 -7.496039797701715e+01
8.747544000000001e+01 -7.496039797701637e+01
8.755812000000000e+01 -7.496039797701587e+01
8.764080000000000e+01 -7.496039797701572e+01
8.772348000000001e+01 -7.496039797701540e+01
8.780616000000001e+01 -7.496039797701471e+01
8.788884000000000e+01 -7.496039797701431e+01
8.797152000000000e+01 -7.496039797700669e+01
8.805420000000001e+01 -7.496039797700629e+01
8.813688000000000e+01 -7.496039797700553e+01
8.821956000000000e+01 -7.496039797700506e+01
8.830224000000000e+01 -7.496039797699780e+01
8.838492000000001e+01 -7.496039797699751e+01
8.846760000000000e+01 -7.496039797699676e+01
8.855028000000000e+01 -7.496039797697708e+01
8.863296000000000e+01 -7.496039797697068e+01
8.871564000000001e+01 -7.496039797697021e+01
8.879832000000000e+01 -7.496039797696955e+01
8.888100000000000e+01 -7.496039797694962e+01
8.896368000000001e+01 -7.496039797694421e+01
8.904636000000001e+01 -7.496039797694374e+01
8.912904000000000e+01 -7.496039797694306e+01
8.921172000000000e+01 -7.496039797692347e+01
8.929440000000001e+01 -7.496039797691880e+01
8.937708000000001e+01 -7.496039797691829e+01
8.945976000000000e+01 -7.496039797691762e+01
8.954244000000000e+01 -7.496039797691732e+01
8.962512000000001e+01 -7.496039797691714e+01
8.970780000000001e+01 -7.496039797691661e+01
8.979048000000000e+01 -7.496039797691598e+01
8.987316000000000e+01 -7.496039797691580e+01
8.995584000000001e+01 -7.496039797691560e+01
9.003852000000001e+01 -7.496039797691496e+01
9.012120000000000e+01 -7.496039797691434e+01
9.020388000000000e+01 -7.496039797691421e+01
9.028656000000001e+01 -7.496039797691395e+01
9.036924000000000e+01 -7.496039797691336e+01
9.045192000000000e+01 -7.496039797691284e+01
9.053460000000000e+01 -7.496039797691273e+01
9.061728000000001e+01 -7.496039797691243e+01
9.069996000000000e+01 -7.496039797691185e+01
9.078264000000000e+01 -7.496039797691137e+01
9.086532000000000e+01 -7.496039797691118e+01
9.094800000000001e+01 -7.496039797691090e+01
9.103068000000000e+01 -7.496039797691037e+01
9.111336000000000e+01 -7.496039797690990e+01
9.119604000000001e+01 -7.496039797690969e+01
9.127872000000001e+01 -7.496039797690936e+01
9.136140000000000e+01 -7.496039797690884e+01
9.144408000000000e+01 -7.496039797690844e+01
9.152676000000001e+01 -7.496039797690825e+01
9.160944000000001e+01 -7.496039797690800e+01
9.169212000000000e+01 -7.496039797690746e+01
9.177480000000000e+01 -7.496039797690705e+01
9.185748000000001e+01 -7.496039797690686e+01
9.194016000000001e+01 -7.496039797690658e+01
9.202284000000000e+01 -7.496039797690607e+01
9.210552000000000e+01 -7.496039797690574e+01
9.218820000000001e+01 -7.496039797690563e+01
9.227088000000001e+01 -7.496039797690531e+01
9.235356000000000e+01 -7.496039797690486e+01
9.243624000000000e+01 -7.496039797690459e+01
9.251892000000001e+01 -7.496039797690449e+01
9.260160000000000e+01 -7.496039797690409e+01
9.268428000000000e+01 -7.496039797690364e+01
9.276696000000000e+01 -7.496039797690349e+01
9.284964000000001e+01 -7.496039797690341e+01
9.293232000000000e+01 -7.496039797690302e+01
9.301500000000000e+01 -7.496039797690261e+01
9.309768000000000e+01 -7.496039797690250e+01
9.318036000000001e+01 -7.496039797690239e+01
9.326304000000000e+01 -7.496039797690204e+01
9.334572000000000e+01 -7.496039797690167e+01
9.342840000000001e+01 -7.496039797690152e+01
9.351108000000001e+01 -7.496039797690136e+01
9.359376000000000e+01 -7.496039797690099e+01
9.367644000000000e+01 -7.496039797690064e+01
9.375912000000001e+01 -7.496039797690054e+01
9.384180000000001e+01 -7.496039797690037e+01
9.392448000000000e+01 -7.496039797690010e+01
9.400716000000000e+01 -7.496039797689969e+01
9.408984000000001e+01 -7.496039797689951e+01
9.417252000000001e+01 -7.496039797689940e+01
9.425520000000000e+01 -7.496039797689912e+01
9.433788000000000e+01 -7.496039797689876e+01
9.442056000000001e+01 -7.496039797689861e+01
9.450324000000001e+01 -7.496039797689852e+01
9.458592000000000e+01 -7.496039797689812e+01
9.466860000000000e+01 -7.496039797689767e+01
9.475128000000001e+01 -7.496039797689747e+01
9.483396000000000e+01 -7.496039797689745e+01
9.491664000000000e+01 -7.496039797689704e+01
9.499932000000000e+01 -7.496039797689659e+01
9.508200000000001e+01 -7.496039797689646e+01
9.516468000000000e+01 -7.496039797689640e+01
9.524736000000000e+01 -7.496039797689583e+01
9.533004000000001e+01 -7.496039797689535e+01
9.541272000000001e+01 -7.496039797689539e+01
9.549540000000000e+01 -7.496039797689524e+01
9.557808000000000e+01 -7.496039797689471e+01
9.566076000000001e+01 -7.496039797689428e+01
9.574344000000001e+01 -7.496039797689433e+01
9.582612000000000e+01 -7.496039797689411e+01
9.590880000000000e+01 -7.496039797689360e+01
9.599148000000001e+01 -7.496039797689328e+01
9.607416000000001e+01 -7.496039797689336e+01
9.615684000000000e+01 -7.496039797689312e+01
9.623952000000000e+01 -7.496039797689261e+01
9.632220000000001e+01 -7.496039797689237e+01
9.640488000000001e+01 -7.496039797689235e+01
9.648756000000000e+01 -7.496039797689215e+01
9.657024000000000e+01 -7.496039797689171e+01
9.665292000000001e+01 -7.496039797689144e+01
9.673560000000001e+01 -7.496039797689143e+01
9.681828000000000e+01 -7.496039797689122e+01
9.690096000000000e+01 -7.496039797689075e+01
9.698364000000001e+01 -7.496039797689049e+01
9.706632000000000e+01 -7.496039797689043e+01
9.714900000000000e+01 -7.496039797689031e+01
9.723168000000000e+01 -7.496039797688979e+01
9.731436000000001e+01 -7.496039797688954e+01
9.739704000000000e+01 -7.496039797688952e+01
9.747972000000000e+01 -7.496039797688935e+01
9.756240000000001e+01 -7.496039797688883e+01
9.764508000000001e+01 -7.496039797688852e+01
9.772776000000000e+01 -7.496039797688863e+01
9.781044000000000e+01 -7.496039797688839e+01
9.789312000000001e+01 -7.496039797688788e+01
9.797580000000001e+01 -7.496039797688763e+01
9.805848000000000e+01 -7.496039797688772e+01
9.814116000000000e+01 -7.496039797688741e+01
9.822384000000001e+01 -7.496039797688684e+01
9.830652000000001e+01 -7.496039797688668e+01
9.838920000000000e+01 -7.496039797688681e+01
9.847188000000000e+01 -7.496039797688636e+01
9.855456000000001e+01 -7.496039797688580e+01
9.863724000000001e+01 -7.496039797688576e+01
9.871992000000000e+01 -7.496039797688579e+01
9.880260000000000e+01 -7.496039797688526e+01
9.888528000000001e+01 -7.496039797688466e+01
9.896796000000001e+01 -7.496039797688468e+01
9.905064000000000e+01 -7.496039797688465e+01
9.913332000000000e+01 -7.496039797688415e+01
9.921600000000001e+01 -7.496039797688364e+01
9.929868000000000e+01 -7.496039797688363e+01
9.938136000000000e+01 -7.496039797688354e+01
9.946404000000000e+01 -7.496039797688303e+01
9.954672000000001e+01 -7.496039797688256e+01
9.962940000000000e+01 -7.496039797688258e+01
9.971208000000000e+01 -7.496039797688246e+01
9.979476000000001e+01 -7.496039797688196e+01
9.987744000000001e+01 -7.496039797688142e+01
9.996012000000000e+01 -7.496039797688134e+01
1.000428000000000e+02 -7.496039797688120e+01
1.001254800000000e+02 -7.496039797688056e+01
1.002081600000000e+02 -7.496039797688010e+01
1.002908400000000e+02 -7.496039797688002e+01
1.003735200000000e+02 -7.496039797687986e+01
1.004562000000000e+02 -7.496039797687919e+01
1.005388800000000e+02 -7.496039797687874e+01
1.006215600000000e+02 -7.496039797687861e+01
1.007042400000000e+02 -7.496039797687850e+01
1.007869200000000e+02 -7.496039797687783e+01
1.008696000000000e+02 -7.496039797687736e+01
1.009522800000000e+02 -7.496039797687736e+01
1.010349600000000e+02 -7.496039797687708e+01
1.011176400000000e+02 -7.496039797687642e+01
1.012003200000000e+02 -7.496039797687594e+01
1.012830000000000e+02 -7.496039797687598e+01
1.013656800000000e+02 -7.496039797687568e+01
1.014483600000000e+02 -7.496039797687489e+01
1.015310400000000e+02 -7.496039797687446e+01
1.016137200000000e+02 -7.496039797687449e+01
1.016964000000000e+02 -7.496039797687405e+01
1.017790800000000e+02 -7.496039797687334e+01
1.018617600000000e+02 -7.496039797687301e+01
1.019444400000000e+02 -7.496039797687295e+01
1.020271200000000e+02 -7.496039797687247e+01
1.021098000000000e+02 -7.496039797687173e+01
1.021924800000000e+02 -7.496039797687146e+01
1.022751600000000e+02 -7.496039797687139e+01
1.023578400000000e+02 -7.496039797687087e+01
1.024405200000000e+02 -7.496039797687010e+01
1.025232000000000e+02 -7.496039797686987e+01
1.026058800000000e+02 -7.496039797686967e+01
1.026885600000000e+02 -7.496039797686912e+01
1.027712400000000e+02 -7.496039797686842e+01
1.028539200000000e+02 -7.496039797685516e+01
1.029366000000000e+02 -7.496039797685496e+01
1.030192800000000e+02 -7.496039797685434e+01
1.031019600000000e+02 -7.496039797685359e+01
1.031846400000000e+02 -7.496039797684026e+01
1.032673200000000e+02 -7.496039797683997e+01
1.033500000000000e+02 -7.496039797683932e+01
1.034326800000000e+02 -7.496039797683871e+01
1.035153600000000e+02 -7.496039797682485e+01
1.035980400000000e+02 -7.496039797682027e+01
1.036807200000000e+02 -7.496039797681958e+01
1.037634000000000e+02 -7.496039797681888e+01
1.038460800000000e+02 -7.496039797680500e+01
1.039287600000000e+02 -7.496039797680470e+01
1.040114400000000e+02 -7.496039797680397e+01
1.040941200000000e+02 -7.496039797680334e+01
1.041768000000000e+02 -7.496039797679030e+01
1.042594800000000e+02 -7.496039797678999e+01
1.043421600000000e+02 -7.496039797678921e+01
1.044248400000000e+02 -7.496039797678854e+01
1.045075200000000e+02 -7.496039797678833e+01
1.045902000000000e+02 -7.496039797678795e+01
1.046728800000000e+02 -7.496039797678719e+01
1.047555600000000e+02 -7.496039797678662e+01
1.048382400000000e+02 -7.496039797678648e+01
1.049209200000000e+02 -7.496039797678597e+01
1.050036000000000e+02 -7.496039797678530e+01
1.050862800000000e+02 -7.496039797678485e+01
1.051689600000000e+02 -7.496039797678471e+01
1.052516400000000e+02 -7.496039797678425e+01
1.053343200000000e+02 -7.496039797678360e+01
1.054170000000000e+02 -7.496039797678327e+01
1.054996800000000e+02 -7.496039797678307e+01
1.055823600000000e+02 -7.496039797678264e+01
1.056650400000000e+02 -7.496039797678202e+01
1.057477200000000e+02 -7.496039797678171e+01
1.058304000000000e+02 -7.496039797678142e+01
1.059130800000000e+02 -7.496039797678100e+01
1.059957600000000e+02 -7.496039797678047e+01
1.060784400000000e+02 -7.496039797678020e+01
1.061611200000000e+02 -7.496039797678002e+01
1.062438000000000e+02 -7.496039797677959e+01
1.063264800000000e+02 -7.496039797677909e+01
1.064091600000000e+02 -7.496039797677885e+01
1.064918400000000e+02 -7.496039797677864e+01
1.065745200000000e+02 -7.496039797677821e+01
1.066572000000000e+02 -7.496039797677771e+01
1.067398800000000e+02 -7.496039797677747e+01
1.068225600000000e+02 -7.496039797677739e+01
1.069052400000000e+02 -7.496039797677700e+01
1.069879200000000e+02 -7.496039797677659e+01
1.070706000000000e+02 -7.496039797677641e+01
1.071532800000000e+02 -7.496039797677624e+01
1.072359600000000e+02 -7.496039797677578e+01
1.073186400000000e+02 -7.496039797677538e+01
1.074013200000000e+02 -7.496039797677527e+01
1.074840000000000e+02 -7.496039797677516e+01
1.075666800000000e+02 -7.496039797677470e+01
1.076493600000000e+02 -7.496039797677423e+01
1.077320400000000e+02 -7.496039797677425e+01
1.078147200000000e+02 -7.496039797677412e+01
1.078974000000000e+02 -7.496039797677368e+01
1.079800800000000e+02 -7.496039797677334e+01
1.080627600000000e+02 -7.496039797677328e+01
1.081454400000000e+02 -7.496039797677304e+01
1.082281200000000e+02 -7.496039797677260e+01
1.083108000000000e+02 -7.496039797677234e+01
1.083934800000000e+02 -7.496039797677231e+01
1.084761600000000e+02 -7.496039797677207e+01
1.085588400000000e+02 -7.496039797677170e+01
1.086415200000000e+02 -7.496039797677147e+01
1.087242000000000e+02 -7.496039797677132e+01
1.088068800000000e+02 -7.496039797677116e+01
1.088895600000000e+02 -7.496039797677081e+01
1.089722400000000e+02 -7.496039797677061e+01
1.090549200000000e+02 -7.496039797677045e+01
1.091376000000000e+02 -7.496039797677028e+01
1.092202800000000e+02 -7.496039797676990e+01
1.093029600000000e+02 -7.496039797676961e+01
1.093856400000000e+02 -7.496039797676954e+01
1.094683200000000e+02 -7.496039797676937e+01
1.095510000000000e+02 -7.496039797676895e+01
1.096336800000000e+02 -7.496039797676863e+01
1.097163600000000e+02 -7.496039797676862e+01
1.097990400000000e+02 -7.496039797676848e+01
1.098817200000000e+02 -7.496039797676806e+01
1.099644000000000e+02 -7.496039797676779e+01
1.100470800000000e+02 -7.496039797676787e+01
1.101297600000000e+02 -7.496039797676764e+01
1.102124400000000e+02 -7.496039797676723e+01
1.102951200000000e+02 -7.496039797676701e+01
1.103778000000000e+02 -7.496039797676713e+01
1.104604800000000e+02 -7.496039797676679e+01
1.105431600000000e+02 -7.496039797676634e+01
1.106258400000000e+02 -7.496039797676626e+01
1.107085200000000e+02 -7.496039797676627e+01
1.107912000000000e+02 -7.496039797676593e+01
1.108738800000000e+02 -7.496039797676542e+01
1.109565600000000e+02 -7.496039797676541e+01
1.110392400000000e+02 -7.496039797676531e+01
1.111219200000000e+02 -7.496039797676491e+01
1.112046000000000e+02 -7.496039797676445e+01
1.112872800000000e+02 -7.496039797676448e+01
1.113699600000000e+02 -7.496039797676436e+01
1.114526400000000e+02 -7.496039797676406e+01
1.115353200000000e+02 -7.496039797676364e+01
1.116180000000000e+02 -7.496039797676357e+01
1.117006800000000e+02 -7.496039797676343e+01
1.117833600000000e+02 -7.496039797676309e+01
1.118660400000000e+02 -7.496039797676264e+01
1.119487200000000e+02 -7.496039797676256e+01
1.120314000000000e+02 -7.496039797676244e+01
1.121140800000000e+02 -7.496039797676205e+01
1.121967600000000e+02 -7.496039797676164e+01
1.122794400000000e+02 -7.496039797676147e+01
1.123621200000000e+02 -7.496039797676141e+01
1.124448000000000e+02 -7.496039797676093e+01
1.125274800000000e+02 -7.496039797676043e+01
1.126101600000000e+02 -7.496039797676035e+01
1.126928400000000e+02 -7.496039797676032e+01
1.127755200000000e+02 -7.496039797675978e+01
1.128582000000000e+02 -7.496039797675925e+01
1.129408800000000e+02 -7.496039797675921e+01
1.130235600000000e+02 -7.496039797675914e+01
1.131062400000000e+02 -7.496039797675847e+01
1.131889200000000e+02 -7.496039797675796e+01
1.132716000000000e+02 -7.496039797675809e+01
1.133542800000000e+02 -7.496039797675790e+01
1.134369600000000e+02 -7.496039797675726e+01
1.135196400000000e+02 -7.496039797675678e+01
1.136023200000000e+02 -7.496039797675695e+01
1.136850000000000e+02 -7.496039797675671e+01
1.137676800000000e+02 -7.496039797675600e+01
1.138503600000000e+02 -7.496039797675563e+01
1.139330400000000e+02 -7.496039797675579e+01
1.140157200000000e+02 -7.496039797675549e+01
1.140984000000000e+02 -7.496039797675478e+01
1.141810800000000e+02 -7.496039797675456e+01
1.142637600000000e+02 -7.496039797675463e+01
1.143464400000000e+02 -7.496039797675434e+01
1.144291200000000e+02 -7.496039797675368e+01
1.145118000000000e+02 -7.496039797675351e+01
1.145944800000000e+02 -7.496039797675353e+01
1.146771600000000e+02 -7.496039797675321e+01
1.147598400000000e+02 -7.496039797675252e+01
1.148425200000000e+02 -7.496039797675240e+01
1.149252000000000e+02 -7.496039797675242e+01
1.150078800000000e+02 -7.496039797675201e+01
1.150905600000000e+02 -7.496039797675138e+01
1.151732400000000e+02 -7.496039797675111e+01
1.152559200000000e+02 -7.496039797675111e+01
1.153386000000000e+02 -7.496039797675070e+01
1.154212800000000e+02 -7.496039797675000e+01
1.155039600000000e+02 -7.496039797674973e+01
1.155866400000000e+02 -7.496039797674968e+01
1.156693200000000e+02 -7.496039797674915e+01
1.157520000000000e+02 -7.496039797674851e+01
1.158346800000000e+02 -7.496039797674830e+01
1.159173600000000e+02 -7.496039797674824e+01
1.160000400000000e+02 -7.496039797674763e+01
1.160827200000000e+02 -7.496039797674686e+01
1.161654000000000e+02 -7.496039797674675e+01
1.162480800000000e+02 -7.496039797674659e+01
1.163307600000000e+02 -7.496039797674594e+01
1.164134400000000e+02 -7.496039797674526e+01
1.164961200000000e+02 -7.496039797674517e+01
1.165788000000000e+02 -7.496039797674493e+01
1.166614800000000e+02 -7.496039797674418e+01
1.167441600000000e+02 -7.496039797674358e+01
1.168268400000000e+02 -7.496039797674349e+01
1.169095200000000e+02 -7.496039797674322e+01
1.169922000000000e+02 -7.496039797674240e+01
1.170748800000000e+02 -7.496039797674183e+01
1.171575600000000e+02 -7.496039797674175e+01
1.172402400000000e+02 -7.496039797674142e+01
1.173229200000000e+02 -7.496039797674058e+01
1.174056000000000e+02 -7.496039797674010e+01
1.174882800000000e+02 -7.496039797673998e+01
1.175709600000000e+02 -7.496039797673954e+01
1.176536400000000e+02 -7.496039797673873e+01
1.177363200000000e+02 -7.496039797673834e+01
1.178190000000000e+02 -7.496039797673812e+01
1.179016800000000e+02 -7.496039797673768e+01
1.179843600000000e+02 -7.496039797673696e+01
1.180670400000000e+02 -7.496039797673654e+01
1.181497200000000e+02 -7.496039797673632e+01
1.182324000000000e+02 -7.496039797673593e+01
1.183150800000000e+02 -7.496039797673522e+01
1.183977600000000e+02 -7.496039797673481e+01
1.184804400000000e+02 -7.496039797672790e+01
1.185631200000000e+02 -7.496039797672744e+01
1.186458000000000e+02 -7.496039797672680e+01
1.187284800000000e+02 -7.496039797672641e+01
1.188111600000000e+02 -7.496039797672026e+01
1.188938400000000e+02 -7.496039797671986e+01
1.189765200000000e+02 -7.496039797671924e+01
1.190592000000000e+02 -7.496039797671887e+01
1.191418800000000e+02 -7.496039797671878e+01
1.192245600000000e+02 -7.496039797671824e+01
1.193072400000000e+02 -7.496039797671766e+01
1.193899200000000e+02 -7.496039797671737e+01
1.194726000000000e+02 -7.496039797671725e+01
1.195552800000000e+02 -7.496039797671668e+01
1.196379600000000e+02 -7.496039797671614e+01
1.197206400000000e+02 -7.496039797671595e+01
1.198033200000000e+02 -7.496039797671574e+01
1.198860000000000e+02 -7.496039797671529e+01
1.199686800000000e+02 -7.496039797671475e+01
1.200513600000000e+02 -7.496039797671459e+01
1.201340400000000e+02 -7.496039797671436e+01
1.202167200000000e+02 -7.496039797671391e+01
1.202994000000000e+02 -7.496039797671337e+01
1.203820800000000e+02 -7.496039797671321e+01
1.204647600000000e+02 -7.496039797671294e+01
1.205474400000000e+02 -7.496039797671243e+01
1.206301200000000e+02 -7.496039797671203e+01
1.207128000000000e+02 -7.496039797671186e+01
1.207954800000000e+02 -7.496039797671160e+01
1.208781600000000e+02 -7.496039797671115e+01
1.209608400000000e+02 -7.496039797671081e+01
1.210435200000000e+02 -7.496039797671062e+01
1.211262000000000e+02 -7.496039797671042e+01
1.212088800000000e+02 -7.496039797670991e+01
1.212915600000000e+02 -7.496039797670953e+01
1.213742400000000e+02 -7.496039797670929e+01
1.214569200000000e+02 -7.496039797670906e+01
1.215396000000000e+02 -7.496039797670859e+01
1.216222800000000e+02 -7.496039797670821e+01
1.217049600000000e+02 -7.496039797670807e+01
1.217876400000000e+02 -7.496039797670782e+01
1.218703200000000e+02 -7.496039797670741e+01
1.219530000000000e+02 -7.496039797670707e+01
1.220356800000000e+02 -7.496039797670697e+01
1.221183600000000e+02 -7.496039797670664e+01
1.222010400000000e+02 -7.496039797670620e+01
1.222837200000000e+02 -7.496039797670591e+01
1.223664000000000e+02 -7.496039797670588e+01
1.224490800000000e+02 -7.496039797670559e+01
1.225317600000000e+02 -7.496039797670520e+01
1.226144400000000e+02 -7.496039797670497e+01
1.226971200000000e+02 -7.496039797670495e+01
1.227798000000000e+02 -7.496039797670463e+01
1.228624800000000e+02 -7.496039797670414e+01
1.229451600000000e+02 -7.496039797670397e+01
1.230278400000000e+02 -7.496039797670392e+01
1.231105200000000e+02 -7.496039797670359e+01
1.231932000000000e+02 -7.496039797670328e+01
1.232758800000000e+02 -7.496039797670322e+01
1.233585600000000e+02 -7.496039797670301e+01
1.234412400000000e+02 -7.496039797670271e+01
1.235239200000000e+02 -7.496039797670238e+01
1.236066000000000e+02 -7.496039797670231e+01
1.236892800000000e+02 -7.496039797670210e+01
1.237719600000000e+02 -7.496039797670180e+01
1.238546400000000e+02 -7.496039797670146e+01
1.239373200000000e+02 -7.496039797670127e+01
1.240200000000000e+02 -7.496039797670110e+01
1.241026800000000e+02 -7.496039797670079e+01
1.241853600000000e+02 -7.496039797670045e+01
1.242680400000000e+02 -7.496039797670019e+01
1.243507200000000e+02 -7.496039797670007e+01
1.244334000000000e+02 -7.496039797669968e+01
1.245160800000000e+02 -7.496039797669924e+01
1.245987600000000e+02 -7.496039797669904e+01
1.246814400000000e+02 -7.496039797669901e+01
1.247641200000000e+02 -7.496039797669857e+01
1.248468000000000e+02 -7.496039797669810e+01
1.249294800000000e+02 -7.496039797669798e+01
1.250121600000000e+02 -7.496039797669789e+01
1.250948400000000e+02 -7.496039797669744e+01
1.251775200000000e+02 -7.496039797669690e+01
1.252602000000000e+02 -7.496039797669685e+01
1.253428800000000e+02 -7.496039797669675e+01
1.254255600000000e+02 -7.496039797669613e+01
1.255082400000000e+02 -7.496039797669563e+01
1.255909200000000e+02 -7.496039797669567e+01
1.256736000000000e+02 -7.496039797669542e+01
1.257562800000000e+02 -7.496039797669478e+01
1.258389600000000e+02 -7.496039797669435e+01
1.259216400000000e+02 -7.496039797669444e+01
1.260043200000000e+02 -7.496039797669411e+01
1.260870000000000e+02 -7.496039797669356e+01
1.261696800000000e+02 -7.496039797669326e+01
1.262523600000000e+02 -7.496039797669323e+01
1.263350400000000e+02 -7.496039797669289e+01
1.264177200000000e+02 -7.496039797669238e+01
1.265004000000000e+02 -7.496039797669214e+01
1.265830800000000e+02 -7.496039797669208e+01
1.266657600000000e+02 -7.496039797669175e+01
1.267484400000000e+02 -7.496039797669125e+01
1.268311200000000e+02 -7.496039797669104e+01
1.269138000000000e+02 -7.496039797669096e+01
1.269964800000000e+02 -7.496039797669077e+01
1.270791600000000e+02 -7.496039797669025e+01
1.271618400000000e+02 -7.496039797669006e+01
1.272445200000000e+02 -7.496039797668999e+01
1.273272000000000e+02 -7.496039797668979e+01
1.274098800000000e+02 -7.496039797668928e+01
1.274925600000000e+02 -7.496039797668897e+01
1.275752400000000e+02 -7.496039797668898e+01
1.276579200000000e+02 -7.496039797668870e+01
1.277406000000000e+02 -7.496039797668809e+01
1.278232800000000e+02 -7.496039797668783e+01
1.279059600000000e+02 -7.496039797668791e+01
1.279886400000000e+02 -7.496039797668757e+01
1.280713200000000e+02 -7.496039797668699e+01
1.281540000000000e+02 -7.496039797668689e+01
1.282366800000000e+02 -7.496039797668696e+01
1.283193600000000e+02 -7.496039797668645e+01
1.284020400000000e+02 -7.496039797668581e+01
1.284847200000000e+02 -7.496039797668573e+01
1.285674000000000e+02 -7.496039797668583e+01
1.286500800000000e+02 -7.496039797668526e+01
1.287327600000000e+02 -7.496039797668472e+01
1.288154400000000e+02 -7.496039797668472e+01
1.288981200000000e+02 -7.496039797668465e+01
1.289808000000000e+02 -7.496039797668408e+01
1.290634800000000e+02 -7.496039797668354e+01
1.291461600000000e+02 -7.496039797668354e+01
1.292288400000000e+02 -7.496039797668344e+01
1.293115200000000e+02 -7.496039797668283e+01
1.293942000000000e+02 -7.496039797668236e+01
1.294768800000000e+02 -7.496039797668233e+01
1.295595600000000e+02 -7.496039797668212e+01
1.296422400000000e+02 -7.496039797668152e+01
1.297249200000000e+02 -7.496039797668114e+01
1.298076000000000e+02 -7.496039797668111e+01
1.298902800000000e+02 -7.496039797668094e+01
1.299729600000000e+02 -7.496039797668033e+01
1.300556400000000e+02 -7.496039797667989e+01
1.301383200000000e+02 -7.496039797667983e+01
1.302210000000000e+02 -7.496039797667964e+01
1.303036800000000e+02 -7.496039797667902e+01
1.303863600000000e+02 -7.496039797667858e+01
1.304690400000000e+02 -7.496039797667851e+01
1.305517200000000e+02 -7.496039797667825e+01
1.306344000000000e+02 -7.496039797667760e+01
1.307170800000000e+02 -7.496039797667717e+01
1.307997600000000e+02 -7.496039797667719e+01
1.308824400000000e+02 -7.496039797667692e+01
1.309651200000000e+02 -7.496039797667622e+01
1.310478000000000e+02 -7.496039797667582e+01
1.311304800000000e+02 -7.496039797667586e+01
1.312131600000000e+02 -7.496039797667549e+01
1.312958400000000e+02 -7.496039797667480e+01
1.313785200000000e+02 -7.496039797667444e+01
1.314612000000000e+02 -7.496039797667451e+01
1.315438800000000e+02 -7.496039797667409e+01
1.316265600000000e+02 -7.496039797667333e+01
1.317092400000000e+02 -7.496039797667304e+01
1.317919200000000e+02 -7.496039797667304e+01
1.318746000000000e+02 -7.496039797667254e+01
1.319572800000000e+02 -7.496039797667177e+01
1.320399600000000e+02 -7.496039797667157e+01
1.321226400000000e+02 -7.496039797667149e+01
1.322053200000000e+02 -7.496039797667093e+01
1.322880000000000e+02 -7.496039797667024e+01
1.323706800000000e+02 -7.496039797667004e+01
1.324533600000000e+02 -7.496039797666985e+01
1.325360400000000e+02 -7.496039797666927e+01
1.326187200000000e+02 -7.496039797666860e+01
1.327014000000000e+02 -7.496039797666839e+01
1.327840800000000e+02 -7.496039797666818e+01
1.328667600000000e+02 -7.496039797666758e+01
1.329494400000000e+02 -7.496039797666700e+01
1.330321200000000e+02 -7.496039797666677e+01
1.331148000000000e+02 -7.496039797666650e+01
1.331974800000000e+02 -7.496039797666586e+01
1.332801600000000e+02 -7.496039797666529e+01
1.333628400000000e+02 -7.496039797666502e+01
1.334455200000000e+02 -7.496039797666477e+01
1.335282000000000e+02 -7.496039797666410e+01
1.336108800000000e+02 -7.496039797666356e+01
1.336935600000000e+02 -7.496039797666333e+01
1.337762400000000e+02 -7.496039797666307e+01
1.338589200000000e+02 -7.496039797666242e+01
1.339416000000000e+02 -7.496039797666198e+01
1.340242800000000e+02 -7.496039797666177e+01
1.341069600000000e+02 -7.496039797666145e+01
1.341896400000000e+02 -7.496039797666074e+01
1.342723200000000e+02 -7.496039797666016e+01
1.343550000000000e+02 -7.496039797666006e+01
1.344376800000000e+02 -7.496039797665958e+01
1.345203600000000e+02 -7.496039797665892e+01
1.346030400000000e+02 -7.496039797665847e+01
1.346857200000000e+02 -7.496039797665833e+01
1.347684000000000e+02 -7.496039797665790e+01
1.348510800000000e+02 -7.496039797665728e+01
1.349337600000000e+02 -7.496039797665688e+01
1.350164400000000e+02 -7.496039797665671e+01
1.350991200000000e+02 -7.496039797665628e+01
1.351818000000000e+02 -7.496039797665570e+01
1.352644800000000e+02 -7.496039797665541e+01
1.353471600000000e+02 -7.496039797665523e+01
1.354298400000000e+02 -7.496039797665482e+01
1.355125200000000e+02 -7.496039797665425e+01
1.355952000000000e+02 -7.496039797665404e+01
1.356778800000000e+02 -7.496039797665377e+01
1.357605600000000e+02 -7.496039797665343e+01
1.358432400000000e+02 -7.496039797665301e+01
1.359259200000000e+02 -7.496039797665277e+01
1.360086000000000e+02 -7.496039797665252e+01
1.360912800000000e+02 -7.496039797665222e+01
1.361739600000000e+02 -7.496039797665178e+01
1.362566400000000e+02 -7.496039797665151e+01
1.363393200000000e+02 -7.496039797665136e+01
1.364220000000000e+02 -7.496039797665098e+01
1.365046800000000e+02 -7.496039797665051e+01
1.365873600000000e+02 -7.496039797665024e+01
1.366700400000000e+02 -7.496039797665009e+01
1.367527200000000e+02 -7.496039797664972e+01
1.368354000000000e+02 -7.496039797664930e+01
1.369180800000000e+02 -7.496039797664906e+01
1.370007600000000e+02 -7.496039797664893e+01
1.370834400000000e+02 -7.496039797664852e+01
1.371661200000000e+02 -7.496039797664810e+01
1.372488000000000e+02 -7.496039797664790e+01
1.373314800000000e+02 -7.496039797664781e+01
1.374141600000000e+02 -7.496039797664740e+01
1.374968400000000e+02 -7.496039797664697e+01
1.375795200000000e+02 -7.496039797664695e+01
1.376622000000000e+02 -7.496039797664679e+01
1.377448800000000e+02 -7.496039797664638e+01
1.378275600000000e+02 -7.496039797664596e+01
1.379102400000000e+02 -7.496039797664596e+01
1.379929200000000e+02 -7.496039797664572e+01
1.380756000000000e+02 -7.496039797664527e+01
1.381582800000000e+02 -7.496039797664494e+01
1.382409600000000e+02 -7.496039797664496e+01
1.383236400000000e+02 -7.496039797664471e+01
1.384063200000000e+02 -7.496039797664433e+01
1.384890000000000e+02 -7.496039797664400e+01
1.385716800000000e+02 -7.496039797664396e+01
1.386543600000000e+02 -7.496039797664375e+01
1.387370400000000e+02 -7.496039797664335e+01
1.388197200000000e+02 -7.496039797664314e+01
1.389024000000000e+02 -7.496039797664299e+01
1.389850800000000e+02 -7.496039797664278e+01
1.390677600000000e+02 -7.496039797664237e+01
1.391504400000000e+02 -7.496039797664214e+01
1.392331200000000e+02 -7.496039797664194e+01
1.393158000000000e+02 -7.496039797664183e+01
1.393984800000000e+02 -7.496039797664143e+01
1.394811600000000e+02 -7.496039797664106e+01
1.395638400000000e+02 -7.496039797664102e+01
1.396465200000000e+02 -7.496039797664082e+01
1.397292000000000e+02 -7.496039797664035e+01
1.398118800000000e+02 -7.496039797664010e+01
1.398945600000000e+02 -7.496039797664010e+01
1.399772400000000e+02 -7.496039797663985e+01
1.400599200000000e+02 -7.496039797663941e+01
1.401426000000000e+02 -7.496039797663916e+01
1.402252800000000e+02 -7.496039797663919e+01
1.403079600000000e+02 -7.496039797663894e+01
1.403906400000000e+02 -7.496039797663845e+01
1.404733200000000e+02 -7.496039797663826e+01
1.405560000000000e+02 -7.496039797663833e+01
1.406386800000000e+02 -7.496039797663794e+01
1.407213600000000e+02 -7.496039797663747e+01
1.408040400000000e+02 -7.496039797663745e+01
1.408867200000000e+02 -7.496039797663741e+01
1.409694000000000e+02 -7.496039797663701e+01
1.410520800000000e+02 -7.496039797663657e+01
1.411347600000000e+02 -7.496039797663654e+01
1.412174400000000e+02 -7.496039797663646e+01
1.413001200000000e+02 -7.496039797663600e+01
1.413828000000000e+02 -7.496039797663551e+01
1.414654800000000e+02 -7.496039797663551e+01
1.415481600000000e+02 -7.496039797663536e+01
1.416308400000000e+02 -7.496039797663494e+01
1.417135200000000e+02 -7.496039797663450e+01
1.417962000000000e+02 -7.496039797663443e+01
1.418788800000000e+02 -7.496039797663430e+01
1.419615600000000e+02 -7.496039797663383e+01
1.420442400000000e+02 -7.496039797663342e+01
1.421269200000000e+02 -7.496039797663329e+01
1.422096000000000e+02 -7.496039797663319e+01
1.422922800000000e+02 -7.496039797663273e+01
1.423749600000000e+02 -7.496039797663229e+01
1.424576400000000e+02 -7.496039797663215e+01
1.425403200000000e+02 -7.496039797663204e+01
1.426230000000000e+02 -7.496039797663148e+01
1.427056800000000e+02 -7.496039797663101e+01
1.427883600000000e+02 -7.496039797663097e+01
1.428710400000000e+02 -7.496039797663096e+01
1.429537200000000e+02 -7.496039797663032e+01
1.430364000000000e+02 -7.496039797662976e+01
1.431190800000000e+02 -7.496039797662984e+01
1.432017600000000e+02 -7.496039797662968e+01
1.432844400000000e+02 -7.496039797662900e+01
1.433671200000000e+02 -7.496039797662857e+01
1.434498000000000e+02 -7.496039797662873e+01
1.435324800000000e+02 -7.496039797662844e+01
1.436151600000000e+02 -7.496039797662770e+01
1.436978400000000e+02 -7.496039797662735e+01
1.437805200000000e+02 -7.496039797662752e+01
1.438632000000000e+02 -7.496039797662716e+01
1.439458800000000e+02 -7.496039797662642e+01
1.440285600000000e+02 -7.496039797662618e+01
1.441112400000000e+02 -7.496039797662630e+01
1.441939200000000e+02 -7.496039797662590e+01
1.442766000000000e+02 -7.496039797662516e+01
1.443592800000000e+02 -7.496039797662507e+01
1.444419600000000e+02 -7.496039797662509e+01
1.445246400000000e+02 -7.496039797662466e+01
1.446073200000000e+02 -7.496039797662401e+01
1.446900000000000e+02 -7.496039797662391e+01
1.447726800000000e+02 -7.496039797662382e+01
1.448553600000000e+02 -7.496039797662340e+01
1.449380400000000e+02 -7.496039797662277e+01
1.450207200000000e+02 -7.496039797662259e+01
1.451034000000000e+02 -7.496039797662253e+01
1.451860800000000e+02 -7.496039797662205e+01
1.452687600000000e+02 -7.496039797662141e+01
1.453514400000000e+02 -7.496039797662125e+01
1.454341200000000e+02 -7.496039797662119e+01
1.455168000000000e+02 -7.496039797662065e+01
1.455994800000000e+02 -7.496039797662002e+01
1.456821600000000e+02 -7.496039797661980e+01
1.457648400000000e+02 -7.496039797661972e+01
1.458475200000000e+02 -7.496039797661905e+01
1.459302000000000e+02 -7.496039797661838e+01
1.460128800000000e+02 -7.496039797661817e+01
1.460955600000000e+02 -7.496039797661804e+01
1.461782400000000e+02 -7.496039797661733e+01
1.462609200000000e+02 -7.496039797661666e+01
1.463436000000000e+02 -7.496039797661658e+01
1.464262800000000e+02 -7.496039797661633e+01
1.465089600000000e+02 -7.496039797661558e+01
1.465916400000000e+02 -7.496039797661503e+01
1.466743200000000e+02 -7.496039797661493e+01
1.467570000000000e+02 -7.496039797661460e+01
1.468396800000000e+02 -7.496039797661379e+01
1.469223600000000e+02 -7.496039797661328e+01
1.470050400000000e+02 -7.496039797661322e+01
1.470877200000000e+02 -7.496039797661277e+01
1.471704000000000e+02 -7.496039797661204e+01
1.472530800000000e+02 -7.496039797661153e+01
1.473357600000000e+02 -7.496039797661142e+01
1.474184400000000e+02 -7.496039797661105e+01
1.475011200000000e+02 -7.496039797661028e+01
1.475838000000000e+02 -7.496039797660988e+01
1.476664800000000e+02 -7.496039797660968e+01
1.477491600000000e+02 -7.496039797660922e+01
1.478318400000000e+02 -7.496039797660846e+01
1.479145200000000e+02 -7.496039797660814e+01
1.479972000000000e+02 -7.496039797660795e+01
1.480798800000000e+02 -7.496039797660740e+01
1.481625600000000e+02 -7.496039797660667e+01
1.482452400000000e+02 -7.496039797660630e+01
1.483279200000000e+02 -7.496039797660610e+01
1.484106000000000e+02 -7.496039797660563e+01
1.484932800000000e+02 -7.496039797660497e+01
1.485759600000000e+02 -7.496039797660461e+01
1.486586400000000e+02 -7.496039797660444e+01
1.487413200000000e+02 -7.496039797660394e+01
1.488240000000000e+02 -7.496039797660330e+01
1.489066800000000e+02 -7.496039797660299e+01
1.489893600000000e+02 -7.496039797660286e+01
1.490720400000000e+02 -7.496039797660239e+01
1.491547200000000e+02 -7.496039797660183e+01
1.492374000000000e+02 -7.496039797660151e+01
1.493200800000000e+02 -7.496039797660136e+01
1.494027600000000e+02 -7.496039797660087e+01
1.494854400000000e+02 -7.496039797660032e+01
1.495681200000000e+02 -7.496039797660005e+01
1.496508000000000e+02 -7.496039797659992e+01
1.497334800000000e+02 -7.496039797659937e+01
1.498161600000000e+02 -7.496039797659891e+01
1.498988400000000e+02 -7.496039797659873e+01
1.499815200000000e+02 -7.496039797659849e+01
1.500642000000000e+02 -7.496039797659803e+01
1.501468800000000e+02 -7.496039797659756e+01
1.502295600000000e+02 -7.496039797659745e+01
1.503122400000000e+02 -7.496039797659722e+01
1.503949200000000e+02 -7.496039797659674e+01
1.504776000000000e+02 -7.496039797659635e+01
1.505602800000000e+02 -7.496039797659625e+01
1.506429600000000e+02 -7.496039797659601e+01
1.507256400000000e+02 -7.496039797659559e+01
1.508083200000000e+02 -7.496039797659535e+01
1.508910000000000e+02 -7.496039797659517e+01
1.509736800000000e+02 -7.496039797659493e+01
1.510563600000000e+02 -7.496039797659448e+01
1.511390400000000e+02 -7.496039797659419e+01
1.512217200000000e+02 -7.496039797659404e+01
1.513044000000000e+02 -7.496039797659380e+01
1.513870800000000e+02 -7.496039797659338e+01
1.514697600000000e+02 -7.496039797659307e+01
1.515524400000000e+02 -7.496039797659287e+01
1.516351200000000e+02 -7.496039797659273e+01
1.517178000000000e+02 -7.496039797659232e+01
1.518004800000000e+02 -7.496039797659203e+01
1.518831600000000e+02 -7.496039797659192e+01
1.519658400000000e+02 -7.496039797659172e+01
1.520485200000000e+02 -7.496039797659128e+01
1.521312000000000e+02 -7.496039797659095e+01
1.522138800000000e+02 -7.496039797659094e+01
1.522965600000000e+02 -7.496039797659070e+01
1.523792400000000e+02 -7.496039797659027e+01
1.524619200000000e+02 -7.496039797659004e+01
1.525446000000000e+02 -7.496039797659007e+01
1.526272800000000e+02 -7.496039797658975e+01
1.527099600000000e+02 -7.496039797658932e+01
1.527926400000000e+02 -7.496039797658919e+01
1.528753200000000e+02 -7.496039797658916e+01
1.529580000000000e+02 -7.496039797658888e+01
1.530406800000000e+02 -7.496039797658848e+01
1.531233600000000e+02 -7.496039797658837e+01
1.532060400000000e+02 -7.496039797658823e+01
1.532887200000000e+02 -7.496039797658783e+01
1.533714000000000e+02 -7.496039797658744e+01
1.534540800000000e+02 -7.496039797658734e+01
1.535367600000000e+02 -7.496039797658712e+01
1.536194400000000e+02 -7.496039797658679e+01
1.537021200000000e+02 -7.496039797658646e+01
1.537848000000000e+02 -7.496039797658634e+01
1.538674800000000e+02 -7.496039797658611e+01
1.539501600000000e+02 -7.496039797658587e+01
1.540328400000000e+02 -7.496039797658551e+01
1.541155200000000e+02 -7.496039797658534e+01
1.541982000000000e+02 -7.496039797658521e+01
1.542808800000000e+02 -7.496039797658483e+01
1.543635600000000e+02 -7.496039797658445e+01
1.544462400000000e+02 -7.496039797658415e+01
1.545289200000000e+02 -7.496039797658409e+01
1.546116000000000e+02 -7.496039797658366e+01
1.546942800000000e+02 -7.496039797658322e+01
1.547769600000000e+02 -7.496039797658297e+01
1.548596400000000e+02 -7.496039797658291e+01
1.549423200000000e+02 -7.496039797658237e+01
1.550250000000000e+02 -7.496039797658186e+01
1.551076800000000e+02 -7.496039797658173e+01
1.551903600000000e+02 -7.496039797658166e+01
1.552730400000000e+02 -7.496039797658108e+01
1.553557200000000e+02 -7.496039797658058e+01
1.554384000000000e+02 -7.496039797658062e+01
1.555210800000000e+02 -7.496039797658048e+01
1.556037600000000e+02 -7.496039797657978e+01
1.556864400000000e+02 -7.496039797657930e+01
1.557691200000000e+02 -7.496039797657939e+01
1.558518000000000e+02 -7.496039797657906e+01
1.559344800000000e+02 -7.496039797657841e+01
1.560171600000000e+02 -7.496039797657802e+01
1.560998400000000e+02 -7.496039797657804e+01
1.561825200000000e+02 -7.496039797657768e+01
1.562652000000000e+02 -7.496039797657703e+01
1.563478800000000e+02 -7.496039797657677e+01
1.564305600000000e+02 -7.496039797657679e+01
1.565132400000000e+02 -7.496039797657637e+01
1.565959200000000e+02 -7.496039797657579e+01
1.566786000000000e+02 -7.496039797657549e+01
1.567612800000000e+02 -7.496039797657545e+01
1.568439600000000e+02 -7.496039797657514e+01
1.569266400000000e+02 -7.496039797657455e+01
1.570093200000000e+02 -7.496039797657428e+01
1.570920000000000e+02 -7.496039797657421e+01
1.571746800000000e+02 -7.496039797657387e+01
1.572573600000000e+02 -7.496039797657328e+01
1.573400400000000e+02 -7.496039797657305e+01
1.574227200000000e+02 -7.496039797657298e+01
1.575054000000000e+02 -7.496039797657265e+01
1.575880800000000e+02 -7.496039797657207e+01
1.576707600000000e+02 -7.496039797657184e+01
1.577534400000000e+02 -7.496039797657188e+01
1.578361200000000e+02 -7.496039797657147e+01
1.579188000000000e+02 -7.496039797657087e+01
1.580014800000000e+02 -7.496039797657070e+01
1.580841600000000e+02 -7.496039797657076e+01
1.581668400000000e+02 -7.496039797657022e+01
1.582495200000000e+02 -7.496039797656964e+01
1.583322000000000e+02 -7.496039797656954e+01
1.584148800000000e+02 -7.496039797656955e+01
1.584975600000000e+02 -7.496039797656900e+01
1.585802400000000e+02 -7.496039797656837e+01
1.586629200000000e+02 -7.496039797656842e+01
1.587456000000000e+02 -7.496039797656837e+01
1.588282800000000e+02 -7.496039797656775e+01
1.589109600000000e+02 -7.496039797656717e+01
1.589936400000000e+02 -7.496039797656724e+01
1.590763200000000e+02 -7.496039797656704e+01
1.591590000000000e+02 -7.496039797656636e+01
1.592416800000000e+02 -7.496039797656584e+01
1.593243600000000e+02 -7.496039797656593e+01
1.594070400000000e+02 -7.496039797656570e+01
1.594897200000000e+02 -7.496039797656503e+01
1.595724000000000e+02 -7.496039797656464e+01
1.596550800000000e+02 -7.496039797656471e+01
1.597377600000000e+02 -7.496039797656451e+01
1.598204400000000e+02 -7.496039797656381e+01
1.599031200000000e+02 -7.496039797656340e+01
1.599858000000000e+02 -7.496039797656343e+01
1.600684800000000e+02 -7.496039797656320e+01
1.601511600000000e+02 -7.496039797656252e+01
1.602338400000000e+02 -7.496039797656212e+01
1.603165200000000e+02 -7.496039797656205e+01
1.603992000000000e+02 -7.496039797656175e+01
1.604818800000000e+02 -7.496039797656105e+01
1.605645600000000e+02 -7.496039797656066e+01
1.606472400000000e+02 -7.496039797656060e+01
1.607299200000000e+02 -7.496039797656024e+01
1.608126000000000e+02 -7.496039797655962e+01
1.608952800000000e+02 -7.496039797655918e+01
1.609779600000000e+02 -7.496039797655919e+01
1.610606400000000e+02 -7.496039797655878e+01
1.611433200000000e+02 -7.496039797655807e+01
1.612260000000000e+02 -7.496039797655774e+01
1.613086800000000e+02 -7.496039797655776e+01
1.613913600000000e+02 -7.496039797655729e+01
1.614740400000000e+02 -7.496039797655662e+01
1.615567200000000e+02 -7.496039797655629e+01
1.616394000000000e+02 -7.496039797655629e+01
1.617220800000000e+02 -7.496039797655573e+01
1.618047600000000e+02 -7.496039797655503e+01
1.618874400000000e+02 -7.496039797655482e+01
1.619701200000000e+02 -7.496039797655472e+01
1.620528000000000e+02 -7.496039797655418e+01
1.621354800000000e+02 -7.496039797655355e+01
1.622181600000000e+02 -7.496039797655338e+01
1.623008400000000e+02 -7.496039797655322e+01
1.623835200000000e+02 -7.496039797655266e+01
1.624662000000000e+02 -7.496039797655195e+01
1.625488800000000e+02 -7.496039797655179e+01
1.626315600000000e+02 -7.496039797655156e+01
1.627142400000000e+02 -7.496039797655106e+01
1.627969200000000e+02 -7.496039797655050e+01
1.628796000000000e+02 -7.496039797655033e+01
1.629622800000000e+02 -7.496039797655008e+01
1.630449600000000e+02 -7.496039797654949e+01
1.631276400000000e+02 -7.496039797654899e+01
1.632103200000000e+02 -7.496039797654879e+01
1.632930000000000e+02 -7.496039797654861e+01
1.633756800000000e+02 -7.496039797654798e+01
1.634583600000000e+02 -7.496039797654750e+01
1.635410400000000e+02 -7.496039797654730e+01
1.636237200000000e+02 -7.496039797654706e+01
1.637064000000000e+02 -7.496039797654636e+01
1.637890800000000e+02 -7.496039797654592e+01
1.638717600000000e+02 -7.496039797654571e+01
1.639544400000000e+02 -7.496039797654544e+01
1.640371200000000e+02 -7.496039797654480e+01
1.641198000000000e+02 -7.496039797654436e+01
1.642024800000000e+02 -7.496039797654420e+01
1.642851600000000e+02 -7.496039797654383e+01
1.643678400000000e+02 -7.496039797654319e+01
1.644505200000000e+02 -7.496039797654274e+01
1.645332000000000e+02 -7.496039797654264e+01
1.646158800000000e+02 -7.496039797654225e+01
1.646985600000000e+02 -7.496039797654171e+01
1.647812400000000e+02 -7.496039797654133e+01
1.648639200000000e+02 -7.496039797654122e+01
1.649466000000000e+02 -7.496039797654086e+01
1.650292800000000e+02 -7.496039797654025e+01
1.651119600000000e+02 -7.496039797653997e+01
1.651946400000000e+02 -7.496039797653985e+01
1.652773200000000e+02 -7.496039797653938e+01
1.653600000000000e+02 -7.496039797653886e+01
1.654426800000000e+02 -7.496039797653864e+01
1.655253600000000e+02 -7.496039797653850e+01
1.656080400000000e+02 -7.496039797653810e+01
1.656907200000000e+02 -7.496039797653759e+01
1.657734000000000e+02 -7.496039797653741e+01
1.658560800000000e+02 -7.496039797653721e+01
1.659387600000000e+02 -7.496039797653691e+01
1.660214400000000e+02 -7.496039797653647e+01
1.661041200000000e+02 -7.496039797653627e+01
1.661868000000000e+02 -7.496039797653607e+01
1.662694800000000e+02 -7.496039797653576e+01
1.663521600000000e+02 -7.496039797653536e+01
1.664348400000000e+02 -7.496039797653515e+01
1.665175200000000e+02 -7.496039797653503e+01
1.666002000000000e+02 -7.496039797653474e+01
1.666828800000000e+02 -7.496039797653434e+01
1.667655600000000e+02 -7.496039797653413e+01
1.668482400000000e+02 -7.496039797653404e+01
1.669309200000000e+02 -7.496039797653363e+01
1.670136000000000e+02 -7.496039797653323e+01
1.670962800000000e+02 -7.496039797653306e+01
1.671789600000000e+02 -7.496039797653293e+01
1.672616400000000e+02 -7.496039797653249e+01
1.673443200000000e+02 -7.496039797653204e+01
1.674270000000000e+02 -7.496039797653197e+01
1.675096800000000e+02 -7.496039797653185e+01
1.675923600000000e+02 -7.496039797653137e+01
1.676750400000000e+02 -7.496039797653090e+01
1.677577200000000e+02 -7.496039797653087e+01
1.678404000000000e+02 -7.496039797653071e+01
1.679230800000000e+02 -7.496039797653025e+01
1.680057600000000e+02 -7.496039797652990e+01
1.680884400000000e+02 -7.496039797652988e+01
1.681711200000000e+02 -7.496039797652961e+01
1.682538000000000e+02 -7.496039797652917e+01
1.683364800000000e+02 -7.496039797652884e+01
1.684191600000000e+02 -7.496039797652872e+01
1.685018400000000e+02 -7.496039797652847e+01
1.685845200000000e+02 -7.496039797652800e+01
1.686672000000000e+02 -7.496039797652779e+01
1.687498800000000e+02 -7.496039797652766e+01
1.688325600000000e+02 -7.496039797652737e+01
1.689152400000000e+02 -7.496039797652692e+01
1.689979200000000e+02 -7.496039797652668e+01
1.690806000000000e+02 -7.496039797652652e+01
1.691632800000000e+02 -7.496039797652635e+01
1.692459600000000e+02 -7.496039797652587e+01
1.693286400000000e+02 -7.496039797652556e+01
1.694113200000000e+02 -7.496039797652541e+01
1.694940000000000e+02 -7.496039797652519e+01
1.695766800000000e+02 -7.496039797652472e+01
1.696593600000000e+02 -7.496039797652436e+01
1.697420400000000e+02 -7.496039797652432e+01
1.698247200000000e+02 -7.496039797652408e+01
1.699074000000000e+02 -7.496039797652352e+01
1.699900800000000e+02 -7.496039797652320e+01
1.700727600000000e+02 -7.496039797652318e+01
1.701554400000000e+02 -7.496039797652286e+01
1.702381200000000e+02 -7.496039797652229e+01
1.703208000000000e+02 -7.496039797652205e+01
1.704034800000000e+02 -7.496039797652212e+01
1.704861600000000e+02 -7.496039797652166e+01
1.705688400000000e+02 -7.496039797652109e+01
1.706515200000000e+02 -7.496039797652094e+01
1.707342000000000e+02 -7.496039797652098e+01
1.708168800000000e+02 -7.496039797652048e+01
1.708995600000000e+02 -7.496039797651990e+01
1.709822400000000e+02 -7.496039797651987e+01
1.710649200000000e+02 -7.496039797651974e+01
1.711476000000000e+02 -7.496039797651925e+01
1.712302800000000e+02 -7.496039797651879e+01
1.713129600000000e+02 -7.496039797651883e+01
1.713956400000000e+02 -7.496039797651866e+01
1.714783200000000e+02 -7.496039797651814e+01
1.715610000000000e+02 -7.496039797651775e+01
1.716436800000000e+02 -7.496039797651780e+01
1.717263600000000e+02 -7.496039797651757e+01
1.718090400000000e+02 -7.496039797651704e+01
1.718917200000000e+02 -7.496039797651663e+01
1.719744000000000e+02 -7.496039797651660e+01
1.720570800000000e+02 -7.496039797651642e+01
1.721397600000000e+02 -7.496039797651592e+01
1.722224400000000e+02 -7.496039797651555e+01
1.723051200000000e+02 -7.496039797651547e+01
1.723878000000000e+02 -7.496039797651528e+01
1.724704800000000e+02 -7.496039797651471e+01
1.725531600000000e+02 -7.496039797651423e+01
1.726358400000000e+02 -7.496039797651417e+01
1.727185200000000e+02 -7.496039797651405e+01
1.728012000000000e+02 -7.496039797651339e+01
1.728838800000000e+02 -7.496039797651297e+01
1.729665600000000e+02 -7.496039797651302e+01
1.730492400000000e+02 -7.496039797651284e+01
1.731319200000000e+02 -7.496039797651216e+01
1.732146000000000e+02 -7.496039797651174e+01
1.732972800000000e+02 -7.496039797651190e+01
1.733799600000000e+02 -7.496039797651163e+01
1.734626400000000e+02 -7.496039797651095e+01
1.735453200000000e+02 -7.496039797651059e+01
1.736280000000000e+02 -7.496039797651081e+01
1.737106800000000e+02 -7.496039797651042e+01
1.737933600000000e+02 -7.496039797650971e+01
1.738760400000000e+02 -7.496039797650944e+01
1.739587200000000e+02 -7.496039797650961e+01
1.740414000000000e+02 -7.496039797650917e+01
1.741240800000000e+02 -7.496039797650843e+01
1.742067600000000e+02 -7.496039797650837e+01
1.742894400000000e+02 -7.496039797650843e+01
1.743721200000000e+02 -7.496039797650798e+01
1.744548000000000e+02 -7.496039797650731e+01
1.745374800000000e+02 -7.496039797650720e+01
1.746201600000000e+02 -7.496039797650717e+01
1.747028400000000e+02 -7.496039797650666e+01
1.747855200000000e+02 -7.496039797650597e+01
1.748682000000000e+02 -7.496039797650589e+01
1.749508800000000e+02 -7.496039797650579e+01
1.750335600000000e+02 -7.496039797650523e+01
1.751162400000000e+02 -7.496039797650467e+01
1.751989200000000e+02 -7.496039797650448e+01
1.752816000000000e+02 -7.496039797650445e+01
1.753642800000000e+02 -7.496039797650384e+01
1.754469600000000e+02 -7.496039797650324e+01
1.755296400000000e+02 -7.496039797650312e+01
1.756123200000000e+02 -7.496039797650299e+01
1.756950000000000e+02 -7.496039797650235e+01
1.757776800000000e+02 -7.496039797650178e+01
1.758603600000000e+02 -7.496039797650164e+01
1.759430400000000e+02 -7.496039797650157e+01
1.760257200000000e+02 -7.496039797650087e+01
1.761084000000000e+02 -7.496039797650032e+01
1.761910800000000e+02 -7.496039797650020e+01
1.762737600000000e+02 -7.496039797649996e+01
1.763564400000000e+02 -7.496039797649918e+01
1.764391200000000e+02 -7.496039797649863e+01
1.765218000000000e+02 -7.496039797649854e+01
1.766044800000000e+02 -7.496039797649820e+01
1.766871600000000e+02 -7.496039797649739e+01
1.767698400000000e+02 -7.496039797649685e+01
1.768525200000000e+02 -7.496039797649678e+01
1.769352000000000e+02 -7.496039797649628e+01
1.770178800000000e+02 -7.496039797649553e+01
1.771005600000000e+02 -7.496039797649506e+01
1.771832400000000e+02 -7.496039797649496e+01
1.772659200000000e+02 -7.496039797649452e+01
1.773486000000000e+02 -7.496039797649379e+01
1.774312800000000e+02 -7.496039797649337e+01
1.775139600000000e+02 -7.496039797649317e+01
1.775966400000000e+02 -7.496039797649270e+01
1.776793200000000e+02 -7.496039797649205e+01
1.777620000000000e+02 -7.496039797649165e+01
1.778446800000000e+02 -7.496039797649144e+01
1.779273600000000e+02 -7.496039797649094e+01
1.780100400000000e+02 -7.496039797649020e+01
1.780927200000000e+02 -7.496039797648990e+01
1.781754000000000e+02 -7.496039797648973e+01
1.782580800000000e+02 -7.496039797648925e+01
1.783407600000000e+02 -7.496039797648869e+01
1.784234400000000e+02 -7.496039797648825e+01
1.785061200000000e+02 -7.496039797648804e+01
1.785888000000000e+02 -7.496039797648758e+01
1.786714800000000e+02 -7.496039797648699e+01
1.787541600000000e+02 -7.496039797648666e+01
1.788368400000000e+02 -7.496039797648658e+01
1.789195200000000e+02 -7.496039797648615e+01
1.790022000000000e+02 -7.496039797648559e+01
1.790848800000000e+02 -7.496039797648530e+01
1.791675600000000e+02 -7.496039797648515e+01
1.792502400000000e+02 -7.496039797648470e+01
1.793329200000000e+02 -7.496039797648415e+01
1.794156000000000e+02 -7.496039797648396e+01
1.794982800000000e+02 -7.496039797648378e+01
1.795809600000000e+02 -7.496039797648329e+01
1.796636400000000e+02 -7.496039797648278e+01
1.797463200000000e+02 -7.496039797648267e+01
1.798290000000000e+02 -7.496039797648253e+01
1.799116800000000e+02 -7.496039797648211e+01
1.799943600000000e+02 -7.496039797648172e+01
1.800770400000000e+02 -7.496039797648167e+01
1.801597200000000e+02 -7.496039797648140e+01
1.802424000000000e+02 -7.496039797648099e+01
1.803250800000000e+02 -7.496039797648064e+01
1.804077600000000e+02 -7.496039797648056e+01
1.804904400000000e+02 -7.496039797648031e+01
1.805731200000000e+02 -7.496039797647991e+01
1.806558000000000e+02 -7.496039797647960e+01
1.807384800000000e+02 -7.496039797647950e+01
1.808211600000000e+02 -7.496039797647926e+01
1.809038400000000e+02 -7.496039797647889e+01
1.809865200000000e+02 -7.496039797647857e+01
1.810692000000000e+02 -7.496039797647842e+01
1.811518800000000e+02 -7.496039797647830e+01
1.812345600000000e+02 -7.496039797647784e+01
1.813172400000000e+02 -7.496039797647752e+01
1.813999200000000e+02 -7.496039797647737e+01
1.814826000000000e+02 -7.496039797647720e+01
1.815652800000000e+02 -7.496039797647678e+01
1.816479600000000e+02 -7.496039797647644e+01
1.817306400000000e+02 -7.496039797647632e+01
1.818133200000000e+02 -7.496039797647612e+01
1.818960000000000e+02 -7.496039797647563e+01
1.819786800000000e+02 -7.496039797647529e+01
1.820613600000000e+02 -7.496039797647519e+01
1.821440400000000e+02 -7.496039797647495e+01
1.822267200000000e+02 -7.496039797647447e+01
1.823094000000000e+02 -7.496039797647417e+01
1.823920800000000e+02 -7.496039797647416e+01
1.824747600000000e+02 -7.496039797647387e+01
1.825574400000000e+02 -7.496039797647343e+01
1.826401200000000e+02 -7.496039797647326e+01
1.827228000000000e+02 -7.496039797647323e+01
1.828054800000000e+02 -7.496039797647298e+01
1.828881600000000e+02 -7.496039797647249e+01
1.829708400000000e+02 -7.496039797647234e+01
1.830535200000000e+02 -7.496039797647228e+01
1.831362000000000e+02 -7.496039797647191e+01
1.832188800000000e+02 -7.496039797647153e+01
1.833015600000000e+02 -7.496039797647143e+01
1.833842400000000e+02 -7.496039797647127e+01
1.834669200000000e+02 -7.496039797647086e+01
1.835496000000000e+02 -7.496039797647050e+01
1.836322800000000e+02 -7.496039797647045e+01
1.837149600000000e+02 -7.496039797647019e+01
1.837976400000000e+02 -7.496039797646988e+01
1.838803200000000e+02 -7.496039797646948e+01
1.839630000000000e+02 -7.496039797646932e+01
1.840456800000000e+02 -7.496039797646911e+01
1.841283600000000e+02 -7.496039797646876e+01
1.842110400000000e+02 -7.496039797646840e+01
1.842937200000000e+02 -7.496039797646817e+01
1.843764000000000e+02 -7.496039797646806e+01
1.844590800000000e+02 -7.496039797646765e+01
1.845417600000000e+02 -7.496039797646716e+01
1.846244400000000e+02 -7.496039797646692e+01
1.847071200000000e+02 -7.496039797646682e+01
1.847898000000000e+02 -7.496039797646628e+01
1.848724800000000e+02 -7.496039797646576e+01
1.849551600000000e+02 -7.496039797646564e+01
1.850378400000000e+02 -7.496039797646552e+01
1.851205200000000e+02 -7.496039797646492e+01
1.852032000000000e+02 -7.496039797646439e+01
1.852858800000000e+02 -7.496039797646441e+01
1.853685600000000e+02 -7.496039797646425e+01
1.854512400000000e+02 -7.496039797646353e+01
1.855339200000000e+02 -7.496039797646306e+01
1.856166000000000e+02 -7.496039797646311e+01
1.856992800000000e+02 -7.496039797646281e+01
1.857819600000000e+02 -7.496039797646208e+01
1.858646400000000e+02 -7.496039797646162e+01
1.859473200000000e+02 -7.496039797646171e+01
1.860300000000000e+02 -7.496039797646139e+01
1.861126800000000e+02 -7.496039797646064e+01
1.861953600000000e+02 -7.496039797646031e+01
1.862780400000000e+02 -7.496039797646036e+01
1.863607200000000e+02 -7.496039797645999e+01
1.864434000000000e+02 -7.496039797645936e+01
1.865260800000000e+02 -7.496039797645919e+01
1.866087600000000e+02 -7.496039797645915e+01
1.866914400000000e+02 -7.496039797645874e+01
1.867741200000000e+02 -7.496039797645810e+01
1.868568000000000e+02 -7.496039797645793e+01
1.869394800000000e+02 -7.496039797645783e+01
1.870221600000000e+02 -7.496039797645743e+01
1.871048400000000e+02 -7.496039797645685e+01
1.871875200000000e+02 -7.496039797645665e+01
1.872702000000000e+02 -7.496039797645665e+01
1.873528800000000e+02 -7.496039797645621e+01
1.874355600000000e+02 -7.496039797645565e+01
1.875182400000000e+02 -7.496039797645544e+01
1.876009200000000e+02 -7.496039797645545e+01
1.876836000000000e+02 -7.496039797645501e+01
1.877662800000000e+02 -7.496039797645442e+01
1.878489600000000e+02 -7.496039797645423e+01
1.879316400000000e+02 -7.496039797645426e+01
1.880143200000000e+02 -7.496039797645375e+01
1.880970000000000e+02 -7.496039797645315e+01
1.881796800000000e+02 -7.496039797645307e+01
1.882623600000000e+02 -7.496039797645304e+01
1.883450400000000e+02 -7.496039797645238e+01
1.884277200000000e+02 -7.496039797645183e+01
1.885104000000000e+02 -7.496039797645184e+01
1.885930800000000e+02 -7.496039797645174e+01
1.886757600000000e+02 -7.496039797645108e+01
1.887584400000000e+02 -7.496039797645048e+01
1.888411200000000e+02 -7.496039797645054e+01
1.889238000000000e+02 -7.496039797645035e+01
1.890064800000000e+02 -7.496039797644967e+01
1.890891600000000e+02 -7.496039797644916e+01
1.891718400000000e+02 -7.496039797644919e+01
1.892545200000000e+02 -7.496039797644887e+01
1.893372000000000e+02 -7.496039797644816e+01
1.894198800000000e+02 -7.496039797644775e+01
1.895025600000000e+02 -7.496039797644778e+01
1.895852400000000e+02 -7.496039797644741e+01
1.896679200000000e+02 -7.496039797644673e+01
1.897506000000000e+02 -7.496039797644639e+01
1.898332800000000e+02 -7.496039797644633e+01
1.899159600000000e+02 -7.496039797644600e+01
1.899986400000000e+02 -7.496039797644535e+01
1.900813200000000e+02 -7.496039797644499e+01
1.901640000000000e+02 -7.496039797644497e+01
1.902466800000000e+02 -7.496039797644464e+01
1.903293600000000e+02 -7.496039797644394e+01
1.904120400000000e+02 -7.496039797644367e+01
1.904947200000000e+02 -7.496039797644357e+01
1.905774000000000e+02 -7.496039797644322e+01
1.906600800000000e+02 -7.496039797644252e+01
1.907427600000000e+02 -7.496039797644220e+01
1.908254400000000e+02 -7.496039797644212e+01
1.909081200000000e+02 -7.496039797644167e+01
1.909908000000000e+02 -7.496039797644102e+01
1.910734800000000e+02 -7.496039797644070e+01
1.911561600000000e+02 -7.496039797644067e+01
1.912388400000000e+02 -7.496039797644025e+01
1.913215200000000e+02 -7.496039797643962e+01
1.914042000000000e+02 -7.496039797643940e+01
1.914868800000000e+02 -7.496039797643945e+01
1.915695600000000e+02 -7.496039797643884e+01
1.916522400000000e+02 -7.496039797643820e+01
1.917349200000000e+02 -7.496039797643800e+01
1.918176000000000e+02 -7.496039797643789e+01
1.919002800000000e+02 -7.496039797643733e+01
1.919829600000000e+02 -7.496039797643671e+01
1.920656400000000e+02 -7.496039797643660e+01
1.921483200000000e+02 -7.496039797643645e+01
1.922310000000000e+02 -7.496039797643596e+01
1.923136800000000e+02 -7.496039797643543e+01
1.923963600000000e+02 -7.496039797643532e+01
1.924790400000000e+02 -7.496039797643509e+01
1.925617200000000e+02 -7.496039797643459e+01
1.926444000000000e+02 -7.496039797643412e+01
1.927270800000000e+02 -7.496039797643401e+01
1.928097600000000e+02 -7.496039797643378e+01
1.928924400000000e+02 -7.496039797643323e+01
1.929751200000000e+02 -7.496039797643280e+01
1.930578000000000e+02 -7.496039797643265e+01
1.931404800000000e+02 -7.496039797643235e+01
1.932231600000000e+02 -7.496039797643179e+01
1.933058400000000e+02 -7.496039797643148e+01
1.933885200000000e+02 -7.496039797643127e+01
1.934712000000000e+02 -7.496039797643111e+01
1.935538800000000e+02 -7.496039797643057e+01
1.936365600000000e+02 -7.496039797643020e+01
1.937192400000000e+02 -7.496039797643002e+01
1.938019200000000e+02 -7.496039797642977e+01
1.938846000000000e+02 -7.496039797642918e+01
1.939672800000000e+02 -7.496039797642882e+01
1.940499600000000e+02 -7.496039797642868e+01
1.941326400000000e+02 -7.496039797642841e+01
1.942153200000000e+02 -7.496039797642786e+01
1.942980000000000e+02 -7.496039797642742e+01
1.943806800000000e+02 -7.496039797642736e+01
1.944633600000000e+02 -7.496039797642700e+01
1.945460400000000e+02 -7.496039797642646e+01
1.946287200000000e+02 -7.496039797642615e+01
1.947114000000000e+02 -7.496039797642612e+01
1.947940800000000e+02 -7.496039797642575e+01
1.948767600000000e+02 -7.496039797642524e+01
1.949594400000000e+02 -7.496039797642501e+01
1.950421200000000e+02 -7.496039797642489e+01
1.951248000000000e+02 -7.496039797642450e+01
1.952074800000000e+02 -7.496039797642403e+01
1.952901600000000e+02 -7.496039797642381e+01
1.953728400000000e+02 -7.496039797642368e+01
1.954555200000000e+02 -7.496039797642328e+01
1.955382000000000e+02 -7.496039797642284e+01
1.956208800000000e+02 -7.496039797642268e+01
1.957035600000000e+02 -7.496039797642251e+01
1.957862400000000e+02 -7.496039797642224e+01
1.958689200000000e+02 -7.496039797642183e+01
1.959516000000000e+02 -7.496039797642159e+01
1.960342800000000e+02 -7.496039797642146e+01
1.961169600000000e+02 -7.496039797642115e+01
1.961996400000000e+02 -7.496039797642075e+01
1.962823200000000e+02 -7.496039797642051e+01
1.963650000000000e+02 -7.496039797642038e+01
1.964476800000000e+02 -7.496039797642008e+01
1.965303600000000e+02 -7.496039797641971e+01
1.966130400000000e+02 -7.496039797641946e+01
1.966957200000000e+02 -7.496039797641940e+01
1.967784000000000e+02 -7.496039797641905e+01
1.968610800000000e+02 -7.496039797641861e+01
1.969437600000000e+02 -7.496039797641839e+01
1.970264400000000e+02 -7.496039797641832e+01
1.971091200000000e+02 -7.496039797641794e+01
1.971918000000000e+02 -7.496039797641748e+01
1.972744800000000e+02 -7.496039797641737e+01
1.973571600000000e+02 -7.496039797641720e+01
1.974398400000000e+02 -7.496039797641671e+01
1.975225200000000e+02 -7.496039797641627e+01
1.976052000000000e+02 -7.496039797641626e+01
1.976878800000000e+02 -7.496039797641609e+01
1.977705600000000e+02 -7.496039797641556e+01
1.978532400000000e+02 -7.496039797641512e+01
1.979359200000000e+02 -7.496039797641511e+01
1.980186000000000e+02 -7.496039797641474e+01
1.981012800000000e+02 -7.496039797641424e+01
1.981839600000000e+02 -7.496039797641389e+01
1.982666400000000e+02 -7.496039797641382e+01
1.983493200000000e+02 -7.496039797641350e+01
1.984320000000000e+02 -7.496039797641301e+01
1.985146800000000e+02 -7.496039797641278e+01
1.985973600000000e+02 -7.496039797641262e+01
1.986800400000000e+02 -7.496039797641232e+01
1.987627200000000e+02 -7.496039797641177e+01
1.988454000000000e+02 -7.496039797641156e+01
1.989280800000000e+02 -7.496039797641140e+01
1.990107600000000e+02 -7.496039797641107e+01
1.990934400000000e+02 -7.496039797641058e+01
1.991761200000000e+02 -7.496039797641029e+01
1.992588000000000e+02 -7.496039797641012e+01
1.993414800000000e+02 -7.496039797640979e+01
1.994241600000000e+02 -7.496039797640924e+01
1.995068400000000e+02 -7.496039797640890e+01
1.995895200000000e+02 -7.496039797640876e+01
1.996722000000000e+02 -7.496039797640844e+01
1.997548800000000e+02 -7.496039797640788e+01
1.998375600000000e+02 -7.496039797640752e+01
1.999202400000000e+02 -7.496039797640752e+01
2.000029200000000e+02 -7.496039797640717e+01
2.000856000000000e+02 -7.496039797640654e+01
2.001682800000000e+02 -7.496039797640631e+01
2.002509600000000e+02 -7.496039797640628e+01
2.003336400000000e+02 -7.496039797640589e+01
2.004163200000000e+02 -7.496039797640526e+01
2.004990000000000e+02 -7.496039797640509e+01
2.005816800000000e+02 -7.496039797640503e+01
2.006643600000000e+02 -7.496039797640452e+01
2.007470400000000e+02 -7.496039797640404e+01
2.008297200000000e+02 -7.496039797640397e+01
2.009124000000000e+02 -7.496039797640390e+01
2.009950800000000e+02 -7.496039797640330e+01
2.010777600000000e+02 -7.496039797640277e+01
2.011604400000000e+02 -7.496039797640277e+01
2.012431200000000e+02 -7.496039797640256e+01
2.013258000000000e+02 -7.496039797640201e+01
2.014084800000000e+02 -7.496039797640145e+01
2.014911600000000e+02 -7.496039797640150e+01
2.015738400000000e+02 -7.496039797640127e+01
2.016565200000000e+02 -7.496039797640070e+01
2.017392000000000e+02 -7.496039797640032e+01
2.018218800000000e+02 -7.496039797640032e+01
2.019045600000000e+02 -7.496039797640010e+01
2.019872400000000e+02 -7.496039797639952e+01
2.020699200000000e+02 -7.496039797639916e+01
2.021526000000000e+02 -7.496039797639915e+01
2.022352800000000e+02 -7.496039797639889e+01
2.023179600000000e+02 -7.496039797639838e+01
2.024006400000000e+02 -7.496039797639797e+01
2.024833200000000e+02 -7.496039797639793e+01
2.025660000000000e+02 -7.496039797639767e+01
2.026486800000000e+02 -7.496039797639705e+01
2.027313600000000e+02 -7.496039797639668e+01
2.028140400000000e+02 -7.496039797639671e+01
2.028967200000000e+02 -7.496039797639645e+01
2.029794000000000e+02 -7.496039797639575e+01
2.030620800000000e+02 -7.496039797639536e+01
2.031447600000000e+02 -7.496039797639546e+01
2.032274400000000e+02 -7.496039797639514e+01
2.033101200000000e+02 -7.496039797639446e+01
2.033928000000000e+02 -7.496039797639406e+01
2.034754800000000e+02 -7.496039797639422e+01
2.035581600000000e+02 -7.496039797639378e+01
2.036408400000000e+02 -7.496039797639305e+01
2.037235200000000e+02 -7.496039797639281e+01
2.038062000000000e+02 -7.496039797639294e+01
2.038888800000000e+02 -7.496039797639249e+01
2.039715600000000e+02 -7.496039797639179e+01
2.040542400000000e+02 -7.496039797639170e+01
2.041369200000000e+02 -7.496039797639173e+01
2.042196000000000e+02 -7.496039797639119e+01
2.043022800000000e+02 -7.496039797639051e+01
2.043849600000000e+02 -7.496039797639047e+01
2.044676400000000e+02 -7.496039797639042e+01
2.045503200000000e+02 -7.496039797638986e+01
2.046330000000000e+02 -7.496039797638925e+01
2.047156800000000e+02 -7.496039797638919e+01
2.047983600000000e+02 -7.496039797638912e+01
2.048810400000000e+02 -7.496039797638858e+01
2.049637200000000e+02 -7.496039797638804e+01
2.050464000000000e+02 -7.496039797638801e+01
2.051290800000000e+02 -7.496039797638785e+01
2.052117600000000e+02 -7.496039797638726e+01
2.052944400000000e+02 -7.496039797638674e+01
2.053771200000000e+02 -7.496039797638660e+01
2.054598000000000e+02 -7.496039797638643e+01
2.055424800000000e+02 -7.496039797638582e+01
2.056251600000000e+02 -7.496039797638531e+01
2.057078400000000e+02 -7.496039797638521e+01
2.057905200000000e+02 -7.496039797638504e+01
2.058732000000000e+02 -7.496039797638436e+01
2.059558800000000e+02 -7.496039797638383e+01
2.060385600000000e+02 -7.496039797638379e+01
2.061212400000000e+02 -7.496039797638353e+01
2.062039200000000e+02 -7.496039797638286e+01
2.062866000000000e+02 -7.496039797638235e+01
2.063692800000000e+02 -7.496039797638234e+01
2.064519600000000e+02 -7.496039797638200e+01
2.065346400000000e+02 -7.496039797638126e+01
2.066173200000000e+02 -7.496039797638075e+01
2.067000000000000e+02 -7.496039797638068e+01
2.067826800000000e+02 -7.496039797638025e+01
2.068653600000000e+02 -7.496039797637953e+01
2.069480400000000e+02 -7.496039797637903e+01
2.070307200000000e+02 -7.496039797637899e+01
2.071134000000000e+02 -7.496039797637852e+01
2.071960800000000e+02 -7.496039797637782e+01
2.072787600000000e+02 -7.496039797637745e+01
2.073614400000000e+02 -7.496039797637731e+01
2.074441200000000e+02 -7.496039797637688e+01
2.075268000000000e+02 -7.496039797637620e+01
2.076094800000000e+02 -7.496039797637589e+01
2.076921600000000e+02 -7.496039797637569e+01
2.077748400000000e+02 -7.496039797637523e+01
2.078575200000000e+02 -7.496039797637455e+01
2.079402000000000e+02 -7.496039797637428e+01
2.080228800000000e+02 -7.496039797637413e+01
2.081055600000000e+02 -7.496039797637373e+01
2.081882400000000e+02 -7.496039797637312e+01
2.082709200000000e+02 -7.496039797637289e+01
2.083536000000000e+02 -7.496039797637269e+01
2.084362800000000e+02 -7.496039797637225e+01
2.085189600000000e+02 -7.496039797637169e+01
2.086016400000000e+02 -7.496039797637141e+01
2.086843200000000e+02 -7.496039797637131e+01
2.087670000000000e+02 -7.496039797637087e+01
2.088496800000000e+02 -7.496039797637034e+01
2.089323600000000e+02 -7.496039797637010e+01
2.090150400000000e+02 -7.496039797636998e+01
2.090977200000000e+02 -7.496039797636948e+01
2.091804000000000e+02 -7.496039797636905e+01
2.092630800000000e+02 -7.496039797636887e+01
2.093457600000000e+02 -7.496039797636878e+01
2.094284400000000e+02 -7.496039797636831e+01
2.095111200000000e+02 -7.496039797636790e+01
2.095938000000000e+02 -7.496039797636780e+01
2.096764800000000e+02 -7.496039797636764e+01
2.097591600000000e+02 -7.496039797636723e+01
2.098418400000000e+02 -7.496039797636682e+01
2.099245200000000e+02 -7.496039797636681e+01
2.100072000000000e+02 -7.496039797636665e+01
2.100898800000000e+02 -7.496039797636621e+01
2.101725600000000e+02 -7.496039797636583e+01
2.102552400000000e+02 -7.496039797636581e+01
2.103379200000000e+02 -7.496039797636563e+01
2.104206000000000e+02 -7.496039797636523e+01
2.105032800000000e+02 -7.496039797636493e+01
2.105859600000000e+02 -7.496039797636492e+01
2.106686400000000e+02 -7.496039797636469e+01
2.107513200000000e+02 -7.496039797636425e+01
2.108340000000000e+02 -7.496039797636401e+01
2.109166800000000e+02 -7.496039797636381e+01
2.109993600000000e+02 -7.496039797636362e+01
2.110820400000000e+02 -7.496039797636324e+01
2.111647200000000e+02 -7.496039797636298e+01
2.112474000000000e+02 -7.496039797636287e+01
2.113300800000000e+02 -7.496039797636276e+01
2.114127600000000e+02 -7.496039797636229e+01
2.114954400000000e+02 -7.496039797636193e+01
2.115781200000000e+02 -7.496039797636175e+01
2.116608000000000e+02 -7.496039797636155e+01
2.117434800000000e+02 -7.496039797636118e+01
2.118261600000000e+02 -7.496039797636085e+01
2.119088400000000e+02 -7.496039797636072e+01
2.119915200000000e+02 -7.496039797636048e+01
2.120742000000000e+02 -7.496039797635999e+01
2.121568800000000e+02 -7.496039797635966e+01
2.122395600000000e+02 -7.496039797635962e+01
2.123222400000000e+02 -7.496039797635933e+01
2.124049200000000e+02 -7.496039797635883e+01
2.124876000000000e+02 -7.496039797635856e+01
2.125702800000000e+02 -7.496039797635849e+01
2.126529600000000e+02 -7.496039797635812e+01
2.127356400000000e+02 -7.496039797635763e+01
2.128183200000000e+02 -7.496039797635741e+01
2.129010000000000e+02 -7.496039797635740e+01
2.129836800000000e+02 -7.496039797635699e+01
2.130663600000000e+02 -7.496039797635649e+01
2.131490400000000e+02 -7.496039797635640e+01
2.132317200000000e+02 -7.496039797635626e+01
2.133144000000000e+02 -7.496039797635584e+01
2.133970800000000e+02 -7.496039797635541e+01
2.134797600000000e+02 -7.496039797635530e+01
2.135624400000000e+02 -7.496039797635505e+01
2.136451200000000e+02 -7.496039797635463e+01
2.137278000000000e+02 -7.496039797635432e+01
2.138104800000000e+02 -7.496039797635419e+01
2.138931600000000e+02 -7.496039797635397e+01
2.139758400000000e+02 -7.496039797635353e+01
2.140585200000000e+02 -7.496039797635311e+01
2.141412000000000e+02 -7.496039797635289e+01
2.142238800000000e+02 -7.496039797635268e+01
2.143065600000000e+02 -7.496039797635224e+01
2.143892400000000e+02 -7.496039797635180e+01
2.144719200000000e+02 -7.496039797635156e+01
2.145546000000000e+02 -7.496039797635140e+01
2.146372800000000e+02 -7.496039797635095e+01
2.147199600000000e+02 -7.496039797635039e+01
2.148026400000000e+02 -7.496039797635022e+01
2.148853200000000e+02 -7.496039797635007e+01
2.149680000000000e+02 -7.496039797634950e+01
2.150506800000000e+02 -7.496039797634899e+01
2.151333600000000e+02 -7.496039797634893e+01
2.152160400000000e+02 -7.496039797634874e+01
2.152987200000000e+02 -7.496039797634806e+01
2.153814000000000e+02 -7.496039797634752e+01
2.154640800000000e+02 -7.496039797634748e+01
2.155467600000000e+02 -7.496039797634721e+01
2.156294400000000e+02 -7.496039797634644e+01
2.157121200000000e+02 -7.496039797634600e+01
2.157948000000000e+02 -7.496039797634613e+01
2.158774800000000e+02 -7.496039797634579e+01
2.159601600000000e+02 -7.496039797634498e+01
2.160428400000000e+02 -7.496039797634471e+01
2.161255200000000e+02 -7.496039797634474e+01
2.162082000000000e+02 -7.496039797634430e+01
2.162908800000000e+02 -7.496039797634356e+01
2.163735600000000e+02 -7.496039797634330e+01
2.164562400000000e+02 -7.496039797634329e+01
2.165389200000000e+02 -7.496039797634279e+01
2.166216000000000e+02 -7.496039797634204e+01
2.167042800000000e+02 -7.496039797634191e+01
2.167869600000000e+02 -7.496039797634180e+01
2.168696400000000e+02 -7.496039797634130e+01
2.169523200000000e+02 -7.496039797634070e+01
2.170350000000000e+02 -7.496039797634053e+01
2.171176800000000e+02 -7.496039797634042e+01
2.172003600000000e+02 -7.496039797633992e+01
2.172830400000000e+02 -7.496039797633937e+01
2.173657200000000e+02 -7.496039797633921e+01
2.174484000000000e+02 -7.496039797633915e+01
2.175310800000000e+02 -7.496039797633863e+01
2.176137600000000e+02 -7.496039797633807e+01
2.176964400000000e+02 -7.496039797633796e+01
2.177791200000000e+02 -7.496039797633793e+01
2.178618000000000e+02 -7.496039797633739e+01
2.179444800000000e+02 -7.496039797633685e+01
2.180271600000000e+02 -7.496039797633675e+01
2.181098400000000e+02 -7.496039797633668e+01
2.181925200000000e+02 -7.496039797633603e+01
2.182752000000000e+02 -7.496039797633544e+01
2.183578800000000e+02 -7.496039797633546e+01
2.184405600000000e+02 -7.496039797633536e+01
2.185232400000000e+02 -7.496039797633466e+01
2.186059200000000e+02 -7.496039797633414e+01
2.186886000000000e+02 -7.496039797633424e+01
2.187712800000000e+02 -7.496039797633397e+01
2.188539600000000e+02 -7.496039797633323e+01
2.189366400000000e+02 -7.496039797633273e+01
2.190193200000000e+02 -7.496039797633290e+01
2.191020000000000e+02 -7.496039797633254e+01
2.191846800000000e+02 -7.496039797633185e+01
2.192673600000000e+02 -7.496039797633149e+01
2.193500400000000e+02 -7.496039797633159e+01
2.194327200000000e+02 -7.496039797633124e+01
2.195154000000000e+02 -7.496039797633051e+01
2.195980800000000e+02 -7.496039797633019e+01
2.196807600000000e+02 -7.496039797633020e+01
2.197634400000000e+02 -7.496039797632980e+01
2.198461200000000e+02 -7.496039797632909e+01
2.199288000000000e+02 -7.496039797632879e+01
2.200114800000000e+02 -7.496039797632875e+01
2.200941600000000e+02 -7.496039797632837e+01
2.201768400000000e+02 -7.496039797632770e+01
2.202595200000000e+02 -7.496039797632744e+01
2.203422000000000e+02 -7.496039797632739e+01
2.204248800000000e+02 -7.496039797632693e+01
2.205075600000000e+02 -7.496039797632626e+01
2.205902400000000e+02 -7.496039797632598e+01
2.206729200000000e+02 -7.496039797632596e+01
2.207556000000000e+02 -7.496039797632555e+01
2.208382800000000e+02 -7.496039797632488e+01
2.209209600000000e+02 -7.496039797632457e+01
2.210036400000000e+02 -7.496039797632454e+01
2.210863200000000e+02 -7.496039797632405e+01
2.211690000000000e+02 -7.496039797632349e+01
2.212516800000000e+02 -7.496039797632326e+01
2.213343600000000e+02 -7.496039797632325e+01
2.214170400000000e+02 -7.496039797632267e+01
2.214997200000000e+02 -7.496039797632207e+01
2.215824000000000e+02 -7.496039797632193e+01
2.216650800000000e+02 -7.496039797632183e+01
2.217477600000000e+02 -7.496039797632127e+01
2.218304400000000e+02 -7.496039797632073e+01
2.219131200000000e+02 -7.496039797632065e+01
2.219958000000000e+02 -7.496039797632051e+01
2.220784800000000e+02 -7.496039797632002e+01
2.221611600000000e+02 -7.496039797631947e+01
2.222438400000000e+02 -7.496039797631944e+01
2.223265200000000e+02 -7.496039797631921e+01
2.224092000000000e+02 -7.496039797631869e+01
2.224918800000000e+02 -7.496039797631821e+01
2.225745600000000e+02 -7.496039797631811e+01
2.226572400000000e+02 -7.496039797631786e+01
2.227399200000000e+02 -7.496039797631741e+01
2.228226000000000e+02 -7.496039797631700e+01
2.229052800000000e+02 -7.496039797631683e+01
2.229879600000000e+02 -7.496039797631656e+01
2.230706400000000e+02 -7.496039797631606e+01
2.231533200000000e+02 -7.496039797631575e+01
2.232360000000000e+02 -7.496039797631565e+01
2.233186800000000e+02 -7.496039797631548e+01
2.234013600000000e+02 -7.496039797631499e+01
2.234840400000000e+02 -7.496039797631467e+01
2.235667200000000e+02 -7.496039797631454e+01
2.236494000000000e+02 -7.496039797631431e+01
2.237320800000000e+02 -7.496039797631381e+01
2.238147600000000e+02 -7.496039797631346e+01
2.238974400000000e+02 -7.496039797631330e+01
2.239801200000000e+02 -7.496039797631306e+01
2.240628000000000e+02 -7.496039797631258e+01
2.241454800000000e+02 -7.496039797631218e+01
2.242281600000000e+02 -7.496039797631214e+01
2.243108400000000e+02 -7.496039797631185e+01
2.243935200000000e+02 -7.496039797631140e+01
2.244762000000000e+02 -7.496039797631107e+01
2.245588800000000e+02 -7.496039797631103e+01
2.246415600000000e+02 -7.496039797631070e+01
2.247242400000000e+02 -7.496039797631020e+01
2.248069200000000e+02 -7.496039797630996e+01
2.248896000000000e+02 -7.496039797630986e+01
2.249722800000000e+02 -7.496039797630951e+01
2.250549600000000e+02 -7.496039797630905e+01
2.251376400000000e+02 -7.496039797630887e+01
2.252203200000000e+02 -7.496039797630877e+01
2.253030000000000e+02 -7.496039797630843e+01
2.253856800000000e+02 -7.496039797630797e+01
2.254683600000000e+02 -7.496039797630780e+01
2.255510400000000e+02 -7.496039797630763e+01
2.256337200000000e+02 -7.496039797630733e+01
2.257164000000000e+02 -7.496039797630691e+01
2.257990800000000e+02 -7.496039797630674e+01
2.258817600000000e+02 -7.496039797630665e+01
2.259644400000000e+02 -7.496039797630637e+01
2.260471200000000e+02 -7.496039797630601e+01
2.261298000000000e+02 -7.496039797630587e+01
2.262124800000000e+02 -7.496039797630576e+01
2.262951600000000e+02 -7.496039797630546e+01
2.263778400000000e+02 -7.496039797630505e+01
2.264605200000000e+02 -7.496039797630483e+01
2.265432000000000e+02 -7.496039797630473e+01
2.266258800000000e+02 -7.496039797630442e+01
2.267085600000000e+02 -7.496039797630398e+01
2.267912400000000e+02 -7.496039797630371e+01
2.268739200000000e+02 -7.496039797630364e+01
2.269566000000000e+02 -7.496039797630326e+01
2.270392800000000e+02 -7.496039797630276e+01
2.271219600000000e+02 -7.496039797630259e+01
2.272046400000000e+02 -7.496039797630246e+01
2.272873200000000e+02 -7.496039797630203e+01
2.273700000000000e+02 -7.496039797630154e+01
2.274526800000000e+02 -7.496039797630142e+01
2.275353600000000e+02 -7.496039797630124e+01
2.276180400000000e+02 -7.496039797630075e+01
2.277007200000000e+02 -7.496039797630024e+01
2.277834000000000e+02 -7.496039797630023e+01
2.278660800000000e+02 -7.496039797629999e+01
2.279487600000000e+02 -7.496039797629942e+01
2.280314400000000e+02 -7.496039797629902e+01
2.281141200000000e+02 -7.496039797629903e+01
2.281968000000000e+02 -7.496039797629875e+01
2.282794800000000e+02 -7.496039797629814e+01
2.283621600000000e+02 -7.496039797629784e+01
2.284448400000000e+02 -7.496039797629774e+01
2.285275200000000e+02 -7.496039797629734e+01
2.286102000000000e+02 -7.496039797629675e+01
2.286928800000000e+02 -7.496039797629651e+01
2.287755600000000e+02 -7.496039797629632e+01
2.288582400000000e+02 -7.496039797629594e+01
2.289409200000000e+02 -7.496039797629530e+01
2.290236000000000e+02 -7.496039797629501e+01
2.291062800000000e+02 -7.496039797629479e+01
2.291889600000000e+02 -7.496039797629437e+01
2.292716400000000e+02 -7.496039797629378e+01
2.293543200000000e+02 -7.496039797629346e+01
2.294370000000000e+02 -7.496039797629328e+01
2.295196800000000e+02 -7.496039797629290e+01
2.296023600000000e+02 -7.496039797629234e+01
2.296850400000000e+02 -7.496039797629201e+01
2.297677200000000e+02 -7.496039797629193e+01
2.298504000000000e+02 -7.496039797629152e+01
2.299330800000000e+02 -7.496039797629095e+01
2.300157600000000e+02 -7.496039797629064e+01
2.300984400000000e+02 -7.496039797629058e+01
2.301811200000000e+02 -7.496039797629011e+01
2.302638000000000e+02 -7.496039797628947e+01
2.303464800000000e+02 -7.496039797628931e+01
2.304291600000000e+02 -7.496039797628926e+01
2.305118400000000e+02 -7.496039797628870e+01
2.305945200000000e+02 -7.496039797628806e+01
2.306772000000000e+02 -7.496039797628805e+01
2.307598800000000e+02 -7.496039797628789e+01
2.308425600000000e+02 -7.496039797628730e+01
2.309252400000000e+02 -7.496039797628676e+01
2.310079200000000e+02 -7.496039797628677e+01
2.310906000000000e+02 -7.496039797628660e+01
2.311732800000000e+02 -7.496039797628600e+01
2.312559600000000e+02 -7.496039797628551e+01
2.313386400000000e+02 -7.496039797628552e+01
2.314213200000000e+02 -7.496039797628525e+01
2.315040000000000e+02 -7.496039797628460e+01
2.315866800000000e+02 -7.496039797628424e+01
2.316693600000000e+02 -7.496039797628428e+01
2.317520400000000e+02 -7.496039797628396e+01
2.318347200000000e+02 -7.496039797628330e+01
2.319174000000000e+02 -7.496039797628305e+01
2.320000800000000e+02 -7.496039797628306e+01
2.320827600000000e+02 -7.496039797628282e+01
2.321654400000000e+02 -7.496039797628217e+01
2.322481200000000e+02 -7.496039797628188e+01
2.323308000000000e+02 -7.496039797628187e+01
2.324134800000000e+02 -7.496039797628161e+01
2.324961600000000e+02 -7.496039797628096e+01
2.325788400000000e+02 -7.496039797628066e+01
2.326615200000000e+02 -7.496039797628065e+01
2.327442000000000e+02 -7.496039797628043e+01
2.328268800000000e+02 -7.496039797627981e+01
2.329095600000000e+02 -7.496039797627955e+01
2.329922400000000e+02 -7.496039797627964e+01
2.330749200000000e+02 -7.496039797627932e+01
2.331576000000000e+02 -7.496039797627873e+01
2.332402800000000e+02 -7.496039797627843e+01
2.333229600000000e+02 -7.496039797627851e+01
2.334056400000000e+02 -7.496039797627813e+01
2.334883200000000e+02 -7.496039797627742e+01
2.335710000000000e+02 -7.496039797627724e+01
2.336536800000000e+02 -7.496039797627732e+01
2.337363600000000e+02 -7.496039797627679e+01
2.338190400000000e+02 -7.496039797627613e+01
2.339017200000000e+02 -7.496039797627604e+01
2.339844000000000e+02 -7.496039797627610e+01
2.340670800000000e+02 -7.496039797627554e+01
2.341497600000000e+02 -7.496039797627488e+01
2.342324400000000e+02 -7.496039797627492e+01
2.343151200000000e+02 -7.496039797627486e+01
2.343978000000000e+02 -7.496039797627436e+01
2.344804800000000e+02 -7.496039797627377e+01
2.345631600000000e+02 -7.496039797627374e+01
2.346458400000000e+02 -7.496039797627364e+01
2.347285200000000e+02 -7.496039797627304e+01
2.348112000000000e+02 -7.496039797627259e+01
2.348938800000000e+02 -7.496039797627256e+01
2.349765600000000e+02 -7.496039797627242e+01
2.350592400000000e+02 -7.496039797627186e+01
2.351419200000000e+02 -7.496039797627137e+01
2.352246000000000e+02 -7.496039797627132e+01
2.353072800000000e+02 -7.496039797627118e+01
2.353899600000000e+02 -7.496039797627066e+01
2.354726400000000e+02 -7.496039797627027e+01
2.355553200000000e+02 -7.496039797627014e+01
2.356380000000000e+02 -7.496039797626997e+01
2.357206800000000e+02 -7.496039797626938e+01
2.358033600000000e+02 -7.496039797626891e+01
2.358860400000000e+02 -7.496039797626879e+01
2.359687200000000e+02 -7.496039797626858e+01
2.360514000000000e+02 -7.496039797626793e+01
2.361340800000000e+02 -7.496039797626750e+01
2.362167600000000e+02 -7.496039797626744e+01
2.362994400000000e+02 -7.496039797626717e+01
2.363821200000000e+02 -7.496039797626649e+01
2.364648000000000e+02 -7.496039797626607e+01
2.365474800000000e+02 -7.496039797626607e+01
2.366301600000000e+02 -7.496039797626565e+01
2.367128400000000e+02 -7.496039797626494e+01
2.367955200000000e+02 -7.496039797626455e+01
2.368782000000000e+02 -7.496039797626443e+01
2.369608800000000e+02 -7.496039797626396e+01
2.370435600000000e+02 -7.496039797626331e+01
2.371262400000000e+02 -7.496039797626298e+01
2.372089200000000e+02 -7.496039797626291e+01
2.372916000000000e+02 -7.496039797626241e+01
2.373742800000000e+02 -7.496039797626177e+01
2.374569600000000e+02 -7.496039797626155e+01
2.375396400000000e+02 -7.496039797626136e+01
2.376223200000000e+02 -7.496039797626088e+01
2.377050000000000e+02 -7.496039797626025e+01
2.377876800000000e+02 -7.496039797626001e+01
2.378703600000000e+02 -7.496039797625978e+01
2.379530400000000e+02 -7.496039797625940e+01
2.380357200000000e+02 -7.496039797625888e+01
2.381184000000000e+02 -7.496039797625861e+01
2.382010800000000e+02 -7.496039797625843e+01
2.382837600000000e+02 -7.496039797625804e+01
2.383664400000000e+02 -7.496039797625748e+01
2.384491200000000e+02 -7.496039797625721e+01
2.385318000000000e+02 -7.496039797625703e+01
2.386144800000000e+02 -7.496039797625666e+01
2.386971600000000e+02 -7.496039797625619e+01
2.387798400000000e+02 -7.496039797625598e+01
2.388625200000000e+02 -7.496039797625592e+01
2.389452000000000e+02 -7.496039797625551e+01
2.390278800000000e+02 -7.496039797625502e+01
2.391105600000000e+02 -7.496039797625482e+01
2.391932400000000e+02 -7.496039797625471e+01
2.392759200000000e+02 -7.496039797625434e+01
2.393586000000000e+02 -7.496039797625380e+01
2.394412800000000e+02 -7.496039797625367e+01
2.395239600000000e+02 -7.496039797625357e+01
2.396066400000000e+02 -7.496039797625316e+01
2.396893200000000e+02 -7.496039797625275e+01
2.397720000000000e+02 -7.496039797625266e+01
2.398546800000000e+02 -7.496039797625258e+01
2.399373600000000e+02 -7.496039797625220e+01
2.400200400000000e+02 -7.496039797625184e+01
2.401027200000000e+02 -7.496039797625181e+01
2.401854000000000e+02 -7.496039797625161e+01
2.402680800000000e+02 -7.496039797625123e+01
2.403507600000000e+02 -7.496039797625090e+01
2.404334400000000e+02 -7.496039797625086e+01
2.405161200000000e+02 -7.496039797625062e+01
2.405988000000000e+02 -7.496039797625022e+01
2.406814800000000e+02 -7.496039797624995e+01
2.407641600000000e+02 -7.496039797624982e+01
2.408468400000000e+02 -7.496039797624958e+01
2.409295200000000e+02 -7.496039797624921e+01
2.410122000000000e+02 -7.496039797624897e+01
2.410948800000000e+02 -7.496039797624877e+01
2.411775600000000e+02 -7.496039797624861e+01
2.412602400000000e+02 -7.496039797624823e+01
2.413429200000000e+02 -7.496039797624792e+01
2.414256000000000e+02 -7.496039797624775e+01
2.415082800000000e+02 -7.496039797624756e+01
2.415909600000000e+02 -7.496039797624714e+01
2.416736400000000e+02 -7.496039797624680e+01
2.417563200000000e+02 -7.496039797624661e+01
2.418390000000000e+02 -7.496039797624640e+01
2.419216800000000e+02 -7.496039797624591e+01
2.420043600000000e+02 -7.496039797624552e+01
2.420870400000000e+02 -7.496039797624549e+01
2.421697200000000e+02 -7.496039797624522e+01
2.422524000000000e+02 -7.496039797624468e+01
2.423350800000000e+02 -7.496039797624438e+01
2.424177600000000e+02 -7.496039797624439e+01
2.425004400000000e+02 -7.496039797624401e+01
2.425831200000000e+02 -7.496039797624353e+01
2.426658000000000e+02 -7.496039797624327e+01
2.427484800000000e+02 -7.496039797624331e+01
2.428311600000000e+02 -7.496039797624285e+01
2.429138400000000e+02 -7.496039797624229e+01
2.429965200000000e+02 -7.496039797624216e+01
2.430792000000000e+02 -7.496039797624202e+01
2.431618800000000e+02 -7.496039797624155e+01
2.432445600000000e+02 -7.496039797624104e+01
2.433272400000000e+02 -7.496039797624100e+01
2.434099200000000e+02 -7.496039797624078e+01
2.434926000000000e+02 -7.496039797624034e+01
2.435752800000000e+02 -7.496039797623985e+01
2.436579600000000e+02 -7.496039797623972e+01
2.437406400000000e+02 -7.496039797623949e+01
2.438233200000000e+02 -7.496039797623898e+01
2.439060000000000e+02 -7.496039797623861e+01
2.439886800000000e+02 -7.496039797623844e+01
2.440713600000000e+02 -7.496039797623814e+01
2.441540400000000e+02 -7.496039797623757e+01
2.442367200000000e+02 -7.496039797623719e+01
2.443194000000000e+02 -7.496039797623698e+01
2.444020800000000e+02 -7.496039797623676e+01
2.444847600000000e+02 -7.496039797623622e+01
2.445674400000000e+02 -7.496039797623580e+01
2.446501200000000e+02 -7.496039797623558e+01
2.447328000000000e+02 -7.496039797623534e+01
2.448154800000000e+02 -7.496039797623472e+01
2.448981600000000e+02 -7.496039797623422e+01
2.449808400000000e+02 -7.496039797623413e+01
2.450635200000000e+02 -7.496039797623391e+01
2.451462000000000e+02 -7.496039797623324e+01
2.452288800000000e+02 -7.496039797623276e+01
2.453115600000000e+02 -7.496039797623276e+01
2.453942400000000e+02 -7.496039797623243e+01
2.454769200000000e+02 -7.496039797623169e+01
2.455596000000000e+02 -7.496039797623123e+01
2.456422800000000e+02 -7.496039797623126e+01
2.457249600000000e+02 -7.496039797623084e+01
2.458076400000000e+02 -7.496039797623008e+01
2.458903200000000e+02 -7.496039797622973e+01
2.459730000000000e+02 -7.496039797622976e+01
2.460556800000000e+02 -7.496039797622922e+01
2.461383600000000e+02 -7.496039797622849e+01
2.462210400000000e+02 -7.496039797622828e+01
2.463037200000000e+02 -7.496039797622831e+01
2.463864000000000e+02 -7.496039797622772e+01
2.464690800000000e+02 -7.496039797622703e+01
2.465517600000000e+02 -7.496039797622691e+01
2.466344400000000e+02 -7.496039797622687e+01
2.467171200000000e+02 -7.496039797622625e+01
2.467998000000000e+02 -7.496039797622559e+01
2.468824800000000e+02 -7.496039797622547e+01
2.469651600000000e+02 -7.496039797622542e+01
2.470478400000000e+02 -7.496039797622491e+01
2.471305200000000e+02 -7.496039797622430e+01
2.472132000000000e+02 -7.496039797622420e+01
2.472958800000000e+02 -7.496039797622413e+01
2.473785600000000e+02 -7.496039797622356e+01
2.474612400000000e+02 -7.496039797622304e+01
2.475439200000000e+02 -7.496039797622298e+01
2.476266000000000e+02 -7.496039797622282e+01
2.477092800000000e+02 -7.496039797622224e+01
2.477919600000000e+02 -7.496039797622174e+01
2.478746400000000e+02 -7.496039797622169e+01
2.479573200000000e+02 -7.496039797622154e+01
2.480400000000000e+02 -7.496039797622095e+01
2.481226800000000e+02 -7.496039797622048e+01
2.482053600000000e+02 -7.496039797622041e+01
2.482880400000000e+02 -7.496039797622022e+01
2.483707200000000e+02 -7.496039797621954e+01
2.484534000000000e+02 -7.496039797621913e+01
2.485360800000000e+02 -7.496039797621914e+01
2.486187600000000e+02 -7.496039797621887e+01
2.487014400000000e+02 -7.496039797621816e+01
2.487841200000000e+02 -7.496039797621773e+01
2.488668000000000e+02 -7.496039797621785e+01
2.489494800000000e+02 -7.496039797621746e+01
2.490321600000000e+02 -7.496039797621677e+01
2.491148400000000e+02 -7.496039797621643e+01
2.491975200000000e+02 -7.496039797621650e+01
2.492802000000000e+02 -7.496039797621602e+01
2.493628800000000e+02 -7.496039797621530e+01
2.494455600000000e+02 -7.496039797621503e+01
2.495282400000000e+02 -7.496039797621505e+01
2.496109200000000e+02 -7.496039797621461e+01
2.496936000000000e+02 -7.496039797621393e+01
2.497762800000000e+02 -7.496039797621364e+01
2.498589600000000e+02 -7.496039797621356e+01
2.499416400000000e+02 -7.496039797621317e+01
2.500243200000000e+02 -7.496039797621248e+01
2.501070000000000e+02 -7.496039797621232e+01
2.501896800000000e+02 -7.496039797621216e+01
2.502723600000000e+02 -7.496039797621172e+01
2.503550400000000e+02 -7.496039797621110e+01
2.504377200000000e+02 -7.496039797621084e+01
2.505204000000000e+02 -7.496039797621077e+01
2.506030800000000e+02 -7.496039797621030e+01
2.506857600000000e+02 -7.496039797620969e+01
2.507684400000000e+02 -7.496039797620946e+01
2.508511200000000e+02 -7.496039797620938e+01
2.509338000000000e+02 -7.496039797620887e+01
2.510164800000000e+02 -7.496039797620828e+01
2.510991600000000e+02 -7.496039797620804e+01
2.511818400000000e+02 -7.496039797620800e+01
2.512645200000000e+02 -7.496039797620746e+01
2.513472000000000e+02 -7.496039797620689e+01
2.514298800000000e+02 -7.496039797620668e+01
2.515125600000000e+02 -7.496039797620662e+01
2.515952400000000e+02 -7.496039797620608e+01
2.516779200000000e+02 -7.496039797620557e+01
2.517606000000000e+02 -7.496039797620547e+01
2.518432800000000e+02 -7.496039797620533e+01
2.519259600000000e+02 -7.496039797620480e+01
2.520086400000000e+02 -7.496039797620433e+01
2.520913200000000e+02 -7.496039797620426e+01
2.521740000000000e+02 -7.496039797620416e+01
2.522566800000000e+02 -7.496039797620365e+01
2.523393600000000e+02 -7.496039797620324e+01
2.524220400000000e+02 -7.496039797620318e+01
2.525047200000000e+02 -7.496039797620296e+01
2.525874000000000e+02 -7.496039797620250e+01
2.526700800000000e+02 -7.496039797620216e+01
2.527527600000000e+02 -7.496039797620206e+01
2.528354400000000e+02 -7.496039797620183e+01
2.529181200000000e+02 -7.496039797620141e+01
2.530008000000000e+02 -7.496039797620114e+01
2.530834800000000e+02 -7.496039797620105e+01
2.531661600000000e+02 -7.496039797620089e+01
2.532488400000000e+02 -7.496039797620045e+01
2.533315200000000e+02 -7.496039797620016e+01
2.534142000000000e+02 -7.496039797620001e+01
2.534968800000000e+02 -7.496039797619983e+01
2.535795600000000e+02 -7.496039797619932e+01
2.536622400000000e+02 -7.496039797619906e+01
2.537449200000000e+02 -7.496039797619896e+01
2.538276000000000e+02 -7.496039797619878e+01
2.539102800000000e+02 -7.496039797619834e+01
2.539929600000000e+02 -7.496039797619797e+01
2.540756400000000e+02 -7.496039797619791e+01
2.541583200000000e+02 -7.496039797619765e+01
2.542410000000000e+02 -7.496039797619713e+01
2.543236800000000e+02 -7.496039797619687e+01
2.544063600000000e+02 -7.496039797619683e+01
2.544890400000000e+02 -7.496039797619652e+01
2.545717200000000e+02 -7.496039797619605e+01
2.546544000000000e+02 -7.496039797619572e+01
2.547370800000000e+02 -7.496039797619572e+01
2.548197600000000e+02 -7.496039797619540e+01
2.549024400000000e+02 -7.496039797619497e+01
2.549851200000000e+02 -7.496039797619478e+01
2.550678000000000e+02 -7.496039797619478e+01
2.551504800000000e+02 -7.496039797619441e+01
2.552331600000000e+02 -7.496039797619399e+01
2.553158400000000e+02 -7.496039797619389e+01
2.553985200000000e+02 -7.496039797619379e+01
2.554812000000000e+02 -7.496039797619349e+01
2.555638800000000e+02 -7.496039797619305e+01
2.556465600000000e+02 -7.496039797619288e+01
2.557292400000000e+02 -7.496039797619277e+01
2.558119200000000e+02 -7.496039797619251e+01
2.558946000000000e+02 -7.496039797619208e+01
2.559772800000000e+02 -7.496039797619189e+01
2.560599600000000e+02 -7.496039797619173e+01
2.561426400000000e+02 -7.496039797619144e+01
2.562253200000000e+02 -7.496039797619106e+01
2.563080000000000e+02 -7.496039797619078e+01
2.563906800000000e+02 -7.496039797619068e+01
2.564733600000000e+02 -7.496039797619029e+01
2.565560400000000e+02 -7.496039797618985e+01
2.566387200000000e+02 -7.496039797618960e+01
2.567214000000000e+02 -7.496039797618955e+01
2.568040800000000e+02 -7.496039797618913e+01
2.568867600000000e+02 -7.496039797618862e+01
2.569694400000000e+02 -7.496039797618846e+01
2.570521200000000e+02 -7.496039797618832e+01
2.571348000000000e+02 -7.496039797618783e+01
2.572174800000000e+02 -7.496039797618735e+01
2.573001600000000e+02 -7.496039797618720e+01
2.573828400000000e+02 -7.496039797618700e+01
2.574655200000000e+02 -7.496039797618641e+01
2.575482000000000e+02 -7.496039797618586e+01
2.576308800000000e+02 -7.496039797618586e+01
2.577135600000000e+02 -7.496039797618559e+01
2.577962400000000e+02 -7.496039797618489e+01
2.578789200000000e+02 -7.496039797618445e+01
2.579616000000000e+02 -7.496039797618441e+01
2.580442800000000e+02 -7.496039797618398e+01
2.581269600000000e+02 -7.496039797618323e+01
2.582096400000000e+02 -7.496039797618283e+01
2.582923200000000e+02 -7.496039797618276e+01
2.583750000000000e+02 -7.496039797618232e+01
2.584576800000000e+02 -7.496039797618167e+01
2.585403600000000e+02 -7.496039797618140e+01
2.586230400000000e+02 -7.496039797618120e+01
2.587057200000000e+02 -7.496039797618079e+01
2.587884000000000e+02 -7.496039797618013e+01
2.588710800000000e+02 -7.496039797617978e+01
2.589537600000000e+02 -7.496039797617955e+01
2.590364400000000e+02 -7.496039797617908e+01
2.591191200000000e+02 -7.496039797617847e+01
2.592018000000000e+02 -7.496039797617817e+01
2.592844800000000e+02 -7.496039797617797e+01
2.593671600000000e+02 -7.496039797617753e+01
2.594498400000000e+02 -7.496039797617698e+01
2.595325200000000e+02 -7.496039797617667e+01
2.596152000000000e+02 -7.496039797617647e+01
2.596978800000000e+02 -7.496039797617593e+01
2.597805600000000e+02 -7.496039797617533e+01
2.598632400000000e+02 -7.496039797617502e+01
2.599459200000000e+02 -7.496039797617493e+01
2.600286000000000e+02 -7.496039797617438e+01
2.601112800000000e+02 -7.496039797617374e+01
2.601939600000000e+02 -7.496039797617354e+01
2.602766400000000e+02 -7.496039797617347e+01
2.603593200000000e+02 -7.496039797617287e+01
2.604420000000000e+02 -7.496039797617225e+01
2.605246800000000e+02 -7.496039797617212e+01
2.606073600000000e+02 -7.496039797617196e+01
2.606900400000000e+02 -7.496039797617131e+01
2.607727200000000e+02 -7.496039797617068e+01
2.608554000000000e+02 -7.496039797617074e+01
2.609380800000000e+02 -7.496039797617053e+01
2.610207600000000e+02 -7.496039797616983e+01
2.611034400000000e+02 -7.496039797616935e+01
2.611861200000000e+02 -7.496039797616940e+01
2.612688000000000e+02 -7.496039797616911e+01
2.613514800000000e+02 -7.496039797616837e+01
2.614341600000000e+02 -7.496039797616797e+01
2.615168400000000e+02 -7.496039797616798e+01
2.615995200000000e+02 -7.496039797616760e+01
2.616822000000000e+02 -7.496039797616692e+01
2.617648800000000e+02 -7.496039797616662e+01
2.618475600000000e+02 -7.496039797616660e+01
2.619302400000000e+02 -7.496039797616626e+01
2.620129200000000e+02 -7.496039797616562e+01
2.620956000000000e+02 -7.496039797616542e+01
2.621782800000000e+02 -7.496039797616541e+01
2.622609600000000e+02 -7.496039797616507e+01
2.623436400000000e+02 -7.496039797616442e+01
2.624263200000000e+02 -7.496039797616423e+01
2.625090000000000e+02 -7.496039797616419e+01
2.625916800000000e+02 -7.496039797616388e+01
2.626743600000000e+02 -7.496039797616326e+01
2.627570400000000e+02 -7.496039797616301e+01
2.628397200000000e+02 -7.496039797616304e+01
2.629224000000000e+02 -7.496039797616268e+01
2.630050800000000e+02 -7.496039797616197e+01
2.630877600000000e+02 -7.496039797616173e+01
2.631704400000000e+02 -7.496039797616181e+01
2.632531200000000e+02 -7.496039797616129e+01
2.633358000000000e+02 -7.496039797616062e+01
2.634184800000000e+02 -7.496039797616039e+01
2.635011600000000e+02 -7.496039797616046e+01
2.635838400000000e+02 -7.496039797615994e+01
2.636665200000000e+02 -7.496039797615927e+01
2.637492000000000e+02 -7.496039797615924e+01
2.638318800000000e+02 -7.496039797615934e+01
2.639145600000000e+02 -7.496039797615879e+01
2.639972400000000e+02 -7.496039797615823e+01
2.640799200000000e+02 -7.496039797615822e+01
2.641626000000000e+02 -7.496039797615811e+01
2.642452800000000e+02 -7.496039797615757e+01
2.643279600000000e+02 -7.496039797615705e+01
2.644106400000000e+02 -7.496039797615707e+01
2.644933200000000e+02 -7.496039797615691e+01
2.645760000000000e+02 -7.496039797615644e+01
2.646586800000000e+02 -7.496039797615593e+01
2.647413600000000e+02 -7.496039797615595e+01
2.648240400000000e+02 -7.496039797615579e+01
2.649067200000000e+02 -7.496039797615528e+01
2.649894000000000e+02 -7.496039797615495e+01
2.650720800000000e+02 -7.496039797615488e+01
2.651547600000000e+02 -7.496039797615467e+01
2.652374400000000e+02 -7.496039797615411e+01
2.653201200000000e+02 -7.496039797615377e+01
2.654028000000000e+02 -7.496039797615364e+01
2.654854800000000e+02 -7.496039797615347e+01
2.655681600000000e+02 -7.496039797615292e+01
2.656508400000000e+02 -7.496039797615252e+01
2.657335200000000e+02 -7.496039797615245e+01
2.658162000000000e+02 -7.496039797615225e+01
2.658988800000000e+02 -7.496039797615165e+01
2.659815600000000e+02 -7.496039797615131e+01
2.660642400000000e+02 -7.496039797615120e+01
2.661469200000000e+02 -7.496039797615093e+01
2.662296000000000e+02 -7.496039797615035e+01
2.663122800000000e+02 -7.496039797615003e+01
2.663949600000000e+02 -7.496039797615002e+01
2.664776400000000e+02 -7.496039797614966e+01
2.665603200000000e+02 -7.496039797614905e+01
2.666430000000000e+02 -7.496039797614874e+01
2.667256800000000e+02 -7.496039797614873e+01
2.668083600000000e+02 -7.496039797614833e+01
2.668910400000000e+02 -7.496039797614777e+01
2.669737200000000e+02 -7.496039797614750e+01
2.670564000000000e+02 -7.496039797614743e+01
2.671390800000000e+02 -7.496039797614695e+01
2.672217600000000e+02 -7.496039797614635e+01
2.673044400000000e+02 -7.496039797614607e+01
2.673871200000000e+02 -7.496039797614593e+01
2.674698000000000e+02 -7.496039797614554e+01
2.675524800000000e+02 -7.496039797614495e+01
2.676351600000000e+02 -7.496039797614476e+01
2.677178400000000e+02 -7.496039797614459e+01
2.678005200000000e+02 -7.496039797614414e+01
2.678832000000000e+02 -7.496039797614368e+01
2.679658800000000e+02 -7.496039797614348e+01
2.680485600000000e+02 -7.496039797614328e+01
2.681312400000000e+02 -7.496039797614299e+01
2.682139200000000e+02 -7.496039797614247e+01
2.682966000000000e+02 -7.496039797614223e+01
2.683792800000000e+02 -7.496039797614212e+01
2.684619600000000e+02 -7.496039797614176e+01
2.685446400000000e+02 -7.496039797614131e+01
2.686273200000000e+02 -7.496039797614102e+01
2.687100000000000e+02 -7.496039797614100e+01
2.687926800000000e+02 -7.496039797614061e+01
2.688753600000000e+02 -7.496039797614019e+01
2.689580400000000e+02 -7.496039797613990e+01
2.690407200000000e+02 -7.496039797613989e+01
2.691234000000000e+02 -7.496039797613950e+01
2.692060800000000e+02 -7.496039797613908e+01
2.692887600000000e+02 -7.496039797613894e+01
2.693714400000000e+02 -7.496039797613884e+01
2.694541200000000e+02 -7.496039797613842e+01
2.695368000000000e+02 -7.496039797613798e+01
2.696194800000000e+02 -7.496039797613795e+01
2.697021600000000e+02 -7.496039797613787e+01
2.697848400000000e+02 -7.496039797613746e+01
2.698675200000000e+02 -7.496039797613707e+01
2.699502000000000e+02 -7.496039797613706e+01
2.700328800000000e+02 -7.496039797613692e+01
2.701155600000000e+02 -7.496039797613646e+01
2.701982400000000e+02 -7.496039797613602e+01
2.702809200000000e+02 -7.496039797613599e+01
2.703636000000000e+02 -7.496039797613581e+01
2.704462800000000e+02 -7.496039797613540e+01
2.705289600000000e+02 -7.496039797613510e+01
2.706116400000000e+02 -7.496039797613494e+01
2.706943200000000e+02 -7.496039797613476e+01
2.707770000000000e+02 -7.496039797613430e+01
2.708596800000000e+02 -7.496039797613403e+01
2.709423600000000e+02 -7.496039797613385e+01
2.710250400000000e+02 -7.496039797613362e+01
2.711077200000000e+02 -7.496039797613318e+01
2.711904000000000e+02 -7.496039797613294e+01
2.712730800000000e+02 -7.496039797613280e+01
2.713557600000000e+02 -7.496039797613255e+01
2.714384400000000e+02 -7.496039797613209e+01
2.715211200000000e+02 -7.496039797613173e+01
2.716038000000000e+02 -7.496039797613155e+01
2.716864800000000e+02 -7.496039797613129e+01
2.717691600000000e+02 -7.496039797613078e+01
2.718518400000000e+02 -7.496039797613032e+01
2.719345200000000e+02 -7.496039797613025e+01
2.720172000000000e+02 -7.496039797612994e+01
2.720998800000000e+02 -7.496039797612941e+01
2.721825600000000e+02 -7.496039797612902e+01
2.722652400000000e+02 -7.496039797612895e+01
2.723479200000000e+02 -7.496039797612853e+01
2.724306000000000e+02 -7.496039797612792e+01
2.725132800000000e+02 -7.496039797612762e+01
2.725959600000000e+02 -7.496039797612760e+01
2.726786400000000e+02 -7.496039797612707e+01
2.727613200000000e+02 -7.496039797612642e+01
2.728440000000000e+02 -7.496039797612617e+01
2.729266800000000e+02 -7.496039797612609e+01
2.730093600000000e+02 -7.496039797612549e+01
2.730920400000000e+02 -7.496039797612490e+01
2.731747200000000e+02 -7.496039797612475e+01
2.732574000000000e+02 -7.496039797612451e+01
2.733400800000000e+02 -7.496039797612396e+01
2.734227600000000e+02 -7.496039797612343e+01
2.735054400000000e+02 -7.496039797612332e+01
2.735881200000000e+02 -7.496039797612302e+01
2.736708000000000e+02 -7.496039797612245e+01
2.737534800000000e+02 -7.496039797612201e+01
2.738361600000000e+02 -7.496039797612185e+01
2.739188400000000e+02 -7.496039797612150e+01
2.740015200000000e+02 -7.496039797612096e+01
2.740842000000000e+02 -7.496039797612048e+01
2.741668800000000e+02 -7.496039797612022e+01
2.742495600000000e+02 -7.496039797611994e+01
2.743322400000000e+02 -7.496039797611938e+01
2.744149200000000e+02 -7.496039797611895e+01
2.744976000000000e+02 -7.496039797611878e+01
2.745802800000000e+02 -7.496039797611841e+01
2.746629600000000e+02 -7.496039797611783e+01
2.747456400000000e+02 -7.496039797611738e+01
2.748283200000000e+02 -7.496039797611718e+01
2.749110000000000e+02 -7.496039797611692e+01
2.749936800000000e+02 -7.496039797611630e+01
2.750763600000000e+02 -7.496039797611584e+01
2.751590400000000e+02 -7.496039797611580e+01
2.752417200000000e+02 -7.496039797611552e+01
2.753244000000000e+02 -7.496039797611481e+01
2.754070800000000e+02 -7.496039797611436e+01
2.754897600000000e+02 -7.496039797611438e+01
2.755724400000000e+02 -7.496039797611391e+01
2.756551200000000e+02 -7.496039797611320e+01
2.757378000000000e+02 -7.496039797611289e+01
2.758204800000000e+02 -7.496039797611294e+01
2.759031600000000e+02 -7.496039797611240e+01
2.759858400000000e+02 -7.496039797611166e+01
2.760685200000000e+02 -7.496039797611149e+01
2.761512000000000e+02 -7.496039797611151e+01
2.762338800000000e+02 -7.496039797611090e+01
2.763165600000000e+02 -7.496039797611020e+01
2.763992400000000e+02 -7.496039797611013e+01
2.764819200000000e+02 -7.496039797611000e+01
2.765646000000000e+02 -7.496039797610936e+01
2.766472800000000e+02 -7.496039797610882e+01
2.767299600000000e+02 -7.496039797610875e+01
2.768126400000000e+02 -7.496039797610857e+01
2.768953200000000e+02 -7.496039797610800e+01
2.769780000000000e+02 -7.496039797610749e+01
2.770606800000000e+02 -7.496039797610743e+01
2.771433600000000e+02 -7.496039797610727e+01
2.772260400000000e+02 -7.496039797610673e+01
2.773087200000000e+02 -7.496039797610624e+01
2.773914000000000e+02 -7.496039797610626e+01
2.774740800000000e+02 -7.496039797610614e+01
2.775567600000000e+02 -7.496039797610553e+01
2.776394400000000e+02 -7.496039797610501e+01
2.777221200000000e+02 -7.496039797610500e+01
2.778048000000000e+02 -7.496039797610486e+01
2.778874800000000e+02 -7.496039797610422e+01
2.779701600000000e+02 -7.496039797610376e+01
2.780528400000000e+02 -7.496039797610381e+01
2.781355200000000e+02 -7.496039797610361e+01
2.782182000000000e+02 -7.496039797610300e+01
2.783008800000000e+02 -7.496039797610260e+01
2.783835600000000e+02 -7.496039797610270e+01
2.784662400000000e+02 -7.496039797610247e+01
2.785489200000000e+02 -7.496039797610180e+01
2.786316000000000e+02 -7.496039797610139e+01
2.787142800000000e+02 -7.496039797610148e+01
2.787969600000000e+02 -7.496039797610111e+01
2.788796400000000e+02 -7.496039797610044e+01
2.789623200000000e+02 -7.496039797610014e+01
2.790450000000000e+02 -7.496039797610024e+01
2.791276800000000e+02 -7.496039797609976e+01
2.792103600000000e+02 -7.496039797609909e+01
2.792930400000000e+02 -7.496039797609879e+01
2.793757200000000e+02 -7.496039797609878e+01
2.794584000000000e+02 -7.496039797609831e+01
2.795410800000000e+02 -7.496039797609762e+01
2.796237600000000e+02 -7.496039797609741e+01
2.797064400000000e+02 -7.496039797609731e+01
2.797891200000000e+02 -7.496039797609690e+01
2.798718000000000e+02 -7.496039797609622e+01
2.799544800000000e+02 -7.496039797609605e+01
2.800371600000000e+02 -7.496039797609590e+01
2.801198400000000e+02 -7.496039797609542e+01
2.802025200000000e+02 -7.496039797609481e+01
2.802852000000000e+02 -7.496039797609460e+01
2.803678800000000e+02 -7.496039797609447e+01
2.804505600000000e+02 -7.496039797609397e+01
2.805332400000000e+02 -7.496039797609340e+01
2.806159200000000e+02 -7.496039797609316e+01
2.806986000000000e+02 -7.496039797609308e+01
2.807812800000000e+02 -7.496039797609264e+01
2.808639600000000e+02 -7.496039797609205e+01
2.809466400000000e+02 -7.496039797609180e+01
2.810293200000000e+02 -7.496039797609173e+01
2.811120000000000e+02 -7.496039797609120e+01
2.811946800000000e+02 -7.496039797609068e+01
2.812773600000000e+02 -7.496039797609050e+01
2.813600400000000e+02 -7.496039797609043e+01
2.814427200000000e+02 -7.496039797608996e+01
2.815254000000000e+02 -7.496039797608948e+01
2.816080800000000e+02 -7.496039797608933e+01
2.816907600000000e+02 -7.496039797608924e+01
2.817734400000000e+02 -7.496039797608879e+01
2.818561200000000e+02 -7.496039797608829e+01
2.819388000000000e+02 -7.496039797608829e+01
2.820214800000000e+02 -7.496039797608812e+01
2.821041600000000e+02 -7.496039797608766e+01
2.821868400000000e+02 -7.496039797608729e+01
2.822695200000000e+02 -7.496039797608722e+01
2.823522000000000e+02 -7.496039797608698e+01
2.824348800000000e+02 -7.496039797608654e+01
2.825175600000000e+02 -7.496039797608623e+01
2.826002400000000e+02 -7.496039797608614e+01
2.826829200000000e+02 -7.496039797608599e+01
2.827656000000000e+02 -7.496039797608556e+01
2.828482800000000e+02 -7.496039797608532e+01
2.829309600000000e+02 -7.496039797608525e+01
2.830136400000000e+02 -7.496039797608509e+01
2.830963200000000e+02 -7.496039797608471e+01
2.831790000000000e+02 -7.496039797608447e+01
2.832616800000000e+02 -7.496039797608432e+01
2.833443600000000e+02 -7.496039797608418e+01
2.834270400000000e+02 -7.496039797608375e+01
2.835097200000000e+02 -7.496039797608348e+01
2.835924000000000e+02 -7.496039797608339e+01
2.836750800000000e+02 -7.496039797608330e+01
2.837577600000000e+02 -7.496039797608290e+01
2.838404400000000e+02 -7.496039797608255e+01
2.839231200000000e+02 -7.496039797608252e+01
2.840058000000000e+02 -7.496039797608232e+01
2.840884800000000e+02 -7.496039797608188e+01
2.841711600000000e+02 -7.496039797608152e+01
2.842538400000000e+02 -7.496039797608145e+01
2.843365200000000e+02 -7.496039797608123e+01
2.844192000000000e+02 -7.496039797608070e+01
2.845018800000000e+02 -7.496039797608034e+01
2.845845600000000e+02 -7.496039797608040e+01
2.846672400000000e+02 -7.496039797608009e+01
2.847499200000000e+02 -7.496039797607961e+01
2.848326000000000e+02 -7.496039797607941e+01
2.849152800000000e+02 -7.496039797607935e+01
2.849979600000000e+02 -7.496039797607907e+01
2.850806400000000e+02 -7.496039797607854e+01
2.851633200000000e+02 -7.496039797607835e+01
2.852460000000000e+02 -7.496039797607827e+01
2.853286800000000e+02 -7.496039797607789e+01
2.854113600000000e+02 -7.496039797607746e+01
2.854940400000000e+02 -7.496039797607732e+01
2.855767200000000e+02 -7.496039797607719e+01
2.856594000000000e+02 -7.496039797607686e+01
2.857420800000000e+02 -7.496039797607639e+01
2.858247600000000e+02 -7.496039797607621e+01
2.859074400000000e+02 -7.496039797607602e+01
2.859901200000000e+02 -7.496039797607561e+01
2.860728000000000e+02 -7.496039797607521e+01
2.861554800000000e+02 -7.496039797607499e+01
2.862381600000000e+02 -7.496039797607487e+01
2.863208400000000e+02 -7.496039797607445e+01
2.864035200000000e+02 -7.496039797607405e+01
2.864862000000000e+02 -7.496039797607378e+01
2.865688800000000e+02 -7.496039797607358e+01
2.866515600000000e+02 -7.496039797607318e+01
2.867342400000000e+02 -7.496039797607270e+01
2.868169200000000e+02 -7.496039797607243e+01
2.868996000000000e+02 -7.496039797607239e+01
2.869822800000000e+02 -7.496039797607196e+01
2.870649600000000e+02 -7.496039797607141e+01
2.871476400000000e+02 -7.496039797607118e+01
2.872303200000000e+02 -7.496039797607098e+01
2.873130000000000e+02 -7.496039797607037e+01
2.873956800000000e+02 -7.496039797606977e+01
2.874783600000000e+02 -7.496039797606966e+01
2.875610400000000e+02 -7.496039797606937e+01
2.876437200000000e+02 -7.496039797606868e+01
2.877264000000000e+02 -7.496039797606824e+01
2.878090800000000e+02 -7.496039797606815e+01
2.878917600000000e+02 -7.496039797606777e+01
2.879744400000000e+02 -7.496039797606703e+01
2.880571200000000e+02 -7.496039797606657e+01
2.881398000000000e+02 -7.496039797606655e+01
2.882224800000000e+02 -7.496039797606601e+01
2.883051600000000e+02 -7.496039797606527e+01
2.883878400000000e+02 -7.496039797606490e+01
2.884705200000000e+02 -7.496039797606474e+01
2.885532000000000e+02 -7.496039797606419e+01
2.886358800000000e+02 -7.496039797606350e+01
2.887185600000000e+02 -7.496039797606331e+01
2.888012400000000e+02 -7.496039797606306e+01
2.888839200000000e+02 -7.496039797606251e+01
2.889666000000000e+02 -7.496039797606180e+01
2.890492800000000e+02 -7.496039797606156e+01
2.891319600000000e+02 -7.496039797606132e+01
2.892146400000000e+02 -7.496039797606070e+01
2.892973200000000e+02 -7.496039797606009e+01
2.893800000000000e+02 -7.496039797605981e+01
2.894626800000000e+02 -7.496039797605965e+01
2.895453600000000e+02 -7.496039797605908e+01
2.896280400000000e+02 -7.496039797605850e+01
2.897107200000000e+02 -7.496039797605827e+01
2.897934000000000e+02 -7.496039797605812e+01
2.898760800000000e+02 -7.496039797605749e+01
2.899587600000000e+02 -7.496039797605692e+01
2.900414400000000e+02 -7.496039797605668e+01
2.901241200000000e+02 -7.496039797605647e+01
2.902068000000000e+02 -7.496039797605583e+01
2.902894800000000e+02 -7.496039797605521e+01
2.903721600000000e+02 -7.496039797605506e+01
2.904548400000000e+02 -7.496039797605499e+01
2.905375200000000e+02 -7.496039797605428e+01
2.906202000000000e+02 -7.496039797605377e+01
2.907028800000000e+02 -7.496039797605370e+01
2.907855600000000e+02 -7.496039797605347e+01
2.908682400000000e+02 -7.496039797605272e+01
2.909509200000000e+02 -7.496039797605225e+01
2.910336000000000e+02 -7.496039797605233e+01
2.911162800000000e+02 -7.496039797605195e+01
2.911989600000000e+02 -7.496039797605121e+01
2.912816400000000e+02 -7.496039797605084e+01
2.913643200000000e+02 -7.496039797605090e+01
2.914470000000000e+02 -7.496039797605047e+01
2.915296800000000e+02 -7.496039797604978e+01
2.916123600000000e+02 -7.496039797604955e+01
2.916950400000000e+02 -7.496039797604955e+01
2.917777200000000e+02 -7.496039797604912e+01
2.918604000000000e+02 -7.496039797604845e+01
2.919430800000000e+02 -7.496039797604830e+01
2.920257600000000e+02 -7.496039797604826e+01
2.921084400000000e+02 -7.496039797604787e+01
2.921911200000000e+02 -7.496039797604720e+01
2.922738000000000e+02 -7.496039797604705e+01
2.923564800000000e+02 -7.496039797604698e+01
2.924391600000000e+02 -7.496039797604655e+01
2.925218400000000e+02 -7.496039797604595e+01
2.926045200000000e+02 -7.496039797604577e+01
2.926872000000000e+02 -7.496039797604573e+01
2.927698800000000e+02 -7.496039797604534e+01
2.928525600000000e+02 -7.496039797604476e+01
2.929352400000000e+02 -7.496039797604460e+01
2.930179200000000e+02 -7.496039797604460e+01
2.931006000000000e+02 -7.496039797604413e+01
2.931832800000000e+02 -7.496039797604355e+01
2.932659600000000e+02 -7.496039797604341e+01
2.933486400000000e+02 -7.496039797604340e+01
2.934313200000000e+02 -7.496039797604294e+01
2.935140000000000e+02 -7.496039797604240e+01
2.935966800000000e+02 -7.496039797604230e+01
2.936793600000000e+02 -7.496039797604224e+01
2.937620400000000e+02 -7.496039797604168e+01
2.938447200000000e+02 -7.496039797604121e+01
2.939274000000000e+02 -7.496039797604124e+01
2.940100800000000e+02 -7.496039797604112e+01
2.940927600000000e+02 -7.496039797604055e+01
2.941754400000000e+02 -7.496039797604008e+01
2.942581200000000e+02 -7.496039797604016e+01
2.943408000000000e+02 -7.496039797604001e+01
2.944234800000000e+02 -7.496039797603950e+01
2.945061600000000e+02 -7.496039797603910e+01
2.945888400000000e+02 -7.496039797603919e+01
2.946715200000000e+02 -7.496039797603895e+01
2.947542000000000e+02 -7.496039797603846e+01
2.948368800000000e+02 -7.496039797603810e+01
2.949195600000000e+02 -7.496039797603815e+01
2.950022400000000e+02 -7.496039797603794e+01
2.950849200000000e+02 -7.496039797603741e+01
2.951676000000000e+02 -7.496039797603706e+01
2.952502800000000e+02 -7.496039797603704e+01
2.953329600000000e+02 -7.496039797603689e+01
2.954156400000000e+02 -7.496039797603636e+01
2.954983200000000e+02 -7.496039797603609e+01
2.955810000000000e+02 -7.496039797603606e+01
2.956636800000000e+02 -7.496039797603582e+01
2.957463600000000e+02 -7.496039797603537e+01
2.958290400000000e+02 -7.496039797603505e+01
2.959117200000000e+02 -7.496039797603503e+01
2.959944000000000e+02 -7.496039797603484e+01
2.960770800000000e+02 -7.496039797603436e+01
2.961597600000000e+02 -7.496039797603406e+01
2.962424400000000e+02 -7.496039797603405e+01
2.963251200000000e+02 -7.496039797603379e+01
2.964078000000000e+02 -7.496039797603329e+01
2.964904800000000e+02 -7.496039797603297e+01
2.965731600000000e+02 -7.496039797603302e+01
2.966558400000000e+02 -7.496039797603261e+01
2.967385200000000e+02 -7.496039797603210e+01
2.968212000000000e+02 -7.496039797603184e+01
2.969038800000000e+02 -7.496039797603187e+01
2.969865600000000e+02 -7.496039797603143e+01
2.970692400000000e+02 -7.496039797603092e+01
2.971519200000000e+02 -7.496039797603072e+01
2.972346000000000e+02 -7.496039797603065e+01
2.973172800000000e+02 -7.496039797603029e+01
2.973999600000000e+02 -7.496039797602977e+01
2.974826400000000e+02 -7.496039797602961e+01
2.975653200000000e+02 -7.496039797602947e+01
2.976480000000000e+02 -7.496039797602904e+01
2.977306800000000e+02 -7.496039797602855e+01
2.978133600000000e+02 -7.496039797602836e+01
2.978960400000000e+02 -7.496039797602820e+01
2.979787200000000e+02 -7.496039797602788e+01
2.980614000000000e+02 -7.496039797602737e+01
2.981440800000000e+02 -7.496039797602724e+01
2.982267600000000e+02 -7.496039797602717e+01
2.983094400000000e+02 -7.496039797602677e+01
2.983921200000000e+02 -7.496039797602636e+01
2.984748000000000e+02 -7.496039797602607e+01
2.985574800000000e+02 -7.496039797602602e+01
2.986401600000000e+02 -7.496039797602556e+01
2.987228400000000e+02 -7.496039797602511e+01
2.988055200000000e+02 -7.496039797602486e+01
2.988882000000000e+02 -7.496039797602489e+01
2.989708800000000e+02 -7.496039797602452e+01
2.990535600000000e+02 -7.496039797602411e+01
2.991362400000000e+02 -7.496039797602398e+01
2.992189200000000e+02 -7.496039797602396e+01
2.993016000000000e+02 -7.496039797602356e+01
2.993842800000000e+02 -7.496039797602309e+01
2.994669600000000e+02 -7.496039797602300e+01
2.995496400000000e+02 -7.496039797602293e+01
2.996323200000000e+02 -7.496039797602242e+01
2.997150000000000e+02 -7.496039797602192e+01
2.997976800000000e+02 -7.496039797602189e+01
2.998803600000000e+02 -7.496039797602177e+01
2.999630400000000e+02 -7.496039797602128e+01
3.000457200000000e+02 -7.496039797602086e+01
3.001284000000000e+02 -7.496039797602089e+01
3.002110800000000e+02 -7.496039797602069e+01
3.002937600000000e+02 -7.496039797602018e+01
3.003764400000000e+02 -7.496039797601986e+01
3.004591200000000e+02 -7.496039797601983e+01
3.005418000000000e+02 -7.496039797601962e+01
3.006244800000000e+02 -7.496039797601905e+01
3.007071600000000e+02 -7.496039797601883e+01
3.007898400000000e+02 -7.496039797601867e+01
3.008725200000000e+02 -7.496039797601844e+01
3.009552000000000e+02 -7.496039797601794e+01
3.010378800000000e+02 -7.496039797601765e+01
3.011205600000000e+02 -7.496039797601746e+01
3.012032400000000e+02 -7.496039797601716e+01
3.012859200000000e+02 -7.496039797601665e+01
3.013686000000000e+02 -7.496039797601632e+01
3.014512800000000e+02 -7.496039797601615e+01
3.015339600000000e+02 -7.496039797601583e+01
3.016166400000000e+02 -7.496039797601532e+01
3.016993200000000e+02 -7.496039797601492e+01
3.017820000000000e+02 -7.496039797601480e+01
3.018646800000000e+02 -7.496039797601442e+01
3.019473600000000e+02 -7.496039797601384e+01
3.020300400000000e+02 -7.496039797601338e+01
3.021127200000000e+02 -7.496039797601333e+01
3.021954000000000e+02 -7.496039797601287e+01
3.022780800000000e+02 -7.496039797601223e+01
3.023607600000000e+02 -7.496039797601186e+01
3.024434400000000e+02 -7.496039797601182e+01
3.025261200000000e+02 -7.496039797601129e+01
3.026088000000000e+02 -7.496039797601064e+01
3.026914800000000e+02 -7.496039797601031e+01
3.027741600000000e+02 -7.496039797601026e+01
3.028568400000000e+02 -7.496039797600962e+01
3.029395200000000e+02 -7.496039797600902e+01
3.030222000000000e+02 -7.496039797600888e+01
3.031048800000000e+02 -7.496039797600866e+01
3.031875600000000e+02 -7.496039797600811e+01
3.032702400000000e+02 -7.496039797600753e+01
3.033529200000000e+02 -7.496039797600747e+01
3.034356000000000e+02 -7.496039797600706e+01
3.035182800000000e+02 -7.496039797600636e+01
3.036009600000000e+02 -7.496039797600588e+01
3.036836400000000e+02 -7.496039797600575e+01
3.037663200000000e+02 -7.496039797600537e+01
3.038490000000000e+02 -7.496039797600469e+01
3.039316800000000e+02 -7.496039797600427e+01
3.040143600000000e+02 -7.496039797600415e+01
3.040970400000000e+02 -7.496039797600382e+01
3.041797200000000e+02 -7.496039797600318e+01
3.042624000000000e+02 -7.496039797600278e+01
3.043450800000000e+02 -7.496039797600255e+01
3.044277600000000e+02 -7.496039797600214e+01
3.045104400000000e+02 -7.496039797600156e+01
3.045931200000000e+02 -7.496039797600116e+01
3.046758000000000e+02 -7.496039797600100e+01
3.047584800000000e+02 -7.496039797600066e+01
3.048411600000000e+02 -7.496039797600005e+01
3.049238400000000e+02 -7.496039797599961e+01
3.050065200000000e+02 -7.496039797599948e+01
3.050892000000000e+02 -7.496039797599914e+01
3.051718800000000e+02 -7.496039797599848e+01
3.052545600000000e+02 -7.496039797599806e+01
3.053372400000000e+02 -7.496039797599805e+01
3.054199200000000e+02 -7.496039797599762e+01
3.055026000000000e+02 -7.496039797599690e+01
3.055852800000000e+02 -7.496039797599661e+01
3.056679600000000e+02 -7.496039797599661e+01
3.057506400000000e+02 -7.496039797599619e+01
3.058333200000000e+02 -7.496039797599546e+01
3.059160000000000e+02 -7.496039797599531e+01
3.059986800000000e+02 -7.496039797599536e+01
3.060813600000000e+02 -7.496039797599475e+01
3.061640400000000e+02 -7.496039797599406e+01
3.062467200000000e+02 -7.496039797599401e+01
3.063294000000000e+02 -7.496039797599396e+01
3.064120800000000e+02 -7.496039797599332e+01
3.064947600000000e+02 -7.496039797599276e+01
3.065774400000000e+02 -7.496039797599278e+01
3.066601200000000e+02 -7.496039797599262e+01
3.067428000000000e+02 -7.496039797599198e+01
3.068254800000000e+02 -7.496039797599148e+01
3.069081600000000e+02 -7.496039797599148e+01
3.069908400000000e+02 -7.496039797599134e+01
3.070735200000000e+02 -7.496039797599073e+01
3.071562000000000e+02 -7.496039797599032e+01
3.072388800000000e+02 -7.496039797599032e+01
3.073215600000000e+02 -7.496039797599013e+01
3.074042400000000e+02 -7.496039797598958e+01
3.074869200000000e+02 -7.496039797598914e+01
3.075696000000000e+02 -7.496039797598912e+01
3.076522800000000e+02 -7.496039797598893e+01
3.077349600000000e+02 -7.496039797598837e+01
3.078176400000000e+02 -7.496039797598800e+01
3.079003200000000e+02 -7.496039797598797e+01
3.079830000000000e+02 -7.496039797598775e+01
3.080656800000000e+02 -7.496039797598718e+01
3.081483600000000e+02 -7.496039797598679e+01
3.082310400000000e+02 -7.496039797598687e+01
3.083137200000000e+02 -7.496039797598665e+01
3.083964000000000e+02 -7.496039797598606e+01
3.084790800000000e+02 -7.496039797598574e+01
3.085617600000000e+02 -7.496039797598586e+01
3.086444400000000e+02 -7.496039797598556e+01
3.087271200000000e+02 -7.496039797598488e+01
3.088098000000000e+02 -7.496039797598463e+01
3.088924800000000e+02 -7.496039797598476e+01
3.089751600000000e+02 -7.496039797598435e+01
3.090578400000000e+02 -7.496039797598378e+01
3.091405200000000e+02 -7.496039797598354e+01
3.092232000000000e+02 -7.496039797598355e+01
3.093058800000000e+02 -7.496039797598308e+01
3.093885600000000e+02 -7.496039797598247e+01
3.094712400000000e+02 -7.496039797598232e+01
3.095539200000000e+02 -7.496039797598223e+01
3.096366000000000e+02 -7.496039797598172e+01
3.097192800000000e+02 -7.496039797598119e+01
3.098019600000000e+02 -7.496039797598112e+01
3.098846400000000e+02 -7.496039797598094e+01
3.099673200000000e+02 -7.496039797598056e+01
3.100500000000000e+02 -7.496039797597989e+01
3.101326800000000e+02 -7.496039797597976e+01
3.102153600000000e+02 -7.496039797597959e+01
3.102980400000000e+02 -7.496039797597912e+01
3.103807200000000e+02 -7.496039797597859e+01
3.104634000000000e+02 -7.496039797597837e+01
3.105460800000000e+02 -7.496039797597824e+01
3.106287600000000e+02 -7.496039797597780e+01
3.107114400000000e+02 -7.496039797597733e+01
3.107941200000000e+02 -7.496039797597714e+01
3.108768000000000e+02 -7.496039797597713e+01
3.109594800000000e+02 -7.496039797597659e+01
3.110421600000000e+02 -7.496039797597609e+01
3.111248400000000e+02 -7.496039797597594e+01
3.112075200000000e+02 -7.496039797597591e+01
3.112902000000000e+02 -7.496039797597541e+01
3.113728800000000e+02 -7.496039797597489e+01
3.114555600000000e+02 -7.496039797597476e+01
3.115382400000000e+02 -7.496039797597467e+01
3.116209200000000e+02 -7.496039797597412e+01
3.117036000000000e+02 -7.496039797597366e+01
3.117862800000000e+02 -7.496039797597363e+01
3.118689600000000e+02 -7.496039797597342e+01
3.119516400000000e+02 -7.496039797597295e+01
3.120343200000000e+02 -7.496039797597253e+01
3.121170000000000e+02 -7.496039797597255e+01
3.121996800000000e+02 -7.496039797597238e+01
3.122823600000000e+02 -7.496039797597199e+01
3.123650400000000e+02 -7.496039797597162e+01
3.124477200000000e+02 -7.496039797597165e+01
3.125304000000000e+02 -7.496039797597149e+01
3.126130800000000e+02 -7.496039797597105e+01
3.126957600000000e+02 -7.496039797597076e+01
3.127784400000000e+02 -7.496039797597069e+01
3.128611200000000e+02 -7.496039797597054e+01
3.129438000000000e+02 -7.496039797597010e+01
3.130264800000000e+02 -7.496039797596985e+01
3.131091600000000e+02 -7.496039797596973e+01
3.131918400000000e+02 -7.496039797596966e+01
3.132745200000000e+02 -7.496039797596919e+01
3.133572000000000e+02 -7.496039797596896e+01
3.134398800000000e+02 -7.496039797596889e+01
3.135225600000000e+02 -7.496039797596877e+01
3.136052400000000e+02 -7.496039797596833e+01
3.136879200000000e+02 -7.496039797596801e+01
3.137706000000000e+02 -7.496039797596795e+01
3.138532800000000e+02 -7.496039797596782e+01
3.139359600000000e+02 -7.496039797596731e+01
3.140186400000000e+02 -7.496039797596693e+01
3.141013200000000e+02 -7.496039797596693e+01
3.141840000000000e+02 -7.496039797596673e+01
3.142666800000000e+02 -7.496039797596626e+01
3.143493600000000e+02 -7.496039797596595e+01
3.144320400000000e+02 -7.496039797596600e+01
3.145147200000000e+02 -7.496039797596573e+01
3.145974000000000e+02 -7.496039797596525e+01
3.146800800000000e+02 -7.496039797596502e+01
3.147627600000000e+02 -7.496039797596509e+01
3.148454400000000e+02 -7.496039797596471e+01
3.149281200000000e+02 -7.496039797596410e+01
3.150108000000000e+02 -7.496039797596389e+01
3.150934800000000e+02 -7.496039797596380e+01
3.151761600000000e+02 -7.496039797596340e+01
3.152588400000000e+02 -7.496039797596286e+01
3.153415200000000e+02 -7.496039797596274e+01
3.154242000000000e+02 -7.496039797596262e+01
3.155068800000000e+02 -7.496039797596217e+01
3.155895600000000e+02 -7.496039797596165e+01
3.156722400000000e+02 -7.496039797596150e+01
3.157549200000000e+02 -7.496039797596133e+01
3.158376000000000e+02 -7.496039797596089e+01
3.159202800000000e+02 -7.496039797596046e+01
3.160029600000000e+02 -7.496039797596033e+01
3.160856400000000e+02 -7.496039797596013e+01
3.161683200000000e+02 -7.496039797595967e+01
3.162510000000000e+02 -7.496039797595917e+01
3.163336800000000e+02 -7.496039797595895e+01
3.164163600000000e+02 -7.496039797595878e+01
3.164990400000000e+02 -7.496039797595833e+01
3.165817200000000e+02 -7.496039797595783e+01
3.166644000000000e+02 -7.496039797595758e+01
3.167470800000000e+02 -7.496039797595746e+01
3.168297600000000e+02 -7.496039797595698e+01
3.169124400000000e+02 -7.496039797595644e+01
3.169951200000000e+02 -7.496039797595624e+01
3.170778000000000e+02 -7.496039797595601e+01
3.171604800000000e+02 -7.496039797595536e+01
3.172431600000000e+02 -7.496039797595485e+01
3.173258400000000e+02 -7.496039797595473e+01
3.174085200000000e+02 -7.496039797595442e+01
3.174912000000000e+02 -7.496039797595378e+01
3.175738800000000e+02 -7.496039797595321e+01
3.176565600000000e+02 -7.496039797595314e+01
3.177392400000000e+02 -7.496039797595273e+01
3.178219200000000e+02 -7.496039797595192e+01
3.179046000000000e+02 -7.496039797595148e+01
3.179872800000000e+02 -7.496039797595141e+01
3.180699600000000e+02 -7.496039797595097e+01
3.181526400000000e+02 -7.496039797595017e+01
3.182353200000000e+02 -7.496039797594976e+01
3.183180000000000e+02 -7.496039797594972e+01
3.184006800000000e+02 -7.496039797594914e+01
3.184833600000000e+02 -7.496039797594835e+01
3.185660400000000e+02 -7.496039797594807e+01
3.186487200000000e+02 -7.496039797594791e+01
3.187314000000000e+02 -7.496039797594732e+01
3.188140800000000e+02 -7.496039797594656e+01
3.188967600000000e+02 -7.496039797594634e+01
3.189794400000000e+02 -7.496039797594608e+01
3.190621200000000e+02 -7.496039797594551e+01
3.191448000000000e+02 -7.496039797594484e+01
3.192274800000000e+02 -7.496039797594462e+01
3.193101600000000e+02 -7.496039797594435e+01
3.193928400000000e+02 -7.496039797594371e+01
3.194755200000000e+02 -7.496039797594311e+01
3.195582000000000e+02 -7.496039797594290e+01
3.196408800000000e+02 -7.496039797594261e+01
3.197235600000000e+02 -7.496039797594200e+01
3.198062400000000e+02 -7.496039797594142e+01
3.198889200000000e+02 -7.496039797594115e+01
3.199716000000000e+02 -7.496039797594098e+01
3.200542800000000e+02 -7.496039797594030e+01
3.201369600000000e+02 -7.496039797593974e+01
3.202196400000000e+02 -7.496039797593966e+01
3.203023200000000e+02 -7.496039797593949e+01
3.203850000000000e+02 -7.496039797593882e+01
3.204676800000000e+02 -7.496039797593828e+01
3.205503600000000e+02 -7.496039797593826e+01
3.206330400000000e+02 -7.496039797593799e+01
3.207157200000000e+02 -7.496039797593733e+01
3.207984000000000e+02 -7.496039797593689e+01
3.208810800000000e+02 -7.496039797593694e+01
3.209637600000000e+02 -7.496039797593663e+01
3.210464400000000e+02 -7.496039797593589e+01
3.211291200000000e+02 -7.496039797593556e+01
3.212118000000000e+02 -7.496039797593562e+01
3.212944800000000e+02 -7.496039797593511e+01
3.213771600000000e+02 -7.496039797593440e+01
3.214598400000000e+02 -7.496039797593417e+01
3.215425200000000e+02 -7.496039797593419e+01
3.216252000000000e+02 -7.496039797593373e+01
3.217078800000000e+02 -7.496039797593305e+01
3.217905600000000e+02 -7.496039797593291e+01
3.218732400000000e+02 -7.496039797593279e+01
3.219559200000000e+02 -7.496039797593235e+01
3.220386000000000e+02 -7.496039797593173e+01
3.221212800000000e+02 -7.496039797593168e+01
3.222039600000000e+02 -7.496039797593157e+01
3.222866400000000e+02 -7.496039797593110e+01
3.223693200000000e+02 -7.496039797593053e+01
3.224520000000000e+02 -7.496039797593042e+01
3.225346800000000e+02 -7.496039797593032e+01
3.226173600000000e+02 -7.496039797592995e+01
3.227000400000000e+02 -7.496039797592940e+01
3.227827200000000e+02 -7.496039797592920e+01
3.228654000000000e+02 -7.496039797592917e+01
3.229480800000000e+02 -7.496039797592870e+01
3.230307600000000e+02 -7.496039797592815e+01
3.231134400000000e+02 -7.496039797592803e+01
3.231961200000000e+02 -7.496039797592802e+01
3.232788000000000e+02 -7.496039797592755e+01
3.233614800000000e+02 -7.496039797592701e+01
3.234441600000000e+02 -7.496039797592692e+01
3.235268400000000e+02 -7.496039797592688e+01
3.236095200000000e+02 -7.496039797592634e+01
3.236922000000000e+02 -7.496039797592589e+01
3.237748800000000e+02 -7.496039797592584e+01
3.238575600000000e+02 -7.496039797592574e+01
3.239402400000000e+02 -7.496039797592523e+01
3.240229200000000e+02 -7.496039797592482e+01
3.241056000000000e+02 -7.496039797592489e+01
3.241882800000000e+02 -7.496039797592476e+01
3.242709600000000e+02 -7.496039797592424e+01
3.243536400000000e+02 -7.496039797592385e+01
3.244363200000000e+02 -7.496039797592391e+01
3.245190000000000e+02 -7.496039797592375e+01
3.246016800000000e+02 -7.496039797592327e+01
3.246843600000000e+02 -7.496039797592296e+01
3.247670400000000e+02 -7.496039797592299e+01
3.248497200000000e+02 -7.496039797592277e+01
3.249324000000000e+02 -7.496039797592239e+01
3.250150800000000e+02 -7.496039797592213e+01
3.250977600000000e+02 -7.496039797592206e+01
3.251804400000000e+02 -7.496039797592189e+01
3.252631200000000e+02 -7.496039797592147e+01
3.253458000000000e+02 -7.496039797592127e+01
3.254284800000000e+02 -7.496039797592117e+01
3.255111600000000e+02 -7.496039797592101e+01
3.255938400000000e+02 -7.496039797592050e+01
3.256765200000000e+02 -7.496039797592027e+01
3.257592000000000e+02 -7.496039797592024e+01
3.258418800000000e+02 -7.496039797592007e+01
3.259245600000000e+02 -7.496039797591963e+01
3.260072400000000e+02 -7.496039797591939e+01
3.260899200000000e+02 -7.496039797591938e+01
3.261726000000000e+02 -7.496039797591916e+01
3.262552800000000e+02 -7.496039797591870e+01
3.263379600000000e+02 -7.496039797591844e+01
3.264206400000000e+02 -7.496039797591851e+01
3.265033200000000e+02 -7.496039797591820e+01
3.265860000000000e+02 -7.496039797591774e+01
3.266686800000000e+02 -7.496039797591754e+01
3.267513600000000e+02 -7.496039797591763e+01
3.268340400000000e+02 -7.496039797591726e+01
3.269167200000000e+02 -7.496039797591682e+01
3.269994000000000e+02 -7.496039797591668e+01
3.270820800000000e+02 -7.496039797591666e+01
3.271647600000000e+02 -7.496039797591636e+01
3.272474400000000e+02 -7.496039797591580e+01
3.273301200000000e+02 -7.496039797591568e+01
3.274128000000000e+02 -7.496039797591560e+01
3.274954800000000e+02 -7.496039797591528e+01
3.275781600000000e+02 -7.496039797591480e+01
3.276608400000000e+02 -7.496039797591466e+01
3.277435200000000e+02 -7.496039797591452e+01
3.278262000000000e+02 -7.496039797591423e+01
3.279088800000000e+02 -7.496039797591372e+01
3.279915600000000e+02 -7.496039797591352e+01
3.280742400000000e+02 -7.496039797591339e+01
3.281569200000000e+02 -7.496039797591303e+01
3.282396000000000e+02 -7.496039797591261e+01
3.283222800000000e+02 -7.496039797591246e+01
3.284049600000000e+02 -7.496039797591244e+01
3.284876400000000e+02 -7.496039797591204e+01
3.285703200000000e+02 -7.496039797591165e+01
3.286530000000000e+02 -7.496039797591142e+01
3.287356800000000e+02 -7.496039797591142e+01
3.288183600000000e+02 -7.496039797591099e+01
3.289010400000000e+02 -7.496039797591058e+01
3.289837200000000e+02 -7.496039797591040e+01
3.290664000000000e+02 -7.496039797591042e+01
3.291490800000000e+02 -7.496039797591006e+01
3.292317600000000e+02 -7.496039797590957e+01
3.293144400000000e+02 -7.496039797590942e+01
3.293971200000000e+02 -7.496039797590936e+01
3.294798000000000e+02 -7.496039797590886e+01
3.295624800000000e+02 -7.496039797590834e+01
3.296451600000000e+02 -7.496039797590829e+01
3.297278400000000e+02 -7.496039797590819e+01
3.298105200000000e+02 -7.496039797590764e+01
3.298932000000000e+02 -7.496039797590720e+01
3.299758800000000e+02 -7.496039797590723e+01
3.300585600000000e+02 -7.496039797590707e+01
3.301412400000000e+02 -7.496039797590643e+01
3.302239200000000e+02 -7.496039797590603e+01
3.303066000000000e+02 -7.496039797590599e+01
3.303892800000000e+02 -7.496039797590571e+01
3.304719600000000e+02 -7.496039797590505e+01
3.305546400000000e+02 -7.496039797590463e+01
3.306373200000000e+02 -7.496039797590450e+01
3.307200000000000e+02 -7.496039797590419e+01
3.308026800000000e+02 -7.496039797590358e+01
3.308853600000000e+02 -7.496039797590328e+01
3.309680400000000e+02 -7.496039797590309e+01
3.310507200000000e+02 -7.496039797590275e+01
3.311334000000000e+02 -7.496039797590210e+01
3.312160800000000e+02 -7.496039797590177e+01
3.312987600000000e+02 -7.496039797590156e+01
3.313814400000000e+02 -7.496039797590113e+01
3.314641200000000e+02 -7.496039797590052e+01
3.315468000000000e+02 -7.496039797590014e+01
3.316294800000000e+02 -7.496039797589994e+01
3.317121600000000e+02 -7.496039797589951e+01
3.317948400000000e+02 -7.496039797589887e+01
3.318775200000000e+02 -7.496039797589843e+01
3.319602000000000e+02 -7.496039797589825e+01
3.320428800000000e+02 -7.496039797589775e+01
3.321255600000000e+02 -7.496039797589715e+01
3.322082400000000e+02 -7.496039797589673e+01
3.322909200000000e+02 -7.496039797589661e+01
3.323736000000000e+02 -7.496039797589602e+01
3.324562800000000e+02 -7.496039797589526e+01
3.325389600000000e+02 -7.496039797589494e+01
3.326216400000000e+02 -7.496039797589475e+01
3.327043200000000e+02 -7.496039797589407e+01
3.327870000000000e+02 -7.496039797589337e+01
3.328696800000000e+02 -7.496039797589319e+01
3.329523600000000e+02 -7.496039797589292e+01
3.330350400000000e+02 -7.496039797589219e+01
3.331177200000000e+02 -7.496039797589161e+01
3.332004000000000e+02 -7.496039797589150e+01
3.332830800000000e+02 -7.496039797589120e+01
3.333657600000000e+02 -7.496039797589049e+01
3.334484400000000e+02 -7.496039797588995e+01
3.335311200000000e+02 -7.496039797588983e+01
3.336138000000000e+02 -7.496039797588939e+01
3.336964800000000e+02 -7.496039797588864e+01
3.337791600000000e+02 -7.496039797588823e+01
3.338618400000000e+02 -7.496039797588810e+01
3.339445200000000e+02 -7.496039797588769e+01
3.340272000000000e+02 -7.496039797588696e+01
3.341098800000000e+02 -7.496039797588664e+01
3.341925600000000e+02 -7.496039797588641e+01
3.342752400000000e+02 -7.496039797588597e+01
3.343579200000000e+02 -7.496039797588530e+01
3.344406000000000e+02 -7.496039797588503e+01
3.345232800000000e+02 -7.496039797588482e+01
3.346059600000000e+02 -7.496039797588433e+01
3.346886400000000e+02 -7.496039797588365e+01
3.347713200000000e+02 -7.496039797588334e+01
3.348540000000000e+02 -7.496039797588323e+01
3.349366800000000e+02 -7.496039797588281e+01
3.350193600000000e+02 -7.496039797588219e+01
3.351020400000000e+02 -7.496039797588189e+01
3.351847200000000e+02 -7.496039797588182e+01
3.352674000000000e+02 -7.496039797588135e+01
3.353500800000000e+02 -7.496039797588071e+01
3.354327600000000e+02 -7.496039797588041e+01
3.355154400000000e+02 -7.496039797588038e+01
3.355981200000000e+02 -7.496039797587983e+01
3.356808000000000e+02 -7.496039797587916e+01
3.357634800000000e+02 -7.496039797587906e+01
3.358461600000000e+02 -7.496039797587899e+01
3.359288400000000e+02 -7.496039797587841e+01
3.360115200000000e+02 -7.496039797587780e+01
3.360942000000000e+02 -7.496039797587774e+01
3.361768800000000e+02 -7.496039797587765e+01
3.362595600000000e+02 -7.496039797587699e+01
3.363422400000000e+02 -7.496039797587645e+01
3.364249200000000e+02 -7.496039797587648e+01
3.365076000000000e+02 -7.496039797587628e+01
3.365902800000000e+02 -7.496039797587564e+01
3.366729600000000e+02 -7.496039797587514e+01
3.367556400000000e+02 -7.496039797587522e+01
3.368383200000000e+02 -7.496039797587498e+01
3.369210000000000e+02 -7.496039797587441e+01
3.370036800000000e+02 -7.496039797587405e+01
3.370863600000000e+02 -7.496039797587406e+01
3.371690400000000e+02 -7.496039797587385e+01
3.372517200000000e+02 -7.496039797587332e+01
3.373344000000000e+02 -7.496039797587305e+01
3.374170800000000e+02 -7.496039797587306e+01
3.374997600000000e+02 -7.496039797587291e+01
3.375824400000000e+02 -7.496039797587234e+01
3.376651200000000e+02 -7.496039797587204e+01
3.377478000000000e+02 -7.496039797587207e+01
3.378304800000000e+02 -7.496039797587180e+01
3.379131600000000e+02 -7.496039797587125e+01
3.379958400000000e+02 -7.496039797587105e+01
3.380785200000000e+02 -7.496039797587099e+01
3.381612000000000e+02 -7.496039797587083e+01
3.382438800000000e+02 -7.496039797587024e+01
3.383265600000000e+02 -7.496039797586999e+01
3.384092400000000e+02 -7.496039797587011e+01
3.384919200000000e+02 -7.496039797586980e+01
3.385746000000000e+02 -7.496039797586918e+01
3.386572800000000e+02 -7.496039797586893e+01
3.387399600000000e+02 -7.496039797586901e+01
3.388226400000000e+02 -7.496039797586862e+01
3.389053200000000e+02 -7.496039797586799e+01
3.389880000000000e+02 -7.496039797586783e+01
3.390706800000000e+02 -7.496039797586785e+01
3.391533600000000e+02 -7.496039797586739e+01
3.392360400000000e+02 -7.496039797586681e+01
3.393187200000000e+02 -7.496039797586664e+01
3.394014000000000e+02 -7.496039797586658e+01
3.394840800000000e+02 -7.496039797586617e+01
3.395667600000000e+02 -7.496039797586566e+01
3.396494400000000e+02 -7.496039797586556e+01
3.397321200000000e+02 -7.496039797586543e+01
3.398148000000000e+02 -7.496039797586501e+01
3.398974800000000e+02 -7.496039797586445e+01
3.399801600000000e+02 -7.496039797586432e+01
3.400628400000000e+02 -7.496039797586415e+01
3.401455200000000e+02 -7.496039797586376e+01
3.402282000000000e+02 -7.496039797586324e+01
3.403108800000000e+02 -7.496039797586303e+01
3.403935600000000e+02 -7.496039797586293e+01
3.404762400000000e+02 -7.496039797586249e+01
3.405589200000000e+02 -7.496039797586198e+01
3.406416000000000e+02 -7.496039797586180e+01
3.407242800000000e+02 -7.496039797586170e+01
3.408069600000000e+02 -7.496039797586126e+01
3.408896400000000e+02 -7.496039797586077e+01
3.409723200000000e+02 -7.496039797586062e+01
3.410550000000000e+02 -7.496039797586059e+01
3.411376800000000e+02 -7.496039797586009e+01
3.412203600000000e+02 -7.496039797585956e+01
3.413030400000000e+02 -7.496039797585946e+01
3.413857200000000e+02 -7.496039797585944e+01
3.414684000000000e+02 -7.496039797585885e+01
3.415510800000000e+02 -7.496039797585840e+01
3.416337600000000e+02 -7.496039797585840e+01
3.417164400000000e+02 -7.496039797585831e+01
3.417991200000000e+02 -7.496039797585784e+01
3.418818000000000e+02 -7.496039797585748e+01
3.419644800000000e+02 -7.496039797585756e+01
3.420471600000000e+02 -7.496039797585746e+01
3.421298400000000e+02 -7.496039797585695e+01
3.422125200000000e+02 -7.496039797585659e+01
3.422952000000000e+02 -7.496039797585672e+01
3.423778800000000e+02 -7.496039797585651e+01
3.424605600000000e+02 -7.496039797585605e+01
3.425432400000000e+02 -7.496039797585574e+01
3.426259200000000e+02 -7.496039797585571e+01
3.427086000000000e+02 -7.496039797585556e+01
3.427912800000000e+02 -7.496039797585514e+01
3.428739600000000e+02 -7.496039797585490e+01
3.429566400000000e+02 -7.496039797585490e+01
3.430393200000000e+02 -7.496039797585473e+01
3.431220000000000e+02 -7.496039797585432e+01
3.432046800000000e+02 -7.496039797585409e+01
3.432873600000000e+02 -7.496039797585408e+01
3.433700400000000e+02 -7.496039797585387e+01
3.434527200000000e+02 -7.496039797585344e+01
3.435354000000000e+02 -7.496039797585321e+01
3.436180800000000e+02 -7.496039797585317e+01
3.437007600000000e+02 -7.496039797585296e+01
3.437834400000000e+02 -7.496039797585246e+01
3.438661200000000e+02 -7.496039797585208e+01
3.439488000000000e+02 -7.496039797585205e+01
3.440314800000000e+02 -7.496039797585181e+01
3.441141600000000e+02 -7.496039797585134e+01
3.441968400000000e+02 -7.496039797585100e+01
3.442795200000000e+02 -7.496039797585105e+01
3.443622000000000e+02 -7.496039797585071e+01
3.444448800000000e+02 -7.496039797585010e+01
3.445275600000000e+02 -7.496039797584983e+01
3.446102400000000e+02 -7.496039797584984e+01
3.446929200000000e+02 -7.496039797584949e+01
3.447756000000000e+02 -7.496039797584896e+01
3.448582800000000e+02 -7.496039797584875e+01
3.449409600000000e+02 -7.496039797584866e+01
3.450236400000000e+02 -7.496039797584827e+01
3.451063200000000e+02 -7.496039797584764e+01
3.451890000000000e+02 -7.496039797584747e+01
3.452716800000000e+02 -7.496039797584736e+01
3.453543600000000e+02 -7.496039797584689e+01
3.454370400000000e+02 -7.496039797584632e+01
3.455197200000000e+02 -7.496039797584616e+01
3.456024000000000e+02 -7.496039797584598e+01
3.456850800000000e+02 -7.496039797584547e+01
3.457677600000000e+02 -7.496039797584493e+01
3.458504400000000e+02 -7.496039797584478e+01
3.459331200000000e+02 -7.496039797584456e+01
3.460158000000000e+02 -7.496039797584403e+01
3.460984800000000e+02 -7.496039797584361e+01
3.461811600000000e+02 -7.496039797584342e+01
3.462638400000000e+02 -7.496039797584314e+01
3.463465200000000e+02 -7.496039797584255e+01
3.464292000000000e+02 -7.496039797584206e+01
3.465118800000000e+02 -7.496039797584181e+01
3.465945600000000e+02 -7.496039797584162e+01
3.466772400000000e+02 -7.496039797584105e+01
3.467599200000000e+02 -7.496039797584056e+01
3.468426000000000e+02 -7.496039797584038e+01
3.469252800000000e+02 -7.496039797584007e+01
3.470079600000000e+02 -7.496039797583940e+01
3.470906400000000e+02 -7.496039797583890e+01
3.471733200000000e+02 -7.496039797583869e+01
3.472560000000000e+02 -7.496039797583835e+01
3.473386800000000e+02 -7.496039797583761e+01
3.474213600000000e+02 -7.496039797583704e+01
3.475040400000000e+02 -7.496039797583694e+01
3.475867200000000e+02 -7.496039797583656e+01
3.476694000000000e+02 -7.496039797583580e+01
3.477520800000000e+02 -7.496039797583536e+01
3.478347600000000e+02 -7.496039797583529e+01
3.479174400000000e+02 -7.496039797583474e+01
3.480001200000000e+02 -7.496039797583396e+01
3.480828000000000e+02 -7.496039797583354e+01
3.481654800000000e+02 -7.496039797583350e+01
3.482481600000000e+02 -7.496039797583289e+01
3.483308400000000e+02 -7.496039797583207e+01
3.484135200000000e+02 -7.496039797583185e+01
3.484962000000000e+02 -7.496039797583173e+01
3.485788800000000e+02 -7.496039797583106e+01
3.486615600000000e+02 -7.496039797583030e+01
3.487442400000000e+02 -7.496039797583009e+01
3.488269200000000e+02 -7.496039797582988e+01
3.489096000000000e+02 -7.496039797582918e+01
3.489922800000000e+02 -7.496039797582854e+01
3.490749600000000e+02 -7.496039797582841e+01
3.491576400000000e+02 -7.496039797582806e+01
3.492403200000000e+02 -7.496039797582735e+01
3.493230000000000e+02 -7.496039797582671e+01
3.494056800000000e+02 -7.496039797582651e+01
3.494883600000000e+02 -7.496039797582624e+01
3.495710400000000e+02 -7.496039797582554e+01
3.496537200000000e+02 -7.496039797582502e+01
3.497364000000000e+02 -7.496039797582482e+01
3.498190800000000e+02 -7.496039797582455e+01
3.499017600000000e+02 -7.496039797582387e+01
3.499844400000000e+02 -7.496039797582335e+01
3.500671200000000e+02 -7.496039797582324e+01
3.501498000000000e+02 -7.496039797582299e+01
3.502324800000000e+02 -7.496039797582230e+01
3.503151600000000e+02 -7.496039797582183e+01
3.503978400000000e+02 -7.496039797582176e+01
3.504805200000000e+02 -7.496039797582148e+01
3.505632000000000e+02 -7.496039797582083e+01
3.506458800000000e+02 -7.496039797582043e+01
3.507285600000000e+02 -7.496039797582044e+01
3.508112400000000e+02 -7.496039797582011e+01
3.508939200000000e+02 -7.496039797581942e+01
3.509766000000000e+02 -7.496039797581906e+01
3.510592800000000e+02 -7.496039797581916e+01
3.511419600000000e+02 -7.496039797581869e+01
3.512246400000000e+02 -7.496039797581795e+01
3.513073200000000e+02 -7.496039797581773e+01
3.513900000000000e+02 -7.496039797581776e+01
3.514726800000000e+02 -7.496039797581722e+01
3.515553600000000e+02 -7.496039797581658e+01
3.516380400000000e+02 -7.496039797581642e+01
3.517207200000000e+02 -7.496039797581638e+01
3.518034000000000e+02 -7.496039797581587e+01
3.518860800000000e+02 -7.496039797581528e+01
3.519687600000000e+02 -7.496039797581520e+01
3.520514400000000e+02 -7.496039797581511e+01
3.521341200000000e+02 -7.496039797581459e+01
3.522168000000000e+02 -7.496039797581402e+01
3.522994800000000e+02 -7.496039797581400e+01
3.523821600000000e+02 -7.496039797581393e+01
3.524648400000000e+02 -7.496039797581346e+01
3.525475200000000e+02 -7.496039797581297e+01
3.526302000000000e+02 -7.496039797581287e+01
3.527128800000000e+02 -7.496039797581280e+01
3.527955600000000e+02 -7.496039797581234e+01
3.528782400000000e+02 -7.496039797581184e+01
3.529609200000000e+02 -7.496039797581169e+01
3.530436000000000e+02 -7.496039797581163e+01
3.531262800000000e+02 -7.496039797581111e+01
3.532089600000000e+02 -7.496039797581062e+01
3.532916400000000e+02 -7.496039797581054e+01
3.533743200000000e+02 -7.496039797581049e+01
3.534570000000000e+02 -7.496039797580994e+01
3.535396800000000e+02 -7.496039797580953e+01
3.536223600000000e+02 -7.496039797580951e+01
3.537050400000000e+02 -7.496039797580939e+01
3.537877200000000e+02 -7.496039797580879e+01
3.538704000000000e+02 -7.496039797580843e+01
3.539530800000000e+02 -7.496039797580846e+01
3.540357600000000e+02 -7.496039797580831e+01
3.541184400000000e+02 -7.496039797580774e+01
3.542011200000000e+02 -7.496039797580744e+01
3.542838000000000e+02 -7.496039797580747e+01
3.543664800000000e+02 -7.496039797580715e+01
3.544491600000000e+02 -7.496039797580670e+01
3.545318400000000e+02 -7.496039797580640e+01
3.546145200000000e+02 -7.496039797580647e+01
3.546972000000000e+02 -7.496039797580626e+01
3.547798800000000e+02 -7.496039797580582e+01
3.548625600000000e+02 -7.496039797580559e+01
3.549452400000000e+02 -7.496039797580563e+01
3.550279200000000e+02 -7.496039797580545e+01
3.551106000000000e+02 -7.496039797580499e+01
3.551932800000000e+02 -7.496039797580482e+01
3.552759600000000e+02 -7.496039797580474e+01
3.553586400000000e+02 -7.496039797580457e+01
3.554413200000000e+02 -7.496039797580411e+01
3.555240000000000e+02 -7.496039797580389e+01
3.556066800000000e+02 -7.496039797580389e+01
3.556893600000000e+02 -7.496039797580366e+01
3.557720400000000e+02 -7.496039797580329e+01
3.558547200000000e+02 -7.496039797580309e+01
3.559374000000000e+02 -7.496039797580310e+01
3.560200800000000e+02 -7.496039797580293e+01
3.561027600000000e+02 -7.496039797580248e+01
3.561854400000000e+02 -7.496039797580219e+01
3.562681200000000e+02 -7.496039797580227e+01
3.563508000000000e+02 -7.496039797580200e+01
3.564334800000000e+02 -7.496039797580154e+01
3.565161600000000e+02 -7.496039797580137e+01
3.565988400000000e+02 -7.496039797580151e+01
3.566815200000000e+02 -7.496039797580121e+01
3.567642000000000e+02 -7.496039797580069e+01
3.568468800000000e+02 -7.496039797580057e+01
3.569295600000000e+02 -7.496039797580057e+01
3.570122400000000e+02 -7.496039797580026e+01
3.570949200000000e+02 -7.496039797579974e+01
3.571776000000000e+02 -7.496039797579962e+01
3.572602800000000e+02 -7.496039797579955e+01
3.573429600000000e+02 -7.496039797579920e+01
3.574256400000000e+02 -7.496039797579876e+01
3.575083200000000e+02 -7.496039797579864e+01
3.575910000000000e+02 -7.496039797579853e+01
3.576736800000000e+02 -7.496039797579813e+01
3.577563600000000e+02 -7.496039797579763e+01
3.578390400000000e+02 -7.496039797579753e+01
3.579217200000000e+02 -7.496039797579739e+01
3.580044000000000e+02 -7.496039797579706e+01
3.580870800000000e+02 -7.496039797579665e+01
3.581697600000000e+02 -7.496039797579648e+01
3.582524400000000e+02 -7.496039797579634e+01
3.583351200000000e+02 -7.496039797579597e+01
3.584178000000000e+02 -7.496039797579552e+01
3.585004800000000e+02 -7.496039797579530e+01
3.585831600000000e+02 -7.496039797579530e+01
3.586658400000000e+02 -7.496039797579490e+01
3.587485200000000e+02 -7.496039797579439e+01
3.588312000000000e+02 -7.496039797579421e+01
3.589138800000000e+02 -7.496039797579419e+01
3.589965600000000e+02 -7.496039797579377e+01
3.590792400000000e+02 -7.496039797579326e+01
3.591619200000000e+02 -7.496039797579319e+01
3.592446000000000e+02 -7.496039797579313e+01
3.593272800000000e+02 -7.496039797579260e+01
3.594099600000000e+02 -7.496039797579215e+01
3.594926400000000e+02 -7.496039797579211e+01
3.595753200000000e+02 -7.496039797579199e+01
3.596580000000000e+02 -7.496039797579148e+01
3.597406800000000e+02 -7.496039797579095e+01
3.598233600000000e+02 -7.496039797579098e+01
3.599060400000000e+02 -7.496039797579073e+01
3.599887200000000e+02 -7.496039797579007e+01
3.600714000000000e+02 -7.496039797578962e+01
3.601540800000000e+02 -7.496039797578960e+01
3.602367600000000e+02 -7.496039797578928e+01
3.603194400000000e+02 -7.496039797578858e+01
3.604021200000000e+02 -7.496039797578823e+01
3.604848000000000e+02 -7.496039797578813e+01
3.605674800000000e+02 -7.496039797578781e+01
3.606501600000000e+02 -7.496039797578709e+01
3.607328400000000e+02 -7.496039797578672e+01
3.608155200000000e+02 -7.496039797578659e+01
3.608982000000000e+02 -7.496039797578612e+01
3.609808800000000e+02 -7.496039797578551e+01
3.610635600000000e+02 -7.496039797578518e+01
3.611462400000000e+02 -7.496039797578501e+01
3.612289200000000e+02 -7.496039797578453e+01
3.613116000000000e+02 -7.496039797578386e+01
3.613942800000000e+02 -7.496039797578351e+01
3.614769600000000e+02 -7.496039797578329e+01
3.615596400000000e+02 -7.496039797578277e+01
3.616423200000000e+02 -7.496039797578217e+01
3.617250000000000e+02 -7.496039797578175e+01
3.618076800000000e+02 -7.496039797578159e+01
3.618903600000000e+02 -7.496039797578105e+01
3.619730400000000e+02 -7.496039797578038e+01
3.620557200000000e+02 -7.496039797577998e+01
3.621384000000000e+02 -7.496039797577436e+01
3.622210800000000e+02 -7.496039797577376e+01
3.623037600000000e+02 -7.496039797577306e+01
3.623864400000000e+02 -7.496039797575557e+01
3.624691200000000e+02 -7.496039797575538e+01
3.625518000000000e+02 -7.496039797575466e+01
3.626344800000000e+02 -7.496039797575399e+01
3.627171600000000e+02 -7.496039797573975e+01
3.627998400000000e+02 -7.496039797573944e+01
3.628825200000000e+02 -7.496039797573873e+01
3.629652000000000e+02 -7.496039797573809e+01
3.630478800000000e+02 -7.496039797573800e+01
3.631305600000000e+02 -7.496039797573754e+01
3.632132400000000e+02 -7.496039797573680e+01
3.632959200000000e+02 -7.496039797573627e+01
3.633786000000000e+02 -7.496039797573617e+01
3.634612800000000e+02 -7.496039797573576e+01
3.635439600000000e+02 -7.496039797573501e+01
3.636266400000000e+02 -7.496039797573461e+01
3.637093200000000e+02 -7.496039797573449e+01
3.637920000000000e+02 -7.496039797573403e+01
3.638746800000000e+02 -7.496039797573333e+01
3.639573600000000e+02 -7.496039797573306e+01
3.640400400000000e+02 -7.496039797573292e+01
3.641227200000000e+02 -7.496039797573245e+01
3.642054000000000e+02 -7.496039797573181e+01
3.642880800000000e+02 -7.496039797573155e+01
3.643707600000000e+02 -7.496039797573133e+01
3.644534400000000e+02 -7.496039797573086e+01
3.645361200000000e+02 -7.496039797573019e+01
3.646188000000000e+02 -7.496039797572992e+01
3.647014800000000e+02 -7.496039797572976e+01
3.647841600000000e+02 -7.496039797572936e+01
3.648668400000000e+02 -7.496039797572877e+01
3.649495200000000e+02 -7.496039797572850e+01
3.650322000000000e+02 -7.496039797572838e+01
3.651148800000000e+02 -7.496039797572793e+01
3.651975600000000e+02 -7.496039797572733e+01
3.652802400000000e+02 -7.496039797572712e+01
3.653629200000000e+02 -7.496039797572703e+01
3.654456000000000e+02 -7.496039797572655e+01
3.655282800000000e+02 -7.496039797572597e+01
3.656109600000000e+02 -7.496039797572580e+01
3.656936400000000e+02 -7.496039797572573e+01
3.657763200000000e+02 -7.496039797572516e+01
3.658590000000000e+02 -7.496039797572467e+01
3.659416800000000e+02 -7.496039797572465e+01
3.660243600000000e+02 -7.496039797572458e+01
3.661070400000000e+02 -7.496039797572398e+01
3.661897200000000e+02 -7.496039797572350e+01
3.662724000000000e+02 -7.496039797572354e+01
3.663550800000000e+02 -7.496039797572344e+01
3.664377600000000e+02 -7.496039797572286e+01
3.665204400000000e+02 -7.496039797572246e+01
3.666031200000000e+02 -7.496039797572247e+01
3.666858000000000e+02 -7.496039797572222e+01
3.667684800000000e+02 -7.496039797572168e+01
3.668511600000000e+02 -7.496039797572126e+01
3.669338400000000e+02 -7.496039797572129e+01
3.670165200000000e+02 -7.496039797572107e+01
3.670992000000000e+02 -7.496039797572050e+01
3.671818800000000e+02 -7.496039797572021e+01
3.672645600000000e+02 -7.496039797572023e+01
3.673472400000000e+02 -7.496039797572000e+01
3.674299200000000e+02 -7.496039797571949e+01
3.675126000000000e+02 -7.496039797571927e+01
3.675952800000000e+02 -7.496039797571923e+01
3.676779600000000e+02 -7.496039797571903e+01
3.677606400000000e+02 -7.496039797571861e+01
3.678433200000000e+02 -7.496039797571837e+01
3.679260000000000e+02 -7.496039797571839e+01
3.680086800000000e+02 -7.496039797571825e+01
3.680913600000000e+02 -7.496039797571777e+01
3.681740400000000e+02 -7.496039797571756e+01
3.682567200000000e+02 -7.496039797571765e+01
3.683394000000000e+02 -7.496039797571737e+01
3.684220800000000e+02 -7.496039797571687e+01
3.685047600000000e+02 -7.496039797571666e+01
3.685874400000000e+02 -7.496039797571676e+01
3.686701200000000e+02 -7.496039797571642e+01
3.687528000000000e+02 -7.496039797571589e+01
3.688354800000000e+02 -7.496039797571579e+01
3.689181600000000e+02 -7.496039797571592e+01
3.690008400000000e+02 -7.496039797571552e+01
3.690835200000000e+02 -7.496039797571498e+01
3.691662000000000e+02 -7.496039797571494e+01
3.692488800000000e+02 -7.496039797571491e+01
3.693315600000000e+02 -7.496039797571450e+01
3.694142400000000e+02 -7.496039797571400e+01
3.694969200000000e+02 -7.496039797571392e+01
3.695796000000000e+02 -7.496039797571385e+01
3.696622800000000e+02 -7.496039797571343e+01
3.697449600000000e+02 -7.496039797571295e+01
3.698276400000000e+02 -7.496039797571288e+01
3.699103200000000e+02 -7.496039797571267e+01
3.699930000000000e+02 -7.496039797571235e+01
3.700756800000000e+02 -7.496039797571189e+01
3.701583600000000e+02 -7.496039797571180e+01
3.702410400000000e+02 -7.496039797571166e+01
3.703237200000000e+02 -7.496039797571126e+01
3.704064000000000e+02 -7.496039797571075e+01
3.704890800000000e+02 -7.496039797571055e+01
3.705717600000000e+02 -7.496039797571051e+01
3.706544400000000e+02 -7.496039797571008e+01
3.707371200000000e+02 -7.496039797570955e+01
3.708198000000000e+02 -7.496039797570940e+01
3.709024800000000e+02 -7.496039797570941e+01
3.709851600000000e+02 -7.496039797570894e+01
3.710678400000000e+02 -7.496039797570849e+01
3.711505200000000e+02 -7.496039797570837e+01
3.712332000000000e+02 -7.496039797570836e+01
3.713158800000000e+02 -7.496039797570789e+01
3.713985600000000e+02 -7.496039797570742e+01
3.714812400000000e+02 -7.496039797570739e+01
3.715639200000000e+02 -7.496039797570731e+01
3.716466000000000e+02 -7.496039797570678e+01
3.717292800000000e+02 -7.496039797570631e+01
3.718119600000000e+02 -7.496039797570633e+01
3.718946400000000e+02 -7.496039797570627e+01
3.719773200000000e+02 -7.496039797570579e+01
3.720600000000000e+02 -7.496039797570542e+01
3.721426800000000e+02 -7.496039797570550e+01
3.722253600000000e+02 -7.496039797570539e+01
3.723080400000000e+02 -7.496039797570494e+01
3.723907200000000e+02 -7.496039797570462e+01
3.724734000000000e+02 -7.496039797570465e+01
3.725560800000000e+02 -7.496039797570448e+01
3.726387600000000e+02 -7.496039797570401e+01
3.727214400000000e+02 -7.496039797570370e+01
3.728041200000000e+02 -7.496039797570366e+01
3.728868000000000e+02 -7.496039797570347e+01
3.729694800000000e+02 -7.496039797570302e+01
3.730521600000000e+02 -7.496039797570276e+01
3.731348400000000e+02 -7.496039797570273e+01
3.732175200000000e+02 -7.496039797570256e+01
3.733002000000000e+02 -7.496039797570211e+01
3.733828800000000e+02 -7.496039797570189e+01
3.734655600000000e+02 -7.496039797570185e+01
3.735482400000000e+02 -7.496039797570158e+01
3.736309200000000e+02 -7.496039797570106e+01
3.737136000000000e+02 -7.496039797570070e+01
3.737962800000000e+02 -7.496039797570067e+01
3.738789600000000e+02 -7.496039797570046e+01
3.739616400000000e+02 -7.496039797569998e+01
3.740443200000000e+02 -7.496039797569961e+01
3.741270000000000e+02 -7.496039797569965e+01
3.742096800000000e+02 -7.496039797569928e+01
3.742923600000000e+02 -7.496039797569863e+01
3.743750400000000e+02 -7.496039797569829e+01
3.744577200000000e+02 -7.496039797569831e+01
3.745404000000000e+02 -7.496039797569786e+01
3.746230800000000e+02 -7.496039797569719e+01
3.747057600000000e+02 -7.496039797569694e+01
3.747884400000000e+02 -7.496039797569682e+01
3.748711200000000e+02 -7.496039797569631e+01
3.749538000000000e+02 -7.496039797569561e+01
3.750364800000000e+02 -7.496039797569547e+01
3.751191600000000e+02 -7.496039797569534e+01
3.752018400000000e+02 -7.496039797569476e+01
3.752845200000000e+02 -7.496039797569421e+01
3.753672000000000e+02 -7.496039797569412e+01
3.754498800000000e+02 -7.496039797569397e+01
3.755325600000000e+02 -7.496039797569333e+01
3.756152400000000e+02 -7.496039797569281e+01
3.756979200000000e+02 -7.496039797569269e+01
3.757806000000000e+02 -7.496039797569240e+01
3.758632800000000e+02 -7.496039797569175e+01
3.759459600000000e+02 -7.496039797569131e+01
3.760286400000000e+02 -7.496039797569107e+01
3.761113200000000e+02 -7.496039797569078e+01
3.761940000000000e+02 -7.496039797569013e+01
3.762766800000000e+02 -7.496039797568973e+01
3.763593600000000e+02 -7.496039797568946e+01
3.764420400000000e+02 -7.496039797568913e+01
3.765247200000000e+02 -7.496039797568856e+01
3.766074000000000e+02 -7.496039797568810e+01
3.766900800000000e+02 -7.496039797567931e+01
3.767727600000000e+02 -7.496039797567892e+01
3.768554400000000e+02 -7.496039797567833e+01
3.769381200000000e+02 -7.496039797567788e+01
3.770208000000000e+02 -7.496039797566925e+01
3.771034800000000e+02 -7.496039797566883e+01
3.771861600000000e+02 -7.496039797566817e+01
3.772688400000000e+02 -7.496039797566770e+01
3.773515200000000e+02 -7.496039797566060e+01
3.774342000000000e+02 -7.496039797566013e+01
3.775168800000000e+02 -7.496039797565943e+01
3.775995600000000e+02 -7.496039797565901e+01
3.776822400000000e+02 -7.496039797565440e+01
3.777649200000000e+02 -7.496039797565389e+01
3.778476000000000e+02 -7.496039797565311e+01
3.779302800000000e+02 -7.496039797565275e+01
3.780129600000000e+02 -7.496039797565260e+01
3.780956400000000e+02 -7.496039797565204e+01
3.781783200000000e+02 -7.496039797565135e+01
3.782610000000000e+02 -7.496039797565108e+01
3.783436800000000e+02 -7.496039797565092e+01
3.784263600000000e+02 -7.496039797565025e+01
3.785090400000000e+02 -7.496039797564956e+01
3.785917200000000e+02 -7.496039797564937e+01
3.786744000000000e+02 -7.496039797564907e+01
3.787570800000000e+02 -7.496039797564836e+01
3.788397600000000e+02 -7.496039797564771e+01
3.789224400000000e+02 -7.496039797564755e+01
3.790051200000000e+02 -7.496039797564728e+01
3.790878000000000e+02 -7.496039797564661e+01
3.791704800000000e+02 -7.496039797564605e+01
3.792531600000000e+02 -7.496039797564589e+01
3.793358400000000e+02 -7.496039797564551e+01
3.794185200000000e+02 -7.496039797564477e+01
3.795012000000000e+02 -7.496039797564431e+01
3.795838800000000e+02 -7.496039797564413e+01
3.796665600000000e+02 -7.496039797564380e+01
3.797492400000000e+02 -7.496039797564320e+01
3.798319200000000e+02 -7.496039797564279e+01
3.799146000000000e+02 -7.496039797564262e+01
3.799972800000000e+02 -7.496039797564232e+01
3.800799600000000e+02 -7.496039797564167e+01
3.801626400000000e+02 -7.496039797564129e+01
3.802453200000000e+02 -7.496039797564120e+01
3.803280000000000e+02 -7.496039797564090e+01
3.804106800000000e+02 -7.496039797564029e+01
3.804933600000000e+02 -7.496039797563995e+01
3.805760400000000e+02 -7.496039797563992e+01
3.806587200000000e+02 -7.496039797563961e+01
3.807414000000000e+02 -7.496039797563897e+01
3.808240800000000e+02 -7.496039797563871e+01
3.809067600000000e+02 -7.496039797563876e+01
3.809894400000000e+02 -7.496039797563832e+01
3.810721200000000e+02 -7.496039797563769e+01
3.811548000000000e+02 -7.496039797563751e+01
3.812374800000000e+02 -7.496039797563753e+01
3.813201600000000e+02 -7.496039797563702e+01
3.814028400000000e+02 -7.496039797563652e+01
3.814855200000000e+02 -7.496039797563638e+01
3.815682000000000e+02 -7.496039797563634e+01
3.816508800000000e+02 -7.496039797563581e+01
3.817335600000000e+02 -7.496039797563532e+01
3.818162400000000e+02 -7.496039797563525e+01
3.818989200000000e+02 -7.496039797563509e+01
3.819816000000000e+02 -7.496039797563463e+01
3.820642800000000e+02 -7.496039797563419e+01
3.821469600000000e+02 -7.496039797563418e+01
3.822296400000000e+02 -7.496039797563405e+01
3.823123200000000e+02 -7.496039797563358e+01
3.823950000000000e+02 -7.496039797563311e+01
3.824776800000000e+02 -7.496039797563303e+01
3.825603600000000e+02 -7.496039797563296e+01
3.826430400000000e+02 -7.496039797563250e+01
3.827257200000000e+02 -7.496039797563211e+01
3.828084000000000e+02 -7.496039797563198e+01
3.828910800000000e+02 -7.496039797563191e+01
3.829737600000000e+02 -7.496039797563148e+01
3.830564400000000e+02 -7.496039797563112e+01
3.831391200000000e+02 -7.496039797563104e+01
3.832218000000000e+02 -7.496039797563100e+01
3.833044800000000e+02 -7.496039797563051e+01
3.833871600000000e+02 -7.496039797563003e+01
3.834698400000000e+02 -7.496039797563000e+01
3.835525200000000e+02 -7.496039797562989e+01
3.836352000000000e+02 -7.496039797562941e+01
3.837178800000000e+02 -7.496039797562908e+01
3.838005600000000e+02 -7.496039797562908e+01
3.838832400000000e+02 -7.496039797562895e+01
3.839659200000000e+02 -7.496039797562845e+01
3.840486000000000e+02 -7.496039797562810e+01
3.841312800000000e+02 -7.496039797562817e+01
3.842139600000000e+02 -7.496039797562800e+01
3.842966400000000e+02 -7.496039797562749e+01
3.843793200000000e+02 -7.496039797562722e+01
3.844620000000000e+02 -7.496039797562727e+01
3.845446800000000e+02 -7.496039797562709e+01
3.846273600000000e+02 -7.496039797562662e+01
3.847100400000000e+02 -7.496039797562644e+01
3.847927200000000e+02 -7.496039797562645e+01
3.848754000000000e+02 -7.496039797562624e+01
3.849580800000000e+02 -7.496039797562581e+01
3.850407600000000e+02 -7.496039797562558e+01
3.851234400000000e+02 -7.496039797562558e+01
3.852061200000000e+02 -7.496039797562536e+01
3.852888000000000e+02 -7.496039797562496e+01
3.853714800000000e+02 -7.496039797562480e+01
3.854541600000000e+02 -7.496039797562474e+01
3.855368400000000e+02 -7.496039797562467e+01
3.856195200000000e+02 -7.496039797562428e+01
3.857022000000000e+02 -7.496039797562403e+01
3.857848800000000e+02 -7.496039797562406e+01
3.858675600000000e+02 -7.496039797562391e+01
3.859502400000000e+02 -7.496039797562352e+01
3.860329200000000e+02 -7.496039797562338e+01
3.861156000000000e+02 -7.496039797562347e+01
3.861982800000000e+02 -7.496039797562329e+01
3.862809600000000e+02 -7.496039797562283e+01
3.863636400000000e+02 -7.496039797562257e+01
3.864463200000000e+02 -7.496039797562268e+01
3.865290000000000e+02 -7.496039797562237e+01
3.866116800000000e+02 -7.496039797562189e+01
3.866943600000000e+02 -7.496039797562173e+01
3.867770400000000e+02 -7.496039797562182e+01
3.868597200000000e+02 -7.496039797562148e+01
3.869424000000000e+02 -7.496039797562099e+01
3.870250800000000e+02 -7.496039797562092e+01
3.871077600000000e+02 -7.496039797562095e+01
3.871904400000000e+02 -7.496039797562065e+01
3.872731200000000e+02 -7.496039797562015e+01
3.873558000000000e+02 -7.496039797562014e+01
3.874384800000000e+02 -7.496039797562014e+01
3.875211600000000e+02 -7.496039797561977e+01
3.876038400000000e+02 -7.496039797561929e+01
3.876865200000000e+02 -7.496039797561917e+01
3.877692000000000e+02 -7.496039797561910e+01
3.878518800000000e+02 -7.496039797561873e+01
3.879345600000000e+02 -7.496039797561826e+01
3.880172400000000e+02 -7.496039797561812e+01
3.880999200000000e+02 -7.496039797561801e+01
3.881826000000000e+02 -7.496039797561762e+01
3.882652800000000e+02 -7.496039797561718e+01
3.883479600000000e+02 -7.496039797561707e+01
3.884306400000000e+02 -7.496039797561708e+01
3.885133200000000e+02 -7.496039797561664e+01
3.885960000000000e+02 -7.496039797561616e+01
3.886786800000000e+02 -7.496039797561599e+01
3.887613600000000e+02 -7.496039797561592e+01
3.888440400000000e+02 -7.496039797561542e+01
3.889267200000000e+02 -7.496039797561494e+01
3.890094000000000e+02 -7.496039797561482e+01
3.890920800000000e+02 -7.496039797561473e+01
3.891747600000000e+02 -7.496039797561420e+01
3.892574400000000e+02 -7.496039797561370e+01
3.893401200000000e+02 -7.496039797561367e+01
3.894228000000000e+02 -7.496039797561355e+01
3.895054800000000e+02 -7.496039797561293e+01
3.895881600000000e+02 -7.496039797561245e+01
3.896708400000000e+02 -7.496039797561239e+01
3.897535200000000e+02 -7.496039797561208e+01
3.898362000000000e+02 -7.496039797561146e+01
3.899188800000000e+02 -7.496039797561100e+01
3.900015600000000e+02 -7.496039797561097e+01
3.900842400000000e+02 -7.496039797561065e+01
3.901669200000000e+02 -7.496039797560996e+01
3.902496000000000e+02 -7.496039797560960e+01
3.903322800000000e+02 -7.496039797560955e+01
3.904149600000000e+02 -7.496039797560911e+01
3.904976400000000e+02 -7.496039797560833e+01
3.905803200000000e+02 -7.496039797560802e+01
3.906630000000000e+02 -7.496039797560788e+01
3.907456800000000e+02 -7.496039797560739e+01
3.908283600000000e+02 -7.496039797560665e+01
3.909110400000000e+02 -7.496039797560634e+01
3.909937200000000e+02 -7.496039797560610e+01
3.910764000000000e+02 -7.496039797560549e+01
3.911590800000000e+02 -7.496039797560476e+01
3.912417600000000e+02 -7.496039797560445e+01
3.913244400000000e+02 -7.496039797560420e+01
3.914071200000000e+02 -7.496039797560358e+01
3.914898000000000e+02 -7.496039797560296e+01
3.915724800000000e+02 -7.496039797558913e+01
3.916551600000000e+02 -7.496039797558353e+01
3.917378400000000e+02 -7.496039797558292e+01
3.918205200000000e+02 -7.496039797558227e+01
3.919032000000000e+02 -7.496039797556679e+01
3.919858800000000e+02 -7.496039797556087e+01
3.920685600000000e+02 -7.496039797556021e+01
3.921512400000000e+02 -7.496039797555957e+01
3.922339200000000e+02 -7.496039797554356e+01
3.923166000000000e+02 -7.496039797553779e+01
3.923992800000000e+02 -7.496039797553703e+01
3.924819600000000e+02 -7.496039797553631e+01
3.925646400000000e+02 -7.496039797552196e+01
3.926473200000000e+02 -7.496039797552164e+01
3.927300000000000e+02 -7.496039797552083e+01
3.928126800000000e+02 -7.496039797552021e+01
3.928953600000000e+02 -7.496039797550934e+01
3.929780400000000e+02 -7.496039797550893e+01
3.930607200000000e+02 -7.496039797550813e+01
3.931434000000000e+02 -7.496039797550762e+01
3.932260800000000e+02 -7.496039797550753e+01
3.933087600000000e+02 -7.496039797550708e+01
3.933914400000000e+02 -7.496039797550634e+01
3.934741200000000e+02 -7.496039797550588e+01
3.935568000000000e+02 -7.496039797550577e+01
3.936394800000000e+02 -7.496039797550523e+01
3.937221600000000e+02 -7.496039797550452e+01
3.938048400000000e+02 -7.496039797550424e+01
3.938875200000000e+02 -7.496039797550407e+01
3.939702000000000e+02 -7.496039797550360e+01
3.940528800000000e+02 -7.496039797550293e+01
3.941355600000000e+02 -7.496039797550272e+01
3.942182400000000e+02 -7.496039797550253e+01
3.943009200000000e+02 -7.496039797550196e+01
3.943836000000000e+02 -7.496039797550135e+01
3.944662800000000e+02 -7.496039797550111e+01
3.945489600000000e+02 -7.496039797550090e+01
3.946316400000000e+02 -7.496039797550043e+01
3.947143200000000e+02 -7.496039797549984e+01
3.947970000000000e+02 -7.496039797549960e+01
3.948796800000000e+02 -7.496039797549942e+01
3.949623600000000e+02 -7.496039797549896e+01
3.950450400000000e+02 -7.496039797549842e+01
3.951277200000000e+02 -7.496039797549822e+01
3.952104000000000e+02 -7.496039797549808e+01
3.952930800000000e+02 -7.496039797549759e+01
3.953757600000000e+02 -7.496039797549703e+01
3.954584400000000e+02 -7.496039797549692e+01
3.955411200000000e+02 -7.496039797549683e+01
3.956238000000000e+02 -7.496039797549629e+01
3.957064800000000e+02 -7.496039797549575e+01
3.957891600000000e+02 -7.496039797549570e+01
3.958718400000000e+02 -7.496039797549562e+01
3.959545200000000e+02 -7.496039797549506e+01
3.960372000000000e+02 -7.496039797549467e+01
3.961198800000000e+02 -7.496039797549473e+01
3.962025600000000e+02 -7.496039797549453e+01
3.962852400000000e+02 -7.496039797549396e+01
3.963679200000000e+02 -7.496039797549363e+01
3.964506000000000e+02 -7.496039797549371e+01
3.965332800000000e+02 -7.496039797549344e+01
3.966159600000000e+02 -7.496039797549288e+01
3.966986400000000e+02 -7.496039797549260e+01
3.967813200000000e+02 -7.496039797549267e+01
3.968640000000000e+02 -7.496039797549240e+01
3.969466800000000e+02 -7.496039797549187e+01
3.970293600000000e+02 -7.496039797549163e+01
3.971120400000000e+02 -7.496039797549160e+01
3.971947200000000e+02 -7.496039797549136e+01
3.972774000000000e+02 -7.496039797549092e+01
3.973600800000000e+02 -7.496039797549079e+01
3.974427600000000e+02 -7.496039797549074e+01
3.975254400000000e+02 -7.496039797549051e+01
3.976081200000000e+02 -7.496039797549000e+01
3.976908000000000e+02 -7.496039797548984e+01
3.977734800000000e+02 -7.496039797548983e+01
3.978561600000000e+02 -7.496039797548964e+01
3.979388400000000e+02 -7.496039797548923e+01
3.980215200000000e+02 -7.496039797548904e+01
3.981042000000000e+02 -7.496039797548910e+01
3.981868800000000e+02 -7.496039797548899e+01
3.982695600000000e+02 -7.496039797548856e+01
3.983522400000000e+02 -7.496039797548841e+01
3.984349200000000e+02 -7.496039797548852e+01
3.985176000000000e+02 -7.496039797548828e+01
3.986002800000000e+02 -7.496039797548785e+01
3.986829600000000e+02 -7.496039797548769e+01
3.987656400000000e+02 -7.496039797548781e+01
3.988483200000000e+02 -7.496039797548742e+01
3.989310000000000e+02 -7.496039797548704e+01
3.990136800000000e+02 -7.496039797548696e+01
3.990963600000000e+02 -7.496039797548697e+01
3.991790400000000e+02 -7.496039797548653e+01
3.992617200000000e+02 -7.496039797548610e+01
3.993444000000000e+02 -7.496039797548606e+01
3.994270800000000e+02 -7.496039797548603e+01
3.995097600000000e+02 -7.496039797548561e+01
3.995924400000000e+02 -7.496039797548512e+01
3.996751200000000e+02 -7.496039797548507e+01
3.997578000000000e+02 -7.496039797548494e+01
3.998404800000000e+02 -7.496039797548458e+01
3.999231600000000e+02 -7.496039797548416e+01
4.000058400000000e+02 -7.496039797548407e+01
4.000885200000000e+02 -7.496039797548386e+01
4.001712000000000e+02 -7.496039797548352e+01
4.002538800000000e+02 -7.496039797548303e+01
4.003365600000000e+02 -7.496039797548293e+01
4.004192400000000e+02 -7.496039797548283e+01
4.005019200000000e+02 -7.496039797548241e+01
4.005846000000000e+02 -7.496039797548197e+01
4.006672800000000e+02 -7.496039797548178e+01
4.007499600000000e+02 -7.496039797548180e+01
4.008326400000000e+02 -7.496039797548137e+01
4.009153200000000e+02 -7.496039797548090e+01
4.009980000000000e+02 -7.496039797548077e+01
4.010806800000000e+02 -7.496039797548080e+01
4.011633600000000e+02 -7.496039797548032e+01
4.012460400000000e+02 -7.496039797547986e+01
4.013287200000000e+02 -7.496039797547981e+01
4.014114000000000e+02 -7.496039797547974e+01
4.014940800000000e+02 -7.496039797547918e+01
4.015767600000000e+02 -7.496039797547870e+01
4.016594400000000e+02 -7.496039797547878e+01
4.017421200000000e+02 -7.496039797547863e+01
4.018248000000000e+02 -7.496039797547816e+01
4.019074800000000e+02 -7.496039797547773e+01
4.019901600000000e+02 -7.496039797547789e+01
4.020728400000000e+02 -7.496039797547775e+01
4.021555200000000e+02 -7.496039797547718e+01
4.022382000000000e+02 -7.496039797547682e+01
4.023208800000000e+02 -7.496039797547692e+01
4.024035600000000e+02 -7.496039797547671e+01
4.024862400000000e+02 -7.496039797547620e+01
4.025689200000000e+02 -7.496039797547590e+01
4.026516000000000e+02 -7.496039797547594e+01
4.027342800000000e+02 -7.496039797547577e+01
4.028169600000000e+02 -7.496039797547523e+01
4.028996400000000e+02 -7.496039797547489e+01
4.029823200000000e+02 -7.496039797547490e+01
4.030650000000000e+02 -7.496039797547468e+01
4.031476800000000e+02 -7.496039797547409e+01
4.032303600000000e+02 -7.496039797547382e+01
4.033130400000000e+02 -7.496039797547375e+01
4.033957200000000e+02 -7.496039797547354e+01
4.034784000000000e+02 -7.496039797547300e+01
4.035610800000000e+02 -7.496039797547272e+01
4.036437600000000e+02 -7.496039797547262e+01
4.037264400000000e+02 -7.496039797547232e+01
4.038091200000000e+02 -7.496039797547175e+01
4.038918000000000e+02 -7.496039797547142e+01
4.039744800000000e+02 -7.496039797547141e+01
4.040571600000000e+02 -7.496039797547100e+01
4.041398400000000e+02 -7.496039797547036e+01
4.042225200000000e+02 -7.496039797547003e+01
4.043052000000000e+02 -7.496039797546999e+01
4.043878800000000e+02 -7.496039797546953e+01
4.044705600000000e+02 -7.496039797546884e+01
4.045532400000000e+02 -7.496039797546858e+01
4.046359200000000e+02 -7.496039797546851e+01
4.047186000000000e+02 -7.496039797546798e+01
4.048012800000000e+02 -7.496039797546732e+01
4.048839600000000e+02 -7.496039797546710e+01
4.049666400000000e+02 -7.496039797546699e+01
4.050493200000000e+02 -7.496039797546635e+01
4.051320000000000e+02 -7.496039797546565e+01
4.052146800000000e+02 -7.496039797546551e+01
4.052973600000000e+02 -7.496039797546533e+01
4.053800400000000e+02 -7.496039797546464e+01
4.054627200000000e+02 -7.496039797546399e+01
4.055454000000000e+02 -7.496039797546389e+01
4.056280800000000e+02 -7.496039797546361e+01
4.057107600000000e+02 -7.496039797546290e+01
4.057934400000000e+02 -7.496039797546234e+01
4.058761200000000e+02 -7.496039797546214e+01
4.059588000000000e+02 -7.496039797546180e+01
4.060414800000000e+02 -7.496039797546105e+01
4.061241600000000e+02 -7.496039797546062e+01
4.062068400000000e+02 -7.496039797545441e+01
4.062895200000000e+02 -7.496039797545403e+01
4.063722000000000e+02 -7.496039797545335e+01
4.064548800000000e+02 -7.496039797545292e+01
4.065375600000000e+02 -7.496039797544593e+01
4.066202400000000e+02 -7.496039797544549e+01
4.067029200000000e+02 -7.496039797544481e+01
4.067856000000000e+02 -7.496039797542782e+01
4.068682800000000e+02 -7.496039797542036e+01
4.069509600000000e+02 -7.496039797541994e+01
4.070336400000000e+02 -7.496039797541930e+01
4.071163200000000e+02 -7.496039797540065e+01
4.071990000000000e+02 -7.496039797539366e+01
4.072816800000000e+02 -7.496039797539321e+01
4.073643600000000e+02 -7.496039797539250e+01
4.074470400000000e+02 -7.496039797537270e+01
4.075297200000000e+02 -7.496039797536726e+01
4.076124000000000e+02 -7.496039797536672e+01
4.076950800000000e+02 -7.496039797536596e+01
4.077777600000000e+02 -7.496039797534681e+01
4.078604400000000e+02 -7.496039797534664e+01
4.079431200000000e+02 -7.496039797534607e+01
4.080258000000000e+02 -7.496039797534534e+01
4.081084800000000e+02 -7.496039797534513e+01
4.081911600000000e+02 -7.496039797534500e+01
4.082738400000000e+02 -7.496039797534434e+01
4.083565200000000e+02 -7.496039797534367e+01
4.084392000000000e+02 -7.496039797534355e+01
4.085218800000000e+02 -7.496039797534333e+01
4.086045600000000e+02 -7.496039797534257e+01
4.086872400000000e+02 -7.496039797534200e+01
4.087699200000000e+02 -7.496039797534198e+01
4.088526000000000e+02 -7.496039797534161e+01
4.089352800000000e+02 -7.496039797534098e+01
4.090179600000000e+02 -7.496039797534044e+01
4.091006400000000e+02 -7.496039797534036e+01
4.091833200000000e+02 -7.496039797533994e+01
4.092660000000000e+02 -7.496039797533928e+01
4.093486800000000e+02 -7.496039797533886e+01
4.094313600000000e+02 -7.496039797533874e+01
4.095140400000000e+02 -7.496039797533841e+01
4.095967200000000e+02 -7.496039797533781e+01
4.096794000000000e+02 -7.496039797533744e+01
4.097620800000000e+02 -7.496039797533727e+01
4.098447600000000e+02 -7.496039797533692e+01
4.099274400000000e+02 -7.496039797533631e+01
4.100101200000000e+02 -7.496039797533599e+01
4.100928000000000e+02 -7.496039797533592e+01
4.101754800000000e+02 -7.496039797533561e+01
4.102581600000000e+02 -7.496039797533503e+01
4.103408400000000e+02 -7.496039797533471e+01
4.104235200000000e+02 -7.496039797533469e+01
4.105062000000000e+02 -7.496039797533433e+01
4.105888800000000e+02 -7.496039797533373e+01
4.106715600000000e+02 -7.496039797533348e+01
4.107542400000000e+02 -7.496039797533355e+01
4.108369200000000e+02 -7.496039797533311e+01
4.109196000000000e+02 -7.496039797533255e+01
4.110022800000000e+02 -7.496039797533240e+01
4.110849600000000e+02 -7.496039797533250e+01
4.111676400000000e+02 -7.496039797533203e+01
4.112503200000000e+02 -7.496039797533155e+01
4.113330000000000e+02 -7.496039797533146e+01
4.114156800000000e+02 -7.496039797533143e+01
4.114983600000000e+02 -7.496039797533095e+01
4.115810400000000e+02 -7.496039797533051e+01
4.116637200000000e+02 -7.496039797533047e+01
4.117464000000000e+02 -7.496039797533038e+01
4.118290800000000e+02 -7.496039797532985e+01
4.119117600000000e+02 -7.496039797532939e+01
4.119944400000000e+02 -7.496039797532937e+01
4.120771200000000e+02 -7.496039797532916e+01
4.121598000000000e+02 -7.496039797532880e+01
4.122424800000000e+02 -7.496039797532839e+01
4.123251600000000e+02 -7.496039797532841e+01
4.124078400000000e+02 -7.496039797532823e+01
4.124905200000000e+02 -7.496039797532784e+01
4.125732000000000e+02 -7.496039797532742e+01
4.126558800000000e+02 -7.496039797532735e+01
4.127385600000000e+02 -7.496039797532724e+01
4.128212400000000e+02 -7.496039797532679e+01
4.129039200000000e+02 -7.496039797532636e+01
4.129866000000000e+02 -7.496039797532629e+01
4.130692800000000e+02 -7.496039797532622e+01
4.131519600000000e+02 -7.496039797532566e+01
4.132346400000000e+02 -7.496039797532524e+01
4.133173200000000e+02 -7.496039797532518e+01
4.134000000000000e+02 -7.496039797532514e+01
4.134826800000000e+02 -7.496039797532464e+01
4.135653600000000e+02 -7.496039797532424e+01
4.136480400000000e+02 -7.496039797532424e+01
4.137307200000000e+02 -7.496039797532414e+01
4.138134000000000e+02 -7.496039797532357e+01
4.138960800000000e+02 -7.496039797532320e+01
4.139787600000000e+02 -7.496039797532329e+01
4.140614400000000e+02 -7.496039797532309e+01
4.141441200000000e+02 -7.496039797532255e+01
4.142268000000000e+02 -7.496039797532224e+01
4.143094800000000e+02 -7.496039797532237e+01
4.143921600000000e+02 -7.496039797532221e+01
4.144748400000000e+02 -7.496039797532181e+01
4.145575200000000e+02 -7.496039797532160e+01
4.146402000000000e+02 -7.496039797532170e+01
4.147228800000000e+02 -7.496039797532138e+01
4.148055600000000e+02 -7.496039797532100e+01
4.148882400000000e+02 -7.496039797532079e+01
4.149709200000000e+02 -7.496039797532075e+01
4.150536000000000e+02 -7.496039797532055e+01
4.151362800000000e+02 -7.496039797532015e+01
4.152189600000000e+02 -7.496039797531999e+01
4.153016400000000e+02 -7.496039797531994e+01
4.153843200000000e+02 -7.496039797531975e+01
4.154670000000000e+02 -7.496039797531935e+01
4.155496800000000e+02 -7.496039797531920e+01
4.156323600000000e+02 -7.496039797531917e+01
4.157150400000000e+02 -7.496039797531903e+01
4.157977200000000e+02 -7.496039797531860e+01
4.158804000000000e+02 -7.496039797531837e+01
4.159630800000000e+02 -7.496039797531841e+01
4.160457600000000e+02 -7.496039797531826e+01
4.161284400000000e+02 -7.496039797531779e+01
4.162111200000000e+02 -7.496039797531755e+01
4.162938000000000e+02 -7.496039797531763e+01
4.163764800000000e+02 -7.496039797531739e+01
4.164591600000000e+02 -7.496039797531685e+01
4.165418400000000e+02 -7.496039797531662e+01
4.166245200000000e+02 -7.496039797531668e+01
4.167072000000000e+02 -7.496039797531634e+01
4.167898800000000e+02 -7.496039797531581e+01
4.168725600000000e+02 -7.496039797531574e+01
4.169552400000000e+02 -7.496039797531583e+01
4.170379200000000e+02 -7.496039797531539e+01
4.171206000000000e+02 -7.496039797531488e+01
4.172032800000000e+02 -7.496039797531485e+01
4.172859600000000e+02 -7.496039797531486e+01
4.173686400000000e+02 -7.496039797531438e+01
4.174513200000000e+02 -7.496039797531391e+01
4.175340000000000e+02 -7.496039797531392e+01
4.176166800000000e+02 -7.496039797531381e+01
4.176993600000000e+02 -7.496039797531334e+01
4.177820400000000e+02 -7.496039797531290e+01
4.178647200000000e+02 -7.496039797531282e+01
4.179474000000000e+02 -7.496039797531273e+01
4.180300800000000e+02 -7.496039797531228e+01
4.181127600000000e+02 -7.496039797531185e+01
4.181954400000000e+02 -7.496039797531168e+01
4.182781200000000e+02 -7.496039797531157e+01
4.183608000000000e+02 -7.496039797531110e+01
4.184434800000000e+02 -7.496039797531060e+01
4.185261600000000e+02 -7.496039797531043e+01
4.186088400000000e+02 -7.496039797531036e+01
4.186915200000000e+02 -7.496039797530980e+01
4.187742000000000e+02 -7.496039797530928e+01
4.188568800000000e+02 -7.496039797530915e+01
4.189395600000000e+02 -7.496039797530902e+01
4.190222400000000e+02 -7.496039797530850e+01
4.191049200000000e+02 -7.496039797530800e+01
4.191876000000000e+02 -7.496039797530780e+01
4.192702800000000e+02 -7.496039797530764e+01
4.193529600000000e+02 -7.496039797530702e+01
4.194356400000000e+02 -7.496039797530641e+01
4.195183200000000e+02 -7.496039797530636e+01
4.196010000000000e+02 -7.496039797530612e+01
4.196836800000000e+02 -7.496039797530544e+01
4.197663600000000e+02 -7.496039797530494e+01
4.198490400000000e+02 -7.496039797530490e+01
4.199317200000000e+02 -7.496039797530452e+01
4.200144000000000e+02 -7.496039797530375e+01
4.200970800000000e+02 -7.496039797530334e+01
4.201797600000000e+02 -7.496039797530334e+01
4.202624400000000e+02 -7.496039797530284e+01
4.203451200000000e+02 -7.496039797530212e+01
4.204278000000000e+02 -7.496039797530172e+01
4.205104800000000e+02 -7.496039797530165e+01
4.205931600000000e+02 -7.496039797530109e+01
4.206758400000000e+02 -7.496039797530030e+01
4.207585200000000e+02 -7.496039797530003e+01
4.208412000000000e+02 -7.496039797529986e+01
4.209238800000000e+02 -7.496039797529919e+01
4.210065600000000e+02 -7.496039797529851e+01
4.210892400000000e+02 -7.496039797528674e+01
4.211719200000000e+02 -7.496039797528650e+01
4.212546000000000e+02 -7.496039797528579e+01
4.213372800000000e+02 -7.496039797528503e+01
4.214199600000000e+02 -7.496039797527364e+01
4.215026400000000e+02 -7.496039797526876e+01
4.215853200000000e+02 -7.496039797526807e+01
4.216680000000000e+02 -7.496039797526740e+01
4.217506800000000e+02 -7.496039797525474e+01
4.218333600000000e+02 -7.496039797524864e+01
4.219160400000000e+02 -7.496039797524793e+01
4.219987200000000e+02 -7.496039797524725e+01
4.220814000000000e+02 -7.496039797523318e+01
4.221640800000000e+02 -7.496039797522637e+01
4.222467600000000e+02 -7.496039797522556e+01
4.223294400000000e+02 -7.496039797522491e+01
4.224121200000000e+02 -7.496039797521121e+01
4.224948000000000e+02 -7.496039797521094e+01
4.225774800000000e+02 -7.496039797521024e+01
4.226601600000000e+02 -7.496039797520966e+01
4.227428400000000e+02 -7.496039797519821e+01
4.228255200000000e+02 -7.496039797519781e+01
4.229082000000000e+02 -7.496039797519705e+01
4.229908800000000e+02 -7.496039797519649e+01
4.230735600000000e+02 -7.496039797519637e+01
4.231562400000000e+02 -7.496039797519580e+01
4.232389200000000e+02 -7.496039797519506e+01
4.233216000000000e+02 -7.496039797519464e+01
4.234042800000000e+02 -7.496039797519454e+01
4.234869600000000e+02 -7.496039797519397e+01
4.235696400000000e+02 -7.496039797519326e+01
4.236523200000000e+02 -7.496039797519296e+01
4.237350000000000e+02 -7.496039797519285e+01
4.238176800000000e+02 -7.496039797519232e+01
4.239003600000000e+02 -7.496039797519168e+01
4.239830400000000e+02 -7.496039797519150e+01
4.240657200000000e+02 -7.496039797519128e+01
4.241484000000000e+02 -7.496039797519073e+01
4.242310800000000e+02 -7.496039797519016e+01
4.243137600000000e+02 -7.496039797519003e+01
4.243964400000000e+02 -7.496039797518975e+01
4.244791200000000e+02 -7.496039797518921e+01
4.245618000000000e+02 -7.496039797518867e+01
4.246444800000000e+02 -7.496039797518853e+01
4.247271600000000e+02 -7.496039797518823e+01
4.248098400000000e+02 -7.496039797518773e+01
4.248925200000000e+02 -7.496039797518718e+01
4.249752000000000e+02 -7.496039797518702e+01
4.250578800000000e+02 -7.496039797518689e+01
4.251405600000000e+02 -7.496039797518637e+01
4.252232400000000e+02 -7.496039797518597e+01
4.253059200000000e+02 -7.496039797518580e+01
4.253886000000000e+02 -7.496039797518569e+01
4.254712800000000e+02 -7.496039797518516e+01
4.255539600000000e+02 -7.496039797518469e+01
4.256366400000000e+02 -7.496039797518459e+01
4.257193200000000e+02 -7.496039797518448e+01
4.258020000000000e+02 -7.496039797518389e+01
4.258846800000000e+02 -7.496039797518351e+01
4.259673600000000e+02 -7.496039797518362e+01
4.260500400000000e+02 -7.496039797518347e+01
4.261327200000000e+02 -7.496039797518296e+01
4.262154000000000e+02 -7.496039797518259e+01
4.262980800000000e+02 -7.496039797518266e+01
4.263807600000000e+02 -7.496039797518245e+01
4.264634400000000e+02 -7.496039797518192e+01
4.265461200000000e+02 -7.496039797518169e+01
4.266288000000000e+02 -7.496039797518178e+01
4.267114800000000e+02 -7.496039797518151e+01
4.267941600000000e+02 -7.496039797518102e+01
4.268768400000000e+02 -7.496039797518085e+01
4.269595200000000e+02 -7.496039797518088e+01
4.270422000000000e+02 -7.496039797518053e+01
4.271248800000000e+02 -7.496039797518009e+01
4.272075600000000e+02 -7.496039797518000e+01
4.272902400000000e+02 -7.496039797517999e+01
4.273729200000000e+02 -7.496039797517977e+01
4.274556000000000e+02 -7.496039797517932e+01
4.275382800000000e+02 -7.496039797517919e+01
4.276209600000000e+02 -7.496039797517916e+01
4.277036400000000e+02 -7.496039797517902e+01
4.277863200000000e+02 -7.496039797517862e+01
4.278690000000000e+02 -7.496039797517844e+01
4.279516800000000e+02 -7.496039797517842e+01
4.280343600000000e+02 -7.496039797517825e+01
4.281170400000000e+02 -7.496039797517787e+01
4.281997200000000e+02 -7.496039797517771e+01
4.282824000000000e+02 -7.496039797517780e+01
4.283650800000000e+02 -7.496039797517750e+01
4.284477600000000e+02 -7.496039797517714e+01
4.285304400000000e+02 -7.496039797517702e+01
4.286131200000000e+02 -7.496039797517716e+01
4.286958000000000e+02 -7.496039797517680e+01
4.287784800000000e+02 -7.496039797517636e+01
4.288611600000000e+02 -7.496039797517632e+01
4.289438400000000e+02 -7.496039797517643e+01
4.290265200000000e+02 -7.496039797517609e+01
4.291092000000000e+02 -7.496039797517568e+01
4.291918800000000e+02 -7.496039797517562e+01
4.292745600000000e+02 -7.496039797517568e+01
4.293572400000000e+02 -7.496039797517528e+01
4.294399200000000e+02 -7.496039797517490e+01
4.295226000000000e+02 -7.496039797517491e+01
4.296052800000000e+02 -7.496039797517487e+01
4.296879600000000e+02 -7.496039797517450e+01
4.297706400000000e+02 -7.496039797517406e+01
4.298533200000000e+02 -7.496039797517409e+01
4.299360000000000e+02 -7.496039797517392e+01
4.300186800000000e+02 -7.496039797517354e+01
4.301013600000000e+02 -7.496039797517318e+01
4.301840400000000e+02 -7.496039797517309e+01
4.302667200000000e+02 -7.496039797517295e+01
4.303494000000000e+02 -7.496039797517260e+01
4.304320800000000e+02 -7.496039797517211e+01
4.305147600000000e+02 -7.496039797517203e+01
4.305974400000000e+02 -7.496039797517194e+01
4.306801200000000e+02 -7.496039797517156e+01
4.307628000000000e+02 -7.496039797517112e+01
4.308454800000000e+02 -7.496039797517103e+01
4.309281600000000e+02 -7.496039797517103e+01
4.310108400000000e+02 -7.496039797517059e+01
4.310935200000000e+02 -7.496039797517012e+01
4.311762000000000e+02 -7.496039797517008e+01
4.312588800000000e+02 -7.496039797517007e+01
4.313415600000000e+02 -7.496039797516954e+01
4.314242400000000e+02 -7.496039797516907e+01
4.315069200000000e+02 -7.496039797516909e+01
4.315896000000000e+02 -7.496039797516893e+01
4.316722800000000e+02 -7.496039797516839e+01
4.317549600000000e+02 -7.496039797516795e+01
4.318376400000000e+02 -7.496039797516804e+01
4.319203200000000e+02 -7.496039797516788e+01
4.320030000000000e+02 -7.496039797516728e+01
4.320856800000000e+02 -7.496039797516697e+01
4.321683600000000e+02 -7.496039797516708e+01
4.322510400000000e+02 -7.496039797516690e+01
4.323337200000000e+02 -7.496039797516627e+01
4.324164000000000e+02 -7.496039797516599e+01
4.324990800000000e+02 -7.496039797516610e+01
4.325817600000000e+02 -7.496039797516586e+01
4.326644400000000e+02 -7.496039797516525e+01
4.327471200000000e+02 -7.496039797516495e+01
4.328298000000000e+02 -7.496039797516492e+01
4.329124800000000e+02 -7.496039797516467e+01
4.329951600000000e+02 -7.496039797516403e+01
4.330778400000000e+02 -7.496039797516379e+01
4.331605200000000e+02 -7.496039797516376e+01
4.332432000000000e+02 -7.496039797516347e+01
4.333258800000000e+02 -7.496039797516276e+01
4.334085600000000e+02 -7.496039797516256e+01
4.334912400000000e+02 -7.496039797516251e+01
4.335739200000000e+02 -7.496039797516207e+01
4.336566000000000e+02 -7.496039797516146e+01
4.337392800000000e+02 -7.496039797516114e+01
4.338219600000000e+02 -7.496039797516104e+01
4.339046400000000e+02 -7.496039797516057e+01
4.339873200000000e+02 -7.496039797515996e+01
4.340700000000000e+02 -7.496039797515962e+01
4.341526800000000e+02 -7.496039797515958e+01
4.342353600000000e+02 -7.496039797515905e+01
4.343180400000000e+02 -7.496039797515841e+01
4.344007200000000e+02 -7.496039797515809e+01
4.344834000000000e+02 -7.496039797515792e+01
4.345660800000000e+02 -7.496039797515728e+01
4.346487600000000e+02 -7.496039797515654e+01
4.347314400000000e+02 -7.496039797515630e+01
4.348141200000000e+02 -7.496039797515610e+01
4.348968000000000e+02 -7.496039797515536e+01
4.349794800000000e+02 -7.496039797515465e+01
4.350621600000000e+02 -7.496039797515451e+01
4.351448400000000e+02 -7.496039797515422e+01
4.352275200000000e+02 -7.496039797515344e+01
4.353102000000000e+02 -7.496039797515276e+01
4.353928800000000e+02 -7.496039797515267e+01
4.354755600000000e+02 -7.496039797515226e+01
4.355582400000000e+02 -7.496039797515151e+01
4.356409200000000e+02 -7.496039797515091e+01
4.357236000000000e+02 -7.496039797514503e+01
4.358062800000000e+02 -7.496039797514460e+01
4.358889600000000e+02 -7.496039797514386e+01
4.359716400000000e+02 -7.496039797514339e+01
4.360543200000000e+02 -7.496039797513812e+01
4.361370000000000e+02 -7.496039797513762e+01
4.362196800000000e+02 -7.496039797513686e+01
4.363023600000000e+02 -7.496039797512012e+01
4.363850400000000e+02 -7.496039797511435e+01
4.364677200000000e+02 -7.496039797511379e+01
4.365504000000000e+02 -7.496039797511307e+01
4.366330800000000e+02 -7.496039797509729e+01
4.367157600000000e+02 -7.496039797509064e+01
4.367984400000000e+02 -7.496039797509012e+01
4.368811200000000e+02 -7.496039797508944e+01
4.369638000000000e+02 -7.496039797507295e+01
4.370464800000000e+02 -7.496039797506607e+01
4.371291600000000e+02 -7.496039797506555e+01
4.372118400000000e+02 -7.496039797506488e+01
4.372945200000000e+02 -7.496039797504716e+01
4.373772000000000e+02 -7.496039797504093e+01
4.374598800000000e+02 -7.496039797504041e+01
4.375425600000000e+02 -7.496039797503974e+01
4.376252400000000e+02 -7.496039797502193e+01
4.377079200000000e+02 -7.496039797502178e+01
4.377906000000000e+02 -7.496039797502115e+01
4.378732800000000e+02 -7.496039797502047e+01
4.379559600000000e+02 -7.496039797502026e+01
4.380386400000000e+02 -7.496039797502007e+01
4.381213200000000e+02 -7.496039797501945e+01
4.382040000000000e+02 -7.496039797501879e+01
4.382866800000000e+02 -7.496039797501865e+01
4.383693600000000e+02 -7.496039797501847e+01
4.384520400000000e+02 -7.496039797501781e+01
4.385347200000000e+02 -7.496039797501724e+01
4.386174000000000e+02 -7.496039797501719e+01
4.387000800000000e+02 -7.496039797501685e+01
4.387827600000000e+02 -7.496039797501618e+01
4.388654400000000e+02 -7.496039797501572e+01
4.389481200000000e+02 -7.496039797501565e+01
4.390308000000000e+02 -7.496039797501533e+01
4.391134800000000e+02 -7.496039797501474e+01
4.391961600000000e+02 -7.496039797501442e+01
4.392788400000000e+02 -7.496039797501437e+01
4.393615200000000e+02 -7.496039797501403e+01
4.394442000000000e+02 -7.496039797501341e+01
4.395268800000000e+02 -7.496039797501311e+01
4.396095600000000e+02 -7.496039797501300e+01
4.396922400000000e+02 -7.496039797501268e+01
4.397749200000000e+02 -7.496039797501213e+01
4.398576000000000e+02 -7.496039797501186e+01
4.399402800000000e+02 -7.496039797501173e+01
4.400229600000000e+02 -7.496039797501140e+01
4.401056400000000e+02 -7.496039797501085e+01
4.401883200000000e+02 -7.496039797501062e+01
4.402710000000000e+02 -7.496039797501057e+01
4.403536800000000e+02 -7.496039797501017e+01
4.404363600000000e+02 -7.496039797500964e+01
4.405190400000000e+02 -7.496039797500937e+01
4.406017200000000e+02 -7.496039797500936e+01
4.406844000000000e+02 -7.496039797500899e+01
4.407670800000000e+02 -7.496039797500850e+01
4.408497600000000e+02 -7.496039797500841e+01
4.409324400000000e+02 -7.496039797500845e+01
4.410151200000000e+02 -7.496039797500802e+01
4.410978000000000e+02 -7.496039797500757e+01
4.411804800000000e+02 -7.496039797500752e+01
4.412631600000000e+02 -7.496039797500747e+01
4.413458400000000e+02 -7.496039797500700e+01
4.414285200000000e+02 -7.496039797500659e+01
4.415112000000000e+02 -7.496039797500654e+01
4.415938800000000e+02 -7.496039797500653e+01
4.416765600000000e+02 -7.496039797500610e+01
4.417592400000000e+02 -7.496039797500572e+01
4.418419200000000e+02 -7.496039797500575e+01
4.419246000000000e+02 -7.496039797500558e+01
4.420072800000000e+02 -7.496039797500516e+01
4.420899600000000e+02 -7.496039797500478e+01
4.421726400000000e+02 -7.496039797500480e+01
4.422553200000000e+02 -7.496039797500460e+01
4.423380000000000e+02 -7.496039797500418e+01
4.424206800000000e+02 -7.496039797500383e+01
4.425033600000000e+02 -7.496039797500376e+01
4.425860400000000e+02 -7.496039797500362e+01
4.426687200000000e+02 -7.496039797500320e+01
4.427514000000000e+02 -7.496039797500281e+01
4.428340800000000e+02 -7.496039797500268e+01
4.429167600000000e+02 -7.496039797500262e+01
4.429994400000000e+02 -7.496039797500218e+01
4.430821200000000e+02 -7.496039797500181e+01
4.431648000000000e+02 -7.496039797500170e+01
4.432474800000000e+02 -7.496039797500165e+01
4.433301600000000e+02 -7.496039797500116e+01
4.434128400000000e+02 -7.496039797500077e+01
4.434955200000000e+02 -7.496039797500076e+01
4.435782000000000e+02 -7.496039797500070e+01
4.436608800000000e+02 -7.496039797500013e+01
4.437435600000000e+02 -7.496039797499972e+01
4.438262400000000e+02 -7.496039797499984e+01
4.439089200000000e+02 -7.496039797499967e+01
4.439916000000000e+02 -7.496039797499913e+01
4.440742800000000e+02 -7.496039797499878e+01
4.441569600000000e+02 -7.496039797499888e+01
4.442396400000000e+02 -7.496039797499864e+01
4.443223200000000e+02 -7.496039797499812e+01
4.444050000000000e+02 -7.496039797499790e+01
4.444876800000000e+02 -7.496039797499797e+01
4.445703600000000e+02 -7.496039797499780e+01
4.446530400000000e+02 -7.496039797499726e+01
4.447357200000000e+02 -7.496039797499704e+01
4.448184000000000e+02 -7.496039797499706e+01
4.449010800000000e+02 -7.496039797499685e+01
4.449837600000000e+02 -7.496039797499640e+01
4.450664400000000e+02 -7.496039797499625e+01
4.451491200000000e+02 -7.496039797499625e+01
4.452318000000000e+02 -7.496039797499610e+01
4.453144800000000e+02 -7.496039797499566e+01
4.453971600000000e+02 -7.496039797499544e+01
4.454798400000000e+02 -7.496039797499546e+01
4.455625200000000e+02 -7.496039797499530e+01
4.456452000000000e+02 -7.496039797499489e+01
4.457278800000000e+02 -7.496039797499476e+01
4.458105600000000e+02 -7.496039797499479e+01
4.458932400000000e+02 -7.496039797499468e+01
4.459759200000000e+02 -7.496039797499422e+01
4.460586000000000e+02 -7.496039797499398e+01
4.461412800000000e+02 -7.496039797499408e+01
4.462239600000000e+02 -7.496039797499384e+01
4.463066400000000e+02 -7.496039797499334e+01
4.463893200000000e+02 -7.496039797499314e+01
4.464720000000000e+02 -7.496039797499326e+01
4.465546800000000e+02 -7.496039797499293e+01
4.466373600000000e+02 -7.496039797499238e+01
4.467200400000000e+02 -7.496039797499222e+01
4.468027200000000e+02 -7.496039797499235e+01
4.468854000000000e+02 -7.496039797499193e+01
4.469680800000000e+02 -7.496039797499135e+01
4.470507600000000e+02 -7.496039797499128e+01
4.471334400000000e+02 -7.496039797499130e+01
4.472161200000000e+02 -7.496039797499083e+01
4.472988000000000e+02 -7.496039797499017e+01
4.473814800000000e+02 -7.496039797499023e+01
4.474641600000000e+02 -7.496039797499017e+01
4.475468400000000e+02 -7.496039797498972e+01
4.476295200000000e+02 -7.496039797498921e+01
4.477122000000000e+02 -7.496039797498923e+01
4.477948800000000e+02 -7.496039797498909e+01
4.478775600000000e+02 -7.496039797498855e+01
4.479602400000000e+02 -7.496039797498810e+01
4.480429200000000e+02 -7.496039797498804e+01
4.481256000000000e+02 -7.496039797498783e+01
4.482082800000000e+02 -7.496039797498730e+01
4.482909600000000e+02 -7.496039797498685e+01
4.483736400000000e+02 -7.496039797498672e+01
4.484563200000000e+02 -7.496039797498661e+01
4.485390000000000e+02 -7.496039797498602e+01
4.486216800000000e+02 -7.496039797498560e+01
4.487043600000000e+02 -7.496039797498540e+01
4.487870400000000e+02 -7.496039797498514e+01
4.488697200000000e+02 -7.496039797498459e+01
4.489524000000000e+02 -7.496039797498408e+01
4.490350800000000e+02 -7.496039797498392e+01
4.491177600000000e+02 -7.496039797498364e+01
4.492004400000000e+02 -7.496039797498300e+01
4.492831200000000e+02 -7.496039797498248e+01
4.493658000000000e+02 -7.496039797498246e+01
4.494484800000000e+02 -7.496039797498209e+01
4.495311600000000e+02 -7.496039797498139e+01
4.496138400000000e+02 -7.496039797498092e+01
4.496965200000000e+02 -7.496039797498088e+01
4.497792000000000e+02 -7.496039797498047e+01
4.498618800000000e+02 -7.496039797497971e+01
4.499445600000000e+02 -7.496039797497923e+01
4.500272400000000e+02 -7.496039797497920e+01
4.501099200000000e+02 -7.496039797497870e+01
4.501926000000000e+02 -7.496039797497789e+01
4.502752800000000e+02 -7.496039797497752e+01
4.503579600000000e+02 -7.496039797497743e+01
4.504406400000000e+02 -7.496039797497687e+01
4.505233200000000e+02 -7.496039797497606e+01
4.506060000000000e+02 -7.496039797497578e+01
4.506886800000000e+02 -7.496039797497555e+01
4.507713600000000e+02 -7.496039797497490e+01
4.508540400000000e+02 -7.496039797497414e+01
4.509367200000000e+02 -7.496039797496294e+01
4.510194000000000e+02 -7.496039797496267e+01
4.511020800000000e+02 -7.496039797496195e+01
4.511847600000000e+02 -7.496039797496121e+01
4.512674400000000e+02 -7.496039797495152e+01
4.513501200000000e+02 -7.496039797495116e+01
4.514328000000000e+02 -7.496039797495044e+01
4.515154800000000e+02 -7.496039797494976e+01
4.515981600000000e+02 -7.496039797493945e+01
4.516808400000000e+02 -7.496039797493901e+01
4.517635200000000e+02 -7.496039797493825e+01
4.518462000000000e+02 -7.496039797493766e+01
4.519288800000000e+02 -7.496039797492578e+01
4.520115600000000e+02 -7.496039797492537e+01
4.520942400000000e+02 -7.496039797492467e+01
4.521769200000000e+02 -7.496039797492409e+01
4.522596000000000e+02 -7.496039797491149e+01
4.523422800000000e+02 -7.496039797491110e+01
4.524249600000000e+02 -7.496039797491035e+01
4.525076400000000e+02 -7.496039797490978e+01
4.525903200000000e+02 -7.496039797490963e+01
4.526730000000000e+02 -7.496039797490920e+01
4.527556800000000e+02 -7.496039797490842e+01
4.528383600000000e+02 -7.496039797490785e+01
4.529210400000000e+02 -7.496039797490769e+01
4.530037200000000e+02 -7.496039797490721e+01
4.530864000000000e+02 -7.496039797490650e+01
4.531690800000000e+02 -7.496039797490610e+01
4.532517600000000e+02 -7.496039797490597e+01
4.533344400000000e+02 -7.496039797490549e+01
4.534171200000000e+02 -7.496039797490482e+01
4.534998000000000e+02 -7.496039797490452e+01
4.535824800000000e+02 -7.496039797490445e+01
4.536651600000000e+02 -7.496039797490393e+01
4.537478400000000e+02 -7.496039797490327e+01
4.538305200000000e+02 -7.496039797490315e+01
4.539132000000000e+02 -7.496039797490300e+01
4.539958800000000e+02 -7.496039797490251e+01
4.540785600000000e+02 -7.496039797490201e+01
4.541612400000000e+02 -7.496039797490189e+01
4.542439200000000e+02 -7.496039797490164e+01
4.543266000000000e+02 -7.496039797490118e+01
4.544092800000000e+02 -7.496039797490072e+01
4.544919600000000e+02 -7.496039797490066e+01
4.545746400000000e+02 -7.496039797490045e+01
4.546573200000000e+02 -7.496039797489993e+01
4.547400000000000e+02 -7.496039797489942e+01
4.548226800000000e+02 -7.496039797489931e+01
4.549053600000000e+02 -7.496039797489911e+01
4.549880400000000e+02 -7.496039797489867e+01
4.550707200000000e+02 -7.496039797489820e+01
4.551534000000000e+02 -7.496039797489807e+01
4.552360800000000e+02 -7.496039797489796e+01
4.553187600000000e+02 -7.496039797489750e+01
4.554014400000000e+02 -7.496039797489706e+01
4.554841200000000e+02 -7.496039797489698e+01
4.555668000000000e+02 -7.496039797489681e+01
4.556494800000000e+02 -7.496039797489631e+01
4.557321600000000e+02 -7.496039797489593e+01
4.558148400000000e+02 -7.496039797489593e+01
4.558975200000000e+02 -7.496039797489576e+01
4.559802000000000e+02 -7.496039797489519e+01
4.560628800000000e+02 -7.496039797489489e+01
4.561455600000000e+02 -7.496039797489502e+01
4.562282400000000e+02 -7.496039797489482e+01
4.563109200000000e+02 -7.496039797489431e+01
4.563936000000000e+02 -7.496039797489404e+01
4.564762800000000e+02 -7.496039797489409e+01
4.565589600000000e+02 -7.496039797489384e+01
4.566416400000000e+02 -7.496039797489335e+01
4.567243200000000e+02 -7.496039797489311e+01
4.568070000000000e+02 -7.496039797489313e+01
4.568896800000000e+02 -7.496039797489280e+01
4.569723600000000e+02 -7.496039797489239e+01
4.570550400000000e+02 -7.496039797489229e+01
4.571377200000000e+02 -7.496039797489225e+01
4.572204000000000e+02 -7.496039797489198e+01
4.573030800000000e+02 -7.496039797489156e+01
4.573857600000000e+02 -7.496039797489145e+01
4.574684400000000e+02 -7.496039797489142e+01
4.575511200000000e+02 -7.496039797489126e+01
4.576338000000000e+02 -7.496039797489087e+01
4.577164800000000e+02 -7.496039797489072e+01
4.577991600000000e+02 -7.496039797489071e+01
4.578818400000000e+02 -7.496039797489051e+01
4.579645200000000e+02 -7.496039797489018e+01
4.580472000000000e+02 -7.496039797489001e+01
4.581298800000000e+02 -7.496039797489003e+01
4.582125600000000e+02 -7.496039797488979e+01
4.582952400000000e+02 -7.496039797488939e+01
4.583779200000000e+02 -7.496039797488923e+01
4.584606000000000e+02 -7.496039797488932e+01
4.585432800000000e+02 -7.496039797488903e+01
4.586259600000000e+02 -7.496039797488859e+01
4.587086400000000e+02 -7.496039797488852e+01
4.587913200000000e+02 -7.496039797488865e+01
4.588740000000000e+02 -7.496039797488831e+01
4.589566800000000e+02 -7.496039797488785e+01
4.590393600000000e+02 -7.496039797488784e+01
4.591220400000000e+02 -7.496039797488794e+01
4.592047200000000e+02 -7.496039797488760e+01
4.592874000000000e+02 -7.496039797488714e+01
4.593700800000000e+02 -7.496039797488714e+01
4.594527600000000e+02 -7.496039797488713e+01
4.595354400000000e+02 -7.496039797488666e+01
4.596181200000000e+02 -7.496039797488629e+01
4.597008000000000e+02 -7.496039797488629e+01
4.597834800000000e+02 -7.496039797488621e+01
4.598661600000000e+02 -7.496039797488579e+01
4.599488400000000e+02 -7.496039797488541e+01
4.600315200000000e+02 -7.496039797488538e+01
4.601142000000000e+02 -7.496039797488531e+01
4.601968800000000e+02 -7.496039797488486e+01
4.602795600000000e+02 -7.496039797488444e+01
4.603622400000000e+02 -7.496039797488440e+01
4.604449200000000e+02 -7.496039797488433e+01
4.605276000000000e+02 -7.496039797488392e+01
4.606102800000000e+02 -7.496039797488351e+01
4.606929600000000e+02 -7.496039797488343e+01
4.607756400000000e+02 -7.496039797488348e+01
4.608583200000000e+02 -7.496039797488302e+01
4.609410000000000e+02 -7.496039797488260e+01
4.610236800000000e+02 -7.496039797488254e+01
4.611063600000000e+02 -7.496039797488255e+01
4.611890400000000e+02 -7.496039797488203e+01
4.612717200000000e+02 -7.496039797488150e+01
4.613544000000000e+02 -7.496039797488153e+01
4.614370800000000e+02 -7.496039797488149e+01
4.615197600000000e+02 -7.496039797488089e+01
4.616024400000000e+02 -7.496039797488039e+01
4.616851200000000e+02 -7.496039797488055e+01
4.617678000000000e+02 -7.496039797488042e+01
4.618504800000000e+02 -7.496039797487978e+01
4.619331600000000e+02 -7.496039797487941e+01
4.620158400000000e+02 -7.496039797487958e+01
4.620985200000000e+02 -7.496039797487931e+01
4.621812000000000e+02 -7.496039797487870e+01
4.622638800000000e+02 -7.496039797487840e+01
4.623465600000000e+02 -7.496039797487850e+01
4.624292400000000e+02 -7.496039797487816e+01
4.625119200000000e+02 -7.496039797487755e+01
4.625946000000000e+02 -7.496039797487728e+01
4.626772800000000e+02 -7.496039797487737e+01
4.627599600000000e+02 -7.496039797487700e+01
4.628426400000000e+02 -7.496039797487634e+01
4.629253200000000e+02 -7.496039797487616e+01
4.630080000000000e+02 -7.496039797487609e+01
4.630906800000000e+02 -7.496039797487568e+01
4.631733600000000e+02 -7.496039797487504e+01
4.632560400000000e+02 -7.496039797487487e+01
4.633387200000000e+02 -7.496039797487477e+01
4.634214000000000e+02 -7.496039797487431e+01
4.635040800000000e+02 -7.496039797487369e+01
4.635867600000000e+02 -7.496039797487346e+01
4.636694400000000e+02 -7.496039797487336e+01
4.637521200000000e+02 -7.496039797487279e+01
4.638348000000000e+02 -7.496039797487217e+01
4.639174800000000e+02 -7.496039797487187e+01
4.640001600000000e+02 -7.496039797487174e+01
4.640828400000000e+02 -7.496039797487120e+01
4.641655200000000e+02 -7.496039797487056e+01
4.642482000000000e+02 -7.496039797487028e+01
4.643308800000000e+02 -7.496039797487009e+01
4.644135600000000e+02 -7.496039797486941e+01
4.644962400000000e+02 -7.496039797486871e+01
4.645789200000000e+02 -7.496039797486844e+01
4.646616000000000e+02 -7.496039797486821e+01
4.647442800000000e+02 -7.496039797486748e+01
4.648269600000000e+02 -7.496039797486678e+01
4.649096400000000e+02 -7.496039797486662e+01
4.649923200000000e+02 -7.496039797486631e+01
4.650750000000000e+02 -7.496039797486551e+01
4.651576800000000e+02 -7.496039797486482e+01
4.652403600000000e+02 -7.496039797486470e+01
4.653230400000000e+02 -7.496039797486431e+01
4.654057200000000e+02 -7.496039797486350e+01
4.654884000000000e+02 -7.496039797486290e+01
4.655710800000000e+02 -7.496039797485695e+01
4.656537600000000e+02 -7.496039797485643e+01
4.657364400000000e+02 -7.496039797485560e+01
4.658191200000000e+02 -7.496039797485507e+01
4.659018000000000e+02 -7.496039797485003e+01
4.659844800000000e+02 -7.496039797484949e+01
4.660671600000000e+02 -7.496039797484868e+01
4.661498400000000e+02 -7.496039797484826e+01
4.662325200000000e+02 -7.496039797484802e+01
4.663152000000000e+02 -7.496039797484750e+01
4.663978800000000e+02 -7.496039797484677e+01
4.664805600000000e+02 -7.496039797483157e+01
4.665632400000000e+02 -7.496039797483127e+01
4.666459200000000e+02 -7.496039797483076e+01
4.667286000000000e+02 -7.496039797483003e+01
4.668112800000000e+02 -7.496039797481502e+01
4.668939600000000e+02 -7.496039797481474e+01
4.669766400000000e+02 -7.496039797481423e+01
4.670593200000000e+02 -7.496039797481365e+01
4.671420000000000e+02 -7.496039797481333e+01
4.672246800000000e+02 -7.496039797481313e+01
4.673073600000000e+02 -7.496039797481259e+01
4.673900400000000e+02 -7.496039797481200e+01
4.674727200000000e+02 -7.496039797481177e+01
4.675554000000000e+02 -7.496039797481153e+01
4.676380800000000e+02 -7.496039797481096e+01
4.677207600000000e+02 -7.496039797481035e+01
4.678034400000000e+02 -7.496039797481011e+01
4.678861200000000e+02 -7.496039797480988e+01
4.679688000000000e+02 -7.496039797480927e+01
4.680514800000000e+02 -7.496039797480866e+01
4.681341600000000e+02 -7.496039797480852e+01
4.682168400000000e+02 -7.496039797480826e+01
4.682995200000000e+02 -7.496039797480756e+01
4.683822000000000e+02 -7.496039797480712e+01
4.684648800000000e+02 -7.496039797480708e+01
4.685475600000000e+02 -7.496039797480680e+01
4.686302400000000e+02 -7.496039797480611e+01
4.687129200000000e+02 -7.496039797480576e+01
4.687956000000000e+02 -7.496039797480566e+01
4.688782800000000e+02 -7.496039797480539e+01
4.689609600000000e+02 -7.496039797480482e+01
4.690436400000000e+02 -7.496039797480451e+01
4.691263200000000e+02 -7.496039797480449e+01
4.692090000000000e+02 -7.496039797480412e+01
4.692916800000000e+02 -7.496039797480358e+01
4.693743600000000e+02 -7.496039797480333e+01
4.694570400000000e+02 -7.496039797480326e+01
4.695397200000000e+02 -7.496039797480294e+01
4.696224000000000e+02 -7.496039797480242e+01
4.697050800000000e+02 -7.496039797480218e+01
4.697877600000000e+02 -7.496039797480208e+01
4.698704400000000e+02 -7.496039797480177e+01
4.699531200000000e+02 -7.496039797480132e+01
4.700358000000000e+02 -7.496039797480111e+01
4.701184800000000e+02 -7.496039797480098e+01
4.702011600000000e+02 -7.496039797480066e+01
4.702838400000000e+02 -7.496039797480020e+01
4.703665200000000e+02 -7.496039797480002e+01
4.704492000000000e+02 -7.496039797480000e+01
4.705318800000000e+02 -7.496039797479968e+01
4.706145600000000e+02 -7.496039797479918e+01
4.706972400000000e+02 -7.496039797479905e+01
4.707799200000000e+02 -7.496039797479911e+01
4.708626000000000e+02 -7.496039797479878e+01
4.709452800000000e+02 -7.496039797479838e+01
4.710279600000000e+02 -7.496039797479838e+01
4.711106400000000e+02 -7.496039797479838e+01
4.711933200000000e+02 -7.496039797479798e+01
4.712760000000000e+02 -7.496039797479756e+01
4.713586800000000e+02 -7.496039797479754e+01
4.714413600000000e+02 -7.496039797479747e+01
4.715240400000000e+02 -7.496039797479708e+01
4.716067200000000e+02 -7.496039797479671e+01
4.716894000000000e+02 -7.496039797479673e+01
4.717720800000000e+02 -7.496039797479662e+01
4.718547600000000e+02 -7.496039797479622e+01
4.719374400000000e+02 -7.496039797479588e+01
4.720201200000000e+02 -7.496039797479587e+01
4.721028000000000e+02 -7.496039797479567e+01
4.721854800000000e+02 -7.496039797479528e+01
4.722681600000000e+02 -7.496039797479492e+01
4.723508400000000e+02 -7.496039797479490e+01
4.724335200000000e+02 -7.496039797479473e+01
4.725162000000000e+02 -7.496039797479435e+01
4.725988800000000e+02 -7.496039797479401e+01
4.726815600000000e+02 -7.496039797479391e+01
4.727642400000000e+02 -7.496039797479381e+01
4.728469200000000e+02 -7.496039797479334e+01
4.729296000000000e+02 -7.496039797479295e+01
4.730122800000000e+02 -7.496039797479283e+01
4.730949600000000e+02 -7.496039797479277e+01
4.731776400000000e+02 -7.496039797479226e+01
4.732603200000000e+02 -7.496039797479180e+01
4.733430000000000e+02 -7.496039797479183e+01
4.734256800000000e+02 -7.496039797479175e+01
4.735083600000000e+02 -7.496039797479128e+01
4.735910400000000e+02 -7.496039797479079e+01
4.736737200000000e+02 -7.496039797479087e+01
4.737564000000000e+02 -7.496039797479072e+01
4.738390800000000e+02 -7.496039797479017e+01
4.739217600000000e+02 -7.496039797478977e+01
4.740044400000000e+02 -7.496039797478993e+01
4.740871200000000e+02 -7.496039797478973e+01
4.741698000000000e+02 -7.496039797478912e+01
4.742524800000000e+02 -7.496039797478886e+01
4.743351600000000e+02 -7.496039797478903e+01
4.744178400000000e+02 -7.496039797478885e+01
4.745005200000000e+02 -7.496039797478835e+01
4.745832000000000e+02 -7.496039797478817e+01
4.746658800000000e+02 -7.496039797478821e+01
4.747485600000000e+02 -7.496039797478797e+01
4.748312400000000e+02 -7.496039797478750e+01
4.749139200000000e+02 -7.496039797478738e+01
4.749966000000000e+02 -7.496039797478734e+01
4.750792800000000e+02 -7.496039797478713e+01
4.751619600000000e+02 -7.496039797478663e+01
4.752446400000000e+02 -7.496039797478647e+01
4.753273200000000e+02 -7.496039797478643e+01
4.754100000000000e+02 -7.496039797478622e+01
4.754926800000000e+02 -7.496039797478572e+01
4.755753600000000e+02 -7.496039797478555e+01
4.756580400000000e+02 -7.496039797478558e+01
4.757407200000000e+02 -7.496039797478537e+01
4.758234000000000e+02 -7.496039797478491e+01
4.759060800000000e+02 -7.496039797478471e+01
4.759887600000000e+02 -7.496039797478484e+01
4.760714400000000e+02 -7.496039797478454e+01
4.761541200000000e+02 -7.496039797478399e+01
4.762368000000000e+02 -7.496039797478377e+01
4.763194800000000e+02 -7.496039797478389e+01
4.764021600000000e+02 -7.496039797478345e+01
4.764848400000000e+02 -7.496039797478285e+01
4.765675200000000e+02 -7.496039797478268e+01
4.766502000000000e+02 -7.496039797478279e+01
4.767328800000000e+02 -7.496039797478237e+01
4.768155600000000e+02 -7.496039797478176e+01
4.768982400000000e+02 -7.496039797478173e+01
4.769809200000000e+02 -7.496039797478176e+01
4.770636000000000e+02 -7.496039797478120e+01
4.771462800000000e+02 -7.496039797478062e+01
4.772289600000000e+02 -7.496039797478063e+01
4.773116400000000e+02 -7.496039797478056e+01
4.773943200000000e+02 -7.496039797477999e+01
4.774770000000000e+02 -7.496039797477948e+01
4.775596800000000e+02 -7.496039797477947e+01
4.776423600000000e+02 -7.496039797477933e+01
4.777250400000000e+02 -7.496039797477874e+01
4.778077200000000e+02 -7.496039797477832e+01
4.778904000000000e+02 -7.496039797477829e+01
4.779730800000000e+02 -7.496039797477802e+01
4.780557600000000e+02 -7.496039797477744e+01
4.781384400000000e+02 -7.496039797477702e+01
4.782211200000000e+02 -7.496039797477692e+01
4.783038000000000e+02 -7.496039797477665e+01
4.783864800000000e+02 -7.496039797477599e+01
4.784691600000000e+02 -7.496039797477559e+01
4.785518400000000e+02 -7.496039797477545e+01
4.786345200000000e+02 -7.496039797477513e+01
4.787172000000000e+02 -7.496039797477444e+01
4.787998800000000e+02 -7.496039797477400e+01
4.788825600000000e+02 -7.496039797477384e+01
4.789652400000000e+02 -7.496039797477356e+01
4.790479200000000e+02 -7.496039797477289e+01
4.791306000000000e+02 -7.496039797477249e+01
4.792132800000000e+02 -7.496039797477235e+01
4.792959600000000e+02 -7.496039797477194e+01
4.793786400000000e+02 -7.496039797477125e+01
4.794613200000000e+02 -7.496039797477077e+01
4.795440000000000e+02 -7.496039797477070e+01
4.796266800000000e+02 -7.496039797477026e+01
4.797093600000000e+02 -7.496039797476951e+01
4.797920400000000e+02 -7.496039797476904e+01
4.798747200000000e+02 -7.496039797476897e+01
4.799574000000000e+02 -7.496039797476844e+01
4.800400800000000e+02 -7.496039797476766e+01
4.801227600000000e+02 -7.496039797476726e+01
4.802054400000000e+02 -7.496039797476718e+01
4.802881200000000e+02 -7.496039797476655e+01
4.803708000000000e+02 -7.496039797476581e+01
4.804534800000000e+02 -7.496039797475142e+01
4.805361600000000e+02 -7.496039797475123e+01
4.806188400000000e+02 -7.496039797475058e+01
4.807015200000000e+02 -7.496039797474984e+01
4.807842000000000e+02 -7.496039797473880e+01
4.808668800000000e+02 -7.496039797473848e+01
4.809495600000000e+02 -7.496039797473780e+01
4.810322400000000e+02 -7.496039797473713e+01
4.811149200000000e+02 -7.496039797472825e+01
4.811976000000000e+02 -7.496039797472788e+01
4.812802800000000e+02 -7.496039797472717e+01
4.813629600000000e+02 -7.496039797472665e+01
4.814456400000000e+02 -7.496039797471792e+01
4.815283200000000e+02 -7.496039797471752e+01
4.816110000000000e+02 -7.496039797471681e+01
4.816936800000000e+02 -7.496039797471633e+01
4.817763600000000e+02 -7.496039797471603e+01
4.818590400000000e+02 -7.496039797471569e+01
4.819417200000000e+02 -7.496039797471498e+01
4.820244000000000e+02 -7.496039797471445e+01
4.821070800000000e+02 -7.496039797471420e+01
4.821897600000000e+02 -7.496039797471377e+01
4.822724400000000e+02 -7.496039797471303e+01
4.823551200000000e+02 -7.496039797471254e+01
4.824378000000000e+02 -7.496039797471227e+01
4.825204800000000e+02 -7.496039797471184e+01
4.826031600000000e+02 -7.496039797471114e+01
4.826858400000000e+02 -7.496039797471067e+01
4.827685200000000e+02 -7.496039797471056e+01
4.828512000000000e+02 -7.496039797471011e+01
4.829338800000000e+02 -7.496039797470944e+01
4.830165600000000e+02 -7.496039797470905e+01
4.830992400000000e+02 -7.496039797470897e+01
4.831819200000000e+02 -7.496039797470844e+01
4.832646000000000e+02 -7.496039797470786e+01
4.833472800000000e+02 -7.496039797470758e+01
4.834299600000000e+02 -7.496039797470746e+01
4.835126400000000e+02 -7.496039797470694e+01
4.835953200000000e+02 -7.496039797470640e+01
4.836780000000000e+02 -7.496039797470631e+01
4.837606800000000e+02 -7.496039797470610e+01
4.838433600000000e+02 -7.496039797470561e+01
4.839260400000000e+02 -7.496039797470515e+01
4.840087200000000e+02 -7.496039797470505e+01
4.840914000000000e+02 -7.496039797470480e+01
4.841740800000000e+02 -7.496039797470439e+01
4.842567600000000e+02 -7.496039797470401e+01
4.843394400000000e+02 -7.496039797470388e+01
4.844221200000000e+02 -7.496039797470362e+01
4.845048000000000e+02 -7.496039797470311e+01
4.845874800000000e+02 -7.496039797470277e+01
4.846701600000000e+02 -7.496039797470260e+01
4.847528400000000e+02 -7.496039797470232e+01
4.848355200000000e+02 -7.496039797470186e+01
4.849182000000000e+02 -7.496039797470151e+01
4.850008800000000e+02 -7.496039797470134e+01
4.850835600000000e+02 -7.496039797470121e+01
4.851662400000000e+02 -7.496039797470075e+01
4.852489200000000e+02 -7.496039797470036e+01
4.853316000000000e+02 -7.496039797470020e+01
4.854142800000000e+02 -7.496039797470004e+01
4.854969600000000e+02 -7.496039797469956e+01
4.855796400000000e+02 -7.496039797469923e+01
4.856623200000000e+02 -7.496039797469921e+01
4.857450000000000e+02 -7.496039797469902e+01
4.858276800000000e+02 -7.496039797469855e+01
4.859103600000000e+02 -7.496039797469821e+01
4.859930400000000e+02 -7.496039797469821e+01
4.860757200000000e+02 -7.496039797469797e+01
4.861584000000000e+02 -7.496039797469744e+01
4.862410800000000e+02 -7.496039797469720e+01
4.863237600000000e+02 -7.496039797469727e+01
4.864064400000000e+02 -7.496039797469702e+01
4.864891200000000e+02 -7.496039797469653e+01
4.865718000000000e+02 -7.496039797469635e+01
4.866544800000000e+02 -7.496039797469641e+01
4.867371600000000e+02 -7.496039797469609e+01
4.868198400000000e+02 -7.496039797469567e+01
4.869025200000000e+02 -7.496039797469554e+01
4.869852000000000e+02 -7.496039797469555e+01
4.870678800000000e+02 -7.496039797469527e+01
4.871505600000000e+02 -7.496039797469476e+01
4.872332400000000e+02 -7.496039797469466e+01
4.873159200000000e+02 -7.496039797469453e+01
4.873986000000000e+02 -7.496039797469436e+01
4.874812800000000e+02 -7.496039797469396e+01
4.875639600000000e+02 -7.496039797469382e+01
4.876466400000000e+02 -7.496039797469378e+01
4.877293200000000e+02 -7.496039797469363e+01
4.878120000000000e+02 -7.496039797469325e+01
4.878946800000000e+02 -7.496039797469314e+01
4.879773600000000e+02 -7.496039797469308e+01
4.880600400000000e+02 -7.496039797469290e+01
4.881427200000000e+02 -7.496039797469255e+01
4.882254000000000e+02 -7.496039797469237e+01
4.883080800000000e+02 -7.496039797469247e+01
4.883907600000000e+02 -7.496039797469226e+01
4.884734400000000e+02 -7.496039797469184e+01
4.885561200000000e+02 -7.496039797469170e+01
4.886388000000000e+02 -7.496039797469183e+01
4.887214800000000e+02 -7.496039797469150e+01
4.888041600000000e+02 -7.496039797469106e+01
4.888868400000000e+02 -7.496039797469105e+01
4.889695200000000e+02 -7.496039797469116e+01
4.890522000000000e+02 -7.496039797469081e+01
4.891348800000000e+02 -7.496039797469038e+01
4.892175600000000e+02 -7.496039797469041e+01
4.893002400000000e+02 -7.496039797469039e+01
4.893829200000000e+02 -7.496039797469005e+01
4.894656000000000e+02 -7.496039797468966e+01
4.895482800000000e+02 -7.496039797468970e+01
4.896309600000000e+02 -7.496039797468960e+01
4.897136400000000e+02 -7.496039797468919e+01
4.897963200000000e+02 -7.496039797468879e+01
4.898790000000000e+02 -7.496039797468886e+01
4.899616800000000e+02 -7.496039797468873e+01
4.900443600000000e+02 -7.496039797468825e+01
4.901270400000000e+02 -7.496039797468791e+01
4.902097200000000e+02 -7.496039797468787e+01
4.902924000000000e+02 -7.496039797468775e+01
4.903750800000000e+02 -7.496039797468725e+01
4.904577600000000e+02 -7.496039797468688e+01
4.905404400000000e+02 -7.496039797468687e+01
4.906231200000000e+02 -7.496039797468676e+01
4.907058000000000e+02 -7.496039797468630e+01
4.907884800000000e+02 -7.496039797468593e+01
4.908711600000000e+02 -7.496039797468590e+01
4.909538400000000e+02 -7.496039797468583e+01
4.910365200000000e+02 -7.496039797468531e+01
4.911192000000000e+02 -7.496039797468484e+01
4.912018800000000e+02 -7.496039797468482e+01
4.912845600000000e+02 -7.496039797468472e+01
4.913672400000000e+02 -7.496039797468413e+01
4.914499200000000e+02 -7.496039797468370e+01
4.915326000000000e+02 -7.496039797468377e+01
4.916152800000000e+02 -7.496039797468362e+01
4.916979600000000e+02 -7.496039797468300e+01
4.917806400000000e+02 -7.496039797468259e+01
4.918633200000000e+02 -7.496039797468271e+01
4.919460000000000e+02 -7.496039797468242e+01
4.920286800000000e+02 -7.496039797468174e+01
4.921113600000000e+02 -7.496039797468143e+01
4.921940400000000e+02 -7.496039797468156e+01
4.922767200000000e+02 -7.496039797468121e+01
4.923594000000000e+02 -7.496039797468045e+01
4.924420800000000e+02 -7.496039797468023e+01
4.925247600000000e+02 -7.496039797468032e+01
4.926074400000000e+02 -7.496039797467989e+01
4.926901200000000e+02 -7.496039797467918e+01
4.927728000000000e+02 -7.496039797467901e+01
4.928554800000000e+02 -7.496039797467901e+01
4.929381600000000e+02 -7.496039797467857e+01
4.930208400000000e+02 -7.496039797467793e+01
4.931035200000000e+02 -7.496039797467772e+01
4.931862000000000e+02 -7.496039797467769e+01
4.932688800000000e+02 -7.496039797467718e+01
4.933515600000000e+02 -7.496039797467650e+01
4.934342400000000e+02 -7.496039797467634e+01
4.935169200000000e+02 -7.496039797467617e+01
4.935996000000000e+02 -7.496039797467559e+01
4.936822800000000e+02 -7.496039797467496e+01
4.937649600000000e+02 -7.496039797467465e+01
4.938476400000000e+02 -7.496039797467449e+01
4.939303200000000e+02 -7.496039797467388e+01
4.940130000000000e+02 -7.496039797467320e+01
4.940956800000000e+02 -7.496039797467290e+01
4.941783600000000e+02 -7.496039797467265e+01
4.942610400000000e+02 -7.496039797467191e+01
4.943437200000000e+02 -7.496039797467124e+01
4.944264000000000e+02 -7.496039797467095e+01
4.945090800000000e+02 -7.496039797467080e+01
4.945917600000000e+02 -7.496039797467003e+01
4.946744400000000e+02 -7.496039797466938e+01
4.947571200000000e+02 -7.496039797465826e+01
4.948398000000000e+02 -7.496039797465798e+01
4.949224800000000e+02 -7.496039797465718e+01
4.950051600000000e+02 -7.496039797465643e+01
4.950878400000000e+02 -7.496039797464790e+01
4.951705200000000e+02 -7.496039797464745e+01
4.952532000000000e+02 -7.496039797464670e+01
4.953358800000000e+02 -7.496039797464604e+01
4.954185600000000e+02 -7.496039797463953e+01
4.955012400000000e+02 -7.496039797463905e+01
4.955839200000000e+02 -7.496039797463823e+01
4.956666000000000e+02 -7.496039797463777e+01
4.957492800000000e+02 -7.496039797463763e+01
4.958319600000000e+02 -7.496039797463706e+01
4.959146400000000e+02 -7.496039797463629e+01
4.959973200000000e+02 -7.496039797463591e+01
4.960800000000000e+02 -7.496039797463565e+01
4.961626800000000e+02 -7.496039797463507e+01
4.962453600000000e+02 -7.496039797463430e+01
4.963280400000000e+02 -7.496039797463402e+01
4.964107200000000e+02 -7.496039797463371e+01
4.964934000000000e+02 -7.496039797463317e+01
4.965760800000000e+02 -7.496039797463247e+01
4.966587600000000e+02 -7.496039797463214e+01
4.967414400000000e+02 -7.496039797463185e+01
4.968241200000000e+02 -7.496039797463131e+01
4.969068000000000e+02 -7.496039797463072e+01
4.969894800000000e+02 -7.496039797463044e+01
4.970721600000000e+02 -7.496039797463013e+01
4.971548400000000e+02 -7.496039797462959e+01
4.972375200000000e+02 -7.496039797462905e+01
4.973202000000000e+02 -7.496039797462873e+01
4.974028800000000e+02 -7.496039797462852e+01
4.974855600000000e+02 -7.496039797462797e+01
4.975682400000000e+02 -7.496039797462743e+01
4.976509200000000e+02 -7.496039797462716e+01
4.977336000000000e+02 -7.496039797462697e+01
4.978162800000000e+02 -7.496039797462643e+01
4.978989600000000e+02 -7.496039797462586e+01
4.979816400000000e+02 -7.496039797462572e+01
4.980643200000000e+02 -7.496039797462547e+01
4.981470000000000e+02 -7.496039797462493e+01
4.982296800000000e+02 -7.496039797462447e+01
4.983123600000000e+02 -7.496039797462441e+01
4.983950400000000e+02 -7.496039797462412e+01
4.984777200000000e+02 -7.496039797462356e+01
4.985604000000000e+02 -7.496039797462315e+01
4.986430800000000e+02 -7.496039797462316e+01
4.987257600000000e+02 -7.496039797462281e+01
4.988084400000000e+02 -7.496039797462231e+01
4.988911200000000e+02 -7.496039797462203e+01
4.989738000000000e+02 -7.496039797462197e+01
4.990564800000000e+02 -7.496039797462163e+01
4.991391600000000e+02 -7.496039797462110e+01
4.992218400000000e+02 -7.496039797462089e+01
4.993045200000000e+02 -7.496039797462085e+01
4.993872000000000e+02 -7.496039797462043e+01
4.994698800000000e+02 -7.496039797461998e+01
4.995525600000000e+02 -7.496039797461982e+01
4.996352400000000e+02 -7.496039797461968e+01
4.997179200000000e+02 -7.496039797461941e+01
4.998006000000000e+02 -7.496039797461896e+01
4.998832800000000e+02 -7.496039797461874e+01
4.999659600000000e+02 -7.496039797461864e+01
5.000486400000000e+02 -7.496039797461837e+01
5.001313200000000e+02 -7.496039797461793e+01
5.002140000000000e+02 -7.496039797461776e+01
5.002966800000000e+02 -7.496039797461768e+01
5.003793600000000e+02 -7.496039797461736e+01
5.004620400000000e+02 -7.496039797461697e+01
5.005447200000000e+02 -7.496039797461681e+01
5.006274000000000e+02 -7.496039797461684e+01
5.007100800000000e+02 -7.496039797461648e+01
5.007927600000000e+02 -7.496039797461614e+01
5.008754400000000e+02 -7.496039797461601e+01
5.009581200000000e+02 -7.496039797461606e+01
5.010408000000000e+02 -7.496039797461570e+01
5.011234800000000e+02 -7.496039797461529e+01
5.012061600000000e+02 -7.496039797461529e+01
5.012888400000000e+02 -7.496039797461529e+01
5.013715200000000e+02 -7.496039797461485e+01
5.014542000000000e+02 -7.496039797461451e+01
5.015368800000000e+02 -7.496039797461454e+01
5.016195600000000e+02 -7.496039797461441e+01
5.017022400000000e+02 -7.496039797461400e+01
5.017849200000000e+02 -7.496039797461376e+01
5.018676000000000e+02 -7.496039797461383e+01
5.019502800000000e+02 -7.496039797461358e+01
5.020329600000000e+02 -7.496039797461326e+01
5.021156400000000e+02 -7.496039797461290e+01
5.021983200000000e+02 -7.496039797461289e+01
5.022810000000000e+02 -7.496039797461265e+01
5.023636800000000e+02 -7.496039797461232e+01
5.024463600000000e+02 -7.496039797461202e+01
5.025290400000000e+02 -7.496039797461192e+01
5.026117200000000e+02 -7.496039797461177e+01
5.026944000000000e+02 -7.496039797461137e+01
5.027770800000000e+02 -7.496039797461098e+01
5.028597600000000e+02 -7.496039797461088e+01
5.029424400000000e+02 -7.496039797461080e+01
5.030251200000000e+02 -7.496039797461030e+01
5.031078000000000e+02 -7.496039797460986e+01
5.031904800000000e+02 -7.496039797460978e+01
5.032731600000000e+02 -7.496039797460972e+01
5.033558400000000e+02 -7.496039797460925e+01
5.034385200000000e+02 -7.496039797460880e+01
5.035212000000000e+02 -7.496039797460882e+01
5.036038800000000e+02 -7.496039797460872e+01
5.036865600000000e+02 -7.496039797460814e+01
5.037692400000000e+02 -7.496039797460774e+01
5.038519200000000e+02 -7.496039797460782e+01
5.039346000000000e+02 -7.496039797460763e+01
5.040172800000000e+02 -7.496039797460702e+01
5.040999600000000e+02 -7.496039797460674e+01
5.041826400000000e+02 -7.496039797460679e+01
5.042653200000000e+02 -7.496039797460651e+01
5.043480000000000e+02 -7.496039797460594e+01
5.044306800000000e+02 -7.496039797460574e+01
5.045133600000000e+02 -7.496039797460581e+01
5.045960400000000e+02 -7.496039797460551e+01
5.046787200000000e+02 -7.496039797460492e+01
5.047614000000000e+02 -7.496039797460473e+01
5.048440800000000e+02 -7.496039797460485e+01
5.049267600000000e+02 -7.496039797460456e+01
5.050094400000000e+02 -7.496039797460401e+01
5.050921200000000e+02 -7.496039797460389e+01
5.051748000000000e+02 -7.496039797460389e+01
5.052574800000000e+02 -7.496039797460361e+01
5.053401600000000e+02 -7.496039797460311e+01
5.054228400000000e+02 -7.496039797460301e+01
5.055055200000000e+02 -7.496039797460303e+01
5.055882000000000e+02 -7.496039797460266e+01
5.056708800000000e+02 -7.496039797460217e+01
5.057535600000000e+02 -7.496039797460200e+01
5.058362400000000e+02 -7.496039797460202e+01
5.059189200000000e+02 -7.496039797460170e+01
5.060016000000000e+02 -7.496039797460124e+01
5.060842800000000e+02 -7.496039797460099e+01
5.061669600000000e+02 -7.496039797460102e+01
5.062496400000000e+02 -7.496039797460062e+01
5.063323200000000e+02 -7.496039797460010e+01
5.064150000000000e+02 -7.496039797459991e+01
5.064976800000000e+02 -7.496039797459991e+01
5.065803600000000e+02 -7.496039797459946e+01
5.066630400000000e+02 -7.496039797459882e+01
5.067457200000000e+02 -7.496039797459871e+01
5.068284000000000e+02 -7.496039797459866e+01
5.069110800000000e+02 -7.496039797459807e+01
5.069937600000000e+02 -7.496039797459748e+01
5.070764400000000e+02 -7.496039797459754e+01
5.071591200000000e+02 -7.496039797459738e+01
5.072418000000000e+02 -7.496039797459676e+01
5.073244800000000e+02 -7.496039797459612e+01
5.074071600000000e+02 -7.496039797459619e+01
5.074898400000000e+02 -7.496039797459602e+01
5.075725200000000e+02 -7.496039797459531e+01
5.076552000000000e+02 -7.496039797459480e+01
5.077378800000000e+02 -7.496039797459480e+01
5.078205600000000e+02 -7.496039797459451e+01
5.079032400000000e+02 -7.496039797459386e+01
5.079859200000000e+02 -7.496039797459342e+01
5.080686000000000e+02 -7.496039797459339e+01
5.081512800000000e+02 -7.496039797459301e+01
5.082339600000000e+02 -7.496039797459233e+01
5.083166400000000e+02 -7.496039797459190e+01
5.083993200000000e+02 -7.496039797459176e+01
5.084820000000000e+02 -7.496039797459142e+01
5.085646800000000e+02 -7.496039797459073e+01
5.086473600000000e+02 -7.496039797459031e+01
5.087300400000000e+02 -7.496039797459015e+01
5.088127200000000e+02 -7.496039797458971e+01
5.088954000000000e+02 -7.496039797458896e+01
5.089780800000000e+02 -7.496039797458852e+01
5.090607600000000e+02 -7.496039797458391e+01
5.091434400000000e+02 -7.496039797458347e+01
5.092261200000000e+02 -7.496039797458275e+01
5.093088000000000e+02 -7.496039797458243e+01
5.093914800000000e+02 -7.496039797457915e+01
5.094741600000000e+02 -7.496039797457871e+01
5.095568400000000e+02 -7.496039797457796e+01
5.096395200000000e+02 -7.496039797457757e+01
5.097222000000000e+02 -7.496039797457559e+01
5.098048800000000e+02 -7.496039797457496e+01
5.098875600000000e+02 -7.496039797457428e+01
5.099702400000000e+02 -7.496039797455752e+01
5.100529200000000e+02 -7.496039797455734e+01
5.101356000000000e+02 -7.496039797455671e+01
5.102182800000000e+02 -7.496039797455599e+01
5.103009600000000e+02 -7.496039797454178e+01
5.103836400000000e+02 -7.496039797454164e+01
5.104663200000000e+02 -7.496039797454097e+01
5.105490000000000e+02 -7.496039797454029e+01
5.106316800000000e+02 -7.496039797452910e+01
5.107143600000000e+02 -7.496039797452885e+01
5.107970400000000e+02 -7.496039797452819e+01
5.108797200000000e+02 -7.496039797452755e+01
5.109624000000000e+02 -7.496039797452742e+01
5.110450800000000e+02 -7.496039797452708e+01
5.111277600000000e+02 -7.496039797452633e+01
5.112104400000000e+02 -7.496039797452579e+01
5.112931200000000e+02 -7.496039797452562e+01
5.113758000000000e+02 -7.496039797452519e+01
5.114584800000000e+02 -7.496039797452445e+01
5.115411600000000e+02 -7.496039797452400e+01
5.116238400000000e+02 -7.496039797452379e+01
5.117065200000000e+02 -7.496039797452343e+01
5.117892000000000e+02 -7.496039797452273e+01
5.118718800000000e+02 -7.496039797452229e+01
5.119545600000000e+02 -7.496039797452202e+01
5.120372400000000e+02 -7.496039797452170e+01
5.121199200000000e+02 -7.496039797452104e+01
5.122026000000001e+02 -7.496039797452066e+01
5.122852800000001e+02 -7.496039797452049e+01
5.123679600000000e+02 -7.496039797452008e+01
5.124506400000000e+02 -7.496039797451949e+01
5.125333200000000e+02 -7.496039797451914e+01
5.126160000000000e+02 -7.496039797451895e+01
5.126986800000000e+02 -7.496039797451854e+01
5.127813600000001e+02 -7.496039797451799e+01
5.128640400000000e+02 -7.496039797451760e+01
5.129467200000000e+02 -7.496039797451751e+01
5.130294000000000e+02 -7.496039797451702e+01
5.131120800000000e+02 -7.496039797451648e+01
5.131947600000000e+02 -7.496039797451623e+01
5.132774400000001e+02 -7.496039797451613e+01
5.133601200000001e+02 -7.496039797451564e+01
5.134428000000000e+02 -7.496039797451513e+01
5.135254800000000e+02 -7.496039797451495e+01
5.136081600000000e+02 -7.496039797451479e+01
5.136908400000000e+02 -7.496039797451432e+01
5.137735200000001e+02 -7.496039797451394e+01
5.138562000000001e+02 -7.496039797451381e+01
5.139388800000000e+02 -7.496039797451365e+01
5.140215600000000e+02 -7.496039797451324e+01
5.141042400000000e+02 -7.496039797451283e+01
5.141869200000000e+02 -7.496039797451277e+01
5.142696000000000e+02 -7.496039797451253e+01
5.143522800000001e+02 -7.496039797451208e+01
5.144349600000000e+02 -7.496039797451176e+01
5.145176400000000e+02 -7.496039797451161e+01
5.146003200000000e+02 -7.496039797451138e+01
5.146830000000000e+02 -7.496039797451095e+01
5.147656800000000e+02 -7.496039797451068e+01
5.148483600000001e+02 -7.496039797451054e+01
5.149310400000001e+02 -7.496039797451041e+01
5.150137200000000e+02 -7.496039797450996e+01
5.150964000000000e+02 -7.496039797450968e+01
5.151790800000000e+02 -7.496039797450956e+01
5.152617600000000e+02 -7.496039797450942e+01
5.153444400000001e+02 -7.496039797450895e+01
5.154271200000001e+02 -7.496039797450850e+01
5.155098000000000e+02 -7.496039797450841e+01
5.155924800000000e+02 -7.496039797450828e+01
5.156751600000000e+02 -7.496039797450773e+01
5.157578400000000e+02 -7.496039797450740e+01
5.158405200000000e+02 -7.496039797450739e+01
5.159232000000001e+02 -7.496039797450720e+01
5.160058800000000e+02 -7.496039797450672e+01
5.160885600000000e+02 -7.496039797450645e+01
5.161712400000000e+02 -7.496039797450652e+01
5.162539200000000e+02 -7.496039797450622e+01
5.163366000000000e+02 -7.496039797450572e+01
5.164192800000001e+02 -7.496039797450547e+01
5.165019600000001e+02 -7.496039797450555e+01
5.165846400000000e+02 -7.496039797450524e+01
5.166673200000000e+02 -7.496039797450473e+01
5.167500000000000e+02 -7.496039797450459e+01
5.168326800000000e+02 -7.496039797450459e+01
5.169153600000001e+02 -7.496039797450419e+01
5.169980400000001e+02 -7.496039797450378e+01
5.170807200000000e+02 -7.496039797450365e+01
5.171634000000000e+02 -7.496039797450356e+01
5.172460800000000e+02 -7.496039797450334e+01
5.173287600000000e+02 -7.496039797450292e+01
5.174114400000000e+02 -7.496039797450277e+01
5.174941200000001e+02 -7.496039797450264e+01
5.175768000000000e+02 -7.496039797450240e+01
5.176594800000000e+02 -7.496039797450199e+01
5.177421600000000e+02 -7.496039797450183e+01
5.178248400000000e+02 -7.496039797450175e+01
5.179075200000000e+02 -7.496039797450156e+01
5.179902000000001e+02 -7.496039797450118e+01
5.180728800000001e+02 -7.496039797450101e+01
5.181555600000000e+02 -7.496039797450101e+01
5.182382400000000e+02 -7.496039797450078e+01
5.183209200000000e+02 -7.496039797450037e+01
5.184036000000000e+02 -7.496039797450022e+01
5.184862800000000e+02 -7.496039797450038e+01
5.185689600000001e+02 -7.496039797450004e+01
5.186516400000000e+02 -7.496039797449953e+01
5.187343200000000e+02 -7.496039797449943e+01
5.188170000000000e+02 -7.496039797449950e+01
5.188996800000000e+02 -7.496039797449906e+01
5.189823600000000e+02 -7.496039797449870e+01
5.190650400000001e+02 -7.496039797449865e+01
5.191477200000000e+02 -7.496039797449865e+01
5.192304000000000e+02 -7.496039797449821e+01
5.193130800000000e+02 -7.496039797449779e+01
5.193957600000000e+02 -7.496039797449781e+01
5.194784400000000e+02 -7.496039797449774e+01
5.195611200000001e+02 -7.496039797449725e+01
5.196438000000001e+02 -7.496039797449686e+01
5.197264800000000e+02 -7.496039797449694e+01
5.198091600000000e+02 -7.496039797449681e+01
5.198918400000000e+02 -7.496039797449633e+01
5.199745200000000e+02 -7.496039797449603e+01
5.200572000000000e+02 -7.496039797449610e+01
5.201398800000001e+02 -7.496039797449593e+01
5.202225600000000e+02 -7.496039797449538e+01
5.203052400000000e+02 -7.496039797449505e+01
5.203879200000000e+02 -7.496039797449508e+01
5.204706000000000e+02 -7.496039797449495e+01
5.205532800000000e+02 -7.496039797449443e+01
5.206359600000001e+02 -7.496039797449410e+01
5.207186400000001e+02 -7.496039797449407e+01
5.208013200000000e+02 -7.496039797449396e+01
5.208840000000000e+02 -7.496039797449345e+01
5.209666800000000e+02 -7.496039797449305e+01
5.210493600000000e+02 -7.496039797449302e+01
5.211320400000001e+02 -7.496039797449288e+01
5.212147200000001e+02 -7.496039797449225e+01
5.212974000000000e+02 -7.496039797449181e+01
5.213800800000000e+02 -7.496039797449188e+01
5.214627600000000e+02 -7.496039797449166e+01
5.215454400000000e+02 -7.496039797449102e+01
5.216281200000000e+02 -7.496039797449059e+01
5.217108000000001e+02 -7.496039797449068e+01
5.217934800000000e+02 -7.496039797449043e+01
5.218761600000000e+02 -7.496039797448978e+01
5.219588400000000e+02 -7.496039797448940e+01
5.220415200000000e+02 -7.496039797448957e+01
5.221242000000000e+02 -7.496039797448923e+01
5.222068800000001e+02 -7.496039797448854e+01
5.222895600000001e+02 -7.496039797448832e+01
5.223722400000000e+02 -7.496039797448844e+01
5.224549200000000e+02 -7.496039797448798e+01
5.225376000000000e+02 -7.496039797448724e+01
5.226202800000000e+02 -7.496039797448707e+01
5.227029600000001e+02 -7.496039797448705e+01
5.227856400000001e+02 -7.496039797448654e+01
5.228683200000000e+02 -7.496039797448589e+01
5.229510000000000e+02 -7.496039797448570e+01
5.230336800000000e+02 -7.496039797448560e+01
5.231163600000000e+02 -7.496039797448503e+01
5.231990400000000e+02 -7.496039797448441e+01
5.232817200000001e+02 -7.496039797448421e+01
5.233644000000000e+02 -7.496039797448401e+01
5.234470800000000e+02 -7.496039797448337e+01
5.235297600000000e+02 -7.496039797448270e+01
5.236124400000000e+02 -7.496039797448250e+01
5.236951200000000e+02 -7.496039797448226e+01
5.237778000000001e+02 -7.496039797448157e+01
5.238604800000001e+02 -7.496039797448095e+01
5.239431600000000e+02 -7.496039797446949e+01
5.240258400000000e+02 -7.496039797446923e+01
5.241085200000000e+02 -7.496039797446849e+01
5.241912000000000e+02 -7.496039797446791e+01
5.242738800000001e+02 -7.496039797445664e+01
5.243565600000001e+02 -7.496039797445631e+01
5.244392400000000e+02 -7.496039797445550e+01
5.245219200000000e+02 -7.496039797445482e+01
5.246046000000000e+02 -7.496039797444460e+01
5.246872800000000e+02 -7.496039797444423e+01
5.247699600000000e+02 -7.496039797444345e+01
5.248526400000001e+02 -7.496039797444281e+01
5.249353200000000e+02 -7.496039797443430e+01
5.250180000000000e+02 -7.496039797443383e+01
5.251006800000000e+02 -7.496039797443301e+01
5.251833600000000e+02 -7.496039797443245e+01
5.252660400000000e+02 -7.496039797442539e+01
5.253487200000001e+02 -7.496039797442484e+01
5.254314000000001e+02 -7.496039797442408e+01
5.255140800000000e+02 -7.496039797442363e+01
5.255967600000000e+02 -7.496039797442351e+01
5.256794400000000e+02 -7.496039797442299e+01
5.257621200000000e+02 -7.496039797442219e+01
5.258448000000001e+02 -7.496039797442178e+01
5.259274800000001e+02 -7.496039797442160e+01
5.260101600000000e+02 -7.496039797442104e+01
5.260928400000000e+02 -7.496039797442029e+01
5.261755200000000e+02 -7.496039797442003e+01
5.262582000000000e+02 -7.496039797441973e+01
5.263408800000000e+02 -7.496039797441914e+01
5.264235600000001e+02 -7.496039797441848e+01
5.265062400000000e+02 -7.496039797441827e+01
5.265889200000000e+02 -7.496039797441794e+01
5.266716000000000e+02 -7.496039797441730e+01
5.267542800000000e+02 -7.496039797441671e+01
5.268369600000000e+02 -7.496039797441642e+01
5.269196400000001e+02 -7.496039797441613e+01
5.270023200000001e+02 -7.496039797441560e+01
5.270850000000000e+02 -7.496039797441510e+01
5.271676800000000e+02 -7.496039797441482e+01
5.272503600000000e+02 -7.496039797441460e+01
5.273330400000000e+02 -7.496039797441405e+01
5.274157200000001e+02 -7.496039797441351e+01
5.274984000000001e+02 -7.496039797441334e+01
5.275810800000000e+02 -7.496039797441308e+01
5.276637600000000e+02 -7.496039797441256e+01
5.277464400000000e+02 -7.496039797441207e+01
5.278291200000000e+02 -7.496039797441193e+01
5.279118000000000e+02 -7.496039797441175e+01
5.279944800000001e+02 -7.496039797441114e+01
5.280771600000000e+02 -7.496039797441067e+01
5.281598400000000e+02 -7.496039797441068e+01
5.282425200000000e+02 -7.496039797441043e+01
5.283252000000000e+02 -7.496039797440990e+01
5.284078800000000e+02 -7.496039797440952e+01
5.284905600000001e+02 -7.496039797440955e+01
5.285732400000001e+02 -7.496039797440920e+01
5.286559200000000e+02 -7.496039797440871e+01
5.287386000000000e+02 -7.496039797440842e+01
5.288212800000000e+02 -7.496039797440842e+01
5.289039600000000e+02 -7.496039797440807e+01
5.289866400000000e+02 -7.496039797440764e+01
5.290693200000001e+02 -7.496039797440747e+01
5.291520000000000e+02 -7.496039797440737e+01
5.292346800000000e+02 -7.496039797440697e+01
5.293173600000000e+02 -7.496039797440659e+01
5.294000400000000e+02 -7.496039797440650e+01
5.294827200000000e+02 -7.496039797440636e+01
5.295654000000001e+02 -7.496039797440616e+01
5.296480800000000e+02 -7.496039797440575e+01
5.297307600000000e+02 -7.496039797440562e+01
5.298134400000000e+02 -7.496039797440551e+01
5.298961200000000e+02 -7.496039797440517e+01
5.299788000000000e+02 -7.496039797440486e+01
5.300614800000001e+02 -7.496039797440466e+01
5.301441600000001e+02 -7.496039797440459e+01
5.302268400000000e+02 -7.496039797440430e+01
5.303095200000000e+02 -7.496039797440396e+01
5.303922000000000e+02 -7.496039797440376e+01
5.304748800000000e+02 -7.496039797440372e+01
5.305575600000000e+02 -7.496039797440343e+01
5.306402400000001e+02 -7.496039797440307e+01
5.307229200000000e+02 -7.496039797440284e+01
5.308056000000000e+02 -7.496039797440287e+01
5.308882800000000e+02 -7.496039797440253e+01
5.309709600000000e+02 -7.496039797440217e+01
5.310536400000000e+02 -7.496039797440210e+01
5.311363200000001e+02 -7.496039797440204e+01
5.312190000000001e+02 -7.496039797440169e+01
5.313016800000000e+02 -7.496039797440133e+01
5.313843600000000e+02 -7.496039797440130e+01
5.314670400000000e+02 -7.496039797440122e+01
5.315497200000000e+02 -7.496039797440081e+01
5.316324000000001e+02 -7.496039797440045e+01
5.317150800000001e+02 -7.496039797440042e+01
5.317977600000000e+02 -7.496039797440029e+01
5.318804400000000e+02 -7.496039797439992e+01
5.319631200000000e+02 -7.496039797439965e+01
5.320458000000000e+02 -7.496039797439967e+01
5.321284800000000e+02 -7.496039797439951e+01
5.322111600000001e+02 -7.496039797439911e+01
5.322938400000000e+02 -7.496039797439879e+01
5.323765200000000e+02 -7.496039797439875e+01
5.324592000000000e+02 -7.496039797439856e+01
5.325418800000000e+02 -7.496039797439809e+01
5.326245600000000e+02 -7.496039797439775e+01
5.327072400000001e+02 -7.496039797439758e+01
5.327899200000001e+02 -7.496039797439745e+01
5.328726000000000e+02 -7.496039797439700e+01
5.329552800000000e+02 -7.496039797439666e+01
5.330379600000000e+02 -7.496039797439653e+01
5.331206400000000e+02 -7.496039797439644e+01
5.332033200000001e+02 -7.496039797439597e+01
5.332860000000001e+02 -7.496039797439553e+01
5.333686800000000e+02 -7.496039797439552e+01
5.334513600000000e+02 -7.496039797439539e+01
5.335340400000000e+02 -7.496039797439479e+01
5.336167200000000e+02 -7.496039797439430e+01
5.336994000000000e+02 -7.496039797439434e+01
5.337820800000001e+02 -7.496039797439414e+01
5.338647600000000e+02 -7.496039797439350e+01
5.339474400000000e+02 -7.496039797439310e+01
5.340301200000000e+02 -7.496039797439327e+01
5.341128000000000e+02 -7.496039797439302e+01
5.341954800000000e+02 -7.496039797439234e+01
5.342781600000001e+02 -7.496039797439211e+01
5.343608400000001e+02 -7.496039797439225e+01
5.344435200000000e+02 -7.496039797439184e+01
5.345262000000000e+02 -7.496039797439117e+01
5.346088800000000e+02 -7.496039797439100e+01
5.346915600000000e+02 -7.496039797439110e+01
5.347742400000001e+02 -7.496039797439074e+01
5.348569200000001e+02 -7.496039797439015e+01
5.349396000000000e+02 -7.496039797439010e+01
5.350222800000000e+02 -7.496039797439012e+01
5.351049600000000e+02 -7.496039797438979e+01
5.351876400000000e+02 -7.496039797438922e+01
5.352703200000000e+02 -7.496039797438912e+01
5.353530000000001e+02 -7.496039797438910e+01
5.354356800000000e+02 -7.496039797438870e+01
5.355183600000000e+02 -7.496039797438819e+01
5.356010400000000e+02 -7.496039797438804e+01
5.356837200000000e+02 -7.496039797438803e+01
5.357664000000000e+02 -7.496039797438763e+01
5.358490800000001e+02 -7.496039797438711e+01
5.359317600000001e+02 -7.496039797438689e+01
5.360144400000000e+02 -7.496039797438698e+01
5.360971200000000e+02 -7.496039797438652e+01
5.361798000000000e+02 -7.496039797438603e+01
5.362624800000000e+02 -7.496039797438584e+01
5.363451600000001e+02 -7.496039797438587e+01
5.364278400000001e+02 -7.496039797438532e+01
5.365105200000000e+02 -7.496039797438476e+01
5.365932000000000e+02 -7.496039797438470e+01
5.366758800000000e+02 -7.496039797438465e+01
5.367585600000000e+02 -7.496039797438398e+01
5.368412400000000e+02 -7.496039797438337e+01
5.369239200000001e+02 -7.496039797438333e+01
5.370066000000000e+02 -7.496039797438318e+01
5.370892800000000e+02 -7.496039797438246e+01
5.371719600000000e+02 -7.496039797438186e+01
5.372546400000000e+02 -7.496039797438182e+01
5.373373200000000e+02 -7.496039797438156e+01
5.374200000000001e+02 -7.496039797438084e+01
5.375026800000001e+02 -7.496039797438034e+01
5.375853600000000e+02 -7.496039797438036e+01
5.376680400000000e+02 -7.496039797437997e+01
5.377507200000000e+02 -7.496039797437925e+01
5.378334000000000e+02 -7.496039797437879e+01
5.379160800000001e+02 -7.496039797437876e+01
5.379987600000001e+02 -7.496039797437827e+01
5.380814400000000e+02 -7.496039797437746e+01
5.381641200000000e+02 -7.496039797437709e+01
5.382468000000000e+02 -7.496039797437699e+01
5.383294800000000e+02 -7.496039797437662e+01
5.384121600000000e+02 -7.496039797437588e+01
5.384948400000001e+02 -7.496039797437558e+01
5.385775200000000e+02 -7.496039797437545e+01
5.386602000000000e+02 -7.496039797437498e+01
5.387428800000000e+02 -7.496039797437433e+01
5.388255600000000e+02 -7.496039797437402e+01
5.389082400000000e+02 -7.496039797436953e+01
5.389909200000001e+02 -7.496039797436900e+01
5.390736000000001e+02 -7.496039797436831e+01
5.391562800000000e+02 -7.496039797435148e+01
5.392389600000000e+02 -7.496039797434788e+01
5.393216400000000e+02 -7.496039797434732e+01
5.394043200000000e+02 -7.496039797434668e+01
5.394870000000000e+02 -7.496039797433008e+01
5.395696800000001e+02 -7.496039797432741e+01
5.396523600000000e+02 -7.496039797432678e+01
5.397350400000000e+02 -7.496039797432609e+01
5.398177200000000e+02 -7.496039797431048e+01
5.399004000000000e+02 -7.496039797430802e+01
5.399830800000000e+02 -7.496039797430743e+01
5.400657600000001e+02 -7.496039797430674e+01
5.401484400000001e+02 -7.496039797429296e+01
5.402311200000000e+02 -7.496039797429279e+01
5.403138000000000e+02 -7.496039797429212e+01
5.403964800000000e+02 -7.496039797429141e+01
5.404791600000000e+02 -7.496039797428016e+01
5.405618400000001e+02 -7.496039797427991e+01
5.406445200000001e+02 -7.496039797427926e+01
5.407272000000000e+02 -7.496039797427868e+01
5.408098800000000e+02 -7.496039797427854e+01
5.408925600000000e+02 -7.496039797427814e+01
5.409752400000000e+02 -7.496039797427740e+01
5.410579200000000e+02 -7.496039797427690e+01
5.411406000000001e+02 -7.496039797427675e+01
5.412232800000000e+02 -7.496039797427638e+01
5.413059600000000e+02 -7.496039797427571e+01
5.413886400000000e+02 -7.496039797427527e+01
5.414713200000000e+02 -7.496039797427508e+01
5.415540000000000e+02 -7.496039797427470e+01
5.416366800000001e+02 -7.496039797427399e+01
5.417193600000001e+02 -7.496039797427363e+01
5.418020400000000e+02 -7.496039797427345e+01
5.418847200000000e+02 -7.496039797427309e+01
5.419674000000000e+02 -7.496039797427245e+01
5.420500800000000e+02 -7.496039797427213e+01
5.421327600000001e+02 -7.496039797427191e+01
5.422154400000001e+02 -7.496039797427152e+01
5.422981200000000e+02 -7.496039797427095e+01
5.423808000000000e+02 -7.496039797427061e+01
5.424634800000000e+02 -7.496039797427042e+01
5.425461600000000e+02 -7.496039797427002e+01
5.426288400000000e+02 -7.496039797426954e+01
5.427115200000001e+02 -7.496039797426918e+01
5.427942000000000e+02 -7.496039797426913e+01
5.428768800000000e+02 -7.496039797426870e+01
5.429595600000000e+02 -7.496039797426816e+01
5.430422400000000e+02 -7.496039797426785e+01
5.431249200000000e+02 -7.496039797426772e+01
5.432076000000001e+02 -7.496039797426724e+01
5.432902800000001e+02 -7.496039797426677e+01
5.433729600000000e+02 -7.496039797426657e+01
5.434556400000000e+02 -7.496039797426650e+01
5.435383200000000e+02 -7.496039797426602e+01
5.436210000000000e+02 -7.496039797426560e+01
5.437036800000001e+02 -7.496039797426550e+01
5.437863600000001e+02 -7.496039797426535e+01
5.438690400000000e+02 -7.496039797426492e+01
5.439517200000000e+02 -7.496039797426452e+01
5.440344000000000e+02 -7.496039797426448e+01
5.441170800000000e+02 -7.496039797426420e+01
5.441997600000000e+02 -7.496039797426378e+01
5.442824400000001e+02 -7.496039797426349e+01
5.443651200000000e+02 -7.496039797426346e+01
5.444478000000000e+02 -7.496039797426322e+01
5.445304800000000e+02 -7.496039797426288e+01
5.446131600000000e+02 -7.496039797426261e+01
5.446958400000000e+02 -7.496039797426245e+01
5.447785200000001e+02 -7.496039797426228e+01
5.448612000000001e+02 -7.496039797426194e+01
5.449438800000000e+02 -7.496039797426170e+01
5.450265600000000e+02 -7.496039797426150e+01
5.451092400000000e+02 -7.496039797426140e+01
5.451919200000000e+02 -7.496039797426097e+01
5.452746000000001e+02 -7.496039797426060e+01
5.453572800000001e+02 -7.496039797426053e+01
5.454399600000000e+02 -7.496039797426036e+01
5.455226400000000e+02 -7.496039797425982e+01
5.456053200000000e+02 -7.496039797425944e+01
5.456880000000000e+02 -7.496039797425935e+01
5.457706800000000e+02 -7.496039797425919e+01
5.458533600000001e+02 -7.496039797425873e+01
5.459360400000000e+02 -7.496039797425833e+01
5.460187200000000e+02 -7.496039797425831e+01
5.461014000000000e+02 -7.496039797425804e+01
5.461840800000000e+02 -7.496039797425746e+01
5.462667600000000e+02 -7.496039797425723e+01
5.463494400000001e+02 -7.496039797425729e+01
5.464321200000001e+02 -7.496039797425692e+01
5.465148000000000e+02 -7.496039797425640e+01
5.465974800000000e+02 -7.496039797425620e+01
5.466801600000000e+02 -7.496039797425625e+01
5.467628400000000e+02 -7.496039797425590e+01
5.468455200000001e+02 -7.496039797425541e+01
5.469282000000001e+02 -7.496039797425532e+01
5.470108800000000e+02 -7.496039797425530e+01
5.470935600000000e+02 -7.496039797425490e+01
5.471762400000000e+02 -7.496039797425445e+01
5.472589200000000e+02 -7.496039797425438e+01
5.473416000000000e+02 -7.496039797425424e+01
5.474242800000001e+02 -7.496039797425394e+01
5.475069600000000e+02 -7.496039797425351e+01
5.475896400000000e+02 -7.496039797425338e+01
5.476723200000000e+02 -7.496039797425333e+01
5.477550000000000e+02 -7.496039797425310e+01
5.478376800000000e+02 -7.496039797425269e+01
5.479203600000001e+02 -7.496039797425249e+01
5.480030400000001e+02 -7.496039797425250e+01
5.480857200000000e+02 -7.496039797425225e+01
5.481684000000000e+02 -7.496039797425185e+01
5.482510800000000e+02 -7.496039797425168e+01
5.483337600000000e+02 -7.496039797425172e+01
5.484164400000001e+02 -7.496039797425139e+01
5.484991200000001e+02 -7.496039797425088e+01
5.485818000000000e+02 -7.496039797425078e+01
5.486644800000000e+02 -7.496039797425087e+01
5.487471600000000e+02 -7.496039797425045e+01
5.488298400000000e+02 -7.496039797424991e+01
5.489125200000000e+02 -7.496039797424993e+01
5.489952000000001e+02 -7.496039797424999e+01
5.490778800000001e+02 -7.496039797424946e+01
5.491605600000000e+02 -7.496039797424899e+01
5.492432400000000e+02 -7.496039797424906e+01
5.493259200000000e+02 -7.496039797424902e+01
5.494086000000000e+02 -7.496039797424845e+01
5.494912800000001e+02 -7.496039797424800e+01
5.495739600000001e+02 -7.496039797424818e+01
5.496566400000000e+02 -7.496039797424805e+01
5.497393200000000e+02 -7.496039797424748e+01
5.498220000000000e+02 -7.496039797424710e+01
5.499046800000000e+02 -7.496039797424716e+01
5.499873600000000e+02 -7.496039797424690e+01
5.500700400000001e+02 -7.496039797424636e+01
5.501527200000000e+02 -7.496039797424602e+01
5.502354000000000e+02 -7.496039797424608e+01
5.503180800000000e+02 -7.496039797424589e+01
5.504007600000000e+02 -7.496039797424531e+01
5.504834400000000e+02 -7.496039797424500e+01
5.505661200000001e+02 -7.496039797424500e+01
5.506488000000001e+02 -7.496039797424484e+01
5.507314800000000e+02 -7.496039797424422e+01
5.508141600000000e+02 -7.496039797424393e+01
5.508968400000000e+02 -7.496039797424392e+01
5.509795200000000e+02 -7.496039797424369e+01
5.510622000000001e+02 -7.496039797424311e+01
5.511448800000001e+02 -7.496039797424277e+01
5.512275600000000e+02 -7.496039797424281e+01
5.513102400000000e+02 -7.496039797424257e+01
5.513929200000000e+02 -7.496039797424189e+01
5.514756000000000e+02 -7.496039797424154e+01
5.515582800000000e+02 -7.496039797424166e+01
5.516409600000001e+02 -7.496039797424126e+01
5.517236400000000e+02 -7.496039797424058e+01
5.518063200000000e+02 -7.496039797424031e+01
5.518890000000000e+02 -7.496039797424041e+01
5.519716800000000e+02 -7.496039797423997e+01
5.520543600000000e+02 -7.496039797423927e+01
5.521370400000001e+02 -7.496039797423902e+01
5.522197200000001e+02 -7.496039797423913e+01
5.523024000000000e+02 -7.496039797423862e+01
5.523850800000000e+02 -7.496039797423794e+01
5.524677600000000e+02 -7.496039797423778e+01
5.525504400000000e+02 -7.496039797423776e+01
5.526331200000001e+02 -7.496039797423724e+01
5.527158000000001e+02 -7.496039797423654e+01
5.527984800000000e+02 -7.496039797423643e+01
5.528811600000000e+02 -7.496039797423632e+01
5.529638400000000e+02 -7.496039797423573e+01
5.530465200000000e+02 -7.496039797423505e+01
5.531292000000000e+02 -7.496039797423494e+01
5.532118800000001e+02 -7.496039797423474e+01
5.532945600000000e+02 -7.496039797423407e+01
5.533772400000000e+02 -7.496039797423347e+01
5.534599200000000e+02 -7.496039797423333e+01
5.535426000000000e+02 -7.496039797423309e+01
5.536252800000000e+02 -7.496039797423241e+01
5.537079600000001e+02 -7.496039797423181e+01
5.537906400000001e+02 -7.496039797422250e+01
5.538733200000000e+02 -7.496039797422219e+01
5.539560000000000e+02 -7.496039797422145e+01
5.540386800000000e+02 -7.496039797422090e+01
5.541213600000000e+02 -7.496039797421132e+01
5.542040400000001e+02 -7.496039797421102e+01
5.542867200000001e+02 -7.496039797421024e+01
5.543694000000000e+02 -7.496039797420968e+01
5.544520800000000e+02 -7.496039797420040e+01
5.545347600000000e+02 -7.496039797420006e+01
5.546174400000000e+02 -7.496039797419925e+01
5.547001200000000e+02 -7.496039797419871e+01
5.547828000000001e+02 -7.496039797419043e+01
5.548654800000000e+02 -7.496039797418992e+01
5.549481600000000e+02 -7.496039797418914e+01
5.550308400000000e+02 -7.496039797418860e+01
5.551135200000000e+02 -7.496039797418119e+01
5.551962000000000e+02 -7.496039797418067e+01
5.552788800000001e+02 -7.496039797417984e+01
5.553615600000001e+02 -7.496039797417939e+01
5.554442400000000e+02 -7.496039797417920e+01
5.555269200000000e+02 -7.496039797417862e+01
5.556096000000000e+02 -7.496039797417787e+01
5.556922800000000e+02 -7.496039797417752e+01
5.557749600000001e+02 -7.496039797417727e+01
5.558576400000001e+02 -7.496039797417669e+01
5.559403200000000e+02 -7.496039797417605e+01
5.560230000000000e+02 -7.496039797417578e+01
5.561056800000000e+02 -7.496039797417551e+01
5.561883600000000e+02 -7.496039797417487e+01
5.562710400000000e+02 -7.496039797417428e+01
5.563537200000001e+02 -7.496039797417411e+01
5.564364000000000e+02 -7.496039797417382e+01
5.565190800000000e+02 -7.496039797417329e+01
5.566017600000000e+02 -7.496039797417274e+01
5.566844400000000e+02 -7.496039797417251e+01
5.567671200000000e+02 -7.496039797417231e+01
5.568498000000001e+02 -7.496039797417177e+01
5.569324800000001e+02 -7.496039797417122e+01
5.570151600000000e+02 -7.496039797417099e+01
5.570978400000000e+02 -7.496039797417075e+01
5.571805200000000e+02 -7.496039797417019e+01
5.572632000000000e+02 -7.496039797416975e+01
5.573458800000001e+02 -7.496039797416950e+01
5.574285600000001e+02 -7.496039797416928e+01
5.575112400000000e+02 -7.496039797416879e+01
5.575939200000000e+02 -7.496039797416836e+01
5.576766000000000e+02 -7.496039797416817e+01
5.577592800000000e+02 -7.496039797416796e+01
5.578419600000000e+02 -7.496039797416749e+01
5.579246400000001e+02 -7.496039797416711e+01
5.580073200000000e+02 -7.496039797416695e+01
5.580900000000000e+02 -7.496039797416675e+01
5.581726800000000e+02 -7.496039797416624e+01
5.582553600000000e+02 -7.496039797416584e+01
5.583380400000000e+02 -7.496039797416580e+01
5.584207200000001e+02 -7.496039797416546e+01
5.585034000000001e+02 -7.496039797416503e+01
5.585860800000000e+02 -7.496039797416476e+01
5.586687600000000e+02 -7.496039797416474e+01
5.587514400000000e+02 -7.496039797416444e+01
5.588341200000000e+02 -7.496039797416398e+01
5.589168000000001e+02 -7.496039797416380e+01
5.589994800000001e+02 -7.496039797416375e+01
5.590821600000000e+02 -7.496039797416340e+01
5.591648400000000e+02 -7.496039797416300e+01
5.592475200000000e+02 -7.496039797416287e+01
5.593302000000000e+02 -7.496039797416279e+01
5.594128800000000e+02 -7.496039797416249e+01
5.594955600000001e+02 -7.496039797416216e+01
5.595782400000001e+02 -7.496039797416203e+01
5.596609200000000e+02 -7.496039797416184e+01
5.597436000000000e+02 -7.496039797416161e+01
5.598262800000000e+02 -7.496039797416122e+01
5.599089600000000e+02 -7.496039797416108e+01
5.599916400000001e+02 -7.496039797416098e+01
5.600743200000001e+02 -7.496039797416077e+01
5.601570000000000e+02 -7.496039797416039e+01
5.602396800000000e+02 -7.496039797416019e+01
5.603223600000000e+02 -7.496039797416016e+01
5.604050400000000e+02 -7.496039797415990e+01
5.604877200000000e+02 -7.496039797415955e+01
5.605704000000001e+02 -7.496039797415939e+01
5.606530800000000e+02 -7.496039797415946e+01
5.607357600000000e+02 -7.496039797415916e+01
5.608184400000000e+02 -7.496039797415872e+01
5.609011200000000e+02 -7.496039797415864e+01
5.609838000000000e+02 -7.496039797415864e+01
5.610664800000001e+02 -7.496039797415828e+01
5.611491600000001e+02 -7.496039797415793e+01
5.612318400000000e+02 -7.496039797415794e+01
5.613145200000000e+02 -7.496039797415786e+01
5.613972000000000e+02 -7.496039797415747e+01
5.614798800000000e+02 -7.496039797415712e+01
5.615625600000001e+02 -7.496039797415722e+01
5.616452400000001e+02 -7.496039797415703e+01
5.617279200000000e+02 -7.496039797415656e+01
5.618106000000000e+02 -7.496039797415624e+01
5.618932800000000e+02 -7.496039797415627e+01
5.619759600000000e+02 -7.496039797415604e+01
5.620586400000000e+02 -7.496039797415564e+01
5.621413200000001e+02 -7.496039797415536e+01
5.622240000000000e+02 -7.496039797415531e+01
5.623066800000000e+02 -7.496039797415511e+01
5.623893600000000e+02 -7.496039797415472e+01
5.624720400000000e+02 -7.496039797415445e+01
5.625547200000000e+02 -7.496039797415440e+01
5.626374000000001e+02 -7.496039797415420e+01
5.627200800000001e+02 -7.496039797415372e+01
5.628027600000000e+02 -7.496039797415339e+01
5.628854400000000e+02 -7.496039797415330e+01
5.629681200000000e+02 -7.496039797415322e+01
5.630508000000000e+02 -7.496039797415268e+01
5.631334800000001e+02 -7.496039797415230e+01
5.632161600000001e+02 -7.496039797415224e+01
5.632988400000000e+02 -7.496039797415209e+01
5.633815200000000e+02 -7.496039797415155e+01
5.634642000000000e+02 -7.496039797415115e+01
5.635468800000000e+02 -7.496039797415123e+01
5.636295600000000e+02 -7.496039797415101e+01
5.637122400000001e+02 -7.496039797415035e+01
5.637949200000000e+02 -7.496039797414990e+01
5.638776000000000e+02 -7.496039797415008e+01
5.639602800000000e+02 -7.496039797414973e+01
5.640429600000000e+02 -7.496039797414909e+01
5.641256400000000e+02 -7.496039797414880e+01
5.642083200000001e+02 -7.496039797414900e+01
5.642910000000001e+02 -7.496039797414861e+01
5.643736800000000e+02 -7.496039797414785e+01
5.644563600000000e+02 -7.496039797414772e+01
5.645390400000000e+02 -7.496039797414784e+01
5.646217200000000e+02 -7.496039797414740e+01
5.647044000000001e+02 -7.496039797414679e+01
5.647870800000001e+02 -7.496039797414673e+01
5.648697600000000e+02 -7.496039797414676e+01
5.649524400000000e+02 -7.496039797414636e+01
5.650351200000000e+02 -7.496039797414574e+01
5.651178000000000e+02 -7.496039797414568e+01
5.652004800000000e+02 -7.496039797414569e+01
5.652831600000001e+02 -7.496039797414520e+01
5.653658400000000e+02 -7.496039797414466e+01
5.654485200000000e+02 -7.496039797414464e+01
5.655312000000000e+02 -7.496039797414463e+01
5.656138800000000e+02 -7.496039797414413e+01
5.656965600000000e+02 -7.496039797414355e+01
5.657792400000001e+02 -7.496039797414348e+01
5.658619200000001e+02 -7.496039797414343e+01
5.659446000000000e+02 -7.496039797414289e+01
5.660272800000000e+02 -7.496039797414232e+01
5.661099600000000e+02 -7.496039797414223e+01
5.661926400000000e+02 -7.496039797414218e+01
5.662753200000001e+02 -7.496039797414164e+01
5.663580000000001e+02 -7.496039797414109e+01
5.664406800000000e+02 -7.496039797414097e+01
5.665233600000000e+02 -7.496039797414088e+01
5.666060400000000e+02 -7.496039797414019e+01
5.666887200000000e+02 -7.496039797413960e+01
5.667714000000000e+02 -7.496039797413954e+01
5.668540800000001e+02 -7.496039797413937e+01
5.669367600000000e+02 -7.496039797413866e+01
5.670194400000000e+02 -7.496039797413809e+01
5.671021200000000e+02 -7.496039797413813e+01
5.671848000000000e+02 -7.496039797413785e+01
5.672674800000000e+02 -7.496039797413704e+01
5.673501600000001e+02 -7.496039797413647e+01
5.674328400000001e+02 -7.496039797413653e+01
5.675155200000000e+02 -7.496039797413616e+01
5.675982000000000e+02 -7.496039797413530e+01
5.676808800000000e+02 -7.496039797413488e+01
5.677635600000000e+02 -7.496039797413485e+01
5.678462400000001e+02 -7.496039797413437e+01
5.679289200000001e+02 -7.496039797413357e+01
5.680116000000000e+02 -7.496039797413326e+01
5.680942800000000e+02 -7.496039797413314e+01
5.681769600000000e+02 -7.496039797413265e+01
5.682596400000000e+02 -7.496039797413184e+01
5.683423200000000e+02 -7.496039797413152e+01
5.684250000000001e+02 -7.496039797413137e+01
5.685076800000001e+02 -7.496039797413084e+01
5.685903600000000e+02 -7.496039797413012e+01
5.686730400000000e+02 -7.496039797412982e+01
5.687557200000000e+02 -7.496039797412965e+01
5.688384000000000e+02 -7.496039797412914e+01
5.689210800000001e+02 -7.496039797412845e+01
5.690037600000001e+02 -7.496039797411269e+01
5.690864400000000e+02 -7.496039797411247e+01
5.691691200000000e+02 -7.496039797411187e+01
5.692518000000000e+02 -7.496039797411122e+01
5.693344800000000e+02 -7.496039797409577e+01
5.694171600000001e+02 -7.496039797409199e+01
5.694998400000001e+02 -7.496039797409145e+01
5.695825200000000e+02 -7.496039797409080e+01
5.696652000000000e+02 -7.496039797407610e+01
5.697478800000000e+02 -7.496039797407251e+01
5.698305600000000e+02 -7.496039797407185e+01
5.699132400000000e+02 -7.496039797407133e+01
5.699959200000001e+02 -7.496039797405794e+01
5.700786000000001e+02 -7.496039797405770e+01
5.701612800000000e+02 -7.496039797405706e+01
5.702439600000000e+02 -7.496039797405642e+01
5.703266400000000e+02 -7.496039797405626e+01
5.704093200000000e+02 -7.496039797405599e+01
5.704920000000001e+02 -7.496039797405533e+01
5.705746800000001e+02 -7.496039797405479e+01
5.706573600000000e+02 -7.496039797405471e+01
5.707400400000000e+02 -7.496039797405437e+01
5.708227200000000e+02 -7.496039797405376e+01
5.709054000000000e+02 -7.496039797405332e+01
5.709880800000000e+02 -7.496039797405322e+01
5.710707600000001e+02 -7.496039797405284e+01
5.711534400000000e+02 -7.496039797405220e+01
5.712361200000000e+02 -7.496039797405184e+01
5.713188000000000e+02 -7.496039797405165e+01
5.714014800000000e+02 -7.496039797405128e+01
5.714841600000000e+02 -7.496039797405072e+01
5.715668400000001e+02 -7.496039797405044e+01
5.716495200000001e+02 -7.496039797405025e+01
5.717322000000000e+02 -7.496039797404994e+01
5.718148800000000e+02 -7.496039797404937e+01
5.718975600000000e+02 -7.496039797404907e+01
5.719802400000000e+02 -7.496039797404889e+01
5.720629200000001e+02 -7.496039797404849e+01
5.721456000000001e+02 -7.496039797404794e+01
5.722282800000000e+02 -7.496039797404765e+01
5.723109600000000e+02 -7.496039797404745e+01
5.723936400000000e+02 -7.496039797404710e+01
5.724763200000000e+02 -7.496039797404659e+01
5.725590000000000e+02 -7.496039797404636e+01
5.726416800000001e+02 -7.496039797404624e+01
5.727243600000000e+02 -7.496039797404588e+01
5.728070400000000e+02 -7.496039797404541e+01
5.728897200000000e+02 -7.496039797404512e+01
5.729724000000000e+02 -7.496039797404504e+01
5.730550800000000e+02 -7.496039797404465e+01
5.731377600000001e+02 -7.496039797404418e+01
5.732204400000001e+02 -7.496039797404399e+01
5.733031200000000e+02 -7.496039797404390e+01
5.733858000000000e+02 -7.496039797404350e+01
5.734684800000000e+02 -7.496039797404313e+01
5.735511600000000e+02 -7.496039797404300e+01
5.736338400000001e+02 -7.496039797404289e+01
5.737165200000001e+02 -7.496039797404246e+01
5.737992000000000e+02 -7.496039797404211e+01
5.738818800000000e+02 -7.496039797404207e+01
5.739645600000000e+02 -7.496039797404185e+01
5.740472400000000e+02 -7.496039797404153e+01
5.741299200000000e+02 -7.496039797404121e+01
5.742126000000001e+02 -7.496039797404123e+01
5.742952800000000e+02 -7.496039797404099e+01
5.743779600000000e+02 -7.496039797404062e+01
5.744606400000000e+02 -7.496039797404030e+01
5.745433200000000e+02 -7.496039797404023e+01
5.746260000000000e+02 -7.496039797404001e+01
5.747086800000001e+02 -7.496039797403964e+01
5.747913600000001e+02 -7.496039797403941e+01
5.748740400000000e+02 -7.496039797403920e+01
5.749567200000000e+02 -7.496039797403913e+01
5.750394000000000e+02 -7.496039797403873e+01
5.751220800000000e+02 -7.496039797403846e+01
5.752047600000001e+02 -7.496039797403826e+01
5.752874400000001e+02 -7.496039797403812e+01
5.753701200000000e+02 -7.496039797403763e+01
5.754528000000000e+02 -7.496039797403733e+01
5.755354800000000e+02 -7.496039797403721e+01
5.756181600000000e+02 -7.496039797403706e+01
5.757008400000000e+02 -7.496039797403651e+01
5.757835200000001e+02 -7.496039797403613e+01
5.758662000000000e+02 -7.496039797403617e+01
5.759488800000000e+02 -7.496039797403593e+01
5.760315600000000e+02 -7.496039797403536e+01
5.761142400000000e+02 -7.496039797403499e+01
5.761969200000000e+02 -7.496039797403508e+01
5.762796000000001e+02 -7.496039797403469e+01
5.763622800000001e+02 -7.496039797403411e+01
5.764449600000000e+02 -7.496039797403381e+01
5.765276400000000e+02 -7.496039797403380e+01
5.766103200000000e+02 -7.496039797403341e+01
5.766930000000000e+02 -7.496039797403283e+01
5.767756800000001e+02 -7.496039797403265e+01
5.768583600000001e+02 -7.496039797403260e+01
5.769410400000000e+02 -7.496039797403222e+01
5.770237200000000e+02 -7.496039797403172e+01
5.771064000000000e+02 -7.496039797403159e+01
5.771890800000000e+02 -7.496039797403149e+01
5.772717600000000e+02 -7.496039797403114e+01
5.773544400000001e+02 -7.496039797403066e+01
5.774371200000000e+02 -7.496039797403051e+01
5.775198000000000e+02 -7.496039797403040e+01
5.776024800000000e+02 -7.496039797403013e+01
5.776851600000000e+02 -7.496039797402968e+01
5.777678400000000e+02 -7.496039797402953e+01
5.778505200000001e+02 -7.496039797402946e+01
5.779332000000001e+02 -7.496039797402912e+01
5.780158800000000e+02 -7.496039797402867e+01
5.780985600000000e+02 -7.496039797402851e+01
5.781812400000000e+02 -7.496039797402854e+01
5.782639200000000e+02 -7.496039797402815e+01
5.783466000000001e+02 -7.496039797402760e+01
5.784292800000001e+02 -7.496039797402746e+01
5.785119600000000e+02 -7.496039797402750e+01
5.785946400000000e+02 -7.496039797402705e+01
5.786773200000000e+02 -7.496039797402659e+01
5.787600000000000e+02 -7.496039797402653e+01
5.788426800000000e+02 -7.496039797402659e+01
5.789253600000001e+02 -7.496039797402607e+01
5.790080400000001e+02 -7.496039797402560e+01
5.790907200000000e+02 -7.496039797402565e+01
5.791734000000000e+02 -7.496039797402558e+01
5.792560800000000e+02 -7.496039797402500e+01
5.793387600000000e+02 -7.496039797402450e+01
5.794214400000001e+02 -7.496039797402462e+01
5.795041200000001e+02 -7.496039797402450e+01
5.795868000000000e+02 -7.496039797402391e+01
5.796694800000000e+02 -7.496039797402352e+01
5.797521600000000e+02 -7.496039797402368e+01
5.798348400000000e+02 -7.496039797402342e+01
5.799175200000000e+02 -7.496039797402288e+01
5.800002000000001e+02 -7.496039797402256e+01
5.800828800000000e+02 -7.496039797402263e+01
5.801655600000000e+02 -7.496039797402234e+01
5.802482400000000e+02 -7.496039797402169e+01
5.803309200000000e+02 -7.496039797402149e+01
5.804136000000000e+02 -7.496039797402142e+01
5.804962800000001e+02 -7.496039797402111e+01
5.805789600000001e+02 -7.496039797402051e+01
5.806616400000000e+02 -7.496039797402028e+01
5.807443200000000e+02 -7.496039797402025e+01
5.808270000000000e+02 -7.496039797401994e+01
5.809096800000000e+02 -7.496039797401934e+01
5.809923600000001e+02 -7.496039797401906e+01
5.810750400000001e+02 -7.496039797401903e+01
5.811577200000000e+02 -7.496039797401870e+01
5.812404000000000e+02 -7.496039797401804e+01
5.813230800000000e+02 -7.496039797401778e+01
5.814057600000000e+02 -7.496039797401779e+01
5.814884400000000e+02 -7.496039797401745e+01
5.815711200000001e+02 -7.496039797401684e+01
5.816538000000000e+02 -7.496039797401650e+01
5.817364800000000e+02 -7.496039797401654e+01
5.818191600000000e+02 -7.496039797401609e+01
5.819018400000000e+02 -7.496039797401546e+01
5.819845200000000e+02 -7.496039797401519e+01
5.820672000000001e+02 -7.496039797401525e+01
5.821498800000001e+02 -7.496039797401471e+01
5.822325600000000e+02 -7.496039797401397e+01
5.823152400000000e+02 -7.496039797401382e+01
5.823979200000000e+02 -7.496039797401382e+01
5.824806000000000e+02 -7.496039797401329e+01
5.825632800000001e+02 -7.496039797401262e+01
5.826459600000001e+02 -7.496039797401257e+01
5.827286400000000e+02 -7.496039797401247e+01
5.828113200000000e+02 -7.496039797401181e+01
5.828940000000000e+02 -7.496039797401116e+01
5.829766800000000e+02 -7.496039797401116e+01
5.830593600000000e+02 -7.496039797401097e+01
5.831420400000001e+02 -7.496039797401032e+01
5.832247200000000e+02 -7.496039797400972e+01
5.833074000000000e+02 -7.496039797400962e+01
5.833900800000000e+02 -7.496039797400937e+01
5.834727600000000e+02 -7.496039797400863e+01
5.835554400000000e+02 -7.496039797400816e+01
5.836381200000001e+02 -7.496039797400798e+01
5.837208000000001e+02 -7.496039797400769e+01
5.838034800000000e+02 -7.496039797400699e+01
5.838861600000000e+02 -7.496039797400648e+01
5.839688400000000e+02 -7.496039797399813e+01
5.840515200000000e+02 -7.496039797399779e+01
5.841342000000001e+02 -7.496039797399708e+01
5.842168800000001e+02 -7.496039797399663e+01
5.842995600000000e+02 -7.496039797398808e+01
5.843822400000000e+02 -7.496039797398765e+01
5.844649200000000e+02 -7.496039797398694e+01
5.845476000000000e+02 -7.496039797398646e+01
5.846302800000000e+02 -7.496039797397829e+01
5.847129600000001e+02 -7.496039797397782e+01
5.847956400000000e+02 -7.496039797397709e+01
5.848783200000000e+02 -7.496039797397660e+01
5.849610000000000e+02 -7.496039797397646e+01
5.850436800000000e+02 -7.496039797397594e+01
5.851263600000000e+02 -7.496039797397520e+01
5.852090400000001e+02 -7.496039797397481e+01
5.852917200000001e+02 -7.496039797397466e+01
5.853744000000000e+02 -7.496039797397405e+01
5.854570800000000e+02 -7.496039797397337e+01
5.855397600000000e+02 -7.496039797397303e+01
5.856224400000000e+02 -7.496039797397283e+01
5.857051200000001e+02 -7.496039797397222e+01
5.857878000000001e+02 -7.496039797397157e+01
5.858704800000000e+02 -7.496039797397131e+01
5.859531600000000e+02 -7.496039797397108e+01
5.860358400000000e+02 -7.496039797397050e+01
5.861185200000000e+02 -7.496039797396989e+01
5.862012000000000e+02 -7.496039797396972e+01
5.862838800000001e+02 -7.496039797396944e+01
5.863665600000000e+02 -7.496039797396895e+01
5.864492400000000e+02 -7.496039797396837e+01
5.865319200000000e+02 -7.496039797396818e+01
5.866146000000000e+02 -7.496039797396791e+01
5.866972800000000e+02 -7.496039797396739e+01
5.867799600000001e+02 -7.496039797396695e+01
5.868626400000001e+02 -7.496039797396676e+01
5.869453200000000e+02 -7.496039797396649e+01
5.870280000000000e+02 -7.496039797396600e+01
5.871106800000000e+02 -7.496039797396566e+01
5.871933600000000e+02 -7.496039797396543e+01
5.872760400000001e+02 -7.496039797396529e+01
5.873587200000001e+02 -7.496039797396480e+01
5.874414000000000e+02 -7.496039797396445e+01
5.875240800000000e+02 -7.496039797396428e+01
5.876067600000000e+02 -7.496039797396408e+01
5.876894400000000e+02 -7.496039797396362e+01
5.877721200000000e+02 -7.496039797396327e+01
5.878548000000001e+02 -7.496039797396315e+01
5.879374800000001e+02 -7.496039797396293e+01
5.880201600000000e+02 -7.496039797396246e+01
5.881028400000000e+02 -7.496039797396213e+01
5.881855200000000e+02 -7.496039797396213e+01
5.882682000000000e+02 -7.496039797396188e+01
5.883508800000001e+02 -7.496039797396139e+01
5.884335600000001e+02 -7.496039797396111e+01
5.885162400000000e+02 -7.496039797396111e+01
5.885989200000000e+02 -7.496039797396075e+01
5.886816000000000e+02 -7.496039797396035e+01
5.887642800000000e+02 -7.496039797396020e+01
5.888469600000001e+02 -7.496039797396014e+01
5.889296400000001e+02 -7.496039797395977e+01
5.890123200000000e+02 -7.496039797395936e+01
5.890950000000000e+02 -7.496039797395922e+01
5.891776800000000e+02 -7.496039797395913e+01
5.892603600000000e+02 -7.496039797395886e+01
5.893430400000000e+02 -7.496039797395848e+01
5.894257200000001e+02 -7.496039797395835e+01
5.895084000000001e+02 -7.496039797395817e+01
5.895910800000000e+02 -7.496039797395784e+01
5.896737600000000e+02 -7.496039797395746e+01
5.897564400000000e+02 -7.496039797395730e+01
5.898391200000000e+02 -7.496039797395716e+01
5.899218000000001e+02 -7.496039797395696e+01
5.900044800000001e+02 -7.496039797395653e+01
5.900871600000000e+02 -7.496039797395630e+01
5.901698400000000e+02 -7.496039797395619e+01
5.902525200000000e+02 -7.496039797395589e+01
5.903352000000000e+02 -7.496039797395551e+01
5.904178800000000e+02 -7.496039797395531e+01
5.905005600000001e+02 -7.496039797395531e+01
5.905832400000000e+02 -7.496039797395501e+01
5.906659200000000e+02 -7.496039797395466e+01
5.907486000000000e+02 -7.496039797395447e+01
5.908312800000000e+02 -7.496039797395451e+01
5.909139600000000e+02 -7.496039797395416e+01
5.909966400000001e+02 -7.496039797395377e+01
5.910793200000001e+02 -7.496039797395376e+01
5.911620000000000e+02 -7.496039797395370e+01
5.912446800000000e+02 -7.496039797395322e+01
5.913273600000000e+02 -7.496039797395279e+01
5.914100400000000e+02 -7.496039797395282e+01
5.914927200000001e+02 -7.496039797395268e+01
5.915754000000001e+02 -7.496039797395224e+01
5.916580800000000e+02 -7.496039797395186e+01
5.917407600000000e+02 -7.496039797395193e+01
5.918234400000000e+02 -7.496039797395174e+01
5.919061200000000e+02 -7.496039797395130e+01
5.919888000000000e+02 -7.496039797395096e+01
5.920714800000001e+02 -7.496039797395102e+01
5.921541600000000e+02 -7.496039797395076e+01
5.922368400000000e+02 -7.496039797395035e+01
5.923195200000000e+02 -7.496039797395008e+01
5.924022000000000e+02 -7.496039797394995e+01
5.924848800000000e+02 -7.496039797394970e+01
5.925675600000001e+02 -7.496039797394920e+01
5.926502400000001e+02 -7.496039797394893e+01
5.927329200000000e+02 -7.496039797394882e+01
5.928156000000000e+02 -7.496039797394862e+01
5.928982800000000e+02 -7.496039797394809e+01
5.929809600000000e+02 -7.496039797394775e+01
5.930636400000001e+02 -7.496039797394771e+01
5.931463200000001e+02 -7.496039797394756e+01
5.932290000000000e+02 -7.496039797394701e+01
5.933116800000000e+02 -7.496039797394660e+01
5.933943600000000e+02 -7.496039797394658e+01
5.934770400000000e+02 -7.496039797394637e+01
5.935597200000000e+02 -7.496039797394577e+01
5.936424000000001e+02 -7.496039797394542e+01
5.937250800000000e+02 -7.496039797394556e+01
5.938077600000000e+02 -7.496039797394523e+01
5.938904400000000e+02 -7.496039797394455e+01
5.939731200000000e+02 -7.496039797394423e+01
5.940558000000000e+02 -7.496039797394444e+01
5.941384800000001e+02 -7.496039797394405e+01
5.942211600000001e+02 -7.496039797394334e+01
5.943038400000000e+02 -7.496039797394313e+01
5.943865200000000e+02 -7.496039797394330e+01
5.944692000000000e+02 -7.496039797394285e+01
5.945518800000000e+02 -7.496039797394218e+01
5.946345600000001e+02 -7.496039797394207e+01
5.947172400000001e+02 -7.496039797394212e+01
5.947999200000000e+02 -7.496039797394162e+01
5.948826000000000e+02 -7.496039797394099e+01
5.949652800000000e+02 -7.496039797394094e+01
5.950479600000000e+02 -7.496039797394093e+01
5.951306400000000e+02 -7.496039797394042e+01
5.952133200000001e+02 -7.496039797393983e+01
5.952960000000000e+02 -7.496039797393989e+01
5.953786800000000e+02 -7.496039797393979e+01
5.954613600000000e+02 -7.496039797393919e+01
5.955440400000000e+02 -7.496039797393865e+01
5.956267200000000e+02 -7.496039797393863e+01
5.957094000000001e+02 -7.496039797393856e+01
5.957920800000001e+02 -7.496039797393794e+01
5.958747600000000e+02 -7.496039797393743e+01
5.959574400000000e+02 -7.496039797393738e+01
5.960401200000000e+02 -7.496039797393725e+01
5.961228000000000e+02 -7.496039797393661e+01
5.962054800000001e+02 -7.496039797393607e+01
5.962881600000001e+02 -7.496039797393595e+01
5.963708400000000e+02 -7.496039797393580e+01
5.964535200000000e+02 -7.496039797393512e+01
5.965362000000000e+02 -7.496039797393460e+01
5.966188800000000e+02 -7.496039797393462e+01
5.967015600000000e+02 -7.496039797393438e+01
5.967842400000001e+02 -7.496039797393358e+01
5.968669200000001e+02 -7.496039797393311e+01
5.969496000000000e+02 -7.496039797393304e+01
5.970322800000000e+02 -7.496039797393274e+01
5.971149600000000e+02 -7.496039797393198e+01
5.971976400000000e+02 -7.496039797393149e+01
5.972803200000001e+02 -7.496039797393148e+01
5.973630000000001e+02 -7.496039797393104e+01
5.974456800000000e+02 -7.496039797393024e+01
5.975283600000000e+02 -7.496039797392986e+01
5.976110400000000e+02 -7.496039797392984e+01
5.976937200000000e+02 -7.496039797392939e+01
5.977764000000001e+02 -7.496039797392856e+01
5.978590800000001e+02 -7.496039797392825e+01
5.979417600000000e+02 -7.496039797392814e+01
5.980244400000000e+02 -7.496039797392757e+01
5.981071200000000e+02 -7.496039797392683e+01
5.981898000000000e+02 -7.496039797392656e+01
5.982724800000000e+02 -7.496039797392629e+01
5.983551600000001e+02 -7.496039797392581e+01
5.984378400000001e+02 -7.496039797392501e+01
5.985205200000000e+02 -7.496039797392480e+01
5.986032000000000e+02 -7.496039797392454e+01
5.986858800000000e+02 -7.496039797392392e+01
5.987685600000000e+02 -7.496039797392324e+01
5.988512400000001e+02 -7.496039797392299e+01
5.989339200000001e+02 -7.496039797392280e+01
5.990166000000000e+02 -7.496039797392220e+01
5.990992800000000e+02 -7.496039797392156e+01
5.991819600000000e+02 -7.496039797392130e+01
5.992646400000000e+02 -7.496039797392110e+01
5.993473200000001e+02 -7.496039797392051e+01
5.994300000000001e+02 -7.496039797391990e+01
5.995126800000000e+02 -7.496039797391970e+01
5.995953600000000e+02 -7.496039797391944e+01
5.996780400000000e+02 -7.496039797391887e+01
5.997607200000000e+02 -7.496039797391829e+01
5.998434000000000e+02 -7.496039797391808e+01
5.999260800000001e+02 -7.496039797391784e+01
6.000087600000001e+02 -7.496039797391724e+01
6.000914400000000e+02 -7.496039797391671e+01
6.001741200000000e+02 -7.496039797391656e+01
6.002568000000000e+02 -7.496039797391633e+01
6.003394800000000e+02 -7.496039797391566e+01
6.004221600000001e+02 -7.496039797391518e+01
6.005048400000001e+02 -7.496039797391508e+01
6.005875200000000e+02 -7.496039797391481e+01
6.006702000000000e+02 -7.496039797391428e+01
6.007528800000000e+02 -7.496039797391387e+01
6.008355600000000e+02 -7.496039797391381e+01
6.009182400000000e+02 -7.496039797391352e+01
6.010009200000001e+02 -7.496039797391300e+01
6.010836000000000e+02 -7.496039797391265e+01
6.011662800000000e+02 -7.496039797391251e+01
6.012489600000000e+02 -7.496039797391217e+01
6.013316400000000e+02 -7.496039797391163e+01
6.014143200000000e+02 -7.496039797391138e+01
6.014970000000001e+02 -7.496039797391124e+01
6.015796800000001e+02 -7.496039797391091e+01
6.016623600000000e+02 -7.496039797391045e+01
6.017450400000000e+02 -7.496039797391019e+01
6.018277200000000e+02 -7.496039797391003e+01
6.019104000000000e+02 -7.496039797390976e+01
6.019930800000001e+02 -7.496039797390931e+01
6.020757600000001e+02 -7.496039797390904e+01
6.021584400000000e+02 -7.496039797390895e+01
6.022411200000000e+02 -7.496039797390864e+01
6.023238000000000e+02 -7.496039797390824e+01
6.024064800000000e+02 -7.496039797390796e+01
6.024891600000000e+02 -7.496039797390787e+01
6.025718400000001e+02 -7.496039797390753e+01
6.026545200000000e+02 -7.496039797390706e+01
6.027372000000000e+02 -7.496039797390679e+01
6.028198800000000e+02 -7.496039797390674e+01
6.029025600000000e+02 -7.496039797390637e+01
6.029852400000000e+02 -7.496039797390591e+01
6.030679200000001e+02 -7.496039797390576e+01
6.031506000000001e+02 -7.496039797390564e+01
6.032332800000000e+02 -7.496039797390524e+01
6.033159600000000e+02 -7.496039797390482e+01
6.033986400000000e+02 -7.496039797390468e+01
6.034813200000000e+02 -7.496039797390456e+01
6.035640000000001e+02 -7.496039797390411e+01
6.036466800000001e+02 -7.496039797390371e+01
6.037293600000000e+02 -7.496039797390370e+01
6.038120400000000e+02 -7.496039797390355e+01
6.038947200000000e+02 -7.496039797390323e+01
6.039774000000000e+02 -7.496039797390287e+01
6.040600800000000e+02 -7.496039797390283e+01
6.041427600000001e+02 -7.496039797390264e+01
6.042254400000000e+02 -7.496039797390233e+01
6.043081200000000e+02 -7.496039797390202e+01
6.043908000000000e+02 -7.496039797390195e+01
6.044734800000000e+02 -7.496039797390178e+01
6.045561600000000e+02 -7.496039797390135e+01
6.046388400000001e+02 -7.496039797390108e+01
6.047215200000001e+02 -7.496039797390091e+01
6.048042000000000e+02 -7.496039797390068e+01
6.048868800000000e+02 -7.496039797390029e+01
6.049695600000000e+02 -7.496039797390003e+01
6.050522400000000e+02 -7.496039797389987e+01
6.051349200000001e+02 -7.496039797389966e+01
6.052176000000001e+02 -7.496039797389923e+01
6.053002800000000e+02 -7.496039797389886e+01
6.053829600000000e+02 -7.496039797389875e+01
6.054656400000000e+02 -7.496039797389858e+01
6.055483200000000e+02 -7.496039797389811e+01
6.056310000000000e+02 -7.496039797389774e+01
6.057136800000001e+02 -7.496039797389770e+01
6.057963600000000e+02 -7.496039797389751e+01
6.058790400000000e+02 -7.496039797389692e+01
6.059617200000000e+02 -7.496039797389648e+01
6.060444000000000e+02 -7.496039797389648e+01
6.061270800000000e+02 -7.496039797389618e+01
6.062097600000001e+02 -7.496039797389550e+01
6.062924400000001e+02 -7.496039797389510e+01
6.063751200000000e+02 -7.496039797389518e+01
6.064578000000000e+02 -7.496039797389477e+01
6.065404800000000e+02 -7.496039797389412e+01
6.066231600000000e+02 -7.496039797389389e+01
6.067058400000001e+02 -7.496039797389385e+01
6.067885200000001e+02 -7.496039797389336e+01
6.068712000000000e+02 -7.496039797389274e+01
6.069538800000000e+02 -7.496039797389267e+01
6.070365600000000e+02 -7.496039797389255e+01
6.071192400000000e+02 -7.496039797389213e+01
6.072019200000000e+02 -7.496039797389153e+01
6.072846000000001e+02 -7.496039797389146e+01
6.073672800000001e+02 -7.496039797389133e+01
6.074499600000000e+02 -7.496039797389091e+01
6.075326400000000e+02 -7.496039797389041e+01
6.076153200000000e+02 -7.496039797389028e+01
6.076980000000000e+02 -7.496039797389017e+01
6.077806800000001e+02 -7.496039797388974e+01
6.078633600000001e+02 -7.496039797388926e+01
6.079460400000000e+02 -7.496039797388912e+01
6.080287200000000e+02 -7.496039797388903e+01
6.081114000000000e+02 -7.496039797388862e+01
6.081940800000000e+02 -7.496039797388809e+01
6.082767600000001e+02 -7.496039797388789e+01
6.083594400000001e+02 -7.496039797388786e+01
6.084421200000000e+02 -7.496039797388741e+01
6.085248000000000e+02 -7.496039797388686e+01
6.086074800000000e+02 -7.496039797388677e+01
6.086901600000000e+02 -7.496039797388674e+01
6.087728400000000e+02 -7.496039797388615e+01
6.088555200000001e+02 -7.496039797388562e+01
6.089382000000001e+02 -7.496039797388561e+01
6.090208800000000e+02 -7.496039797388552e+01
6.091035600000000e+02 -7.496039797388485e+01
6.091862400000000e+02 -7.496039797388444e+01
6.092689200000000e+02 -7.496039797388458e+01
6.093516000000001e+02 -7.496039797388441e+01
6.094342800000001e+02 -7.496039797388373e+01
6.095169600000000e+02 -7.496039797388327e+01
6.095996400000000e+02 -7.496039797388339e+01
6.096823200000000e+02 -7.496039797388315e+01
6.097650000000000e+02 -7.496039797388244e+01
6.098476800000001e+02 -7.496039797388211e+01
6.099303600000001e+02 -7.496039797388224e+01
6.100130400000000e+02 -7.496039797388188e+01
6.100957200000000e+02 -7.496039797388121e+01
6.101784000000000e+02 -7.496039797388100e+01
6.102610800000000e+02 -7.496039797388100e+01
6.103437600000000e+02 -7.496039797388062e+01
6.104264400000001e+02 -7.496039797387998e+01
6.105091200000001e+02 -7.496039797387974e+01
6.105918000000000e+02 -7.496039797387974e+01
6.106744800000000e+02 -7.496039797387938e+01
6.107571600000000e+02 -7.496039797387873e+01
6.108398400000000e+02 -7.496039797387853e+01
6.109225200000001e+02 -7.496039797387851e+01
6.110052000000001e+02 -7.496039797387814e+01
6.110878800000000e+02 -7.496039797387749e+01
6.111705600000000e+02 -7.496039797387715e+01
6.112532400000000e+02 -7.496039797387715e+01
6.113359200000000e+02 -7.496039797387671e+01
6.114186000000000e+02 -7.496039797387604e+01
6.115012800000001e+02 -7.496039797387574e+01
6.115839600000000e+02 -7.496039797387573e+01
6.116666400000000e+02 -7.496039797387526e+01
6.117493200000000e+02 -7.496039797387459e+01
6.118320000000000e+02 -7.496039797387439e+01
6.119146800000000e+02 -7.496039797387438e+01
6.119973600000001e+02 -7.496039797387381e+01
6.120800400000001e+02 -7.496039797387316e+01
6.121627200000000e+02 -7.496039797387301e+01
6.122454000000000e+02 -7.496039797387296e+01
6.123280800000000e+02 -7.496039797387233e+01
6.124107600000000e+02 -7.496039797387166e+01
6.124934400000001e+02 -7.496039797387158e+01
6.125761200000001e+02 -7.496039797387149e+01
6.126588000000000e+02 -7.496039797387085e+01
6.127414800000000e+02 -7.496039797387026e+01
6.128241600000000e+02 -7.496039797387027e+01
6.129068400000000e+02 -7.496039797387006e+01
6.129895200000000e+02 -7.496039797386939e+01
6.130722000000001e+02 -7.496039797386885e+01
6.131548800000000e+02 -7.496039797386877e+01
6.132375600000000e+02 -7.496039797386850e+01
6.133202400000000e+02 -7.496039797386783e+01
6.134029200000000e+02 -7.496039797386742e+01
6.134856000000000e+02 -7.496039797386733e+01
6.135682800000001e+02 -7.496039797386703e+01
6.136509600000001e+02 -7.496039797386632e+01
6.137336400000000e+02 -7.496039797386592e+01
6.138163200000000e+02 -7.496039797386578e+01
6.138990000000000e+02 -7.496039797386545e+01
6.139816800000000e+02 -7.496039797386477e+01
6.140643600000001e+02 -7.496039797386435e+01
6.141470400000001e+02 -7.496039797386415e+01
6.142297200000000e+02 -7.496039797386375e+01
6.143124000000000e+02 -7.496039797386311e+01
6.143950800000000e+02 -7.496039797386267e+01
6.144777600000000e+02 -7.496039797386251e+01
6.145604400000000e+02 -7.496039797386210e+01
6.146431200000001e+02 -7.496039797386139e+01
6.147258000000000e+02 -7.496039797386096e+01
6.148084800000000e+02 -7.496039797386081e+01
6.148911600000000e+02 -7.496039797386032e+01
6.149738400000000e+02 -7.496039797385963e+01
6.150565200000000e+02 -7.496039797385922e+01
6.151392000000001e+02 -7.496039797385907e+01
6.152218800000001e+02 -7.496039797385855e+01
6.153045600000000e+02 -7.496039797385794e+01
6.153872400000000e+02 -7.496039797385760e+01
6.154699200000000e+02 -7.496039797385740e+01
6.155526000000000e+02 -7.496039797385687e+01
6.156352800000001e+02 -7.496039797385625e+01
6.157179600000001e+02 -7.496039797385606e+01
6.158006400000000e+02 -7.496039797385581e+01
6.158833200000000e+02 -7.496039797385534e+01
6.159660000000000e+02 -7.496039797385478e+01
6.160486800000000e+02 -7.496039797385455e+01
6.161313600000000e+02 -7.496039797385428e+01
6.162140400000001e+02 -7.496039797385374e+01
6.162967200000001e+02 -7.496039797385325e+01
6.163794000000000e+02 -7.496039797385303e+01
6.164620800000000e+02 -7.496039797385276e+01
6.165447600000000e+02 -7.496039797385232e+01
6.166274400000000e+02 -7.496039797385194e+01
6.167101200000001e+02 -7.496039797385177e+01
6.167928000000001e+02 -7.496039797385156e+01
6.168754800000000e+02 -7.496039797385109e+01
6.169581600000000e+02 -7.496039797385076e+01
6.170408400000000e+02 -7.496039797385052e+01
6.171235200000000e+02 -7.496039797385036e+01
6.172062000000001e+02 -7.496039797384989e+01
6.172888800000001e+02 -7.496039797384957e+01
6.173715600000000e+02 -7.496039797384934e+01
6.174542400000000e+02 -7.496039797384921e+01
6.175369200000000e+02 -7.496039797384880e+01
6.176196000000000e+02 -7.496039797384842e+01
6.177022800000000e+02 -7.496039797384829e+01
6.177849600000001e+02 -7.496039797384815e+01
6.178676400000001e+02 -7.496039797384778e+01
6.179503200000000e+02 -7.496039797384741e+01
6.180330000000000e+02 -7.496039797384736e+01
6.181156800000000e+02 -7.496039797384707e+01
6.181983600000000e+02 -7.496039797384663e+01
6.182810400000001e+02 -7.496039797384628e+01
6.183637200000001e+02 -7.496039797384637e+01
6.184464000000000e+02 -7.496039797384611e+01
6.185290800000000e+02 -7.496039797384570e+01
6.186117600000000e+02 -7.496039797384545e+01
6.186944400000000e+02 -7.496039797384546e+01
6.187771200000001e+02 -7.496039797384512e+01
6.188598000000001e+02 -7.496039797384462e+01
6.189424800000000e+02 -7.496039797384441e+01
6.190251600000000e+02 -7.496039797384434e+01
6.191078400000000e+02 -7.496039797384400e+01
6.191905200000000e+02 -7.496039797384358e+01
6.192732000000000e+02 -7.496039797384343e+01
6.193558800000001e+02 -7.496039797384327e+01
6.194385600000001e+02 -7.496039797384293e+01
6.195212400000000e+02 -7.496039797384253e+01
6.196039200000000e+02 -7.496039797384236e+01
6.196866000000000e+02 -7.496039797384216e+01
6.197692800000000e+02 -7.496039797384189e+01
6.198519600000001e+02 -7.496039797384148e+01
6.199346400000001e+02 -7.496039797384130e+01
6.200173200000000e+02 -7.496039797384115e+01
6.201000000000000e+02 -7.496039797384091e+01
6.201826800000000e+02 -7.496039797384046e+01
6.202653600000000e+02 -7.496039797384022e+01
6.203480400000001e+02 -7.496039797384014e+01
6.204307200000001e+02 -7.496039797383983e+01
6.205134000000000e+02 -7.496039797383939e+01
6.205960800000000e+02 -7.496039797383919e+01
6.206787600000000e+02 -7.496039797383916e+01
6.207614400000000e+02 -7.496039797383872e+01
6.208441200000000e+02 -7.496039797383827e+01
6.209268000000001e+02 -7.496039797383816e+01
6.210094800000001e+02 -7.496039797383813e+01
6.210921600000000e+02 -7.496039797383760e+01
6.211748400000000e+02 -7.496039797383717e+01
6.212575200000000e+02 -7.496039797383710e+01
6.213402000000000e+02 -7.496039797383698e+01
6.214228800000001e+02 -7.496039797383648e+01
6.215055600000001e+02 -7.496039797383607e+01
6.215882400000000e+02 -7.496039797383612e+01
6.216709200000000e+02 -7.496039797383591e+01
6.217536000000000e+02 -7.496039797383534e+01
6.218362800000000e+02 -7.496039797383497e+01
6.219189600000000e+02 -7.496039797383499e+01
6.220016400000001e+02 -7.496039797383470e+01
6.220843200000000e+02 -7.496039797383422e+01
6.221670000000000e+02 -7.496039797383392e+01
6.222496800000000e+02 -7.496039797383392e+01
6.223323600000000e+02 -7.496039797383359e+01
6.224150400000000e+02 -7.496039797383311e+01
6.224977200000001e+02 -7.496039797383285e+01
6.225804000000001e+02 -7.496039797383284e+01
6.226630800000000e+02 -7.496039797383261e+01
6.227457600000000e+02 -7.496039797383203e+01
6.228284400000000e+02 -7.496039797383179e+01
6.229111200000000e+02 -7.496039797383172e+01
6.229938000000001e+02 -7.496039797383145e+01
6.230764800000001e+02 -7.496039797383091e+01
6.231591600000000e+02 -7.496039797383052e+01
6.232418400000000e+02 -7.496039797383047e+01
6.233245200000000e+02 -7.496039797383020e+01
6.234072000000000e+02 -7.496039797382957e+01
6.234898800000000e+02 -7.496039797382927e+01
6.235725600000001e+02 -7.496039797382934e+01
6.236552400000000e+02 -7.496039797382896e+01
6.237379200000000e+02 -7.496039797382834e+01
6.238206000000000e+02 -7.496039797382801e+01
6.239032800000000e+02 -7.496039797382808e+01
6.239859600000000e+02 -7.496039797382768e+01
6.240686400000001e+02 -7.496039797382696e+01
6.241513200000001e+02 -7.496039797382680e+01
6.242340000000000e+02 -7.496039797382687e+01
6.243166800000000e+02 -7.496039797382639e+01
6.243993600000000e+02 -7.496039797382564e+01
6.244820400000000e+02 -7.496039797382556e+01
6.245647200000001e+02 -7.496039797382569e+01
6.246474000000001e+02 -7.496039797382514e+01
6.247300800000000e+02 -7.496039797382443e+01
6.248127600000000e+02 -7.496039797382446e+01
6.248954400000000e+02 -7.496039797382443e+01
6.249781200000000e+02 -7.496039797382383e+01
6.250608000000000e+02 -7.496039797382331e+01
6.251434800000001e+02 -7.496039797382333e+01
6.252261600000000e+02 -7.496039797382321e+01
6.253088400000000e+02 -7.496039797382262e+01
6.253915200000000e+02 -7.496039797382204e+01
6.254742000000000e+02 -7.496039797382207e+01
6.255568800000000e+02 -7.496039797382197e+01
6.256395600000001e+02 -7.496039797382133e+01
6.257222400000001e+02 -7.496039797382087e+01
6.258049200000000e+02 -7.496039797382082e+01
6.258876000000000e+02 -7.496039797382068e+01
6.259702800000000e+02 -7.496039797382001e+01
6.260529600000000e+02 -7.496039797381960e+01
6.261356400000001e+02 -7.496039797381958e+01
6.262183200000001e+02 -7.496039797381938e+01
6.263010000000000e+02 -7.496039797381867e+01
6.263836800000000e+02 -7.496039797381816e+01
6.264663600000000e+02 -7.496039797381816e+01
6.265490400000000e+02 -7.496039797381792e+01
6.266317200000000e+02 -7.496039797381721e+01
6.267144000000001e+02 -7.496039797381678e+01
6.267970800000001e+02 -7.496039797381677e+01
6.268797600000000e+02 -7.496039797381643e+01
6.269624400000000e+02 -7.496039797381565e+01
6.270451200000000e+02 -7.496039797381516e+01
6.271278000000000e+02 -7.496039797381519e+01
6.272104800000001e+02 -7.496039797381479e+01
6.272931600000001e+02 -7.496039797381401e+01
6.273758400000000e+02 -7.496039797381360e+01
6.274585200000000e+02 -7.496039797381354e+01
6.275412000000000e+02 -7.496039797381299e+01
6.276238800000000e+02 -7.496039797381219e+01
6.277065600000001e+02 -7.496039797381187e+01
6.277892400000001e+02 -7.496039797381178e+01
6.278719200000000e+02 -7.496039797381118e+01
6.279546000000000e+02 -7.496039797381043e+01
6.280372800000000e+02 -7.496039797381025e+01
6.281199600000000e+02 -7.496039797381006e+01
6.282026400000000e+02 -7.496039797380949e+01
6.282853200000001e+02 -7.496039797380875e+01
6.283680000000001e+02 -7.496039797380845e+01
6.284506800000000e+02 -7.496039797380823e+01
6.285333600000000e+02 -7.496039797380760e+01
6.286160400000000e+02 -7.496039797380692e+01
6.286987200000000e+02 -7.496039797380671e+01
6.287814000000001e+02 -7.496039797380645e+01
6.288640800000001e+02 -7.496039797380587e+01
6.289467600000000e+02 -7.496039797380526e+01
6.290294400000000e+02 -7.496039797380499e+01
6.291121200000000e+02 -7.496039797380477e+01
6.291948000000000e+02 -7.496039797380415e+01
6.292774800000001e+02 -7.496039797380361e+01
6.293601600000001e+02 -7.496039797380335e+01
6.294428400000000e+02 -7.496039797380315e+01
6.295255200000000e+02 -7.496039797380261e+01
6.296082000000000e+02 -7.496039797380206e+01
6.296908800000000e+02 -7.496039797380189e+01
6.297735600000000e+02 -7.496039797380166e+01
6.298562400000001e+02 -7.496039797380108e+01
6.299389200000001e+02 -7.496039797380055e+01
6.300216000000000e+02 -7.496039797380038e+01
6.301042800000000e+02 -7.496039797380016e+01
6.301869600000000e+02 -7.496039797379956e+01
6.302696400000000e+02 -7.496039797379912e+01
6.303523200000001e+02 -7.496039797379892e+01
6.304350000000001e+02 -7.496039797379862e+01
6.305176800000000e+02 -7.496039797379808e+01
6.306003600000000e+02 -7.496039797379770e+01
6.306830400000000e+02 -7.496039797379761e+01
6.307657200000000e+02 -7.496039797379734e+01
6.308484000000001e+02 -7.496039797379687e+01
6.309310800000001e+02 -7.496039797379660e+01
6.310137600000000e+02 -7.496039797379649e+01
6.310964400000000e+02 -7.496039797379622e+01
6.311791200000000e+02 -7.496039797379574e+01
6.312618000000000e+02 -7.496039797379552e+01
6.313444800000000e+02 -7.496039797379545e+01
6.314271600000001e+02 -7.496039797379514e+01
6.315098400000001e+02 -7.496039797379464e+01
6.315925200000000e+02 -7.496039797379444e+01
6.316752000000000e+02 -7.496039797379431e+01
6.317578800000000e+02 -7.496039797379402e+01
6.318405600000000e+02 -7.496039797379360e+01
6.319232400000001e+02 -7.496039797379342e+01
6.320059200000001e+02 -7.496039797379325e+01
6.320886000000000e+02 -7.496039797379299e+01
6.321712800000000e+02 -7.496039797379262e+01
6.322539600000000e+02 -7.496039797379233e+01
6.323366400000000e+02 -7.496039797379225e+01
6.324193200000000e+02 -7.496039797379193e+01
6.325020000000001e+02 -7.496039797379154e+01
6.325846800000000e+02 -7.496039797379126e+01
6.326673600000000e+02 -7.496039797379119e+01
6.327500400000000e+02 -7.496039797379083e+01
6.328327200000000e+02 -7.496039797379046e+01
6.329154000000000e+02 -7.496039797379026e+01
6.329980800000001e+02 -7.496039797379021e+01
6.330807600000001e+02 -7.496039797378987e+01
6.331634400000000e+02 -7.496039797378940e+01
6.332461200000000e+02 -7.496039797378923e+01
6.333288000000000e+02 -7.496039797378916e+01
6.334114800000000e+02 -7.496039797378877e+01
6.334941600000001e+02 -7.496039797378836e+01
6.335768400000001e+02 -7.496039797378830e+01
6.336595200000000e+02 -7.496039797378823e+01
6.337422000000000e+02 -7.496039797378779e+01
6.338248800000000e+02 -7.496039797378749e+01
6.339075600000000e+02 -7.496039797378745e+01
6.339902400000000e+02 -7.496039797378725e+01
6.340729200000001e+02 -7.496039797378687e+01
6.341556000000000e+02 -7.496039797378658e+01
6.342382800000000e+02 -7.496039797378646e+01
6.343209600000000e+02 -7.496039797378620e+01
6.344036400000000e+02 -7.496039797378582e+01
6.344863200000000e+02 -7.496039797378550e+01
6.345690000000001e+02 -7.496039797378536e+01
6.346516800000001e+02 -7.496039797378513e+01
6.347343600000000e+02 -7.496039797378475e+01
6.348170400000000e+02 -7.496039797378450e+01
6.348997200000000e+02 -7.496039797378432e+01
6.349824000000000e+02 -7.496039797378408e+01
6.350650800000001e+02 -7.496039797378360e+01
6.351477600000001e+02 -7.496039797378332e+01
6.352304400000000e+02 -7.496039797378312e+01
6.353131200000000e+02 -7.496039797378288e+01
6.353958000000000e+02 -7.496039797378241e+01
6.354784800000000e+02 -7.496039797378198e+01
6.355611600000000e+02 -7.496039797378191e+01
6.356438400000001e+02 -7.496039797378164e+01
6.357265200000001e+02 -7.496039797378106e+01
6.358092000000000e+02 -7.496039797378070e+01
6.358918800000000e+02 -7.496039797378070e+01
6.359745600000000e+02 -7.496039797378039e+01
6.360572400000000e+02 -7.496039797377972e+01
6.361399200000001e+02 -7.496039797377934e+01
6.362226000000001e+02 -7.496039797377934e+01
6.363052800000000e+02 -7.496039797377894e+01
6.363879600000000e+02 -7.496039797377823e+01
6.364706400000000e+02 -7.496039797377797e+01
6.365533200000000e+02 -7.496039797377803e+01
6.366360000000001e+02 -7.496039797377749e+01
6.367186800000001e+02 -7.496039797377681e+01
6.368013600000000e+02 -7.496039797377668e+01
6.368840400000000e+02 -7.496039797377664e+01
6.369667200000000e+02 -7.496039797377614e+01
6.370494000000000e+02 -7.496039797377551e+01
6.371320800000000e+02 -7.496039797377541e+01
6.372147600000001e+02 -7.496039797377526e+01
6.372974400000001e+02 -7.496039797377477e+01
6.373801200000000e+02 -7.496039797377426e+01
6.374628000000000e+02 -7.496039797377415e+01
6.375454800000000e+02 -7.496039797377396e+01
6.376281600000000e+02 -7.496039797377350e+01
6.377108400000001e+02 -7.496039797377293e+01
6.377935200000001e+02 -7.496039797377279e+01
6.378762000000000e+02 -7.496039797377270e+01
6.379588800000000e+02 -7.496039797377215e+01
6.380415600000000e+02 -7.496039797377171e+01
6.381242400000000e+02 -7.496039797377155e+01
6.382069200000001e+02 -7.496039797377144e+01
6.382896000000001e+02 -7.496039797377085e+01
6.383722800000000e+02 -7.496039797377034e+01
6.384549600000000e+02 -7.496039797377023e+01
6.385376400000000e+02 -7.496039797377018e+01
6.386203200000000e+02 -7.496039797376959e+01
6.387030000000000e+02 -7.496039797376902e+01
6.387856800000001e+02 -7.496039797376901e+01
6.388683600000001e+02 -7.496039797376889e+01
6.389510400000000e+02 -7.496039797376827e+01
6.390337200000000e+02 -7.496039797376778e+01
6.391164000000000e+02 -7.496039797376788e+01
6.391990800000000e+02 -7.496039797376770e+01
6.392817600000001e+02 -7.496039797376697e+01
6.393644400000001e+02 -7.496039797376659e+01
6.394471200000000e+02 -7.496039797376673e+01
6.395298000000000e+02 -7.496039797376639e+01
6.396124800000000e+02 -7.496039797376565e+01
6.396951600000000e+02 -7.496039797376534e+01
6.397778400000001e+02 -7.496039797376541e+01
6.398605200000001e+02 -7.496039797376504e+01
6.399432000000000e+02 -7.496039797376432e+01
6.400258800000000e+02 -7.496039797376409e+01
6.401085600000000e+02 -7.496039797376416e+01
6.401912400000000e+02 -7.496039797376372e+01
6.402739200000000e+02 -7.496039797376301e+01
6.403566000000001e+02 -7.496039797376282e+01
6.404392800000001e+02 -7.496039797376278e+01
6.405219600000000e+02 -7.496039797376231e+01
6.406046400000000e+02 -7.496039797376164e+01
6.406873200000000e+02 -7.496039797376149e+01
6.407700000000000e+02 -7.496039797376145e+01
6.408526800000001e+02 -7.496039797376093e+01
6.409353600000001e+02 -7.496039797376038e+01
6.410180400000000e+02 -7.496039797376017e+01
6.411007200000000e+02 -7.496039797376012e+01
6.411834000000000e+02 -7.496039797375963e+01
6.412660800000000e+02 -7.496039797375902e+01
6.413487600000001e+02 -7.496039797375883e+01
6.414314400000001e+02 -7.496039797375879e+01
6.415141200000000e+02 -7.496039797375823e+01
6.415968000000000e+02 -7.496039797375762e+01
6.416794800000000e+02 -7.496039797375745e+01
6.417621600000000e+02 -7.496039797375744e+01
6.418448400000000e+02 -7.496039797375681e+01
6.419275200000001e+02 -7.496039797375624e+01
6.420102000000001e+02 -7.496039797375602e+01
6.420928800000000e+02 -7.496039797375589e+01
6.421755600000000e+02 -7.496039797375529e+01
6.422582400000000e+02 -7.496039797375471e+01
6.423409200000000e+02 -7.496039797375468e+01
6.424236000000001e+02 -7.496039797375452e+01
6.425062800000001e+02 -7.496039797375386e+01
6.425889600000000e+02 -7.496039797375336e+01
6.426716400000000e+02 -7.496039797375342e+01
6.427543200000000e+02 -7.496039797375315e+01
6.428370000000000e+02 -7.496039797375255e+01
6.429196800000000e+02 -7.496039797375211e+01
6.430023600000001e+02 -7.496039797375209e+01
6.430850400000000e+02 -7.496039797375177e+01
6.431677200000000e+02 -7.496039797375118e+01
6.432504000000000e+02 -7.496039797375082e+01
6.433330800000000e+02 -7.496039797375073e+01
6.434157600000000e+02 -7.496039797375043e+01
6.434984400000001e+02 -7.496039797374978e+01
6.435811200000001e+02 -7.496039797374939e+01
6.436638000000000e+02 -7.496039797374927e+01
6.437464800000000e+02 -7.496039797374898e+01
6.438291600000000e+02 -7.496039797374839e+01
6.439118400000000e+02 -7.496039797374803e+01
6.439945200000001e+02 -7.496039797374792e+01
6.440772000000001e+02 -7.496039797374755e+01
6.441598800000000e+02 -7.496039797374692e+01
6.442425600000000e+02 -7.496039797374664e+01
6.443252400000000e+02 -7.496039797374651e+01
6.444079200000000e+02 -7.496039797374608e+01
6.444906000000000e+02 -7.496039797374547e+01
6.445732800000001e+02 -7.496039797374512e+01
6.446559600000001e+02 -7.496039797374500e+01
6.447386400000000e+02 -7.496039797374461e+01
6.448213200000000e+02 -7.496039797374398e+01
6.449040000000000e+02 -7.496039797374372e+01
6.449866800000000e+02 -7.496039797374358e+01
6.450693600000001e+02 -7.496039797374308e+01
6.451520400000001e+02 -7.496039797374256e+01
6.452347200000000e+02 -7.496039797374229e+01
6.453174000000000e+02 -7.496039797374213e+01
6.454000800000000e+02 -7.496039797374162e+01
6.454827600000000e+02 -7.496039797374110e+01
6.455654400000001e+02 -7.496039797374097e+01
6.456481200000001e+02 -7.496039797374085e+01
6.457308000000000e+02 -7.496039797374031e+01
6.458134800000000e+02 -7.496039797373979e+01
6.458961600000000e+02 -7.496039797373962e+01
6.459788400000000e+02 -7.496039797373936e+01
6.460615200000000e+02 -7.496039797373891e+01
6.461442000000001e+02 -7.496039797373848e+01
6.462268800000001e+02 -7.496039797373822e+01
6.463095600000000e+02 -7.496039797373798e+01
6.463922400000000e+02 -7.496039797373750e+01
6.464749200000000e+02 -7.496039797373716e+01
6.465576000000000e+02 -7.496039797373693e+01
6.466402800000001e+02 -7.496039797373675e+01
6.467229600000001e+02 -7.496039797373645e+01
6.468056400000000e+02 -7.496039797373609e+01
6.468883200000000e+02 -7.496039797373582e+01
6.469710000000000e+02 -7.496039797373567e+01
6.470536800000000e+02 -7.496039797373520e+01
6.471363600000001e+02 -7.496039797373479e+01
6.472190400000001e+02 -7.496039797373459e+01
6.473017200000000e+02 -7.496039797373447e+01
6.473844000000000e+02 -7.496039797373409e+01
6.474670800000000e+02 -7.496039797373371e+01
6.475497600000000e+02 -7.496039797373356e+01
6.476324400000000e+02 -7.496039797373338e+01
6.477151200000001e+02 -7.496039797373295e+01
6.477978000000001e+02 -7.496039797373258e+01
6.478804800000000e+02 -7.496039797373248e+01
6.479631600000000e+02 -7.496039797373226e+01
6.480458400000000e+02 -7.496039797373177e+01
6.481285200000000e+02 -7.496039797373143e+01
6.482112000000001e+02 -7.496039797373138e+01
6.482938800000001e+02 -7.496039797373113e+01
6.483765600000000e+02 -7.496039797373071e+01
6.484592400000000e+02 -7.496039797373034e+01
6.485419200000000e+02 -7.496039797373031e+01
6.486246000000000e+02 -7.496039797373003e+01
6.487072800000001e+02 -7.496039797372950e+01
6.487899600000001e+02 -7.496039797372924e+01
6.488726400000000e+02 -7.496039797372917e+01
6.489553200000000e+02 -7.496039797372882e+01
6.490380000000000e+02 -7.496039797372828e+01
6.491206800000000e+02 -7.496039797372811e+01
6.492033600000000e+02 -7.496039797372795e+01
6.492860400000001e+02 -7.496039797372758e+01
6.493687200000001e+02 -7.496039797372717e+01
6.494514000000000e+02 -7.496039797372696e+01
6.495340800000000e+02 -7.496039797372674e+01
6.496167600000000e+02 -7.496039797372636e+01
6.496994400000000e+02 -7.496039797372589e+01
6.497821200000001e+02 -7.496039797372568e+01
6.498648000000001e+02 -7.496039797372552e+01
6.499474800000000e+02 -7.496039797372515e+01
6.500301600000000e+02 -7.496039797372465e+01
6.501128400000000e+02 -7.496039797372434e+01
6.501955200000000e+02 -7.496039797372421e+01
6.502782000000001e+02 -7.496039797372386e+01
6.503608800000001e+02 -7.496039797372335e+01
6.504435600000000e+02 -7.496039797372305e+01
6.505262400000000e+02 -7.496039797372302e+01
6.506089200000000e+02 -7.496039797372256e+01
6.506916000000000e+02 -7.496039797372204e+01
6.507742800000000e+02 -7.496039797372187e+01
6.508569600000001e+02 -7.496039797372175e+01
6.509396400000001e+02 -7.496039797372130e+01
6.510223200000000e+02 -7.496039797372086e+01
6.511050000000000e+02 -7.496039797372077e+01
6.511876800000000e+02 -7.496039797372067e+01
6.512703600000000e+02 -7.496039797372013e+01
6.513530400000001e+02 -7.496039797371952e+01
6.514357200000001e+02 -7.496039797371958e+01
6.515184000000000e+02 -7.496039797371934e+01
6.516010800000000e+02 -7.496039797371873e+01
6.516837600000000e+02 -7.496039797371833e+01
6.517664400000000e+02 -7.496039797371836e+01
6.518491200000000e+02 -7.496039797371810e+01
6.519318000000001e+02 -7.496039797371752e+01
6.520144800000000e+02 -7.496039797371719e+01
6.520971600000000e+02 -7.496039797371721e+01
6.521798400000000e+02 -7.496039797371678e+01
6.522625200000000e+02 -7.496039797371623e+01
6.523452000000000e+02 -7.496039797371594e+01
6.524278800000001e+02 -7.496039797371590e+01
6.525105600000001e+02 -7.496039797371554e+01
6.525932400000000e+02 -7.496039797371499e+01
6.526759200000000e+02 -7.496039797371483e+01
6.527586000000000e+02 -7.496039797371473e+01
6.528412800000000e+02 -7.496039797371438e+01
6.529239600000001e+02 -7.496039797371380e+01
6.530066400000001e+02 -7.496039797371357e+01
6.530893200000000e+02 -7.496039797371348e+01
6.531720000000000e+02 -7.496039797371316e+01
6.532546800000000e+02 -7.496039797371259e+01
6.533373600000000e+02 -7.496039797371229e+01
6.534200400000000e+02 -7.496039797371233e+01
6.535027200000001e+02 -7.496039797371201e+01
6.535854000000000e+02 -7.496039797371135e+01
6.536680800000000e+02 -7.496039797371114e+01
6.537507600000000e+02 -7.496039797371121e+01
6.538334400000000e+02 -7.496039797371076e+01
6.539161200000000e+02 -7.496039797371010e+01
6.539988000000001e+02 -7.496039797370990e+01
6.540814800000001e+02 -7.496039797370999e+01
6.541641600000000e+02 -7.496039797370948e+01
6.542468400000000e+02 -7.496039797370881e+01
6.543295200000000e+02 -7.496039797370877e+01
6.544122000000000e+02 -7.496039797370877e+01
6.544948800000001e+02 -7.496039797370821e+01
6.545775600000001e+02 -7.496039797370756e+01
6.546602400000000e+02 -7.496039797370752e+01
6.547429200000000e+02 -7.496039797370754e+01
6.548256000000000e+02 -7.496039797370692e+01
6.549082800000000e+02 -7.496039797370634e+01
6.549909600000000e+02 -7.496039797370635e+01
6.550736400000001e+02 -7.496039797370622e+01
6.551563200000001e+02 -7.496039797370557e+01
6.552390000000000e+02 -7.496039797370508e+01
6.553216800000000e+02 -7.496039797370511e+01
6.554043600000000e+02 -7.496039797370496e+01
6.554870400000000e+02 -7.496039797370436e+01
6.555697200000001e+02 -7.496039797370393e+01
6.556524000000001e+02 -7.496039797370396e+01
6.557350800000000e+02 -7.496039797370372e+01
6.558177600000000e+02 -7.496039797370307e+01
6.559004400000000e+02 -7.496039797370267e+01
6.559831200000000e+02 -7.496039797370265e+01
6.560658000000001e+02 -7.496039797370241e+01
6.561484800000001e+02 -7.496039797370176e+01
6.562311600000000e+02 -7.496039797370132e+01
6.563138400000000e+02 -7.496039797370125e+01
6.563965200000000e+02 -7.496039797370102e+01
6.564792000000000e+02 -7.496039797370031e+01
6.565618800000000e+02 -7.496039797369997e+01
6.566445600000001e+02 -7.496039797369991e+01
6.567272400000001e+02 -7.496039797369956e+01
6.568099200000000e+02 -7.496039797369887e+01
6.568926000000000e+02 -7.496039797369848e+01
6.569752800000000e+02 -7.496039797369853e+01
6.570579600000000e+02 -7.496039797369811e+01
6.571406400000001e+02 -7.496039797369737e+01
6.572233200000001e+02 -7.496039797369703e+01
6.573060000000000e+02 -7.496039797369704e+01
6.573886800000000e+02 -7.496039797369646e+01
6.574713600000000e+02 -7.496039797369571e+01
6.575540400000000e+02 -7.496039797369536e+01
6.576367200000001e+02 -7.496039797369524e+01
6.577194000000001e+02 -7.496039797369463e+01
6.578020800000000e+02 -7.496039797369396e+01
6.578847600000000e+02 -7.496039797369372e+01
6.579674400000000e+02 -7.496039797369352e+01
6.580501200000000e+02 -7.496039797369296e+01
6.581328000000000e+02 -7.496039797369227e+01
6.582154800000001e+02 -7.496039797369200e+01
6.582981600000001e+02 -7.496039797369176e+01
6.583808400000000e+02 -7.496039797369122e+01
6.584635200000000e+02 -7.496039797369062e+01
6.585462000000000e+02 -7.496039797369041e+01
6.586288800000000e+02 -7.496039797369016e+01
6.587115600000001e+02 -7.496039797368957e+01
6.587942400000001e+02 -7.496039797368896e+01
6.588769200000000e+02 -7.496039797368874e+01
6.589596000000000e+02 -7.496039797368853e+01
6.590422800000000e+02 -7.496039797368790e+01
6.591249600000000e+02 -7.496039797368738e+01
6.592076400000001e+02 -7.496039797368715e+01
6.592903200000001e+02 -7.496039797368692e+01
6.593730000000000e+02 -7.496039797368636e+01
6.594556800000000e+02 -7.496039797368584e+01
6.595383600000000e+02 -7.496039797368563e+01
6.596210400000000e+02 -7.496039797368536e+01
6.597037200000000e+02 -7.496039797368485e+01
6.597864000000001e+02 -7.496039797368441e+01
6.598690800000001e+02 -7.496039797368428e+01
6.599517600000000e+02 -7.496039797368405e+01
6.600344400000000e+02 -7.496039797368357e+01
6.601171200000000e+02 -7.496039797368313e+01
6.601998000000000e+02 -7.496039797368304e+01
6.602824800000001e+02 -7.496039797368276e+01
6.603651600000001e+02 -7.496039797368223e+01
6.604478400000000e+02 -7.496039797368186e+01
6.605305200000000e+02 -7.496039797368182e+01
6.606132000000000e+02 -7.496039797368154e+01
6.606958800000000e+02 -7.496039797368103e+01
6.607785600000001e+02 -7.496039797368073e+01
6.608612400000001e+02 -7.496039797368068e+01
6.609439200000000e+02 -7.496039797368040e+01
6.610266000000000e+02 -7.496039797367990e+01
6.611092800000000e+02 -7.496039797367970e+01
6.611919600000000e+02 -7.496039797367958e+01
6.612746400000000e+02 -7.496039797367922e+01
6.613573200000001e+02 -7.496039797367877e+01
6.614400000000001e+02 -7.496039797367858e+01
6.615226800000000e+02 -7.496039797367844e+01
6.616053600000000e+02 -7.496039797367820e+01
6.616880400000000e+02 -7.496039797367781e+01
6.617707200000000e+02 -7.496039797367764e+01
6.618534000000001e+02 -7.496039797367747e+01
6.619360800000001e+02 -7.496039797367719e+01
6.620187600000000e+02 -7.496039797367679e+01
6.621014400000000e+02 -7.496039797367661e+01
6.621841200000000e+02 -7.496039797367645e+01
6.622668000000000e+02 -7.496039797367621e+01
6.623494800000000e+02 -7.496039797367584e+01
6.624321600000001e+02 -7.496039797367553e+01
6.625148400000000e+02 -7.496039797367546e+01
6.625975200000000e+02 -7.496039797367517e+01
6.626802000000000e+02 -7.496039797367470e+01
6.627628800000000e+02 -7.496039797367446e+01
6.628455600000000e+02 -7.496039797367438e+01
6.629282400000001e+02 -7.496039797367401e+01
6.630109200000001e+02 -7.496039797367355e+01
6.630936000000000e+02 -7.496039797367339e+01
6.631762800000000e+02 -7.496039797367334e+01
6.632589600000000e+02 -7.496039797367297e+01
6.633416400000000e+02 -7.496039797367246e+01
6.634243200000001e+02 -7.496039797367237e+01
6.635070000000001e+02 -7.496039797367220e+01
6.635896800000000e+02 -7.496039797367182e+01
6.636723600000000e+02 -7.496039797367139e+01
6.637550400000000e+02 -7.496039797367136e+01
6.638377200000000e+02 -7.496039797367114e+01
6.639204000000000e+02 -7.496039797367075e+01
6.640030800000001e+02 -7.496039797367040e+01
6.640857600000001e+02 -7.496039797367037e+01
6.641684400000000e+02 -7.496039797367011e+01
6.642511200000000e+02 -7.496039797366967e+01
6.643338000000000e+02 -7.496039797366933e+01
6.644164800000000e+02 -7.496039797366922e+01
6.644991600000001e+02 -7.496039797366898e+01
6.645818400000001e+02 -7.496039797366844e+01
6.646645200000000e+02 -7.496039797366818e+01
6.647472000000000e+02 -7.496039797366802e+01
6.648298800000000e+02 -7.496039797366784e+01
6.649125600000000e+02 -7.496039797366738e+01
6.649952400000001e+02 -7.496039797366704e+01
6.650779200000001e+02 -7.496039797366684e+01
6.651606000000000e+02 -7.496039797366666e+01
6.652432800000000e+02 -7.496039797366613e+01
6.653259600000000e+02 -7.496039797366578e+01
6.654086400000000e+02 -7.496039797366559e+01
6.654913200000000e+02 -7.496039797366537e+01
6.655740000000001e+02 -7.496039797366484e+01
6.656566800000001e+02 -7.496039797366443e+01
6.657393600000000e+02 -7.496039797366440e+01
6.658220400000000e+02 -7.496039797366414e+01
6.659047200000000e+02 -7.496039797366350e+01
6.659874000000000e+02 -7.496039797366306e+01
6.660700800000001e+02 -7.496039797366308e+01
6.661527600000001e+02 -7.496039797366267e+01
6.662354400000000e+02 -7.496039797366194e+01
6.663181200000000e+02 -7.496039797366164e+01
6.664008000000000e+02 -7.496039797366164e+01
6.664834800000000e+02 -7.496039797366113e+01
6.665661600000001e+02 -7.496039797366041e+01
6.666488400000001e+02 -7.496039797366025e+01
6.667315200000000e+02 -7.496039797366022e+01
6.668142000000000e+02 -7.496039797365962e+01
6.668968800000000e+02 -7.496039797365896e+01
6.669795600000000e+02 -7.496039797365887e+01
6.670622400000000e+02 -7.496039797365871e+01
6.671449200000001e+02 -7.496039797365812e+01
6.672276000000001e+02 -7.496039797365748e+01
6.673102800000000e+02 -7.496039797365745e+01
6.673929600000000e+02 -7.496039797365722e+01
6.674756400000000e+02 -7.496039797365657e+01
6.675583200000000e+02 -7.496039797365601e+01
6.676410000000001e+02 -7.496039797365589e+01
6.677236800000001e+02 -7.496039797365572e+01
6.678063600000000e+02 -7.496039797365513e+01
6.678890400000000e+02 -7.496039797365461e+01
6.679717200000000e+02 -7.496039797365449e+01
6.680544000000000e+02 -7.496039797365445e+01
6.681370800000001e+02 -7.496039797365387e+01
6.682197600000001e+02 -7.496039797365340e+01
6.683024400000000e+02 -7.496039797365331e+01
6.683851200000000e+02 -7.496039797365319e+01
6.684678000000000e+02 -7.496039797365253e+01
6.685504800000000e+02 -7.496039797365204e+01
6.686331600000000e+02 -7.496039797365199e+01
6.687158400000001e+02 -7.496039797365189e+01
6.687985200000001e+02 -7.496039797365121e+01
6.688812000000000e+02 -7.496039797365080e+01
6.689638800000000e+02 -7.496039797365086e+01
6.690465600000000e+02 -7.496039797365061e+01
6.691292400000000e+02 -7.496039797364990e+01
6.692119200000001e+02 -7.496039797364952e+01
6.692946000000001e+02 -7.496039797364962e+01
6.693772800000000e+02 -7.496039797364929e+01
6.694599600000000e+02 -7.496039797364857e+01
6.695426400000000e+02 -7.496039797364830e+01
6.696253200000000e+02 -7.496039797364844e+01
6.697080000000001e+02 -7.496039797364791e+01
6.697906800000001e+02 -7.496039797364712e+01
6.698733600000000e+02 -7.496039797364691e+01
6.699560400000000e+02 -7.496039797364693e+01
6.700387200000000e+02 -7.496039797364645e+01
6.701214000000000e+02 -7.496039797364581e+01
6.702040800000000e+02 -7.496039797364566e+01
6.702867600000001e+02 -7.496039797364560e+01
6.703694400000001e+02 -7.496039797364514e+01
6.704521200000000e+02 -7.496039797364446e+01
6.705348000000000e+02 -7.496039797364435e+01
6.706174800000000e+02 -7.496039797364422e+01
6.707001600000000e+02 -7.496039797364372e+01
6.707828400000001e+02 -7.496039797364315e+01
6.708655200000001e+02 -7.496039797364307e+01
6.709482000000000e+02 -7.496039797364294e+01
6.710308800000000e+02 -7.496039797364242e+01
6.711135600000000e+02 -7.496039797364182e+01
6.711962400000000e+02 -7.496039797364162e+01
6.712789200000001e+02 -7.496039797364153e+01
6.713616000000001e+02 -7.496039797364099e+01
6.714442800000000e+02 -7.496039797364043e+01
6.715269600000000e+02 -7.496039797364027e+01
6.716096400000000e+02 -7.496039797364016e+01
6.716923200000000e+02 -7.496039797363949e+01
6.717750000000000e+02 -7.496039797363891e+01
6.718576800000001e+02 -7.496039797363885e+01
6.719403600000001e+02 -7.496039797363873e+01
6.720230400000000e+02 -7.496039797363811e+01
6.721057200000000e+02 -7.496039797363760e+01
6.721884000000000e+02 -7.496039797363757e+01
6.722710800000000e+02 -7.496039797363740e+01
6.723537600000001e+02 -7.496039797363682e+01
6.724364400000001e+02 -7.496039797363633e+01
6.725191200000000e+02 -7.496039797363628e+01
6.726018000000000e+02 -7.496039797363601e+01
6.726844800000000e+02 -7.496039797363541e+01
6.727671600000000e+02 -7.496039797363491e+01
6.728498400000000e+02 -7.496039797363491e+01
6.729325200000001e+02 -7.496039797363456e+01
6.730152000000000e+02 -7.496039797363393e+01
6.730978800000000e+02 -7.496039797363355e+01
6.731805600000000e+02 -7.496039797363353e+01
6.732632400000000e+02 -7.496039797363328e+01
6.733459200000000e+02 -7.496039797363268e+01
6.734286000000001e+02 -7.496039797363240e+01
6.735112800000001e+02 -7.496039797363231e+01
6.735939600000000e+02 -7.496039797363203e+01
6.736766400000000e+02 -7.496039797363149e+01
6.737593200000000e+02 -7.496039797363110e+01
6.738420000000000e+02 -7.496039797363098e+01
6.739246800000001e+02 -7.496039797363066e+01
6.740073600000001e+02 -7.496039797363012e+01
6.740900400000000e+02 -7.496039797362992e+01
6.741727200000000e+02 -7.496039797362977e+01
6.742554000000000e+02 -7.496039797362945e+01
6.743380800000000e+02 -7.496039797362889e+01
6.744207600000000e+02 -7.496039797362860e+01
6.745034400000001e+02 -7.496039797362853e+01
6.745861200000001e+02 -7.496039797362822e+01
6.746688000000000e+02 -7.496039797362771e+01
6.747514800000000e+02 -7.496039797362741e+01
6.748341600000000e+02 -7.496039797362737e+01
6.749168400000000e+02 -7.496039797362690e+01
6.749995200000001e+02 -7.496039797362636e+01
6.750822000000001e+02 -7.496039797362612e+01
6.751648800000000e+02 -7.496039797362600e+01
6.752475600000000e+02 -7.496039797362559e+01
6.753302400000000e+02 -7.496039797362512e+01
6.754129200000000e+02 -7.496039797362495e+01
6.754956000000001e+02 -7.496039797362479e+01
6.755782800000001e+02 -7.496039797362432e+01
6.756609600000000e+02 -7.496039797362387e+01
6.757436400000000e+02 -7.496039797362377e+01
6.758263200000000e+02 -7.496039797362356e+01
6.759090000000000e+02 -7.496039797362319e+01
6.759916800000000e+02 -7.496039797362269e+01
6.760743600000001e+02 -7.496039797362256e+01
6.761570400000001e+02 -7.496039797362235e+01
6.762397200000000e+02 -7.496039797362194e+01
6.763224000000000e+02 -7.496039797362160e+01
6.764050800000000e+02 -7.496039797362140e+01
6.764877600000000e+02 -7.496039797362120e+01
6.765704400000001e+02 -7.496039797362083e+01
6.766531200000001e+02 -7.496039797362047e+01
6.767358000000000e+02 -7.496039797362032e+01
6.768184800000000e+02 -7.496039797362010e+01
6.769011600000000e+02 -7.496039797361973e+01
6.769838400000000e+02 -7.496039797361941e+01
6.770665200000001e+02 -7.496039797361924e+01
6.771492000000001e+02 -7.496039797361914e+01
6.772318800000000e+02 -7.496039797361874e+01
6.773145600000000e+02 -7.496039797361841e+01
6.773972400000000e+02 -7.496039797361824e+01
6.774799200000000e+02 -7.496039797361806e+01
6.775626000000000e+02 -7.496039797361763e+01
6.776452800000001e+02 -7.496039797361729e+01
6.777279600000001e+02 -7.496039797361715e+01
6.778106400000000e+02 -7.496039797361698e+01
6.778933200000000e+02 -7.496039797361651e+01
6.779760000000000e+02 -7.496039797361611e+01
6.780586800000000e+02 -7.496039797361614e+01
6.781413600000001e+02 -7.496039797361588e+01
6.782240400000001e+02 -7.496039797361539e+01
6.783067200000000e+02 -7.496039797361499e+01
6.783894000000000e+02 -7.496039797361502e+01
6.784720800000000e+02 -7.496039797361469e+01
6.785547600000000e+02 -7.496039797361419e+01
6.786374400000001e+02 -7.496039797361394e+01
6.787201200000001e+02 -7.496039797361395e+01
6.788028000000000e+02 -7.496039797361358e+01
6.788854800000000e+02 -7.496039797361304e+01
6.789681600000000e+02 -7.496039797361284e+01
6.790508400000000e+02 -7.496039797361279e+01
6.791335200000000e+02 -7.496039797361236e+01
6.792162000000001e+02 -7.496039797361182e+01
6.792988800000001e+02 -7.496039797361161e+01
6.793815600000000e+02 -7.496039797361142e+01
6.794642400000000e+02 -7.496039797361098e+01
6.795469200000000e+02 -7.496039797361047e+01
6.796296000000000e+02 -7.496039797361034e+01
6.797122800000001e+02 -7.496039797361009e+01
6.797949600000001e+02 -7.496039797360969e+01
6.798776400000000e+02 -7.496039797360918e+01
6.799603200000000e+02 -7.496039797360885e+01
6.800430000000000e+02 -7.496039797360866e+01
6.801256800000000e+02 -7.496039797360822e+01
6.802083600000001e+02 -7.496039797360770e+01
6.802910400000001e+02 -7.496039797360746e+01
6.803737200000000e+02 -7.496039797360734e+01
6.804564000000000e+02 -7.496039797360680e+01
6.805390800000000e+02 -7.496039797360628e+01
6.806217600000000e+02 -7.496039797360601e+01
6.807044400000000e+02 -7.496039797360591e+01
6.807871200000001e+02 -7.496039797360538e+01
6.808698000000001e+02 -7.496039797360480e+01
6.809524800000000e+02 -7.496039797360467e+01
6.810351600000000e+02 -7.496039797360450e+01
6.811178400000000e+02 -7.496039797360393e+01
6.812005200000000e+02 -7.496039797360341e+01
6.812832000000001e+02 -7.496039797360339e+01
6.813658800000001e+02 -7.496039797360319e+01
6.814485600000000e+02 -7.496039797360254e+01
6.815312400000000e+02 -7.496039797360211e+01
6.816139200000000e+02 -7.496039797360210e+01
6.816966000000000e+02 -7.496039797360177e+01
6.817792800000001e+02 -7.496039797360112e+01
6.818619600000001e+02 -7.496039797360081e+01
6.819446400000000e+02 -7.496039797360086e+01
6.820273200000000e+02 -7.496039797360051e+01
6.821100000000000e+02 -7.496039797359987e+01
6.821926800000000e+02 -7.496039797359963e+01
6.822753600000000e+02 -7.496039797359963e+01
6.823580400000001e+02 -7.496039797359921e+01
6.824407200000001e+02 -7.496039797359856e+01
6.825234000000000e+02 -7.496039797359833e+01
6.826060800000000e+02 -7.496039797359823e+01
6.826887600000000e+02 -7.496039797359784e+01
6.827714400000000e+02 -7.496039797359724e+01
6.828541200000001e+02 -7.496039797359705e+01
6.829368000000001e+02 -7.496039797359701e+01
6.830194800000000e+02 -7.496039797359656e+01
6.831021600000000e+02 -7.496039797359595e+01
6.831848400000000e+02 -7.496039797359579e+01
6.832675200000000e+02 -7.496039797359573e+01
6.833502000000000e+02 -7.496039797359531e+01
6.834328800000001e+02 -7.496039797359474e+01
6.835155600000001e+02 -7.496039797359455e+01
6.835982400000000e+02 -7.496039797359460e+01
6.836809200000000e+02 -7.496039797359406e+01
6.837636000000000e+02 -7.496039797359347e+01
6.838462800000000e+02 -7.496039797359323e+01
6.839289600000001e+02 -7.496039797359327e+01
6.840116400000001e+02 -7.496039797359276e+01
6.840943200000000e+02 -7.496039797359212e+01
6.841770000000000e+02 -7.496039797359202e+01
6.842596800000000e+02 -7.496039797359202e+01
6.843423600000000e+02 -7.496039797359143e+01
6.844250400000001e+02 -7.496039797359089e+01
6.845077200000001e+02 -7.496039797359089e+01
6.845904000000000e+02 -7.496039797359082e+01
6.846730800000000e+02 -7.496039797359018e+01
6.847557600000000e+02 -7.496039797358962e+01
6.848384400000000e+02 -7.496039797358972e+01
6.849211200000000e+02 -7.496039797358955e+01
6.850038000000001e+02 -7.496039797358891e+01
6.850864800000001e+02 -7.496039797358847e+01
6.851691600000000e+02 -7.496039797358854e+01
6.852518400000000e+02 -7.496039797358833e+01
6.853345200000000e+02 -7.496039797358766e+01
6.854172000000000e+02 -7.496039797358732e+01
6.854998800000001e+02 -7.496039797358738e+01
6.855825600000001e+02 -7.496039797358713e+01
6.856652400000000e+02 -7.496039797358650e+01
6.857479200000000e+02 -7.496039797358615e+01
6.858306000000000e+02 -7.496039797358617e+01
6.859132800000000e+02 -7.496039797358594e+01
6.859959600000001e+02 -7.496039797358526e+01
6.860786400000001e+02 -7.496039797358502e+01
6.861613200000000e+02 -7.496039797358495e+01
6.862440000000000e+02 -7.496039797358463e+01
6.863266800000000e+02 -7.496039797358398e+01
6.864093600000000e+02 -7.496039797358367e+01
6.864920400000000e+02 -7.496039797358370e+01
6.865747200000001e+02 -7.496039797358334e+01
6.866574000000001e+02 -7.496039797358276e+01
6.867400800000000e+02 -7.496039797358239e+01
6.868227600000000e+02 -7.496039797358243e+01
6.869054400000000e+02 -7.496039797358200e+01
6.869881200000000e+02 -7.496039797358137e+01
6.870708000000001e+02 -7.496039797358104e+01
6.871534800000001e+02 -7.496039797358102e+01
6.872361600000000e+02 -7.496039797358051e+01
6.873188400000000e+02 -7.496039797357983e+01
6.874015200000000e+02 -7.496039797357957e+01
6.874842000000000e+02 -7.496039797357949e+01
6.875668800000001e+02 -7.496039797357891e+01
6.876495600000001e+02 -7.496039797357824e+01
6.877322400000000e+02 -7.496039797357805e+01
6.878149200000000e+02 -7.496039797357788e+01
6.878976000000000e+02 -7.496039797357726e+01
6.879802800000000e+02 -7.496039797357666e+01
6.880629600000000e+02 -7.496039797357651e+01
6.881456400000001e+02 -7.496039797357631e+01
6.882283200000001e+02 -7.496039797357577e+01
6.883110000000000e+02 -7.496039797357521e+01
6.883936800000000e+02 -7.496039797357503e+01
6.884763600000000e+02 -7.496039797357479e+01
6.885590400000000e+02 -7.496039797357425e+01
6.886417200000001e+02 -7.496039797357376e+01
6.887244000000001e+02 -7.496039797357358e+01
6.888070800000000e+02 -7.496039797357335e+01
6.888897600000000e+02 -7.496039797357280e+01
6.889724400000000e+02 -7.496039797357233e+01
6.890551200000000e+02 -7.496039797357210e+01
6.891378000000001e+02 -7.496039797357187e+01
6.892204800000001e+02 -7.496039797357139e+01
6.893031600000000e+02 -7.496039797357096e+01
6.893858400000000e+02 -7.496039797357075e+01
6.894685200000000e+02 -7.496039797357058e+01
6.895512000000000e+02 -7.496039797357007e+01
6.896338800000000e+02 -7.496039797356964e+01
6.897165600000001e+02 -7.496039797356951e+01
6.897992400000001e+02 -7.496039797356937e+01
6.898819200000000e+02 -7.496039797356889e+01
6.899646000000000e+02 -7.496039797356849e+01
6.900472800000000e+02 -7.496039797356840e+01
6.901299600000000e+02 -7.496039797356821e+01
6.902126400000001e+02 -7.496039797356771e+01
6.902953200000001e+02 -7.496039797356735e+01
6.903780000000000e+02 -7.496039797356734e+01
6.904606800000000e+02 -7.496039797356705e+01
6.905433600000000e+02 -7.496039797356661e+01
6.906260400000000e+02 -7.496039797356634e+01
6.907087200000001e+02 -7.496039797356627e+01
6.907914000000001e+02 -7.496039797356605e+01
6.908740800000000e+02 -7.496039797356559e+01
6.909567600000000e+02 -7.496039797356535e+01
6.910394400000000e+02 -7.496039797356534e+01
6.911221200000000e+02 -7.496039797356508e+01
6.912048000000000e+02 -7.496039797356458e+01
6.912874800000001e+02 -7.496039797356440e+01
6.913701600000001e+02 -7.496039797356427e+01
6.914528400000000e+02 -7.496039797356403e+01
6.915355200000000e+02 -7.496039797356360e+01
6.916182000000000e+02 -7.496039797356337e+01
6.917008800000000e+02 -7.496039797356322e+01
6.917835600000001e+02 -7.496039797356298e+01
6.918662400000001e+02 -7.496039797356255e+01
6.919489200000000e+02 -7.496039797356234e+01
6.920316000000000e+02 -7.496039797356218e+01
6.921142800000000e+02 -7.496039797356188e+01
6.921969600000000e+02 -7.496039797356143e+01
6.922796400000001e+02 -7.496039797356111e+01
6.923623200000001e+02 -7.496039797356100e+01
6.924450000000001e+02 -7.496039797356070e+01
6.925276800000000e+02 -7.496039797356029e+01
6.926103600000000e+02 -7.496039797356003e+01
6.926930400000000e+02 -7.496039797356003e+01
6.927757200000000e+02 -7.496039797355964e+01
6.928584000000001e+02 -7.496039797355918e+01
6.929410800000001e+02 -7.496039797355894e+01
6.930237600000000e+02 -7.496039797355900e+01
6.931064400000000e+02 -7.496039797355864e+01
6.931891200000000e+02 -7.496039797355807e+01
6.932718000000000e+02 -7.496039797355790e+01
6.933544800000001e+02 -7.496039797355783e+01
6.934371600000001e+02 -7.496039797355741e+01
6.935198400000000e+02 -7.496039797355694e+01
6.936025200000000e+02 -7.496039797355689e+01
6.936852000000000e+02 -7.496039797355675e+01
6.937678800000000e+02 -7.496039797355627e+01
6.938505600000000e+02 -7.496039797355584e+01
6.939332400000001e+02 -7.496039797355581e+01
6.940159200000001e+02 -7.496039797355552e+01
6.940986000000000e+02 -7.496039797355502e+01
6.941812800000000e+02 -7.496039797355468e+01
6.942639600000000e+02 -7.496039797355462e+01
6.943466400000000e+02 -7.496039797355431e+01
6.944293200000001e+02 -7.496039797355384e+01
6.945120000000001e+02 -7.496039797355355e+01
6.945946800000000e+02 -7.496039797355337e+01
6.946773600000000e+02 -7.496039797355309e+01
6.947600400000000e+02 -7.496039797355246e+01
6.948427200000000e+02 -7.496039797355213e+01
6.949254000000001e+02 -7.496039797355196e+01
6.950080800000001e+02 -7.496039797355171e+01
6.950907600000000e+02 -7.496039797355120e+01
6.951734400000000e+02 -7.496039797355085e+01
6.952561200000000e+02 -7.496039797355066e+01
6.953388000000000e+02 -7.496039797355033e+01
6.954214800000000e+02 -7.496039797354975e+01
6.955041600000001e+02 -7.496039797354932e+01
6.955868400000001e+02 -7.496039797354925e+01
6.956695200000000e+02 -7.496039797354891e+01
6.957522000000000e+02 -7.496039797354833e+01
6.958348800000000e+02 -7.496039797354794e+01
6.959175600000000e+02 -7.496039797354788e+01
6.960002400000001e+02 -7.496039797354742e+01
6.960829200000001e+02 -7.496039797354672e+01
6.961656000000000e+02 -7.496039797354638e+01
6.962482800000000e+02 -7.496039797354642e+01
6.963309600000000e+02 -7.496039797354585e+01
6.964136400000000e+02 -7.496039797354513e+01
6.964963200000001e+02 -7.496039797354493e+01
6.965790000000001e+02 -7.496039797354491e+01
6.966616800000000e+02 -7.496039797354430e+01
6.967443600000000e+02 -7.496039797354356e+01
6.968270400000000e+02 -7.496039797354351e+01
6.969097200000000e+02 -7.496039797354337e+01
6.969924000000000e+02 -7.496039797354273e+01
6.970750800000001e+02 -7.496039797354206e+01
6.971577600000001e+02 -7.496039797354203e+01
6.972404400000000e+02 -7.496039797354183e+01
6.973231200000000e+02 -7.496039797354115e+01
6.974058000000000e+02 -7.496039797354067e+01
6.974884800000000e+02 -7.496039797354061e+01
6.975711600000001e+02 -7.496039797354035e+01
6.976538400000001e+02 -7.496039797353967e+01
6.977365200000000e+02 -7.496039797353922e+01
6.978192000000000e+02 -7.496039797353913e+01
6.979018800000000e+02 -7.496039797353892e+01
6.979845600000000e+02 -7.496039797353826e+01
6.980672400000001e+02 -7.496039797353787e+01
6.981499200000001e+02 -7.496039797353779e+01
6.982326000000000e+02 -7.496039797353755e+01
6.983152800000000e+02 -7.496039797353696e+01
6.983979600000000e+02 -7.496039797353649e+01
6.984806400000000e+02 -7.496039797353650e+01
6.985633200000000e+02 -7.496039797353629e+01
6.986460000000001e+02 -7.496039797353563e+01
6.987286800000001e+02 -7.496039797353522e+01
6.988113600000000e+02 -7.496039797353519e+01
6.988940400000000e+02 -7.496039797353492e+01
6.989767200000000e+02 -7.496039797353424e+01
6.990594000000000e+02 -7.496039797353387e+01
6.991420800000001e+02 -7.496039797353394e+01
6.992247600000001e+02 -7.496039797353357e+01
6.993074400000000e+02 -7.496039797353282e+01
6.993901200000000e+02 -7.496039797353255e+01
6.994728000000000e+02 -7.496039797353266e+01
6.995554800000000e+02 -7.496039797353221e+01
6.996381600000001e+02 -7.496039797353151e+01
6.997208400000001e+02 -7.496039797353134e+01
6.998035200000000e+02 -7.496039797353141e+01
6.998862000000000e+02 -7.496039797353085e+01
6.999688800000000e+02 -7.496039797353019e+01
7.000515600000000e+02 -7.496039797353009e+01
7.001342400000000e+02 -7.496039797352998e+01
7.002169200000001e+02 -7.496039797352944e+01
7.002996000000001e+02 -7.496039797352884e+01
7.003822800000000e+02 -7.496039797352877e+01
7.004649600000000e+02 -7.496039797352863e+01
7.005476400000000e+02 -7.496039797352806e+01
7.006303200000000e+02 -7.496039797352744e+01
7.007130000000001e+02 -7.496039797352738e+01
7.007956800000001e+02 -7.496039797352719e+01
7.008783600000000e+02 -7.496039797352664e+01
7.009610400000000e+02 -7.496039797352613e+01
7.010437200000000e+02 -7.496039797352600e+01
7.011264000000000e+02 -7.496039797352586e+01
7.012090800000001e+02 -7.496039797352526e+01
7.012917600000001e+02 -7.496039797352478e+01
7.013744400000000e+02 -7.496039797352464e+01
7.014571200000000e+02 -7.496039797352445e+01
7.015398000000000e+02 -7.496039797352390e+01
7.016224800000000e+02 -7.496039797352338e+01
7.017051600000000e+02 -7.496039797352329e+01
7.017878400000001e+02 -7.496039797352314e+01
7.018705200000001e+02 -7.496039797352255e+01
7.019532000000000e+02 -7.496039797352208e+01
7.020358800000000e+02 -7.496039797352198e+01
7.021185600000000e+02 -7.496039797352176e+01
7.022012400000000e+02 -7.496039797352117e+01
7.022839200000001e+02 -7.496039797352067e+01
7.023666000000001e+02 -7.496039797352070e+01
7.024492800000000e+02 -7.496039797352041e+01
7.025319600000000e+02 -7.496039797351982e+01
7.026146400000000e+02 -7.496039797351942e+01
7.026973200000000e+02 -7.496039797351936e+01
7.027800000000001e+02 -7.496039797351906e+01
7.028626800000001e+02 -7.496039797351852e+01
7.029453600000001e+02 -7.496039797351823e+01
7.030280400000000e+02 -7.496039797351820e+01
7.031107200000000e+02 -7.496039797351786e+01
7.031934000000000e+02 -7.496039797351730e+01
7.032760800000000e+02 -7.496039797351703e+01
7.033587600000001e+02 -7.496039797351700e+01
7.034414400000001e+02 -7.496039797351669e+01
7.035241200000000e+02 -7.496039797351617e+01
7.036068000000000e+02 -7.496039797351595e+01
7.036894800000000e+02 -7.496039797351581e+01
7.037721600000000e+02 -7.496039797351554e+01
7.038548400000001e+02 -7.496039797351503e+01
7.039375200000001e+02 -7.496039797351480e+01
7.040202000000000e+02 -7.496039797351465e+01
7.041028800000000e+02 -7.496039797351430e+01
7.041855600000000e+02 -7.496039797351381e+01
7.042682400000000e+02 -7.496039797351354e+01
7.043509200000000e+02 -7.496039797351347e+01
7.044336000000001e+02 -7.496039797351315e+01
7.045162800000001e+02 -7.496039797351270e+01
7.045989600000000e+02 -7.496039797351244e+01
7.046816400000000e+02 -7.496039797351237e+01
7.047643200000000e+02 -7.496039797351204e+01
7.048470000000000e+02 -7.496039797351156e+01
7.049296800000001e+02 -7.496039797351135e+01
7.050123600000001e+02 -7.496039797351132e+01
7.050950400000000e+02 -7.496039797351095e+01
7.051777200000000e+02 -7.496039797351042e+01
7.052604000000000e+02 -7.496039797351024e+01
7.053430800000000e+02 -7.496039797351014e+01
7.054257600000001e+02 -7.496039797350971e+01
7.055084400000001e+02 -7.496039797350930e+01
7.055911200000000e+02 -7.496039797350925e+01
7.056738000000000e+02 -7.496039797350912e+01
7.057564800000000e+02 -7.496039797350876e+01
7.058391600000000e+02 -7.496039797350831e+01
7.059218400000000e+02 -7.496039797350818e+01
7.060045200000001e+02 -7.496039797350797e+01
7.060872000000001e+02 -7.496039797350757e+01
7.061698800000000e+02 -7.496039797350720e+01
7.062525600000000e+02 -7.496039797350709e+01
7.063352400000000e+02 -7.496039797350684e+01
7.064179200000000e+02 -7.496039797350647e+01
7.065006000000001e+02 -7.496039797350619e+01
7.065832800000001e+02 -7.496039797350608e+01
7.066659600000000e+02 -7.496039797350586e+01
7.067486400000000e+02 -7.496039797350542e+01
7.068313200000000e+02 -7.496039797350518e+01
7.069140000000000e+02 -7.496039797350504e+01
7.069966800000001e+02 -7.496039797350490e+01
7.070793600000001e+02 -7.496039797350450e+01
7.071620400000000e+02 -7.496039797350414e+01
7.072447200000000e+02 -7.496039797350397e+01
7.073274000000000e+02 -7.496039797350383e+01
7.074100800000000e+02 -7.496039797350336e+01
7.074927600000000e+02 -7.496039797350298e+01
7.075754400000001e+02 -7.496039797350284e+01
7.076581200000001e+02 -7.496039797350267e+01
7.077408000000000e+02 -7.496039797350218e+01
7.078234800000000e+02 -7.496039797350177e+01
7.079061600000000e+02 -7.496039797350170e+01
7.079888400000000e+02 -7.496039797350147e+01
7.080715200000001e+02 -7.496039797350089e+01
7.081542000000001e+02 -7.496039797350045e+01
7.082368800000000e+02 -7.496039797350042e+01
7.083195600000000e+02 -7.496039797350014e+01
7.084022400000000e+02 -7.496039797349954e+01
7.084849200000000e+02 -7.496039797349918e+01
7.085676000000001e+02 -7.496039797349918e+01
7.086502800000001e+02 -7.496039797349870e+01
7.087329600000000e+02 -7.496039797349808e+01
7.088156400000000e+02 -7.496039797349786e+01
7.088983200000000e+02 -7.496039797349776e+01
7.089810000000000e+02 -7.496039797349729e+01
7.090636800000000e+02 -7.496039797349671e+01
7.091463600000001e+02 -7.496039797349653e+01
7.092290400000001e+02 -7.496039797349636e+01
7.093117200000000e+02 -7.496039797349587e+01
7.093944000000000e+02 -7.496039797349530e+01
7.094770800000000e+02 -7.496039797349512e+01
7.095597600000000e+02 -7.496039797349492e+01
7.096424400000001e+02 -7.496039797349441e+01
7.097251200000001e+02 -7.496039797349381e+01
7.098078000000000e+02 -7.496039797349357e+01
7.098904800000000e+02 -7.496039797349334e+01
7.099731600000000e+02 -7.496039797349279e+01
7.100558400000000e+02 -7.496039797349225e+01
7.101385200000001e+02 -7.496039797349201e+01
7.102212000000001e+02 -7.496039797349177e+01
7.103038800000000e+02 -7.496039797349130e+01
7.103865600000000e+02 -7.496039797349073e+01
7.104692400000000e+02 -7.496039797349047e+01
7.105519200000000e+02 -7.496039797349029e+01
7.106346000000000e+02 -7.496039797348969e+01
7.107172800000001e+02 -7.496039797348912e+01
7.107999600000001e+02 -7.496039797348898e+01
7.108826400000000e+02 -7.496039797348885e+01
7.109653200000000e+02 -7.496039797348826e+01
7.110480000000000e+02 -7.496039797348769e+01
7.111306800000000e+02 -7.496039797348759e+01
7.112133600000001e+02 -7.496039797348732e+01
7.112960400000001e+02 -7.496039797348662e+01
7.113787200000000e+02 -7.496039797348615e+01
7.114614000000000e+02 -7.496039797348621e+01
7.115440800000000e+02 -7.496039797348584e+01
7.116267600000000e+02 -7.496039797348510e+01
7.117094400000001e+02 -7.496039797348476e+01
7.117921200000001e+02 -7.496039797348485e+01
7.118748000000001e+02 -7.496039797348438e+01
7.119574800000000e+02 -7.496039797348372e+01
7.120401600000000e+02 -7.496039797348341e+01
7.121228400000000e+02 -7.496039797348345e+01
7.122055200000000e+02 -7.496039797348301e+01
7.122882000000001e+02 -7.496039797348232e+01
7.123708800000001e+02 -7.496039797348216e+01
7.124535600000000e+02 -7.496039797348203e+01
7.125362400000000e+02 -7.496039797348159e+01
7.126189200000000e+02 -7.496039797348102e+01
7.127016000000000e+02 -7.496039797348084e+01
7.127842800000001e+02 -7.496039797348074e+01
7.128669600000001e+02 -7.496039797348034e+01
7.129496400000000e+02 -7.496039797347969e+01
7.130323200000000e+02 -7.496039797347953e+01
7.131150000000000e+02 -7.496039797347946e+01
7.131976800000000e+02 -7.496039797347900e+01
7.132803600000000e+02 -7.496039797347848e+01
7.133630400000001e+02 -7.496039797347832e+01
7.134457200000001e+02 -7.496039797347827e+01
7.135284000000000e+02 -7.496039797347782e+01
7.136110800000000e+02 -7.496039797347726e+01
7.136937600000000e+02 -7.496039797347714e+01
7.137764400000000e+02 -7.496039797347710e+01
7.138591200000001e+02 -7.496039797347656e+01
7.139418000000001e+02 -7.496039797347598e+01
7.140244800000000e+02 -7.496039797347592e+01
7.141071600000000e+02 -7.496039797347585e+01
7.141898400000000e+02 -7.496039797347525e+01
7.142725200000000e+02 -7.496039797347470e+01
7.143552000000001e+02 -7.496039797347471e+01
7.144378800000001e+02 -7.496039797347463e+01
7.145205600000000e+02 -7.496039797347406e+01
7.146032400000000e+02 -7.496039797347358e+01
7.146859200000000e+02 -7.496039797347362e+01
7.147686000000000e+02 -7.496039797347339e+01
7.148512800000000e+02 -7.496039797347271e+01
7.149339600000001e+02 -7.496039797347234e+01
7.150166400000001e+02 -7.496039797347244e+01
7.150993200000000e+02 -7.496039797347218e+01
7.151820000000000e+02 -7.496039797347157e+01
7.152646800000000e+02 -7.496039797347119e+01
7.153473600000000e+02 -7.496039797347127e+01
7.154300400000001e+02 -7.496039797347096e+01
7.155127200000001e+02 -7.496039797347038e+01
7.155954000000000e+02 -7.496039797347007e+01
7.156780800000000e+02 -7.496039797347009e+01
7.157607600000000e+02 -7.496039797346974e+01
7.158434400000000e+02 -7.496039797346916e+01
7.159261200000001e+02 -7.496039797346893e+01
7.160088000000001e+02 -7.496039797346891e+01
7.160914800000000e+02 -7.496039797346857e+01
7.161741600000000e+02 -7.496039797346799e+01
7.162568400000000e+02 -7.496039797346779e+01
7.163395200000000e+02 -7.496039797346781e+01
7.164222000000000e+02 -7.496039797346744e+01
7.165048800000001e+02 -7.496039797346685e+01
7.165875600000001e+02 -7.496039797346661e+01
7.166702400000000e+02 -7.496039797346658e+01
7.167529200000000e+02 -7.496039797346624e+01
7.168356000000000e+02 -7.496039797346565e+01
7.169182800000000e+02 -7.496039797346539e+01
7.170009600000001e+02 -7.496039797346540e+01
7.170836400000001e+02 -7.496039797346489e+01
7.171663200000000e+02 -7.496039797346428e+01
7.172490000000000e+02 -7.496039797346407e+01
7.173316800000000e+02 -7.496039797346400e+01
7.174143600000000e+02 -7.496039797346354e+01
7.174970400000001e+02 -7.496039797346285e+01
7.175797200000001e+02 -7.496039797346270e+01
7.176624000000000e+02 -7.496039797346263e+01
7.177450800000000e+02 -7.496039797346207e+01
7.178277600000000e+02 -7.496039797346153e+01
7.179104400000000e+02 -7.496039797346137e+01
7.179931200000000e+02 -7.496039797346121e+01
7.180758000000001e+02 -7.496039797346072e+01
7.181584800000001e+02 -7.496039797346019e+01
7.182411600000000e+02 -7.496039797346005e+01
7.183238400000000e+02 -7.496039797345981e+01
7.184065200000000e+02 -7.496039797345931e+01
7.184892000000000e+02 -7.496039797345878e+01
7.185718800000001e+02 -7.496039797345860e+01
7.186545600000001e+02 -7.496039797345836e+01
7.187372400000000e+02 -7.496039797345783e+01
7.188199200000000e+02 -7.496039797345738e+01
7.189026000000000e+02 -7.496039797345719e+01
7.189852800000000e+02 -7.496039797345702e+01
7.190679600000001e+02 -7.496039797345651e+01
7.191506400000001e+02 -7.496039797345611e+01
7.192333200000000e+02 -7.496039797345588e+01
7.193160000000000e+02 -7.496039797345577e+01
7.193986800000000e+02 -7.496039797345531e+01
7.194813600000000e+02 -7.496039797345490e+01
7.195640400000000e+02 -7.496039797345476e+01
7.196467200000001e+02 -7.496039797345462e+01
7.197294000000001e+02 -7.496039797345412e+01
7.198120800000000e+02 -7.496039797345382e+01
7.198947600000000e+02 -7.496039797345372e+01
7.199774400000000e+02 -7.496039797345352e+01
7.200601200000000e+02 -7.496039797345310e+01
7.201428000000001e+02 -7.496039797345269e+01
7.202254800000001e+02 -7.496039797345273e+01
7.203081600000000e+02 -7.496039797345247e+01
7.203908400000000e+02 -7.496039797345198e+01
7.204735200000000e+02 -7.496039797345165e+01
7.205562000000000e+02 -7.496039797345159e+01
7.206388800000001e+02 -7.496039797345135e+01
7.207215600000001e+02 -7.496039797345094e+01
7.208042400000000e+02 -7.496039797345070e+01
7.208869200000000e+02 -7.496039797345065e+01
7.209696000000000e+02 -7.496039797345033e+01
7.210522800000000e+02 -7.496039797344986e+01
7.211349600000000e+02 -7.496039797344964e+01
7.212176400000001e+02 -7.496039797344950e+01
7.213003200000001e+02 -7.496039797344916e+01
7.213830000000000e+02 -7.496039797344875e+01
7.214656800000000e+02 -7.496039797344855e+01
7.215483600000000e+02 -7.496039797344841e+01
7.216310400000000e+02 -7.496039797344812e+01
7.217137200000001e+02 -7.496039797344773e+01
7.217964000000001e+02 -7.496039797344756e+01
7.218790800000000e+02 -7.496039797344740e+01
7.219617600000000e+02 -7.496039797344712e+01
7.220444400000000e+02 -7.496039797344675e+01
7.221271200000000e+02 -7.496039797344649e+01
7.222098000000001e+02 -7.496039797344632e+01
7.222924800000001e+02 -7.496039797344596e+01
7.223751600000001e+02 -7.496039797344547e+01
7.224578400000000e+02 -7.496039797344518e+01
7.225405200000000e+02 -7.496039797344513e+01
7.226232000000000e+02 -7.496039797344471e+01
7.227058800000000e+02 -7.496039797344423e+01
7.227885600000001e+02 -7.496039797344390e+01
7.228712400000001e+02 -7.496039797344380e+01
7.229539200000000e+02 -7.496039797344338e+01
7.230366000000000e+02 -7.496039797344280e+01
7.231192800000000e+02 -7.496039797344261e+01
7.232019600000000e+02 -7.496039797344251e+01
7.232846400000001e+02 -7.496039797344203e+01
7.233673200000001e+02 -7.496039797344146e+01
7.234500000000000e+02 -7.496039797344137e+01
7.235326800000000e+02 -7.496039797344122e+01
7.236153600000000e+02 -7.496039797344069e+01
7.236980400000000e+02 -7.496039797344018e+01
7.237807200000000e+02 -7.496039797344012e+01
7.238634000000001e+02 -7.496039797343990e+01
7.239460800000001e+02 -7.496039797343931e+01
7.240287600000000e+02 -7.496039797343896e+01
7.241114400000000e+02 -7.496039797343882e+01
7.241941200000000e+02 -7.496039797343853e+01
7.242768000000000e+02 -7.496039797343795e+01
7.243594800000001e+02 -7.496039797343764e+01
7.244421600000001e+02 -7.496039797343751e+01
7.245248400000000e+02 -7.496039797343714e+01
7.246075200000000e+02 -7.496039797343656e+01
7.246902000000000e+02 -7.496039797343623e+01
7.247728800000000e+02 -7.496039797343605e+01
7.248555600000001e+02 -7.496039797343570e+01
7.249382400000001e+02 -7.496039797343509e+01
7.250209200000000e+02 -7.496039797343478e+01
7.251036000000000e+02 -7.496039797343460e+01
7.251862800000000e+02 -7.496039797343420e+01
7.252689600000000e+02 -7.496039797343363e+01
7.253516400000000e+02 -7.496039797343326e+01
7.254343200000001e+02 -7.496039797343306e+01
7.255170000000001e+02 -7.496039797343263e+01
7.255996800000000e+02 -7.496039797343204e+01
7.256823600000000e+02 -7.496039797343164e+01
7.257650400000000e+02 -7.496039797343158e+01
7.258477200000000e+02 -7.496039797343118e+01
7.259304000000001e+02 -7.496039797343047e+01
7.260130800000001e+02 -7.496039797343010e+01
7.260957600000000e+02 -7.496039797343003e+01
7.261784400000000e+02 -7.496039797342951e+01
7.262611200000000e+02 -7.496039797342880e+01
7.263438000000000e+02 -7.496039797342861e+01
7.264264800000001e+02 -7.496039797342860e+01
7.265091600000001e+02 -7.496039797342792e+01
7.265918400000000e+02 -7.496039797342725e+01
7.266745200000000e+02 -7.496039797342718e+01
7.267572000000000e+02 -7.496039797342701e+01
7.268398800000000e+02 -7.496039797342630e+01
7.269225600000000e+02 -7.496039797342567e+01
7.270052400000001e+02 -7.496039797342570e+01
7.270879200000001e+02 -7.496039797342553e+01
7.271706000000000e+02 -7.496039797342480e+01
7.272532800000000e+02 -7.496039797342429e+01
7.273359600000000e+02 -7.496039797342431e+01
7.274186400000000e+02 -7.496039797342404e+01
7.275013200000001e+02 -7.496039797342334e+01
7.275840000000001e+02 -7.496039797342290e+01
7.276666800000000e+02 -7.496039797342291e+01
7.277493600000000e+02 -7.496039797342259e+01
7.278320400000000e+02 -7.496039797342195e+01
7.279147200000000e+02 -7.496039797342158e+01
7.279974000000001e+02 -7.496039797342154e+01
7.280800800000001e+02 -7.496039797342127e+01
7.281627600000000e+02 -7.496039797342054e+01
7.282454400000000e+02 -7.496039797342016e+01
7.283281200000000e+02 -7.496039797342003e+01
7.284108000000000e+02 -7.496039797341976e+01
7.284934800000000e+02 -7.496039797341915e+01
7.285761600000001e+02 -7.496039797341878e+01
7.286588400000001e+02 -7.496039797341875e+01
7.287415200000000e+02 -7.496039797341847e+01
7.288242000000000e+02 -7.496039797341781e+01
7.289068800000000e+02 -7.496039797341756e+01
7.289895600000000e+02 -7.496039797341761e+01
7.290722400000001e+02 -7.496039797341719e+01
7.291549200000001e+02 -7.496039797341645e+01
7.292376000000000e+02 -7.496039797341618e+01
7.293202800000000e+02 -7.496039797341626e+01
7.294029600000000e+02 -7.496039797341579e+01
7.294856400000000e+02 -7.496039797341513e+01
7.295683200000001e+02 -7.496039797341497e+01
7.296510000000001e+02 -7.496039797341513e+01
7.297336800000000e+02 -7.496039797341457e+01
7.298163600000000e+02 -7.496039797341390e+01
7.298990400000000e+02 -7.496039797341385e+01
7.299817200000000e+02 -7.496039797341382e+01
7.300644000000000e+02 -7.496039797341324e+01
7.301470800000001e+02 -7.496039797341267e+01
7.302297600000001e+02 -7.496039797341261e+01
7.303124400000000e+02 -7.496039797341246e+01
7.303951200000000e+02 -7.496039797341190e+01
7.304778000000000e+02 -7.496039797341133e+01
7.305604800000000e+02 -7.496039797341129e+01
7.306431600000001e+02 -7.496039797341109e+01
7.307258400000001e+02 -7.496039797341051e+01
7.308085200000000e+02 -7.496039797340995e+01
7.308912000000000e+02 -7.496039797340988e+01
7.309738800000000e+02 -7.496039797340970e+01
7.310565600000000e+02 -7.496039797340916e+01
7.311392400000001e+02 -7.496039797340867e+01
7.312219200000001e+02 -7.496039797340855e+01
7.313046000000001e+02 -7.496039797340848e+01
7.313872800000000e+02 -7.496039797340785e+01
7.314699600000000e+02 -7.496039797340740e+01
7.315526400000000e+02 -7.496039797340723e+01
7.316353200000000e+02 -7.496039797340708e+01
7.317180000000001e+02 -7.496039797340651e+01
7.318006800000001e+02 -7.496039797340609e+01
7.318833600000000e+02 -7.496039797340600e+01
7.319660400000000e+02 -7.496039797340586e+01
7.320487200000000e+02 -7.496039797340525e+01
7.321314000000000e+02 -7.496039797340482e+01
7.322140800000001e+02 -7.496039797340474e+01
7.322967600000001e+02 -7.496039797340451e+01
7.323794400000000e+02 -7.496039797340386e+01
7.324621200000000e+02 -7.496039797340347e+01
7.325448000000000e+02 -7.496039797340350e+01
7.326274800000000e+02 -7.496039797340325e+01
7.327101600000001e+02 -7.496039797340273e+01
7.327928400000001e+02 -7.496039797340239e+01
7.328755200000001e+02 -7.496039797340242e+01
7.329582000000000e+02 -7.496039797340212e+01
7.330408800000000e+02 -7.496039797340168e+01
7.331235600000000e+02 -7.496039797340143e+01
7.332062400000000e+02 -7.496039797340143e+01
7.332889200000001e+02 -7.496039797340117e+01
7.333716000000001e+02 -7.496039797340072e+01
7.334542800000000e+02 -7.496039797340049e+01
7.335369600000000e+02 -7.496039797340040e+01
7.336196400000000e+02 -7.496039797340019e+01
7.337023200000000e+02 -7.496039797339968e+01
7.337850000000001e+02 -7.496039797339952e+01
7.338676800000001e+02 -7.496039797339942e+01
7.339503600000000e+02 -7.496039797339913e+01
7.340330400000000e+02 -7.496039797339868e+01
7.341157200000000e+02 -7.496039797339840e+01
7.341984000000000e+02 -7.496039797339832e+01
7.342810800000000e+02 -7.496039797339807e+01
7.343637600000001e+02 -7.496039797339760e+01
7.344464400000001e+02 -7.496039797339735e+01
7.345291200000000e+02 -7.496039797339729e+01
7.346118000000000e+02 -7.496039797339704e+01
7.346944800000000e+02 -7.496039797339662e+01
7.347771600000000e+02 -7.496039797339638e+01
7.348598400000001e+02 -7.496039797339640e+01
7.349425200000001e+02 -7.496039797339608e+01
7.350252000000000e+02 -7.496039797339567e+01
7.351078800000000e+02 -7.496039797339547e+01
7.351905600000000e+02 -7.496039797339542e+01
7.352732400000000e+02 -7.496039797339502e+01
7.353559200000001e+02 -7.496039797339451e+01
7.354386000000001e+02 -7.496039797339438e+01
7.355212800000000e+02 -7.496039797339429e+01
7.356039600000000e+02 -7.496039797339392e+01
7.356866400000000e+02 -7.496039797339350e+01
7.357693200000000e+02 -7.496039797339344e+01
7.358520000000000e+02 -7.496039797339331e+01
7.359346800000001e+02 -7.496039797339290e+01
7.360173600000001e+02 -7.496039797339246e+01
7.361000400000000e+02 -7.496039797339236e+01
7.361827200000000e+02 -7.496039797339220e+01
7.362654000000000e+02 -7.496039797339178e+01
7.363480800000000e+02 -7.496039797339144e+01
7.364307600000001e+02 -7.496039797339134e+01
7.365134400000001e+02 -7.496039797339110e+01
7.365961200000000e+02 -7.496039797339070e+01
7.366788000000000e+02 -7.496039797339036e+01
7.367614800000000e+02 -7.496039797339023e+01
7.368441600000000e+02 -7.496039797339010e+01
7.369268400000001e+02 -7.496039797338963e+01
7.370095200000001e+02 -7.496039797338926e+01
7.370922000000000e+02 -7.496039797338911e+01
7.371748800000000e+02 -7.496039797338895e+01
7.372575600000000e+02 -7.496039797338850e+01
7.373402400000000e+02 -7.496039797338807e+01
7.374229200000000e+02 -7.496039797338787e+01
7.375056000000001e+02 -7.496039797338770e+01
7.375882800000001e+02 -7.496039797338719e+01
7.376709600000000e+02 -7.496039797338675e+01
7.377536400000000e+02 -7.496039797338670e+01
7.378363200000000e+02 -7.496039797338645e+01
7.379190000000000e+02 -7.496039797338585e+01
7.380016800000001e+02 -7.496039797338538e+01
7.380843600000001e+02 -7.496039797338534e+01
7.381670400000000e+02 -7.496039797338504e+01
7.382497200000000e+02 -7.496039797338440e+01
7.383324000000000e+02 -7.496039797338396e+01
7.384150800000000e+02 -7.496039797338398e+01
7.384977600000001e+02 -7.496039797338358e+01
7.385804400000001e+02 -7.496039797338291e+01
7.386631200000000e+02 -7.496039797338258e+01
7.387458000000000e+02 -7.496039797338253e+01
7.388284800000000e+02 -7.496039797338203e+01
7.389111600000000e+02 -7.496039797338128e+01
7.389938400000000e+02 -7.496039797338105e+01
7.390765200000001e+02 -7.496039797338081e+01
7.391592000000001e+02 -7.496039797338018e+01
7.392418800000000e+02 -7.496039797337956e+01
7.393245600000000e+02 -7.496039797337937e+01
7.394072400000000e+02 -7.496039797337909e+01
7.394899200000000e+02 -7.496039797337848e+01
7.395726000000001e+02 -7.496039797337787e+01
7.396552800000001e+02 -7.496039797337774e+01
7.397379600000000e+02 -7.496039797337744e+01
7.398206400000000e+02 -7.496039797337683e+01
7.399033200000000e+02 -7.496039797337629e+01
7.399860000000000e+02 -7.496039797337605e+01
7.400686800000001e+02 -7.496039797337582e+01
7.401513600000001e+02 -7.496039797337518e+01
7.402340400000000e+02 -7.496039797337468e+01
7.403167200000000e+02 -7.496039797337441e+01
7.403994000000000e+02 -7.496039797337416e+01
7.404820800000000e+02 -7.496039797337356e+01
7.405647600000000e+02 -7.496039797337298e+01
7.406474400000001e+02 -7.496039797337276e+01
7.407301200000001e+02 -7.496039797337245e+01
7.408128000000000e+02 -7.496039797337176e+01
7.408954800000000e+02 -7.496039797337119e+01
7.409781600000000e+02 -7.496039797337109e+01
7.410608400000000e+02 -7.496039797337083e+01
7.411435200000001e+02 -7.496039797337014e+01
7.412262000000001e+02 -7.496039797336965e+01
7.413088800000000e+02 -7.496039797336962e+01
7.413915600000000e+02 -7.496039797336924e+01
7.414742400000000e+02 -7.496039797336852e+01
7.415569200000000e+02 -7.496039797336812e+01
7.416396000000001e+02 -7.496039797336812e+01
7.417222800000001e+02 -7.496039797336772e+01
7.418049600000001e+02 -7.496039797336697e+01
7.418876400000000e+02 -7.496039797336668e+01
7.419703200000000e+02 -7.496039797336670e+01
7.420530000000000e+02 -7.496039797336616e+01
7.421356800000000e+02 -7.496039797336545e+01
7.422183600000001e+02 -7.496039797336526e+01
7.423010400000001e+02 -7.496039797336522e+01
7.423837200000000e+02 -7.496039797336464e+01
7.424664000000000e+02 -7.496039797336404e+01
7.425490800000000e+02 -7.496039797336400e+01
7.426317600000000e+02 -7.496039797336385e+01
7.427144400000001e+02 -7.496039797336327e+01
7.427971200000001e+02 -7.496039797336275e+01
7.428798000000000e+02 -7.496039797336262e+01
7.429624800000000e+02 -7.496039797336250e+01
7.430451600000000e+02 -7.496039797336198e+01
7.431278400000000e+02 -7.496039797336142e+01
7.432105200000001e+02 -7.496039797336137e+01
7.432932000000001e+02 -7.496039797336130e+01
7.433758800000001e+02 -7.496039797336076e+01
7.434585600000000e+02 -7.496039797336023e+01
7.435412400000000e+02 -7.496039797336014e+01
7.436239200000000e+02 -7.496039797336009e+01
7.437066000000000e+02 -7.496039797335953e+01
7.437892800000001e+02 -7.496039797335906e+01
7.438719600000001e+02 -7.496039797335902e+01
7.439546400000000e+02 -7.496039797335894e+01
7.440373200000000e+02 -7.496039797335835e+01
7.441200000000000e+02 -7.496039797335784e+01
7.442026800000000e+02 -7.496039797335793e+01
7.442853600000001e+02 -7.496039797335779e+01
7.443680400000001e+02 -7.496039797335715e+01
7.444507200000000e+02 -7.496039797335669e+01
7.445334000000000e+02 -7.496039797335676e+01
7.446160800000000e+02 -7.496039797335656e+01
7.446987600000000e+02 -7.496039797335597e+01
7.447814400000000e+02 -7.496039797335561e+01
7.448641200000001e+02 -7.496039797335573e+01
7.449468000000001e+02 -7.496039797335550e+01
7.450294800000000e+02 -7.496039797335486e+01
7.451121600000000e+02 -7.496039797335453e+01
7.451948400000000e+02 -7.496039797335460e+01
7.452775200000000e+02 -7.496039797335432e+01
7.453602000000001e+02 -7.496039797335376e+01
7.454428800000001e+02 -7.496039797335349e+01
7.455255600000000e+02 -7.496039797335348e+01
7.456082400000000e+02 -7.496039797335317e+01
7.456909200000000e+02 -7.496039797335267e+01
7.457736000000000e+02 -7.496039797335246e+01
7.458562800000001e+02 -7.496039797335246e+01
7.459389600000001e+02 -7.496039797335219e+01
7.460216400000000e+02 -7.496039797335168e+01
7.461043200000000e+02 -7.496039797335149e+01
7.461870000000000e+02 -7.496039797335148e+01
7.462696800000000e+02 -7.496039797335118e+01
7.463523600000000e+02 -7.496039797335062e+01
7.464350400000001e+02 -7.496039797335047e+01
7.465177200000001e+02 -7.496039797335042e+01
7.466004000000000e+02 -7.496039797335010e+01
7.466830800000000e+02 -7.496039797334963e+01
7.467657600000000e+02 -7.496039797334943e+01
7.468484400000000e+02 -7.496039797334947e+01
7.469311200000001e+02 -7.496039797334907e+01
7.470138000000001e+02 -7.496039797334853e+01
7.470964800000000e+02 -7.496039797334834e+01
7.471791600000000e+02 -7.496039797334831e+01
7.472618400000000e+02 -7.496039797334782e+01
7.473445200000000e+02 -7.496039797334738e+01
7.474272000000001e+02 -7.496039797334721e+01
7.475098800000001e+02 -7.496039797334711e+01
7.475925600000000e+02 -7.496039797334662e+01
7.476752400000000e+02 -7.496039797334612e+01
7.477579200000000e+02 -7.496039797334602e+01
7.478406000000000e+02 -7.496039797334589e+01
7.479232800000000e+02 -7.496039797334541e+01
7.480059600000001e+02 -7.496039797334491e+01
7.480886400000001e+02 -7.496039797334481e+01
7.481713200000000e+02 -7.496039797334458e+01
7.482540000000000e+02 -7.496039797334407e+01
7.483366800000000e+02 -7.496039797334353e+01
7.484193600000000e+02 -7.496039797334345e+01
7.485020400000001e+02 -7.496039797334325e+01
7.485847200000001e+02 -7.496039797334288e+01
7.486674000000000e+02 -7.496039797334240e+01
7.487500800000000e+02 -7.496039797334231e+01
7.488327600000000e+02 -7.496039797334211e+01
7.489154400000000e+02 -7.496039797334166e+01
7.489981200000001e+02 -7.496039797334126e+01
7.490808000000001e+02 -7.496039797334114e+01
7.491634800000000e+02 -7.496039797334103e+01
7.492461600000000e+02 -7.496039797334055e+01
7.493288400000000e+02 -7.496039797334015e+01
7.494115200000000e+02 -7.496039797333999e+01
7.494942000000000e+02 -7.496039797333994e+01
7.495768800000001e+02 -7.496039797333945e+01
7.496595600000001e+02 -7.496039797333911e+01
7.497422400000000e+02 -7.496039797333903e+01
7.498249200000000e+02 -7.496039797333884e+01
7.499076000000000e+02 -7.496039797333839e+01
7.499902800000000e+02 -7.496039797333796e+01
7.500729600000001e+02 -7.496039797333792e+01
7.501556400000001e+02 -7.496039797333776e+01
7.502383200000000e+02 -7.496039797333728e+01
7.503210000000000e+02 -7.496039797333694e+01
7.504036800000000e+02 -7.496039797333702e+01
7.504863600000000e+02 -7.496039797333678e+01
7.505690400000001e+02 -7.496039797333627e+01
7.506517200000001e+02 -7.496039797333601e+01
7.507344000000001e+02 -7.496039797333606e+01
7.508170800000000e+02 -7.496039797333577e+01
7.508997600000000e+02 -7.496039797333526e+01
7.509824400000000e+02 -7.496039797333503e+01
7.510651200000000e+02 -7.496039797333501e+01
7.511478000000001e+02 -7.496039797333465e+01
7.512304800000001e+02 -7.496039797333412e+01
7.513131600000000e+02 -7.496039797333390e+01
7.513958400000000e+02 -7.496039797333380e+01
7.514785200000000e+02 -7.496039797333343e+01
7.515612000000000e+02 -7.496039797333297e+01
7.516438800000001e+02 -7.496039797333277e+01
7.517265600000001e+02 -7.496039797333265e+01
7.518092400000000e+02 -7.496039797333235e+01
7.518919200000000e+02 -7.496039797333182e+01
7.519746000000000e+02 -7.496039797333154e+01
7.520572800000000e+02 -7.496039797333140e+01
7.521399600000001e+02 -7.496039797333103e+01
7.522226400000001e+02 -7.496039797333052e+01
7.523053200000001e+02 -7.496039797333023e+01
7.523880000000000e+02 -7.496039797333009e+01
7.524706800000000e+02 -7.496039797332968e+01
7.525533600000000e+02 -7.496039797332912e+01
7.526360400000000e+02 -7.496039797332874e+01
7.527187200000001e+02 -7.496039797332861e+01
7.528014000000001e+02 -7.496039797332811e+01
7.528840800000000e+02 -7.496039797332753e+01
7.529667600000000e+02 -7.496039797332736e+01
7.530494400000000e+02 -7.496039797332719e+01
7.531321200000000e+02 -7.496039797332662e+01
7.532148000000001e+02 -7.496039797332602e+01
7.532974800000001e+02 -7.496039797332595e+01
7.533801600000000e+02 -7.496039797332570e+01
7.534628400000000e+02 -7.496039797332507e+01
7.535455200000000e+02 -7.496039797332449e+01
7.536282000000000e+02 -7.496039797332443e+01
7.537108800000001e+02 -7.496039797332409e+01
7.537935600000001e+02 -7.496039797332345e+01
7.538762400000001e+02 -7.496039797332301e+01
7.539589200000000e+02 -7.496039797332293e+01
7.540416000000000e+02 -7.496039797332260e+01
7.541242800000000e+02 -7.496039797332202e+01
7.542069600000000e+02 -7.496039797332168e+01
7.542896400000001e+02 -7.496039797332151e+01
7.543723200000001e+02 -7.496039797332116e+01
7.544550000000000e+02 -7.496039797332048e+01
7.545376800000000e+02 -7.496039797332023e+01
7.546203600000000e+02 -7.496039797332007e+01
7.547030400000000e+02 -7.496039797331963e+01
7.547857200000001e+02 -7.496039797331895e+01
7.548684000000001e+02 -7.496039797331865e+01
7.549510800000000e+02 -7.496039797331845e+01
7.550337600000000e+02 -7.496039797331791e+01
7.551164400000000e+02 -7.496039797331731e+01
7.551991200000000e+02 -7.496039797331701e+01
7.552818000000000e+02 -7.496039797331682e+01
7.553644800000001e+02 -7.496039797331638e+01
7.554471600000001e+02 -7.496039797331582e+01
7.555298400000000e+02 -7.496039797331548e+01
7.556125200000000e+02 -7.496039797331530e+01
7.556952000000000e+02 -7.496039797331477e+01
7.557778800000000e+02 -7.496039797331414e+01
7.558605600000001e+02 -7.496039797331383e+01
7.559432400000001e+02 -7.496039797331376e+01
7.560259200000000e+02 -7.496039797331323e+01
7.561086000000000e+02 -7.496039797331262e+01
7.561912800000000e+02 -7.496039797331241e+01
7.562739600000000e+02 -7.496039797331237e+01
7.563566400000001e+02 -7.496039797331170e+01
7.564393200000001e+02 -7.496039797331105e+01
7.565220000000000e+02 -7.496039797331089e+01
7.566046800000000e+02 -7.496039797331078e+01
7.566873600000000e+02 -7.496039797331011e+01
7.567700400000000e+02 -7.496039797330948e+01
7.568527200000000e+02 -7.496039797330950e+01
7.569354000000001e+02 -7.496039797330924e+01
7.570180800000001e+02 -7.496039797330855e+01
7.571007600000000e+02 -7.496039797330801e+01
7.571834400000000e+02 -7.496039797330810e+01
7.572661200000000e+02 -7.496039797330775e+01
7.573488000000000e+02 -7.496039797330698e+01
7.574314800000001e+02 -7.496039797330663e+01
7.575141600000001e+02 -7.496039797330666e+01
7.575968400000000e+02 -7.496039797330636e+01
7.576795200000000e+02 -7.496039797330565e+01
7.577622000000000e+02 -7.496039797330535e+01
7.578448800000000e+02 -7.496039797330529e+01
7.579275600000001e+02 -7.496039797330498e+01
7.580102400000001e+02 -7.496039797330432e+01
7.580929200000000e+02 -7.496039797330407e+01
7.581756000000000e+02 -7.496039797330396e+01
7.582582800000000e+02 -7.496039797330366e+01
7.583409600000000e+02 -7.496039797330305e+01
7.584236400000000e+02 -7.496039797330283e+01
7.585063200000001e+02 -7.496039797330279e+01
7.585890000000001e+02 -7.496039797330241e+01
7.586716800000000e+02 -7.496039797330178e+01
7.587543600000000e+02 -7.496039797330160e+01
7.588370400000000e+02 -7.496039797330161e+01
7.589197200000000e+02 -7.496039797330124e+01
7.590024000000001e+02 -7.496039797330067e+01
7.590850800000001e+02 -7.496039797330043e+01
7.591677600000000e+02 -7.496039797330049e+01
7.592504400000000e+02 -7.496039797330003e+01
7.593331200000000e+02 -7.496039797329939e+01
7.594158000000000e+02 -7.496039797329922e+01
7.594984800000001e+02 -7.496039797329925e+01
7.595811600000001e+02 -7.496039797329867e+01
7.596638400000001e+02 -7.496039797329810e+01
7.597465200000000e+02 -7.496039797329802e+01
7.598292000000000e+02 -7.496039797329799e+01
7.599118800000000e+02 -7.496039797329739e+01
7.599945600000000e+02 -7.496039797329679e+01
7.600772400000001e+02 -7.496039797329671e+01
7.601599200000001e+02 -7.496039797329659e+01
7.602426000000000e+02 -7.496039797329603e+01
7.603252800000000e+02 -7.496039797329558e+01
7.604079600000000e+02 -7.496039797329561e+01
7.604906400000000e+02 -7.496039797329537e+01
7.605733200000001e+02 -7.496039797329479e+01
7.606560000000001e+02 -7.496039797329433e+01
7.607386800000000e+02 -7.496039797329429e+01
7.608213600000000e+02 -7.496039797329408e+01
7.609040400000000e+02 -7.496039797329351e+01
7.609867200000000e+02 -7.496039797329307e+01
7.610694000000001e+02 -7.496039797329298e+01
7.611520800000001e+02 -7.496039797329280e+01
7.612347600000001e+02 -7.496039797329217e+01
7.613174400000000e+02 -7.496039797329176e+01
7.614001200000000e+02 -7.496039797329165e+01
7.614828000000000e+02 -7.496039797329149e+01
7.615654800000000e+02 -7.496039797329090e+01
7.616481600000001e+02 -7.496039797329045e+01
7.617308400000001e+02 -7.496039797329036e+01
7.618135200000000e+02 -7.496039797329018e+01
7.618962000000000e+02 -7.496039797328962e+01
7.619788800000000e+02 -7.496039797328920e+01
7.620615600000000e+02 -7.496039797328920e+01
7.621442400000001e+02 -7.496039797328899e+01
7.622269200000001e+02 -7.496039797328842e+01
7.623096000000000e+02 -7.496039797328807e+01
7.623922800000000e+02 -7.496039797328817e+01
7.624749600000000e+02 -7.496039797328787e+01
7.625576400000000e+02 -7.496039797328737e+01
7.626403200000001e+02 -7.496039797328706e+01
7.627230000000001e+02 -7.496039797328709e+01
7.628056800000001e+02 -7.496039797328677e+01
7.628883600000000e+02 -7.496039797328626e+01
7.629710400000000e+02 -7.496039797328599e+01
7.630537200000000e+02 -7.496039797328598e+01
7.631364000000000e+02 -7.496039797328565e+01
7.632190800000001e+02 -7.496039797328521e+01
7.633017600000001e+02 -7.496039797328503e+01
7.633844400000000e+02 -7.496039797328498e+01
7.634671200000000e+02 -7.496039797328477e+01
7.635498000000000e+02 -7.496039797328433e+01
7.636324800000000e+02 -7.496039797328415e+01
7.637151600000001e+02 -7.496039797328410e+01
7.637978400000001e+02 -7.496039797328385e+01
7.638805200000000e+02 -7.496039797328339e+01
7.639632000000000e+02 -7.496039797328325e+01
7.640458800000000e+02 -7.496039797328318e+01
7.641285600000000e+02 -7.496039797328294e+01
7.642112400000001e+02 -7.496039797328254e+01
7.642939200000001e+02 -7.496039797328231e+01
7.643766000000001e+02 -7.496039797328227e+01
7.644592800000000e+02 -7.496039797328199e+01
7.645419600000000e+02 -7.496039797328157e+01
7.646246400000000e+02 -7.496039797328132e+01
7.647073200000000e+02 -7.496039797328136e+01
7.647900000000001e+02 -7.496039797328105e+01
7.648726800000001e+02 -7.496039797328059e+01
7.649553600000000e+02 -7.496039797328045e+01
7.650380400000000e+02 -7.496039797328042e+01
7.651207200000000e+02 -7.496039797328007e+01
7.652034000000000e+02 -7.496039797327951e+01
7.652860800000001e+02 -7.496039797327936e+01
7.653687600000001e+02 -7.496039797327934e+01
7.654514400000000e+02 -7.496039797327893e+01
7.655341200000000e+02 -7.496039797327838e+01
7.656168000000000e+02 -7.496039797327830e+01
7.656994800000000e+02 -7.496039797327818e+01
7.657821600000000e+02 -7.496039797327779e+01
7.658648400000001e+02 -7.496039797327731e+01
7.659475200000001e+02 -7.496039797327730e+01
7.660302000000000e+02 -7.496039797327711e+01
7.661128800000000e+02 -7.496039797327663e+01
7.661955600000000e+02 -7.496039797327620e+01
7.662782400000000e+02 -7.496039797327612e+01
7.663609200000001e+02 -7.496039797327589e+01
7.664436000000001e+02 -7.496039797327546e+01
7.665262800000000e+02 -7.496039797327516e+01
7.666089600000000e+02 -7.496039797327499e+01
7.666916400000000e+02 -7.496039797327479e+01
7.667743200000000e+02 -7.496039797327434e+01
7.668570000000001e+02 -7.496039797327401e+01
7.669396800000001e+02 -7.496039797327387e+01
7.670223600000000e+02 -7.496039797327361e+01
7.671050400000000e+02 -7.496039797327312e+01
7.671877200000000e+02 -7.496039797327272e+01
7.672704000000000e+02 -7.496039797327255e+01
7.673530800000000e+02 -7.496039797327234e+01
7.674357600000001e+02 -7.496039797327174e+01
7.675184400000001e+02 -7.496039797327131e+01
7.676011200000000e+02 -7.496039797327120e+01
7.676838000000000e+02 -7.496039797327089e+01
7.677664800000000e+02 -7.496039797327025e+01
7.678491600000000e+02 -7.496039797326986e+01
7.679318400000001e+02 -7.496039797326979e+01
7.680145200000001e+02 -7.496039797326947e+01
7.680972000000000e+02 -7.496039797326878e+01
7.681798800000000e+02 -7.496039797326836e+01
7.682625600000000e+02 -7.496039797326823e+01
7.683452400000000e+02 -7.496039797326780e+01
7.684279200000001e+02 -7.496039797326709e+01
7.685106000000001e+02 -7.496039797326671e+01
7.685932800000000e+02 -7.496039797326664e+01
7.686759600000000e+02 -7.496039797326608e+01
7.687586400000000e+02 -7.496039797326532e+01
7.688413200000000e+02 -7.496039797326506e+01
7.689240000000000e+02 -7.496039797326492e+01
7.690066800000001e+02 -7.496039797326438e+01
7.690893600000001e+02 -7.496039797326367e+01
7.691720400000000e+02 -7.496039797326357e+01
7.692547200000000e+02 -7.496039797326330e+01
7.693374000000000e+02 -7.496039797326266e+01
7.694200800000000e+02 -7.496039797326200e+01
7.695027600000001e+02 -7.496039797326188e+01
7.695854400000001e+02 -7.496039797326152e+01
7.696681200000000e+02 -7.496039797326080e+01
7.697508000000000e+02 -7.496039797326026e+01
7.698334800000000e+02 -7.496039797326007e+01
7.699161600000000e+02 -7.496039797325976e+01
7.699988400000001e+02 -7.496039797325903e+01
7.700815200000001e+02 -7.496039797325854e+01
7.701642000000001e+02 -7.496039797325828e+01
7.702468800000000e+02 -7.496039797325797e+01
7.703295600000000e+02 -7.496039797325732e+01
7.704122400000000e+02 -7.496039797325683e+01
7.704949200000000e+02 -7.496039797325665e+01
7.705776000000001e+02 -7.496039797325633e+01
7.706602800000001e+02 -7.496039797325564e+01
7.707429600000000e+02 -7.496039797325516e+01
7.708256400000000e+02 -7.496039797325504e+01
7.709083200000000e+02 -7.496039797325466e+01
7.709910000000000e+02 -7.496039797325396e+01
7.710736800000001e+02 -7.496039797325344e+01
7.711563600000001e+02 -7.496039797325344e+01
7.712390400000000e+02 -7.496039797325302e+01
7.713217200000000e+02 -7.496039797325228e+01
7.714044000000000e+02 -7.496039797325189e+01
7.714870800000000e+02 -7.496039797325192e+01
7.715697600000001e+02 -7.496039797325145e+01
7.716524400000001e+02 -7.496039797325072e+01
7.717351200000001e+02 -7.496039797325038e+01
7.718178000000000e+02 -7.496039797325041e+01
7.719004800000000e+02 -7.496039797324991e+01
7.719831600000000e+02 -7.496039797324923e+01
7.720658400000000e+02 -7.496039797324907e+01
7.721485200000001e+02 -7.496039797324894e+01
7.722312000000001e+02 -7.496039797324833e+01
7.723138800000000e+02 -7.496039797324769e+01
7.723965600000000e+02 -7.496039797324765e+01
7.724792400000000e+02 -7.496039797324752e+01
7.725619200000000e+02 -7.496039797324693e+01
7.726446000000001e+02 -7.496039797324640e+01
7.727272800000001e+02 -7.496039797324627e+01
7.728099600000000e+02 -7.496039797324616e+01
7.728926400000000e+02 -7.496039797324558e+01
7.729753200000000e+02 -7.496039797324502e+01
7.730580000000000e+02 -7.496039797324494e+01
7.731406800000001e+02 -7.496039797324474e+01
7.732233600000001e+02 -7.496039797324417e+01
7.733060400000001e+02 -7.496039797324373e+01
7.733887200000000e+02 -7.496039797324364e+01
7.734714000000000e+02 -7.496039797324353e+01
7.735540800000000e+02 -7.496039797324289e+01
7.736367600000000e+02 -7.496039797324246e+01
7.737194400000001e+02 -7.496039797324242e+01
7.738021200000001e+02 -7.496039797324234e+01
7.738848000000000e+02 -7.496039797324178e+01
7.739674800000000e+02 -7.496039797324137e+01
7.740501600000000e+02 -7.496039797324136e+01
7.741328400000000e+02 -7.496039797324124e+01
7.742155200000001e+02 -7.496039797324063e+01
7.742982000000001e+02 -7.496039797324028e+01
7.743808800000000e+02 -7.496039797324029e+01
7.744635600000000e+02 -7.496039797324011e+01
7.745462400000000e+02 -7.496039797323954e+01
7.746289200000000e+02 -7.496039797323917e+01
7.747116000000001e+02 -7.496039797323928e+01
7.747942800000001e+02 -7.496039797323900e+01
7.748769600000001e+02 -7.496039797323836e+01
7.749596400000000e+02 -7.496039797323805e+01
7.750423200000000e+02 -7.496039797323816e+01
7.751250000000000e+02 -7.496039797323786e+01
7.752076800000000e+02 -7.496039797323738e+01
7.752903600000001e+02 -7.496039797323721e+01
7.753730400000001e+02 -7.496039797323729e+01
7.754557200000000e+02 -7.496039797323697e+01
7.755384000000000e+02 -7.496039797323643e+01
7.756210800000000e+02 -7.496039797323633e+01
7.757037600000000e+02 -7.496039797323630e+01
7.757864400000001e+02 -7.496039797323601e+01
7.758691200000001e+02 -7.496039797323553e+01
7.759518000000000e+02 -7.496039797323542e+01
7.760344800000000e+02 -7.496039797323536e+01
7.761171600000000e+02 -7.496039797323510e+01
7.761998400000000e+02 -7.496039797323468e+01
7.762825200000000e+02 -7.496039797323452e+01
7.763652000000001e+02 -7.496039797323454e+01
7.764478800000001e+02 -7.496039797323422e+01
7.765305600000000e+02 -7.496039797323380e+01
7.766132400000000e+02 -7.496039797323364e+01
7.766959200000000e+02 -7.496039797323363e+01
7.767786000000000e+02 -7.496039797323324e+01
7.768612800000001e+02 -7.496039797323276e+01
7.769439600000001e+02 -7.496039797323266e+01
7.770266400000000e+02 -7.496039797323265e+01
7.771093200000000e+02 -7.496039797323226e+01
7.771920000000000e+02 -7.496039797323184e+01
7.772746800000000e+02 -7.496039797323176e+01
7.773573600000001e+02 -7.496039797323171e+01
7.774400400000001e+02 -7.496039797323122e+01
7.775227200000000e+02 -7.496039797323077e+01
7.776054000000000e+02 -7.496039797323078e+01
7.776880800000000e+02 -7.496039797323073e+01
7.777707600000000e+02 -7.496039797323024e+01
7.778534400000000e+02 -7.496039797322979e+01
7.779361200000001e+02 -7.496039797322970e+01
7.780188000000001e+02 -7.496039797322949e+01
7.781014800000000e+02 -7.496039797322904e+01
7.781841600000000e+02 -7.496039797322861e+01
7.782668400000000e+02 -7.496039797322858e+01
7.783495200000000e+02 -7.496039797322835e+01
7.784322000000001e+02 -7.496039797322797e+01
7.785148800000001e+02 -7.496039797322751e+01
7.785975600000000e+02 -7.496039797322747e+01
7.786802400000000e+02 -7.496039797322726e+01
7.787629200000000e+02 -7.496039797322683e+01
7.788456000000000e+02 -7.496039797322645e+01
7.789282800000001e+02 -7.496039797322624e+01
7.790109600000001e+02 -7.496039797322618e+01
7.790936400000001e+02 -7.496039797322568e+01
7.791763200000000e+02 -7.496039797322530e+01
7.792590000000000e+02 -7.496039797322517e+01
7.793416800000000e+02 -7.496039797322504e+01
7.794243600000000e+02 -7.496039797322463e+01
7.795070400000001e+02 -7.496039797322423e+01
7.795897200000001e+02 -7.496039797322412e+01
7.796724000000000e+02 -7.496039797322395e+01
7.797550800000000e+02 -7.496039797322356e+01
7.798377600000000e+02 -7.496039797322314e+01
7.799204400000000e+02 -7.496039797322307e+01
7.800031200000001e+02 -7.496039797322291e+01
7.800858000000001e+02 -7.496039797322247e+01
7.801684800000000e+02 -7.496039797322206e+01
7.802511600000000e+02 -7.496039797322206e+01
7.803338400000000e+02 -7.496039797322182e+01
7.804165200000000e+02 -7.496039797322129e+01
7.804992000000001e+02 -7.496039797322095e+01
7.805818800000001e+02 -7.496039797322103e+01
7.806645600000001e+02 -7.496039797322075e+01
7.807472400000000e+02 -7.496039797322022e+01
7.808299200000000e+02 -7.496039797321994e+01
7.809126000000000e+02 -7.496039797321988e+01
7.809952800000000e+02 -7.496039797321957e+01
7.810779600000001e+02 -7.496039797321899e+01
7.811606400000001e+02 -7.496039797321879e+01
7.812433200000000e+02 -7.496039797321870e+01
7.813260000000000e+02 -7.496039797321826e+01
7.814086800000000e+02 -7.496039797321765e+01
7.814913600000000e+02 -7.496039797321743e+01
7.815740400000001e+02 -7.496039797321730e+01
7.816567200000001e+02 -7.496039797321690e+01
7.817394000000000e+02 -7.496039797321643e+01
7.818220800000000e+02 -7.496039797321619e+01
7.819047600000000e+02 -7.496039797321600e+01
7.819874400000000e+02 -7.496039797321555e+01
7.820701200000001e+02 -7.496039797321502e+01
7.821528000000001e+02 -7.496039797321474e+01
7.822354800000001e+02 -7.496039797321447e+01
7.823181600000000e+02 -7.496039797321404e+01
7.824008400000000e+02 -7.496039797321353e+01
7.824835200000000e+02 -7.496039797321322e+01
7.825662000000000e+02 -7.496039797321305e+01
7.826488800000001e+02 -7.496039797321251e+01
7.827315600000001e+02 -7.496039797321188e+01
7.828142400000000e+02 -7.496039797321163e+01
7.828969200000000e+02 -7.496039797321141e+01
7.829796000000000e+02 -7.496039797321082e+01
7.830622800000000e+02 -7.496039797321019e+01
7.831449600000001e+02 -7.496039797320998e+01
7.832276400000001e+02 -7.496039797320974e+01
7.833103200000000e+02 -7.496039797320910e+01
7.833930000000000e+02 -7.496039797320844e+01
7.834756800000000e+02 -7.496039797320833e+01
7.835583600000000e+02 -7.496039797320799e+01
7.836410400000001e+02 -7.496039797320726e+01
7.837237200000001e+02 -7.496039797320671e+01
7.838064000000001e+02 -7.496039797320665e+01
7.838890800000000e+02 -7.496039797320620e+01
7.839717600000000e+02 -7.496039797320547e+01
7.840544400000000e+02 -7.496039797320502e+01
7.841371200000000e+02 -7.496039797320495e+01
7.842198000000001e+02 -7.496039797320444e+01
7.843024800000001e+02 -7.496039797320374e+01
7.843851600000000e+02 -7.496039797320346e+01
7.844678400000000e+02 -7.496039797320327e+01
7.845505200000000e+02 -7.496039797320276e+01
7.846332000000000e+02 -7.496039797320216e+01
7.847158800000001e+02 -7.496039797320189e+01
7.847985600000001e+02 -7.496039797320167e+01
7.848812400000000e+02 -7.496039797320118e+01
7.849639200000000e+02 -7.496039797320049e+01
7.850466000000000e+02 -7.496039797320022e+01
7.851292800000000e+02 -7.496039797320005e+01
7.852119600000000e+02 -7.496039797319951e+01
7.852946400000001e+02 -7.496039797319895e+01
7.853773200000001e+02 -7.496039797319868e+01
7.854600000000000e+02 -7.496039797319847e+01
7.855426800000000e+02 -7.496039797319791e+01
7.856253600000000e+02 -7.496039797319735e+01
7.857080400000000e+02 -7.496039797319709e+01
7.857907200000001e+02 -7.496039797319692e+01
7.858734000000001e+02 -7.496039797319635e+01
7.859560800000000e+02 -7.496039797319578e+01
7.860387600000000e+02 -7.496039797319557e+01
7.861214400000000e+02 -7.496039797319543e+01
7.862041200000000e+02 -7.496039797319479e+01
7.862868000000001e+02 -7.496039797319418e+01
7.863694800000001e+02 -7.496039797319406e+01
7.864521600000000e+02 -7.496039797319391e+01
7.865348400000000e+02 -7.496039797319324e+01
7.866175200000000e+02 -7.496039797319271e+01
7.867002000000000e+02 -7.496039797319268e+01
7.867828800000000e+02 -7.496039797319243e+01
7.868655600000001e+02 -7.496039797319175e+01
7.869482400000001e+02 -7.496039797319128e+01
7.870309200000000e+02 -7.496039797319133e+01
7.871136000000000e+02 -7.496039797319101e+01
7.871962800000000e+02 -7.496039797319030e+01
7.872789600000000e+02 -7.496039797318988e+01
7.873616400000001e+02 -7.496039797318990e+01
7.874443200000001e+02 -7.496039797318957e+01
7.875270000000000e+02 -7.496039797318890e+01
7.876096800000000e+02 -7.496039797318866e+01
7.876923600000000e+02 -7.496039797318865e+01
7.877750400000000e+02 -7.496039797318831e+01
7.878577200000001e+02 -7.496039797318771e+01
7.879404000000001e+02 -7.496039797318745e+01
7.880230800000000e+02 -7.496039797318738e+01
7.881057600000000e+02 -7.496039797318701e+01
7.881884400000000e+02 -7.496039797318640e+01
7.882711200000000e+02 -7.496039797318625e+01
7.883538000000000e+02 -7.496039797318623e+01
7.884364800000001e+02 -7.496039797318588e+01
7.885191600000001e+02 -7.496039797318531e+01
7.886018400000000e+02 -7.496039797318514e+01
7.886845200000000e+02 -7.496039797318515e+01
7.887672000000000e+02 -7.496039797318477e+01
7.888498800000000e+02 -7.496039797318421e+01
7.889325600000001e+02 -7.496039797318402e+01
7.890152400000001e+02 -7.496039797318409e+01
7.890979200000000e+02 -7.496039797318367e+01
7.891806000000000e+02 -7.496039797318316e+01
7.892632800000000e+02 -7.496039797318306e+01
7.893459600000000e+02 -7.496039797318312e+01
7.894286400000001e+02 -7.496039797318267e+01
7.895113200000001e+02 -7.496039797318213e+01
7.895940000000001e+02 -7.496039797318203e+01
7.896766800000000e+02 -7.496039797318201e+01
7.897593600000000e+02 -7.496039797318150e+01
7.898420400000000e+02 -7.496039797318103e+01
7.899247200000000e+02 -7.496039797318103e+01
7.900074000000001e+02 -7.496039797318093e+01
7.900900800000001e+02 -7.496039797318043e+01
7.901727600000000e+02 -7.496039797317998e+01
7.902554400000000e+02 -7.496039797317992e+01
7.903381200000000e+02 -7.496039797317974e+01
7.904208000000000e+02 -7.496039797317920e+01
7.905034800000001e+02 -7.496039797317879e+01
7.905861600000001e+02 -7.496039797317879e+01
7.906688400000000e+02 -7.496039797317853e+01
7.907515200000000e+02 -7.496039797317800e+01
7.908342000000000e+02 -7.496039797317759e+01
7.909168800000000e+02 -7.496039797317746e+01
7.909995600000001e+02 -7.496039797317718e+01
7.910822400000001e+02 -7.496039797317668e+01
7.911649200000001e+02 -7.496039797317627e+01
7.912476000000000e+02 -7.496039797317619e+01
7.913302800000000e+02 -7.496039797317603e+01
7.914129600000000e+02 -7.496039797317546e+01
7.914956400000000e+02 -7.496039797317503e+01
7.915783200000001e+02 -7.496039797317489e+01
7.916610000000001e+02 -7.496039797317476e+01
7.917436800000000e+02 -7.496039797317417e+01
7.918263600000000e+02 -7.496039797317383e+01
7.919090400000000e+02 -7.496039797317377e+01
7.919917200000000e+02 -7.496039797317360e+01
7.920744000000001e+02 -7.496039797317306e+01
7.921570800000001e+02 -7.496039797317269e+01
7.922397600000000e+02 -7.496039797317276e+01
7.923224400000000e+02 -7.496039797317255e+01
7.924051200000000e+02 -7.496039797317198e+01
7.924878000000000e+02 -7.496039797317165e+01
7.925704800000001e+02 -7.496039797317171e+01
7.926531600000001e+02 -7.496039797317145e+01
7.927358400000001e+02 -7.496039797317097e+01
7.928185200000000e+02 -7.496039797317067e+01
7.929012000000000e+02 -7.496039797317069e+01
7.929838800000000e+02 -7.496039797317037e+01
7.930665600000000e+02 -7.496039797316988e+01
7.931492400000001e+02 -7.496039797316972e+01
7.932319200000001e+02 -7.496039797316972e+01
7.933146000000000e+02 -7.496039797316946e+01
7.933972800000000e+02 -7.496039797316899e+01
7.934799600000000e+02 -7.496039797316890e+01
7.935626400000000e+02 -7.496039797316884e+01
7.936453200000001e+02 -7.496039797316857e+01
7.937280000000001e+02 -7.496039797316817e+01
7.938106800000000e+02 -7.496039797316807e+01
7.938933600000000e+02 -7.496039797316801e+01
7.939760400000000e+02 -7.496039797316779e+01
7.940587200000000e+02 -7.496039797316735e+01
7.941414000000001e+02 -7.496039797316718e+01
7.942240800000001e+02 -7.496039797316713e+01
7.943067600000001e+02 -7.496039797316688e+01
7.943894400000000e+02 -7.496039797316645e+01
7.944721200000000e+02 -7.496039797316620e+01
7.945548000000000e+02 -7.496039797316621e+01
7.946374800000000e+02 -7.496039797316588e+01
7.947201600000001e+02 -7.496039797316544e+01
7.948028400000001e+02 -7.496039797316523e+01
7.948855200000000e+02 -7.496039797316523e+01
7.949682000000000e+02 -7.496039797316486e+01
7.950508800000000e+02 -7.496039797316440e+01
7.951335600000000e+02 -7.496039797316422e+01
7.952162400000001e+02 -7.496039797316425e+01
7.952989200000001e+02 -7.496039797316379e+01
7.953816000000000e+02 -7.496039797316328e+01
7.954642800000000e+02 -7.496039797316321e+01
7.955469600000000e+02 -7.496039797316314e+01
7.956296400000000e+02 -7.496039797316269e+01
7.957123200000000e+02 -7.496039797316216e+01
7.957950000000001e+02 -7.496039797316213e+01
7.958776800000001e+02 -7.496039797316199e+01
7.959603600000000e+02 -7.496039797316142e+01
7.960430400000000e+02 -7.496039797316097e+01
7.961257200000000e+02 -7.496039797316094e+01
7.962084000000000e+02 -7.496039797316064e+01
7.962910800000001e+02 -7.496039797316001e+01
7.963737600000001e+02 -7.496039797315967e+01
7.964564400000000e+02 -7.496039797315956e+01
7.965391200000000e+02 -7.496039797315929e+01
7.966218000000000e+02 -7.496039797315872e+01
7.967044800000000e+02 -7.496039797315841e+01
7.967871600000001e+02 -7.496039797315828e+01
7.968698400000001e+02 -7.496039797315800e+01
7.969525200000000e+02 -7.496039797315741e+01
7.970352000000000e+02 -7.496039797315710e+01
7.971178800000000e+02 -7.496039797315692e+01
7.972005600000000e+02 -7.496039797315662e+01
7.972832400000000e+02 -7.496039797315606e+01
7.973659200000001e+02 -7.496039797315569e+01
7.974486000000001e+02 -7.496039797315549e+01
7.975312800000000e+02 -7.496039797315514e+01
7.976139600000000e+02 -7.496039797315453e+01
7.976966400000000e+02 -7.496039797315410e+01
7.977793200000000e+02 -7.496039797315396e+01
7.978620000000001e+02 -7.496039797315358e+01
7.979446800000001e+02 -7.496039797315294e+01
7.980273600000000e+02 -7.496039797315255e+01
7.981100400000000e+02 -7.496039797315247e+01
7.981927200000000e+02 -7.496039797315197e+01
7.982754000000000e+02 -7.496039797315120e+01
7.983580800000001e+02 -7.496039797315088e+01
7.984407600000001e+02 -7.496039797315079e+01
7.985234400000001e+02 -7.496039797315029e+01
7.986061200000000e+02 -7.496039797314950e+01
7.986888000000000e+02 -7.496039797314928e+01
7.987714800000000e+02 -7.496039797314911e+01
7.988541600000000e+02 -7.496039797314845e+01
7.989368400000001e+02 -7.496039797314768e+01
7.990195200000001e+02 -7.496039797314751e+01
7.991022000000000e+02 -7.496039797314727e+01
7.991848800000000e+02 -7.496039797314651e+01
7.992675600000000e+02 -7.496039797314585e+01
7.993502400000000e+02 -7.496039797314567e+01
7.994329200000001e+02 -7.496039797314535e+01
7.995156000000001e+02 -7.496039797314455e+01
7.995982800000000e+02 -7.496039797314397e+01
7.996809600000000e+02 -7.496039797314378e+01
7.997636400000000e+02 -7.496039797314336e+01
7.998463200000000e+02 -7.496039797314262e+01
7.999290000000001e+02 -7.496039797314209e+01
8.000116800000001e+02 -7.496039797314191e+01
8.000943600000001e+02 -7.496039797314145e+01
8.001770400000000e+02 -7.496039797314072e+01
8.002597200000000e+02 -7.496039797314023e+01
8.003424000000000e+02 -7.496039797314002e+01
8.004250800000000e+02 -7.496039797313965e+01
8.005077600000001e+02 -7.496039797313895e+01
8.005904400000001e+02 -7.496039797313853e+01
8.006731200000000e+02 -7.496039797313833e+01
8.007558000000000e+02 -7.496039797313800e+01
8.008384800000000e+02 -7.496039797313729e+01
8.009211600000000e+02 -7.496039797313688e+01
8.010038400000001e+02 -7.496039797313679e+01
8.010865200000001e+02 -7.496039797313637e+01
8.011692000000000e+02 -7.496039797313571e+01
8.012518800000000e+02 -7.496039797313531e+01
8.013345600000000e+02 -7.496039797313529e+01
8.014172400000000e+02 -7.496039797313482e+01
8.014999200000001e+02 -7.496039797313411e+01
8.015826000000001e+02 -7.496039797313385e+01
8.016652800000001e+02 -7.496039797313384e+01
8.017479600000000e+02 -7.496039797313330e+01
8.018306400000000e+02 -7.496039797313264e+01
8.019133200000000e+02 -7.496039797313252e+01
8.019960000000000e+02 -7.496039797313247e+01
8.020786800000001e+02 -7.496039797313185e+01
8.021613600000001e+02 -7.496039797313122e+01
8.022440400000000e+02 -7.496039797313117e+01
8.023267200000000e+02 -7.496039797313102e+01
8.024094000000000e+02 -7.496039797313040e+01
8.024920800000000e+02 -7.496039797312989e+01
8.025747600000001e+02 -7.496039797312983e+01
8.026574400000001e+02 -7.496039797312960e+01
8.027401200000000e+02 -7.496039797312903e+01
8.028228000000000e+02 -7.496039797312862e+01
8.029054800000000e+02 -7.496039797312859e+01
8.029881600000000e+02 -7.496039797312838e+01
8.030708400000001e+02 -7.496039797312787e+01
8.031535200000001e+02 -7.496039797312743e+01
8.032362000000001e+02 -7.496039797312743e+01
8.033188800000000e+02 -7.496039797312726e+01
8.034015600000000e+02 -7.496039797312669e+01
8.034842400000000e+02 -7.496039797312629e+01
8.035669200000000e+02 -7.496039797312623e+01
8.036496000000001e+02 -7.496039797312609e+01
8.037322800000001e+02 -7.496039797312550e+01
8.038149600000000e+02 -7.496039797312513e+01
8.038976400000000e+02 -7.496039797312514e+01
8.039803200000000e+02 -7.496039797312494e+01
8.040630000000000e+02 -7.496039797312437e+01
8.041456800000001e+02 -7.496039797312400e+01
8.042283600000001e+02 -7.496039797312407e+01
8.043110400000000e+02 -7.496039797312388e+01
8.043937200000000e+02 -7.496039797312331e+01
8.044764000000000e+02 -7.496039797312298e+01
8.045590800000000e+02 -7.496039797312309e+01
8.046417600000001e+02 -7.496039797312280e+01
8.047244400000001e+02 -7.496039797312223e+01
8.048071200000001e+02 -7.496039797312200e+01
8.048898000000000e+02 -7.496039797312216e+01
8.049724800000000e+02 -7.496039797312179e+01
8.050551600000000e+02 -7.496039797312116e+01
8.051378400000000e+02 -7.496039797312096e+01
8.052205200000001e+02 -7.496039797312106e+01
8.053032000000001e+02 -7.496039797312075e+01
8.053858800000000e+02 -7.496039797312025e+01
8.054685600000000e+02 -7.496039797312015e+01
8.055512400000000e+02 -7.496039797312012e+01
8.056339200000000e+02 -7.496039797311983e+01
8.057166000000001e+02 -7.496039797311934e+01
8.057992800000001e+02 -7.496039797311924e+01
8.058819600000000e+02 -7.496039797311921e+01
8.059646400000000e+02 -7.496039797311899e+01
8.060473200000000e+02 -7.496039797311856e+01
8.061300000000000e+02 -7.496039797311843e+01
8.062126800000000e+02 -7.496039797311842e+01
8.062953600000001e+02 -7.496039797311815e+01
8.063780400000001e+02 -7.496039797311772e+01
8.064607200000000e+02 -7.496039797311759e+01
8.065434000000000e+02 -7.496039797311767e+01
8.066260800000000e+02 -7.496039797311731e+01
8.067087600000000e+02 -7.496039797311686e+01
8.067914400000001e+02 -7.496039797311674e+01
8.068741200000001e+02 -7.496039797311684e+01
8.069568000000000e+02 -7.496039797311646e+01
8.070394800000000e+02 -7.496039797311599e+01
8.071221600000000e+02 -7.496039797311587e+01
8.072048400000000e+02 -7.496039797311590e+01
8.072875200000001e+02 -7.496039797311552e+01
8.073702000000001e+02 -7.496039797311512e+01
8.074528800000001e+02 -7.496039797311508e+01
8.075355600000000e+02 -7.496039797311504e+01
8.076182400000000e+02 -7.496039797311458e+01
8.077009200000000e+02 -7.496039797311417e+01
8.077836000000000e+02 -7.496039797311417e+01
8.078662800000001e+02 -7.496039797311406e+01
8.079489600000001e+02 -7.496039797311359e+01
8.080316400000000e+02 -7.496039797311320e+01
8.081143200000000e+02 -7.496039797311325e+01
8.081970000000000e+02 -7.496039797311303e+01
8.082796800000000e+02 -7.496039797311261e+01
8.083623600000001e+02 -7.496039797311226e+01
8.084450400000001e+02 -7.496039797311226e+01
8.085277200000000e+02 -7.496039797311208e+01
8.086104000000000e+02 -7.496039797311164e+01
8.086930800000000e+02 -7.496039797311133e+01
8.087757600000000e+02 -7.496039797311124e+01
8.088584400000001e+02 -7.496039797311109e+01
8.089411200000001e+02 -7.496039797311060e+01
8.090238000000001e+02 -7.496039797311026e+01
8.091064800000000e+02 -7.496039797311016e+01
8.091891600000000e+02 -7.496039797311006e+01
8.092718400000000e+02 -7.496039797310958e+01
8.093545200000000e+02 -7.496039797310927e+01
8.094372000000001e+02 -7.496039797310917e+01
8.095198800000001e+02 -7.496039797310902e+01
8.096025600000000e+02 -7.496039797310856e+01
8.096852400000000e+02 -7.496039797310810e+01
8.097679200000000e+02 -7.496039797310804e+01
8.098506000000000e+02 -7.496039797310789e+01
8.099332800000001e+02 -7.496039797310733e+01
8.100159600000001e+02 -7.496039797310691e+01
8.100986400000000e+02 -7.496039797310695e+01
8.101813200000000e+02 -7.496039797310672e+01
8.102640000000000e+02 -7.496039797310611e+01
8.103466800000000e+02 -7.496039797310574e+01
8.104293600000001e+02 -7.496039797310573e+01
8.105120400000001e+02 -7.496039797310543e+01
8.105947200000001e+02 -7.496039797310476e+01
8.106774000000000e+02 -7.496039797310451e+01
8.107600800000000e+02 -7.496039797310449e+01
8.108427600000000e+02 -7.496039797310414e+01
8.109254400000000e+02 -7.496039797310353e+01
8.110081200000001e+02 -7.496039797310331e+01
8.110908000000001e+02 -7.496039797310323e+01
8.111734800000000e+02 -7.496039797310280e+01
8.112561600000000e+02 -7.496039797310209e+01
8.113388400000000e+02 -7.496039797310196e+01
8.114215200000000e+02 -7.496039797310183e+01
8.115042000000001e+02 -7.496039797310142e+01
8.115868800000001e+02 -7.496039797310083e+01
8.116695600000000e+02 -7.496039797310058e+01
8.117522400000000e+02 -7.496039797310040e+01
8.118349200000000e+02 -7.496039797309996e+01
8.119176000000000e+02 -7.496039797309930e+01
8.120002800000001e+02 -7.496039797309908e+01
8.120829600000001e+02 -7.496039797309888e+01
8.121656400000001e+02 -7.496039797309828e+01
8.122483200000000e+02 -7.496039797309770e+01
8.123310000000000e+02 -7.496039797309736e+01
8.124136800000000e+02 -7.496039797309714e+01
8.124963600000000e+02 -7.496039797309655e+01
8.125790400000001e+02 -7.496039797309597e+01
8.126617200000001e+02 -7.496039797309568e+01
8.127444000000000e+02 -7.496039797309550e+01
8.128270800000000e+02 -7.496039797309481e+01
8.129097600000000e+02 -7.496039797309420e+01
8.129924400000000e+02 -7.496039797309399e+01
8.130751200000001e+02 -7.496039797309373e+01
8.131578000000001e+02 -7.496039797309309e+01
8.132404800000000e+02 -7.496039797309246e+01
8.133231600000000e+02 -7.496039797309230e+01
8.134058400000000e+02 -7.496039797309190e+01
8.134885200000000e+02 -7.496039797309116e+01
8.135712000000001e+02 -7.496039797309055e+01
8.136538800000001e+02 -7.496039797309044e+01
8.137365600000001e+02 -7.496039797308997e+01
8.138192400000000e+02 -7.496039797308926e+01
8.139019200000000e+02 -7.496039797308887e+01
8.139846000000000e+02 -7.496039797308877e+01
8.140672800000000e+02 -7.496039797308818e+01
8.141499600000001e+02 -7.496039797308740e+01
8.142326400000001e+02 -7.496039797308703e+01
8.143153200000000e+02 -7.496039797308686e+01
8.143980000000000e+02 -7.496039797308624e+01
8.144806800000000e+02 -7.496039797308558e+01
8.145633600000000e+02 -7.496039797308535e+01
8.146460400000001e+02 -7.496039797308511e+01
8.147287200000001e+02 -7.496039797308461e+01
8.148114000000000e+02 -7.496039797308397e+01
8.148940800000000e+02 -7.496039797308377e+01
8.149767600000000e+02 -7.496039797308349e+01
8.150594400000000e+02 -7.496039797308293e+01
8.151421200000001e+02 -7.496039797308234e+01
8.152248000000001e+02 -7.496039797308211e+01
8.153074800000001e+02 -7.496039797308187e+01
8.153901600000000e+02 -7.496039797308136e+01
8.154728400000000e+02 -7.496039797308084e+01
8.155555200000000e+02 -7.496039797308060e+01
8.156382000000000e+02 -7.496039797308042e+01
8.157208800000001e+02 -7.496039797307981e+01
8.158035600000001e+02 -7.496039797307930e+01
8.158862400000000e+02 -7.496039797307910e+01
8.159689200000000e+02 -7.496039797307897e+01
8.160516000000000e+02 -7.496039797307843e+01
8.161342800000000e+02 -7.496039797307785e+01
8.162169600000001e+02 -7.496039797307775e+01
8.162996400000001e+02 -7.496039797307762e+01
8.163823200000000e+02 -7.496039797307695e+01
8.164650000000000e+02 -7.496039797307648e+01
8.165476800000000e+02 -7.496039797307650e+01
8.166303600000000e+02 -7.496039797307624e+01
8.167130400000000e+02 -7.496039797307559e+01
8.167957200000001e+02 -7.496039797307522e+01
8.168784000000001e+02 -7.496039797307527e+01
8.169610800000000e+02 -7.496039797307498e+01
8.170437600000000e+02 -7.496039797307434e+01
8.171264400000000e+02 -7.496039797307400e+01
8.172091200000000e+02 -7.496039797307408e+01
8.172918000000001e+02 -7.496039797307373e+01
8.173744800000001e+02 -7.496039797307313e+01
8.174571600000000e+02 -7.496039797307289e+01
8.175398400000000e+02 -7.496039797307289e+01
8.176225200000000e+02 -7.496039797307243e+01
8.177052000000000e+02 -7.496039797307195e+01
8.177878800000001e+02 -7.496039797307175e+01
8.178705600000001e+02 -7.496039797307172e+01
8.179532400000001e+02 -7.496039797307132e+01
8.180359200000000e+02 -7.496039797307077e+01
8.181186000000000e+02 -7.496039797307066e+01
8.182012800000000e+02 -7.496039797307058e+01
8.182839600000000e+02 -7.496039797307026e+01
8.183666400000001e+02 -7.496039797306976e+01
8.184493200000001e+02 -7.496039797306963e+01
8.185320000000000e+02 -7.496039797306960e+01
8.186146800000000e+02 -7.496039797306928e+01
8.186973600000000e+02 -7.496039797306881e+01
8.187800400000000e+02 -7.496039797306871e+01
8.188627200000001e+02 -7.496039797306869e+01
8.189454000000001e+02 -7.496039797306830e+01
8.190280800000000e+02 -7.496039797306778e+01
8.191107600000000e+02 -7.496039797306773e+01
8.191934400000000e+02 -7.496039797306774e+01
8.192761200000000e+02 -7.496039797306732e+01
8.193588000000001e+02 -7.496039797306683e+01
8.194414800000001e+02 -7.496039797306683e+01
8.195241600000001e+02 -7.496039797306675e+01
8.196068400000000e+02 -7.496039797306628e+01
8.196895200000000e+02 -7.496039797306589e+01
8.197722000000000e+02 -7.496039797306597e+01
8.198548800000000e+02 -7.496039797306587e+01
8.199375600000001e+02 -7.496039797306531e+01
8.200202400000001e+02 -7.496039797306491e+01
8.201029200000000e+02 -7.496039797306496e+01
8.201856000000000e+02 -7.496039797306474e+01
8.202682800000000e+02 -7.496039797306429e+01
8.203509600000000e+02 -7.496039797306385e+01
8.204336400000001e+02 -7.496039797306388e+01
8.205163200000001e+02 -7.496039797306362e+01
8.205990000000000e+02 -7.496039797306318e+01
8.206816800000000e+02 -7.496039797306281e+01
8.207643600000000e+02 -7.496039797306277e+01
8.208470400000000e+02 -7.496039797306253e+01
8.209297200000001e+02 -7.496039797306199e+01
8.210124000000001e+02 -7.496039797306163e+01
8.210950800000001e+02 -7.496039797306153e+01
8.211777600000000e+02 -7.496039797306135e+01
8.212604400000000e+02 -7.496039797306079e+01
8.213431200000000e+02 -7.496039797306041e+01
8.214258000000000e+02 -7.496039797306035e+01
8.215084800000001e+02 -7.496039797306015e+01
8.215911600000001e+02 -7.496039797305966e+01
8.216738400000000e+02 -7.496039797305926e+01
8.217565200000000e+02 -7.496039797305922e+01
8.218392000000000e+02 -7.496039797305906e+01
8.219218800000000e+02 -7.496039797305853e+01
8.220045600000001e+02 -7.496039797305819e+01
8.220872400000001e+02 -7.496039797305821e+01
8.221699200000000e+02 -7.496039797305802e+01
8.222526000000000e+02 -7.496039797305745e+01
8.223352800000000e+02 -7.496039797305716e+01
8.224179600000000e+02 -7.496039797305725e+01
8.225006400000001e+02 -7.496039797305701e+01
8.225833200000001e+02 -7.496039797305652e+01
8.226660000000001e+02 -7.496039797305627e+01
8.227486800000000e+02 -7.496039797305637e+01
8.228313600000000e+02 -7.496039797305612e+01
8.229140400000000e+02 -7.496039797305562e+01
8.229967200000000e+02 -7.496039797305551e+01
8.230794000000001e+02 -7.496039797305555e+01
8.231620800000001e+02 -7.496039797305528e+01
8.232447600000000e+02 -7.496039797305484e+01
8.233274400000000e+02 -7.496039797305470e+01
8.234101200000000e+02 -7.496039797305468e+01
8.234928000000000e+02 -7.496039797305443e+01
8.235754800000001e+02 -7.496039797305392e+01
8.236581600000001e+02 -7.496039797305379e+01
8.237408400000000e+02 -7.496039797305372e+01
8.238235200000000e+02 -7.496039797305347e+01
8.239062000000000e+02 -7.496039797305306e+01
8.239888800000000e+02 -7.496039797305289e+01
8.240715600000001e+02 -7.496039797305286e+01
8.241542400000001e+02 -7.496039797305257e+01
8.242369200000001e+02 -7.496039797305208e+01
8.243196000000000e+02 -7.496039797305190e+01
8.244022800000000e+02 -7.496039797305191e+01
8.244849600000000e+02 -7.496039797305153e+01
8.245676400000000e+02 -7.496039797305100e+01
8.246503200000001e+02 -7.496039797305080e+01
8.247330000000001e+02 -7.496039797305085e+01
8.248156800000000e+02 -7.496039797305045e+01
8.248983600000000e+02 -7.496039797304992e+01
8.249810400000000e+02 -7.496039797304975e+01
8.250637200000000e+02 -7.496039797304979e+01
8.251464000000001e+02 -7.496039797304938e+01
8.252290800000001e+02 -7.496039797304881e+01
8.253117600000000e+02 -7.496039797304870e+01
8.253944400000000e+02 -7.496039797304860e+01
8.254771200000000e+02 -7.496039797304802e+01
8.255598000000000e+02 -7.496039797304751e+01
8.256424800000001e+02 -7.496039797304745e+01
8.257251600000001e+02 -7.496039797304725e+01
8.258078400000001e+02 -7.496039797304665e+01
8.258905200000000e+02 -7.496039797304617e+01
8.259732000000000e+02 -7.496039797304614e+01
8.260558800000000e+02 -7.496039797304589e+01
8.261385600000000e+02 -7.496039797304530e+01
8.262212400000001e+02 -7.496039797304491e+01
8.263039200000001e+02 -7.496039797304482e+01
8.263866000000000e+02 -7.496039797304454e+01
8.264692800000000e+02 -7.496039797304388e+01
8.265519600000000e+02 -7.496039797304356e+01
8.266346400000000e+02 -7.496039797304341e+01
8.267173200000001e+02 -7.496039797304313e+01
