0.000000000000000e+00 0.000000000000000e+00
8.268000000000000e-02 0.000000000000000e+00
1.653600000000000e-01 0.000000000000000e+00
2.480400000000000e-01 0.000000000000000e+00
3.307200000000000e-01 0.000000000000000e+00
4.134000000000000e-01 0.000000000000000e+00
4.960800000000000e-01 0.000000000000000e+00
5.787600000000001e-01 0.000000000000000e+00
6.614400000000000e-01 0.000000000000000e+00
7.441200000000000e-01 0.000000000000000e+00
8.268000000000000e-01 0.000000000000000e+00
9.094800000000001e-01 0.000000000000000e+00
9.921600000000000e-01 0.000000000000000e+00
1.074840000000000e+00 0.000000000000000e+00
1.157520000000000e+00 0.000000000000000e+00
1.240200000000000e+00 0.000000000000000e+00
1.322880000000000e+00 0.000000000000000e+00
1.405560000000000e+00 0.000000000000000e+00
1.488240000000000e+00 0.000000000000000e+00
1.570920000000000e+00 0.000000000000000e+00
1.653600000000000e+00 0.000000000000000e+00
1.736280000000000e+00 0.000000000000000e+00
1.818960000000000e+00 0.000000000000000e+00
1.901640000000000e+00 0.000000000000000e+00
1.984320000000000e+00 0.000000000000000e+00
2.067000000000000e+00 0.000000000000000e+00
2.149680000000000e+00 0.000000000000000e+00
2.232360000000000e+00 0.000000000000000e+00
2.315040000000000e+00 0.000000000000000e+00
2.397720000000000e+00 0.000000000000000e+00
2.480400000000000e+00 0.000000000000000e+00
2.563080000000000e+00 0.000000000000000e+00
2.645760000000000e+00 0.000000000000000e+00
2.728440000000000e+00 0.000000000000000e+00
2.811120000000000e+00 0.000000000000000e+00
2.893800000000000e+00 0.000000000000000e+00
2.976480000000000e+00 0.000000000000000e+00
3.059160000000000e+00 0.000000000000000e+00
3.141840000000000e+00 0.000000000000000e+00
3.224520000000000e+00 0.000000000000000e+00
3.307200000000000e+00 0.000000000000000e+00
3.389880000000000e+00 0.000000000000000e+00
3.472560000000000e+00 0.000000000000000e+00
3.555240000000000e+00 0.000000000000000e+00
3.637920000000000e+00 0.000000000000000e+00
3.720600000000000e+00 0.000000000000000e+00
3.803280000000000e+00 0.000000000000000e+00
3.885960000000000e+00 0.000000000000000e+00
3.968640000000000e+00 0.000000000000000e+00
4.051320000000000e+00 0.000000000000000e+00
4.134000000000000e+00 0.000000000000000e+00
4.216680000000000e+00 0.000000000000000e+00
4.299360000000000e+00 0.000000000000000e+00
4.382040000000000e+00 0.000000000000000e+00
4.464720000000000e+00 0.000000000000000e+00
4.547400000000001e+00 0.000000000000000e+00
4.630080000000000e+00 0.000000000000000e+00
4.712760000000000e+00 0.000000000000000e+00
4.795440000000000e+00 0.000000000000000e+00
4.878120000000000e+00 0.000000000000000e+00
4.960800000000000e+00 0.000000000000000e+00
5.043480000000001e+00 0.000000000000000e+00
5.126160000000000e+00 0.000000000000000e+00
5.208840000000000e+00 0.000000000000000e+00
5.291520000000000e+00 0.000000000000000e+00
5.374200000000000e+00 0.000000000000000e+00
5.456880000000000e+00 0.000000000000000e+00
5.539560000000000e+00 0.000000000000000e+00
5.622240000000001e+00 0.000000000000000e+00
5.704920000000000e+00 0.000000000000000e+00
5.787600000000000e+00 0.000000000000000e+00
5.870280000000000e+00 0.000000000000000e+00
5.952960000000000e+00 0.000000000000000e+00
6.035640000000000e+00 0.000000000000000e+00
6.118320000000001e+00 0.000000000000000e+00
6.201000000000001e+00 0.000000000000000e+00
6.283680000000000e+00 0.000000000000000e+00
6.366360000000000e+00 0.000000000000000e+00
6.449040000000000e+00 0.000000000000000e+00
6.531720000000000e+00 0.000000000000000e+00
6.614400000000000e+00 0.000000000000000e+00
6.697080000000001e+00 0.000000000000000e+00
6.779760000000000e+00 0.000000000000000e+00
6.862440000000000e+00 0.000000000000000e+00
6.945120000000000e+00 0.000000000000000e+00
7.027800000000000e+00 0.000000000000000e+00
7.110480000000000e+00 0.000000000000000e+00
7.193160000000001e+00 0.000000000000000e+00
7.275840000000001e+00 0.000000000000000e+00
7.358520000000000e+00 0.000000000000000e+00
7.441200000000000e+00 0.000000000000000e+00
7.523880000000000e+00 0.000000000000000e+00
7.606560000000000e+00 0.000000000000000e+00
7.689240000000001e+00 0.000000000000000e+00
7.771920000000001e+00 0.000000000000000e+00
7.854600000000000e+00 0.000000000000000e+00
7.937280000000000e+00 0.000000000000000e+00
8.019960000000001e+00 0.000000000000000e+00
8.102640000000001e+00 0.000000000000000e+00
8.185320000000001e+00 0.000000000000000e+00
8.268000000000001e+00 0.000000000000000e+00
8.350680000000001e+00 0.000000000000000e+00
8.433360000000000e+00 0.000000000000000e+00
8.516040000000000e+00 0.000000000000000e+00
8.598720000000000e+00 0.000000000000000e+00
8.681400000000000e+00 0.000000000000000e+00
8.764080000000000e+00 0.000000000000000e+00
8.846760000000000e+00 0.000000000000000e+00
8.929440000000000e+00 0.000000000000000e+00
9.012120000000001e+00 0.000000000000000e+00
9.094800000000001e+00 0.000000000000000e+00
9.177480000000001e+00 0.000000000000000e+00
9.260160000000001e+00 0.000000000000000e+00
9.342840000000001e+00 0.000000000000000e+00
9.425520000000001e+00 0.000000000000000e+00
9.508200000000000e+00 0.000000000000000e+00
9.590880000000000e+00 0.000000000000000e+00
9.673560000000000e+00 0.000000000000000e+00
9.756240000000000e+00 0.000000000000000e+00
9.838920000000000e+00 0.000000000000000e+00
9.921600000000000e+00 0.000000000000000e+00
1.000428000000000e+01 0.000000000000000e+00
1.008696000000000e+01 0.000000000000000e+00
1.016964000000000e+01 0.000000000000000e+00
1.025232000000000e+01 0.000000000000000e+00
1.033500000000000e+01 0.000000000000000e+00
1.041768000000000e+01 0.000000000000000e+00
1.050036000000000e+01 0.000000000000000e+00
1.058304000000000e+01 0.000000000000000e+00
1.066572000000000e+01 0.000000000000000e+00
1.074840000000000e+01 0.000000000000000e+00
1.083108000000000e+01 0.000000000000000e+00
1.091376000000000e+01 0.000000000000000e+00
1.099644000000000e+01 0.000000000000000e+00
1.107912000000000e+01 0.000000000000000e+00
1.116180000000000e+01 0.000000000000000e+00
1.124448000000000e+01 0.000000000000000e+00
1.132716000000000e+01 0.000000000000000e+00
1.140984000000000e+01 0.000000000000000e+00
1.149252000000000e+01 0.000000000000000e+00
1.157520000000000e+01 0.000000000000000e+00
1.165788000000000e+01 0.000000000000000e+00
1.174056000000000e+01 0.000000000000000e+00
1.182324000000000e+01 0.000000000000000e+00
1.190592000000000e+01 0.000000000000000e+00
1.198860000000000e+01 0.000000000000000e+00
1.207128000000000e+01 0.000000000000000e+00
1.215396000000000e+01 0.000000000000000e+00
1.223664000000000e+01 0.000000000000000e+00
1.231932000000000e+01 0.000000000000000e+00
1.240200000000000e+01 0.000000000000000e+00
1.248468000000000e+01 0.000000000000000e+00
1.256736000000000e+01 0.000000000000000e+00
1.265004000000000e+01 0.000000000000000e+00
1.273272000000000e+01 0.000000000000000e+00
1.281540000000000e+01 0.000000000000000e+00
1.289808000000000e+01 0.000000000000000e+00
1.298076000000000e+01 0.000000000000000e+00
1.306344000000000e+01 0.000000000000000e+00
1.314612000000000e+01 0.000000000000000e+00
1.322880000000000e+01 0.000000000000000e+00
1.331148000000000e+01 0.000000000000000e+00
1.339416000000000e+01 0.000000000000000e+00
1.347684000000000e+01 0.000000000000000e+00
1.355952000000000e+01 0.000000000000000e+00
1.364220000000000e+01 0.000000000000000e+00
1.372488000000000e+01 0.000000000000000e+00
1.380756000000000e+01 0.000000000000000e+00
1.389024000000000e+01 0.000000000000000e+00
1.397292000000000e+01 0.000000000000000e+00
1.405560000000000e+01 0.000000000000000e+00
1.413828000000000e+01 0.000000000000000e+00
1.422096000000000e+01 0.000000000000000e+00
1.430364000000000e+01 0.000000000000000e+00
1.438632000000000e+01 0.000000000000000e+00
1.446900000000000e+01 0.000000000000000e+00
1.455168000000000e+01 0.000000000000000e+00
1.463436000000000e+01 0.000000000000000e+00
1.471704000000000e+01 0.000000000000000e+00
1.479972000000000e+01 0.000000000000000e+00
1.488240000000000e+01 0.000000000000000e+00
1.496508000000000e+01 0.000000000000000e+00
1.504776000000000e+01 0.000000000000000e+00
1.513044000000000e+01 0.000000000000000e+00
1.521312000000000e+01 0.000000000000000e+00
1.529580000000000e+01 0.000000000000000e+00
1.537848000000000e+01 0.000000000000000e+00
1.546116000000000e+01 0.000000000000000e+00
1.554384000000000e+01 0.000000000000000e+00
1.562652000000000e+01 0.000000000000000e+00
1.570920000000000e+01 0.000000000000000e+00
1.579188000000000e+01 0.000000000000000e+00
1.587456000000000e+01 0.000000000000000e+00
1.595724000000000e+01 0.000000000000000e+00
1.603992000000000e+01 0.000000000000000e+00
1.612260000000000e+01 0.000000000000000e+00
1.620528000000000e+01 0.000000000000000e+00
1.628796000000000e+01 0.000000000000000e+00
1.637064000000000e+01 0.000000000000000e+00
1.645332000000000e+01 0.000000000000000e+00
1.653600000000000e+01 0.000000000000000e+00
1.661868000000000e+01 0.000000000000000e+00
1.670136000000000e+01 0.000000000000000e+00
1.678404000000000e+01 0.000000000000000e+00
1.686672000000000e+01 0.000000000000000e+00
1.694940000000000e+01 0.000000000000000e+00
1.703208000000000e+01 0.000000000000000e+00
1.711476000000000e+01 0.000000000000000e+00
1.719744000000000e+01 0.000000000000000e+00
1.728012000000000e+01 0.000000000000000e+00
1.736280000000000e+01 0.000000000000000e+00
1.744548000000000e+01 0.000000000000000e+00
1.752816000000000e+01 0.000000000000000e+00
1.761084000000000e+01 0.000000000000000e+00
1.769352000000000e+01 0.000000000000000e+00
1.777620000000000e+01 0.000000000000000e+00
1.785888000000000e+01 0.000000000000000e+00
1.794156000000000e+01 0.000000000000000e+00
1.802424000000000e+01 0.000000000000000e+00
1.810692000000000e+01 0.000000000000000e+00
1.818960000000000e+01 0.000000000000000e+00
1.827228000000000e+01 0.000000000000000e+00
1.835496000000000e+01 0.000000000000000e+00
1.843764000000000e+01 0.000000000000000e+00
1.852032000000000e+01 0.000000000000000e+00
1.860300000000000e+01 0.000000000000000e+00
1.868568000000000e+01 0.000000000000000e+00
1.876836000000000e+01 0.000000000000000e+00
1.885104000000000e+01 0.000000000000000e+00
1.893372000000000e+01 0.000000000000000e+00
1.901640000000000e+01 0.000000000000000e+00
1.909908000000000e+01 0.000000000000000e+00
1.918176000000000e+01 0.000000000000000e+00
1.926444000000000e+01 0.000000000000000e+00
1.934712000000000e+01 0.000000000000000e+00
1.942980000000000e+01 0.000000000000000e+00
1.951248000000000e+01 0.000000000000000e+00
1.959516000000000e+01 0.000000000000000e+00
1.967784000000000e+01 0.000000000000000e+00
1.976052000000000e+01 0.000000000000000e+00
1.984320000000000e+01 0.000000000000000e+00
1.992588000000000e+01 0.000000000000000e+00
2.000856000000000e+01 0.000000000000000e+00
2.009124000000000e+01 0.000000000000000e+00
2.017392000000000e+01 0.000000000000000e+00
2.025660000000000e+01 0.000000000000000e+00
2.033928000000000e+01 0.000000000000000e+00
2.042196000000000e+01 0.000000000000000e+00
2.050464000000000e+01 0.000000000000000e+00
2.058732000000000e+01 0.000000000000000e+00
2.067000000000000e+01 0.000000000000000e+00
2.075268000000000e+01 0.000000000000000e+00
2.083536000000000e+01 0.000000000000000e+00
2.091804000000000e+01 0.000000000000000e+00
2.100072000000000e+01 0.000000000000000e+00
2.108340000000000e+01 0.000000000000000e+00
2.116608000000000e+01 0.000000000000000e+00
2.124876000000000e+01 0.000000000000000e+00
2.133144000000000e+01 0.000000000000000e+00
2.141412000000000e+01 0.000000000000000e+00
2.149680000000000e+01 0.000000000000000e+00
2.157948000000000e+01 0.000000000000000e+00
2.166216000000000e+01 0.000000000000000e+00
2.174484000000000e+01 0.000000000000000e+00
2.182752000000000e+01 0.000000000000000e+00
2.191020000000000e+01 0.000000000000000e+00
2.199288000000000e+01 0.000000000000000e+00
2.207556000000000e+01 0.000000000000000e+00
2.215824000000000e+01 0.000000000000000e+00
2.224092000000000e+01 0.000000000000000e+00
2.232360000000000e+01 0.000000000000000e+00
2.240628000000000e+01 0.000000000000000e+00
2.248896000000000e+01 0.000000000000000e+00
2.257164000000000e+01 0.000000000000000e+00
2.265432000000000e+01 0.000000000000000e+00
2.273700000000000e+01 0.000000000000000e+00
2.281968000000000e+01 0.000000000000000e+00
2.290236000000000e+01 0.000000000000000e+00
2.298504000000000e+01 0.000000000000000e+00
2.306772000000000e+01 0.000000000000000e+00
2.315040000000000e+01 0.000000000000000e+00
2.323308000000000e+01 0.000000000000000e+00
2.331576000000000e+01 0.000000000000000e+00
2.339844000000000e+01 0.000000000000000e+00
2.348112000000000e+01 0.000000000000000e+00
2.356380000000000e+01 0.000000000000000e+00
2.364648000000000e+01 0.000000000000000e+00
2.372916000000000e+01 0.000000000000000e+00
2.381184000000000e+01 0.000000000000000e+00
2.389452000000000e+01 0.000000000000000e+00
2.397720000000000e+01 0.000000000000000e+00
2.405988000000000e+01 0.000000000000000e+00
2.414256000000000e+01 0.000000000000000e+00
2.422524000000000e+01 0.000000000000000e+00
2.430792000000000e+01 0.000000000000000e+00
2.439060000000000e+01 0.000000000000000e+00
2.447328000000000e+01 0.000000000000000e+00
2.455596000000000e+01 0.000000000000000e+00
2.463864000000000e+01 0.000000000000000e+00
2.472132000000000e+01 0.000000000000000e+00
2.480400000000000e+01 0.000000000000000e+00
2.488668000000000e+01 0.000000000000000e+00
2.496936000000000e+01 0.000000000000000e+00
2.505204000000000e+01 0.000000000000000e+00
2.513472000000000e+01 0.000000000000000e+00
2.521740000000000e+01 0.000000000000000e+00
2.530008000000000e+01 0.000000000000000e+00
2.538276000000000e+01 0.000000000000000e+00
2.546544000000000e+01 0.000000000000000e+00
2.554812000000000e+01 0.000000000000000e+00
2.563080000000000e+01 0.000000000000000e+00
2.571348000000000e+01 0.000000000000000e+00
2.579616000000000e+01 0.000000000000000e+00
2.587884000000000e+01 0.000000000000000e+00
2.596152000000000e+01 0.000000000000000e+00
2.604420000000000e+01 0.000000000000000e+00
2.612688000000000e+01 0.000000000000000e+00
2.620956000000000e+01 0.000000000000000e+00
2.629224000000000e+01 0.000000000000000e+00
2.637492000000000e+01 0.000000000000000e+00
2.645760000000000e+01 0.000000000000000e+00
2.654028000000000e+01 0.000000000000000e+00
2.662296000000000e+01 0.000000000000000e+00
2.670564000000000e+01 0.000000000000000e+00
2.678832000000000e+01 0.000000000000000e+00
2.687100000000000e+01 0.000000000000000e+00
2.695368000000000e+01 0.000000000000000e+00
2.703636000000000e+01 0.000000000000000e+00
2.711904000000000e+01 0.000000000000000e+00
2.720172000000000e+01 0.000000000000000e+00
2.728440000000000e+01 0.000000000000000e+00
2.736708000000000e+01 0.000000000000000e+00
2.744976000000000e+01 0.000000000000000e+00
2.753244000000000e+01 0.000000000000000e+00
2.761512000000000e+01 0.000000000000000e+00
2.769780000000000e+01 0.000000000000000e+00
2.778048000000000e+01 0.000000000000000e+00
2.786316000000000e+01 0.000000000000000e+00
2.794584000000000e+01 0.000000000000000e+00
2.802852000000000e+01 0.000000000000000e+00
2.811120000000000e+01 0.000000000000000e+00
2.819388000000000e+01 0.000000000000000e+00
2.827656000000000e+01 0.000000000000000e+00
2.835924000000000e+01 0.000000000000000e+00
2.844192000000000e+01 0.000000000000000e+00
2.852460000000000e+01 0.000000000000000e+00
2.860728000000000e+01 0.000000000000000e+00
2.868996000000000e+01 0.000000000000000e+00
2.877264000000000e+01 0.000000000000000e+00
2.885532000000000e+01 0.000000000000000e+00
2.893800000000000e+01 0.000000000000000e+00
2.902068000000000e+01 0.000000000000000e+00
2.910336000000000e+01 0.000000000000000e+00
2.918604000000000e+01 0.000000000000000e+00
2.926872000000000e+01 0.000000000000000e+00
2.935140000000000e+01 0.000000000000000e+00
2.943408000000000e+01 0.000000000000000e+00
2.951676000000000e+01 0.000000000000000e+00
2.959944000000000e+01 0.000000000000000e+00
2.968212000000000e+01 0.000000000000000e+00
2.976480000000000e+01 0.000000000000000e+00
2.984748000000000e+01 0.000000000000000e+00
2.993016000000000e+01 0.000000000000000e+00
3.001284000000000e+01 0.000000000000000e+00
3.009552000000000e+01 0.000000000000000e+00
3.017820000000000e+01 0.000000000000000e+00
3.026088000000000e+01 0.000000000000000e+00
3.034356000000000e+01 0.000000000000000e+00
3.042624000000000e+01 0.000000000000000e+00
3.050892000000000e+01 0.000000000000000e+00
3.059160000000000e+01 0.000000000000000e+00
3.067428000000000e+01 0.000000000000000e+00
3.075696000000000e+01 0.000000000000000e+00
3.083964000000000e+01 0.000000000000000e+00
3.092232000000000e+01 0.000000000000000e+00
3.100500000000000e+01 0.000000000000000e+00
3.108768000000000e+01 0.000000000000000e+00
3.117036000000000e+01 0.000000000000000e+00
3.125304000000000e+01 0.000000000000000e+00
3.133572000000000e+01 0.000000000000000e+00
3.141840000000000e+01 0.000000000000000e+00
3.150108000000000e+01 0.000000000000000e+00
3.158376000000000e+01 0.000000000000000e+00
3.166644000000000e+01 0.000000000000000e+00
3.174912000000000e+01 0.000000000000000e+00
3.183180000000000e+01 0.000000000000000e+00
3.191448000000000e+01 0.000000000000000e+00
3.199716000000000e+01 0.000000000000000e+00
3.207984000000000e+01 0.000000000000000e+00
3.216252000000000e+01 0.000000000000000e+00
3.224520000000000e+01 0.000000000000000e+00
3.232788000000000e+01 0.000000000000000e+00
3.241056000000000e+01 0.000000000000000e+00
3.249324000000000e+01 0.000000000000000e+00
3.257592000000000e+01 0.000000000000000e+00
3.265860000000000e+01 0.000000000000000e+00
3.274128000000000e+01 0.000000000000000e+00
3.282396000000000e+01 0.000000000000000e+00
3.290664000000000e+01 0.000000000000000e+00
3.298932000000000e+01 0.000000000000000e+00
3.307200000000000e+01 0.000000000000000e+00
3.315468000000000e+01 0.000000000000000e+00
3.323736000000000e+01 0.000000000000000e+00
3.332004000000000e+01 0.000000000000000e+00
3.340272000000000e+01 0.000000000000000e+00
3.348540000000000e+01 0.000000000000000e+00
3.356808000000000e+01 0.000000000000000e+00
3.365076000000000e+01 0.000000000000000e+00
3.373344000000000e+01 0.000000000000000e+00
3.381612000000000e+01 0.000000000000000e+00
3.389880000000000e+01 0.000000000000000e+00
3.398148000000000e+01 0.000000000000000e+00
3.406416000000000e+01 0.000000000000000e+00
3.414684000000000e+01 0.000000000000000e+00
3.422952000000000e+01 0.000000000000000e+00
3.431220000000000e+01 0.000000000000000e+00
3.439488000000000e+01 0.000000000000000e+00
3.447756000000000e+01 0.000000000000000e+00
3.456024000000000e+01 0.000000000000000e+00
3.464292000000000e+01 0.000000000000000e+00
3.472560000000000e+01 0.000000000000000e+00
3.480828000000000e+01 0.000000000000000e+00
3.489096000000000e+01 0.000000000000000e+00
3.497364000000000e+01 0.000000000000000e+00
3.505632000000000e+01 0.000000000000000e+00
3.513900000000000e+01 0.000000000000000e+00
3.522168000000000e+01 0.000000000000000e+00
3.530436000000000e+01 0.000000000000000e+00
3.538704000000000e+01 0.000000000000000e+00
3.546972000000000e+01 0.000000000000000e+00
3.555240000000000e+01 0.000000000000000e+00
3.563508000000000e+01 0.000000000000000e+00
3.571776000000000e+01 0.000000000000000e+00
3.580044000000000e+01 0.000000000000000e+00
3.588312000000000e+01 0.000000000000000e+00
3.596580000000000e+01 0.000000000000000e+00
3.604848000000000e+01 0.000000000000000e+00
3.613116000000000e+01 0.000000000000000e+00
3.621384000000000e+01 0.000000000000000e+00
3.629652000000000e+01 0.000000000000000e+00
3.637920000000000e+01 0.000000000000000e+00
3.646188000000000e+01 0.000000000000000e+00
3.654456000000000e+01 0.000000000000000e+00
3.662724000000000e+01 0.000000000000000e+00
3.670992000000000e+01 0.000000000000000e+00
3.679260000000000e+01 0.000000000000000e+00
3.687528000000000e+01 0.000000000000000e+00
3.695796000000000e+01 0.000000000000000e+00
3.704064000000000e+01 0.000000000000000e+00
3.712332000000000e+01 0.000000000000000e+00
3.720600000000000e+01 0.000000000000000e+00
3.728868000000000e+01 0.000000000000000e+00
3.737136000000000e+01 0.000000000000000e+00
3.745404000000000e+01 0.000000000000000e+00
3.753672000000000e+01 0.000000000000000e+00
3.761940000000000e+01 0.000000000000000e+00
3.770208000000000e+01 0.000000000000000e+00
3.778476000000000e+01 0.000000000000000e+00
3.786744000000000e+01 0.000000000000000e+00
3.795012000000000e+01 0.000000000000000e+00
3.803280000000000e+01 0.000000000000000e+00
3.811548000000001e+01 0.000000000000000e+00
3.819816000000000e+01 0.000000000000000e+00
3.828084000000000e+01 0.000000000000000e+00
3.836352000000000e+01 0.000000000000000e+00
3.844620000000000e+01 0.000000000000000e+00
3.852888000000000e+01 0.000000000000000e+00
3.861156000000000e+01 0.000000000000000e+00
3.869424000000000e+01 0.000000000000000e+00
3.877692000000000e+01 0.000000000000000e+00
3.885960000000000e+01 0.000000000000000e+00
3.894228000000000e+01 0.000000000000000e+00
3.902496000000000e+01 0.000000000000000e+00
3.910764000000000e+01 0.000000000000000e+00
3.919032000000000e+01 0.000000000000000e+00
3.927300000000000e+01 0.000000000000000e+00
3.935568000000000e+01 0.000000000000000e+00
3.943836000000000e+01 0.000000000000000e+00
3.952104000000000e+01 0.000000000000000e+00
3.960372000000000e+01 0.000000000000000e+00
3.968640000000000e+01 0.000000000000000e+00
3.976908000000000e+01 0.000000000000000e+00
3.985176000000000e+01 0.000000000000000e+00
3.993444000000000e+01 0.000000000000000e+00
4.001712000000000e+01 0.000000000000000e+00
4.009980000000000e+01 0.000000000000000e+00
4.018248000000000e+01 0.000000000000000e+00
4.026516000000000e+01 0.000000000000000e+00
4.034784000000001e+01 0.000000000000000e+00
4.043052000000000e+01 0.000000000000000e+00
4.051320000000000e+01 0.000000000000000e+00
4.059588000000000e+01 0.000000000000000e+00
4.067856000000000e+01 0.000000000000000e+00
4.076124000000000e+01 0.000000000000000e+00
4.084392000000000e+01 0.000000000000000e+00
4.092660000000000e+01 0.000000000000000e+00
4.100928000000000e+01 0.000000000000000e+00
4.109196000000000e+01 0.000000000000000e+00
4.117464000000000e+01 0.000000000000000e+00
4.125732000000000e+01 0.000000000000000e+00
4.134000000000000e+01 0.000000000000000e+00
4.142268000000000e+01 0.000000000000000e+00
4.150536000000000e+01 0.000000000000000e+00
4.158804000000000e+01 0.000000000000000e+00
4.167072000000000e+01 0.000000000000000e+00
4.175340000000000e+01 0.000000000000000e+00
4.183608000000000e+01 0.000000000000000e+00
4.191876000000000e+01 0.000000000000000e+00
4.200144000000000e+01 0.000000000000000e+00
4.208412000000000e+01 0.000000000000000e+00
4.216680000000000e+01 0.000000000000000e+00
4.224948000000000e+01 0.000000000000000e+00
4.233216000000000e+01 0.000000000000000e+00
4.241484000000001e+01 0.000000000000000e+00
4.249752000000000e+01 0.000000000000000e+00
4.258020000000000e+01 0.000000000000000e+00
4.266288000000000e+01 0.000000000000000e+00
4.274556000000000e+01 0.000000000000000e+00
4.282824000000000e+01 0.000000000000000e+00
4.291092000000000e+01 0.000000000000000e+00
4.299360000000000e+01 0.000000000000000e+00
4.307628000000000e+01 0.000000000000000e+00
4.315896000000000e+01 0.000000000000000e+00
4.324164000000000e+01 0.000000000000000e+00
4.332432000000000e+01 0.000000000000000e+00
4.340700000000000e+01 0.000000000000000e+00
4.348968000000000e+01 0.000000000000000e+00
4.357236000000000e+01 0.000000000000000e+00
4.365504000000000e+01 0.000000000000000e+00
4.373772000000000e+01 0.000000000000000e+00
4.382040000000000e+01 0.000000000000000e+00
4.390308000000000e+01 0.000000000000000e+00
4.398576000000000e+01 0.000000000000000e+00
4.406844000000000e+01 0.000000000000000e+00
4.415112000000000e+01 0.000000000000000e+00
4.423380000000000e+01 0.000000000000000e+00
4.431648000000000e+01 0.000000000000000e+00
4.439916000000000e+01 0.000000000000000e+00
4.448184000000001e+01 0.000000000000000e+00
4.456452000000000e+01 0.000000000000000e+00
4.464720000000001e+01 0.000000000000000e+00
4.472988000000000e+01 0.000000000000000e+00
4.481256000000000e+01 0.000000000000000e+00
4.489524000000000e+01 0.000000000000000e+00
4.497792000000000e+01 0.000000000000000e+00
4.506060000000000e+01 0.000000000000000e+00
4.514328000000000e+01 0.000000000000000e+00
4.522596000000000e+01 0.000000000000000e+00
4.530864000000000e+01 0.000000000000000e+00
4.539132000000000e+01 0.000000000000000e+00
4.547400000000000e+01 0.000000000000000e+00
4.555668000000000e+01 0.000000000000000e+00
4.563936000000000e+01 0.000000000000000e+00
4.572204000000000e+01 0.000000000000000e+00
4.580472000000000e+01 0.000000000000000e+00
4.588740000000000e+01 0.000000000000000e+00
4.597008000000000e+01 0.000000000000000e+00
4.605276000000000e+01 0.000000000000000e+00
4.613544000000000e+01 0.000000000000000e+00
4.621812000000000e+01 0.000000000000000e+00
4.630080000000000e+01 0.000000000000000e+00
4.638348000000000e+01 0.000000000000000e+00
4.646616000000000e+01 0.000000000000000e+00
4.654884000000000e+01 0.000000000000000e+00
4.663152000000000e+01 0.000000000000000e+00
4.671420000000001e+01 0.000000000000000e+00
4.679688000000000e+01 0.000000000000000e+00
4.687956000000001e+01 0.000000000000000e+00
4.696224000000000e+01 0.000000000000000e+00
4.704492000000000e+01 0.000000000000000e+00
4.712760000000000e+01 0.000000000000000e+00
4.721028000000000e+01 0.000000000000000e+00
4.729296000000000e+01 0.000000000000000e+00
4.737564000000000e+01 0.000000000000000e+00
4.745832000000000e+01 0.000000000000000e+00
4.754100000000000e+01 0.000000000000000e+00
4.762368000000000e+01 0.000000000000000e+00
4.770636000000000e+01 0.000000000000000e+00
4.778904000000000e+01 0.000000000000000e+00
4.787172000000000e+01 0.000000000000000e+00
4.795440000000000e+01 0.000000000000000e+00
4.803708000000000e+01 0.000000000000000e+00
4.811976000000000e+01 0.000000000000000e+00
4.820244000000000e+01 0.000000000000000e+00
4.828512000000000e+01 0.000000000000000e+00
4.836780000000000e+01 0.000000000000000e+00
4.845048000000000e+01 0.000000000000000e+00
4.853316000000000e+01 0.000000000000000e+00
4.861584000000000e+01 0.000000000000000e+00
4.869852000000000e+01 0.000000000000000e+00
4.878120000000001e+01 0.000000000000000e+00
4.886388000000000e+01 0.000000000000000e+00
4.894656000000001e+01 0.000000000000000e+00
4.902924000000000e+01 0.000000000000000e+00
4.911192000000000e+01 0.000000000000000e+00
4.919460000000000e+01 0.000000000000000e+00
4.927728000000000e+01 0.000000000000000e+00
4.935996000000000e+01 0.000000000000000e+00
4.944264000000000e+01 0.000000000000000e+00
4.952532000000000e+01 0.000000000000000e+00
4.960800000000000e+01 0.000000000000000e+00
4.969068000000000e+01 0.000000000000000e+00
4.977336000000000e+01 0.000000000000000e+00
4.985604000000000e+01 0.000000000000000e+00
4.993872000000000e+01 0.000000000000000e+00
5.002140000000000e+01 0.000000000000000e+00
5.010408000000000e+01 0.000000000000000e+00
5.018676000000000e+01 0.000000000000000e+00
5.026944000000000e+01 0.000000000000000e+00
5.035212000000000e+01 0.000000000000000e+00
5.043480000000000e+01 0.000000000000000e+00
5.051748000000000e+01 0.000000000000000e+00
5.060016000000000e+01 0.000000000000000e+00
5.068284000000000e+01 0.000000000000000e+00
5.076552000000000e+01 0.000000000000000e+00
5.084820000000001e+01 0.000000000000000e+00
5.093088000000000e+01 0.000000000000000e+00
5.101356000000001e+01 0.000000000000000e+00
5.109624000000000e+01 0.000000000000000e+00
5.117892000000001e+01 0.000000000000000e+00
5.126160000000000e+01 0.000000000000000e+00
5.134428000000000e+01 0.000000000000000e+00
5.142696000000000e+01 0.000000000000000e+00
5.150964000000000e+01 0.000000000000000e+00
5.159232000000000e+01 0.000000000000000e+00
5.167500000000000e+01 0.000000000000000e+00
5.175768000000000e+01 0.000000000000000e+00
5.184036000000000e+01 0.000000000000000e+00
5.192304000000000e+01 0.000000000000000e+00
5.200572000000000e+01 0.000000000000000e+00
5.208840000000000e+01 0.000000000000000e+00
5.217108000000000e+01 0.000000000000000e+00
5.225376000000000e+01 0.000000000000000e+00
5.233644000000000e+01 0.000000000000000e+00
5.241912000000000e+01 0.000000000000000e+00
5.250180000000000e+01 0.000000000000000e+00
5.258448000000000e+01 0.000000000000000e+00
5.266716000000000e+01 0.000000000000000e+00
5.274984000000000e+01 0.000000000000000e+00
5.283252000000000e+01 0.000000000000000e+00
5.291520000000000e+01 0.000000000000000e+00
5.299788000000000e+01 0.000000000000000e+00
5.308056000000001e+01 0.000000000000000e+00
5.316324000000000e+01 0.000000000000000e+00
5.324592000000001e+01 0.000000000000000e+00
5.332860000000000e+01 0.000000000000000e+00
5.341128000000000e+01 0.000000000000000e+00
5.349396000000000e+01 0.000000000000000e+00
5.357664000000000e+01 0.000000000000000e+00
5.365932000000000e+01 0.000000000000000e+00
5.374200000000000e+01 0.000000000000000e+00
5.382468000000000e+01 0.000000000000000e+00
5.390736000000000e+01 0.000000000000000e+00
5.399004000000000e+01 0.000000000000000e+00
5.407272000000000e+01 0.000000000000000e+00
5.415540000000000e+01 0.000000000000000e+00
5.423808000000000e+01 0.000000000000000e+00
5.432076000000000e+01 0.000000000000000e+00
5.440344000000000e+01 0.000000000000000e+00
5.448612000000000e+01 0.000000000000000e+00
5.456880000000000e+01 0.000000000000000e+00
5.465148000000000e+01 0.000000000000000e+00
5.473416000000000e+01 0.000000000000000e+00
5.481684000000000e+01 0.000000000000000e+00
5.489952000000000e+01 0.000000000000000e+00
5.498220000000000e+01 0.000000000000000e+00
5.506488000000000e+01 0.000000000000000e+00
5.514756000000001e+01 0.000000000000000e+00
5.523024000000000e+01 0.000000000000000e+00
5.531292000000001e+01 0.000000000000000e+00
5.539560000000000e+01 0.000000000000000e+00
5.547828000000001e+01 0.000000000000000e+00
5.556096000000000e+01 0.000000000000000e+00
5.564364000000000e+01 0.000000000000000e+00
5.572632000000000e+01 0.000000000000000e+00
5.580900000000000e+01 0.000000000000000e+00
5.589168000000000e+01 0.000000000000000e+00
5.597436000000000e+01 0.000000000000000e+00
5.605704000000000e+01 0.000000000000000e+00
5.613972000000000e+01 0.000000000000000e+00
5.622240000000000e+01 0.000000000000000e+00
5.630508000000000e+01 0.000000000000000e+00
5.638776000000000e+01 0.000000000000000e+00
5.647044000000000e+01 0.000000000000000e+00
5.655312000000000e+01 0.000000000000000e+00
5.663580000000000e+01 0.000000000000000e+00
5.671848000000000e+01 0.000000000000000e+00
5.680116000000000e+01 0.000000000000000e+00
5.688384000000000e+01 0.000000000000000e+00
5.696652000000000e+01 0.000000000000000e+00
5.704920000000000e+01 0.000000000000000e+00
5.713188000000000e+01 0.000000000000000e+00
5.721456000000001e+01 0.000000000000000e+00
5.729724000000000e+01 0.000000000000000e+00
5.737992000000001e+01 0.000000000000000e+00
5.746260000000000e+01 0.000000000000000e+00
5.754528000000001e+01 0.000000000000000e+00
5.762796000000000e+01 0.000000000000000e+00
5.771064000000001e+01 0.000000000000000e+00
5.779332000000000e+01 0.000000000000000e+00
5.787600000000000e+01 0.000000000000000e+00
5.795868000000000e+01 0.000000000000000e+00
5.804136000000000e+01 0.000000000000000e+00
5.812404000000000e+01 0.000000000000000e+00
5.820672000000000e+01 0.000000000000000e+00
5.828940000000000e+01 0.000000000000000e+00
5.837208000000000e+01 0.000000000000000e+00
5.845476000000000e+01 0.000000000000000e+00
5.853744000000000e+01 0.000000000000000e+00
5.862012000000000e+01 0.000000000000000e+00
5.870280000000000e+01 0.000000000000000e+00
5.878548000000000e+01 0.000000000000000e+00
5.886816000000000e+01 0.000000000000000e+00
5.895084000000000e+01 0.000000000000000e+00
5.903352000000000e+01 0.000000000000000e+00
5.911620000000000e+01 0.000000000000000e+00
5.919888000000000e+01 0.000000000000000e+00
5.928156000000001e+01 0.000000000000000e+00
5.936424000000000e+01 0.000000000000000e+00
5.944692000000001e+01 0.000000000000000e+00
5.952960000000000e+01 0.000000000000000e+00
5.961228000000001e+01 0.000000000000000e+00
5.969496000000000e+01 0.000000000000000e+00
5.977764000000001e+01 0.000000000000000e+00
5.986032000000000e+01 0.000000000000000e+00
5.994300000000000e+01 0.000000000000000e+00
6.002568000000000e+01 0.000000000000000e+00
6.010836000000000e+01 0.000000000000000e+00
6.019104000000000e+01 0.000000000000000e+00
6.027372000000000e+01 0.000000000000000e+00
6.035640000000000e+01 0.000000000000000e+00
6.043908000000000e+01 0.000000000000000e+00
6.052176000000000e+01 0.000000000000000e+00
6.060444000000000e+01 0.000000000000000e+00
6.068712000000000e+01 0.000000000000000e+00
6.076980000000000e+01 0.000000000000000e+00
6.085248000000000e+01 0.000000000000000e+00
6.093516000000000e+01 0.000000000000000e+00
6.101784000000000e+01 0.000000000000000e+00
6.110052000000000e+01 0.000000000000000e+00
6.118320000000000e+01 0.000000000000000e+00
6.126588000000000e+01 0.000000000000000e+00
6.134856000000000e+01 0.000000000000000e+00
6.143124000000000e+01 0.000000000000000e+00
6.151392000000001e+01 0.000000000000000e+00
6.159660000000000e+01 0.000000000000000e+00
6.167928000000001e+01 0.000000000000000e+00
6.176196000000000e+01 0.000000000000000e+00
6.184464000000001e+01 0.000000000000000e+00
6.192732000000000e+01 0.000000000000000e+00
6.201000000000001e+01 0.000000000000000e+00
6.209268000000000e+01 0.000000000000000e+00
6.217536000000000e+01 0.000000000000000e+00
6.225804000000000e+01 0.000000000000000e+00
6.234072000000000e+01 0.000000000000000e+00
6.242340000000000e+01 0.000000000000000e+00
6.250608000000000e+01 0.000000000000000e+00
6.258876000000000e+01 0.000000000000000e+00
6.267144000000000e+01 0.000000000000000e+00
6.275412000000000e+01 0.000000000000000e+00
6.283680000000000e+01 0.000000000000000e+00
6.291948000000000e+01 0.000000000000000e+00
6.300216000000000e+01 0.000000000000000e+00
6.308484000000000e+01 0.000000000000000e+00
6.316752000000000e+01 0.000000000000000e+00
6.325020000000000e+01 0.000000000000000e+00
6.333288000000000e+01 0.000000000000000e+00
6.341556000000000e+01 0.000000000000000e+00
6.349824000000000e+01 0.000000000000000e+00
6.358092000000001e+01 0.000000000000000e+00
6.366360000000000e+01 0.000000000000000e+00
6.374628000000001e+01 0.000000000000000e+00
6.382896000000000e+01 0.000000000000000e+00
6.391164000000001e+01 0.000000000000000e+00
6.399432000000000e+01 0.000000000000000e+00
6.407700000000000e+01 0.000000000000000e+00
6.415968000000001e+01 0.000000000000000e+00
6.424236000000001e+01 0.000000000000000e+00
6.432504000000000e+01 0.000000000000000e+00
6.440772000000000e+01 0.000000000000000e+00
6.449040000000001e+01 0.000000000000000e+00
6.457308000000000e+01 0.000000000000000e+00
6.465576000000000e+01 0.000000000000000e+00
6.473844000000000e+01 0.000000000000000e+00
6.482112000000001e+01 0.000000000000000e+00
6.490380000000000e+01 0.000000000000000e+00
6.498648000000000e+01 0.000000000000000e+00
6.506916000000000e+01 0.000000000000000e+00
6.515184000000001e+01 0.000000000000000e+00
6.523452000000000e+01 0.000000000000000e+00
6.531720000000000e+01 0.000000000000000e+00
6.539988000000000e+01 0.000000000000000e+00
6.548256000000001e+01 0.000000000000000e+00
6.556524000000000e+01 0.000000000000000e+00
6.564792000000000e+01 0.000000000000000e+00
6.573060000000001e+01 0.000000000000000e+00
6.581328000000001e+01 0.000000000000000e+00
6.589596000000000e+01 0.000000000000000e+00
6.597864000000000e+01 0.000000000000000e+00
6.606132000000001e+01 0.000000000000000e+00
6.614400000000001e+01 0.000000000000000e+00
6.622668000000000e+01 0.000000000000000e+00
6.630936000000000e+01 0.000000000000000e+00
6.639204000000001e+01 0.000000000000000e+00
6.647472000000000e+01 0.000000000000000e+00
6.655740000000000e+01 0.000000000000000e+00
6.664008000000000e+01 0.000000000000000e+00
6.672276000000001e+01 0.000000000000000e+00
6.680544000000000e+01 0.000000000000000e+00
6.688812000000000e+01 0.000000000000000e+00
6.697080000000000e+01 0.000000000000000e+00
6.705348000000001e+01 0.000000000000000e+00
6.713616000000000e+01 0.000000000000000e+00
6.721884000000000e+01 0.000000000000000e+00
6.730152000000000e+01 0.000000000000000e+00
6.738420000000001e+01 0.000000000000000e+00
6.746688000000000e+01 0.000000000000000e+00
6.754956000000000e+01 0.000000000000000e+00
6.763224000000000e+01 0.000000000000000e+00
6.771492000000001e+01 0.000000000000000e+00
6.779760000000000e+01 0.000000000000000e+00
6.788028000000000e+01 0.000000000000000e+00
6.796296000000001e+01 0.000000000000000e+00
6.804564000000001e+01 0.000000000000000e+00
6.812832000000000e+01 0.000000000000000e+00
6.821100000000000e+01 0.000000000000000e+00
6.829368000000001e+01 0.000000000000000e+00
6.837636000000001e+01 0.000000000000000e+00
6.845904000000000e+01 0.000000000000000e+00
6.854172000000000e+01 0.000000000000000e+00
6.862440000000001e+01 0.000000000000000e+00
6.870708000000000e+01 0.000000000000000e+00
6.878976000000000e+01 0.000000000000000e+00
6.887244000000000e+01 0.000000000000000e+00
6.895512000000001e+01 0.000000000000000e+00
6.903780000000000e+01 0.000000000000000e+00
6.912048000000000e+01 0.000000000000000e+00
6.920316000000000e+01 0.000000000000000e+00
6.928584000000001e+01 0.000000000000000e+00
6.936852000000000e+01 0.000000000000000e+00
6.945120000000000e+01 0.000000000000000e+00
6.953388000000000e+01 0.000000000000000e+00
6.961656000000001e+01 0.000000000000000e+00
6.969924000000000e+01 0.000000000000000e+00
6.978192000000000e+01 0.000000000000000e+00
6.986460000000001e+01 0.000000000000000e+00
6.994728000000001e+01 0.000000000000000e+00
7.002996000000000e+01 0.000000000000000e+00
7.011264000000000e+01 0.000000000000000e+00
7.019532000000001e+01 0.000000000000000e+00
7.027800000000001e+01 0.000000000000000e+00
7.036068000000000e+01 0.000000000000000e+00
7.044336000000000e+01 0.000000000000000e+00
7.052604000000001e+01 0.000000000000000e+00
7.060872000000001e+01 0.000000000000000e+00
7.069140000000000e+01 0.000000000000000e+00
7.077408000000000e+01 0.000000000000000e+00
7.085676000000001e+01 0.000000000000000e+00
7.093944000000000e+01 0.000000000000000e+00
7.102212000000000e+01 0.000000000000000e+00
7.110480000000000e+01 0.000000000000000e+00
7.118748000000001e+01 0.000000000000000e+00
7.127016000000000e+01 0.000000000000000e+00
7.135284000000000e+01 0.000000000000000e+00
7.143552000000000e+01 0.000000000000000e+00
7.151820000000001e+01 0.000000000000000e+00
7.160088000000000e+01 0.000000000000000e+00
7.168356000000000e+01 0.000000000000000e+00
7.176624000000000e+01 0.000000000000000e+00
7.184892000000001e+01 0.000000000000000e+00
7.193160000000000e+01 0.000000000000000e+00
7.201428000000000e+01 0.000000000000000e+00
7.209696000000001e+01 0.000000000000000e+00
7.217964000000001e+01 0.000000000000000e+00
7.226232000000000e+01 0.000000000000000e+00
7.234500000000000e+01 0.000000000000000e+00
7.242768000000001e+01 0.000000000000000e+00
7.251036000000001e+01 0.000000000000000e+00
7.259304000000000e+01 0.000000000000000e+00
7.267572000000000e+01 0.000000000000000e+00
7.275840000000001e+01 0.000000000000000e+00
7.284108000000001e+01 0.000000000000000e+00
7.292376000000000e+01 0.000000000000000e+00
7.300644000000000e+01 0.000000000000000e+00
7.308912000000001e+01 0.000000000000000e+00
7.317180000000000e+01 0.000000000000000e+00
7.325448000000000e+01 0.000000000000000e+00
7.333716000000000e+01 0.000000000000000e+00
7.341984000000001e+01 0.000000000000000e+00
7.350252000000000e+01 0.000000000000000e+00
7.358520000000000e+01 0.000000000000000e+00
7.366788000000000e+01 0.000000000000000e+00
7.375056000000001e+01 0.000000000000000e+00
7.383324000000000e+01 0.000000000000000e+00
7.391592000000000e+01 0.000000000000000e+00
7.399860000000000e+01 0.000000000000000e+00
7.408128000000001e+01 0.000000000000000e+00
7.416396000000000e+01 0.000000000000000e+00
7.424664000000000e+01 0.000000000000000e+00
7.432932000000001e+01 0.000000000000000e+00
7.441200000000001e+01 0.000000000000000e+00
7.449468000000000e+01 0.000000000000000e+00
7.457736000000000e+01 0.000000000000000e+00
7.466004000000001e+01 0.000000000000000e+00
7.474272000000001e+01 0.000000000000000e+00
7.482540000000000e+01 0.000000000000000e+00
7.490808000000000e+01 0.000000000000000e+00
7.499076000000001e+01 0.000000000000000e+00
7.507344000000001e+01 0.000000000000000e+00
7.515612000000000e+01 0.000000000000000e+00
7.523880000000000e+01 0.000000000000000e+00
7.532148000000001e+01 0.000000000000000e+00
7.540416000000000e+01 0.000000000000000e+00
7.548684000000000e+01 0.000000000000000e+00
7.556952000000000e+01 0.000000000000000e+00
7.565220000000001e+01 0.000000000000000e+00
7.573488000000000e+01 0.000000000000000e+00
7.581756000000000e+01 0.000000000000000e+00
7.590024000000000e+01 0.000000000000000e+00
7.598292000000001e+01 0.000000000000000e+00
7.606560000000000e+01 0.000000000000000e+00
7.614828000000000e+01 0.000000000000000e+00
7.623096000000001e+01 0.000000000000000e+00
7.631364000000001e+01 0.000000000000000e+00
7.639632000000000e+01 0.000000000000000e+00
7.647900000000000e+01 0.000000000000000e+00
7.656168000000001e+01 0.000000000000000e+00
7.664436000000001e+01 0.000000000000000e+00
7.672704000000000e+01 0.000000000000000e+00
7.680972000000000e+01 0.000000000000000e+00
7.689240000000001e+01 0.000000000000000e+00
7.697508000000001e+01 0.000000000000000e+00
7.705776000000000e+01 0.000000000000000e+00
7.714044000000000e+01 0.000000000000000e+00
7.722312000000001e+01 0.000000000000000e+00
7.730580000000000e+01 0.000000000000000e+00
7.738848000000000e+01 0.000000000000000e+00
7.747116000000000e+01 0.000000000000000e+00
7.755384000000001e+01 0.000000000000000e+00
7.763652000000000e+01 0.000000000000000e+00
7.771920000000000e+01 0.000000000000000e+00
7.780188000000000e+01 0.000000000000000e+00
7.788456000000001e+01 0.000000000000000e+00
7.796724000000000e+01 0.000000000000000e+00
7.804992000000000e+01 0.000000000000000e+00
7.813260000000000e+01 0.000000000000000e+00
7.821528000000001e+01 0.000000000000000e+00
7.829796000000000e+01 0.000000000000000e+00
7.838064000000000e+01 0.000000000000000e+00
7.846332000000001e+01 0.000000000000000e+00
7.854600000000001e+01 0.000000000000000e+00
7.862868000000000e+01 0.000000000000000e+00
7.871136000000000e+01 0.000000000000000e+00
7.879404000000001e+01 0.000000000000000e+00
7.887672000000001e+01 0.000000000000000e+00
7.895940000000000e+01 0.000000000000000e+00
7.904208000000000e+01 0.000000000000000e+00
7.912476000000001e+01 0.000000000000000e+00
7.920744000000001e+01 0.000000000000000e+00
7.929012000000000e+01 0.000000000000000e+00
7.937280000000000e+01 0.000000000000000e+00
7.945548000000001e+01 0.000000000000000e+00
7.953816000000000e+01 0.000000000000000e+00
7.962084000000000e+01 0.000000000000000e+00
7.970352000000000e+01 0.000000000000000e+00
7.978620000000001e+01 0.000000000000000e+00
7.986888000000000e+01 0.000000000000000e+00
7.995156000000000e+01 0.000000000000000e+00
8.003424000000000e+01 0.000000000000000e+00
8.011692000000001e+01 0.000000000000000e+00
8.019960000000000e+01 0.000000000000000e+00
8.028228000000000e+01 0.000000000000000e+00
8.036496000000000e+01 0.000000000000000e+00
8.044764000000001e+01 0.000000000000000e+00
8.053032000000000e+01 0.000000000000000e+00
8.061300000000000e+01 0.000000000000000e+00
8.069568000000001e+01 0.000000000000000e+00
8.077836000000001e+01 0.000000000000000e+00
8.086104000000000e+01 0.000000000000000e+00
8.094372000000000e+01 0.000000000000000e+00
8.102640000000001e+01 0.000000000000000e+00
8.110908000000001e+01 0.000000000000000e+00
8.119176000000000e+01 0.000000000000000e+00
8.127444000000000e+01 0.000000000000000e+00
8.135712000000001e+01 0.000000000000000e+00
8.143980000000001e+01 0.000000000000000e+00
8.152248000000000e+01 0.000000000000000e+00
8.160516000000000e+01 0.000000000000000e+00
8.168784000000001e+01 0.000000000000000e+00
8.177052000000000e+01 0.000000000000000e+00
8.185320000000000e+01 0.000000000000000e+00
8.193588000000000e+01 0.000000000000000e+00
8.201856000000001e+01 0.000000000000000e+00
8.210124000000000e+01 0.000000000000000e+00
8.218392000000000e+01 0.000000000000000e+00
8.226660000000000e+01 0.000000000000000e+00
8.234928000000001e+01 0.000000000000000e+00
8.243196000000000e+01 0.000000000000000e+00
8.251464000000000e+01 0.000000000000000e+00
8.259732000000001e+01 0.000000000000000e+00
8.268000000000001e+01 0.000000000000000e+00
8.276268000000000e+01 0.000000000000000e+00
8.284536000000000e+01 0.000000000000000e+00
8.292804000000001e+01 0.000000000000000e+00
8.301072000000001e+01 0.000000000000000e+00
8.309340000000000e+01 0.000000000000000e+00
8.317608000000000e+01 0.000000000000000e+00
8.325876000000001e+01 0.000000000000000e+00
8.334144000000001e+01 0.000000000000000e+00
8.342412000000000e+01 0.000000000000000e+00
8.350680000000000e+01 0.000000000000000e+00
8.358948000000001e+01 0.000000000000000e+00
8.367216000000001e+01 0.000000000000000e+00
8.375484000000000e+01 0.000000000000000e+00
8.383752000000000e+01 0.000000000000000e+00
8.392020000000001e+01 0.000000000000000e+00
8.400288000000000e+01 0.000000000000000e+00
8.408556000000000e+01 0.000000000000000e+00
8.416824000000000e+01 0.000000000000000e+00
8.425092000000001e+01 0.000000000000000e+00
8.433360000000000e+01 0.000000000000000e+00
8.441628000000000e+01 0.000000000000000e+00
8.449896000000000e+01 0.000000000000000e+00
8.458164000000001e+01 0.000000000000000e+00
8.466432000000000e+01 0.000000000000000e+00
8.474700000000000e+01 0.000000000000000e+00
8.482968000000001e+01 0.000000000000000e+00
8.491236000000001e+01 0.000000000000000e+00
8.499504000000000e+01 0.000000000000000e+00
8.507772000000000e+01 0.000000000000000e+00
8.516040000000001e+01 0.000000000000000e+00
8.524308000000001e+01 0.000000000000000e+00
8.532576000000000e+01 0.000000000000000e+00
8.540844000000000e+01 0.000000000000000e+00
8.549112000000001e+01 0.000000000000000e+00
8.557380000000001e+01 0.000000000000000e+00
8.565648000000000e+01 0.000000000000000e+00
8.573916000000000e+01 0.000000000000000e+00
8.582184000000001e+01 0.000000000000000e+00
8.590452000000001e+01 0.000000000000000e+00
8.598720000000000e+01 0.000000000000000e+00
8.606988000000000e+01 0.000000000000000e+00
8.615256000000001e+01 0.000000000000000e+00
8.623524000000000e+01 0.000000000000000e+00
8.631792000000000e+01 0.000000000000000e+00
8.640060000000000e+01 0.000000000000000e+00
8.648328000000001e+01 0.000000000000000e+00
8.656596000000000e+01 0.000000000000000e+00
8.664864000000000e+01 0.000000000000000e+00
8.673132000000000e+01 0.000000000000000e+00
8.681400000000001e+01 0.000000000000000e+00
8.689668000000000e+01 0.000000000000000e+00
8.697936000000000e+01 0.000000000000000e+00
8.706204000000001e+01 0.000000000000000e+00
8.714472000000001e+01 0.000000000000000e+00
8.722740000000000e+01 0.000000000000000e+00
8.731008000000000e+01 0.000000000000000e+00
8.739276000000001e+01 0.000000000000000e+00
8.747544000000001e+01 0.000000000000000e+00
8.755812000000000e+01 0.000000000000000e+00
8.764080000000000e+01 0.000000000000000e+00
8.772348000000001e+01 0.000000000000000e+00
8.780616000000001e+01 0.000000000000000e+00
8.788884000000000e+01 0.000000000000000e+00
8.797152000000000e+01 0.000000000000000e+00
8.805420000000001e+01 0.000000000000000e+00
8.813688000000000e+01 0.000000000000000e+00
8.821956000000000e+01 0.000000000000000e+00
8.830224000000000e+01 0.000000000000000e+00
8.838492000000001e+01 0.000000000000000e+00
8.846760000000000e+01 0.000000000000000e+00
8.855028000000000e+01 0.000000000000000e+00
8.863296000000000e+01 0.000000000000000e+00
8.871564000000001e+01 0.000000000000000e+00
8.879832000000000e+01 0.000000000000000e+00
8.888100000000000e+01 0.000000000000000e+00
8.896368000000001e+01 0.000000000000000e+00
8.904636000000001e+01 0.000000000000000e+00
8.912904000000000e+01 0.000000000000000e+00
8.921172000000000e+01 0.000000000000000e+00
8.929440000000001e+01 0.000000000000000e+00
8.937708000000001e+01 0.000000000000000e+00
8.945976000000000e+01 0.000000000000000e+00
8.954244000000000e+01 0.000000000000000e+00
8.962512000000001e+01 0.000000000000000e+00
8.970780000000001e+01 0.000000000000000e+00
8.979048000000000e+01 0.000000000000000e+00
8.987316000000000e+01 0.000000000000000e+00
8.995584000000001e+01 0.000000000000000e+00
9.003852000000001e+01 0.000000000000000e+00
9.012120000000000e+01 0.000000000000000e+00
9.020388000000000e+01 0.000000000000000e+00
9.028656000000001e+01 0.000000000000000e+00
9.036924000000000e+01 0.000000000000000e+00
9.045192000000000e+01 0.000000000000000e+00
9.053460000000000e+01 0.000000000000000e+00
9.061728000000001e+01 0.000000000000000e+00
9.069996000000000e+01 0.000000000000000e+00
9.078264000000000e+01 0.000000000000000e+00
9.086532000000000e+01 0.000000000000000e+00
9.094800000000001e+01 0.000000000000000e+00
9.103068000000000e+01 0.000000000000000e+00
9.111336000000000e+01 0.000000000000000e+00
9.119604000000001e+01 0.000000000000000e+00
9.127872000000001e+01 0.000000000000000e+00
9.136140000000000e+01 0.000000000000000e+00
9.144408000000000e+01 0.000000000000000e+00
9.152676000000001e+01 0.000000000000000e+00
9.160944000000001e+01 0.000000000000000e+00
9.169212000000000e+01 0.000000000000000e+00
9.177480000000000e+01 0.000000000000000e+00
9.185748000000001e+01 0.000000000000000e+00
9.194016000000001e+01 0.000000000000000e+00
9.202284000000000e+01 0.000000000000000e+00
9.210552000000000e+01 0.000000000000000e+00
9.218820000000001e+01 0.000000000000000e+00
9.227088000000001e+01 0.000000000000000e+00
9.235356000000000e+01 0.000000000000000e+00
9.243624000000000e+01 0.000000000000000e+00
9.251892000000001e+01 0.000000000000000e+00
9.260160000000000e+01 0.000000000000000e+00
9.268428000000000e+01 0.000000000000000e+00
9.276696000000000e+01 0.000000000000000e+00
9.284964000000001e+01 0.000000000000000e+00
9.293232000000000e+01 0.000000000000000e+00
9.301500000000000e+01 0.000000000000000e+00
9.309768000000000e+01 0.000000000000000e+00
9.318036000000001e+01 0.000000000000000e+00
9.326304000000000e+01 0.000000000000000e+00
9.334572000000000e+01 0.000000000000000e+00
9.342840000000001e+01 0.000000000000000e+00
9.351108000000001e+01 0.000000000000000e+00
9.359376000000000e+01 0.000000000000000e+00
9.367644000000000e+01 0.000000000000000e+00
9.375912000000001e+01 0.000000000000000e+00
9.384180000000001e+01 0.000000000000000e+00
9.392448000000000e+01 0.000000000000000e+00
9.400716000000000e+01 0.000000000000000e+00
9.408984000000001e+01 0.000000000000000e+00
9.417252000000001e+01 0.000000000000000e+00
9.425520000000000e+01 0.000000000000000e+00
9.433788000000000e+01 0.000000000000000e+00
9.442056000000001e+01 0.000000000000000e+00
9.450324000000001e+01 0.000000000000000e+00
9.458592000000000e+01 0.000000000000000e+00
9.466860000000000e+01 0.000000000000000e+00
9.475128000000001e+01 0.000000000000000e+00
9.483396000000000e+01 0.000000000000000e+00
9.491664000000000e+01 0.000000000000000e+00
9.499932000000000e+01 0.000000000000000e+00
9.508200000000001e+01 0.000000000000000e+00
9.516468000000000e+01 0.000000000000000e+00
9.524736000000000e+01 0.000000000000000e+00
9.533004000000001e+01 0.000000000000000e+00
9.541272000000001e+01 0.000000000000000e+00
9.549540000000000e+01 0.000000000000000e+00
9.557808000000000e+01 0.000000000000000e+00
9.566076000000001e+01 0.000000000000000e+00
9.574344000000001e+01 0.000000000000000e+00
9.582612000000000e+01 0.000000000000000e+00
9.590880000000000e+01 0.000000000000000e+00
9.599148000000001e+01 0.000000000000000e+00
9.607416000000001e+01 0.000000000000000e+00
9.615684000000000e+01 0.000000000000000e+00
9.623952000000000e+01 0.000000000000000e+00
9.632220000000001e+01 0.000000000000000e+00
9.640488000000001e+01 0.000000000000000e+00
9.648756000000000e+01 0.000000000000000e+00
9.657024000000000e+01 0.000000000000000e+00
9.665292000000001e+01 0.000000000000000e+00
9.673560000000001e+01 0.000000000000000e+00
9.681828000000000e+01 0.000000000000000e+00
9.690096000000000e+01 0.000000000000000e+00
9.698364000000001e+01 0.000000000000000e+00
9.706632000000000e+01 0.000000000000000e+00
9.714900000000000e+01 0.000000000000000e+00
9.723168000000000e+01 0.000000000000000e+00
9.731436000000001e+01 0.000000000000000e+00
9.739704000000000e+01 0.000000000000000e+00
9.747972000000000e+01 0.000000000000000e+00
9.756240000000001e+01 0.000000000000000e+00
9.764508000000001e+01 0.000000000000000e+00
9.772776000000000e+01 0.000000000000000e+00
9.781044000000000e+01 0.000000000000000e+00
9.789312000000001e+01 0.000000000000000e+00
9.797580000000001e+01 0.000000000000000e+00
9.805848000000000e+01 0.000000000000000e+00
9.814116000000000e+01 0.000000000000000e+00
9.822384000000001e+01 0.000000000000000e+00
9.830652000000001e+01 0.000000000000000e+00
9.838920000000000e+01 0.000000000000000e+00
9.847188000000000e+01 0.000000000000000e+00
9.855456000000001e+01 0.000000000000000e+00
9.863724000000001e+01 0.000000000000000e+00
9.871992000000000e+01 0.000000000000000e+00
9.880260000000000e+01 0.000000000000000e+00
9.888528000000001e+01 0.000000000000000e+00
9.896796000000001e+01 0.000000000000000e+00
9.905064000000000e+01 0.000000000000000e+00
9.913332000000000e+01 0.000000000000000e+00
9.921600000000001e+01 0.000000000000000e+00
9.929868000000000e+01 0.000000000000000e+00
9.938136000000000e+01 0.000000000000000e+00
9.946404000000000e+01 0.000000000000000e+00
9.954672000000001e+01 0.000000000000000e+00
9.962940000000000e+01 0.000000000000000e+00
9.971208000000000e+01 0.000000000000000e+00
9.979476000000001e+01 0.000000000000000e+00
9.987744000000001e+01 0.000000000000000e+00
9.996012000000000e+01 0.000000000000000e+00
1.000428000000000e+02 0.000000000000000e+00
1.001254800000000e+02 0.000000000000000e+00
1.002081600000000e+02 0.000000000000000e+00
1.002908400000000e+02 0.000000000000000e+00
1.003735200000000e+02 0.000000000000000e+00
1.004562000000000e+02 0.000000000000000e+00
1.005388800000000e+02 0.000000000000000e+00
1.006215600000000e+02 0.000000000000000e+00
1.007042400000000e+02 0.000000000000000e+00
1.007869200000000e+02 0.000000000000000e+00
1.008696000000000e+02 0.000000000000000e+00
1.009522800000000e+02 0.000000000000000e+00
1.010349600000000e+02 0.000000000000000e+00
1.011176400000000e+02 0.000000000000000e+00
1.012003200000000e+02 0.000000000000000e+00
1.012830000000000e+02 0.000000000000000e+00
1.013656800000000e+02 0.000000000000000e+00
1.014483600000000e+02 0.000000000000000e+00
1.015310400000000e+02 0.000000000000000e+00
1.016137200000000e+02 0.000000000000000e+00
1.016964000000000e+02 0.000000000000000e+00
1.017790800000000e+02 0.000000000000000e+00
1.018617600000000e+02 0.000000000000000e+00
1.019444400000000e+02 0.000000000000000e+00
1.020271200000000e+02 0.000000000000000e+00
1.021098000000000e+02 0.000000000000000e+00
1.021924800000000e+02 0.000000000000000e+00
1.022751600000000e+02 0.000000000000000e+00
1.023578400000000e+02 0.000000000000000e+00
1.024405200000000e+02 0.000000000000000e+00
1.025232000000000e+02 0.000000000000000e+00
1.026058800000000e+02 0.000000000000000e+00
1.026885600000000e+02 0.000000000000000e+00
1.027712400000000e+02 0.000000000000000e+00
1.028539200000000e+02 0.000000000000000e+00
1.029366000000000e+02 0.000000000000000e+00
1.030192800000000e+02 0.000000000000000e+00
1.031019600000000e+02 0.000000000000000e+00
1.031846400000000e+02 0.000000000000000e+00
1.032673200000000e+02 0.000000000000000e+00
1.033500000000000e+02 0.000000000000000e+00
1.034326800000000e+02 0.000000000000000e+00
1.035153600000000e+02 0.000000000000000e+00
1.035980400000000e+02 0.000000000000000e+00
1.036807200000000e+02 0.000000000000000e+00
1.037634000000000e+02 0.000000000000000e+00
1.038460800000000e+02 0.000000000000000e+00
1.039287600000000e+02 0.000000000000000e+00
1.040114400000000e+02 0.000000000000000e+00
1.040941200000000e+02 0.000000000000000e+00
1.041768000000000e+02 0.000000000000000e+00
1.042594800000000e+02 0.000000000000000e+00
1.043421600000000e+02 0.000000000000000e+00
1.044248400000000e+02 0.000000000000000e+00
1.045075200000000e+02 0.000000000000000e+00
1.045902000000000e+02 0.000000000000000e+00
1.046728800000000e+02 0.000000000000000e+00
1.047555600000000e+02 0.000000000000000e+00
1.048382400000000e+02 0.000000000000000e+00
1.049209200000000e+02 0.000000000000000e+00
1.050036000000000e+02 0.000000000000000e+00
1.050862800000000e+02 0.000000000000000e+00
1.051689600000000e+02 0.000000000000000e+00
1.052516400000000e+02 0.000000000000000e+00
1.053343200000000e+02 0.000000000000000e+00
1.054170000000000e+02 0.000000000000000e+00
1.054996800000000e+02 0.000000000000000e+00
1.055823600000000e+02 0.000000000000000e+00
1.056650400000000e+02 0.000000000000000e+00
1.057477200000000e+02 0.000000000000000e+00
1.058304000000000e+02 0.000000000000000e+00
1.059130800000000e+02 0.000000000000000e+00
1.059957600000000e+02 0.000000000000000e+00
1.060784400000000e+02 0.000000000000000e+00
1.061611200000000e+02 0.000000000000000e+00
1.062438000000000e+02 0.000000000000000e+00
1.063264800000000e+02 0.000000000000000e+00
1.064091600000000e+02 0.000000000000000e+00
1.064918400000000e+02 0.000000000000000e+00
1.065745200000000e+02 0.000000000000000e+00
1.066572000000000e+02 0.000000000000000e+00
1.067398800000000e+02 0.000000000000000e+00
1.068225600000000e+02 0.000000000000000e+00
1.069052400000000e+02 0.000000000000000e+00
1.069879200000000e+02 0.000000000000000e+00
1.070706000000000e+02 0.000000000000000e+00
1.071532800000000e+02 0.000000000000000e+00
1.072359600000000e+02 0.000000000000000e+00
1.073186400000000e+02 0.000000000000000e+00
1.074013200000000e+02 0.000000000000000e+00
1.074840000000000e+02 0.000000000000000e+00
1.075666800000000e+02 0.000000000000000e+00
1.076493600000000e+02 0.000000000000000e+00
1.077320400000000e+02 0.000000000000000e+00
1.078147200000000e+02 0.000000000000000e+00
1.078974000000000e+02 0.000000000000000e+00
1.079800800000000e+02 0.000000000000000e+00
1.080627600000000e+02 0.000000000000000e+00
1.081454400000000e+02 0.000000000000000e+00
1.082281200000000e+02 0.000000000000000e+00
1.083108000000000e+02 0.000000000000000e+00
1.083934800000000e+02 0.000000000000000e+00
1.084761600000000e+02 0.000000000000000e+00
1.085588400000000e+02 0.000000000000000e+00
1.086415200000000e+02 0.000000000000000e+00
1.087242000000000e+02 0.000000000000000e+00
1.088068800000000e+02 0.000000000000000e+00
1.088895600000000e+02 0.000000000000000e+00
1.089722400000000e+02 0.000000000000000e+00
1.090549200000000e+02 0.000000000000000e+00
1.091376000000000e+02 0.000000000000000e+00
1.092202800000000e+02 0.000000000000000e+00
1.093029600000000e+02 0.000000000000000e+00
1.093856400000000e+02 0.000000000000000e+00
1.094683200000000e+02 0.000000000000000e+00
1.095510000000000e+02 0.000000000000000e+00
1.096336800000000e+02 0.000000000000000e+00
1.097163600000000e+02 0.000000000000000e+00
1.097990400000000e+02 0.000000000000000e+00
1.098817200000000e+02 0.000000000000000e+00
1.099644000000000e+02 0.000000000000000e+00
1.100470800000000e+02 0.000000000000000e+00
1.101297600000000e+02 0.000000000000000e+00
1.102124400000000e+02 0.000000000000000e+00
1.102951200000000e+02 0.000000000000000e+00
1.103778000000000e+02 0.000000000000000e+00
1.104604800000000e+02 0.000000000000000e+00
1.105431600000000e+02 0.000000000000000e+00
1.106258400000000e+02 0.000000000000000e+00
1.107085200000000e+02 0.000000000000000e+00
1.107912000000000e+02 0.000000000000000e+00
1.108738800000000e+02 0.000000000000000e+00
1.109565600000000e+02 0.000000000000000e+00
1.110392400000000e+02 0.000000000000000e+00
1.111219200000000e+02 0.000000000000000e+00
1.112046000000000e+02 0.000000000000000e+00
1.112872800000000e+02 0.000000000000000e+00
1.113699600000000e+02 0.000000000000000e+00
1.114526400000000e+02 0.000000000000000e+00
1.115353200000000e+02 0.000000000000000e+00
1.116180000000000e+02 0.000000000000000e+00
1.117006800000000e+02 0.000000000000000e+00
1.117833600000000e+02 0.000000000000000e+00
1.118660400000000e+02 0.000000000000000e+00
1.119487200000000e+02 0.000000000000000e+00
1.120314000000000e+02 0.000000000000000e+00
1.121140800000000e+02 0.000000000000000e+00
1.121967600000000e+02 0.000000000000000e+00
1.122794400000000e+02 0.000000000000000e+00
1.123621200000000e+02 0.000000000000000e+00
1.124448000000000e+02 0.000000000000000e+00
1.125274800000000e+02 0.000000000000000e+00
1.126101600000000e+02 0.000000000000000e+00
1.126928400000000e+02 0.000000000000000e+00
1.127755200000000e+02 0.000000000000000e+00
1.128582000000000e+02 0.000000000000000e+00
1.129408800000000e+02 0.000000000000000e+00
1.130235600000000e+02 0.000000000000000e+00
1.131062400000000e+02 0.000000000000000e+00
1.131889200000000e+02 0.000000000000000e+00
1.132716000000000e+02 0.000000000000000e+00
1.133542800000000e+02 0.000000000000000e+00
1.134369600000000e+02 0.000000000000000e+00
1.135196400000000e+02 0.000000000000000e+00
1.136023200000000e+02 0.000000000000000e+00
1.136850000000000e+02 0.000000000000000e+00
1.137676800000000e+02 0.000000000000000e+00
1.138503600000000e+02 0.000000000000000e+00
1.139330400000000e+02 0.000000000000000e+00
1.140157200000000e+02 0.000000000000000e+00
1.140984000000000e+02 0.000000000000000e+00
1.141810800000000e+02 0.000000000000000e+00
1.142637600000000e+02 0.000000000000000e+00
1.143464400000000e+02 0.000000000000000e+00
1.144291200000000e+02 0.000000000000000e+00
1.145118000000000e+02 0.000000000000000e+00
1.145944800000000e+02 0.000000000000000e+00
1.146771600000000e+02 0.000000000000000e+00
1.147598400000000e+02 0.000000000000000e+00
1.148425200000000e+02 0.000000000000000e+00
1.149252000000000e+02 0.000000000000000e+00
1.150078800000000e+02 0.000000000000000e+00
1.150905600000000e+02 0.000000000000000e+00
1.151732400000000e+02 0.000000000000000e+00
1.152559200000000e+02 0.000000000000000e+00
1.153386000000000e+02 0.000000000000000e+00
1.154212800000000e+02 0.000000000000000e+00
1.155039600000000e+02 0.000000000000000e+00
1.155866400000000e+02 0.000000000000000e+00
1.156693200000000e+02 0.000000000000000e+00
1.157520000000000e+02 0.000000000000000e+00
1.158346800000000e+02 0.000000000000000e+00
1.159173600000000e+02 0.000000000000000e+00
1.160000400000000e+02 0.000000000000000e+00
1.160827200000000e+02 0.000000000000000e+00
1.161654000000000e+02 0.000000000000000e+00
1.162480800000000e+02 0.000000000000000e+00
1.163307600000000e+02 0.000000000000000e+00
1.164134400000000e+02 0.000000000000000e+00
1.164961200000000e+02 0.000000000000000e+00
1.165788000000000e+02 0.000000000000000e+00
1.166614800000000e+02 0.000000000000000e+00
1.167441600000000e+02 0.000000000000000e+00
1.168268400000000e+02 0.000000000000000e+00
1.169095200000000e+02 0.000000000000000e+00
1.169922000000000e+02 0.000000000000000e+00
1.170748800000000e+02 0.000000000000000e+00
1.171575600000000e+02 0.000000000000000e+00
1.172402400000000e+02 0.000000000000000e+00
1.173229200000000e+02 0.000000000000000e+00
1.174056000000000e+02 0.000000000000000e+00
1.174882800000000e+02 0.000000000000000e+00
1.175709600000000e+02 0.000000000000000e+00
1.176536400000000e+02 0.000000000000000e+00
1.177363200000000e+02 0.000000000000000e+00
1.178190000000000e+02 0.000000000000000e+00
1.179016800000000e+02 0.000000000000000e+00
1.179843600000000e+02 0.000000000000000e+00
1.180670400000000e+02 0.000000000000000e+00
1.181497200000000e+02 0.000000000000000e+00
1.182324000000000e+02 0.000000000000000e+00
1.183150800000000e+02 0.000000000000000e+00
1.183977600000000e+02 0.000000000000000e+00
1.184804400000000e+02 0.000000000000000e+00
1.185631200000000e+02 0.000000000000000e+00
1.186458000000000e+02 0.000000000000000e+00
1.187284800000000e+02 0.000000000000000e+00
1.188111600000000e+02 0.000000000000000e+00
1.188938400000000e+02 0.000000000000000e+00
1.189765200000000e+02 0.000000000000000e+00
1.190592000000000e+02 0.000000000000000e+00
1.191418800000000e+02 0.000000000000000e+00
1.192245600000000e+02 0.000000000000000e+00
1.193072400000000e+02 0.000000000000000e+00
1.193899200000000e+02 0.000000000000000e+00
1.194726000000000e+02 0.000000000000000e+00
1.195552800000000e+02 0.000000000000000e+00
1.196379600000000e+02 0.000000000000000e+00
1.197206400000000e+02 0.000000000000000e+00
1.198033200000000e+02 0.000000000000000e+00
1.198860000000000e+02 0.000000000000000e+00
1.199686800000000e+02 0.000000000000000e+00
1.200513600000000e+02 0.000000000000000e+00
1.201340400000000e+02 0.000000000000000e+00
1.202167200000000e+02 0.000000000000000e+00
1.202994000000000e+02 0.000000000000000e+00
1.203820800000000e+02 0.000000000000000e+00
1.204647600000000e+02 0.000000000000000e+00
1.205474400000000e+02 0.000000000000000e+00
1.206301200000000e+02 0.000000000000000e+00
1.207128000000000e+02 0.000000000000000e+00
1.207954800000000e+02 0.000000000000000e+00
1.208781600000000e+02 0.000000000000000e+00
1.209608400000000e+02 0.000000000000000e+00
1.210435200000000e+02 0.000000000000000e+00
1.211262000000000e+02 0.000000000000000e+00
1.212088800000000e+02 0.000000000000000e+00
1.212915600000000e+02 0.000000000000000e+00
1.213742400000000e+02 0.000000000000000e+00
1.214569200000000e+02 0.000000000000000e+00
1.215396000000000e+02 0.000000000000000e+00
1.216222800000000e+02 0.000000000000000e+00
1.217049600000000e+02 0.000000000000000e+00
1.217876400000000e+02 0.000000000000000e+00
1.218703200000000e+02 0.000000000000000e+00
1.219530000000000e+02 0.000000000000000e+00
1.220356800000000e+02 0.000000000000000e+00
1.221183600000000e+02 0.000000000000000e+00
1.222010400000000e+02 0.000000000000000e+00
1.222837200000000e+02 0.000000000000000e+00
1.223664000000000e+02 0.000000000000000e+00
1.224490800000000e+02 0.000000000000000e+00
1.225317600000000e+02 0.000000000000000e+00
1.226144400000000e+02 0.000000000000000e+00
1.226971200000000e+02 0.000000000000000e+00
1.227798000000000e+02 0.000000000000000e+00
1.228624800000000e+02 0.000000000000000e+00
1.229451600000000e+02 0.000000000000000e+00
1.230278400000000e+02 0.000000000000000e+00
1.231105200000000e+02 0.000000000000000e+00
1.231932000000000e+02 0.000000000000000e+00
1.232758800000000e+02 0.000000000000000e+00
1.233585600000000e+02 0.000000000000000e+00
1.234412400000000e+02 0.000000000000000e+00
1.235239200000000e+02 0.000000000000000e+00
1.236066000000000e+02 0.000000000000000e+00
1.236892800000000e+02 0.000000000000000e+00
1.237719600000000e+02 0.000000000000000e+00
1.238546400000000e+02 0.000000000000000e+00
1.239373200000000e+02 0.000000000000000e+00
1.240200000000000e+02 0.000000000000000e+00
1.241026800000000e+02 0.000000000000000e+00
1.241853600000000e+02 0.000000000000000e+00
1.242680400000000e+02 0.000000000000000e+00
1.243507200000000e+02 0.000000000000000e+00
1.244334000000000e+02 0.000000000000000e+00
1.245160800000000e+02 0.000000000000000e+00
1.245987600000000e+02 0.000000000000000e+00
1.246814400000000e+02 0.000000000000000e+00
1.247641200000000e+02 0.000000000000000e+00
1.248468000000000e+02 0.000000000000000e+00
1.249294800000000e+02 0.000000000000000e+00
1.250121600000000e+02 0.000000000000000e+00
1.250948400000000e+02 0.000000000000000e+00
1.251775200000000e+02 0.000000000000000e+00
1.252602000000000e+02 0.000000000000000e+00
1.253428800000000e+02 0.000000000000000e+00
1.254255600000000e+02 0.000000000000000e+00
1.255082400000000e+02 0.000000000000000e+00
1.255909200000000e+02 0.000000000000000e+00
1.256736000000000e+02 0.000000000000000e+00
1.257562800000000e+02 0.000000000000000e+00
1.258389600000000e+02 0.000000000000000e+00
1.259216400000000e+02 0.000000000000000e+00
1.260043200000000e+02 0.000000000000000e+00
1.260870000000000e+02 0.000000000000000e+00
1.261696800000000e+02 0.000000000000000e+00
1.262523600000000e+02 0.000000000000000e+00
1.263350400000000e+02 0.000000000000000e+00
1.264177200000000e+02 0.000000000000000e+00
1.265004000000000e+02 0.000000000000000e+00
1.265830800000000e+02 0.000000000000000e+00
1.266657600000000e+02 0.000000000000000e+00
1.267484400000000e+02 0.000000000000000e+00
1.268311200000000e+02 0.000000000000000e+00
1.269138000000000e+02 0.000000000000000e+00
1.269964800000000e+02 0.000000000000000e+00
1.270791600000000e+02 0.000000000000000e+00
1.271618400000000e+02 0.000000000000000e+00
1.272445200000000e+02 0.000000000000000e+00
1.273272000000000e+02 0.000000000000000e+00
1.274098800000000e+02 0.000000000000000e+00
1.274925600000000e+02 0.000000000000000e+00
1.275752400000000e+02 0.000000000000000e+00
1.276579200000000e+02 0.000000000000000e+00
1.277406000000000e+02 0.000000000000000e+00
1.278232800000000e+02 0.000000000000000e+00
1.279059600000000e+02 0.000000000000000e+00
1.279886400000000e+02 0.000000000000000e+00
1.280713200000000e+02 0.000000000000000e+00
1.281540000000000e+02 0.000000000000000e+00
1.282366800000000e+02 0.000000000000000e+00
1.283193600000000e+02 0.000000000000000e+00
1.284020400000000e+02 0.000000000000000e+00
1.284847200000000e+02 0.000000000000000e+00
1.285674000000000e+02 0.000000000000000e+00
1.286500800000000e+02 0.000000000000000e+00
1.287327600000000e+02 0.000000000000000e+00
1.288154400000000e+02 0.000000000000000e+00
1.288981200000000e+02 0.000000000000000e+00
1.289808000000000e+02 0.000000000000000e+00
1.290634800000000e+02 0.000000000000000e+00
1.291461600000000e+02 0.000000000000000e+00
1.292288400000000e+02 0.000000000000000e+00
1.293115200000000e+02 0.000000000000000e+00
1.293942000000000e+02 0.000000000000000e+00
1.294768800000000e+02 0.000000000000000e+00
1.295595600000000e+02 0.000000000000000e+00
1.296422400000000e+02 0.000000000000000e+00
1.297249200000000e+02 0.000000000000000e+00
1.298076000000000e+02 0.000000000000000e+00
1.298902800000000e+02 0.000000000000000e+00
1.299729600000000e+02 0.000000000000000e+00
1.300556400000000e+02 0.000000000000000e+00
1.301383200000000e+02 0.000000000000000e+00
1.302210000000000e+02 0.000000000000000e+00
1.303036800000000e+02 0.000000000000000e+00
1.303863600000000e+02 0.000000000000000e+00
1.304690400000000e+02 0.000000000000000e+00
1.305517200000000e+02 0.000000000000000e+00
1.306344000000000e+02 0.000000000000000e+00
1.307170800000000e+02 0.000000000000000e+00
1.307997600000000e+02 0.000000000000000e+00
1.308824400000000e+02 0.000000000000000e+00
1.309651200000000e+02 0.000000000000000e+00
1.310478000000000e+02 0.000000000000000e+00
1.311304800000000e+02 0.000000000000000e+00
1.312131600000000e+02 0.000000000000000e+00
1.312958400000000e+02 0.000000000000000e+00
1.313785200000000e+02 0.000000000000000e+00
1.314612000000000e+02 0.000000000000000e+00
1.315438800000000e+02 0.000000000000000e+00
1.316265600000000e+02 0.000000000000000e+00
1.317092400000000e+02 0.000000000000000e+00
1.317919200000000e+02 0.000000000000000e+00
1.318746000000000e+02 0.000000000000000e+00
1.319572800000000e+02 0.000000000000000e+00
1.320399600000000e+02 0.000000000000000e+00
1.321226400000000e+02 0.000000000000000e+00
1.322053200000000e+02 0.000000000000000e+00
1.322880000000000e+02 0.000000000000000e+00
1.323706800000000e+02 0.000000000000000e+00
1.324533600000000e+02 0.000000000000000e+00
1.325360400000000e+02 0.000000000000000e+00
1.326187200000000e+02 0.000000000000000e+00
1.327014000000000e+02 0.000000000000000e+00
1.327840800000000e+02 0.000000000000000e+00
1.328667600000000e+02 0.000000000000000e+00
1.329494400000000e+02 0.000000000000000e+00
1.330321200000000e+02 0.000000000000000e+00
1.331148000000000e+02 0.000000000000000e+00
1.331974800000000e+02 0.000000000000000e+00
1.332801600000000e+02 0.000000000000000e+00
1.333628400000000e+02 0.000000000000000e+00
1.334455200000000e+02 0.000000000000000e+00
1.335282000000000e+02 0.000000000000000e+00
1.336108800000000e+02 0.000000000000000e+00
1.336935600000000e+02 0.000000000000000e+00
1.337762400000000e+02 0.000000000000000e+00
1.338589200000000e+02 0.000000000000000e+00
1.339416000000000e+02 0.000000000000000e+00
1.340242800000000e+02 0.000000000000000e+00
1.341069600000000e+02 0.000000000000000e+00
1.341896400000000e+02 0.000000000000000e+00
1.342723200000000e+02 0.000000000000000e+00
1.343550000000000e+02 0.000000000000000e+00
1.344376800000000e+02 0.000000000000000e+00
1.345203600000000e+02 0.000000000000000e+00
1.346030400000000e+02 0.000000000000000e+00
1.346857200000000e+02 0.000000000000000e+00
1.347684000000000e+02 0.000000000000000e+00
1.348510800000000e+02 0.000000000000000e+00
1.349337600000000e+02 0.000000000000000e+00
1.350164400000000e+02 0.000000000000000e+00
1.350991200000000e+02 0.000000000000000e+00
1.351818000000000e+02 0.000000000000000e+00
1.352644800000000e+02 0.000000000000000e+00
1.353471600000000e+02 0.000000000000000e+00
1.354298400000000e+02 0.000000000000000e+00
1.355125200000000e+02 0.000000000000000e+00
1.355952000000000e+02 0.000000000000000e+00
1.356778800000000e+02 0.000000000000000e+00
1.357605600000000e+02 0.000000000000000e+00
1.358432400000000e+02 0.000000000000000e+00
1.359259200000000e+02 0.000000000000000e+00
1.360086000000000e+02 0.000000000000000e+00
1.360912800000000e+02 0.000000000000000e+00
1.361739600000000e+02 0.000000000000000e+00
1.362566400000000e+02 0.000000000000000e+00
1.363393200000000e+02 0.000000000000000e+00
1.364220000000000e+02 0.000000000000000e+00
1.365046800000000e+02 0.000000000000000e+00
1.365873600000000e+02 0.000000000000000e+00
1.366700400000000e+02 0.000000000000000e+00
1.367527200000000e+02 0.000000000000000e+00
1.368354000000000e+02 0.000000000000000e+00
1.369180800000000e+02 0.000000000000000e+00
1.370007600000000e+02 0.000000000000000e+00
1.370834400000000e+02 0.000000000000000e+00
1.371661200000000e+02 0.000000000000000e+00
1.372488000000000e+02 0.000000000000000e+00
1.373314800000000e+02 0.000000000000000e+00
1.374141600000000e+02 0.000000000000000e+00
1.374968400000000e+02 0.000000000000000e+00
1.375795200000000e+02 0.000000000000000e+00
1.376622000000000e+02 0.000000000000000e+00
1.377448800000000e+02 0.000000000000000e+00
1.378275600000000e+02 0.000000000000000e+00
1.379102400000000e+02 0.000000000000000e+00
1.379929200000000e+02 0.000000000000000e+00
1.380756000000000e+02 0.000000000000000e+00
1.381582800000000e+02 0.000000000000000e+00
1.382409600000000e+02 0.000000000000000e+00
1.383236400000000e+02 0.000000000000000e+00
1.384063200000000e+02 0.000000000000000e+00
1.384890000000000e+02 0.000000000000000e+00
1.385716800000000e+02 0.000000000000000e+00
1.386543600000000e+02 0.000000000000000e+00
1.387370400000000e+02 0.000000000000000e+00
1.388197200000000e+02 0.000000000000000e+00
1.389024000000000e+02 0.000000000000000e+00
1.389850800000000e+02 0.000000000000000e+00
1.390677600000000e+02 0.000000000000000e+00
1.391504400000000e+02 0.000000000000000e+00
1.392331200000000e+02 0.000000000000000e+00
1.393158000000000e+02 0.000000000000000e+00
1.393984800000000e+02 0.000000000000000e+00
1.394811600000000e+02 0.000000000000000e+00
1.395638400000000e+02 0.000000000000000e+00
1.396465200000000e+02 0.000000000000000e+00
1.397292000000000e+02 0.000000000000000e+00
1.398118800000000e+02 0.000000000000000e+00
1.398945600000000e+02 0.000000000000000e+00
1.399772400000000e+02 0.000000000000000e+00
1.400599200000000e+02 0.000000000000000e+00
1.401426000000000e+02 0.000000000000000e+00
1.402252800000000e+02 0.000000000000000e+00
1.403079600000000e+02 0.000000000000000e+00
1.403906400000000e+02 0.000000000000000e+00
1.404733200000000e+02 0.000000000000000e+00
1.405560000000000e+02 0.000000000000000e+00
1.406386800000000e+02 0.000000000000000e+00
1.407213600000000e+02 0.000000000000000e+00
1.408040400000000e+02 0.000000000000000e+00
1.408867200000000e+02 0.000000000000000e+00
1.409694000000000e+02 0.000000000000000e+00
1.410520800000000e+02 0.000000000000000e+00
1.411347600000000e+02 0.000000000000000e+00
1.412174400000000e+02 0.000000000000000e+00
1.413001200000000e+02 0.000000000000000e+00
1.413828000000000e+02 0.000000000000000e+00
1.414654800000000e+02 0.000000000000000e+00
1.415481600000000e+02 0.000000000000000e+00
1.416308400000000e+02 0.000000000000000e+00
1.417135200000000e+02 0.000000000000000e+00
1.417962000000000e+02 0.000000000000000e+00
1.418788800000000e+02 0.000000000000000e+00
1.419615600000000e+02 0.000000000000000e+00
1.420442400000000e+02 0.000000000000000e+00
1.421269200000000e+02 0.000000000000000e+00
1.422096000000000e+02 0.000000000000000e+00
1.422922800000000e+02 0.000000000000000e+00
1.423749600000000e+02 0.000000000000000e+00
1.424576400000000e+02 0.000000000000000e+00
1.425403200000000e+02 0.000000000000000e+00
1.426230000000000e+02 0.000000000000000e+00
1.427056800000000e+02 0.000000000000000e+00
1.427883600000000e+02 0.000000000000000e+00
1.428710400000000e+02 0.000000000000000e+00
1.429537200000000e+02 0.000000000000000e+00
1.430364000000000e+02 0.000000000000000e+00
1.431190800000000e+02 0.000000000000000e+00
1.432017600000000e+02 0.000000000000000e+00
1.432844400000000e+02 0.000000000000000e+00
1.433671200000000e+02 0.000000000000000e+00
1.434498000000000e+02 0.000000000000000e+00
1.435324800000000e+02 0.000000000000000e+00
1.436151600000000e+02 0.000000000000000e+00
1.436978400000000e+02 0.000000000000000e+00
1.437805200000000e+02 0.000000000000000e+00
1.438632000000000e+02 0.000000000000000e+00
1.439458800000000e+02 0.000000000000000e+00
1.440285600000000e+02 0.000000000000000e+00
1.441112400000000e+02 0.000000000000000e+00
1.441939200000000e+02 0.000000000000000e+00
1.442766000000000e+02 0.000000000000000e+00
1.443592800000000e+02 0.000000000000000e+00
1.444419600000000e+02 0.000000000000000e+00
1.445246400000000e+02 0.000000000000000e+00
1.446073200000000e+02 0.000000000000000e+00
1.446900000000000e+02 0.000000000000000e+00
1.447726800000000e+02 0.000000000000000e+00
1.448553600000000e+02 0.000000000000000e+00
1.449380400000000e+02 0.000000000000000e+00
1.450207200000000e+02 0.000000000000000e+00
1.451034000000000e+02 0.000000000000000e+00
1.451860800000000e+02 0.000000000000000e+00
1.452687600000000e+02 0.000000000000000e+00
1.453514400000000e+02 0.000000000000000e+00
1.454341200000000e+02 0.000000000000000e+00
1.455168000000000e+02 0.000000000000000e+00
1.455994800000000e+02 0.000000000000000e+00
1.456821600000000e+02 0.000000000000000e+00
1.457648400000000e+02 0.000000000000000e+00
1.458475200000000e+02 0.000000000000000e+00
1.459302000000000e+02 0.000000000000000e+00
1.460128800000000e+02 0.000000000000000e+00
1.460955600000000e+02 0.000000000000000e+00
1.461782400000000e+02 0.000000000000000e+00
1.462609200000000e+02 0.000000000000000e+00
1.463436000000000e+02 0.000000000000000e+00
1.464262800000000e+02 0.000000000000000e+00
1.465089600000000e+02 0.000000000000000e+00
1.465916400000000e+02 0.000000000000000e+00
1.466743200000000e+02 0.000000000000000e+00
1.467570000000000e+02 0.000000000000000e+00
1.468396800000000e+02 0.000000000000000e+00
1.469223600000000e+02 0.000000000000000e+00
1.470050400000000e+02 0.000000000000000e+00
1.470877200000000e+02 0.000000000000000e+00
1.471704000000000e+02 0.000000000000000e+00
1.472530800000000e+02 0.000000000000000e+00
1.473357600000000e+02 0.000000000000000e+00
1.474184400000000e+02 0.000000000000000e+00
1.475011200000000e+02 0.000000000000000e+00
1.475838000000000e+02 0.000000000000000e+00
1.476664800000000e+02 0.000000000000000e+00
1.477491600000000e+02 0.000000000000000e+00
1.478318400000000e+02 0.000000000000000e+00
1.479145200000000e+02 0.000000000000000e+00
1.479972000000000e+02 0.000000000000000e+00
1.480798800000000e+02 0.000000000000000e+00
1.481625600000000e+02 0.000000000000000e+00
1.482452400000000e+02 0.000000000000000e+00
1.483279200000000e+02 0.000000000000000e+00
1.484106000000000e+02 0.000000000000000e+00
1.484932800000000e+02 0.000000000000000e+00
1.485759600000000e+02 0.000000000000000e+00
1.486586400000000e+02 0.000000000000000e+00
1.487413200000000e+02 0.000000000000000e+00
1.488240000000000e+02 0.000000000000000e+00
1.489066800000000e+02 0.000000000000000e+00
1.489893600000000e+02 0.000000000000000e+00
1.490720400000000e+02 0.000000000000000e+00
1.491547200000000e+02 0.000000000000000e+00
1.492374000000000e+02 0.000000000000000e+00
1.493200800000000e+02 0.000000000000000e+00
1.494027600000000e+02 0.000000000000000e+00
1.494854400000000e+02 0.000000000000000e+00
1.495681200000000e+02 0.000000000000000e+00
1.496508000000000e+02 0.000000000000000e+00
1.497334800000000e+02 0.000000000000000e+00
1.498161600000000e+02 0.000000000000000e+00
1.498988400000000e+02 0.000000000000000e+00
1.499815200000000e+02 0.000000000000000e+00
1.500642000000000e+02 0.000000000000000e+00
1.501468800000000e+02 0.000000000000000e+00
1.502295600000000e+02 0.000000000000000e+00
1.503122400000000e+02 0.000000000000000e+00
1.503949200000000e+02 0.000000000000000e+00
1.504776000000000e+02 0.000000000000000e+00
1.505602800000000e+02 0.000000000000000e+00
1.506429600000000e+02 0.000000000000000e+00
1.507256400000000e+02 0.000000000000000e+00
1.508083200000000e+02 0.000000000000000e+00
1.508910000000000e+02 0.000000000000000e+00
1.509736800000000e+02 0.000000000000000e+00
1.510563600000000e+02 0.000000000000000e+00
1.511390400000000e+02 0.000000000000000e+00
1.512217200000000e+02 0.000000000000000e+00
1.513044000000000e+02 0.000000000000000e+00
1.513870800000000e+02 0.000000000000000e+00
1.514697600000000e+02 0.000000000000000e+00
1.515524400000000e+02 0.000000000000000e+00
1.516351200000000e+02 0.000000000000000e+00
1.517178000000000e+02 0.000000000000000e+00
1.518004800000000e+02 0.000000000000000e+00
1.518831600000000e+02 0.000000000000000e+00
1.519658400000000e+02 0.000000000000000e+00
1.520485200000000e+02 0.000000000000000e+00
1.521312000000000e+02 0.000000000000000e+00
1.522138800000000e+02 0.000000000000000e+00
1.522965600000000e+02 0.000000000000000e+00
1.523792400000000e+02 0.000000000000000e+00
1.524619200000000e+02 0.000000000000000e+00
1.525446000000000e+02 0.000000000000000e+00
1.526272800000000e+02 0.000000000000000e+00
1.527099600000000e+02 0.000000000000000e+00
1.527926400000000e+02 0.000000000000000e+00
1.528753200000000e+02 0.000000000000000e+00
1.529580000000000e+02 0.000000000000000e+00
1.530406800000000e+02 0.000000000000000e+00
1.531233600000000e+02 0.000000000000000e+00
1.532060400000000e+02 0.000000000000000e+00
1.532887200000000e+02 0.000000000000000e+00
1.533714000000000e+02 0.000000000000000e+00
1.534540800000000e+02 0.000000000000000e+00
1.535367600000000e+02 0.000000000000000e+00
1.536194400000000e+02 0.000000000000000e+00
1.537021200000000e+02 0.000000000000000e+00
1.537848000000000e+02 0.000000000000000e+00
1.538674800000000e+02 0.000000000000000e+00
1.539501600000000e+02 0.000000000000000e+00
1.540328400000000e+02 0.000000000000000e+00
1.541155200000000e+02 0.000000000000000e+00
1.541982000000000e+02 0.000000000000000e+00
1.542808800000000e+02 0.000000000000000e+00
1.543635600000000e+02 0.000000000000000e+00
1.544462400000000e+02 0.000000000000000e+00
1.545289200000000e+02 0.000000000000000e+00
1.546116000000000e+02 0.000000000000000e+00
1.546942800000000e+02 0.000000000000000e+00
1.547769600000000e+02 0.000000000000000e+00
1.548596400000000e+02 0.000000000000000e+00
1.549423200000000e+02 0.000000000000000e+00
1.550250000000000e+02 0.000000000000000e+00
1.551076800000000e+02 0.000000000000000e+00
1.551903600000000e+02 0.000000000000000e+00
1.552730400000000e+02 0.000000000000000e+00
1.553557200000000e+02 0.000000000000000e+00
1.554384000000000e+02 0.000000000000000e+00
1.555210800000000e+02 0.000000000000000e+00
1.556037600000000e+02 0.000000000000000e+00
1.556864400000000e+02 0.000000000000000e+00
1.557691200000000e+02 0.000000000000000e+00
1.558518000000000e+02 0.000000000000000e+00
1.559344800000000e+02 0.000000000000000e+00
1.560171600000000e+02 0.000000000000000e+00
1.560998400000000e+02 0.000000000000000e+00
1.561825200000000e+02 0.000000000000000e+00
1.562652000000000e+02 0.000000000000000e+00
1.563478800000000e+02 0.000000000000000e+00
1.564305600000000e+02 0.000000000000000e+00
1.565132400000000e+02 0.000000000000000e+00
1.565959200000000e+02 0.000000000000000e+00
1.566786000000000e+02 0.000000000000000e+00
1.567612800000000e+02 0.000000000000000e+00
1.568439600000000e+02 0.000000000000000e+00
1.569266400000000e+02 0.000000000000000e+00
1.570093200000000e+02 0.000000000000000e+00
1.570920000000000e+02 0.000000000000000e+00
1.571746800000000e+02 0.000000000000000e+00
1.572573600000000e+02 0.000000000000000e+00
1.573400400000000e+02 0.000000000000000e+00
1.574227200000000e+02 0.000000000000000e+00
1.575054000000000e+02 0.000000000000000e+00
1.575880800000000e+02 0.000000000000000e+00
1.576707600000000e+02 0.000000000000000e+00
1.577534400000000e+02 0.000000000000000e+00
1.578361200000000e+02 0.000000000000000e+00
1.579188000000000e+02 0.000000000000000e+00
1.580014800000000e+02 0.000000000000000e+00
1.580841600000000e+02 0.000000000000000e+00
1.581668400000000e+02 0.000000000000000e+00
1.582495200000000e+02 0.000000000000000e+00
1.583322000000000e+02 0.000000000000000e+00
1.584148800000000e+02 0.000000000000000e+00
1.584975600000000e+02 0.000000000000000e+00
1.585802400000000e+02 0.000000000000000e+00
1.586629200000000e+02 0.000000000000000e+00
1.587456000000000e+02 0.000000000000000e+00
1.588282800000000e+02 0.000000000000000e+00
1.589109600000000e+02 0.000000000000000e+00
1.589936400000000e+02 0.000000000000000e+00
1.590763200000000e+02 0.000000000000000e+00
1.591590000000000e+02 0.000000000000000e+00
1.592416800000000e+02 0.000000000000000e+00
1.593243600000000e+02 0.000000000000000e+00
1.594070400000000e+02 0.000000000000000e+00
1.594897200000000e+02 0.000000000000000e+00
1.595724000000000e+02 0.000000000000000e+00
1.596550800000000e+02 0.000000000000000e+00
1.597377600000000e+02 0.000000000000000e+00
1.598204400000000e+02 0.000000000000000e+00
1.599031200000000e+02 0.000000000000000e+00
1.599858000000000e+02 0.000000000000000e+00
1.600684800000000e+02 0.000000000000000e+00
1.601511600000000e+02 0.000000000000000e+00
1.602338400000000e+02 0.000000000000000e+00
1.603165200000000e+02 0.000000000000000e+00
1.603992000000000e+02 0.000000000000000e+00
1.604818800000000e+02 0.000000000000000e+00
1.605645600000000e+02 0.000000000000000e+00
1.606472400000000e+02 0.000000000000000e+00
1.607299200000000e+02 0.000000000000000e+00
1.608126000000000e+02 0.000000000000000e+00
1.608952800000000e+02 0.000000000000000e+00
1.609779600000000e+02 0.000000000000000e+00
1.610606400000000e+02 0.000000000000000e+00
1.611433200000000e+02 0.000000000000000e+00
1.612260000000000e+02 0.000000000000000e+00
1.613086800000000e+02 0.000000000000000e+00
1.613913600000000e+02 0.000000000000000e+00
1.614740400000000e+02 0.000000000000000e+00
1.615567200000000e+02 0.000000000000000e+00
1.616394000000000e+02 0.000000000000000e+00
1.617220800000000e+02 0.000000000000000e+00
1.618047600000000e+02 0.000000000000000e+00
1.618874400000000e+02 0.000000000000000e+00
1.619701200000000e+02 0.000000000000000e+00
1.620528000000000e+02 0.000000000000000e+00
1.621354800000000e+02 0.000000000000000e+00
1.622181600000000e+02 0.000000000000000e+00
1.623008400000000e+02 0.000000000000000e+00
1.623835200000000e+02 0.000000000000000e+00
1.624662000000000e+02 0.000000000000000e+00
1.625488800000000e+02 0.000000000000000e+00
1.626315600000000e+02 0.000000000000000e+00
1.627142400000000e+02 0.000000000000000e+00
1.627969200000000e+02 0.000000000000000e+00
1.628796000000000e+02 0.000000000000000e+00
1.629622800000000e+02 0.000000000000000e+00
1.630449600000000e+02 0.000000000000000e+00
1.631276400000000e+02 0.000000000000000e+00
1.632103200000000e+02 0.000000000000000e+00
1.632930000000000e+02 0.000000000000000e+00
1.633756800000000e+02 0.000000000000000e+00
1.634583600000000e+02 0.000000000000000e+00
1.635410400000000e+02 0.000000000000000e+00
1.636237200000000e+02 0.000000000000000e+00
1.637064000000000e+02 0.000000000000000e+00
1.637890800000000e+02 0.000000000000000e+00
1.638717600000000e+02 0.000000000000000e+00
1.639544400000000e+02 0.000000000000000e+00
1.640371200000000e+02 0.000000000000000e+00
1.641198000000000e+02 0.000000000000000e+00
1.642024800000000e+02 0.000000000000000e+00
1.642851600000000e+02 0.000000000000000e+00
1.643678400000000e+02 0.000000000000000e+00
1.644505200000000e+02 0.000000000000000e+00
1.645332000000000e+02 0.000000000000000e+00
1.646158800000000e+02 0.000000000000000e+00
1.646985600000000e+02 0.000000000000000e+00
1.647812400000000e+02 0.000000000000000e+00
1.648639200000000e+02 0.000000000000000e+00
1.649466000000000e+02 0.000000000000000e+00
1.650292800000000e+02 0.000000000000000e+00
1.651119600000000e+02 0.000000000000000e+00
1.651946400000000e+02 0.000000000000000e+00
1.652773200000000e+02 0.000000000000000e+00
1.653600000000000e+02 0.000000000000000e+00
1.654426800000000e+02 0.000000000000000e+00
1.655253600000000e+02 0.000000000000000e+00
1.656080400000000e+02 0.000000000000000e+00
1.656907200000000e+02 0.000000000000000e+00
1.657734000000000e+02 0.000000000000000e+00
1.658560800000000e+02 0.000000000000000e+00
1.659387600000000e+02 0.000000000000000e+00
1.660214400000000e+02 0.000000000000000e+00
1.661041200000000e+02 0.000000000000000e+00
1.661868000000000e+02 0.000000000000000e+00
1.662694800000000e+02 0.000000000000000e+00
1.663521600000000e+02 0.000000000000000e+00
1.664348400000000e+02 0.000000000000000e+00
1.665175200000000e+02 0.000000000000000e+00
1.666002000000000e+02 0.000000000000000e+00
1.666828800000000e+02 0.000000000000000e+00
1.667655600000000e+02 0.000000000000000e+00
1.668482400000000e+02 0.000000000000000e+00
1.669309200000000e+02 0.000000000000000e+00
1.670136000000000e+02 0.000000000000000e+00
1.670962800000000e+02 0.000000000000000e+00
1.671789600000000e+02 0.000000000000000e+00
1.672616400000000e+02 0.000000000000000e+00
1.673443200000000e+02 0.000000000000000e+00
1.674270000000000e+02 0.000000000000000e+00
1.675096800000000e+02 0.000000000000000e+00
1.675923600000000e+02 0.000000000000000e+00
1.676750400000000e+02 0.000000000000000e+00
1.677577200000000e+02 0.000000000000000e+00
1.678404000000000e+02 0.000000000000000e+00
1.679230800000000e+02 0.000000000000000e+00
1.680057600000000e+02 0.000000000000000e+00
1.680884400000000e+02 0.000000000000000e+00
1.681711200000000e+02 0.000000000000000e+00
1.682538000000000e+02 0.000000000000000e+00
1.683364800000000e+02 0.000000000000000e+00
1.684191600000000e+02 0.000000000000000e+00
1.685018400000000e+02 0.000000000000000e+00
1.685845200000000e+02 0.000000000000000e+00
1.686672000000000e+02 0.000000000000000e+00
1.687498800000000e+02 0.000000000000000e+00
1.688325600000000e+02 0.000000000000000e+00
1.689152400000000e+02 0.000000000000000e+00
1.689979200000000e+02 0.000000000000000e+00
1.690806000000000e+02 0.000000000000000e+00
1.691632800000000e+02 0.000000000000000e+00
1.692459600000000e+02 0.000000000000000e+00
1.693286400000000e+02 0.000000000000000e+00
1.694113200000000e+02 0.000000000000000e+00
1.694940000000000e+02 0.000000000000000e+00
1.695766800000000e+02 0.000000000000000e+00
1.696593600000000e+02 0.000000000000000e+00
1.697420400000000e+02 0.000000000000000e+00
1.698247200000000e+02 0.000000000000000e+00
1.699074000000000e+02 0.000000000000000e+00
1.699900800000000e+02 0.000000000000000e+00
1.700727600000000e+02 0.000000000000000e+00
1.701554400000000e+02 0.000000000000000e+00
1.702381200000000e+02 0.000000000000000e+00
1.703208000000000e+02 0.000000000000000e+00
1.704034800000000e+02 0.000000000000000e+00
1.704861600000000e+02 0.000000000000000e+00
1.705688400000000e+02 0.000000000000000e+00
1.706515200000000e+02 0.000000000000000e+00
1.707342000000000e+02 0.000000000000000e+00
1.708168800000000e+02 0.000000000000000e+00
1.708995600000000e+02 0.000000000000000e+00
1.709822400000000e+02 0.000000000000000e+00
1.710649200000000e+02 0.000000000000000e+00
1.711476000000000e+02 0.000000000000000e+00
1.712302800000000e+02 0.000000000000000e+00
1.713129600000000e+02 0.000000000000000e+00
1.713956400000000e+02 0.000000000000000e+00
1.714783200000000e+02 0.000000000000000e+00
1.715610000000000e+02 0.000000000000000e+00
1.716436800000000e+02 0.000000000000000e+00
1.717263600000000e+02 0.000000000000000e+00
1.718090400000000e+02 0.000000000000000e+00
1.718917200000000e+02 0.000000000000000e+00
1.719744000000000e+02 0.000000000000000e+00
1.720570800000000e+02 0.000000000000000e+00
1.721397600000000e+02 0.000000000000000e+00
1.722224400000000e+02 0.000000000000000e+00
1.723051200000000e+02 0.000000000000000e+00
1.723878000000000e+02 0.000000000000000e+00
1.724704800000000e+02 0.000000000000000e+00
1.725531600000000e+02 0.000000000000000e+00
1.726358400000000e+02 0.000000000000000e+00
1.727185200000000e+02 0.000000000000000e+00
1.728012000000000e+02 0.000000000000000e+00
1.728838800000000e+02 0.000000000000000e+00
1.729665600000000e+02 0.000000000000000e+00
1.730492400000000e+02 0.000000000000000e+00
1.731319200000000e+02 0.000000000000000e+00
1.732146000000000e+02 0.000000000000000e+00
1.732972800000000e+02 0.000000000000000e+00
1.733799600000000e+02 0.000000000000000e+00
1.734626400000000e+02 0.000000000000000e+00
1.735453200000000e+02 0.000000000000000e+00
1.736280000000000e+02 0.000000000000000e+00
1.737106800000000e+02 0.000000000000000e+00
1.737933600000000e+02 0.000000000000000e+00
1.738760400000000e+02 0.000000000000000e+00
1.739587200000000e+02 0.000000000000000e+00
1.740414000000000e+02 0.000000000000000e+00
1.741240800000000e+02 0.000000000000000e+00
1.742067600000000e+02 0.000000000000000e+00
1.742894400000000e+02 0.000000000000000e+00
1.743721200000000e+02 0.000000000000000e+00
1.744548000000000e+02 0.000000000000000e+00
1.745374800000000e+02 0.000000000000000e+00
1.746201600000000e+02 0.000000000000000e+00
1.747028400000000e+02 0.000000000000000e+00
1.747855200000000e+02 0.000000000000000e+00
1.748682000000000e+02 0.000000000000000e+00
1.749508800000000e+02 0.000000000000000e+00
1.750335600000000e+02 0.000000000000000e+00
1.751162400000000e+02 0.000000000000000e+00
1.751989200000000e+02 0.000000000000000e+00
1.752816000000000e+02 0.000000000000000e+00
1.753642800000000e+02 0.000000000000000e+00
1.754469600000000e+02 0.000000000000000e+00
1.755296400000000e+02 0.000000000000000e+00
1.756123200000000e+02 0.000000000000000e+00
1.756950000000000e+02 0.000000000000000e+00
1.757776800000000e+02 0.000000000000000e+00
1.758603600000000e+02 0.000000000000000e+00
1.759430400000000e+02 0.000000000000000e+00
1.760257200000000e+02 0.000000000000000e+00
1.761084000000000e+02 0.000000000000000e+00
1.761910800000000e+02 0.000000000000000e+00
1.762737600000000e+02 0.000000000000000e+00
1.763564400000000e+02 0.000000000000000e+00
1.764391200000000e+02 0.000000000000000e+00
1.765218000000000e+02 0.000000000000000e+00
1.766044800000000e+02 0.000000000000000e+00
1.766871600000000e+02 0.000000000000000e+00
1.767698400000000e+02 0.000000000000000e+00
1.768525200000000e+02 0.000000000000000e+00
1.769352000000000e+02 0.000000000000000e+00
1.770178800000000e+02 0.000000000000000e+00
1.771005600000000e+02 0.000000000000000e+00
1.771832400000000e+02 0.000000000000000e+00
1.772659200000000e+02 0.000000000000000e+00
1.773486000000000e+02 0.000000000000000e+00
1.774312800000000e+02 0.000000000000000e+00
1.775139600000000e+02 0.000000000000000e+00
1.775966400000000e+02 0.000000000000000e+00
1.776793200000000e+02 0.000000000000000e+00
1.777620000000000e+02 0.000000000000000e+00
1.778446800000000e+02 0.000000000000000e+00
1.779273600000000e+02 0.000000000000000e+00
1.780100400000000e+02 0.000000000000000e+00
1.780927200000000e+02 0.000000000000000e+00
1.781754000000000e+02 0.000000000000000e+00
1.782580800000000e+02 0.000000000000000e+00
1.783407600000000e+02 0.000000000000000e+00
1.784234400000000e+02 0.000000000000000e+00
1.785061200000000e+02 0.000000000000000e+00
1.785888000000000e+02 0.000000000000000e+00
1.786714800000000e+02 0.000000000000000e+00
1.787541600000000e+02 0.000000000000000e+00
1.788368400000000e+02 0.000000000000000e+00
1.789195200000000e+02 0.000000000000000e+00
1.790022000000000e+02 0.000000000000000e+00
1.790848800000000e+02 0.000000000000000e+00
1.791675600000000e+02 0.000000000000000e+00
1.792502400000000e+02 0.000000000000000e+00
1.793329200000000e+02 0.000000000000000e+00
1.794156000000000e+02 0.000000000000000e+00
1.794982800000000e+02 0.000000000000000e+00
1.795809600000000e+02 0.000000000000000e+00
1.796636400000000e+02 0.000000000000000e+00
1.797463200000000e+02 0.000000000000000e+00
1.798290000000000e+02 0.000000000000000e+00
1.799116800000000e+02 0.000000000000000e+00
1.799943600000000e+02 0.000000000000000e+00
1.800770400000000e+02 0.000000000000000e+00
1.801597200000000e+02 0.000000000000000e+00
1.802424000000000e+02 0.000000000000000e+00
1.803250800000000e+02 0.000000000000000e+00
1.804077600000000e+02 0.000000000000000e+00
1.804904400000000e+02 0.000000000000000e+00
1.805731200000000e+02 0.000000000000000e+00
1.806558000000000e+02 0.000000000000000e+00
1.807384800000000e+02 0.000000000000000e+00
1.808211600000000e+02 0.000000000000000e+00
1.809038400000000e+02 0.000000000000000e+00
1.809865200000000e+02 0.000000000000000e+00
1.810692000000000e+02 0.000000000000000e+00
1.811518800000000e+02 0.000000000000000e+00
1.812345600000000e+02 0.000000000000000e+00
1.813172400000000e+02 0.000000000000000e+00
1.813999200000000e+02 0.000000000000000e+00
1.814826000000000e+02 0.000000000000000e+00
1.815652800000000e+02 0.000000000000000e+00
1.816479600000000e+02 0.000000000000000e+00
1.817306400000000e+02 0.000000000000000e+00
1.818133200000000e+02 0.000000000000000e+00
1.818960000000000e+02 0.000000000000000e+00
1.819786800000000e+02 0.000000000000000e+00
1.820613600000000e+02 0.000000000000000e+00
1.821440400000000e+02 0.000000000000000e+00
1.822267200000000e+02 0.000000000000000e+00
1.823094000000000e+02 0.000000000000000e+00
1.823920800000000e+02 0.000000000000000e+00
1.824747600000000e+02 0.000000000000000e+00
1.825574400000000e+02 0.000000000000000e+00
1.826401200000000e+02 0.000000000000000e+00
1.827228000000000e+02 0.000000000000000e+00
1.828054800000000e+02 0.000000000000000e+00
1.828881600000000e+02 0.000000000000000e+00
1.829708400000000e+02 0.000000000000000e+00
1.830535200000000e+02 0.000000000000000e+00
1.831362000000000e+02 0.000000000000000e+00
1.832188800000000e+02 0.000000000000000e+00
1.833015600000000e+02 0.000000000000000e+00
1.833842400000000e+02 0.000000000000000e+00
1.834669200000000e+02 0.000000000000000e+00
1.835496000000000e+02 0.000000000000000e+00
1.836322800000000e+02 0.000000000000000e+00
1.837149600000000e+02 0.000000000000000e+00
1.837976400000000e+02 0.000000000000000e+00
1.838803200000000e+02 0.000000000000000e+00
1.839630000000000e+02 0.000000000000000e+00
1.840456800000000e+02 0.000000000000000e+00
1.841283600000000e+02 0.000000000000000e+00
1.842110400000000e+02 0.000000000000000e+00
1.842937200000000e+02 0.000000000000000e+00
1.843764000000000e+02 0.000000000000000e+00
1.844590800000000e+02 0.000000000000000e+00
1.845417600000000e+02 0.000000000000000e+00
1.846244400000000e+02 0.000000000000000e+00
1.847071200000000e+02 0.000000000000000e+00
1.847898000000000e+02 0.000000000000000e+00
1.848724800000000e+02 0.000000000000000e+00
1.849551600000000e+02 0.000000000000000e+00
1.850378400000000e+02 0.000000000000000e+00
1.851205200000000e+02 0.000000000000000e+00
1.852032000000000e+02 0.000000000000000e+00
1.852858800000000e+02 0.000000000000000e+00
1.853685600000000e+02 0.000000000000000e+00
1.854512400000000e+02 0.000000000000000e+00
1.855339200000000e+02 0.000000000000000e+00
1.856166000000000e+02 0.000000000000000e+00
1.856992800000000e+02 0.000000000000000e+00
1.857819600000000e+02 0.000000000000000e+00
1.858646400000000e+02 0.000000000000000e+00
1.859473200000000e+02 0.000000000000000e+00
1.860300000000000e+02 0.000000000000000e+00
1.861126800000000e+02 0.000000000000000e+00
1.861953600000000e+02 0.000000000000000e+00
1.862780400000000e+02 0.000000000000000e+00
1.863607200000000e+02 0.000000000000000e+00
1.864434000000000e+02 0.000000000000000e+00
1.865260800000000e+02 0.000000000000000e+00
1.866087600000000e+02 0.000000000000000e+00
1.866914400000000e+02 0.000000000000000e+00
1.867741200000000e+02 0.000000000000000e+00
1.868568000000000e+02 0.000000000000000e+00
1.869394800000000e+02 0.000000000000000e+00
1.870221600000000e+02 0.000000000000000e+00
1.871048400000000e+02 0.000000000000000e+00
1.871875200000000e+02 0.000000000000000e+00
1.872702000000000e+02 0.000000000000000e+00
1.873528800000000e+02 0.000000000000000e+00
1.874355600000000e+02 0.000000000000000e+00
1.875182400000000e+02 0.000000000000000e+00
1.876009200000000e+02 0.000000000000000e+00
1.876836000000000e+02 0.000000000000000e+00
1.877662800000000e+02 0.000000000000000e+00
1.878489600000000e+02 0.000000000000000e+00
1.879316400000000e+02 0.000000000000000e+00
1.880143200000000e+02 0.000000000000000e+00
1.880970000000000e+02 0.000000000000000e+00
1.881796800000000e+02 0.000000000000000e+00
1.882623600000000e+02 0.000000000000000e+00
1.883450400000000e+02 0.000000000000000e+00
1.884277200000000e+02 0.000000000000000e+00
1.885104000000000e+02 0.000000000000000e+00
1.885930800000000e+02 0.000000000000000e+00
1.886757600000000e+02 0.000000000000000e+00
1.887584400000000e+02 0.000000000000000e+00
1.888411200000000e+02 0.000000000000000e+00
1.889238000000000e+02 0.000000000000000e+00
1.890064800000000e+02 0.000000000000000e+00
1.890891600000000e+02 0.000000000000000e+00
1.891718400000000e+02 0.000000000000000e+00
1.892545200000000e+02 0.000000000000000e+00
1.893372000000000e+02 0.000000000000000e+00
1.894198800000000e+02 0.000000000000000e+00
1.895025600000000e+02 0.000000000000000e+00
1.895852400000000e+02 0.000000000000000e+00
1.896679200000000e+02 0.000000000000000e+00
1.897506000000000e+02 0.000000000000000e+00
1.898332800000000e+02 0.000000000000000e+00
1.899159600000000e+02 0.000000000000000e+00
1.899986400000000e+02 0.000000000000000e+00
1.900813200000000e+02 0.000000000000000e+00
1.901640000000000e+02 0.000000000000000e+00
1.902466800000000e+02 0.000000000000000e+00
1.903293600000000e+02 0.000000000000000e+00
1.904120400000000e+02 0.000000000000000e+00
1.904947200000000e+02 0.000000000000000e+00
1.905774000000000e+02 0.000000000000000e+00
1.906600800000000e+02 0.000000000000000e+00
1.907427600000000e+02 0.000000000000000e+00
1.908254400000000e+02 0.000000000000000e+00
1.909081200000000e+02 0.000000000000000e+00
1.909908000000000e+02 0.000000000000000e+00
1.910734800000000e+02 0.000000000000000e+00
1.911561600000000e+02 0.000000000000000e+00
1.912388400000000e+02 0.000000000000000e+00
1.913215200000000e+02 0.000000000000000e+00
1.914042000000000e+02 0.000000000000000e+00
1.914868800000000e+02 0.000000000000000e+00
1.915695600000000e+02 0.000000000000000e+00
1.916522400000000e+02 0.000000000000000e+00
1.917349200000000e+02 0.000000000000000e+00
1.918176000000000e+02 0.000000000000000e+00
1.919002800000000e+02 0.000000000000000e+00
1.919829600000000e+02 0.000000000000000e+00
1.920656400000000e+02 0.000000000000000e+00
1.921483200000000e+02 0.000000000000000e+00
1.922310000000000e+02 0.000000000000000e+00
1.923136800000000e+02 0.000000000000000e+00
1.923963600000000e+02 0.000000000000000e+00
1.924790400000000e+02 0.000000000000000e+00
1.925617200000000e+02 0.000000000000000e+00
1.926444000000000e+02 0.000000000000000e+00
1.927270800000000e+02 0.000000000000000e+00
1.928097600000000e+02 0.000000000000000e+00
1.928924400000000e+02 0.000000000000000e+00
1.929751200000000e+02 0.000000000000000e+00
1.930578000000000e+02 0.000000000000000e+00
1.931404800000000e+02 0.000000000000000e+00
1.932231600000000e+02 0.000000000000000e+00
1.933058400000000e+02 0.000000000000000e+00
1.933885200000000e+02 0.000000000000000e+00
1.934712000000000e+02 0.000000000000000e+00
1.935538800000000e+02 0.000000000000000e+00
1.936365600000000e+02 0.000000000000000e+00
1.937192400000000e+02 0.000000000000000e+00
1.938019200000000e+02 0.000000000000000e+00
1.938846000000000e+02 0.000000000000000e+00
1.939672800000000e+02 0.000000000000000e+00
1.940499600000000e+02 0.000000000000000e+00
1.941326400000000e+02 0.000000000000000e+00
1.942153200000000e+02 0.000000000000000e+00
1.942980000000000e+02 0.000000000000000e+00
1.943806800000000e+02 0.000000000000000e+00
1.944633600000000e+02 0.000000000000000e+00
1.945460400000000e+02 0.000000000000000e+00
1.946287200000000e+02 0.000000000000000e+00
1.947114000000000e+02 0.000000000000000e+00
1.947940800000000e+02 0.000000000000000e+00
1.948767600000000e+02 0.000000000000000e+00
1.949594400000000e+02 0.000000000000000e+00
1.950421200000000e+02 0.000000000000000e+00
1.951248000000000e+02 0.000000000000000e+00
1.952074800000000e+02 0.000000000000000e+00
1.952901600000000e+02 0.000000000000000e+00
1.953728400000000e+02 0.000000000000000e+00
1.954555200000000e+02 0.000000000000000e+00
1.955382000000000e+02 0.000000000000000e+00
1.956208800000000e+02 0.000000000000000e+00
1.957035600000000e+02 0.000000000000000e+00
1.957862400000000e+02 0.000000000000000e+00
1.958689200000000e+02 0.000000000000000e+00
1.959516000000000e+02 0.000000000000000e+00
1.960342800000000e+02 0.000000000000000e+00
1.961169600000000e+02 0.000000000000000e+00
1.961996400000000e+02 0.000000000000000e+00
1.962823200000000e+02 0.000000000000000e+00
1.963650000000000e+02 0.000000000000000e+00
1.964476800000000e+02 0.000000000000000e+00
1.965303600000000e+02 0.000000000000000e+00
1.966130400000000e+02 0.000000000000000e+00
1.966957200000000e+02 0.000000000000000e+00
1.967784000000000e+02 0.000000000000000e+00
1.968610800000000e+02 0.000000000000000e+00
1.969437600000000e+02 0.000000000000000e+00
1.970264400000000e+02 0.000000000000000e+00
1.971091200000000e+02 0.000000000000000e+00
1.971918000000000e+02 0.000000000000000e+00
1.972744800000000e+02 0.000000000000000e+00
1.973571600000000e+02 0.000000000000000e+00
1.974398400000000e+02 0.000000000000000e+00
1.975225200000000e+02 0.000000000000000e+00
1.976052000000000e+02 0.000000000000000e+00
1.976878800000000e+02 0.000000000000000e+00
1.977705600000000e+02 0.000000000000000e+00
1.978532400000000e+02 0.000000000000000e+00
1.979359200000000e+02 0.000000000000000e+00
1.980186000000000e+02 0.000000000000000e+00
1.981012800000000e+02 0.000000000000000e+00
1.981839600000000e+02 0.000000000000000e+00
1.982666400000000e+02 0.000000000000000e+00
1.983493200000000e+02 0.000000000000000e+00
1.984320000000000e+02 0.000000000000000e+00
1.985146800000000e+02 0.000000000000000e+00
1.985973600000000e+02 0.000000000000000e+00
1.986800400000000e+02 0.000000000000000e+00
1.987627200000000e+02 0.000000000000000e+00
1.988454000000000e+02 0.000000000000000e+00
1.989280800000000e+02 0.000000000000000e+00
1.990107600000000e+02 0.000000000000000e+00
1.990934400000000e+02 0.000000000000000e+00
1.991761200000000e+02 0.000000000000000e+00
1.992588000000000e+02 0.000000000000000e+00
1.993414800000000e+02 0.000000000000000e+00
1.994241600000000e+02 0.000000000000000e+00
1.995068400000000e+02 0.000000000000000e+00
1.995895200000000e+02 0.000000000000000e+00
1.996722000000000e+02 0.000000000000000e+00
1.997548800000000e+02 0.000000000000000e+00
1.998375600000000e+02 0.000000000000000e+00
1.999202400000000e+02 0.000000000000000e+00
2.000029200000000e+02 0.000000000000000e+00
2.000856000000000e+02 0.000000000000000e+00
2.001682800000000e+02 0.000000000000000e+00
2.002509600000000e+02 0.000000000000000e+00
2.003336400000000e+02 0.000000000000000e+00
2.004163200000000e+02 0.000000000000000e+00
2.004990000000000e+02 0.000000000000000e+00
2.005816800000000e+02 0.000000000000000e+00
2.006643600000000e+02 0.000000000000000e+00
2.007470400000000e+02 0.000000000000000e+00
2.008297200000000e+02 0.000000000000000e+00
2.009124000000000e+02 0.000000000000000e+00
2.009950800000000e+02 0.000000000000000e+00
2.010777600000000e+02 0.000000000000000e+00
2.011604400000000e+02 0.000000000000000e+00
2.012431200000000e+02 0.000000000000000e+00
2.013258000000000e+02 0.000000000000000e+00
2.014084800000000e+02 0.000000000000000e+00
2.014911600000000e+02 0.000000000000000e+00
2.015738400000000e+02 0.000000000000000e+00
2.016565200000000e+02 0.000000000000000e+00
2.017392000000000e+02 0.000000000000000e+00
2.018218800000000e+02 0.000000000000000e+00
2.019045600000000e+02 0.000000000000000e+00
2.019872400000000e+02 0.000000000000000e+00
2.020699200000000e+02 0.000000000000000e+00
2.021526000000000e+02 0.000000000000000e+00
2.022352800000000e+02 0.000000000000000e+00
2.023179600000000e+02 0.000000000000000e+00
2.024006400000000e+02 0.000000000000000e+00
2.024833200000000e+02 0.000000000000000e+00
2.025660000000000e+02 0.000000000000000e+00
2.026486800000000e+02 0.000000000000000e+00
2.027313600000000e+02 0.000000000000000e+00
2.028140400000000e+02 0.000000000000000e+00
2.028967200000000e+02 0.000000000000000e+00
2.029794000000000e+02 0.000000000000000e+00
2.030620800000000e+02 0.000000000000000e+00
2.031447600000000e+02 0.000000000000000e+00
2.032274400000000e+02 0.000000000000000e+00
2.033101200000000e+02 0.000000000000000e+00
2.033928000000000e+02 0.000000000000000e+00
2.034754800000000e+02 0.000000000000000e+00
2.035581600000000e+02 0.000000000000000e+00
2.036408400000000e+02 0.000000000000000e+00
2.037235200000000e+02 0.000000000000000e+00
2.038062000000000e+02 0.000000000000000e+00
2.038888800000000e+02 0.000000000000000e+00
2.039715600000000e+02 0.000000000000000e+00
2.040542400000000e+02 0.000000000000000e+00
2.041369200000000e+02 0.000000000000000e+00
2.042196000000000e+02 0.000000000000000e+00
2.043022800000000e+02 0.000000000000000e+00
2.043849600000000e+02 0.000000000000000e+00
2.044676400000000e+02 0.000000000000000e+00
2.045503200000000e+02 0.000000000000000e+00
2.046330000000000e+02 0.000000000000000e+00
2.047156800000000e+02 0.000000000000000e+00
2.047983600000000e+02 0.000000000000000e+00
2.048810400000000e+02 0.000000000000000e+00
2.049637200000000e+02 0.000000000000000e+00
2.050464000000000e+02 0.000000000000000e+00
2.051290800000000e+02 0.000000000000000e+00
2.052117600000000e+02 0.000000000000000e+00
2.052944400000000e+02 0.000000000000000e+00
2.053771200000000e+02 0.000000000000000e+00
2.054598000000000e+02 0.000000000000000e+00
2.055424800000000e+02 0.000000000000000e+00
2.056251600000000e+02 0.000000000000000e+00
2.057078400000000e+02 0.000000000000000e+00
2.057905200000000e+02 0.000000000000000e+00
2.058732000000000e+02 0.000000000000000e+00
2.059558800000000e+02 0.000000000000000e+00
2.060385600000000e+02 0.000000000000000e+00
2.061212400000000e+02 0.000000000000000e+00
2.062039200000000e+02 0.000000000000000e+00
2.062866000000000e+02 0.000000000000000e+00
2.063692800000000e+02 0.000000000000000e+00
2.064519600000000e+02 0.000000000000000e+00
2.065346400000000e+02 0.000000000000000e+00
2.066173200000000e+02 0.000000000000000e+00
2.067000000000000e+02 0.000000000000000e+00
2.067826800000000e+02 0.000000000000000e+00
2.068653600000000e+02 0.000000000000000e+00
2.069480400000000e+02 0.000000000000000e+00
2.070307200000000e+02 0.000000000000000e+00
2.071134000000000e+02 0.000000000000000e+00
2.071960800000000e+02 0.000000000000000e+00
2.072787600000000e+02 0.000000000000000e+00
2.073614400000000e+02 0.000000000000000e+00
2.074441200000000e+02 0.000000000000000e+00
2.075268000000000e+02 0.000000000000000e+00
2.076094800000000e+02 0.000000000000000e+00
2.076921600000000e+02 0.000000000000000e+00
2.077748400000000e+02 0.000000000000000e+00
2.078575200000000e+02 0.000000000000000e+00
2.079402000000000e+02 0.000000000000000e+00
2.080228800000000e+02 0.000000000000000e+00
2.081055600000000e+02 0.000000000000000e+00
2.081882400000000e+02 0.000000000000000e+00
2.082709200000000e+02 0.000000000000000e+00
2.083536000000000e+02 0.000000000000000e+00
2.084362800000000e+02 0.000000000000000e+00
2.085189600000000e+02 0.000000000000000e+00
2.086016400000000e+02 0.000000000000000e+00
2.086843200000000e+02 0.000000000000000e+00
2.087670000000000e+02 0.000000000000000e+00
2.088496800000000e+02 0.000000000000000e+00
2.089323600000000e+02 0.000000000000000e+00
2.090150400000000e+02 0.000000000000000e+00
2.090977200000000e+02 0.000000000000000e+00
2.091804000000000e+02 0.000000000000000e+00
2.092630800000000e+02 0.000000000000000e+00
2.093457600000000e+02 0.000000000000000e+00
2.094284400000000e+02 0.000000000000000e+00
2.095111200000000e+02 0.000000000000000e+00
2.095938000000000e+02 0.000000000000000e+00
2.096764800000000e+02 0.000000000000000e+00
2.097591600000000e+02 0.000000000000000e+00
2.098418400000000e+02 0.000000000000000e+00
2.099245200000000e+02 0.000000000000000e+00
2.100072000000000e+02 0.000000000000000e+00
2.100898800000000e+02 0.000000000000000e+00
2.101725600000000e+02 0.000000000000000e+00
2.102552400000000e+02 0.000000000000000e+00
2.103379200000000e+02 0.000000000000000e+00
2.104206000000000e+02 0.000000000000000e+00
2.105032800000000e+02 0.000000000000000e+00
2.105859600000000e+02 0.000000000000000e+00
2.106686400000000e+02 0.000000000000000e+00
2.107513200000000e+02 0.000000000000000e+00
2.108340000000000e+02 0.000000000000000e+00
2.109166800000000e+02 0.000000000000000e+00
2.109993600000000e+02 0.000000000000000e+00
2.110820400000000e+02 0.000000000000000e+00
2.111647200000000e+02 0.000000000000000e+00
2.112474000000000e+02 0.000000000000000e+00
2.113300800000000e+02 0.000000000000000e+00
2.114127600000000e+02 0.000000000000000e+00
2.114954400000000e+02 0.000000000000000e+00
2.115781200000000e+02 0.000000000000000e+00
2.116608000000000e+02 0.000000000000000e+00
2.117434800000000e+02 0.000000000000000e+00
2.118261600000000e+02 0.000000000000000e+00
2.119088400000000e+02 0.000000000000000e+00
2.119915200000000e+02 0.000000000000000e+00
2.120742000000000e+02 0.000000000000000e+00
2.121568800000000e+02 0.000000000000000e+00
2.122395600000000e+02 0.000000000000000e+00
2.123222400000000e+02 0.000000000000000e+00
2.124049200000000e+02 0.000000000000000e+00
2.124876000000000e+02 0.000000000000000e+00
2.125702800000000e+02 0.000000000000000e+00
2.126529600000000e+02 0.000000000000000e+00
2.127356400000000e+02 0.000000000000000e+00
2.128183200000000e+02 0.000000000000000e+00
2.129010000000000e+02 0.000000000000000e+00
2.129836800000000e+02 0.000000000000000e+00
2.130663600000000e+02 0.000000000000000e+00
2.131490400000000e+02 0.000000000000000e+00
2.132317200000000e+02 0.000000000000000e+00
2.133144000000000e+02 0.000000000000000e+00
2.133970800000000e+02 0.000000000000000e+00
2.134797600000000e+02 0.000000000000000e+00
2.135624400000000e+02 0.000000000000000e+00
2.136451200000000e+02 0.000000000000000e+00
2.137278000000000e+02 0.000000000000000e+00
2.138104800000000e+02 0.000000000000000e+00
2.138931600000000e+02 0.000000000000000e+00
2.139758400000000e+02 0.000000000000000e+00
2.140585200000000e+02 0.000000000000000e+00
2.141412000000000e+02 0.000000000000000e+00
2.142238800000000e+02 0.000000000000000e+00
2.143065600000000e+02 0.000000000000000e+00
2.143892400000000e+02 0.000000000000000e+00
2.144719200000000e+02 0.000000000000000e+00
2.145546000000000e+02 0.000000000000000e+00
2.146372800000000e+02 0.000000000000000e+00
2.147199600000000e+02 0.000000000000000e+00
2.148026400000000e+02 0.000000000000000e+00
2.148853200000000e+02 0.000000000000000e+00
2.149680000000000e+02 0.000000000000000e+00
2.150506800000000e+02 0.000000000000000e+00
2.151333600000000e+02 0.000000000000000e+00
2.152160400000000e+02 0.000000000000000e+00
2.152987200000000e+02 0.000000000000000e+00
2.153814000000000e+02 0.000000000000000e+00
2.154640800000000e+02 0.000000000000000e+00
2.155467600000000e+02 0.000000000000000e+00
2.156294400000000e+02 0.000000000000000e+00
2.157121200000000e+02 0.000000000000000e+00
2.157948000000000e+02 0.000000000000000e+00
2.158774800000000e+02 0.000000000000000e+00
2.159601600000000e+02 0.000000000000000e+00
2.160428400000000e+02 0.000000000000000e+00
2.161255200000000e+02 0.000000000000000e+00
2.162082000000000e+02 0.000000000000000e+00
2.162908800000000e+02 0.000000000000000e+00
2.163735600000000e+02 0.000000000000000e+00
2.164562400000000e+02 0.000000000000000e+00
2.165389200000000e+02 0.000000000000000e+00
2.166216000000000e+02 0.000000000000000e+00
2.167042800000000e+02 0.000000000000000e+00
2.167869600000000e+02 0.000000000000000e+00
2.168696400000000e+02 0.000000000000000e+00
2.169523200000000e+02 0.000000000000000e+00
2.170350000000000e+02 0.000000000000000e+00
2.171176800000000e+02 0.000000000000000e+00
2.172003600000000e+02 0.000000000000000e+00
2.172830400000000e+02 0.000000000000000e+00
2.173657200000000e+02 0.000000000000000e+00
2.174484000000000e+02 0.000000000000000e+00
2.175310800000000e+02 0.000000000000000e+00
2.176137600000000e+02 0.000000000000000e+00
2.176964400000000e+02 0.000000000000000e+00
2.177791200000000e+02 0.000000000000000e+00
2.178618000000000e+02 0.000000000000000e+00
2.179444800000000e+02 0.000000000000000e+00
2.180271600000000e+02 0.000000000000000e+00
2.181098400000000e+02 0.000000000000000e+00
2.181925200000000e+02 0.000000000000000e+00
2.182752000000000e+02 0.000000000000000e+00
2.183578800000000e+02 0.000000000000000e+00
2.184405600000000e+02 0.000000000000000e+00
2.185232400000000e+02 0.000000000000000e+00
2.186059200000000e+02 0.000000000000000e+00
2.186886000000000e+02 0.000000000000000e+00
2.187712800000000e+02 0.000000000000000e+00
2.188539600000000e+02 0.000000000000000e+00
2.189366400000000e+02 0.000000000000000e+00
2.190193200000000e+02 0.000000000000000e+00
2.191020000000000e+02 0.000000000000000e+00
2.191846800000000e+02 0.000000000000000e+00
2.192673600000000e+02 0.000000000000000e+00
2.193500400000000e+02 0.000000000000000e+00
2.194327200000000e+02 0.000000000000000e+00
2.195154000000000e+02 0.000000000000000e+00
2.195980800000000e+02 0.000000000000000e+00
2.196807600000000e+02 0.000000000000000e+00
2.197634400000000e+02 0.000000000000000e+00
2.198461200000000e+02 0.000000000000000e+00
2.199288000000000e+02 0.000000000000000e+00
2.200114800000000e+02 0.000000000000000e+00
2.200941600000000e+02 0.000000000000000e+00
2.201768400000000e+02 0.000000000000000e+00
2.202595200000000e+02 0.000000000000000e+00
2.203422000000000e+02 0.000000000000000e+00
2.204248800000000e+02 0.000000000000000e+00
2.205075600000000e+02 0.000000000000000e+00
2.205902400000000e+02 0.000000000000000e+00
2.206729200000000e+02 0.000000000000000e+00
2.207556000000000e+02 0.000000000000000e+00
2.208382800000000e+02 0.000000000000000e+00
2.209209600000000e+02 0.000000000000000e+00
2.210036400000000e+02 0.000000000000000e+00
2.210863200000000e+02 0.000000000000000e+00
2.211690000000000e+02 0.000000000000000e+00
2.212516800000000e+02 0.000000000000000e+00
2.213343600000000e+02 0.000000000000000e+00
2.214170400000000e+02 0.000000000000000e+00
2.214997200000000e+02 0.000000000000000e+00
2.215824000000000e+02 0.000000000000000e+00
2.216650800000000e+02 0.000000000000000e+00
2.217477600000000e+02 0.000000000000000e+00
2.218304400000000e+02 0.000000000000000e+00
2.219131200000000e+02 0.000000000000000e+00
2.219958000000000e+02 0.000000000000000e+00
2.220784800000000e+02 0.000000000000000e+00
2.221611600000000e+02 0.000000000000000e+00
2.222438400000000e+02 0.000000000000000e+00
2.223265200000000e+02 0.000000000000000e+00
2.224092000000000e+02 0.000000000000000e+00
2.224918800000000e+02 0.000000000000000e+00
2.225745600000000e+02 0.000000000000000e+00
2.226572400000000e+02 0.000000000000000e+00
2.227399200000000e+02 0.000000000000000e+00
2.228226000000000e+02 0.000000000000000e+00
2.229052800000000e+02 0.000000000000000e+00
2.229879600000000e+02 0.000000000000000e+00
2.230706400000000e+02 0.000000000000000e+00
2.231533200000000e+02 0.000000000000000e+00
2.232360000000000e+02 0.000000000000000e+00
2.233186800000000e+02 0.000000000000000e+00
2.234013600000000e+02 0.000000000000000e+00
2.234840400000000e+02 0.000000000000000e+00
2.235667200000000e+02 0.000000000000000e+00
2.236494000000000e+02 0.000000000000000e+00
2.237320800000000e+02 0.000000000000000e+00
2.238147600000000e+02 0.000000000000000e+00
2.238974400000000e+02 0.000000000000000e+00
2.239801200000000e+02 0.000000000000000e+00
2.240628000000000e+02 0.000000000000000e+00
2.241454800000000e+02 0.000000000000000e+00
2.242281600000000e+02 0.000000000000000e+00
2.243108400000000e+02 0.000000000000000e+00
2.243935200000000e+02 0.000000000000000e+00
2.244762000000000e+02 0.000000000000000e+00
2.245588800000000e+02 0.000000000000000e+00
2.246415600000000e+02 0.000000000000000e+00
2.247242400000000e+02 0.000000000000000e+00
2.248069200000000e+02 0.000000000000000e+00
2.248896000000000e+02 0.000000000000000e+00
2.249722800000000e+02 0.000000000000000e+00
2.250549600000000e+02 0.000000000000000e+00
2.251376400000000e+02 0.000000000000000e+00
2.252203200000000e+02 0.000000000000000e+00
2.253030000000000e+02 0.000000000000000e+00
2.253856800000000e+02 0.000000000000000e+00
2.254683600000000e+02 0.000000000000000e+00
2.255510400000000e+02 0.000000000000000e+00
2.256337200000000e+02 0.000000000000000e+00
2.257164000000000e+02 0.000000000000000e+00
2.257990800000000e+02 0.000000000000000e+00
2.258817600000000e+02 0.000000000000000e+00
2.259644400000000e+02 0.000000000000000e+00
2.260471200000000e+02 0.000000000000000e+00
2.261298000000000e+02 0.000000000000000e+00
2.262124800000000e+02 0.000000000000000e+00
2.262951600000000e+02 0.000000000000000e+00
2.263778400000000e+02 0.000000000000000e+00
2.264605200000000e+02 0.000000000000000e+00
2.265432000000000e+02 0.000000000000000e+00
2.266258800000000e+02 0.000000000000000e+00
2.267085600000000e+02 0.000000000000000e+00
2.267912400000000e+02 0.000000000000000e+00
2.268739200000000e+02 0.000000000000000e+00
2.269566000000000e+02 0.000000000000000e+00
2.270392800000000e+02 0.000000000000000e+00
2.271219600000000e+02 0.000000000000000e+00
2.272046400000000e+02 0.000000000000000e+00
2.272873200000000e+02 0.000000000000000e+00
2.273700000000000e+02 0.000000000000000e+00
2.274526800000000e+02 0.000000000000000e+00
2.275353600000000e+02 0.000000000000000e+00
2.276180400000000e+02 0.000000000000000e+00
2.277007200000000e+02 0.000000000000000e+00
2.277834000000000e+02 0.000000000000000e+00
2.278660800000000e+02 0.000000000000000e+00
2.279487600000000e+02 0.000000000000000e+00
2.280314400000000e+02 0.000000000000000e+00
2.281141200000000e+02 0.000000000000000e+00
2.281968000000000e+02 0.000000000000000e+00
2.282794800000000e+02 0.000000000000000e+00
2.283621600000000e+02 0.000000000000000e+00
2.284448400000000e+02 0.000000000000000e+00
2.285275200000000e+02 0.000000000000000e+00
2.286102000000000e+02 0.000000000000000e+00
2.286928800000000e+02 0.000000000000000e+00
2.287755600000000e+02 0.000000000000000e+00
2.288582400000000e+02 0.000000000000000e+00
2.289409200000000e+02 0.000000000000000e+00
2.290236000000000e+02 0.000000000000000e+00
2.291062800000000e+02 0.000000000000000e+00
2.291889600000000e+02 0.000000000000000e+00
2.292716400000000e+02 0.000000000000000e+00
2.293543200000000e+02 0.000000000000000e+00
2.294370000000000e+02 0.000000000000000e+00
2.295196800000000e+02 0.000000000000000e+00
2.296023600000000e+02 0.000000000000000e+00
2.296850400000000e+02 0.000000000000000e+00
2.297677200000000e+02 0.000000000000000e+00
2.298504000000000e+02 0.000000000000000e+00
2.299330800000000e+02 0.000000000000000e+00
2.300157600000000e+02 0.000000000000000e+00
2.300984400000000e+02 0.000000000000000e+00
2.301811200000000e+02 0.000000000000000e+00
2.302638000000000e+02 0.000000000000000e+00
2.303464800000000e+02 0.000000000000000e+00
2.304291600000000e+02 0.000000000000000e+00
2.305118400000000e+02 0.000000000000000e+00
2.305945200000000e+02 0.000000000000000e+00
2.306772000000000e+02 0.000000000000000e+00
2.307598800000000e+02 0.000000000000000e+00
2.308425600000000e+02 0.000000000000000e+00
2.309252400000000e+02 0.000000000000000e+00
2.310079200000000e+02 0.000000000000000e+00
2.310906000000000e+02 0.000000000000000e+00
2.311732800000000e+02 0.000000000000000e+00
2.312559600000000e+02 0.000000000000000e+00
2.313386400000000e+02 0.000000000000000e+00
2.314213200000000e+02 0.000000000000000e+00
2.315040000000000e+02 0.000000000000000e+00
2.315866800000000e+02 0.000000000000000e+00
2.316693600000000e+02 0.000000000000000e+00
2.317520400000000e+02 0.000000000000000e+00
2.318347200000000e+02 0.000000000000000e+00
2.319174000000000e+02 0.000000000000000e+00
2.320000800000000e+02 0.000000000000000e+00
2.320827600000000e+02 0.000000000000000e+00
2.321654400000000e+02 0.000000000000000e+00
2.322481200000000e+02 0.000000000000000e+00
2.323308000000000e+02 0.000000000000000e+00
2.324134800000000e+02 0.000000000000000e+00
2.324961600000000e+02 0.000000000000000e+00
2.325788400000000e+02 0.000000000000000e+00
2.326615200000000e+02 0.000000000000000e+00
2.327442000000000e+02 0.000000000000000e+00
2.328268800000000e+02 0.000000000000000e+00
2.329095600000000e+02 0.000000000000000e+00
2.329922400000000e+02 0.000000000000000e+00
2.330749200000000e+02 0.000000000000000e+00
2.331576000000000e+02 0.000000000000000e+00
2.332402800000000e+02 0.000000000000000e+00
2.333229600000000e+02 0.000000000000000e+00
2.334056400000000e+02 0.000000000000000e+00
2.334883200000000e+02 0.000000000000000e+00
2.335710000000000e+02 0.000000000000000e+00
2.336536800000000e+02 0.000000000000000e+00
2.337363600000000e+02 0.000000000000000e+00
2.338190400000000e+02 0.000000000000000e+00
2.339017200000000e+02 0.000000000000000e+00
2.339844000000000e+02 0.000000000000000e+00
2.340670800000000e+02 0.000000000000000e+00
2.341497600000000e+02 0.000000000000000e+00
2.342324400000000e+02 0.000000000000000e+00
2.343151200000000e+02 0.000000000000000e+00
2.343978000000000e+02 0.000000000000000e+00
2.344804800000000e+02 0.000000000000000e+00
2.345631600000000e+02 0.000000000000000e+00
2.346458400000000e+02 0.000000000000000e+00
2.347285200000000e+02 0.000000000000000e+00
2.348112000000000e+02 0.000000000000000e+00
2.348938800000000e+02 0.000000000000000e+00
2.349765600000000e+02 0.000000000000000e+00
2.350592400000000e+02 0.000000000000000e+00
2.351419200000000e+02 0.000000000000000e+00
2.352246000000000e+02 0.000000000000000e+00
2.353072800000000e+02 0.000000000000000e+00
2.353899600000000e+02 0.000000000000000e+00
2.354726400000000e+02 0.000000000000000e+00
2.355553200000000e+02 0.000000000000000e+00
2.356380000000000e+02 0.000000000000000e+00
2.357206800000000e+02 0.000000000000000e+00
2.358033600000000e+02 0.000000000000000e+00
2.358860400000000e+02 0.000000000000000e+00
2.359687200000000e+02 0.000000000000000e+00
2.360514000000000e+02 0.000000000000000e+00
2.361340800000000e+02 0.000000000000000e+00
2.362167600000000e+02 0.000000000000000e+00
2.362994400000000e+02 0.000000000000000e+00
2.363821200000000e+02 0.000000000000000e+00
2.364648000000000e+02 0.000000000000000e+00
2.365474800000000e+02 0.000000000000000e+00
2.366301600000000e+02 0.000000000000000e+00
2.367128400000000e+02 0.000000000000000e+00
2.367955200000000e+02 0.000000000000000e+00
2.368782000000000e+02 0.000000000000000e+00
2.369608800000000e+02 0.000000000000000e+00
2.370435600000000e+02 0.000000000000000e+00
2.371262400000000e+02 0.000000000000000e+00
2.372089200000000e+02 0.000000000000000e+00
2.372916000000000e+02 0.000000000000000e+00
2.373742800000000e+02 0.000000000000000e+00
2.374569600000000e+02 0.000000000000000e+00
2.375396400000000e+02 0.000000000000000e+00
2.376223200000000e+02 0.000000000000000e+00
2.377050000000000e+02 0.000000000000000e+00
2.377876800000000e+02 0.000000000000000e+00
2.378703600000000e+02 0.000000000000000e+00
2.379530400000000e+02 0.000000000000000e+00
2.380357200000000e+02 0.000000000000000e+00
2.381184000000000e+02 0.000000000000000e+00
2.382010800000000e+02 0.000000000000000e+00
2.382837600000000e+02 0.000000000000000e+00
2.383664400000000e+02 0.000000000000000e+00
2.384491200000000e+02 0.000000000000000e+00
2.385318000000000e+02 0.000000000000000e+00
2.386144800000000e+02 0.000000000000000e+00
2.386971600000000e+02 0.000000000000000e+00
2.387798400000000e+02 0.000000000000000e+00
2.388625200000000e+02 0.000000000000000e+00
2.389452000000000e+02 0.000000000000000e+00
2.390278800000000e+02 0.000000000000000e+00
2.391105600000000e+02 0.000000000000000e+00
2.391932400000000e+02 0.000000000000000e+00
2.392759200000000e+02 0.000000000000000e+00
2.393586000000000e+02 0.000000000000000e+00
2.394412800000000e+02 0.000000000000000e+00
2.395239600000000e+02 0.000000000000000e+00
2.396066400000000e+02 0.000000000000000e+00
2.396893200000000e+02 0.000000000000000e+00
2.397720000000000e+02 0.000000000000000e+00
2.398546800000000e+02 0.000000000000000e+00
2.399373600000000e+02 0.000000000000000e+00
2.400200400000000e+02 0.000000000000000e+00
2.401027200000000e+02 0.000000000000000e+00
2.401854000000000e+02 0.000000000000000e+00
2.402680800000000e+02 0.000000000000000e+00
2.403507600000000e+02 0.000000000000000e+00
2.404334400000000e+02 0.000000000000000e+00
2.405161200000000e+02 0.000000000000000e+00
2.405988000000000e+02 0.000000000000000e+00
2.406814800000000e+02 0.000000000000000e+00
2.407641600000000e+02 0.000000000000000e+00
2.408468400000000e+02 0.000000000000000e+00
2.409295200000000e+02 0.000000000000000e+00
2.410122000000000e+02 0.000000000000000e+00
2.410948800000000e+02 0.000000000000000e+00
2.411775600000000e+02 0.000000000000000e+00
2.412602400000000e+02 0.000000000000000e+00
2.413429200000000e+02 0.000000000000000e+00
2.414256000000000e+02 0.000000000000000e+00
2.415082800000000e+02 0.000000000000000e+00
2.415909600000000e+02 0.000000000000000e+00
2.416736400000000e+02 0.000000000000000e+00
2.417563200000000e+02 0.000000000000000e+00
2.418390000000000e+02 0.000000000000000e+00
2.419216800000000e+02 0.000000000000000e+00
2.420043600000000e+02 0.000000000000000e+00
2.420870400000000e+02 0.000000000000000e+00
2.421697200000000e+02 0.000000000000000e+00
2.422524000000000e+02 0.000000000000000e+00
2.423350800000000e+02 0.000000000000000e+00
2.424177600000000e+02 0.000000000000000e+00
2.425004400000000e+02 0.000000000000000e+00
2.425831200000000e+02 0.000000000000000e+00
2.426658000000000e+02 0.000000000000000e+00
2.427484800000000e+02 0.000000000000000e+00
2.428311600000000e+02 0.000000000000000e+00
2.429138400000000e+02 0.000000000000000e+00
2.429965200000000e+02 0.000000000000000e+00
2.430792000000000e+02 0.000000000000000e+00
2.431618800000000e+02 0.000000000000000e+00
2.432445600000000e+02 0.000000000000000e+00
2.433272400000000e+02 0.000000000000000e+00
2.434099200000000e+02 0.000000000000000e+00
2.434926000000000e+02 0.000000000000000e+00
2.435752800000000e+02 0.000000000000000e+00
2.436579600000000e+02 0.000000000000000e+00
2.437406400000000e+02 0.000000000000000e+00
2.438233200000000e+02 0.000000000000000e+00
2.439060000000000e+02 0.000000000000000e+00
2.439886800000000e+02 0.000000000000000e+00
2.440713600000000e+02 0.000000000000000e+00
2.441540400000000e+02 0.000000000000000e+00
2.442367200000000e+02 0.000000000000000e+00
2.443194000000000e+02 0.000000000000000e+00
2.444020800000000e+02 0.000000000000000e+00
2.444847600000000e+02 0.000000000000000e+00
2.445674400000000e+02 0.000000000000000e+00
2.446501200000000e+02 0.000000000000000e+00
2.447328000000000e+02 0.000000000000000e+00
2.448154800000000e+02 0.000000000000000e+00
2.448981600000000e+02 0.000000000000000e+00
2.449808400000000e+02 0.000000000000000e+00
2.450635200000000e+02 0.000000000000000e+00
2.451462000000000e+02 0.000000000000000e+00
2.452288800000000e+02 0.000000000000000e+00
2.453115600000000e+02 0.000000000000000e+00
2.453942400000000e+02 0.000000000000000e+00
2.454769200000000e+02 0.000000000000000e+00
2.455596000000000e+02 0.000000000000000e+00
2.456422800000000e+02 0.000000000000000e+00
2.457249600000000e+02 0.000000000000000e+00
2.458076400000000e+02 0.000000000000000e+00
2.458903200000000e+02 0.000000000000000e+00
2.459730000000000e+02 0.000000000000000e+00
2.460556800000000e+02 0.000000000000000e+00
2.461383600000000e+02 0.000000000000000e+00
2.462210400000000e+02 0.000000000000000e+00
2.463037200000000e+02 0.000000000000000e+00
2.463864000000000e+02 0.000000000000000e+00
2.464690800000000e+02 0.000000000000000e+00
2.465517600000000e+02 0.000000000000000e+00
2.466344400000000e+02 0.000000000000000e+00
2.467171200000000e+02 0.000000000000000e+00
2.467998000000000e+02 0.000000000000000e+00
2.468824800000000e+02 0.000000000000000e+00
2.469651600000000e+02 0.000000000000000e+00
2.470478400000000e+02 0.000000000000000e+00
2.471305200000000e+02 0.000000000000000e+00
2.472132000000000e+02 0.000000000000000e+00
2.472958800000000e+02 0.000000000000000e+00
2.473785600000000e+02 0.000000000000000e+00
2.474612400000000e+02 0.000000000000000e+00
2.475439200000000e+02 0.000000000000000e+00
2.476266000000000e+02 0.000000000000000e+00
2.477092800000000e+02 0.000000000000000e+00
2.477919600000000e+02 0.000000000000000e+00
2.478746400000000e+02 0.000000000000000e+00
2.479573200000000e+02 0.000000000000000e+00
2.480400000000000e+02 0.000000000000000e+00
2.481226800000000e+02 0.000000000000000e+00
2.482053600000000e+02 0.000000000000000e+00
2.482880400000000e+02 0.000000000000000e+00
2.483707200000000e+02 0.000000000000000e+00
2.484534000000000e+02 0.000000000000000e+00
2.485360800000000e+02 0.000000000000000e+00
2.486187600000000e+02 0.000000000000000e+00
2.487014400000000e+02 0.000000000000000e+00
2.487841200000000e+02 0.000000000000000e+00
2.488668000000000e+02 0.000000000000000e+00
2.489494800000000e+02 0.000000000000000e+00
2.490321600000000e+02 0.000000000000000e+00
2.491148400000000e+02 0.000000000000000e+00
2.491975200000000e+02 0.000000000000000e+00
2.492802000000000e+02 0.000000000000000e+00
2.493628800000000e+02 0.000000000000000e+00
2.494455600000000e+02 0.000000000000000e+00
2.495282400000000e+02 0.000000000000000e+00
2.496109200000000e+02 0.000000000000000e+00
2.496936000000000e+02 0.000000000000000e+00
2.497762800000000e+02 0.000000000000000e+00
2.498589600000000e+02 0.000000000000000e+00
2.499416400000000e+02 0.000000000000000e+00
2.500243200000000e+02 0.000000000000000e+00
2.501070000000000e+02 0.000000000000000e+00
2.501896800000000e+02 0.000000000000000e+00
2.502723600000000e+02 0.000000000000000e+00
2.503550400000000e+02 0.000000000000000e+00
2.504377200000000e+02 0.000000000000000e+00
2.505204000000000e+02 0.000000000000000e+00
2.506030800000000e+02 0.000000000000000e+00
2.506857600000000e+02 0.000000000000000e+00
2.507684400000000e+02 0.000000000000000e+00
2.508511200000000e+02 0.000000000000000e+00
2.509338000000000e+02 0.000000000000000e+00
2.510164800000000e+02 0.000000000000000e+00
2.510991600000000e+02 0.000000000000000e+00
2.511818400000000e+02 0.000000000000000e+00
2.512645200000000e+02 0.000000000000000e+00
2.513472000000000e+02 0.000000000000000e+00
2.514298800000000e+02 0.000000000000000e+00
2.515125600000000e+02 0.000000000000000e+00
2.515952400000000e+02 0.000000000000000e+00
2.516779200000000e+02 0.000000000000000e+00
2.517606000000000e+02 0.000000000000000e+00
2.518432800000000e+02 0.000000000000000e+00
2.519259600000000e+02 0.000000000000000e+00
2.520086400000000e+02 0.000000000000000e+00
2.520913200000000e+02 0.000000000000000e+00
2.521740000000000e+02 0.000000000000000e+00
2.522566800000000e+02 0.000000000000000e+00
2.523393600000000e+02 0.000000000000000e+00
2.524220400000000e+02 0.000000000000000e+00
2.525047200000000e+02 0.000000000000000e+00
2.525874000000000e+02 0.000000000000000e+00
2.526700800000000e+02 0.000000000000000e+00
2.527527600000000e+02 0.000000000000000e+00
2.528354400000000e+02 0.000000000000000e+00
2.529181200000000e+02 0.000000000000000e+00
2.530008000000000e+02 0.000000000000000e+00
2.530834800000000e+02 0.000000000000000e+00
2.531661600000000e+02 0.000000000000000e+00
2.532488400000000e+02 0.000000000000000e+00
2.533315200000000e+02 0.000000000000000e+00
2.534142000000000e+02 0.000000000000000e+00
2.534968800000000e+02 0.000000000000000e+00
2.535795600000000e+02 0.000000000000000e+00
2.536622400000000e+02 0.000000000000000e+00
2.537449200000000e+02 0.000000000000000e+00
2.538276000000000e+02 0.000000000000000e+00
2.539102800000000e+02 0.000000000000000e+00
2.539929600000000e+02 0.000000000000000e+00
2.540756400000000e+02 0.000000000000000e+00
2.541583200000000e+02 0.000000000000000e+00
2.542410000000000e+02 0.000000000000000e+00
2.543236800000000e+02 0.000000000000000e+00
2.544063600000000e+02 0.000000000000000e+00
2.544890400000000e+02 0.000000000000000e+00
2.545717200000000e+02 0.000000000000000e+00
2.546544000000000e+02 0.000000000000000e+00
2.547370800000000e+02 0.000000000000000e+00
2.548197600000000e+02 0.000000000000000e+00
2.549024400000000e+02 0.000000000000000e+00
2.549851200000000e+02 0.000000000000000e+00
2.550678000000000e+02 0.000000000000000e+00
2.551504800000000e+02 0.000000000000000e+00
2.552331600000000e+02 0.000000000000000e+00
2.553158400000000e+02 0.000000000000000e+00
2.553985200000000e+02 0.000000000000000e+00
2.554812000000000e+02 0.000000000000000e+00
2.555638800000000e+02 0.000000000000000e+00
2.556465600000000e+02 0.000000000000000e+00
2.557292400000000e+02 0.000000000000000e+00
2.558119200000000e+02 0.000000000000000e+00
2.558946000000000e+02 0.000000000000000e+00
2.559772800000000e+02 0.000000000000000e+00
2.560599600000000e+02 0.000000000000000e+00
2.561426400000000e+02 0.000000000000000e+00
2.562253200000000e+02 0.000000000000000e+00
2.563080000000000e+02 0.000000000000000e+00
2.563906800000000e+02 0.000000000000000e+00
2.564733600000000e+02 0.000000000000000e+00
2.565560400000000e+02 0.000000000000000e+00
2.566387200000000e+02 0.000000000000000e+00
2.567214000000000e+02 0.000000000000000e+00
2.568040800000000e+02 0.000000000000000e+00
2.568867600000000e+02 0.000000000000000e+00
2.569694400000000e+02 0.000000000000000e+00
2.570521200000000e+02 0.000000000000000e+00
2.571348000000000e+02 0.000000000000000e+00
2.572174800000000e+02 0.000000000000000e+00
2.573001600000000e+02 0.000000000000000e+00
2.573828400000000e+02 0.000000000000000e+00
2.574655200000000e+02 0.000000000000000e+00
2.575482000000000e+02 0.000000000000000e+00
2.576308800000000e+02 0.000000000000000e+00
2.577135600000000e+02 0.000000000000000e+00
2.577962400000000e+02 0.000000000000000e+00
2.578789200000000e+02 0.000000000000000e+00
2.579616000000000e+02 0.000000000000000e+00
2.580442800000000e+02 0.000000000000000e+00
2.581269600000000e+02 0.000000000000000e+00
2.582096400000000e+02 0.000000000000000e+00
2.582923200000000e+02 0.000000000000000e+00
2.583750000000000e+02 0.000000000000000e+00
2.584576800000000e+02 0.000000000000000e+00
2.585403600000000e+02 0.000000000000000e+00
2.586230400000000e+02 0.000000000000000e+00
2.587057200000000e+02 0.000000000000000e+00
2.587884000000000e+02 0.000000000000000e+00
2.588710800000000e+02 0.000000000000000e+00
2.589537600000000e+02 0.000000000000000e+00
2.590364400000000e+02 0.000000000000000e+00
2.591191200000000e+02 0.000000000000000e+00
2.592018000000000e+02 0.000000000000000e+00
2.592844800000000e+02 0.000000000000000e+00
2.593671600000000e+02 0.000000000000000e+00
2.594498400000000e+02 0.000000000000000e+00
2.595325200000000e+02 0.000000000000000e+00
2.596152000000000e+02 0.000000000000000e+00
2.596978800000000e+02 0.000000000000000e+00
2.597805600000000e+02 0.000000000000000e+00
2.598632400000000e+02 0.000000000000000e+00
2.599459200000000e+02 0.000000000000000e+00
2.600286000000000e+02 0.000000000000000e+00
2.601112800000000e+02 0.000000000000000e+00
2.601939600000000e+02 0.000000000000000e+00
2.602766400000000e+02 0.000000000000000e+00
2.603593200000000e+02 0.000000000000000e+00
2.604420000000000e+02 0.000000000000000e+00
2.605246800000000e+02 0.000000000000000e+00
2.606073600000000e+02 0.000000000000000e+00
2.606900400000000e+02 0.000000000000000e+00
2.607727200000000e+02 0.000000000000000e+00
2.608554000000000e+02 0.000000000000000e+00
2.609380800000000e+02 0.000000000000000e+00
2.610207600000000e+02 0.000000000000000e+00
2.611034400000000e+02 0.000000000000000e+00
2.611861200000000e+02 0.000000000000000e+00
2.612688000000000e+02 0.000000000000000e+00
2.613514800000000e+02 0.000000000000000e+00
2.614341600000000e+02 0.000000000000000e+00
2.615168400000000e+02 0.000000000000000e+00
2.615995200000000e+02 0.000000000000000e+00
2.616822000000000e+02 0.000000000000000e+00
2.617648800000000e+02 0.000000000000000e+00
2.618475600000000e+02 0.000000000000000e+00
2.619302400000000e+02 0.000000000000000e+00
2.620129200000000e+02 0.000000000000000e+00
2.620956000000000e+02 0.000000000000000e+00
2.621782800000000e+02 0.000000000000000e+00
2.622609600000000e+02 0.000000000000000e+00
2.623436400000000e+02 0.000000000000000e+00
2.624263200000000e+02 0.000000000000000e+00
2.625090000000000e+02 0.000000000000000e+00
2.625916800000000e+02 0.000000000000000e+00
2.626743600000000e+02 0.000000000000000e+00
2.627570400000000e+02 0.000000000000000e+00
2.628397200000000e+02 0.000000000000000e+00
2.629224000000000e+02 0.000000000000000e+00
2.630050800000000e+02 0.000000000000000e+00
2.630877600000000e+02 0.000000000000000e+00
2.631704400000000e+02 0.000000000000000e+00
2.632531200000000e+02 0.000000000000000e+00
2.633358000000000e+02 0.000000000000000e+00
2.634184800000000e+02 0.000000000000000e+00
2.635011600000000e+02 0.000000000000000e+00
2.635838400000000e+02 0.000000000000000e+00
2.636665200000000e+02 0.000000000000000e+00
2.637492000000000e+02 0.000000000000000e+00
2.638318800000000e+02 0.000000000000000e+00
2.639145600000000e+02 0.000000000000000e+00
2.639972400000000e+02 0.000000000000000e+00
2.640799200000000e+02 0.000000000000000e+00
2.641626000000000e+02 0.000000000000000e+00
2.642452800000000e+02 0.000000000000000e+00
2.643279600000000e+02 0.000000000000000e+00
2.644106400000000e+02 0.000000000000000e+00
2.644933200000000e+02 0.000000000000000e+00
2.645760000000000e+02 0.000000000000000e+00
2.646586800000000e+02 0.000000000000000e+00
2.647413600000000e+02 0.000000000000000e+00
2.648240400000000e+02 0.000000000000000e+00
2.649067200000000e+02 0.000000000000000e+00
2.649894000000000e+02 0.000000000000000e+00
2.650720800000000e+02 0.000000000000000e+00
2.651547600000000e+02 0.000000000000000e+00
2.652374400000000e+02 0.000000000000000e+00
2.653201200000000e+02 0.000000000000000e+00
2.654028000000000e+02 0.000000000000000e+00
2.654854800000000e+02 0.000000000000000e+00
2.655681600000000e+02 0.000000000000000e+00
2.656508400000000e+02 0.000000000000000e+00
2.657335200000000e+02 0.000000000000000e+00
2.658162000000000e+02 0.000000000000000e+00
2.658988800000000e+02 0.000000000000000e+00
2.659815600000000e+02 0.000000000000000e+00
2.660642400000000e+02 0.000000000000000e+00
2.661469200000000e+02 0.000000000000000e+00
2.662296000000000e+02 0.000000000000000e+00
2.663122800000000e+02 0.000000000000000e+00
2.663949600000000e+02 0.000000000000000e+00
2.664776400000000e+02 0.000000000000000e+00
2.665603200000000e+02 0.000000000000000e+00
2.666430000000000e+02 0.000000000000000e+00
2.667256800000000e+02 0.000000000000000e+00
2.668083600000000e+02 0.000000000000000e+00
2.668910400000000e+02 0.000000000000000e+00
2.669737200000000e+02 0.000000000000000e+00
2.670564000000000e+02 0.000000000000000e+00
2.671390800000000e+02 0.000000000000000e+00
2.672217600000000e+02 0.000000000000000e+00
2.673044400000000e+02 0.000000000000000e+00
2.673871200000000e+02 0.000000000000000e+00
2.674698000000000e+02 0.000000000000000e+00
2.675524800000000e+02 0.000000000000000e+00
2.676351600000000e+02 0.000000000000000e+00
2.677178400000000e+02 0.000000000000000e+00
2.678005200000000e+02 0.000000000000000e+00
2.678832000000000e+02 0.000000000000000e+00
2.679658800000000e+02 0.000000000000000e+00
2.680485600000000e+02 0.000000000000000e+00
2.681312400000000e+02 0.000000000000000e+00
2.682139200000000e+02 0.000000000000000e+00
2.682966000000000e+02 0.000000000000000e+00
2.683792800000000e+02 0.000000000000000e+00
2.684619600000000e+02 0.000000000000000e+00
2.685446400000000e+02 0.000000000000000e+00
2.686273200000000e+02 0.000000000000000e+00
2.687100000000000e+02 0.000000000000000e+00
2.687926800000000e+02 0.000000000000000e+00
2.688753600000000e+02 0.000000000000000e+00
2.689580400000000e+02 0.000000000000000e+00
2.690407200000000e+02 0.000000000000000e+00
2.691234000000000e+02 0.000000000000000e+00
2.692060800000000e+02 0.000000000000000e+00
2.692887600000000e+02 0.000000000000000e+00
2.693714400000000e+02 0.000000000000000e+00
2.694541200000000e+02 0.000000000000000e+00
2.695368000000000e+02 0.000000000000000e+00
2.696194800000000e+02 0.000000000000000e+00
2.697021600000000e+02 0.000000000000000e+00
2.697848400000000e+02 0.000000000000000e+00
2.698675200000000e+02 0.000000000000000e+00
2.699502000000000e+02 0.000000000000000e+00
2.700328800000000e+02 0.000000000000000e+00
2.701155600000000e+02 0.000000000000000e+00
2.701982400000000e+02 0.000000000000000e+00
2.702809200000000e+02 0.000000000000000e+00
2.703636000000000e+02 0.000000000000000e+00
2.704462800000000e+02 0.000000000000000e+00
2.705289600000000e+02 0.000000000000000e+00
2.706116400000000e+02 0.000000000000000e+00
2.706943200000000e+02 0.000000000000000e+00
2.707770000000000e+02 0.000000000000000e+00
2.708596800000000e+02 0.000000000000000e+00
2.709423600000000e+02 0.000000000000000e+00
2.710250400000000e+02 0.000000000000000e+00
2.711077200000000e+02 0.000000000000000e+00
2.711904000000000e+02 0.000000000000000e+00
2.712730800000000e+02 0.000000000000000e+00
2.713557600000000e+02 0.000000000000000e+00
2.714384400000000e+02 0.000000000000000e+00
2.715211200000000e+02 0.000000000000000e+00
2.716038000000000e+02 0.000000000000000e+00
2.716864800000000e+02 0.000000000000000e+00
2.717691600000000e+02 0.000000000000000e+00
2.718518400000000e+02 0.000000000000000e+00
2.719345200000000e+02 0.000000000000000e+00
2.720172000000000e+02 0.000000000000000e+00
2.720998800000000e+02 0.000000000000000e+00
2.721825600000000e+02 0.000000000000000e+00
2.722652400000000e+02 0.000000000000000e+00
2.723479200000000e+02 0.000000000000000e+00
2.724306000000000e+02 0.000000000000000e+00
2.725132800000000e+02 0.000000000000000e+00
2.725959600000000e+02 0.000000000000000e+00
2.726786400000000e+02 0.000000000000000e+00
2.727613200000000e+02 0.000000000000000e+00
2.728440000000000e+02 0.000000000000000e+00
2.729266800000000e+02 0.000000000000000e+00
2.730093600000000e+02 0.000000000000000e+00
2.730920400000000e+02 0.000000000000000e+00
2.731747200000000e+02 0.000000000000000e+00
2.732574000000000e+02 0.000000000000000e+00
2.733400800000000e+02 0.000000000000000e+00
2.734227600000000e+02 0.000000000000000e+00
2.735054400000000e+02 0.000000000000000e+00
2.735881200000000e+02 0.000000000000000e+00
2.736708000000000e+02 0.000000000000000e+00
2.737534800000000e+02 0.000000000000000e+00
2.738361600000000e+02 0.000000000000000e+00
2.739188400000000e+02 0.000000000000000e+00
2.740015200000000e+02 0.000000000000000e+00
2.740842000000000e+02 0.000000000000000e+00
2.741668800000000e+02 0.000000000000000e+00
2.742495600000000e+02 0.000000000000000e+00
2.743322400000000e+02 0.000000000000000e+00
2.744149200000000e+02 0.000000000000000e+00
2.744976000000000e+02 0.000000000000000e+00
2.745802800000000e+02 0.000000000000000e+00
2.746629600000000e+02 0.000000000000000e+00
2.747456400000000e+02 0.000000000000000e+00
2.748283200000000e+02 0.000000000000000e+00
2.749110000000000e+02 0.000000000000000e+00
2.749936800000000e+02 0.000000000000000e+00
2.750763600000000e+02 0.000000000000000e+00
2.751590400000000e+02 0.000000000000000e+00
2.752417200000000e+02 0.000000000000000e+00
2.753244000000000e+02 0.000000000000000e+00
2.754070800000000e+02 0.000000000000000e+00
2.754897600000000e+02 0.000000000000000e+00
2.755724400000000e+02 0.000000000000000e+00
2.756551200000000e+02 0.000000000000000e+00
2.757378000000000e+02 0.000000000000000e+00
2.758204800000000e+02 0.000000000000000e+00
2.759031600000000e+02 0.000000000000000e+00
2.759858400000000e+02 0.000000000000000e+00
2.760685200000000e+02 0.000000000000000e+00
2.761512000000000e+02 0.000000000000000e+00
2.762338800000000e+02 0.000000000000000e+00
2.763165600000000e+02 0.000000000000000e+00
2.763992400000000e+02 0.000000000000000e+00
2.764819200000000e+02 0.000000000000000e+00
2.765646000000000e+02 0.000000000000000e+00
2.766472800000000e+02 0.000000000000000e+00
2.767299600000000e+02 0.000000000000000e+00
2.768126400000000e+02 0.000000000000000e+00
2.768953200000000e+02 0.000000000000000e+00
2.769780000000000e+02 0.000000000000000e+00
2.770606800000000e+02 0.000000000000000e+00
2.771433600000000e+02 0.000000000000000e+00
2.772260400000000e+02 0.000000000000000e+00
2.773087200000000e+02 0.000000000000000e+00
2.773914000000000e+02 0.000000000000000e+00
2.774740800000000e+02 0.000000000000000e+00
2.775567600000000e+02 0.000000000000000e+00
2.776394400000000e+02 0.000000000000000e+00
2.777221200000000e+02 0.000000000000000e+00
2.778048000000000e+02 0.000000000000000e+00
2.778874800000000e+02 0.000000000000000e+00
2.779701600000000e+02 0.000000000000000e+00
2.780528400000000e+02 0.000000000000000e+00
2.781355200000000e+02 0.000000000000000e+00
2.782182000000000e+02 0.000000000000000e+00
2.783008800000000e+02 0.000000000000000e+00
2.783835600000000e+02 0.000000000000000e+00
2.784662400000000e+02 0.000000000000000e+00
2.785489200000000e+02 0.000000000000000e+00
2.786316000000000e+02 0.000000000000000e+00
2.787142800000000e+02 0.000000000000000e+00
2.787969600000000e+02 0.000000000000000e+00
2.788796400000000e+02 0.000000000000000e+00
2.789623200000000e+02 0.000000000000000e+00
2.790450000000000e+02 0.000000000000000e+00
2.791276800000000e+02 0.000000000000000e+00
2.792103600000000e+02 0.000000000000000e+00
2.792930400000000e+02 0.000000000000000e+00
2.793757200000000e+02 0.000000000000000e+00
2.794584000000000e+02 0.000000000000000e+00
2.795410800000000e+02 0.000000000000000e+00
2.796237600000000e+02 0.000000000000000e+00
2.797064400000000e+02 0.000000000000000e+00
2.797891200000000e+02 0.000000000000000e+00
2.798718000000000e+02 0.000000000000000e+00
2.799544800000000e+02 0.000000000000000e+00
2.800371600000000e+02 0.000000000000000e+00
2.801198400000000e+02 0.000000000000000e+00
2.802025200000000e+02 0.000000000000000e+00
2.802852000000000e+02 0.000000000000000e+00
2.803678800000000e+02 0.000000000000000e+00
2.804505600000000e+02 0.000000000000000e+00
2.805332400000000e+02 0.000000000000000e+00
2.806159200000000e+02 0.000000000000000e+00
2.806986000000000e+02 0.000000000000000e+00
2.807812800000000e+02 0.000000000000000e+00
2.808639600000000e+02 0.000000000000000e+00
2.809466400000000e+02 0.000000000000000e+00
2.810293200000000e+02 0.000000000000000e+00
2.811120000000000e+02 0.000000000000000e+00
2.811946800000000e+02 0.000000000000000e+00
2.812773600000000e+02 0.000000000000000e+00
2.813600400000000e+02 0.000000000000000e+00
2.814427200000000e+02 0.000000000000000e+00
2.815254000000000e+02 0.000000000000000e+00
2.816080800000000e+02 0.000000000000000e+00
2.816907600000000e+02 0.000000000000000e+00
2.817734400000000e+02 0.000000000000000e+00
2.818561200000000e+02 0.000000000000000e+00
2.819388000000000e+02 0.000000000000000e+00
2.820214800000000e+02 0.000000000000000e+00
2.821041600000000e+02 0.000000000000000e+00
2.821868400000000e+02 0.000000000000000e+00
2.822695200000000e+02 0.000000000000000e+00
2.823522000000000e+02 0.000000000000000e+00
2.824348800000000e+02 0.000000000000000e+00
2.825175600000000e+02 0.000000000000000e+00
2.826002400000000e+02 0.000000000000000e+00
2.826829200000000e+02 0.000000000000000e+00
2.827656000000000e+02 0.000000000000000e+00
2.828482800000000e+02 0.000000000000000e+00
2.829309600000000e+02 0.000000000000000e+00
2.830136400000000e+02 0.000000000000000e+00
2.830963200000000e+02 0.000000000000000e+00
2.831790000000000e+02 0.000000000000000e+00
2.832616800000000e+02 0.000000000000000e+00
2.833443600000000e+02 0.000000000000000e+00
2.834270400000000e+02 0.000000000000000e+00
2.835097200000000e+02 0.000000000000000e+00
2.835924000000000e+02 0.000000000000000e+00
2.836750800000000e+02 0.000000000000000e+00
2.837577600000000e+02 0.000000000000000e+00
2.838404400000000e+02 0.000000000000000e+00
2.839231200000000e+02 0.000000000000000e+00
2.840058000000000e+02 0.000000000000000e+00
2.840884800000000e+02 0.000000000000000e+00
2.841711600000000e+02 0.000000000000000e+00
2.842538400000000e+02 0.000000000000000e+00
2.843365200000000e+02 0.000000000000000e+00
2.844192000000000e+02 0.000000000000000e+00
2.845018800000000e+02 0.000000000000000e+00
2.845845600000000e+02 0.000000000000000e+00
2.846672400000000e+02 0.000000000000000e+00
2.847499200000000e+02 0.000000000000000e+00
2.848326000000000e+02 0.000000000000000e+00
2.849152800000000e+02 0.000000000000000e+00
2.849979600000000e+02 0.000000000000000e+00
2.850806400000000e+02 0.000000000000000e+00
2.851633200000000e+02 0.000000000000000e+00
2.852460000000000e+02 0.000000000000000e+00
2.853286800000000e+02 0.000000000000000e+00
2.854113600000000e+02 0.000000000000000e+00
2.854940400000000e+02 0.000000000000000e+00
2.855767200000000e+02 0.000000000000000e+00
2.856594000000000e+02 0.000000000000000e+00
2.857420800000000e+02 0.000000000000000e+00
2.858247600000000e+02 0.000000000000000e+00
2.859074400000000e+02 0.000000000000000e+00
2.859901200000000e+02 0.000000000000000e+00
2.860728000000000e+02 0.000000000000000e+00
2.861554800000000e+02 0.000000000000000e+00
2.862381600000000e+02 0.000000000000000e+00
2.863208400000000e+02 0.000000000000000e+00
2.864035200000000e+02 0.000000000000000e+00
2.864862000000000e+02 0.000000000000000e+00
2.865688800000000e+02 0.000000000000000e+00
2.866515600000000e+02 0.000000000000000e+00
2.867342400000000e+02 0.000000000000000e+00
2.868169200000000e+02 0.000000000000000e+00
2.868996000000000e+02 0.000000000000000e+00
2.869822800000000e+02 0.000000000000000e+00
2.870649600000000e+02 0.000000000000000e+00
2.871476400000000e+02 0.000000000000000e+00
2.872303200000000e+02 0.000000000000000e+00
2.873130000000000e+02 0.000000000000000e+00
2.873956800000000e+02 0.000000000000000e+00
2.874783600000000e+02 0.000000000000000e+00
2.875610400000000e+02 0.000000000000000e+00
2.876437200000000e+02 0.000000000000000e+00
2.877264000000000e+02 0.000000000000000e+00
2.878090800000000e+02 0.000000000000000e+00
2.878917600000000e+02 0.000000000000000e+00
2.879744400000000e+02 0.000000000000000e+00
2.880571200000000e+02 0.000000000000000e+00
2.881398000000000e+02 0.000000000000000e+00
2.882224800000000e+02 0.000000000000000e+00
2.883051600000000e+02 0.000000000000000e+00
2.883878400000000e+02 0.000000000000000e+00
2.884705200000000e+02 0.000000000000000e+00
2.885532000000000e+02 0.000000000000000e+00
2.886358800000000e+02 0.000000000000000e+00
2.887185600000000e+02 0.000000000000000e+00
2.888012400000000e+02 0.000000000000000e+00
2.888839200000000e+02 0.000000000000000e+00
2.889666000000000e+02 0.000000000000000e+00
2.890492800000000e+02 0.000000000000000e+00
2.891319600000000e+02 0.000000000000000e+00
2.892146400000000e+02 0.000000000000000e+00
2.892973200000000e+02 0.000000000000000e+00
2.893800000000000e+02 0.000000000000000e+00
2.894626800000000e+02 0.000000000000000e+00
2.895453600000000e+02 0.000000000000000e+00
2.896280400000000e+02 0.000000000000000e+00
2.897107200000000e+02 0.000000000000000e+00
2.897934000000000e+02 0.000000000000000e+00
2.898760800000000e+02 0.000000000000000e+00
2.899587600000000e+02 0.000000000000000e+00
2.900414400000000e+02 0.000000000000000e+00
2.901241200000000e+02 0.000000000000000e+00
2.902068000000000e+02 0.000000000000000e+00
2.902894800000000e+02 0.000000000000000e+00
2.903721600000000e+02 0.000000000000000e+00
2.904548400000000e+02 0.000000000000000e+00
2.905375200000000e+02 0.000000000000000e+00
2.906202000000000e+02 0.000000000000000e+00
2.907028800000000e+02 0.000000000000000e+00
2.907855600000000e+02 0.000000000000000e+00
2.908682400000000e+02 0.000000000000000e+00
2.909509200000000e+02 0.000000000000000e+00
2.910336000000000e+02 0.000000000000000e+00
2.911162800000000e+02 0.000000000000000e+00
2.911989600000000e+02 0.000000000000000e+00
2.912816400000000e+02 0.000000000000000e+00
2.913643200000000e+02 0.000000000000000e+00
2.914470000000000e+02 0.000000000000000e+00
2.915296800000000e+02 0.000000000000000e+00
2.916123600000000e+02 0.000000000000000e+00
2.916950400000000e+02 0.000000000000000e+00
2.917777200000000e+02 0.000000000000000e+00
2.918604000000000e+02 0.000000000000000e+00
2.919430800000000e+02 0.000000000000000e+00
2.920257600000000e+02 0.000000000000000e+00
2.921084400000000e+02 0.000000000000000e+00
2.921911200000000e+02 0.000000000000000e+00
2.922738000000000e+02 0.000000000000000e+00
2.923564800000000e+02 0.000000000000000e+00
2.924391600000000e+02 0.000000000000000e+00
2.925218400000000e+02 0.000000000000000e+00
2.926045200000000e+02 0.000000000000000e+00
2.926872000000000e+02 0.000000000000000e+00
2.927698800000000e+02 0.000000000000000e+00
2.928525600000000e+02 0.000000000000000e+00
2.929352400000000e+02 0.000000000000000e+00
2.930179200000000e+02 0.000000000000000e+00
2.931006000000000e+02 0.000000000000000e+00
2.931832800000000e+02 0.000000000000000e+00
2.932659600000000e+02 0.000000000000000e+00
2.933486400000000e+02 0.000000000000000e+00
2.934313200000000e+02 0.000000000000000e+00
2.935140000000000e+02 0.000000000000000e+00
2.935966800000000e+02 0.000000000000000e+00
2.936793600000000e+02 0.000000000000000e+00
2.937620400000000e+02 0.000000000000000e+00
2.938447200000000e+02 0.000000000000000e+00
2.939274000000000e+02 0.000000000000000e+00
2.940100800000000e+02 0.000000000000000e+00
2.940927600000000e+02 0.000000000000000e+00
2.941754400000000e+02 0.000000000000000e+00
2.942581200000000e+02 0.000000000000000e+00
2.943408000000000e+02 0.000000000000000e+00
2.944234800000000e+02 0.000000000000000e+00
2.945061600000000e+02 0.000000000000000e+00
2.945888400000000e+02 0.000000000000000e+00
2.946715200000000e+02 0.000000000000000e+00
2.947542000000000e+02 0.000000000000000e+00
2.948368800000000e+02 0.000000000000000e+00
2.949195600000000e+02 0.000000000000000e+00
2.950022400000000e+02 0.000000000000000e+00
2.950849200000000e+02 0.000000000000000e+00
2.951676000000000e+02 0.000000000000000e+00
2.952502800000000e+02 0.000000000000000e+00
2.953329600000000e+02 0.000000000000000e+00
2.954156400000000e+02 0.000000000000000e+00
2.954983200000000e+02 0.000000000000000e+00
2.955810000000000e+02 0.000000000000000e+00
2.956636800000000e+02 0.000000000000000e+00
2.957463600000000e+02 0.000000000000000e+00
2.958290400000000e+02 0.000000000000000e+00
2.959117200000000e+02 0.000000000000000e+00
2.959944000000000e+02 0.000000000000000e+00
2.960770800000000e+02 0.000000000000000e+00
2.961597600000000e+02 0.000000000000000e+00
2.962424400000000e+02 0.000000000000000e+00
2.963251200000000e+02 0.000000000000000e+00
2.964078000000000e+02 0.000000000000000e+00
2.964904800000000e+02 0.000000000000000e+00
2.965731600000000e+02 0.000000000000000e+00
2.966558400000000e+02 0.000000000000000e+00
2.967385200000000e+02 0.000000000000000e+00
2.968212000000000e+02 0.000000000000000e+00
2.969038800000000e+02 0.000000000000000e+00
2.969865600000000e+02 0.000000000000000e+00
2.970692400000000e+02 0.000000000000000e+00
2.971519200000000e+02 0.000000000000000e+00
2.972346000000000e+02 0.000000000000000e+00
2.973172800000000e+02 0.000000000000000e+00
2.973999600000000e+02 0.000000000000000e+00
2.974826400000000e+02 0.000000000000000e+00
2.975653200000000e+02 0.000000000000000e+00
2.976480000000000e+02 0.000000000000000e+00
2.977306800000000e+02 0.000000000000000e+00
2.978133600000000e+02 0.000000000000000e+00
2.978960400000000e+02 0.000000000000000e+00
2.979787200000000e+02 0.000000000000000e+00
2.980614000000000e+02 0.000000000000000e+00
2.981440800000000e+02 0.000000000000000e+00
2.982267600000000e+02 0.000000000000000e+00
2.983094400000000e+02 0.000000000000000e+00
2.983921200000000e+02 0.000000000000000e+00
2.984748000000000e+02 0.000000000000000e+00
2.985574800000000e+02 0.000000000000000e+00
2.986401600000000e+02 0.000000000000000e+00
2.987228400000000e+02 0.000000000000000e+00
2.988055200000000e+02 0.000000000000000e+00
2.988882000000000e+02 0.000000000000000e+00
2.989708800000000e+02 0.000000000000000e+00
2.990535600000000e+02 0.000000000000000e+00
2.991362400000000e+02 0.000000000000000e+00
2.992189200000000e+02 0.000000000000000e+00
2.993016000000000e+02 0.000000000000000e+00
2.993842800000000e+02 0.000000000000000e+00
2.994669600000000e+02 0.000000000000000e+00
2.995496400000000e+02 0.000000000000000e+00
2.996323200000000e+02 0.000000000000000e+00
2.997150000000000e+02 0.000000000000000e+00
2.997976800000000e+02 0.000000000000000e+00
2.998803600000000e+02 0.000000000000000e+00
2.999630400000000e+02 0.000000000000000e+00
3.000457200000000e+02 0.000000000000000e+00
3.001284000000000e+02 0.000000000000000e+00
3.002110800000000e+02 0.000000000000000e+00
3.002937600000000e+02 0.000000000000000e+00
3.003764400000000e+02 0.000000000000000e+00
3.004591200000000e+02 0.000000000000000e+00
3.005418000000000e+02 0.000000000000000e+00
3.006244800000000e+02 0.000000000000000e+00
3.007071600000000e+02 0.000000000000000e+00
3.007898400000000e+02 0.000000000000000e+00
3.008725200000000e+02 0.000000000000000e+00
3.009552000000000e+02 0.000000000000000e+00
3.010378800000000e+02 0.000000000000000e+00
3.011205600000000e+02 0.000000000000000e+00
3.012032400000000e+02 0.000000000000000e+00
3.012859200000000e+02 0.000000000000000e+00
3.013686000000000e+02 0.000000000000000e+00
3.014512800000000e+02 0.000000000000000e+00
3.015339600000000e+02 0.000000000000000e+00
3.016166400000000e+02 0.000000000000000e+00
3.016993200000000e+02 0.000000000000000e+00
3.017820000000000e+02 0.000000000000000e+00
3.018646800000000e+02 0.000000000000000e+00
3.019473600000000e+02 0.000000000000000e+00
3.020300400000000e+02 0.000000000000000e+00
3.021127200000000e+02 0.000000000000000e+00
3.021954000000000e+02 0.000000000000000e+00
3.022780800000000e+02 0.000000000000000e+00
3.023607600000000e+02 0.000000000000000e+00
3.024434400000000e+02 0.000000000000000e+00
3.025261200000000e+02 0.000000000000000e+00
3.026088000000000e+02 0.000000000000000e+00
3.026914800000000e+02 0.000000000000000e+00
3.027741600000000e+02 0.000000000000000e+00
3.028568400000000e+02 0.000000000000000e+00
3.029395200000000e+02 0.000000000000000e+00
3.030222000000000e+02 0.000000000000000e+00
3.031048800000000e+02 0.000000000000000e+00
3.031875600000000e+02 0.000000000000000e+00
3.032702400000000e+02 0.000000000000000e+00
3.033529200000000e+02 0.000000000000000e+00
3.034356000000000e+02 0.000000000000000e+00
3.035182800000000e+02 0.000000000000000e+00
3.036009600000000e+02 0.000000000000000e+00
3.036836400000000e+02 0.000000000000000e+00
3.037663200000000e+02 0.000000000000000e+00
3.038490000000000e+02 0.000000000000000e+00
3.039316800000000e+02 0.000000000000000e+00
3.040143600000000e+02 0.000000000000000e+00
3.040970400000000e+02 0.000000000000000e+00
3.041797200000000e+02 0.000000000000000e+00
3.042624000000000e+02 0.000000000000000e+00
3.043450800000000e+02 0.000000000000000e+00
3.044277600000000e+02 0.000000000000000e+00
3.045104400000000e+02 0.000000000000000e+00
3.045931200000000e+02 0.000000000000000e+00
3.046758000000000e+02 0.000000000000000e+00
3.047584800000000e+02 0.000000000000000e+00
3.048411600000000e+02 0.000000000000000e+00
3.049238400000000e+02 0.000000000000000e+00
3.050065200000000e+02 0.000000000000000e+00
3.050892000000000e+02 0.000000000000000e+00
3.051718800000000e+02 0.000000000000000e+00
3.052545600000000e+02 0.000000000000000e+00
3.053372400000000e+02 0.000000000000000e+00
3.054199200000000e+02 0.000000000000000e+00
3.055026000000000e+02 0.000000000000000e+00
3.055852800000000e+02 0.000000000000000e+00
3.056679600000000e+02 0.000000000000000e+00
3.057506400000000e+02 0.000000000000000e+00
3.058333200000000e+02 0.000000000000000e+00
3.059160000000000e+02 0.000000000000000e+00
3.059986800000000e+02 0.000000000000000e+00
3.060813600000000e+02 0.000000000000000e+00
3.061640400000000e+02 0.000000000000000e+00
3.062467200000000e+02 0.000000000000000e+00
3.063294000000000e+02 0.000000000000000e+00
3.064120800000000e+02 0.000000000000000e+00
3.064947600000000e+02 0.000000000000000e+00
3.065774400000000e+02 0.000000000000000e+00
3.066601200000000e+02 0.000000000000000e+00
3.067428000000000e+02 0.000000000000000e+00
3.068254800000000e+02 0.000000000000000e+00
3.069081600000000e+02 0.000000000000000e+00
3.069908400000000e+02 0.000000000000000e+00
3.070735200000000e+02 0.000000000000000e+00
3.071562000000000e+02 0.000000000000000e+00
3.072388800000000e+02 0.000000000000000e+00
3.073215600000000e+02 0.000000000000000e+00
3.074042400000000e+02 0.000000000000000e+00
3.074869200000000e+02 0.000000000000000e+00
3.075696000000000e+02 0.000000000000000e+00
3.076522800000000e+02 0.000000000000000e+00
3.077349600000000e+02 0.000000000000000e+00
3.078176400000000e+02 0.000000000000000e+00
3.079003200000000e+02 0.000000000000000e+00
3.079830000000000e+02 0.000000000000000e+00
3.080656800000000e+02 0.000000000000000e+00
3.081483600000000e+02 0.000000000000000e+00
3.082310400000000e+02 0.000000000000000e+00
3.083137200000000e+02 0.000000000000000e+00
3.083964000000000e+02 0.000000000000000e+00
3.084790800000000e+02 0.000000000000000e+00
3.085617600000000e+02 0.000000000000000e+00
3.086444400000000e+02 0.000000000000000e+00
3.087271200000000e+02 0.000000000000000e+00
3.088098000000000e+02 0.000000000000000e+00
3.088924800000000e+02 0.000000000000000e+00
3.089751600000000e+02 0.000000000000000e+00
3.090578400000000e+02 0.000000000000000e+00
3.091405200000000e+02 0.000000000000000e+00
3.092232000000000e+02 0.000000000000000e+00
3.093058800000000e+02 0.000000000000000e+00
3.093885600000000e+02 0.000000000000000e+00
3.094712400000000e+02 0.000000000000000e+00
3.095539200000000e+02 0.000000000000000e+00
3.096366000000000e+02 0.000000000000000e+00
3.097192800000000e+02 0.000000000000000e+00
3.098019600000000e+02 0.000000000000000e+00
3.098846400000000e+02 0.000000000000000e+00
3.099673200000000e+02 0.000000000000000e+00
3.100500000000000e+02 0.000000000000000e+00
3.101326800000000e+02 0.000000000000000e+00
3.102153600000000e+02 0.000000000000000e+00
3.102980400000000e+02 0.000000000000000e+00
3.103807200000000e+02 0.000000000000000e+00
3.104634000000000e+02 0.000000000000000e+00
3.105460800000000e+02 0.000000000000000e+00
3.106287600000000e+02 0.000000000000000e+00
3.107114400000000e+02 0.000000000000000e+00
3.107941200000000e+02 0.000000000000000e+00
3.108768000000000e+02 0.000000000000000e+00
3.109594800000000e+02 0.000000000000000e+00
3.110421600000000e+02 0.000000000000000e+00
3.111248400000000e+02 0.000000000000000e+00
3.112075200000000e+02 0.000000000000000e+00
3.112902000000000e+02 0.000000000000000e+00
3.113728800000000e+02 0.000000000000000e+00
3.114555600000000e+02 0.000000000000000e+00
3.115382400000000e+02 0.000000000000000e+00
3.116209200000000e+02 0.000000000000000e+00
3.117036000000000e+02 0.000000000000000e+00
3.117862800000000e+02 0.000000000000000e+00
3.118689600000000e+02 0.000000000000000e+00
3.119516400000000e+02 0.000000000000000e+00
3.120343200000000e+02 0.000000000000000e+00
3.121170000000000e+02 0.000000000000000e+00
3.121996800000000e+02 0.000000000000000e+00
3.122823600000000e+02 0.000000000000000e+00
3.123650400000000e+02 0.000000000000000e+00
3.124477200000000e+02 0.000000000000000e+00
3.125304000000000e+02 0.000000000000000e+00
3.126130800000000e+02 0.000000000000000e+00
3.126957600000000e+02 0.000000000000000e+00
3.127784400000000e+02 0.000000000000000e+00
3.128611200000000e+02 0.000000000000000e+00
3.129438000000000e+02 0.000000000000000e+00
3.130264800000000e+02 0.000000000000000e+00
3.131091600000000e+02 0.000000000000000e+00
3.131918400000000e+02 0.000000000000000e+00
3.132745200000000e+02 0.000000000000000e+00
3.133572000000000e+02 0.000000000000000e+00
3.134398800000000e+02 0.000000000000000e+00
3.135225600000000e+02 0.000000000000000e+00
3.136052400000000e+02 0.000000000000000e+00
3.136879200000000e+02 0.000000000000000e+00
3.137706000000000e+02 0.000000000000000e+00
3.138532800000000e+02 0.000000000000000e+00
3.139359600000000e+02 0.000000000000000e+00
3.140186400000000e+02 0.000000000000000e+00
3.141013200000000e+02 0.000000000000000e+00
3.141840000000000e+02 0.000000000000000e+00
3.142666800000000e+02 0.000000000000000e+00
3.143493600000000e+02 0.000000000000000e+00
3.144320400000000e+02 0.000000000000000e+00
3.145147200000000e+02 0.000000000000000e+00
3.145974000000000e+02 0.000000000000000e+00
3.146800800000000e+02 0.000000000000000e+00
3.147627600000000e+02 0.000000000000000e+00
3.148454400000000e+02 0.000000000000000e+00
3.149281200000000e+02 0.000000000000000e+00
3.150108000000000e+02 0.000000000000000e+00
3.150934800000000e+02 0.000000000000000e+00
3.151761600000000e+02 0.000000000000000e+00
3.152588400000000e+02 0.000000000000000e+00
3.153415200000000e+02 0.000000000000000e+00
3.154242000000000e+02 0.000000000000000e+00
3.155068800000000e+02 0.000000000000000e+00
3.155895600000000e+02 0.000000000000000e+00
3.156722400000000e+02 0.000000000000000e+00
3.157549200000000e+02 0.000000000000000e+00
3.158376000000000e+02 0.000000000000000e+00
3.159202800000000e+02 0.000000000000000e+00
3.160029600000000e+02 0.000000000000000e+00
3.160856400000000e+02 0.000000000000000e+00
3.161683200000000e+02 0.000000000000000e+00
3.162510000000000e+02 0.000000000000000e+00
3.163336800000000e+02 0.000000000000000e+00
3.164163600000000e+02 0.000000000000000e+00
3.164990400000000e+02 0.000000000000000e+00
3.165817200000000e+02 0.000000000000000e+00
3.166644000000000e+02 0.000000000000000e+00
3.167470800000000e+02 0.000000000000000e+00
3.168297600000000e+02 0.000000000000000e+00
3.169124400000000e+02 0.000000000000000e+00
3.169951200000000e+02 0.000000000000000e+00
3.170778000000000e+02 0.000000000000000e+00
3.171604800000000e+02 0.000000000000000e+00
3.172431600000000e+02 0.000000000000000e+00
3.173258400000000e+02 0.000000000000000e+00
3.174085200000000e+02 0.000000000000000e+00
3.174912000000000e+02 0.000000000000000e+00
3.175738800000000e+02 0.000000000000000e+00
3.176565600000000e+02 0.000000000000000e+00
3.177392400000000e+02 0.000000000000000e+00
3.178219200000000e+02 0.000000000000000e+00
3.179046000000000e+02 0.000000000000000e+00
3.179872800000000e+02 0.000000000000000e+00
3.180699600000000e+02 0.000000000000000e+00
3.181526400000000e+02 0.000000000000000e+00
3.182353200000000e+02 0.000000000000000e+00
3.183180000000000e+02 0.000000000000000e+00
3.184006800000000e+02 0.000000000000000e+00
3.184833600000000e+02 0.000000000000000e+00
3.185660400000000e+02 0.000000000000000e+00
3.186487200000000e+02 0.000000000000000e+00
3.187314000000000e+02 0.000000000000000e+00
3.188140800000000e+02 0.000000000000000e+00
3.188967600000000e+02 0.000000000000000e+00
3.189794400000000e+02 0.000000000000000e+00
3.190621200000000e+02 0.000000000000000e+00
3.191448000000000e+02 0.000000000000000e+00
3.192274800000000e+02 0.000000000000000e+00
3.193101600000000e+02 0.000000000000000e+00
3.193928400000000e+02 0.000000000000000e+00
3.194755200000000e+02 0.000000000000000e+00
3.195582000000000e+02 0.000000000000000e+00
3.196408800000000e+02 0.000000000000000e+00
3.197235600000000e+02 0.000000000000000e+00
3.198062400000000e+02 0.000000000000000e+00
3.198889200000000e+02 0.000000000000000e+00
3.199716000000000e+02 0.000000000000000e+00
3.200542800000000e+02 0.000000000000000e+00
3.201369600000000e+02 0.000000000000000e+00
3.202196400000000e+02 0.000000000000000e+00
3.203023200000000e+02 0.000000000000000e+00
3.203850000000000e+02 0.000000000000000e+00
3.204676800000000e+02 0.000000000000000e+00
3.205503600000000e+02 0.000000000000000e+00
3.206330400000000e+02 0.000000000000000e+00
3.207157200000000e+02 0.000000000000000e+00
3.207984000000000e+02 0.000000000000000e+00
3.208810800000000e+02 0.000000000000000e+00
3.209637600000000e+02 0.000000000000000e+00
3.210464400000000e+02 0.000000000000000e+00
3.211291200000000e+02 0.000000000000000e+00
3.212118000000000e+02 0.000000000000000e+00
3.212944800000000e+02 0.000000000000000e+00
3.213771600000000e+02 0.000000000000000e+00
3.214598400000000e+02 0.000000000000000e+00
3.215425200000000e+02 0.000000000000000e+00
3.216252000000000e+02 0.000000000000000e+00
3.217078800000000e+02 0.000000000000000e+00
3.217905600000000e+02 0.000000000000000e+00
3.218732400000000e+02 0.000000000000000e+00
3.219559200000000e+02 0.000000000000000e+00
3.220386000000000e+02 0.000000000000000e+00
3.221212800000000e+02 0.000000000000000e+00
3.222039600000000e+02 0.000000000000000e+00
3.222866400000000e+02 0.000000000000000e+00
3.223693200000000e+02 0.000000000000000e+00
3.224520000000000e+02 0.000000000000000e+00
3.225346800000000e+02 0.000000000000000e+00
3.226173600000000e+02 0.000000000000000e+00
3.227000400000000e+02 0.000000000000000e+00
3.227827200000000e+02 0.000000000000000e+00
3.228654000000000e+02 0.000000000000000e+00
3.229480800000000e+02 0.000000000000000e+00
3.230307600000000e+02 0.000000000000000e+00
3.231134400000000e+02 0.000000000000000e+00
3.231961200000000e+02 0.000000000000000e+00
3.232788000000000e+02 0.000000000000000e+00
3.233614800000000e+02 0.000000000000000e+00
3.234441600000000e+02 0.000000000000000e+00
3.235268400000000e+02 0.000000000000000e+00
3.236095200000000e+02 0.000000000000000e+00
3.236922000000000e+02 0.000000000000000e+00
3.237748800000000e+02 0.000000000000000e+00
3.238575600000000e+02 0.000000000000000e+00
3.239402400000000e+02 0.000000000000000e+00
3.240229200000000e+02 0.000000000000000e+00
3.241056000000000e+02 0.000000000000000e+00
3.241882800000000e+02 0.000000000000000e+00
3.242709600000000e+02 0.000000000000000e+00
3.243536400000000e+02 0.000000000000000e+00
3.244363200000000e+02 0.000000000000000e+00
3.245190000000000e+02 0.000000000000000e+00
3.246016800000000e+02 0.000000000000000e+00
3.246843600000000e+02 0.000000000000000e+00
3.247670400000000e+02 0.000000000000000e+00
3.248497200000000e+02 0.000000000000000e+00
3.249324000000000e+02 0.000000000000000e+00
3.250150800000000e+02 0.000000000000000e+00
3.250977600000000e+02 0.000000000000000e+00
3.251804400000000e+02 0.000000000000000e+00
3.252631200000000e+02 0.000000000000000e+00
3.253458000000000e+02 0.000000000000000e+00
3.254284800000000e+02 0.000000000000000e+00
3.255111600000000e+02 0.000000000000000e+00
3.255938400000000e+02 0.000000000000000e+00
3.256765200000000e+02 0.000000000000000e+00
3.257592000000000e+02 0.000000000000000e+00
3.258418800000000e+02 0.000000000000000e+00
3.259245600000000e+02 0.000000000000000e+00
3.260072400000000e+02 0.000000000000000e+00
3.260899200000000e+02 0.000000000000000e+00
3.261726000000000e+02 0.000000000000000e+00
3.262552800000000e+02 0.000000000000000e+00
3.263379600000000e+02 0.000000000000000e+00
3.264206400000000e+02 0.000000000000000e+00
3.265033200000000e+02 0.000000000000000e+00
3.265860000000000e+02 0.000000000000000e+00
3.266686800000000e+02 0.000000000000000e+00
3.267513600000000e+02 0.000000000000000e+00
3.268340400000000e+02 0.000000000000000e+00
3.269167200000000e+02 0.000000000000000e+00
3.269994000000000e+02 0.000000000000000e+00
3.270820800000000e+02 0.000000000000000e+00
3.271647600000000e+02 0.000000000000000e+00
3.272474400000000e+02 0.000000000000000e+00
3.273301200000000e+02 0.000000000000000e+00
3.274128000000000e+02 0.000000000000000e+00
3.274954800000000e+02 0.000000000000000e+00
3.275781600000000e+02 0.000000000000000e+00
3.276608400000000e+02 0.000000000000000e+00
3.277435200000000e+02 0.000000000000000e+00
3.278262000000000e+02 0.000000000000000e+00
3.279088800000000e+02 0.000000000000000e+00
3.279915600000000e+02 0.000000000000000e+00
3.280742400000000e+02 0.000000000000000e+00
3.281569200000000e+02 0.000000000000000e+00
3.282396000000000e+02 0.000000000000000e+00
3.283222800000000e+02 0.000000000000000e+00
3.284049600000000e+02 0.000000000000000e+00
3.284876400000000e+02 0.000000000000000e+00
3.285703200000000e+02 0.000000000000000e+00
3.286530000000000e+02 0.000000000000000e+00
3.287356800000000e+02 0.000000000000000e+00
3.288183600000000e+02 0.000000000000000e+00
3.289010400000000e+02 0.000000000000000e+00
3.289837200000000e+02 0.000000000000000e+00
3.290664000000000e+02 0.000000000000000e+00
3.291490800000000e+02 0.000000000000000e+00
3.292317600000000e+02 0.000000000000000e+00
3.293144400000000e+02 0.000000000000000e+00
3.293971200000000e+02 0.000000000000000e+00
3.294798000000000e+02 0.000000000000000e+00
3.295624800000000e+02 0.000000000000000e+00
3.296451600000000e+02 0.000000000000000e+00
3.297278400000000e+02 0.000000000000000e+00
3.298105200000000e+02 0.000000000000000e+00
3.298932000000000e+02 0.000000000000000e+00
3.299758800000000e+02 0.000000000000000e+00
3.300585600000000e+02 0.000000000000000e+00
3.301412400000000e+02 0.000000000000000e+00
3.302239200000000e+02 0.000000000000000e+00
3.303066000000000e+02 0.000000000000000e+00
3.303892800000000e+02 0.000000000000000e+00
3.304719600000000e+02 0.000000000000000e+00
3.305546400000000e+02 0.000000000000000e+00
3.306373200000000e+02 0.000000000000000e+00
3.307200000000000e+02 0.000000000000000e+00
3.308026800000000e+02 0.000000000000000e+00
3.308853600000000e+02 0.000000000000000e+00
3.309680400000000e+02 0.000000000000000e+00
3.310507200000000e+02 0.000000000000000e+00
3.311334000000000e+02 0.000000000000000e+00
3.312160800000000e+02 0.000000000000000e+00
3.312987600000000e+02 0.000000000000000e+00
3.313814400000000e+02 0.000000000000000e+00
3.314641200000000e+02 0.000000000000000e+00
3.315468000000000e+02 0.000000000000000e+00
3.316294800000000e+02 0.000000000000000e+00
3.317121600000000e+02 0.000000000000000e+00
3.317948400000000e+02 0.000000000000000e+00
3.318775200000000e+02 0.000000000000000e+00
3.319602000000000e+02 0.000000000000000e+00
3.320428800000000e+02 0.000000000000000e+00
3.321255600000000e+02 0.000000000000000e+00
3.322082400000000e+02 0.000000000000000e+00
3.322909200000000e+02 0.000000000000000e+00
3.323736000000000e+02 0.000000000000000e+00
3.324562800000000e+02 0.000000000000000e+00
3.325389600000000e+02 0.000000000000000e+00
3.326216400000000e+02 0.000000000000000e+00
3.327043200000000e+02 0.000000000000000e+00
3.327870000000000e+02 0.000000000000000e+00
3.328696800000000e+02 0.000000000000000e+00
3.329523600000000e+02 0.000000000000000e+00
3.330350400000000e+02 0.000000000000000e+00
3.331177200000000e+02 0.000000000000000e+00
3.332004000000000e+02 0.000000000000000e+00
3.332830800000000e+02 0.000000000000000e+00
3.333657600000000e+02 0.000000000000000e+00
3.334484400000000e+02 0.000000000000000e+00
3.335311200000000e+02 0.000000000000000e+00
3.336138000000000e+02 0.000000000000000e+00
3.336964800000000e+02 0.000000000000000e+00
3.337791600000000e+02 0.000000000000000e+00
3.338618400000000e+02 0.000000000000000e+00
3.339445200000000e+02 0.000000000000000e+00
3.340272000000000e+02 0.000000000000000e+00
3.341098800000000e+02 0.000000000000000e+00
3.341925600000000e+02 0.000000000000000e+00
3.342752400000000e+02 0.000000000000000e+00
3.343579200000000e+02 0.000000000000000e+00
3.344406000000000e+02 0.000000000000000e+00
3.345232800000000e+02 0.000000000000000e+00
3.346059600000000e+02 0.000000000000000e+00
3.346886400000000e+02 0.000000000000000e+00
3.347713200000000e+02 0.000000000000000e+00
3.348540000000000e+02 0.000000000000000e+00
3.349366800000000e+02 0.000000000000000e+00
3.350193600000000e+02 0.000000000000000e+00
3.351020400000000e+02 0.000000000000000e+00
3.351847200000000e+02 0.000000000000000e+00
3.352674000000000e+02 0.000000000000000e+00
3.353500800000000e+02 0.000000000000000e+00
3.354327600000000e+02 0.000000000000000e+00
3.355154400000000e+02 0.000000000000000e+00
3.355981200000000e+02 0.000000000000000e+00
3.356808000000000e+02 0.000000000000000e+00
3.357634800000000e+02 0.000000000000000e+00
3.358461600000000e+02 0.000000000000000e+00
3.359288400000000e+02 0.000000000000000e+00
3.360115200000000e+02 0.000000000000000e+00
3.360942000000000e+02 0.000000000000000e+00
3.361768800000000e+02 0.000000000000000e+00
3.362595600000000e+02 0.000000000000000e+00
3.363422400000000e+02 0.000000000000000e+00
3.364249200000000e+02 0.000000000000000e+00
3.365076000000000e+02 0.000000000000000e+00
3.365902800000000e+02 0.000000000000000e+00
3.366729600000000e+02 0.000000000000000e+00
3.367556400000000e+02 0.000000000000000e+00
3.368383200000000e+02 0.000000000000000e+00
3.369210000000000e+02 0.000000000000000e+00
3.370036800000000e+02 0.000000000000000e+00
3.370863600000000e+02 0.000000000000000e+00
3.371690400000000e+02 0.000000000000000e+00
3.372517200000000e+02 0.000000000000000e+00
3.373344000000000e+02 0.000000000000000e+00
3.374170800000000e+02 0.000000000000000e+00
3.374997600000000e+02 0.000000000000000e+00
3.375824400000000e+02 0.000000000000000e+00
3.376651200000000e+02 0.000000000000000e+00
3.377478000000000e+02 0.000000000000000e+00
3.378304800000000e+02 0.000000000000000e+00
3.379131600000000e+02 0.000000000000000e+00
3.379958400000000e+02 0.000000000000000e+00
3.380785200000000e+02 0.000000000000000e+00
3.381612000000000e+02 0.000000000000000e+00
3.382438800000000e+02 0.000000000000000e+00
3.383265600000000e+02 0.000000000000000e+00
3.384092400000000e+02 0.000000000000000e+00
3.384919200000000e+02 0.000000000000000e+00
3.385746000000000e+02 0.000000000000000e+00
3.386572800000000e+02 0.000000000000000e+00
3.387399600000000e+02 0.000000000000000e+00
3.388226400000000e+02 0.000000000000000e+00
3.389053200000000e+02 0.000000000000000e+00
3.389880000000000e+02 0.000000000000000e+00
3.390706800000000e+02 0.000000000000000e+00
3.391533600000000e+02 0.000000000000000e+00
3.392360400000000e+02 0.000000000000000e+00
3.393187200000000e+02 0.000000000000000e+00
3.394014000000000e+02 0.000000000000000e+00
3.394840800000000e+02 0.000000000000000e+00
3.395667600000000e+02 0.000000000000000e+00
3.396494400000000e+02 0.000000000000000e+00
3.397321200000000e+02 0.000000000000000e+00
3.398148000000000e+02 0.000000000000000e+00
3.398974800000000e+02 0.000000000000000e+00
3.399801600000000e+02 0.000000000000000e+00
3.400628400000000e+02 0.000000000000000e+00
3.401455200000000e+02 0.000000000000000e+00
3.402282000000000e+02 0.000000000000000e+00
3.403108800000000e+02 0.000000000000000e+00
3.403935600000000e+02 0.000000000000000e+00
3.404762400000000e+02 0.000000000000000e+00
3.405589200000000e+02 0.000000000000000e+00
3.406416000000000e+02 0.000000000000000e+00
3.407242800000000e+02 0.000000000000000e+00
3.408069600000000e+02 0.000000000000000e+00
3.408896400000000e+02 0.000000000000000e+00
3.409723200000000e+02 0.000000000000000e+00
3.410550000000000e+02 0.000000000000000e+00
3.411376800000000e+02 0.000000000000000e+00
3.412203600000000e+02 0.000000000000000e+00
3.413030400000000e+02 0.000000000000000e+00
3.413857200000000e+02 0.000000000000000e+00
3.414684000000000e+02 0.000000000000000e+00
3.415510800000000e+02 0.000000000000000e+00
3.416337600000000e+02 0.000000000000000e+00
3.417164400000000e+02 0.000000000000000e+00
3.417991200000000e+02 0.000000000000000e+00
3.418818000000000e+02 0.000000000000000e+00
3.419644800000000e+02 0.000000000000000e+00
3.420471600000000e+02 0.000000000000000e+00
3.421298400000000e+02 0.000000000000000e+00
3.422125200000000e+02 0.000000000000000e+00
3.422952000000000e+02 0.000000000000000e+00
3.423778800000000e+02 0.000000000000000e+00
3.424605600000000e+02 0.000000000000000e+00
3.425432400000000e+02 0.000000000000000e+00
3.426259200000000e+02 0.000000000000000e+00
3.427086000000000e+02 0.000000000000000e+00
3.427912800000000e+02 0.000000000000000e+00
3.428739600000000e+02 0.000000000000000e+00
3.429566400000000e+02 0.000000000000000e+00
3.430393200000000e+02 0.000000000000000e+00
3.431220000000000e+02 0.000000000000000e+00
3.432046800000000e+02 0.000000000000000e+00
3.432873600000000e+02 0.000000000000000e+00
3.433700400000000e+02 0.000000000000000e+00
3.434527200000000e+02 0.000000000000000e+00
3.435354000000000e+02 0.000000000000000e+00
3.436180800000000e+02 0.000000000000000e+00
3.437007600000000e+02 0.000000000000000e+00
3.437834400000000e+02 0.000000000000000e+00
3.438661200000000e+02 0.000000000000000e+00
3.439488000000000e+02 0.000000000000000e+00
3.440314800000000e+02 0.000000000000000e+00
3.441141600000000e+02 0.000000000000000e+00
3.441968400000000e+02 0.000000000000000e+00
3.442795200000000e+02 0.000000000000000e+00
3.443622000000000e+02 0.000000000000000e+00
3.444448800000000e+02 0.000000000000000e+00
3.445275600000000e+02 0.000000000000000e+00
3.446102400000000e+02 0.000000000000000e+00
3.446929200000000e+02 0.000000000000000e+00
3.447756000000000e+02 0.000000000000000e+00
3.448582800000000e+02 0.000000000000000e+00
3.449409600000000e+02 0.000000000000000e+00
3.450236400000000e+02 0.000000000000000e+00
3.451063200000000e+02 0.000000000000000e+00
3.451890000000000e+02 0.000000000000000e+00
3.452716800000000e+02 0.000000000000000e+00
3.453543600000000e+02 0.000000000000000e+00
3.454370400000000e+02 0.000000000000000e+00
3.455197200000000e+02 0.000000000000000e+00
3.456024000000000e+02 0.000000000000000e+00
3.456850800000000e+02 0.000000000000000e+00
3.457677600000000e+02 0.000000000000000e+00
3.458504400000000e+02 0.000000000000000e+00
3.459331200000000e+02 0.000000000000000e+00
3.460158000000000e+02 0.000000000000000e+00
3.460984800000000e+02 0.000000000000000e+00
3.461811600000000e+02 0.000000000000000e+00
3.462638400000000e+02 0.000000000000000e+00
3.463465200000000e+02 0.000000000000000e+00
3.464292000000000e+02 0.000000000000000e+00
3.465118800000000e+02 0.000000000000000e+00
3.465945600000000e+02 0.000000000000000e+00
3.466772400000000e+02 0.000000000000000e+00
3.467599200000000e+02 0.000000000000000e+00
3.468426000000000e+02 0.000000000000000e+00
3.469252800000000e+02 0.000000000000000e+00
3.470079600000000e+02 0.000000000000000e+00
3.470906400000000e+02 0.000000000000000e+00
3.471733200000000e+02 0.000000000000000e+00
3.472560000000000e+02 0.000000000000000e+00
3.473386800000000e+02 0.000000000000000e+00
3.474213600000000e+02 0.000000000000000e+00
3.475040400000000e+02 0.000000000000000e+00
3.475867200000000e+02 0.000000000000000e+00
3.476694000000000e+02 0.000000000000000e+00
3.477520800000000e+02 0.000000000000000e+00
3.478347600000000e+02 0.000000000000000e+00
3.479174400000000e+02 0.000000000000000e+00
3.480001200000000e+02 0.000000000000000e+00
3.480828000000000e+02 0.000000000000000e+00
3.481654800000000e+02 0.000000000000000e+00
3.482481600000000e+02 0.000000000000000e+00
3.483308400000000e+02 0.000000000000000e+00
3.484135200000000e+02 0.000000000000000e+00
3.484962000000000e+02 0.000000000000000e+00
3.485788800000000e+02 0.000000000000000e+00
3.486615600000000e+02 0.000000000000000e+00
3.487442400000000e+02 0.000000000000000e+00
3.488269200000000e+02 0.000000000000000e+00
3.489096000000000e+02 0.000000000000000e+00
3.489922800000000e+02 0.000000000000000e+00
3.490749600000000e+02 0.000000000000000e+00
3.491576400000000e+02 0.000000000000000e+00
3.492403200000000e+02 0.000000000000000e+00
3.493230000000000e+02 0.000000000000000e+00
3.494056800000000e+02 0.000000000000000e+00
3.494883600000000e+02 0.000000000000000e+00
3.495710400000000e+02 0.000000000000000e+00
3.496537200000000e+02 0.000000000000000e+00
3.497364000000000e+02 0.000000000000000e+00
3.498190800000000e+02 0.000000000000000e+00
3.499017600000000e+02 0.000000000000000e+00
3.499844400000000e+02 0.000000000000000e+00
3.500671200000000e+02 0.000000000000000e+00
3.501498000000000e+02 0.000000000000000e+00
3.502324800000000e+02 0.000000000000000e+00
3.503151600000000e+02 0.000000000000000e+00
3.503978400000000e+02 0.000000000000000e+00
3.504805200000000e+02 0.000000000000000e+00
3.505632000000000e+02 0.000000000000000e+00
3.506458800000000e+02 0.000000000000000e+00
3.507285600000000e+02 0.000000000000000e+00
3.508112400000000e+02 0.000000000000000e+00
3.508939200000000e+02 0.000000000000000e+00
3.509766000000000e+02 0.000000000000000e+00
3.510592800000000e+02 0.000000000000000e+00
3.511419600000000e+02 0.000000000000000e+00
3.512246400000000e+02 0.000000000000000e+00
3.513073200000000e+02 0.000000000000000e+00
3.513900000000000e+02 0.000000000000000e+00
3.514726800000000e+02 0.000000000000000e+00
3.515553600000000e+02 0.000000000000000e+00
3.516380400000000e+02 0.000000000000000e+00
3.517207200000000e+02 0.000000000000000e+00
3.518034000000000e+02 0.000000000000000e+00
3.518860800000000e+02 0.000000000000000e+00
3.519687600000000e+02 0.000000000000000e+00
3.520514400000000e+02 0.000000000000000e+00
3.521341200000000e+02 0.000000000000000e+00
3.522168000000000e+02 0.000000000000000e+00
3.522994800000000e+02 0.000000000000000e+00
3.523821600000000e+02 0.000000000000000e+00
3.524648400000000e+02 0.000000000000000e+00
3.525475200000000e+02 0.000000000000000e+00
3.526302000000000e+02 0.000000000000000e+00
3.527128800000000e+02 0.000000000000000e+00
3.527955600000000e+02 0.000000000000000e+00
3.528782400000000e+02 0.000000000000000e+00
3.529609200000000e+02 0.000000000000000e+00
3.530436000000000e+02 0.000000000000000e+00
3.531262800000000e+02 0.000000000000000e+00
3.532089600000000e+02 0.000000000000000e+00
3.532916400000000e+02 0.000000000000000e+00
3.533743200000000e+02 0.000000000000000e+00
3.534570000000000e+02 0.000000000000000e+00
3.535396800000000e+02 0.000000000000000e+00
3.536223600000000e+02 0.000000000000000e+00
3.537050400000000e+02 0.000000000000000e+00
3.537877200000000e+02 0.000000000000000e+00
3.538704000000000e+02 0.000000000000000e+00
3.539530800000000e+02 0.000000000000000e+00
3.540357600000000e+02 0.000000000000000e+00
3.541184400000000e+02 0.000000000000000e+00
3.542011200000000e+02 0.000000000000000e+00
3.542838000000000e+02 0.000000000000000e+00
3.543664800000000e+02 0.000000000000000e+00
3.544491600000000e+02 0.000000000000000e+00
3.545318400000000e+02 0.000000000000000e+00
3.546145200000000e+02 0.000000000000000e+00
3.546972000000000e+02 0.000000000000000e+00
3.547798800000000e+02 0.000000000000000e+00
3.548625600000000e+02 0.000000000000000e+00
3.549452400000000e+02 0.000000000000000e+00
3.550279200000000e+02 0.000000000000000e+00
3.551106000000000e+02 0.000000000000000e+00
3.551932800000000e+02 0.000000000000000e+00
3.552759600000000e+02 0.000000000000000e+00
3.553586400000000e+02 0.000000000000000e+00
3.554413200000000e+02 0.000000000000000e+00
3.555240000000000e+02 0.000000000000000e+00
3.556066800000000e+02 0.000000000000000e+00
3.556893600000000e+02 0.000000000000000e+00
3.557720400000000e+02 0.000000000000000e+00
3.558547200000000e+02 0.000000000000000e+00
3.559374000000000e+02 0.000000000000000e+00
3.560200800000000e+02 0.000000000000000e+00
3.561027600000000e+02 0.000000000000000e+00
3.561854400000000e+02 0.000000000000000e+00
3.562681200000000e+02 0.000000000000000e+00
3.563508000000000e+02 0.000000000000000e+00
3.564334800000000e+02 0.000000000000000e+00
3.565161600000000e+02 0.000000000000000e+00
3.565988400000000e+02 0.000000000000000e+00
3.566815200000000e+02 0.000000000000000e+00
3.567642000000000e+02 0.000000000000000e+00
3.568468800000000e+02 0.000000000000000e+00
3.569295600000000e+02 0.000000000000000e+00
3.570122400000000e+02 0.000000000000000e+00
3.570949200000000e+02 0.000000000000000e+00
3.571776000000000e+02 0.000000000000000e+00
3.572602800000000e+02 0.000000000000000e+00
3.573429600000000e+02 0.000000000000000e+00
3.574256400000000e+02 0.000000000000000e+00
3.575083200000000e+02 0.000000000000000e+00
3.575910000000000e+02 0.000000000000000e+00
3.576736800000000e+02 0.000000000000000e+00
3.577563600000000e+02 0.000000000000000e+00
3.578390400000000e+02 0.000000000000000e+00
3.579217200000000e+02 0.000000000000000e+00
3.580044000000000e+02 0.000000000000000e+00
3.580870800000000e+02 0.000000000000000e+00
3.581697600000000e+02 0.000000000000000e+00
3.582524400000000e+02 0.000000000000000e+00
3.583351200000000e+02 0.000000000000000e+00
3.584178000000000e+02 0.000000000000000e+00
3.585004800000000e+02 0.000000000000000e+00
3.585831600000000e+02 0.000000000000000e+00
3.586658400000000e+02 0.000000000000000e+00
3.587485200000000e+02 0.000000000000000e+00
3.588312000000000e+02 0.000000000000000e+00
3.589138800000000e+02 0.000000000000000e+00
3.589965600000000e+02 0.000000000000000e+00
3.590792400000000e+02 0.000000000000000e+00
3.591619200000000e+02 0.000000000000000e+00
3.592446000000000e+02 0.000000000000000e+00
3.593272800000000e+02 0.000000000000000e+00
3.594099600000000e+02 0.000000000000000e+00
3.594926400000000e+02 0.000000000000000e+00
3.595753200000000e+02 0.000000000000000e+00
3.596580000000000e+02 0.000000000000000e+00
3.597406800000000e+02 0.000000000000000e+00
3.598233600000000e+02 0.000000000000000e+00
3.599060400000000e+02 0.000000000000000e+00
3.599887200000000e+02 0.000000000000000e+00
3.600714000000000e+02 0.000000000000000e+00
3.601540800000000e+02 0.000000000000000e+00
3.602367600000000e+02 0.000000000000000e+00
3.603194400000000e+02 0.000000000000000e+00
3.604021200000000e+02 0.000000000000000e+00
3.604848000000000e+02 0.000000000000000e+00
3.605674800000000e+02 0.000000000000000e+00
3.606501600000000e+02 0.000000000000000e+00
3.607328400000000e+02 0.000000000000000e+00
3.608155200000000e+02 0.000000000000000e+00
3.608982000000000e+02 0.000000000000000e+00
3.609808800000000e+02 0.000000000000000e+00
3.610635600000000e+02 0.000000000000000e+00
3.611462400000000e+02 0.000000000000000e+00
3.612289200000000e+02 0.000000000000000e+00
3.613116000000000e+02 0.000000000000000e+00
3.613942800000000e+02 0.000000000000000e+00
3.614769600000000e+02 0.000000000000000e+00
3.615596400000000e+02 0.000000000000000e+00
3.616423200000000e+02 0.000000000000000e+00
3.617250000000000e+02 0.000000000000000e+00
3.618076800000000e+02 0.000000000000000e+00
3.618903600000000e+02 0.000000000000000e+00
3.619730400000000e+02 0.000000000000000e+00
3.620557200000000e+02 0.000000000000000e+00
3.621384000000000e+02 0.000000000000000e+00
3.622210800000000e+02 0.000000000000000e+00
3.623037600000000e+02 0.000000000000000e+00
3.623864400000000e+02 0.000000000000000e+00
3.624691200000000e+02 0.000000000000000e+00
3.625518000000000e+02 0.000000000000000e+00
3.626344800000000e+02 0.000000000000000e+00
3.627171600000000e+02 0.000000000000000e+00
3.627998400000000e+02 0.000000000000000e+00
3.628825200000000e+02 0.000000000000000e+00
3.629652000000000e+02 0.000000000000000e+00
3.630478800000000e+02 0.000000000000000e+00
3.631305600000000e+02 0.000000000000000e+00
3.632132400000000e+02 0.000000000000000e+00
3.632959200000000e+02 0.000000000000000e+00
3.633786000000000e+02 0.000000000000000e+00
3.634612800000000e+02 0.000000000000000e+00
3.635439600000000e+02 0.000000000000000e+00
3.636266400000000e+02 0.000000000000000e+00
3.637093200000000e+02 0.000000000000000e+00
3.637920000000000e+02 0.000000000000000e+00
3.638746800000000e+02 0.000000000000000e+00
3.639573600000000e+02 0.000000000000000e+00
3.640400400000000e+02 0.000000000000000e+00
3.641227200000000e+02 0.000000000000000e+00
3.642054000000000e+02 0.000000000000000e+00
3.642880800000000e+02 0.000000000000000e+00
3.643707600000000e+02 0.000000000000000e+00
3.644534400000000e+02 0.000000000000000e+00
3.645361200000000e+02 0.000000000000000e+00
3.646188000000000e+02 0.000000000000000e+00
3.647014800000000e+02 0.000000000000000e+00
3.647841600000000e+02 0.000000000000000e+00
3.648668400000000e+02 0.000000000000000e+00
3.649495200000000e+02 0.000000000000000e+00
3.650322000000000e+02 0.000000000000000e+00
3.651148800000000e+02 0.000000000000000e+00
3.651975600000000e+02 0.000000000000000e+00
3.652802400000000e+02 0.000000000000000e+00
3.653629200000000e+02 0.000000000000000e+00
3.654456000000000e+02 0.000000000000000e+00
3.655282800000000e+02 0.000000000000000e+00
3.656109600000000e+02 0.000000000000000e+00
3.656936400000000e+02 0.000000000000000e+00
3.657763200000000e+02 0.000000000000000e+00
3.658590000000000e+02 0.000000000000000e+00
3.659416800000000e+02 0.000000000000000e+00
3.660243600000000e+02 0.000000000000000e+00
3.661070400000000e+02 0.000000000000000e+00
3.661897200000000e+02 0.000000000000000e+00
3.662724000000000e+02 0.000000000000000e+00
3.663550800000000e+02 0.000000000000000e+00
3.664377600000000e+02 0.000000000000000e+00
3.665204400000000e+02 0.000000000000000e+00
3.666031200000000e+02 0.000000000000000e+00
3.666858000000000e+02 0.000000000000000e+00
3.667684800000000e+02 0.000000000000000e+00
3.668511600000000e+02 0.000000000000000e+00
3.669338400000000e+02 0.000000000000000e+00
3.670165200000000e+02 0.000000000000000e+00
3.670992000000000e+02 0.000000000000000e+00
3.671818800000000e+02 0.000000000000000e+00
3.672645600000000e+02 0.000000000000000e+00
3.673472400000000e+02 0.000000000000000e+00
3.674299200000000e+02 0.000000000000000e+00
3.675126000000000e+02 0.000000000000000e+00
3.675952800000000e+02 0.000000000000000e+00
3.676779600000000e+02 0.000000000000000e+00
3.677606400000000e+02 0.000000000000000e+00
3.678433200000000e+02 0.000000000000000e+00
3.679260000000000e+02 0.000000000000000e+00
3.680086800000000e+02 0.000000000000000e+00
3.680913600000000e+02 0.000000000000000e+00
3.681740400000000e+02 0.000000000000000e+00
3.682567200000000e+02 0.000000000000000e+00
3.683394000000000e+02 0.000000000000000e+00
3.684220800000000e+02 0.000000000000000e+00
3.685047600000000e+02 0.000000000000000e+00
3.685874400000000e+02 0.000000000000000e+00
3.686701200000000e+02 0.000000000000000e+00
3.687528000000000e+02 0.000000000000000e+00
3.688354800000000e+02 0.000000000000000e+00
3.689181600000000e+02 0.000000000000000e+00
3.690008400000000e+02 0.000000000000000e+00
3.690835200000000e+02 0.000000000000000e+00
3.691662000000000e+02 0.000000000000000e+00
3.692488800000000e+02 0.000000000000000e+00
3.693315600000000e+02 0.000000000000000e+00
3.694142400000000e+02 0.000000000000000e+00
3.694969200000000e+02 0.000000000000000e+00
3.695796000000000e+02 0.000000000000000e+00
3.696622800000000e+02 0.000000000000000e+00
3.697449600000000e+02 0.000000000000000e+00
3.698276400000000e+02 0.000000000000000e+00
3.699103200000000e+02 0.000000000000000e+00
3.699930000000000e+02 0.000000000000000e+00
3.700756800000000e+02 0.000000000000000e+00
3.701583600000000e+02 0.000000000000000e+00
3.702410400000000e+02 0.000000000000000e+00
3.703237200000000e+02 0.000000000000000e+00
3.704064000000000e+02 0.000000000000000e+00
3.704890800000000e+02 0.000000000000000e+00
3.705717600000000e+02 0.000000000000000e+00
3.706544400000000e+02 0.000000000000000e+00
3.707371200000000e+02 0.000000000000000e+00
3.708198000000000e+02 0.000000000000000e+00
3.709024800000000e+02 0.000000000000000e+00
3.709851600000000e+02 0.000000000000000e+00
3.710678400000000e+02 0.000000000000000e+00
3.711505200000000e+02 0.000000000000000e+00
3.712332000000000e+02 0.000000000000000e+00
3.713158800000000e+02 0.000000000000000e+00
3.713985600000000e+02 0.000000000000000e+00
3.714812400000000e+02 0.000000000000000e+00
3.715639200000000e+02 0.000000000000000e+00
3.716466000000000e+02 0.000000000000000e+00
3.717292800000000e+02 0.000000000000000e+00
3.718119600000000e+02 0.000000000000000e+00
3.718946400000000e+02 0.000000000000000e+00
3.719773200000000e+02 0.000000000000000e+00
3.720600000000000e+02 0.000000000000000e+00
3.721426800000000e+02 0.000000000000000e+00
3.722253600000000e+02 0.000000000000000e+00
3.723080400000000e+02 0.000000000000000e+00
3.723907200000000e+02 0.000000000000000e+00
3.724734000000000e+02 0.000000000000000e+00
3.725560800000000e+02 0.000000000000000e+00
3.726387600000000e+02 0.000000000000000e+00
3.727214400000000e+02 0.000000000000000e+00
3.728041200000000e+02 0.000000000000000e+00
3.728868000000000e+02 0.000000000000000e+00
3.729694800000000e+02 0.000000000000000e+00
3.730521600000000e+02 0.000000000000000e+00
3.731348400000000e+02 0.000000000000000e+00
3.732175200000000e+02 0.000000000000000e+00
3.733002000000000e+02 0.000000000000000e+00
3.733828800000000e+02 0.000000000000000e+00
3.734655600000000e+02 0.000000000000000e+00
3.735482400000000e+02 0.000000000000000e+00
3.736309200000000e+02 0.000000000000000e+00
3.737136000000000e+02 0.000000000000000e+00
3.737962800000000e+02 0.000000000000000e+00
3.738789600000000e+02 0.000000000000000e+00
3.739616400000000e+02 0.000000000000000e+00
3.740443200000000e+02 0.000000000000000e+00
3.741270000000000e+02 0.000000000000000e+00
3.742096800000000e+02 0.000000000000000e+00
3.742923600000000e+02 0.000000000000000e+00
3.743750400000000e+02 0.000000000000000e+00
3.744577200000000e+02 0.000000000000000e+00
3.745404000000000e+02 0.000000000000000e+00
3.746230800000000e+02 0.000000000000000e+00
3.747057600000000e+02 0.000000000000000e+00
3.747884400000000e+02 0.000000000000000e+00
3.748711200000000e+02 0.000000000000000e+00
3.749538000000000e+02 0.000000000000000e+00
3.750364800000000e+02 0.000000000000000e+00
3.751191600000000e+02 0.000000000000000e+00
3.752018400000000e+02 0.000000000000000e+00
3.752845200000000e+02 0.000000000000000e+00
3.753672000000000e+02 0.000000000000000e+00
3.754498800000000e+02 0.000000000000000e+00
3.755325600000000e+02 0.000000000000000e+00
3.756152400000000e+02 0.000000000000000e+00
3.756979200000000e+02 0.000000000000000e+00
3.757806000000000e+02 0.000000000000000e+00
3.758632800000000e+02 0.000000000000000e+00
3.759459600000000e+02 0.000000000000000e+00
3.760286400000000e+02 0.000000000000000e+00
3.761113200000000e+02 0.000000000000000e+00
3.761940000000000e+02 0.000000000000000e+00
3.762766800000000e+02 0.000000000000000e+00
3.763593600000000e+02 0.000000000000000e+00
3.764420400000000e+02 0.000000000000000e+00
3.765247200000000e+02 0.000000000000000e+00
3.766074000000000e+02 0.000000000000000e+00
3.766900800000000e+02 0.000000000000000e+00
3.767727600000000e+02 0.000000000000000e+00
3.768554400000000e+02 0.000000000000000e+00
3.769381200000000e+02 0.000000000000000e+00
3.770208000000000e+02 0.000000000000000e+00
3.771034800000000e+02 0.000000000000000e+00
3.771861600000000e+02 0.000000000000000e+00
3.772688400000000e+02 0.000000000000000e+00
3.773515200000000e+02 0.000000000000000e+00
3.774342000000000e+02 0.000000000000000e+00
3.775168800000000e+02 0.000000000000000e+00
3.775995600000000e+02 0.000000000000000e+00
3.776822400000000e+02 0.000000000000000e+00
3.777649200000000e+02 0.000000000000000e+00
3.778476000000000e+02 0.000000000000000e+00
3.779302800000000e+02 0.000000000000000e+00
3.780129600000000e+02 0.000000000000000e+00
3.780956400000000e+02 0.000000000000000e+00
3.781783200000000e+02 0.000000000000000e+00
3.782610000000000e+02 0.000000000000000e+00
3.783436800000000e+02 0.000000000000000e+00
3.784263600000000e+02 0.000000000000000e+00
3.785090400000000e+02 0.000000000000000e+00
3.785917200000000e+02 0.000000000000000e+00
3.786744000000000e+02 0.000000000000000e+00
3.787570800000000e+02 0.000000000000000e+00
3.788397600000000e+02 0.000000000000000e+00
3.789224400000000e+02 0.000000000000000e+00
3.790051200000000e+02 0.000000000000000e+00
3.790878000000000e+02 0.000000000000000e+00
3.791704800000000e+02 0.000000000000000e+00
3.792531600000000e+02 0.000000000000000e+00
3.793358400000000e+02 0.000000000000000e+00
3.794185200000000e+02 0.000000000000000e+00
3.795012000000000e+02 0.000000000000000e+00
3.795838800000000e+02 0.000000000000000e+00
3.796665600000000e+02 0.000000000000000e+00
3.797492400000000e+02 0.000000000000000e+00
3.798319200000000e+02 0.000000000000000e+00
3.799146000000000e+02 0.000000000000000e+00
3.799972800000000e+02 0.000000000000000e+00
3.800799600000000e+02 0.000000000000000e+00
3.801626400000000e+02 0.000000000000000e+00
3.802453200000000e+02 0.000000000000000e+00
3.803280000000000e+02 0.000000000000000e+00
3.804106800000000e+02 0.000000000000000e+00
3.804933600000000e+02 0.000000000000000e+00
3.805760400000000e+02 0.000000000000000e+00
3.806587200000000e+02 0.000000000000000e+00
3.807414000000000e+02 0.000000000000000e+00
3.808240800000000e+02 0.000000000000000e+00
3.809067600000000e+02 0.000000000000000e+00
3.809894400000000e+02 0.000000000000000e+00
3.810721200000000e+02 0.000000000000000e+00
3.811548000000000e+02 0.000000000000000e+00
3.812374800000000e+02 0.000000000000000e+00
3.813201600000000e+02 0.000000000000000e+00
3.814028400000000e+02 0.000000000000000e+00
3.814855200000000e+02 0.000000000000000e+00
3.815682000000000e+02 0.000000000000000e+00
3.816508800000000e+02 0.000000000000000e+00
3.817335600000000e+02 0.000000000000000e+00
3.818162400000000e+02 0.000000000000000e+00
3.818989200000000e+02 0.000000000000000e+00
3.819816000000000e+02 0.000000000000000e+00
3.820642800000000e+02 0.000000000000000e+00
3.821469600000000e+02 0.000000000000000e+00
3.822296400000000e+02 0.000000000000000e+00
3.823123200000000e+02 0.000000000000000e+00
3.823950000000000e+02 0.000000000000000e+00
3.824776800000000e+02 0.000000000000000e+00
3.825603600000000e+02 0.000000000000000e+00
3.826430400000000e+02 0.000000000000000e+00
3.827257200000000e+02 0.000000000000000e+00
3.828084000000000e+02 0.000000000000000e+00
3.828910800000000e+02 0.000000000000000e+00
3.829737600000000e+02 0.000000000000000e+00
3.830564400000000e+02 0.000000000000000e+00
3.831391200000000e+02 0.000000000000000e+00
3.832218000000000e+02 0.000000000000000e+00
3.833044800000000e+02 0.000000000000000e+00
3.833871600000000e+02 0.000000000000000e+00
3.834698400000000e+02 0.000000000000000e+00
3.835525200000000e+02 0.000000000000000e+00
3.836352000000000e+02 0.000000000000000e+00
3.837178800000000e+02 0.000000000000000e+00
3.838005600000000e+02 0.000000000000000e+00
3.838832400000000e+02 0.000000000000000e+00
3.839659200000000e+02 0.000000000000000e+00
3.840486000000000e+02 0.000000000000000e+00
3.841312800000000e+02 0.000000000000000e+00
3.842139600000000e+02 0.000000000000000e+00
3.842966400000000e+02 0.000000000000000e+00
3.843793200000000e+02 0.000000000000000e+00
3.844620000000000e+02 0.000000000000000e+00
3.845446800000000e+02 0.000000000000000e+00
3.846273600000000e+02 0.000000000000000e+00
3.847100400000000e+02 0.000000000000000e+00
3.847927200000000e+02 0.000000000000000e+00
3.848754000000000e+02 0.000000000000000e+00
3.849580800000000e+02 0.000000000000000e+00
3.850407600000000e+02 0.000000000000000e+00
3.851234400000000e+02 0.000000000000000e+00
3.852061200000000e+02 0.000000000000000e+00
3.852888000000000e+02 0.000000000000000e+00
3.853714800000000e+02 0.000000000000000e+00
3.854541600000000e+02 0.000000000000000e+00
3.855368400000000e+02 0.000000000000000e+00
3.856195200000000e+02 0.000000000000000e+00
3.857022000000000e+02 0.000000000000000e+00
3.857848800000000e+02 0.000000000000000e+00
3.858675600000000e+02 0.000000000000000e+00
3.859502400000000e+02 0.000000000000000e+00
3.860329200000000e+02 0.000000000000000e+00
3.861156000000000e+02 0.000000000000000e+00
3.861982800000000e+02 0.000000000000000e+00
3.862809600000000e+02 0.000000000000000e+00
3.863636400000000e+02 0.000000000000000e+00
3.864463200000000e+02 0.000000000000000e+00
3.865290000000000e+02 0.000000000000000e+00
3.866116800000000e+02 0.000000000000000e+00
3.866943600000000e+02 0.000000000000000e+00
3.867770400000000e+02 0.000000000000000e+00
3.868597200000000e+02 0.000000000000000e+00
3.869424000000000e+02 0.000000000000000e+00
3.870250800000000e+02 0.000000000000000e+00
3.871077600000000e+02 0.000000000000000e+00
3.871904400000000e+02 0.000000000000000e+00
3.872731200000000e+02 0.000000000000000e+00
3.873558000000000e+02 0.000000000000000e+00
3.874384800000000e+02 0.000000000000000e+00
3.875211600000000e+02 0.000000000000000e+00
3.876038400000000e+02 0.000000000000000e+00
3.876865200000000e+02 0.000000000000000e+00
3.877692000000000e+02 0.000000000000000e+00
3.878518800000000e+02 0.000000000000000e+00
3.879345600000000e+02 0.000000000000000e+00
3.880172400000000e+02 0.000000000000000e+00
3.880999200000000e+02 0.000000000000000e+00
3.881826000000000e+02 0.000000000000000e+00
3.882652800000000e+02 0.000000000000000e+00
3.883479600000000e+02 0.000000000000000e+00
3.884306400000000e+02 0.000000000000000e+00
3.885133200000000e+02 0.000000000000000e+00
3.885960000000000e+02 0.000000000000000e+00
3.886786800000000e+02 0.000000000000000e+00
3.887613600000000e+02 0.000000000000000e+00
3.888440400000000e+02 0.000000000000000e+00
3.889267200000000e+02 0.000000000000000e+00
3.890094000000000e+02 0.000000000000000e+00
3.890920800000000e+02 0.000000000000000e+00
3.891747600000000e+02 0.000000000000000e+00
3.892574400000000e+02 0.000000000000000e+00
3.893401200000000e+02 0.000000000000000e+00
3.894228000000000e+02 0.000000000000000e+00
3.895054800000000e+02 0.000000000000000e+00
3.895881600000000e+02 0.000000000000000e+00
3.896708400000000e+02 0.000000000000000e+00
3.897535200000000e+02 0.000000000000000e+00
3.898362000000000e+02 0.000000000000000e+00
3.899188800000000e+02 0.000000000000000e+00
3.900015600000000e+02 0.000000000000000e+00
3.900842400000000e+02 0.000000000000000e+00
3.901669200000000e+02 0.000000000000000e+00
3.902496000000000e+02 0.000000000000000e+00
3.903322800000000e+02 0.000000000000000e+00
3.904149600000000e+02 0.000000000000000e+00
3.904976400000000e+02 0.000000000000000e+00
3.905803200000000e+02 0.000000000000000e+00
3.906630000000000e+02 0.000000000000000e+00
3.907456800000000e+02 0.000000000000000e+00
3.908283600000000e+02 0.000000000000000e+00
3.909110400000000e+02 0.000000000000000e+00
3.909937200000000e+02 0.000000000000000e+00
3.910764000000000e+02 0.000000000000000e+00
3.911590800000000e+02 0.000000000000000e+00
3.912417600000000e+02 0.000000000000000e+00
3.913244400000000e+02 0.000000000000000e+00
3.914071200000000e+02 0.000000000000000e+00
3.914898000000000e+02 0.000000000000000e+00
3.915724800000000e+02 0.000000000000000e+00
3.916551600000000e+02 0.000000000000000e+00
3.917378400000000e+02 0.000000000000000e+00
3.918205200000000e+02 0.000000000000000e+00
3.919032000000000e+02 0.000000000000000e+00
3.919858800000000e+02 0.000000000000000e+00
3.920685600000000e+02 0.000000000000000e+00
3.921512400000000e+02 0.000000000000000e+00
3.922339200000000e+02 0.000000000000000e+00
3.923166000000000e+02 0.000000000000000e+00
3.923992800000000e+02 0.000000000000000e+00
3.924819600000000e+02 0.000000000000000e+00
3.925646400000000e+02 0.000000000000000e+00
3.926473200000000e+02 0.000000000000000e+00
3.927300000000000e+02 0.000000000000000e+00
3.928126800000000e+02 0.000000000000000e+00
3.928953600000000e+02 0.000000000000000e+00
3.929780400000000e+02 0.000000000000000e+00
3.930607200000000e+02 0.000000000000000e+00
3.931434000000000e+02 0.000000000000000e+00
3.932260800000000e+02 0.000000000000000e+00
3.933087600000000e+02 0.000000000000000e+00
3.933914400000000e+02 0.000000000000000e+00
3.934741200000000e+02 0.000000000000000e+00
3.935568000000000e+02 0.000000000000000e+00
3.936394800000000e+02 0.000000000000000e+00
3.937221600000000e+02 0.000000000000000e+00
3.938048400000000e+02 0.000000000000000e+00
3.938875200000000e+02 0.000000000000000e+00
3.939702000000000e+02 0.000000000000000e+00
3.940528800000000e+02 0.000000000000000e+00
3.941355600000000e+02 0.000000000000000e+00
3.942182400000000e+02 0.000000000000000e+00
3.943009200000000e+02 0.000000000000000e+00
3.943836000000000e+02 0.000000000000000e+00
3.944662800000000e+02 0.000000000000000e+00
3.945489600000000e+02 0.000000000000000e+00
3.946316400000000e+02 0.000000000000000e+00
3.947143200000000e+02 0.000000000000000e+00
3.947970000000000e+02 0.000000000000000e+00
3.948796800000000e+02 0.000000000000000e+00
3.949623600000000e+02 0.000000000000000e+00
3.950450400000000e+02 0.000000000000000e+00
3.951277200000000e+02 0.000000000000000e+00
3.952104000000000e+02 0.000000000000000e+00
3.952930800000000e+02 0.000000000000000e+00
3.953757600000000e+02 0.000000000000000e+00
3.954584400000000e+02 0.000000000000000e+00
3.955411200000000e+02 0.000000000000000e+00
3.956238000000000e+02 0.000000000000000e+00
3.957064800000000e+02 0.000000000000000e+00
3.957891600000000e+02 0.000000000000000e+00
3.958718400000000e+02 0.000000000000000e+00
3.959545200000000e+02 0.000000000000000e+00
3.960372000000000e+02 0.000000000000000e+00
3.961198800000000e+02 0.000000000000000e+00
3.962025600000000e+02 0.000000000000000e+00
3.962852400000000e+02 0.000000000000000e+00
3.963679200000000e+02 0.000000000000000e+00
3.964506000000000e+02 0.000000000000000e+00
3.965332800000000e+02 0.000000000000000e+00
3.966159600000000e+02 0.000000000000000e+00
3.966986400000000e+02 0.000000000000000e+00
3.967813200000000e+02 0.000000000000000e+00
3.968640000000000e+02 0.000000000000000e+00
3.969466800000000e+02 0.000000000000000e+00
3.970293600000000e+02 0.000000000000000e+00
3.971120400000000e+02 0.000000000000000e+00
3.971947200000000e+02 0.000000000000000e+00
3.972774000000000e+02 0.000000000000000e+00
3.973600800000000e+02 0.000000000000000e+00
3.974427600000000e+02 0.000000000000000e+00
3.975254400000000e+02 0.000000000000000e+00
3.976081200000000e+02 0.000000000000000e+00
3.976908000000000e+02 0.000000000000000e+00
3.977734800000000e+02 0.000000000000000e+00
3.978561600000000e+02 0.000000000000000e+00
3.979388400000000e+02 0.000000000000000e+00
3.980215200000000e+02 0.000000000000000e+00
3.981042000000000e+02 0.000000000000000e+00
3.981868800000000e+02 0.000000000000000e+00
3.982695600000000e+02 0.000000000000000e+00
3.983522400000000e+02 0.000000000000000e+00
3.984349200000000e+02 0.000000000000000e+00
3.985176000000000e+02 0.000000000000000e+00
3.986002800000000e+02 0.000000000000000e+00
3.986829600000000e+02 0.000000000000000e+00
3.987656400000000e+02 0.000000000000000e+00
3.988483200000000e+02 0.000000000000000e+00
3.989310000000000e+02 0.000000000000000e+00
3.990136800000000e+02 0.000000000000000e+00
3.990963600000000e+02 0.000000000000000e+00
3.991790400000000e+02 0.000000000000000e+00
3.992617200000000e+02 0.000000000000000e+00
3.993444000000000e+02 0.000000000000000e+00
3.994270800000000e+02 0.000000000000000e+00
3.995097600000000e+02 0.000000000000000e+00
3.995924400000000e+02 0.000000000000000e+00
3.996751200000000e+02 0.000000000000000e+00
3.997578000000000e+02 0.000000000000000e+00
3.998404800000000e+02 0.000000000000000e+00
3.999231600000000e+02 0.000000000000000e+00
4.000058400000000e+02 0.000000000000000e+00
4.000885200000000e+02 0.000000000000000e+00
4.001712000000000e+02 0.000000000000000e+00
4.002538800000000e+02 0.000000000000000e+00
4.003365600000000e+02 0.000000000000000e+00
4.004192400000000e+02 0.000000000000000e+00
4.005019200000000e+02 0.000000000000000e+00
4.005846000000000e+02 0.000000000000000e+00
4.006672800000000e+02 0.000000000000000e+00
4.007499600000000e+02 0.000000000000000e+00
4.008326400000000e+02 0.000000000000000e+00
4.009153200000000e+02 0.000000000000000e+00
4.009980000000000e+02 0.000000000000000e+00
4.010806800000000e+02 0.000000000000000e+00
4.011633600000000e+02 0.000000000000000e+00
4.012460400000000e+02 0.000000000000000e+00
4.013287200000000e+02 0.000000000000000e+00
4.014114000000000e+02 0.000000000000000e+00
4.014940800000000e+02 0.000000000000000e+00
4.015767600000000e+02 0.000000000000000e+00
4.016594400000000e+02 0.000000000000000e+00
4.017421200000000e+02 0.000000000000000e+00
4.018248000000000e+02 0.000000000000000e+00
4.019074800000000e+02 0.000000000000000e+00
4.019901600000000e+02 0.000000000000000e+00
4.020728400000000e+02 0.000000000000000e+00
4.021555200000000e+02 0.000000000000000e+00
4.022382000000000e+02 0.000000000000000e+00
4.023208800000000e+02 0.000000000000000e+00
4.024035600000000e+02 0.000000000000000e+00
4.024862400000000e+02 0.000000000000000e+00
4.025689200000000e+02 0.000000000000000e+00
4.026516000000000e+02 0.000000000000000e+00
4.027342800000000e+02 0.000000000000000e+00
4.028169600000000e+02 0.000000000000000e+00
4.028996400000000e+02 0.000000000000000e+00
4.029823200000000e+02 0.000000000000000e+00
4.030650000000000e+02 0.000000000000000e+00
4.031476800000000e+02 0.000000000000000e+00
4.032303600000000e+02 0.000000000000000e+00
4.033130400000000e+02 0.000000000000000e+00
4.033957200000000e+02 0.000000000000000e+00
4.034784000000000e+02 0.000000000000000e+00
4.035610800000000e+02 0.000000000000000e+00
4.036437600000000e+02 0.000000000000000e+00
4.037264400000000e+02 0.000000000000000e+00
4.038091200000000e+02 0.000000000000000e+00
4.038918000000000e+02 0.000000000000000e+00
4.039744800000000e+02 0.000000000000000e+00
4.040571600000000e+02 0.000000000000000e+00
4.041398400000000e+02 0.000000000000000e+00
4.042225200000000e+02 0.000000000000000e+00
4.043052000000000e+02 0.000000000000000e+00
4.043878800000000e+02 0.000000000000000e+00
4.044705600000000e+02 0.000000000000000e+00
4.045532400000000e+02 0.000000000000000e+00
4.046359200000000e+02 0.000000000000000e+00
4.047186000000000e+02 0.000000000000000e+00
4.048012800000000e+02 0.000000000000000e+00
4.048839600000000e+02 0.000000000000000e+00
4.049666400000000e+02 0.000000000000000e+00
4.050493200000000e+02 0.000000000000000e+00
4.051320000000000e+02 0.000000000000000e+00
4.052146800000000e+02 0.000000000000000e+00
4.052973600000000e+02 0.000000000000000e+00
4.053800400000000e+02 0.000000000000000e+00
4.054627200000000e+02 0.000000000000000e+00
4.055454000000000e+02 0.000000000000000e+00
4.056280800000000e+02 0.000000000000000e+00
4.057107600000000e+02 0.000000000000000e+00
4.057934400000000e+02 0.000000000000000e+00
4.058761200000000e+02 0.000000000000000e+00
4.059588000000000e+02 0.000000000000000e+00
4.060414800000000e+02 0.000000000000000e+00
4.061241600000000e+02 0.000000000000000e+00
4.062068400000000e+02 0.000000000000000e+00
4.062895200000000e+02 0.000000000000000e+00
4.063722000000000e+02 0.000000000000000e+00
4.064548800000000e+02 0.000000000000000e+00
4.065375600000000e+02 0.000000000000000e+00
4.066202400000000e+02 0.000000000000000e+00
4.067029200000000e+02 0.000000000000000e+00
4.067856000000000e+02 0.000000000000000e+00
4.068682800000000e+02 0.000000000000000e+00
4.069509600000000e+02 0.000000000000000e+00
4.070336400000000e+02 0.000000000000000e+00
4.071163200000000e+02 0.000000000000000e+00
4.071990000000000e+02 0.000000000000000e+00
4.072816800000000e+02 0.000000000000000e+00
4.073643600000000e+02 0.000000000000000e+00
4.074470400000000e+02 0.000000000000000e+00
4.075297200000000e+02 0.000000000000000e+00
4.076124000000000e+02 0.000000000000000e+00
4.076950800000000e+02 0.000000000000000e+00
4.077777600000000e+02 0.000000000000000e+00
4.078604400000000e+02 0.000000000000000e+00
4.079431200000000e+02 0.000000000000000e+00
4.080258000000000e+02 0.000000000000000e+00
4.081084800000000e+02 0.000000000000000e+00
4.081911600000000e+02 0.000000000000000e+00
4.082738400000000e+02 0.000000000000000e+00
4.083565200000000e+02 0.000000000000000e+00
4.084392000000000e+02 0.000000000000000e+00
4.085218800000000e+02 0.000000000000000e+00
4.086045600000000e+02 0.000000000000000e+00
4.086872400000000e+02 0.000000000000000e+00
4.087699200000000e+02 0.000000000000000e+00
4.088526000000000e+02 0.000000000000000e+00
4.089352800000000e+02 0.000000000000000e+00
4.090179600000000e+02 0.000000000000000e+00
4.091006400000000e+02 0.000000000000000e+00
4.091833200000000e+02 0.000000000000000e+00
4.092660000000000e+02 0.000000000000000e+00
4.093486800000000e+02 0.000000000000000e+00
4.094313600000000e+02 0.000000000000000e+00
4.095140400000000e+02 0.000000000000000e+00
4.095967200000000e+02 0.000000000000000e+00
4.096794000000000e+02 0.000000000000000e+00
4.097620800000000e+02 0.000000000000000e+00
4.098447600000000e+02 0.000000000000000e+00
4.099274400000000e+02 0.000000000000000e+00
4.100101200000000e+02 0.000000000000000e+00
4.100928000000000e+02 0.000000000000000e+00
4.101754800000000e+02 0.000000000000000e+00
4.102581600000000e+02 0.000000000000000e+00
4.103408400000000e+02 0.000000000000000e+00
4.104235200000000e+02 0.000000000000000e+00
4.105062000000000e+02 0.000000000000000e+00
4.105888800000000e+02 0.000000000000000e+00
4.106715600000000e+02 0.000000000000000e+00
4.107542400000000e+02 0.000000000000000e+00
4.108369200000000e+02 0.000000000000000e+00
4.109196000000000e+02 0.000000000000000e+00
4.110022800000000e+02 0.000000000000000e+00
4.110849600000000e+02 0.000000000000000e+00
4.111676400000000e+02 0.000000000000000e+00
4.112503200000000e+02 0.000000000000000e+00
4.113330000000000e+02 0.000000000000000e+00
4.114156800000000e+02 0.000000000000000e+00
4.114983600000000e+02 0.000000000000000e+00
4.115810400000000e+02 0.000000000000000e+00
4.116637200000000e+02 0.000000000000000e+00
4.117464000000000e+02 0.000000000000000e+00
4.118290800000000e+02 0.000000000000000e+00
4.119117600000000e+02 0.000000000000000e+00
4.119944400000000e+02 0.000000000000000e+00
4.120771200000000e+02 0.000000000000000e+00
4.121598000000000e+02 0.000000000000000e+00
4.122424800000000e+02 0.000000000000000e+00
4.123251600000000e+02 0.000000000000000e+00
4.124078400000000e+02 0.000000000000000e+00
4.124905200000000e+02 0.000000000000000e+00
4.125732000000000e+02 0.000000000000000e+00
4.126558800000000e+02 0.000000000000000e+00
4.127385600000000e+02 0.000000000000000e+00
4.128212400000000e+02 0.000000000000000e+00
4.129039200000000e+02 0.000000000000000e+00
4.129866000000000e+02 0.000000000000000e+00
4.130692800000000e+02 0.000000000000000e+00
4.131519600000000e+02 0.000000000000000e+00
4.132346400000000e+02 0.000000000000000e+00
4.133173200000000e+02 0.000000000000000e+00
4.134000000000000e+02 0.000000000000000e+00
4.134826800000000e+02 0.000000000000000e+00
4.135653600000000e+02 0.000000000000000e+00
4.136480400000000e+02 0.000000000000000e+00
4.137307200000000e+02 0.000000000000000e+00
4.138134000000000e+02 0.000000000000000e+00
4.138960800000000e+02 0.000000000000000e+00
4.139787600000000e+02 0.000000000000000e+00
4.140614400000000e+02 0.000000000000000e+00
4.141441200000000e+02 0.000000000000000e+00
4.142268000000000e+02 0.000000000000000e+00
4.143094800000000e+02 0.000000000000000e+00
4.143921600000000e+02 0.000000000000000e+00
4.144748400000000e+02 0.000000000000000e+00
4.145575200000000e+02 0.000000000000000e+00
4.146402000000000e+02 0.000000000000000e+00
4.147228800000000e+02 0.000000000000000e+00
4.148055600000000e+02 0.000000000000000e+00
4.148882400000000e+02 0.000000000000000e+00
4.149709200000000e+02 0.000000000000000e+00
4.150536000000000e+02 0.000000000000000e+00
4.151362800000000e+02 0.000000000000000e+00
4.152189600000000e+02 0.000000000000000e+00
4.153016400000000e+02 0.000000000000000e+00
4.153843200000000e+02 0.000000000000000e+00
4.154670000000000e+02 0.000000000000000e+00
4.155496800000000e+02 0.000000000000000e+00
4.156323600000000e+02 0.000000000000000e+00
4.157150400000000e+02 0.000000000000000e+00
4.157977200000000e+02 0.000000000000000e+00
4.158804000000000e+02 0.000000000000000e+00
4.159630800000000e+02 0.000000000000000e+00
4.160457600000000e+02 0.000000000000000e+00
4.161284400000000e+02 0.000000000000000e+00
4.162111200000000e+02 0.000000000000000e+00
4.162938000000000e+02 0.000000000000000e+00
4.163764800000000e+02 0.000000000000000e+00
4.164591600000000e+02 0.000000000000000e+00
4.165418400000000e+02 0.000000000000000e+00
4.166245200000000e+02 0.000000000000000e+00
4.167072000000000e+02 0.000000000000000e+00
4.167898800000000e+02 0.000000000000000e+00
4.168725600000000e+02 0.000000000000000e+00
4.169552400000000e+02 0.000000000000000e+00
4.170379200000000e+02 0.000000000000000e+00
4.171206000000000e+02 0.000000000000000e+00
4.172032800000000e+02 0.000000000000000e+00
4.172859600000000e+02 0.000000000000000e+00
4.173686400000000e+02 0.000000000000000e+00
4.174513200000000e+02 0.000000000000000e+00
4.175340000000000e+02 0.000000000000000e+00
4.176166800000000e+02 0.000000000000000e+00
4.176993600000000e+02 0.000000000000000e+00
4.177820400000000e+02 0.000000000000000e+00
4.178647200000000e+02 0.000000000000000e+00
4.179474000000000e+02 0.000000000000000e+00
4.180300800000000e+02 0.000000000000000e+00
4.181127600000000e+02 0.000000000000000e+00
4.181954400000000e+02 0.000000000000000e+00
4.182781200000000e+02 0.000000000000000e+00
4.183608000000000e+02 0.000000000000000e+00
4.184434800000000e+02 0.000000000000000e+00
4.185261600000000e+02 0.000000000000000e+00
4.186088400000000e+02 0.000000000000000e+00
4.186915200000000e+02 0.000000000000000e+00
4.187742000000000e+02 0.000000000000000e+00
4.188568800000000e+02 0.000000000000000e+00
4.189395600000000e+02 0.000000000000000e+00
4.190222400000000e+02 0.000000000000000e+00
4.191049200000000e+02 0.000000000000000e+00
4.191876000000000e+02 0.000000000000000e+00
4.192702800000000e+02 0.000000000000000e+00
4.193529600000000e+02 0.000000000000000e+00
4.194356400000000e+02 0.000000000000000e+00
4.195183200000000e+02 0.000000000000000e+00
4.196010000000000e+02 0.000000000000000e+00
4.196836800000000e+02 0.000000000000000e+00
4.197663600000000e+02 0.000000000000000e+00
4.198490400000000e+02 0.000000000000000e+00
4.199317200000000e+02 0.000000000000000e+00
4.200144000000000e+02 0.000000000000000e+00
4.200970800000000e+02 0.000000000000000e+00
4.201797600000000e+02 0.000000000000000e+00
4.202624400000000e+02 0.000000000000000e+00
4.203451200000000e+02 0.000000000000000e+00
4.204278000000000e+02 0.000000000000000e+00
4.205104800000000e+02 0.000000000000000e+00
4.205931600000000e+02 0.000000000000000e+00
4.206758400000000e+02 0.000000000000000e+00
4.207585200000000e+02 0.000000000000000e+00
4.208412000000000e+02 0.000000000000000e+00
4.209238800000000e+02 0.000000000000000e+00
4.210065600000000e+02 0.000000000000000e+00
4.210892400000000e+02 0.000000000000000e+00
4.211719200000000e+02 0.000000000000000e+00
4.212546000000000e+02 0.000000000000000e+00
4.213372800000000e+02 0.000000000000000e+00
4.214199600000000e+02 0.000000000000000e+00
4.215026400000000e+02 0.000000000000000e+00
4.215853200000000e+02 0.000000000000000e+00
4.216680000000000e+02 0.000000000000000e+00
4.217506800000000e+02 0.000000000000000e+00
4.218333600000000e+02 0.000000000000000e+00
4.219160400000000e+02 0.000000000000000e+00
4.219987200000000e+02 0.000000000000000e+00
4.220814000000000e+02 0.000000000000000e+00
4.221640800000000e+02 0.000000000000000e+00
4.222467600000000e+02 0.000000000000000e+00
4.223294400000000e+02 0.000000000000000e+00
4.224121200000000e+02 0.000000000000000e+00
4.224948000000000e+02 0.000000000000000e+00
4.225774800000000e+02 0.000000000000000e+00
4.226601600000000e+02 0.000000000000000e+00
4.227428400000000e+02 0.000000000000000e+00
4.228255200000000e+02 0.000000000000000e+00
4.229082000000000e+02 0.000000000000000e+00
4.229908800000000e+02 0.000000000000000e+00
4.230735600000000e+02 0.000000000000000e+00
4.231562400000000e+02 0.000000000000000e+00
4.232389200000000e+02 0.000000000000000e+00
4.233216000000000e+02 0.000000000000000e+00
4.234042800000000e+02 0.000000000000000e+00
4.234869600000000e+02 0.000000000000000e+00
4.235696400000000e+02 0.000000000000000e+00
4.236523200000000e+02 0.000000000000000e+00
4.237350000000000e+02 0.000000000000000e+00
4.238176800000000e+02 0.000000000000000e+00
4.239003600000000e+02 0.000000000000000e+00
4.239830400000000e+02 0.000000000000000e+00
4.240657200000000e+02 0.000000000000000e+00
4.241484000000000e+02 0.000000000000000e+00
4.242310800000000e+02 0.000000000000000e+00
4.243137600000000e+02 0.000000000000000e+00
4.243964400000000e+02 0.000000000000000e+00
4.244791200000000e+02 0.000000000000000e+00
4.245618000000000e+02 0.000000000000000e+00
4.246444800000000e+02 0.000000000000000e+00
4.247271600000000e+02 0.000000000000000e+00
4.248098400000000e+02 0.000000000000000e+00
4.248925200000000e+02 0.000000000000000e+00
4.249752000000000e+02 0.000000000000000e+00
4.250578800000000e+02 0.000000000000000e+00
4.251405600000000e+02 0.000000000000000e+00
4.252232400000000e+02 0.000000000000000e+00
4.253059200000000e+02 0.000000000000000e+00
4.253886000000000e+02 0.000000000000000e+00
4.254712800000000e+02 0.000000000000000e+00
4.255539600000000e+02 0.000000000000000e+00
4.256366400000000e+02 0.000000000000000e+00
4.257193200000000e+02 0.000000000000000e+00
4.258020000000000e+02 0.000000000000000e+00
4.258846800000000e+02 0.000000000000000e+00
4.259673600000000e+02 0.000000000000000e+00
4.260500400000000e+02 0.000000000000000e+00
4.261327200000000e+02 0.000000000000000e+00
4.262154000000000e+02 0.000000000000000e+00
4.262980800000000e+02 0.000000000000000e+00
4.263807600000000e+02 0.000000000000000e+00
4.264634400000000e+02 0.000000000000000e+00
4.265461200000000e+02 0.000000000000000e+00
4.266288000000000e+02 0.000000000000000e+00
4.267114800000000e+02 0.000000000000000e+00
4.267941600000000e+02 0.000000000000000e+00
4.268768400000000e+02 0.000000000000000e+00
4.269595200000000e+02 0.000000000000000e+00
4.270422000000000e+02 0.000000000000000e+00
4.271248800000000e+02 0.000000000000000e+00
4.272075600000000e+02 0.000000000000000e+00
4.272902400000000e+02 0.000000000000000e+00
4.273729200000000e+02 0.000000000000000e+00
4.274556000000000e+02 0.000000000000000e+00
4.275382800000000e+02 0.000000000000000e+00
4.276209600000000e+02 0.000000000000000e+00
4.277036400000000e+02 0.000000000000000e+00
4.277863200000000e+02 0.000000000000000e+00
4.278690000000000e+02 0.000000000000000e+00
4.279516800000000e+02 0.000000000000000e+00
4.280343600000000e+02 0.000000000000000e+00
4.281170400000000e+02 0.000000000000000e+00
4.281997200000000e+02 0.000000000000000e+00
4.282824000000000e+02 0.000000000000000e+00
4.283650800000000e+02 0.000000000000000e+00
4.284477600000000e+02 0.000000000000000e+00
4.285304400000000e+02 0.000000000000000e+00
4.286131200000000e+02 0.000000000000000e+00
4.286958000000000e+02 0.000000000000000e+00
4.287784800000000e+02 0.000000000000000e+00
4.288611600000000e+02 0.000000000000000e+00
4.289438400000000e+02 0.000000000000000e+00
4.290265200000000e+02 0.000000000000000e+00
4.291092000000000e+02 0.000000000000000e+00
4.291918800000000e+02 0.000000000000000e+00
4.292745600000000e+02 0.000000000000000e+00
4.293572400000000e+02 0.000000000000000e+00
4.294399200000000e+02 0.000000000000000e+00
4.295226000000000e+02 0.000000000000000e+00
4.296052800000000e+02 0.000000000000000e+00
4.296879600000000e+02 0.000000000000000e+00
4.297706400000000e+02 0.000000000000000e+00
4.298533200000000e+02 0.000000000000000e+00
4.299360000000000e+02 0.000000000000000e+00
4.300186800000000e+02 0.000000000000000e+00
4.301013600000000e+02 0.000000000000000e+00
4.301840400000000e+02 0.000000000000000e+00
4.302667200000000e+02 0.000000000000000e+00
4.303494000000000e+02 0.000000000000000e+00
4.304320800000000e+02 0.000000000000000e+00
4.305147600000000e+02 0.000000000000000e+00
4.305974400000000e+02 0.000000000000000e+00
4.306801200000000e+02 0.000000000000000e+00
4.307628000000000e+02 0.000000000000000e+00
4.308454800000000e+02 0.000000000000000e+00
4.309281600000000e+02 0.000000000000000e+00
4.310108400000000e+02 0.000000000000000e+00
4.310935200000000e+02 0.000000000000000e+00
4.311762000000000e+02 0.000000000000000e+00
4.312588800000000e+02 0.000000000000000e+00
4.313415600000000e+02 0.000000000000000e+00
4.314242400000000e+02 0.000000000000000e+00
4.315069200000000e+02 0.000000000000000e+00
4.315896000000000e+02 0.000000000000000e+00
4.316722800000000e+02 0.000000000000000e+00
4.317549600000000e+02 0.000000000000000e+00
4.318376400000000e+02 0.000000000000000e+00
4.319203200000000e+02 0.000000000000000e+00
4.320030000000000e+02 0.000000000000000e+00
4.320856800000000e+02 0.000000000000000e+00
4.321683600000000e+02 0.000000000000000e+00
4.322510400000000e+02 0.000000000000000e+00
4.323337200000000e+02 0.000000000000000e+00
4.324164000000000e+02 0.000000000000000e+00
4.324990800000000e+02 0.000000000000000e+00
4.325817600000000e+02 0.000000000000000e+00
4.326644400000000e+02 0.000000000000000e+00
4.327471200000000e+02 0.000000000000000e+00
4.328298000000000e+02 0.000000000000000e+00
4.329124800000000e+02 0.000000000000000e+00
4.329951600000000e+02 0.000000000000000e+00
4.330778400000000e+02 0.000000000000000e+00
4.331605200000000e+02 0.000000000000000e+00
4.332432000000000e+02 0.000000000000000e+00
4.333258800000000e+02 0.000000000000000e+00
4.334085600000000e+02 0.000000000000000e+00
4.334912400000000e+02 0.000000000000000e+00
4.335739200000000e+02 0.000000000000000e+00
4.336566000000000e+02 0.000000000000000e+00
4.337392800000000e+02 0.000000000000000e+00
4.338219600000000e+02 0.000000000000000e+00
4.339046400000000e+02 0.000000000000000e+00
4.339873200000000e+02 0.000000000000000e+00
4.340700000000000e+02 0.000000000000000e+00
4.341526800000000e+02 0.000000000000000e+00
4.342353600000000e+02 0.000000000000000e+00
4.343180400000000e+02 0.000000000000000e+00
4.344007200000000e+02 0.000000000000000e+00
4.344834000000000e+02 0.000000000000000e+00
4.345660800000000e+02 0.000000000000000e+00
4.346487600000000e+02 0.000000000000000e+00
4.347314400000000e+02 0.000000000000000e+00
4.348141200000000e+02 0.000000000000000e+00
4.348968000000000e+02 0.000000000000000e+00
4.349794800000000e+02 0.000000000000000e+00
4.350621600000000e+02 0.000000000000000e+00
4.351448400000000e+02 0.000000000000000e+00
4.352275200000000e+02 0.000000000000000e+00
4.353102000000000e+02 0.000000000000000e+00
4.353928800000000e+02 0.000000000000000e+00
4.354755600000000e+02 0.000000000000000e+00
4.355582400000000e+02 0.000000000000000e+00
4.356409200000000e+02 0.000000000000000e+00
4.357236000000000e+02 0.000000000000000e+00
4.358062800000000e+02 0.000000000000000e+00
4.358889600000000e+02 0.000000000000000e+00
4.359716400000000e+02 0.000000000000000e+00
4.360543200000000e+02 0.000000000000000e+00
4.361370000000000e+02 0.000000000000000e+00
4.362196800000000e+02 0.000000000000000e+00
4.363023600000000e+02 0.000000000000000e+00
4.363850400000000e+02 0.000000000000000e+00
4.364677200000000e+02 0.000000000000000e+00
4.365504000000000e+02 0.000000000000000e+00
4.366330800000000e+02 0.000000000000000e+00
4.367157600000000e+02 0.000000000000000e+00
4.367984400000000e+02 0.000000000000000e+00
4.368811200000000e+02 0.000000000000000e+00
4.369638000000000e+02 0.000000000000000e+00
4.370464800000000e+02 0.000000000000000e+00
4.371291600000000e+02 0.000000000000000e+00
4.372118400000000e+02 0.000000000000000e+00
4.372945200000000e+02 0.000000000000000e+00
4.373772000000000e+02 0.000000000000000e+00
4.374598800000000e+02 0.000000000000000e+00
4.375425600000000e+02 0.000000000000000e+00
4.376252400000000e+02 0.000000000000000e+00
4.377079200000000e+02 0.000000000000000e+00
4.377906000000000e+02 0.000000000000000e+00
4.378732800000000e+02 0.000000000000000e+00
4.379559600000000e+02 0.000000000000000e+00
4.380386400000000e+02 0.000000000000000e+00
4.381213200000000e+02 0.000000000000000e+00
4.382040000000000e+02 0.000000000000000e+00
4.382866800000000e+02 0.000000000000000e+00
4.383693600000000e+02 0.000000000000000e+00
4.384520400000000e+02 0.000000000000000e+00
4.385347200000000e+02 0.000000000000000e+00
4.386174000000000e+02 0.000000000000000e+00
4.387000800000000e+02 0.000000000000000e+00
4.387827600000000e+02 0.000000000000000e+00
4.388654400000000e+02 0.000000000000000e+00
4.389481200000000e+02 0.000000000000000e+00
4.390308000000000e+02 0.000000000000000e+00
4.391134800000000e+02 0.000000000000000e+00
4.391961600000000e+02 0.000000000000000e+00
4.392788400000000e+02 0.000000000000000e+00
4.393615200000000e+02 0.000000000000000e+00
4.394442000000000e+02 0.000000000000000e+00
4.395268800000000e+02 0.000000000000000e+00
4.396095600000000e+02 0.000000000000000e+00
4.396922400000000e+02 0.000000000000000e+00
4.397749200000000e+02 0.000000000000000e+00
4.398576000000000e+02 0.000000000000000e+00
4.399402800000000e+02 0.000000000000000e+00
4.400229600000000e+02 0.000000000000000e+00
4.401056400000000e+02 0.000000000000000e+00
4.401883200000000e+02 0.000000000000000e+00
4.402710000000000e+02 0.000000000000000e+00
4.403536800000000e+02 0.000000000000000e+00
4.404363600000000e+02 0.000000000000000e+00
4.405190400000000e+02 0.000000000000000e+00
4.406017200000000e+02 0.000000000000000e+00
4.406844000000000e+02 0.000000000000000e+00
4.407670800000000e+02 0.000000000000000e+00
4.408497600000000e+02 0.000000000000000e+00
4.409324400000000e+02 0.000000000000000e+00
4.410151200000000e+02 0.000000000000000e+00
4.410978000000000e+02 0.000000000000000e+00
4.411804800000000e+02 0.000000000000000e+00
4.412631600000000e+02 0.000000000000000e+00
4.413458400000000e+02 0.000000000000000e+00
4.414285200000000e+02 0.000000000000000e+00
4.415112000000000e+02 0.000000000000000e+00
4.415938800000000e+02 0.000000000000000e+00
4.416765600000000e+02 0.000000000000000e+00
4.417592400000000e+02 0.000000000000000e+00
4.418419200000000e+02 0.000000000000000e+00
4.419246000000000e+02 0.000000000000000e+00
4.420072800000000e+02 0.000000000000000e+00
4.420899600000000e+02 0.000000000000000e+00
4.421726400000000e+02 0.000000000000000e+00
4.422553200000000e+02 0.000000000000000e+00
4.423380000000000e+02 0.000000000000000e+00
4.424206800000000e+02 0.000000000000000e+00
4.425033600000000e+02 0.000000000000000e+00
4.425860400000000e+02 0.000000000000000e+00
4.426687200000000e+02 0.000000000000000e+00
4.427514000000000e+02 0.000000000000000e+00
4.428340800000000e+02 0.000000000000000e+00
4.429167600000000e+02 0.000000000000000e+00
4.429994400000000e+02 0.000000000000000e+00
4.430821200000000e+02 0.000000000000000e+00
4.431648000000000e+02 0.000000000000000e+00
4.432474800000000e+02 0.000000000000000e+00
4.433301600000000e+02 0.000000000000000e+00
4.434128400000000e+02 0.000000000000000e+00
4.434955200000000e+02 0.000000000000000e+00
4.435782000000000e+02 0.000000000000000e+00
4.436608800000000e+02 0.000000000000000e+00
4.437435600000000e+02 0.000000000000000e+00
4.438262400000000e+02 0.000000000000000e+00
4.439089200000000e+02 0.000000000000000e+00
4.439916000000000e+02 0.000000000000000e+00
4.440742800000000e+02 0.000000000000000e+00
4.441569600000000e+02 0.000000000000000e+00
4.442396400000000e+02 0.000000000000000e+00
4.443223200000000e+02 0.000000000000000e+00
4.444050000000000e+02 0.000000000000000e+00
4.444876800000000e+02 0.000000000000000e+00
4.445703600000000e+02 0.000000000000000e+00
4.446530400000000e+02 0.000000000000000e+00
4.447357200000000e+02 0.000000000000000e+00
4.448184000000000e+02 0.000000000000000e+00
4.449010800000000e+02 0.000000000000000e+00
4.449837600000000e+02 0.000000000000000e+00
4.450664400000000e+02 0.000000000000000e+00
4.451491200000000e+02 0.000000000000000e+00
4.452318000000000e+02 0.000000000000000e+00
4.453144800000000e+02 0.000000000000000e+00
4.453971600000000e+02 0.000000000000000e+00
4.454798400000000e+02 0.000000000000000e+00
4.455625200000000e+02 0.000000000000000e+00
4.456452000000000e+02 0.000000000000000e+00
4.457278800000000e+02 0.000000000000000e+00
4.458105600000000e+02 0.000000000000000e+00
4.458932400000000e+02 0.000000000000000e+00
4.459759200000000e+02 0.000000000000000e+00
4.460586000000000e+02 0.000000000000000e+00
4.461412800000000e+02 0.000000000000000e+00
4.462239600000000e+02 0.000000000000000e+00
4.463066400000000e+02 0.000000000000000e+00
4.463893200000000e+02 0.000000000000000e+00
4.464720000000000e+02 0.000000000000000e+00
4.465546800000000e+02 0.000000000000000e+00
4.466373600000000e+02 0.000000000000000e+00
4.467200400000000e+02 0.000000000000000e+00
4.468027200000000e+02 0.000000000000000e+00
4.468854000000000e+02 0.000000000000000e+00
4.469680800000000e+02 0.000000000000000e+00
4.470507600000000e+02 0.000000000000000e+00
4.471334400000000e+02 0.000000000000000e+00
4.472161200000000e+02 0.000000000000000e+00
4.472988000000000e+02 0.000000000000000e+00
4.473814800000000e+02 0.000000000000000e+00
4.474641600000000e+02 0.000000000000000e+00
4.475468400000000e+02 0.000000000000000e+00
4.476295200000000e+02 0.000000000000000e+00
4.477122000000000e+02 0.000000000000000e+00
4.477948800000000e+02 0.000000000000000e+00
4.478775600000000e+02 0.000000000000000e+00
4.479602400000000e+02 0.000000000000000e+00
4.480429200000000e+02 0.000000000000000e+00
4.481256000000000e+02 0.000000000000000e+00
4.482082800000000e+02 0.000000000000000e+00
4.482909600000000e+02 0.000000000000000e+00
4.483736400000000e+02 0.000000000000000e+00
4.484563200000000e+02 0.000000000000000e+00
4.485390000000000e+02 0.000000000000000e+00
4.486216800000000e+02 0.000000000000000e+00
4.487043600000000e+02 0.000000000000000e+00
4.487870400000000e+02 0.000000000000000e+00
4.488697200000000e+02 0.000000000000000e+00
4.489524000000000e+02 0.000000000000000e+00
4.490350800000000e+02 0.000000000000000e+00
4.491177600000000e+02 0.000000000000000e+00
4.492004400000000e+02 0.000000000000000e+00
4.492831200000000e+02 0.000000000000000e+00
4.493658000000000e+02 0.000000000000000e+00
4.494484800000000e+02 0.000000000000000e+00
4.495311600000000e+02 0.000000000000000e+00
4.496138400000000e+02 0.000000000000000e+00
4.496965200000000e+02 0.000000000000000e+00
4.497792000000000e+02 0.000000000000000e+00
4.498618800000000e+02 0.000000000000000e+00
4.499445600000000e+02 0.000000000000000e+00
4.500272400000000e+02 0.000000000000000e+00
4.501099200000000e+02 0.000000000000000e+00
4.501926000000000e+02 0.000000000000000e+00
4.502752800000000e+02 0.000000000000000e+00
4.503579600000000e+02 0.000000000000000e+00
4.504406400000000e+02 0.000000000000000e+00
4.505233200000000e+02 0.000000000000000e+00
4.506060000000000e+02 0.000000000000000e+00
4.506886800000000e+02 0.000000000000000e+00
4.507713600000000e+02 0.000000000000000e+00
4.508540400000000e+02 0.000000000000000e+00
4.509367200000000e+02 0.000000000000000e+00
4.510194000000000e+02 0.000000000000000e+00
4.511020800000000e+02 0.000000000000000e+00
4.511847600000000e+02 0.000000000000000e+00
4.512674400000000e+02 0.000000000000000e+00
4.513501200000000e+02 0.000000000000000e+00
4.514328000000000e+02 0.000000000000000e+00
4.515154800000000e+02 0.000000000000000e+00
4.515981600000000e+02 0.000000000000000e+00
4.516808400000000e+02 0.000000000000000e+00
4.517635200000000e+02 0.000000000000000e+00
4.518462000000000e+02 0.000000000000000e+00
4.519288800000000e+02 0.000000000000000e+00
4.520115600000000e+02 0.000000000000000e+00
4.520942400000000e+02 0.000000000000000e+00
4.521769200000000e+02 0.000000000000000e+00
4.522596000000000e+02 0.000000000000000e+00
4.523422800000000e+02 0.000000000000000e+00
4.524249600000000e+02 0.000000000000000e+00
4.525076400000000e+02 0.000000000000000e+00
4.525903200000000e+02 0.000000000000000e+00
4.526730000000000e+02 0.000000000000000e+00
4.527556800000000e+02 0.000000000000000e+00
4.528383600000000e+02 0.000000000000000e+00
4.529210400000000e+02 0.000000000000000e+00
4.530037200000000e+02 0.000000000000000e+00
4.530864000000000e+02 0.000000000000000e+00
4.531690800000000e+02 0.000000000000000e+00
4.532517600000000e+02 0.000000000000000e+00
4.533344400000000e+02 0.000000000000000e+00
4.534171200000000e+02 0.000000000000000e+00
4.534998000000000e+02 0.000000000000000e+00
4.535824800000000e+02 0.000000000000000e+00
4.536651600000000e+02 0.000000000000000e+00
4.537478400000000e+02 0.000000000000000e+00
4.538305200000000e+02 0.000000000000000e+00
4.539132000000000e+02 0.000000000000000e+00
4.539958800000000e+02 0.000000000000000e+00
4.540785600000000e+02 0.000000000000000e+00
4.541612400000000e+02 0.000000000000000e+00
4.542439200000000e+02 0.000000000000000e+00
4.543266000000000e+02 0.000000000000000e+00
4.544092800000000e+02 0.000000000000000e+00
4.544919600000000e+02 0.000000000000000e+00
4.545746400000000e+02 0.000000000000000e+00
4.546573200000000e+02 0.000000000000000e+00
4.547400000000000e+02 0.000000000000000e+00
4.548226800000000e+02 0.000000000000000e+00
4.549053600000000e+02 0.000000000000000e+00
4.549880400000000e+02 0.000000000000000e+00
4.550707200000000e+02 0.000000000000000e+00
4.551534000000000e+02 0.000000000000000e+00
4.552360800000000e+02 0.000000000000000e+00
4.553187600000000e+02 0.000000000000000e+00
4.554014400000000e+02 0.000000000000000e+00
4.554841200000000e+02 0.000000000000000e+00
4.555668000000000e+02 0.000000000000000e+00
4.556494800000000e+02 0.000000000000000e+00
4.557321600000000e+02 0.000000000000000e+00
4.558148400000000e+02 0.000000000000000e+00
4.558975200000000e+02 0.000000000000000e+00
4.559802000000000e+02 0.000000000000000e+00
4.560628800000000e+02 0.000000000000000e+00
4.561455600000000e+02 0.000000000000000e+00
4.562282400000000e+02 0.000000000000000e+00
4.563109200000000e+02 0.000000000000000e+00
4.563936000000000e+02 0.000000000000000e+00
4.564762800000000e+02 0.000000000000000e+00
4.565589600000000e+02 0.000000000000000e+00
4.566416400000000e+02 0.000000000000000e+00
4.567243200000000e+02 0.000000000000000e+00
4.568070000000000e+02 0.000000000000000e+00
4.568896800000000e+02 0.000000000000000e+00
4.569723600000000e+02 0.000000000000000e+00
4.570550400000000e+02 0.000000000000000e+00
4.571377200000000e+02 0.000000000000000e+00
4.572204000000000e+02 0.000000000000000e+00
4.573030800000000e+02 0.000000000000000e+00
4.573857600000000e+02 0.000000000000000e+00
4.574684400000000e+02 0.000000000000000e+00
4.575511200000000e+02 0.000000000000000e+00
4.576338000000000e+02 0.000000000000000e+00
4.577164800000000e+02 0.000000000000000e+00
4.577991600000000e+02 0.000000000000000e+00
4.578818400000000e+02 0.000000000000000e+00
4.579645200000000e+02 0.000000000000000e+00
4.580472000000000e+02 0.000000000000000e+00
4.581298800000000e+02 0.000000000000000e+00
4.582125600000000e+02 0.000000000000000e+00
4.582952400000000e+02 0.000000000000000e+00
4.583779200000000e+02 0.000000000000000e+00
4.584606000000000e+02 0.000000000000000e+00
4.585432800000000e+02 0.000000000000000e+00
4.586259600000000e+02 0.000000000000000e+00
4.587086400000000e+02 0.000000000000000e+00
4.587913200000000e+02 0.000000000000000e+00
4.588740000000000e+02 0.000000000000000e+00
4.589566800000000e+02 0.000000000000000e+00
4.590393600000000e+02 0.000000000000000e+00
4.591220400000000e+02 0.000000000000000e+00
4.592047200000000e+02 0.000000000000000e+00
4.592874000000000e+02 0.000000000000000e+00
4.593700800000000e+02 0.000000000000000e+00
4.594527600000000e+02 0.000000000000000e+00
4.595354400000000e+02 0.000000000000000e+00
4.596181200000000e+02 0.000000000000000e+00
4.597008000000000e+02 0.000000000000000e+00
4.597834800000000e+02 0.000000000000000e+00
4.598661600000000e+02 0.000000000000000e+00
4.599488400000000e+02 0.000000000000000e+00
4.600315200000000e+02 0.000000000000000e+00
4.601142000000000e+02 0.000000000000000e+00
4.601968800000000e+02 0.000000000000000e+00
4.602795600000000e+02 0.000000000000000e+00
4.603622400000000e+02 0.000000000000000e+00
4.604449200000000e+02 0.000000000000000e+00
4.605276000000000e+02 0.000000000000000e+00
4.606102800000000e+02 0.000000000000000e+00
4.606929600000000e+02 0.000000000000000e+00
4.607756400000000e+02 0.000000000000000e+00
4.608583200000000e+02 0.000000000000000e+00
4.609410000000000e+02 0.000000000000000e+00
4.610236800000000e+02 0.000000000000000e+00
4.611063600000000e+02 0.000000000000000e+00
4.611890400000000e+02 0.000000000000000e+00
4.612717200000000e+02 0.000000000000000e+00
4.613544000000000e+02 0.000000000000000e+00
4.614370800000000e+02 0.000000000000000e+00
4.615197600000000e+02 0.000000000000000e+00
4.616024400000000e+02 0.000000000000000e+00
4.616851200000000e+02 0.000000000000000e+00
4.617678000000000e+02 0.000000000000000e+00
4.618504800000000e+02 0.000000000000000e+00
4.619331600000000e+02 0.000000000000000e+00
4.620158400000000e+02 0.000000000000000e+00
4.620985200000000e+02 0.000000000000000e+00
4.621812000000000e+02 0.000000000000000e+00
4.622638800000000e+02 0.000000000000000e+00
4.623465600000000e+02 0.000000000000000e+00
4.624292400000000e+02 0.000000000000000e+00
4.625119200000000e+02 0.000000000000000e+00
4.625946000000000e+02 0.000000000000000e+00
4.626772800000000e+02 0.000000000000000e+00
4.627599600000000e+02 0.000000000000000e+00
4.628426400000000e+02 0.000000000000000e+00
4.629253200000000e+02 0.000000000000000e+00
4.630080000000000e+02 0.000000000000000e+00
4.630906800000000e+02 0.000000000000000e+00
4.631733600000000e+02 0.000000000000000e+00
4.632560400000000e+02 0.000000000000000e+00
4.633387200000000e+02 0.000000000000000e+00
4.634214000000000e+02 0.000000000000000e+00
4.635040800000000e+02 0.000000000000000e+00
4.635867600000000e+02 0.000000000000000e+00
4.636694400000000e+02 0.000000000000000e+00
4.637521200000000e+02 0.000000000000000e+00
4.638348000000000e+02 0.000000000000000e+00
4.639174800000000e+02 0.000000000000000e+00
4.640001600000000e+02 0.000000000000000e+00
4.640828400000000e+02 0.000000000000000e+00
4.641655200000000e+02 0.000000000000000e+00
4.642482000000000e+02 0.000000000000000e+00
4.643308800000000e+02 0.000000000000000e+00
4.644135600000000e+02 0.000000000000000e+00
4.644962400000000e+02 0.000000000000000e+00
4.645789200000000e+02 0.000000000000000e+00
4.646616000000000e+02 0.000000000000000e+00
4.647442800000000e+02 0.000000000000000e+00
4.648269600000000e+02 0.000000000000000e+00
4.649096400000000e+02 0.000000000000000e+00
4.649923200000000e+02 0.000000000000000e+00
4.650750000000000e+02 0.000000000000000e+00
4.651576800000000e+02 0.000000000000000e+00
4.652403600000000e+02 0.000000000000000e+00
4.653230400000000e+02 0.000000000000000e+00
4.654057200000000e+02 0.000000000000000e+00
4.654884000000000e+02 0.000000000000000e+00
4.655710800000000e+02 0.000000000000000e+00
4.656537600000000e+02 0.000000000000000e+00
4.657364400000000e+02 0.000000000000000e+00
4.658191200000000e+02 0.000000000000000e+00
4.659018000000000e+02 0.000000000000000e+00
4.659844800000000e+02 0.000000000000000e+00
4.660671600000000e+02 0.000000000000000e+00
4.661498400000000e+02 0.000000000000000e+00
4.662325200000000e+02 0.000000000000000e+00
4.663152000000000e+02 0.000000000000000e+00
4.663978800000000e+02 0.000000000000000e+00
4.664805600000000e+02 0.000000000000000e+00
4.665632400000000e+02 0.000000000000000e+00
4.666459200000000e+02 0.000000000000000e+00
4.667286000000000e+02 0.000000000000000e+00
4.668112800000000e+02 0.000000000000000e+00
4.668939600000000e+02 0.000000000000000e+00
4.669766400000000e+02 0.000000000000000e+00
4.670593200000000e+02 0.000000000000000e+00
4.671420000000000e+02 0.000000000000000e+00
4.672246800000000e+02 0.000000000000000e+00
4.673073600000000e+02 0.000000000000000e+00
4.673900400000000e+02 0.000000000000000e+00
4.674727200000000e+02 0.000000000000000e+00
4.675554000000000e+02 0.000000000000000e+00
4.676380800000000e+02 0.000000000000000e+00
4.677207600000000e+02 0.000000000000000e+00
4.678034400000000e+02 0.000000000000000e+00
4.678861200000000e+02 0.000000000000000e+00
4.679688000000000e+02 0.000000000000000e+00
4.680514800000000e+02 0.000000000000000e+00
4.681341600000000e+02 0.000000000000000e+00
4.682168400000000e+02 0.000000000000000e+00
4.682995200000000e+02 0.000000000000000e+00
4.683822000000000e+02 0.000000000000000e+00
4.684648800000000e+02 0.000000000000000e+00
4.685475600000000e+02 0.000000000000000e+00
4.686302400000000e+02 0.000000000000000e+00
4.687129200000000e+02 0.000000000000000e+00
4.687956000000000e+02 0.000000000000000e+00
4.688782800000000e+02 0.000000000000000e+00
4.689609600000000e+02 0.000000000000000e+00
4.690436400000000e+02 0.000000000000000e+00
4.691263200000000e+02 0.000000000000000e+00
4.692090000000000e+02 0.000000000000000e+00
4.692916800000000e+02 0.000000000000000e+00
4.693743600000000e+02 0.000000000000000e+00
4.694570400000000e+02 0.000000000000000e+00
4.695397200000000e+02 0.000000000000000e+00
4.696224000000000e+02 0.000000000000000e+00
4.697050800000000e+02 0.000000000000000e+00
4.697877600000000e+02 0.000000000000000e+00
4.698704400000000e+02 0.000000000000000e+00
4.699531200000000e+02 0.000000000000000e+00
4.700358000000000e+02 0.000000000000000e+00
4.701184800000000e+02 0.000000000000000e+00
4.702011600000000e+02 0.000000000000000e+00
4.702838400000000e+02 0.000000000000000e+00
4.703665200000000e+02 0.000000000000000e+00
4.704492000000000e+02 0.000000000000000e+00
4.705318800000000e+02 0.000000000000000e+00
4.706145600000000e+02 0.000000000000000e+00
4.706972400000000e+02 0.000000000000000e+00
4.707799200000000e+02 0.000000000000000e+00
4.708626000000000e+02 0.000000000000000e+00
4.709452800000000e+02 0.000000000000000e+00
4.710279600000000e+02 0.000000000000000e+00
4.711106400000000e+02 0.000000000000000e+00
4.711933200000000e+02 0.000000000000000e+00
4.712760000000000e+02 0.000000000000000e+00
4.713586800000000e+02 0.000000000000000e+00
4.714413600000000e+02 0.000000000000000e+00
4.715240400000000e+02 0.000000000000000e+00
4.716067200000000e+02 0.000000000000000e+00
4.716894000000000e+02 0.000000000000000e+00
4.717720800000000e+02 0.000000000000000e+00
4.718547600000000e+02 0.000000000000000e+00
4.719374400000000e+02 0.000000000000000e+00
4.720201200000000e+02 0.000000000000000e+00
4.721028000000000e+02 0.000000000000000e+00
4.721854800000000e+02 0.000000000000000e+00
4.722681600000000e+02 0.000000000000000e+00
4.723508400000000e+02 0.000000000000000e+00
4.724335200000000e+02 0.000000000000000e+00
4.725162000000000e+02 0.000000000000000e+00
4.725988800000000e+02 0.000000000000000e+00
4.726815600000000e+02 0.000000000000000e+00
4.727642400000000e+02 0.000000000000000e+00
4.728469200000000e+02 0.000000000000000e+00
4.729296000000000e+02 0.000000000000000e+00
4.730122800000000e+02 0.000000000000000e+00
4.730949600000000e+02 0.000000000000000e+00
4.731776400000000e+02 0.000000000000000e+00
4.732603200000000e+02 0.000000000000000e+00
4.733430000000000e+02 0.000000000000000e+00
4.734256800000000e+02 0.000000000000000e+00
4.735083600000000e+02 0.000000000000000e+00
4.735910400000000e+02 0.000000000000000e+00
4.736737200000000e+02 0.000000000000000e+00
4.737564000000000e+02 0.000000000000000e+00
4.738390800000000e+02 0.000000000000000e+00
4.739217600000000e+02 0.000000000000000e+00
4.740044400000000e+02 0.000000000000000e+00
4.740871200000000e+02 0.000000000000000e+00
4.741698000000000e+02 0.000000000000000e+00
4.742524800000000e+02 0.000000000000000e+00
4.743351600000000e+02 0.000000000000000e+00
4.744178400000000e+02 0.000000000000000e+00
4.745005200000000e+02 0.000000000000000e+00
4.745832000000000e+02 0.000000000000000e+00
4.746658800000000e+02 0.000000000000000e+00
4.747485600000000e+02 0.000000000000000e+00
4.748312400000000e+02 0.000000000000000e+00
4.749139200000000e+02 0.000000000000000e+00
4.749966000000000e+02 0.000000000000000e+00
4.750792800000000e+02 0.000000000000000e+00
4.751619600000000e+02 0.000000000000000e+00
4.752446400000000e+02 0.000000000000000e+00
4.753273200000000e+02 0.000000000000000e+00
4.754100000000000e+02 0.000000000000000e+00
4.754926800000000e+02 0.000000000000000e+00
4.755753600000000e+02 0.000000000000000e+00
4.756580400000000e+02 0.000000000000000e+00
4.757407200000000e+02 0.000000000000000e+00
4.758234000000000e+02 0.000000000000000e+00
4.759060800000000e+02 0.000000000000000e+00
4.759887600000000e+02 0.000000000000000e+00
4.760714400000000e+02 0.000000000000000e+00
4.761541200000000e+02 0.000000000000000e+00
4.762368000000000e+02 0.000000000000000e+00
4.763194800000000e+02 0.000000000000000e+00
4.764021600000000e+02 0.000000000000000e+00
4.764848400000000e+02 0.000000000000000e+00
4.765675200000000e+02 0.000000000000000e+00
4.766502000000000e+02 0.000000000000000e+00
4.767328800000000e+02 0.000000000000000e+00
4.768155600000000e+02 0.000000000000000e+00
4.768982400000000e+02 0.000000000000000e+00
4.769809200000000e+02 0.000000000000000e+00
4.770636000000000e+02 0.000000000000000e+00
4.771462800000000e+02 0.000000000000000e+00
4.772289600000000e+02 0.000000000000000e+00
4.773116400000000e+02 0.000000000000000e+00
4.773943200000000e+02 0.000000000000000e+00
4.774770000000000e+02 0.000000000000000e+00
4.775596800000000e+02 0.000000000000000e+00
4.776423600000000e+02 0.000000000000000e+00
4.777250400000000e+02 0.000000000000000e+00
4.778077200000000e+02 0.000000000000000e+00
4.778904000000000e+02 0.000000000000000e+00
4.779730800000000e+02 0.000000000000000e+00
4.780557600000000e+02 0.000000000000000e+00
4.781384400000000e+02 0.000000000000000e+00
4.782211200000000e+02 0.000000000000000e+00
4.783038000000000e+02 0.000000000000000e+00
4.783864800000000e+02 0.000000000000000e+00
4.784691600000000e+02 0.000000000000000e+00
4.785518400000000e+02 0.000000000000000e+00
4.786345200000000e+02 0.000000000000000e+00
4.787172000000000e+02 0.000000000000000e+00
4.787998800000000e+02 0.000000000000000e+00
4.788825600000000e+02 0.000000000000000e+00
4.789652400000000e+02 0.000000000000000e+00
4.790479200000000e+02 0.000000000000000e+00
4.791306000000000e+02 0.000000000000000e+00
4.792132800000000e+02 0.000000000000000e+00
4.792959600000000e+02 0.000000000000000e+00
4.793786400000000e+02 0.000000000000000e+00
4.794613200000000e+02 0.000000000000000e+00
4.795440000000000e+02 0.000000000000000e+00
4.796266800000000e+02 0.000000000000000e+00
4.797093600000000e+02 0.000000000000000e+00
4.797920400000000e+02 0.000000000000000e+00
4.798747200000000e+02 0.000000000000000e+00
4.799574000000000e+02 0.000000000000000e+00
4.800400800000000e+02 0.000000000000000e+00
4.801227600000000e+02 0.000000000000000e+00
4.802054400000000e+02 0.000000000000000e+00
4.802881200000000e+02 0.000000000000000e+00
4.803708000000000e+02 0.000000000000000e+00
4.804534800000000e+02 0.000000000000000e+00
4.805361600000000e+02 0.000000000000000e+00
4.806188400000000e+02 0.000000000000000e+00
4.807015200000000e+02 0.000000000000000e+00
4.807842000000000e+02 0.000000000000000e+00
4.808668800000000e+02 0.000000000000000e+00
4.809495600000000e+02 0.000000000000000e+00
4.810322400000000e+02 0.000000000000000e+00
4.811149200000000e+02 0.000000000000000e+00
4.811976000000000e+02 0.000000000000000e+00
4.812802800000000e+02 0.000000000000000e+00
4.813629600000000e+02 0.000000000000000e+00
4.814456400000000e+02 0.000000000000000e+00
4.815283200000000e+02 0.000000000000000e+00
4.816110000000000e+02 0.000000000000000e+00
4.816936800000000e+02 0.000000000000000e+00
4.817763600000000e+02 0.000000000000000e+00
4.818590400000000e+02 0.000000000000000e+00
4.819417200000000e+02 0.000000000000000e+00
4.820244000000000e+02 0.000000000000000e+00
4.821070800000000e+02 0.000000000000000e+00
4.821897600000000e+02 0.000000000000000e+00
4.822724400000000e+02 0.000000000000000e+00
4.823551200000000e+02 0.000000000000000e+00
4.824378000000000e+02 0.000000000000000e+00
4.825204800000000e+02 0.000000000000000e+00
4.826031600000000e+02 0.000000000000000e+00
4.826858400000000e+02 0.000000000000000e+00
4.827685200000000e+02 0.000000000000000e+00
4.828512000000000e+02 0.000000000000000e+00
4.829338800000000e+02 0.000000000000000e+00
4.830165600000000e+02 0.000000000000000e+00
4.830992400000000e+02 0.000000000000000e+00
4.831819200000000e+02 0.000000000000000e+00
4.832646000000000e+02 0.000000000000000e+00
4.833472800000000e+02 0.000000000000000e+00
4.834299600000000e+02 0.000000000000000e+00
4.835126400000000e+02 0.000000000000000e+00
4.835953200000000e+02 0.000000000000000e+00
4.836780000000000e+02 0.000000000000000e+00
4.837606800000000e+02 0.000000000000000e+00
4.838433600000000e+02 0.000000000000000e+00
4.839260400000000e+02 0.000000000000000e+00
4.840087200000000e+02 0.000000000000000e+00
4.840914000000000e+02 0.000000000000000e+00
4.841740800000000e+02 0.000000000000000e+00
4.842567600000000e+02 0.000000000000000e+00
4.843394400000000e+02 0.000000000000000e+00
4.844221200000000e+02 0.000000000000000e+00
4.845048000000000e+02 0.000000000000000e+00
4.845874800000000e+02 0.000000000000000e+00
4.846701600000000e+02 0.000000000000000e+00
4.847528400000000e+02 0.000000000000000e+00
4.848355200000000e+02 0.000000000000000e+00
4.849182000000000e+02 0.000000000000000e+00
4.850008800000000e+02 0.000000000000000e+00
4.850835600000000e+02 0.000000000000000e+00
4.851662400000000e+02 0.000000000000000e+00
4.852489200000000e+02 0.000000000000000e+00
4.853316000000000e+02 0.000000000000000e+00
4.854142800000000e+02 0.000000000000000e+00
4.854969600000000e+02 0.000000000000000e+00
4.855796400000000e+02 0.000000000000000e+00
4.856623200000000e+02 0.000000000000000e+00
4.857450000000000e+02 0.000000000000000e+00
4.858276800000000e+02 0.000000000000000e+00
4.859103600000000e+02 0.000000000000000e+00
4.859930400000000e+02 0.000000000000000e+00
4.860757200000000e+02 0.000000000000000e+00
4.861584000000000e+02 0.000000000000000e+00
4.862410800000000e+02 0.000000000000000e+00
4.863237600000000e+02 0.000000000000000e+00
4.864064400000000e+02 0.000000000000000e+00
4.864891200000000e+02 0.000000000000000e+00
4.865718000000000e+02 0.000000000000000e+00
4.866544800000000e+02 0.000000000000000e+00
4.867371600000000e+02 0.000000000000000e+00
4.868198400000000e+02 0.000000000000000e+00
4.869025200000000e+02 0.000000000000000e+00
4.869852000000000e+02 0.000000000000000e+00
4.870678800000000e+02 0.000000000000000e+00
4.871505600000000e+02 0.000000000000000e+00
4.872332400000000e+02 0.000000000000000e+00
4.873159200000000e+02 0.000000000000000e+00
4.873986000000000e+02 0.000000000000000e+00
4.874812800000000e+02 0.000000000000000e+00
4.875639600000000e+02 0.000000000000000e+00
4.876466400000000e+02 0.000000000000000e+00
4.877293200000000e+02 0.000000000000000e+00
4.878120000000000e+02 0.000000000000000e+00
4.878946800000000e+02 0.000000000000000e+00
4.879773600000000e+02 0.000000000000000e+00
4.880600400000000e+02 0.000000000000000e+00
4.881427200000000e+02 0.000000000000000e+00
4.882254000000000e+02 0.000000000000000e+00
4.883080800000000e+02 0.000000000000000e+00
4.883907600000000e+02 0.000000000000000e+00
4.884734400000000e+02 0.000000000000000e+00
4.885561200000000e+02 0.000000000000000e+00
4.886388000000000e+02 0.000000000000000e+00
4.887214800000000e+02 0.000000000000000e+00
4.888041600000000e+02 0.000000000000000e+00
4.888868400000000e+02 0.000000000000000e+00
4.889695200000000e+02 0.000000000000000e+00
4.890522000000000e+02 0.000000000000000e+00
4.891348800000000e+02 0.000000000000000e+00
4.892175600000000e+02 0.000000000000000e+00
4.893002400000000e+02 0.000000000000000e+00
4.893829200000000e+02 0.000000000000000e+00
4.894656000000000e+02 0.000000000000000e+00
4.895482800000000e+02 0.000000000000000e+00
4.896309600000000e+02 0.000000000000000e+00
4.897136400000000e+02 0.000000000000000e+00
4.897963200000000e+02 0.000000000000000e+00
4.898790000000000e+02 0.000000000000000e+00
4.899616800000000e+02 0.000000000000000e+00
4.900443600000000e+02 0.000000000000000e+00
4.901270400000000e+02 0.000000000000000e+00
4.902097200000000e+02 0.000000000000000e+00
4.902924000000000e+02 0.000000000000000e+00
4.903750800000000e+02 0.000000000000000e+00
4.904577600000000e+02 0.000000000000000e+00
4.905404400000000e+02 0.000000000000000e+00
4.906231200000000e+02 0.000000000000000e+00
4.907058000000000e+02 0.000000000000000e+00
4.907884800000000e+02 0.000000000000000e+00
4.908711600000000e+02 0.000000000000000e+00
4.909538400000000e+02 0.000000000000000e+00
4.910365200000000e+02 0.000000000000000e+00
4.911192000000000e+02 0.000000000000000e+00
4.912018800000000e+02 0.000000000000000e+00
4.912845600000000e+02 0.000000000000000e+00
4.913672400000000e+02 0.000000000000000e+00
4.914499200000000e+02 0.000000000000000e+00
4.915326000000000e+02 0.000000000000000e+00
4.916152800000000e+02 0.000000000000000e+00
4.916979600000000e+02 0.000000000000000e+00
4.917806400000000e+02 0.000000000000000e+00
4.918633200000000e+02 0.000000000000000e+00
4.919460000000000e+02 0.000000000000000e+00
4.920286800000000e+02 0.000000000000000e+00
4.921113600000000e+02 0.000000000000000e+00
4.921940400000000e+02 0.000000000000000e+00
4.922767200000000e+02 0.000000000000000e+00
4.923594000000000e+02 0.000000000000000e+00
4.924420800000000e+02 0.000000000000000e+00
4.925247600000000e+02 0.000000000000000e+00
4.926074400000000e+02 0.000000000000000e+00
4.926901200000000e+02 0.000000000000000e+00
4.927728000000000e+02 0.000000000000000e+00
4.928554800000000e+02 0.000000000000000e+00
4.929381600000000e+02 0.000000000000000e+00
4.930208400000000e+02 0.000000000000000e+00
4.931035200000000e+02 0.000000000000000e+00
4.931862000000000e+02 0.000000000000000e+00
4.932688800000000e+02 0.000000000000000e+00
4.933515600000000e+02 0.000000000000000e+00
4.934342400000000e+02 0.000000000000000e+00
4.935169200000000e+02 0.000000000000000e+00
4.935996000000000e+02 0.000000000000000e+00
4.936822800000000e+02 0.000000000000000e+00
4.937649600000000e+02 0.000000000000000e+00
4.938476400000000e+02 0.000000000000000e+00
4.939303200000000e+02 0.000000000000000e+00
4.940130000000000e+02 0.000000000000000e+00
4.940956800000000e+02 0.000000000000000e+00
4.941783600000000e+02 0.000000000000000e+00
4.942610400000000e+02 0.000000000000000e+00
4.943437200000000e+02 0.000000000000000e+00
4.944264000000000e+02 0.000000000000000e+00
4.945090800000000e+02 0.000000000000000e+00
4.945917600000000e+02 0.000000000000000e+00
4.946744400000000e+02 0.000000000000000e+00
4.947571200000000e+02 0.000000000000000e+00
4.948398000000000e+02 0.000000000000000e+00
4.949224800000000e+02 0.000000000000000e+00
4.950051600000000e+02 0.000000000000000e+00
4.950878400000000e+02 0.000000000000000e+00
4.951705200000000e+02 0.000000000000000e+00
4.952532000000000e+02 0.000000000000000e+00
4.953358800000000e+02 0.000000000000000e+00
4.954185600000000e+02 0.000000000000000e+00
4.955012400000000e+02 0.000000000000000e+00
4.955839200000000e+02 0.000000000000000e+00
4.956666000000000e+02 0.000000000000000e+00
4.957492800000000e+02 0.000000000000000e+00
4.958319600000000e+02 0.000000000000000e+00
4.959146400000000e+02 0.000000000000000e+00
4.959973200000000e+02 0.000000000000000e+00
4.960800000000000e+02 0.000000000000000e+00
4.961626800000000e+02 0.000000000000000e+00
4.962453600000000e+02 0.000000000000000e+00
4.963280400000000e+02 0.000000000000000e+00
4.964107200000000e+02 0.000000000000000e+00
4.964934000000000e+02 0.000000000000000e+00
4.965760800000000e+02 0.000000000000000e+00
4.966587600000000e+02 0.000000000000000e+00
4.967414400000000e+02 0.000000000000000e+00
4.968241200000000e+02 0.000000000000000e+00
4.969068000000000e+02 0.000000000000000e+00
4.969894800000000e+02 0.000000000000000e+00
4.970721600000000e+02 0.000000000000000e+00
4.971548400000000e+02 0.000000000000000e+00
4.972375200000000e+02 0.000000000000000e+00
4.973202000000000e+02 0.000000000000000e+00
4.974028800000000e+02 0.000000000000000e+00
4.974855600000000e+02 0.000000000000000e+00
4.975682400000000e+02 0.000000000000000e+00
4.976509200000000e+02 0.000000000000000e+00
4.977336000000000e+02 0.000000000000000e+00
4.978162800000000e+02 0.000000000000000e+00
4.978989600000000e+02 0.000000000000000e+00
4.979816400000000e+02 0.000000000000000e+00
4.980643200000000e+02 0.000000000000000e+00
4.981470000000000e+02 0.000000000000000e+00
4.982296800000000e+02 0.000000000000000e+00
4.983123600000000e+02 0.000000000000000e+00
4.983950400000000e+02 0.000000000000000e+00
4.984777200000000e+02 0.000000000000000e+00
4.985604000000000e+02 0.000000000000000e+00
4.986430800000000e+02 0.000000000000000e+00
4.987257600000000e+02 0.000000000000000e+00
4.988084400000000e+02 0.000000000000000e+00
4.988911200000000e+02 0.000000000000000e+00
4.989738000000000e+02 0.000000000000000e+00
4.990564800000000e+02 0.000000000000000e+00
4.991391600000000e+02 0.000000000000000e+00
4.992218400000000e+02 0.000000000000000e+00
4.993045200000000e+02 0.000000000000000e+00
4.993872000000000e+02 0.000000000000000e+00
4.994698800000000e+02 0.000000000000000e+00
4.995525600000000e+02 0.000000000000000e+00
4.996352400000000e+02 0.000000000000000e+00
4.997179200000000e+02 0.000000000000000e+00
4.998006000000000e+02 0.000000000000000e+00
4.998832800000000e+02 0.000000000000000e+00
4.999659600000000e+02 0.000000000000000e+00
5.000486400000000e+02 0.000000000000000e+00
5.001313200000000e+02 0.000000000000000e+00
5.002140000000000e+02 0.000000000000000e+00
5.002966800000000e+02 0.000000000000000e+00
5.003793600000000e+02 0.000000000000000e+00
5.004620400000000e+02 0.000000000000000e+00
5.005447200000000e+02 0.000000000000000e+00
5.006274000000000e+02 0.000000000000000e+00
5.007100800000000e+02 0.000000000000000e+00
5.007927600000000e+02 0.000000000000000e+00
5.008754400000000e+02 0.000000000000000e+00
5.009581200000000e+02 0.000000000000000e+00
5.010408000000000e+02 0.000000000000000e+00
5.011234800000000e+02 0.000000000000000e+00
5.012061600000000e+02 0.000000000000000e+00
5.012888400000000e+02 0.000000000000000e+00
5.013715200000000e+02 0.000000000000000e+00
5.014542000000000e+02 0.000000000000000e+00
5.015368800000000e+02 0.000000000000000e+00
5.016195600000000e+02 0.000000000000000e+00
5.017022400000000e+02 0.000000000000000e+00
5.017849200000000e+02 0.000000000000000e+00
5.018676000000000e+02 0.000000000000000e+00
5.019502800000000e+02 0.000000000000000e+00
5.020329600000000e+02 0.000000000000000e+00
5.021156400000000e+02 0.000000000000000e+00
5.021983200000000e+02 0.000000000000000e+00
5.022810000000000e+02 0.000000000000000e+00
5.023636800000000e+02 0.000000000000000e+00
5.024463600000000e+02 0.000000000000000e+00
5.025290400000000e+02 0.000000000000000e+00
5.026117200000000e+02 0.000000000000000e+00
5.026944000000000e+02 0.000000000000000e+00
5.027770800000000e+02 0.000000000000000e+00
5.028597600000000e+02 0.000000000000000e+00
5.029424400000000e+02 0.000000000000000e+00
5.030251200000000e+02 0.000000000000000e+00
5.031078000000000e+02 0.000000000000000e+00
5.031904800000000e+02 0.000000000000000e+00
5.032731600000000e+02 0.000000000000000e+00
5.033558400000000e+02 0.000000000000000e+00
5.034385200000000e+02 0.000000000000000e+00
5.035212000000000e+02 0.000000000000000e+00
5.036038800000000e+02 0.000000000000000e+00
5.036865600000000e+02 0.000000000000000e+00
5.037692400000000e+02 0.000000000000000e+00
5.038519200000000e+02 0.000000000000000e+00
5.039346000000000e+02 0.000000000000000e+00
5.040172800000000e+02 0.000000000000000e+00
5.040999600000000e+02 0.000000000000000e+00
5.041826400000000e+02 0.000000000000000e+00
5.042653200000000e+02 0.000000000000000e+00
5.043480000000000e+02 0.000000000000000e+00
5.044306800000000e+02 0.000000000000000e+00
5.045133600000000e+02 0.000000000000000e+00
5.045960400000000e+02 0.000000000000000e+00
5.046787200000000e+02 0.000000000000000e+00
5.047614000000000e+02 0.000000000000000e+00
5.048440800000000e+02 0.000000000000000e+00
5.049267600000000e+02 0.000000000000000e+00
5.050094400000000e+02 0.000000000000000e+00
5.050921200000000e+02 0.000000000000000e+00
5.051748000000000e+02 0.000000000000000e+00
5.052574800000000e+02 0.000000000000000e+00
5.053401600000000e+02 0.000000000000000e+00
5.054228400000000e+02 0.000000000000000e+00
5.055055200000000e+02 0.000000000000000e+00
5.055882000000000e+02 0.000000000000000e+00
5.056708800000000e+02 0.000000000000000e+00
5.057535600000000e+02 0.000000000000000e+00
5.058362400000000e+02 0.000000000000000e+00
5.059189200000000e+02 0.000000000000000e+00
5.060016000000000e+02 0.000000000000000e+00
5.060842800000000e+02 0.000000000000000e+00
5.061669600000000e+02 0.000000000000000e+00
5.062496400000000e+02 0.000000000000000e+00
5.063323200000000e+02 0.000000000000000e+00
5.064150000000000e+02 0.000000000000000e+00
5.064976800000000e+02 0.000000000000000e+00
5.065803600000000e+02 0.000000000000000e+00
5.066630400000000e+02 0.000000000000000e+00
5.067457200000000e+02 0.000000000000000e+00
5.068284000000000e+02 0.000000000000000e+00
5.069110800000000e+02 0.000000000000000e+00
5.069937600000000e+02 0.000000000000000e+00
5.070764400000000e+02 0.000000000000000e+00
5.071591200000000e+02 0.000000000000000e+00
5.072418000000000e+02 0.000000000000000e+00
5.073244800000000e+02 0.000000000000000e+00
5.074071600000000e+02 0.000000000000000e+00
5.074898400000000e+02 0.000000000000000e+00
5.075725200000000e+02 0.000000000000000e+00
5.076552000000000e+02 0.000000000000000e+00
5.077378800000000e+02 0.000000000000000e+00
5.078205600000000e+02 0.000000000000000e+00
5.079032400000000e+02 0.000000000000000e+00
5.079859200000000e+02 0.000000000000000e+00
5.080686000000000e+02 0.000000000000000e+00
5.081512800000000e+02 0.000000000000000e+00
5.082339600000000e+02 0.000000000000000e+00
5.083166400000000e+02 0.000000000000000e+00
5.083993200000000e+02 0.000000000000000e+00
5.084820000000000e+02 0.000000000000000e+00
5.085646800000000e+02 0.000000000000000e+00
5.086473600000000e+02 0.000000000000000e+00
5.087300400000000e+02 0.000000000000000e+00
5.088127200000000e+02 0.000000000000000e+00
5.088954000000000e+02 0.000000000000000e+00
5.089780800000000e+02 0.000000000000000e+00
5.090607600000000e+02 0.000000000000000e+00
5.091434400000000e+02 0.000000000000000e+00
5.092261200000000e+02 0.000000000000000e+00
5.093088000000000e+02 0.000000000000000e+00
5.093914800000000e+02 0.000000000000000e+00
5.094741600000000e+02 0.000000000000000e+00
5.095568400000000e+02 0.000000000000000e+00
5.096395200000000e+02 0.000000000000000e+00
5.097222000000000e+02 0.000000000000000e+00
5.098048800000000e+02 0.000000000000000e+00
5.098875600000000e+02 0.000000000000000e+00
5.099702400000000e+02 0.000000000000000e+00
5.100529200000000e+02 0.000000000000000e+00
5.101356000000000e+02 0.000000000000000e+00
5.102182800000000e+02 0.000000000000000e+00
5.103009600000000e+02 0.000000000000000e+00
5.103836400000000e+02 0.000000000000000e+00
5.104663200000000e+02 0.000000000000000e+00
5.105490000000000e+02 0.000000000000000e+00
5.106316800000000e+02 0.000000000000000e+00
5.107143600000000e+02 0.000000000000000e+00
5.107970400000000e+02 0.000000000000000e+00
5.108797200000000e+02 0.000000000000000e+00
5.109624000000000e+02 0.000000000000000e+00
5.110450800000000e+02 0.000000000000000e+00
5.111277600000000e+02 0.000000000000000e+00
5.112104400000000e+02 0.000000000000000e+00
5.112931200000000e+02 0.000000000000000e+00
5.113758000000000e+02 0.000000000000000e+00
5.114584800000000e+02 0.000000000000000e+00
5.115411600000000e+02 0.000000000000000e+00
5.116238400000000e+02 0.000000000000000e+00
5.117065200000000e+02 0.000000000000000e+00
5.117892000000000e+02 0.000000000000000e+00
5.118718800000000e+02 0.000000000000000e+00
5.119545600000000e+02 0.000000000000000e+00
5.120372400000000e+02 0.000000000000000e+00
5.121199200000000e+02 0.000000000000000e+00
5.122026000000001e+02 0.000000000000000e+00
5.122852800000001e+02 0.000000000000000e+00
5.123679600000000e+02 0.000000000000000e+00
5.124506400000000e+02 0.000000000000000e+00
5.125333200000000e+02 0.000000000000000e+00
5.126160000000000e+02 0.000000000000000e+00
5.126986800000000e+02 0.000000000000000e+00
5.127813600000001e+02 0.000000000000000e+00
5.128640400000000e+02 0.000000000000000e+00
5.129467200000000e+02 0.000000000000000e+00
5.130294000000000e+02 0.000000000000000e+00
5.131120800000000e+02 0.000000000000000e+00
5.131947600000000e+02 0.000000000000000e+00
5.132774400000001e+02 0.000000000000000e+00
5.133601200000001e+02 0.000000000000000e+00
5.134428000000000e+02 0.000000000000000e+00
5.135254800000000e+02 0.000000000000000e+00
5.136081600000000e+02 0.000000000000000e+00
5.136908400000000e+02 0.000000000000000e+00
5.137735200000001e+02 0.000000000000000e+00
5.138562000000001e+02 0.000000000000000e+00
5.139388800000000e+02 0.000000000000000e+00
5.140215600000000e+02 0.000000000000000e+00
5.141042400000000e+02 0.000000000000000e+00
5.141869200000000e+02 0.000000000000000e+00
5.142696000000000e+02 0.000000000000000e+00
5.143522800000001e+02 0.000000000000000e+00
5.144349600000000e+02 0.000000000000000e+00
5.145176400000000e+02 0.000000000000000e+00
5.146003200000000e+02 0.000000000000000e+00
5.146830000000000e+02 0.000000000000000e+00
5.147656800000000e+02 0.000000000000000e+00
5.148483600000001e+02 0.000000000000000e+00
5.149310400000001e+02 0.000000000000000e+00
5.150137200000000e+02 0.000000000000000e+00
5.150964000000000e+02 0.000000000000000e+00
5.151790800000000e+02 0.000000000000000e+00
5.152617600000000e+02 0.000000000000000e+00
5.153444400000001e+02 0.000000000000000e+00
5.154271200000001e+02 0.000000000000000e+00
5.155098000000000e+02 0.000000000000000e+00
5.155924800000000e+02 0.000000000000000e+00
5.156751600000000e+02 0.000000000000000e+00
5.157578400000000e+02 0.000000000000000e+00
5.158405200000000e+02 0.000000000000000e+00
5.159232000000001e+02 0.000000000000000e+00
5.160058800000000e+02 0.000000000000000e+00
5.160885600000000e+02 0.000000000000000e+00
5.161712400000000e+02 0.000000000000000e+00
5.162539200000000e+02 0.000000000000000e+00
5.163366000000000e+02 0.000000000000000e+00
5.164192800000001e+02 0.000000000000000e+00
5.165019600000001e+02 0.000000000000000e+00
5.165846400000000e+02 0.000000000000000e+00
5.166673200000000e+02 0.000000000000000e+00
5.167500000000000e+02 0.000000000000000e+00
5.168326800000000e+02 0.000000000000000e+00
5.169153600000001e+02 0.000000000000000e+00
5.169980400000001e+02 0.000000000000000e+00
5.170807200000000e+02 0.000000000000000e+00
5.171634000000000e+02 0.000000000000000e+00
5.172460800000000e+02 0.000000000000000e+00
5.173287600000000e+02 0.000000000000000e+00
5.174114400000000e+02 0.000000000000000e+00
5.174941200000001e+02 0.000000000000000e+00
5.175768000000000e+02 0.000000000000000e+00
5.176594800000000e+02 0.000000000000000e+00
5.177421600000000e+02 0.000000000000000e+00
5.178248400000000e+02 0.000000000000000e+00
5.179075200000000e+02 0.000000000000000e+00
5.179902000000001e+02 0.000000000000000e+00
5.180728800000001e+02 0.000000000000000e+00
5.181555600000000e+02 0.000000000000000e+00
5.182382400000000e+02 0.000000000000000e+00
5.183209200000000e+02 0.000000000000000e+00
5.184036000000000e+02 0.000000000000000e+00
5.184862800000000e+02 0.000000000000000e+00
5.185689600000001e+02 0.000000000000000e+00
5.186516400000000e+02 0.000000000000000e+00
5.187343200000000e+02 0.000000000000000e+00
5.188170000000000e+02 0.000000000000000e+00
5.188996800000000e+02 0.000000000000000e+00
5.189823600000000e+02 0.000000000000000e+00
5.190650400000001e+02 0.000000000000000e+00
5.191477200000000e+02 0.000000000000000e+00
5.192304000000000e+02 0.000000000000000e+00
5.193130800000000e+02 0.000000000000000e+00
5.193957600000000e+02 0.000000000000000e+00
5.194784400000000e+02 0.000000000000000e+00
5.195611200000001e+02 0.000000000000000e+00
5.196438000000001e+02 0.000000000000000e+00
5.197264800000000e+02 0.000000000000000e+00
5.198091600000000e+02 0.000000000000000e+00
5.198918400000000e+02 0.000000000000000e+00
5.199745200000000e+02 0.000000000000000e+00
5.200572000000000e+02 0.000000000000000e+00
5.201398800000001e+02 0.000000000000000e+00
5.202225600000000e+02 0.000000000000000e+00
5.203052400000000e+02 0.000000000000000e+00
5.203879200000000e+02 0.000000000000000e+00
5.204706000000000e+02 0.000000000000000e+00
5.205532800000000e+02 0.000000000000000e+00
5.206359600000001e+02 0.000000000000000e+00
5.207186400000001e+02 0.000000000000000e+00
5.208013200000000e+02 0.000000000000000e+00
5.208840000000000e+02 0.000000000000000e+00
5.209666800000000e+02 0.000000000000000e+00
5.210493600000000e+02 0.000000000000000e+00
5.211320400000001e+02 0.000000000000000e+00
5.212147200000001e+02 0.000000000000000e+00
5.212974000000000e+02 0.000000000000000e+00
5.213800800000000e+02 0.000000000000000e+00
5.214627600000000e+02 0.000000000000000e+00
5.215454400000000e+02 0.000000000000000e+00
5.216281200000000e+02 0.000000000000000e+00
5.217108000000001e+02 0.000000000000000e+00
5.217934800000000e+02 0.000000000000000e+00
5.218761600000000e+02 0.000000000000000e+00
5.219588400000000e+02 0.000000000000000e+00
5.220415200000000e+02 0.000000000000000e+00
5.221242000000000e+02 0.000000000000000e+00
5.222068800000001e+02 0.000000000000000e+00
5.222895600000001e+02 0.000000000000000e+00
5.223722400000000e+02 0.000000000000000e+00
5.224549200000000e+02 0.000000000000000e+00
5.225376000000000e+02 0.000000000000000e+00
5.226202800000000e+02 0.000000000000000e+00
5.227029600000001e+02 0.000000000000000e+00
5.227856400000001e+02 0.000000000000000e+00
5.228683200000000e+02 0.000000000000000e+00
5.229510000000000e+02 0.000000000000000e+00
5.230336800000000e+02 0.000000000000000e+00
5.231163600000000e+02 0.000000000000000e+00
5.231990400000000e+02 0.000000000000000e+00
5.232817200000001e+02 0.000000000000000e+00
5.233644000000000e+02 0.000000000000000e+00
5.234470800000000e+02 0.000000000000000e+00
5.235297600000000e+02 0.000000000000000e+00
5.236124400000000e+02 0.000000000000000e+00
5.236951200000000e+02 0.000000000000000e+00
5.237778000000001e+02 0.000000000000000e+00
5.238604800000001e+02 0.000000000000000e+00
5.239431600000000e+02 0.000000000000000e+00
5.240258400000000e+02 0.000000000000000e+00
5.241085200000000e+02 0.000000000000000e+00
5.241912000000000e+02 0.000000000000000e+00
5.242738800000001e+02 0.000000000000000e+00
5.243565600000001e+02 0.000000000000000e+00
5.244392400000000e+02 0.000000000000000e+00
5.245219200000000e+02 0.000000000000000e+00
5.246046000000000e+02 0.000000000000000e+00
5.246872800000000e+02 0.000000000000000e+00
5.247699600000000e+02 0.000000000000000e+00
5.248526400000001e+02 0.000000000000000e+00
5.249353200000000e+02 0.000000000000000e+00
5.250180000000000e+02 0.000000000000000e+00
5.251006800000000e+02 0.000000000000000e+00
5.251833600000000e+02 0.000000000000000e+00
5.252660400000000e+02 0.000000000000000e+00
5.253487200000001e+02 0.000000000000000e+00
5.254314000000001e+02 0.000000000000000e+00
5.255140800000000e+02 0.000000000000000e+00
5.255967600000000e+02 0.000000000000000e+00
5.256794400000000e+02 0.000000000000000e+00
5.257621200000000e+02 0.000000000000000e+00
5.258448000000001e+02 0.000000000000000e+00
5.259274800000001e+02 0.000000000000000e+00
5.260101600000000e+02 0.000000000000000e+00
5.260928400000000e+02 0.000000000000000e+00
5.261755200000000e+02 0.000000000000000e+00
5.262582000000000e+02 0.000000000000000e+00
5.263408800000000e+02 0.000000000000000e+00
5.264235600000001e+02 0.000000000000000e+00
5.265062400000000e+02 0.000000000000000e+00
5.265889200000000e+02 0.000000000000000e+00
5.266716000000000e+02 0.000000000000000e+00
5.267542800000000e+02 0.000000000000000e+00
5.268369600000000e+02 0.000000000000000e+00
5.269196400000001e+02 0.000000000000000e+00
5.270023200000001e+02 0.000000000000000e+00
5.270850000000000e+02 0.000000000000000e+00
5.271676800000000e+02 0.000000000000000e+00
5.272503600000000e+02 0.000000000000000e+00
5.273330400000000e+02 0.000000000000000e+00
5.274157200000001e+02 0.000000000000000e+00
5.274984000000001e+02 0.000000000000000e+00
5.275810800000000e+02 0.000000000000000e+00
5.276637600000000e+02 0.000000000000000e+00
5.277464400000000e+02 0.000000000000000e+00
5.278291200000000e+02 0.000000000000000e+00
5.279118000000000e+02 0.000000000000000e+00
5.279944800000001e+02 0.000000000000000e+00
5.280771600000000e+02 0.000000000000000e+00
5.281598400000000e+02 0.000000000000000e+00
5.282425200000000e+02 0.000000000000000e+00
5.283252000000000e+02 0.000000000000000e+00
5.284078800000000e+02 0.000000000000000e+00
5.284905600000001e+02 0.000000000000000e+00
5.285732400000001e+02 0.000000000000000e+00
5.286559200000000e+02 0.000000000000000e+00
5.287386000000000e+02 0.000000000000000e+00
5.288212800000000e+02 0.000000000000000e+00
5.289039600000000e+02 0.000000000000000e+00
5.289866400000000e+02 0.000000000000000e+00
5.290693200000001e+02 0.000000000000000e+00
5.291520000000000e+02 0.000000000000000e+00
5.292346800000000e+02 0.000000000000000e+00
5.293173600000000e+02 0.000000000000000e+00
5.294000400000000e+02 0.000000000000000e+00
5.294827200000000e+02 0.000000000000000e+00
5.295654000000001e+02 0.000000000000000e+00
5.296480800000000e+02 0.000000000000000e+00
5.297307600000000e+02 0.000000000000000e+00
5.298134400000000e+02 0.000000000000000e+00
5.298961200000000e+02 0.000000000000000e+00
5.299788000000000e+02 0.000000000000000e+00
5.300614800000001e+02 0.000000000000000e+00
5.301441600000001e+02 0.000000000000000e+00
5.302268400000000e+02 0.000000000000000e+00
5.303095200000000e+02 0.000000000000000e+00
5.303922000000000e+02 0.000000000000000e+00
5.304748800000000e+02 0.000000000000000e+00
5.305575600000000e+02 0.000000000000000e+00
5.306402400000001e+02 0.000000000000000e+00
5.307229200000000e+02 0.000000000000000e+00
5.308056000000000e+02 0.000000000000000e+00
5.308882800000000e+02 0.000000000000000e+00
5.309709600000000e+02 0.000000000000000e+00
5.310536400000000e+02 0.000000000000000e+00
5.311363200000001e+02 0.000000000000000e+00
5.312190000000001e+02 0.000000000000000e+00
5.313016800000000e+02 0.000000000000000e+00
5.313843600000000e+02 0.000000000000000e+00
5.314670400000000e+02 0.000000000000000e+00
5.315497200000000e+02 0.000000000000000e+00
5.316324000000001e+02 0.000000000000000e+00
5.317150800000001e+02 0.000000000000000e+00
5.317977600000000e+02 0.000000000000000e+00
5.318804400000000e+02 0.000000000000000e+00
5.319631200000000e+02 0.000000000000000e+00
5.320458000000000e+02 0.000000000000000e+00
5.321284800000000e+02 0.000000000000000e+00
5.322111600000001e+02 0.000000000000000e+00
5.322938400000000e+02 0.000000000000000e+00
5.323765200000000e+02 0.000000000000000e+00
5.324592000000000e+02 0.000000000000000e+00
5.325418800000000e+02 0.000000000000000e+00
5.326245600000000e+02 0.000000000000000e+00
5.327072400000001e+02 0.000000000000000e+00
5.327899200000001e+02 0.000000000000000e+00
5.328726000000000e+02 0.000000000000000e+00
5.329552800000000e+02 0.000000000000000e+00
5.330379600000000e+02 0.000000000000000e+00
5.331206400000000e+02 0.000000000000000e+00
5.332033200000001e+02 0.000000000000000e+00
5.332860000000001e+02 0.000000000000000e+00
5.333686800000000e+02 0.000000000000000e+00
5.334513600000000e+02 0.000000000000000e+00
5.335340400000000e+02 0.000000000000000e+00
5.336167200000000e+02 0.000000000000000e+00
5.336994000000000e+02 0.000000000000000e+00
5.337820800000001e+02 0.000000000000000e+00
5.338647600000000e+02 0.000000000000000e+00
5.339474400000000e+02 0.000000000000000e+00
5.340301200000000e+02 0.000000000000000e+00
5.341128000000000e+02 0.000000000000000e+00
5.341954800000000e+02 0.000000000000000e+00
5.342781600000001e+02 0.000000000000000e+00
5.343608400000001e+02 0.000000000000000e+00
5.344435200000000e+02 0.000000000000000e+00
5.345262000000000e+02 0.000000000000000e+00
5.346088800000000e+02 0.000000000000000e+00
5.346915600000000e+02 0.000000000000000e+00
5.347742400000001e+02 0.000000000000000e+00
5.348569200000001e+02 0.000000000000000e+00
5.349396000000000e+02 0.000000000000000e+00
5.350222800000000e+02 0.000000000000000e+00
5.351049600000000e+02 0.000000000000000e+00
5.351876400000000e+02 0.000000000000000e+00
5.352703200000000e+02 0.000000000000000e+00
5.353530000000001e+02 0.000000000000000e+00
5.354356800000000e+02 0.000000000000000e+00
5.355183600000000e+02 0.000000000000000e+00
5.356010400000000e+02 0.000000000000000e+00
5.356837200000000e+02 0.000000000000000e+00
5.357664000000000e+02 0.000000000000000e+00
5.358490800000001e+02 0.000000000000000e+00
5.359317600000001e+02 0.000000000000000e+00
5.360144400000000e+02 0.000000000000000e+00
5.360971200000000e+02 0.000000000000000e+00
5.361798000000000e+02 0.000000000000000e+00
5.362624800000000e+02 0.000000000000000e+00
5.363451600000001e+02 0.000000000000000e+00
5.364278400000001e+02 0.000000000000000e+00
5.365105200000000e+02 0.000000000000000e+00
5.365932000000000e+02 0.000000000000000e+00
5.366758800000000e+02 0.000000000000000e+00
5.367585600000000e+02 0.000000000000000e+00
5.368412400000000e+02 0.000000000000000e+00
5.369239200000001e+02 0.000000000000000e+00
5.370066000000000e+02 0.000000000000000e+00
5.370892800000000e+02 0.000000000000000e+00
5.371719600000000e+02 0.000000000000000e+00
5.372546400000000e+02 0.000000000000000e+00
5.373373200000000e+02 0.000000000000000e+00
5.374200000000001e+02 0.000000000000000e+00
5.375026800000001e+02 0.000000000000000e+00
5.375853600000000e+02 0.000000000000000e+00
5.376680400000000e+02 0.000000000000000e+00
5.377507200000000e+02 0.000000000000000e+00
5.378334000000000e+02 0.000000000000000e+00
5.379160800000001e+02 0.000000000000000e+00
5.379987600000001e+02 0.000000000000000e+00
5.380814400000000e+02 0.000000000000000e+00
5.381641200000000e+02 0.000000000000000e+00
5.382468000000000e+02 0.000000000000000e+00
5.383294800000000e+02 0.000000000000000e+00
5.384121600000000e+02 0.000000000000000e+00
5.384948400000001e+02 0.000000000000000e+00
5.385775200000000e+02 0.000000000000000e+00
5.386602000000000e+02 0.000000000000000e+00
5.387428800000000e+02 0.000000000000000e+00
5.388255600000000e+02 0.000000000000000e+00
5.389082400000000e+02 0.000000000000000e+00
5.389909200000001e+02 0.000000000000000e+00
5.390736000000001e+02 0.000000000000000e+00
5.391562800000000e+02 0.000000000000000e+00
5.392389600000000e+02 0.000000000000000e+00
5.393216400000000e+02 0.000000000000000e+00
5.394043200000000e+02 0.000000000000000e+00
5.394870000000000e+02 0.000000000000000e+00
5.395696800000001e+02 0.000000000000000e+00
5.396523600000000e+02 0.000000000000000e+00
5.397350400000000e+02 0.000000000000000e+00
5.398177200000000e+02 0.000000000000000e+00
5.399004000000000e+02 0.000000000000000e+00
5.399830800000000e+02 0.000000000000000e+00
5.400657600000001e+02 0.000000000000000e+00
5.401484400000001e+02 0.000000000000000e+00
5.402311200000000e+02 0.000000000000000e+00
5.403138000000000e+02 0.000000000000000e+00
5.403964800000000e+02 0.000000000000000e+00
5.404791600000000e+02 0.000000000000000e+00
5.405618400000001e+02 0.000000000000000e+00
5.406445200000001e+02 0.000000000000000e+00
5.407272000000000e+02 0.000000000000000e+00
5.408098800000000e+02 0.000000000000000e+00
5.408925600000000e+02 0.000000000000000e+00
5.409752400000000e+02 0.000000000000000e+00
5.410579200000000e+02 0.000000000000000e+00
5.411406000000001e+02 0.000000000000000e+00
5.412232800000000e+02 0.000000000000000e+00
5.413059600000000e+02 0.000000000000000e+00
5.413886400000000e+02 0.000000000000000e+00
5.414713200000000e+02 0.000000000000000e+00
5.415540000000000e+02 0.000000000000000e+00
5.416366800000001e+02 0.000000000000000e+00
5.417193600000001e+02 0.000000000000000e+00
5.418020400000000e+02 0.000000000000000e+00
5.418847200000000e+02 0.000000000000000e+00
5.419674000000000e+02 0.000000000000000e+00
5.420500800000000e+02 0.000000000000000e+00
5.421327600000001e+02 0.000000000000000e+00
5.422154400000001e+02 0.000000000000000e+00
5.422981200000000e+02 0.000000000000000e+00
5.423808000000000e+02 0.000000000000000e+00
5.424634800000000e+02 0.000000000000000e+00
5.425461600000000e+02 0.000000000000000e+00
5.426288400000000e+02 0.000000000000000e+00
5.427115200000001e+02 0.000000000000000e+00
5.427942000000000e+02 0.000000000000000e+00
5.428768800000000e+02 0.000000000000000e+00
5.429595600000000e+02 0.000000000000000e+00
5.430422400000000e+02 0.000000000000000e+00
5.431249200000000e+02 0.000000000000000e+00
5.432076000000001e+02 0.000000000000000e+00
5.432902800000001e+02 0.000000000000000e+00
5.433729600000000e+02 0.000000000000000e+00
5.434556400000000e+02 0.000000000000000e+00
5.435383200000000e+02 0.000000000000000e+00
5.436210000000000e+02 0.000000000000000e+00
5.437036800000001e+02 0.000000000000000e+00
5.437863600000001e+02 0.000000000000000e+00
5.438690400000000e+02 0.000000000000000e+00
5.439517200000000e+02 0.000000000000000e+00
5.440344000000000e+02 0.000000000000000e+00
5.441170800000000e+02 0.000000000000000e+00
5.441997600000000e+02 0.000000000000000e+00
5.442824400000001e+02 0.000000000000000e+00
5.443651200000000e+02 0.000000000000000e+00
5.444478000000000e+02 0.000000000000000e+00
5.445304800000000e+02 0.000000000000000e+00
5.446131600000000e+02 0.000000000000000e+00
5.446958400000000e+02 0.000000000000000e+00
5.447785200000001e+02 0.000000000000000e+00
5.448612000000001e+02 0.000000000000000e+00
5.449438800000000e+02 0.000000000000000e+00
5.450265600000000e+02 0.000000000000000e+00
5.451092400000000e+02 0.000000000000000e+00
5.451919200000000e+02 0.000000000000000e+00
5.452746000000001e+02 0.000000000000000e+00
5.453572800000001e+02 0.000000000000000e+00
5.454399600000000e+02 0.000000000000000e+00
5.455226400000000e+02 0.000000000000000e+00
5.456053200000000e+02 0.000000000000000e+00
5.456880000000000e+02 0.000000000000000e+00
5.457706800000000e+02 0.000000000000000e+00
5.458533600000001e+02 0.000000000000000e+00
5.459360400000000e+02 0.000000000000000e+00
5.460187200000000e+02 0.000000000000000e+00
5.461014000000000e+02 0.000000000000000e+00
5.461840800000000e+02 0.000000000000000e+00
5.462667600000000e+02 0.000000000000000e+00
5.463494400000001e+02 0.000000000000000e+00
5.464321200000001e+02 0.000000000000000e+00
5.465148000000000e+02 0.000000000000000e+00
5.465974800000000e+02 0.000000000000000e+00
5.466801600000000e+02 0.000000000000000e+00
5.467628400000000e+02 0.000000000000000e+00
5.468455200000001e+02 0.000000000000000e+00
5.469282000000001e+02 0.000000000000000e+00
5.470108800000000e+02 0.000000000000000e+00
5.470935600000000e+02 0.000000000000000e+00
5.471762400000000e+02 0.000000000000000e+00
5.472589200000000e+02 0.000000000000000e+00
5.473416000000000e+02 0.000000000000000e+00
5.474242800000001e+02 0.000000000000000e+00
5.475069600000000e+02 0.000000000000000e+00
5.475896400000000e+02 0.000000000000000e+00
5.476723200000000e+02 0.000000000000000e+00
5.477550000000000e+02 0.000000000000000e+00
5.478376800000000e+02 0.000000000000000e+00
5.479203600000001e+02 0.000000000000000e+00
5.480030400000001e+02 0.000000000000000e+00
5.480857200000000e+02 0.000000000000000e+00
5.481684000000000e+02 0.000000000000000e+00
5.482510800000000e+02 0.000000000000000e+00
5.483337600000000e+02 0.000000000000000e+00
5.484164400000001e+02 0.000000000000000e+00
5.484991200000001e+02 0.000000000000000e+00
5.485818000000000e+02 0.000000000000000e+00
5.486644800000000e+02 0.000000000000000e+00
5.487471600000000e+02 0.000000000000000e+00
5.488298400000000e+02 0.000000000000000e+00
5.489125200000000e+02 0.000000000000000e+00
5.489952000000001e+02 0.000000000000000e+00
5.490778800000001e+02 0.000000000000000e+00
5.491605600000000e+02 0.000000000000000e+00
5.492432400000000e+02 0.000000000000000e+00
5.493259200000000e+02 0.000000000000000e+00
5.494086000000000e+02 0.000000000000000e+00
5.494912800000001e+02 0.000000000000000e+00
5.495739600000001e+02 0.000000000000000e+00
5.496566400000000e+02 0.000000000000000e+00
5.497393200000000e+02 0.000000000000000e+00
5.498220000000000e+02 0.000000000000000e+00
5.499046800000000e+02 0.000000000000000e+00
5.499873600000000e+02 0.000000000000000e+00
5.500700400000001e+02 0.000000000000000e+00
5.501527200000000e+02 0.000000000000000e+00
5.502354000000000e+02 0.000000000000000e+00
5.503180800000000e+02 0.000000000000000e+00
5.504007600000000e+02 0.000000000000000e+00
5.504834400000000e+02 0.000000000000000e+00
5.505661200000001e+02 0.000000000000000e+00
5.506488000000001e+02 0.000000000000000e+00
5.507314800000000e+02 0.000000000000000e+00
5.508141600000000e+02 0.000000000000000e+00
5.508968400000000e+02 0.000000000000000e+00
5.509795200000000e+02 0.000000000000000e+00
5.510622000000001e+02 0.000000000000000e+00
5.511448800000001e+02 0.000000000000000e+00
5.512275600000000e+02 0.000000000000000e+00
5.513102400000000e+02 0.000000000000000e+00
5.513929200000000e+02 0.000000000000000e+00
5.514756000000000e+02 0.000000000000000e+00
5.515582800000000e+02 0.000000000000000e+00
5.516409600000001e+02 0.000000000000000e+00
5.517236400000000e+02 0.000000000000000e+00
5.518063200000000e+02 0.000000000000000e+00
5.518890000000000e+02 0.000000000000000e+00
5.519716800000000e+02 0.000000000000000e+00
5.520543600000000e+02 0.000000000000000e+00
5.521370400000001e+02 0.000000000000000e+00
5.522197200000001e+02 0.000000000000000e+00
5.523024000000000e+02 0.000000000000000e+00
5.523850800000000e+02 0.000000000000000e+00
5.524677600000000e+02 0.000000000000000e+00
5.525504400000000e+02 0.000000000000000e+00
5.526331200000001e+02 0.000000000000000e+00
5.527158000000001e+02 0.000000000000000e+00
5.527984800000000e+02 0.000000000000000e+00
5.528811600000000e+02 0.000000000000000e+00
5.529638400000000e+02 0.000000000000000e+00
5.530465200000000e+02 0.000000000000000e+00
5.531292000000000e+02 0.000000000000000e+00
5.532118800000001e+02 0.000000000000000e+00
5.532945600000000e+02 0.000000000000000e+00
5.533772400000000e+02 0.000000000000000e+00
5.534599200000000e+02 0.000000000000000e+00
5.535426000000000e+02 0.000000000000000e+00
5.536252800000000e+02 0.000000000000000e+00
5.537079600000001e+02 0.000000000000000e+00
5.537906400000001e+02 0.000000000000000e+00
5.538733200000000e+02 0.000000000000000e+00
5.539560000000000e+02 0.000000000000000e+00
5.540386800000000e+02 0.000000000000000e+00
5.541213600000000e+02 0.000000000000000e+00
5.542040400000001e+02 0.000000000000000e+00
5.542867200000001e+02 0.000000000000000e+00
5.543694000000000e+02 0.000000000000000e+00
5.544520800000000e+02 0.000000000000000e+00
5.545347600000000e+02 0.000000000000000e+00
5.546174400000000e+02 0.000000000000000e+00
5.547001200000000e+02 0.000000000000000e+00
5.547828000000001e+02 0.000000000000000e+00
5.548654800000000e+02 0.000000000000000e+00
5.549481600000000e+02 0.000000000000000e+00
5.550308400000000e+02 0.000000000000000e+00
5.551135200000000e+02 0.000000000000000e+00
5.551962000000000e+02 0.000000000000000e+00
5.552788800000001e+02 0.000000000000000e+00
5.553615600000001e+02 0.000000000000000e+00
5.554442400000000e+02 0.000000000000000e+00
5.555269200000000e+02 0.000000000000000e+00
5.556096000000000e+02 0.000000000000000e+00
5.556922800000000e+02 0.000000000000000e+00
5.557749600000001e+02 0.000000000000000e+00
5.558576400000001e+02 0.000000000000000e+00
5.559403200000000e+02 0.000000000000000e+00
5.560230000000000e+02 0.000000000000000e+00
5.561056800000000e+02 0.000000000000000e+00
5.561883600000000e+02 0.000000000000000e+00
5.562710400000000e+02 0.000000000000000e+00
5.563537200000001e+02 0.000000000000000e+00
5.564364000000000e+02 0.000000000000000e+00
5.565190800000000e+02 0.000000000000000e+00
5.566017600000000e+02 0.000000000000000e+00
5.566844400000000e+02 0.000000000000000e+00
5.567671200000000e+02 0.000000000000000e+00
5.568498000000001e+02 0.000000000000000e+00
5.569324800000001e+02 0.000000000000000e+00
5.570151600000000e+02 0.000000000000000e+00
5.570978400000000e+02 0.000000000000000e+00
5.571805200000000e+02 0.000000000000000e+00
5.572632000000000e+02 0.000000000000000e+00
5.573458800000001e+02 0.000000000000000e+00
5.574285600000001e+02 0.000000000000000e+00
5.575112400000000e+02 0.000000000000000e+00
5.575939200000000e+02 0.000000000000000e+00
5.576766000000000e+02 0.000000000000000e+00
5.577592800000000e+02 0.000000000000000e+00
5.578419600000000e+02 0.000000000000000e+00
5.579246400000001e+02 0.000000000000000e+00
5.580073200000000e+02 0.000000000000000e+00
5.580900000000000e+02 0.000000000000000e+00
5.581726800000000e+02 0.000000000000000e+00
5.582553600000000e+02 0.000000000000000e+00
5.583380400000000e+02 0.000000000000000e+00
5.584207200000001e+02 0.000000000000000e+00
5.585034000000001e+02 0.000000000000000e+00
5.585860800000000e+02 0.000000000000000e+00
5.586687600000000e+02 0.000000000000000e+00
5.587514400000000e+02 0.000000000000000e+00
5.588341200000000e+02 0.000000000000000e+00
5.589168000000001e+02 0.000000000000000e+00
5.589994800000001e+02 0.000000000000000e+00
5.590821600000000e+02 0.000000000000000e+00
5.591648400000000e+02 0.000000000000000e+00
5.592475200000000e+02 0.000000000000000e+00
5.593302000000000e+02 0.000000000000000e+00
5.594128800000000e+02 0.000000000000000e+00
5.594955600000001e+02 0.000000000000000e+00
5.595782400000001e+02 0.000000000000000e+00
5.596609200000000e+02 0.000000000000000e+00
5.597436000000000e+02 0.000000000000000e+00
5.598262800000000e+02 0.000000000000000e+00
5.599089600000000e+02 0.000000000000000e+00
5.599916400000001e+02 0.000000000000000e+00
5.600743200000001e+02 0.000000000000000e+00
5.601570000000000e+02 0.000000000000000e+00
5.602396800000000e+02 0.000000000000000e+00
5.603223600000000e+02 0.000000000000000e+00
5.604050400000000e+02 0.000000000000000e+00
5.604877200000000e+02 0.000000000000000e+00
5.605704000000001e+02 0.000000000000000e+00
5.606530800000000e+02 0.000000000000000e+00
5.607357600000000e+02 0.000000000000000e+00
5.608184400000000e+02 0.000000000000000e+00
5.609011200000000e+02 0.000000000000000e+00
5.609838000000000e+02 0.000000000000000e+00
5.610664800000001e+02 0.000000000000000e+00
5.611491600000001e+02 0.000000000000000e+00
5.612318400000000e+02 0.000000000000000e+00
5.613145200000000e+02 0.000000000000000e+00
5.613972000000000e+02 0.000000000000000e+00
5.614798800000000e+02 0.000000000000000e+00
5.615625600000001e+02 0.000000000000000e+00
5.616452400000001e+02 0.000000000000000e+00
5.617279200000000e+02 0.000000000000000e+00
5.618106000000000e+02 0.000000000000000e+00
5.618932800000000e+02 0.000000000000000e+00
5.619759600000000e+02 0.000000000000000e+00
5.620586400000000e+02 0.000000000000000e+00
5.621413200000001e+02 0.000000000000000e+00
5.622240000000000e+02 0.000000000000000e+00
5.623066800000000e+02 0.000000000000000e+00
5.623893600000000e+02 0.000000000000000e+00
5.624720400000000e+02 0.000000000000000e+00
5.625547200000000e+02 0.000000000000000e+00
5.626374000000001e+02 0.000000000000000e+00
5.627200800000001e+02 0.000000000000000e+00
5.628027600000000e+02 0.000000000000000e+00
5.628854400000000e+02 0.000000000000000e+00
5.629681200000000e+02 0.000000000000000e+00
5.630508000000000e+02 0.000000000000000e+00
5.631334800000001e+02 0.000000000000000e+00
5.632161600000001e+02 0.000000000000000e+00
5.632988400000000e+02 0.000000000000000e+00
5.633815200000000e+02 0.000000000000000e+00
5.634642000000000e+02 0.000000000000000e+00
5.635468800000000e+02 0.000000000000000e+00
5.636295600000000e+02 0.000000000000000e+00
5.637122400000001e+02 0.000000000000000e+00
5.637949200000000e+02 0.000000000000000e+00
5.638776000000000e+02 0.000000000000000e+00
5.639602800000000e+02 0.000000000000000e+00
5.640429600000000e+02 0.000000000000000e+00
5.641256400000000e+02 0.000000000000000e+00
5.642083200000001e+02 0.000000000000000e+00
5.642910000000001e+02 0.000000000000000e+00
5.643736800000000e+02 0.000000000000000e+00
5.644563600000000e+02 0.000000000000000e+00
5.645390400000000e+02 0.000000000000000e+00
5.646217200000000e+02 0.000000000000000e+00
5.647044000000001e+02 0.000000000000000e+00
5.647870800000001e+02 0.000000000000000e+00
5.648697600000000e+02 0.000000000000000e+00
5.649524400000000e+02 0.000000000000000e+00
5.650351200000000e+02 0.000000000000000e+00
5.651178000000000e+02 0.000000000000000e+00
5.652004800000000e+02 0.000000000000000e+00
5.652831600000001e+02 0.000000000000000e+00
5.653658400000000e+02 0.000000000000000e+00
5.654485200000000e+02 0.000000000000000e+00
5.655312000000000e+02 0.000000000000000e+00
5.656138800000000e+02 0.000000000000000e+00
5.656965600000000e+02 0.000000000000000e+00
5.657792400000001e+02 0.000000000000000e+00
5.658619200000001e+02 0.000000000000000e+00
5.659446000000000e+02 0.000000000000000e+00
5.660272800000000e+02 0.000000000000000e+00
5.661099600000000e+02 0.000000000000000e+00
5.661926400000000e+02 0.000000000000000e+00
5.662753200000001e+02 0.000000000000000e+00
5.663580000000001e+02 0.000000000000000e+00
5.664406800000000e+02 0.000000000000000e+00
5.665233600000000e+02 0.000000000000000e+00
5.666060400000000e+02 0.000000000000000e+00
5.666887200000000e+02 0.000000000000000e+00
5.667714000000000e+02 0.000000000000000e+00
5.668540800000001e+02 0.000000000000000e+00
5.669367600000000e+02 0.000000000000000e+00
5.670194400000000e+02 0.000000000000000e+00
5.671021200000000e+02 0.000000000000000e+00
5.671848000000000e+02 0.000000000000000e+00
5.672674800000000e+02 0.000000000000000e+00
5.673501600000001e+02 0.000000000000000e+00
5.674328400000001e+02 0.000000000000000e+00
5.675155200000000e+02 0.000000000000000e+00
5.675982000000000e+02 0.000000000000000e+00
5.676808800000000e+02 0.000000000000000e+00
5.677635600000000e+02 0.000000000000000e+00
5.678462400000001e+02 0.000000000000000e+00
5.679289200000001e+02 0.000000000000000e+00
5.680116000000000e+02 0.000000000000000e+00
5.680942800000000e+02 0.000000000000000e+00
5.681769600000000e+02 0.000000000000000e+00
5.682596400000000e+02 0.000000000000000e+00
5.683423200000000e+02 0.000000000000000e+00
5.684250000000001e+02 0.000000000000000e+00
5.685076800000001e+02 0.000000000000000e+00
5.685903600000000e+02 0.000000000000000e+00
5.686730400000000e+02 0.000000000000000e+00
5.687557200000000e+02 0.000000000000000e+00
5.688384000000000e+02 0.000000000000000e+00
5.689210800000001e+02 0.000000000000000e+00
5.690037600000001e+02 0.000000000000000e+00
5.690864400000000e+02 0.000000000000000e+00
5.691691200000000e+02 0.000000000000000e+00
5.692518000000000e+02 0.000000000000000e+00
5.693344800000000e+02 0.000000000000000e+00
5.694171600000001e+02 0.000000000000000e+00
5.694998400000001e+02 0.000000000000000e+00
5.695825200000000e+02 0.000000000000000e+00
5.696652000000000e+02 0.000000000000000e+00
5.697478800000000e+02 0.000000000000000e+00
5.698305600000000e+02 0.000000000000000e+00
5.699132400000000e+02 0.000000000000000e+00
5.699959200000001e+02 0.000000000000000e+00
5.700786000000001e+02 0.000000000000000e+00
5.701612800000000e+02 0.000000000000000e+00
5.702439600000000e+02 0.000000000000000e+00
5.703266400000000e+02 0.000000000000000e+00
5.704093200000000e+02 0.000000000000000e+00
5.704920000000001e+02 0.000000000000000e+00
5.705746800000001e+02 0.000000000000000e+00
5.706573600000000e+02 0.000000000000000e+00
5.707400400000000e+02 0.000000000000000e+00
5.708227200000000e+02 0.000000000000000e+00
5.709054000000000e+02 0.000000000000000e+00
5.709880800000000e+02 0.000000000000000e+00
5.710707600000001e+02 0.000000000000000e+00
5.711534400000000e+02 0.000000000000000e+00
5.712361200000000e+02 0.000000000000000e+00
5.713188000000000e+02 0.000000000000000e+00
5.714014800000000e+02 0.000000000000000e+00
5.714841600000000e+02 0.000000000000000e+00
5.715668400000001e+02 0.000000000000000e+00
5.716495200000001e+02 0.000000000000000e+00
5.717322000000000e+02 0.000000000000000e+00
5.718148800000000e+02 0.000000000000000e+00
5.718975600000000e+02 0.000000000000000e+00
5.719802400000000e+02 0.000000000000000e+00
5.720629200000001e+02 0.000000000000000e+00
5.721456000000001e+02 0.000000000000000e+00
5.722282800000000e+02 0.000000000000000e+00
5.723109600000000e+02 0.000000000000000e+00
5.723936400000000e+02 0.000000000000000e+00
5.724763200000000e+02 0.000000000000000e+00
5.725590000000000e+02 0.000000000000000e+00
5.726416800000001e+02 0.000000000000000e+00
5.727243600000000e+02 0.000000000000000e+00
5.728070400000000e+02 0.000000000000000e+00
5.728897200000000e+02 0.000000000000000e+00
5.729724000000000e+02 0.000000000000000e+00
5.730550800000000e+02 0.000000000000000e+00
5.731377600000001e+02 0.000000000000000e+00
5.732204400000001e+02 0.000000000000000e+00
5.733031200000000e+02 0.000000000000000e+00
5.733858000000000e+02 0.000000000000000e+00
5.734684800000000e+02 0.000000000000000e+00
5.735511600000000e+02 0.000000000000000e+00
5.736338400000001e+02 0.000000000000000e+00
5.737165200000001e+02 0.000000000000000e+00
5.737992000000000e+02 0.000000000000000e+00
5.738818800000000e+02 0.000000000000000e+00
5.739645600000000e+02 0.000000000000000e+00
5.740472400000000e+02 0.000000000000000e+00
5.741299200000000e+02 0.000000000000000e+00
5.742126000000001e+02 0.000000000000000e+00
5.742952800000000e+02 0.000000000000000e+00
5.743779600000000e+02 0.000000000000000e+00
5.744606400000000e+02 0.000000000000000e+00
5.745433200000000e+02 0.000000000000000e+00
5.746260000000000e+02 0.000000000000000e+00
5.747086800000001e+02 0.000000000000000e+00
5.747913600000001e+02 0.000000000000000e+00
5.748740400000000e+02 0.000000000000000e+00
5.749567200000000e+02 0.000000000000000e+00
5.750394000000000e+02 0.000000000000000e+00
5.751220800000000e+02 0.000000000000000e+00
5.752047600000001e+02 0.000000000000000e+00
5.752874400000001e+02 0.000000000000000e+00
5.753701200000000e+02 0.000000000000000e+00
5.754528000000000e+02 0.000000000000000e+00
5.755354800000000e+02 0.000000000000000e+00
5.756181600000000e+02 0.000000000000000e+00
5.757008400000000e+02 0.000000000000000e+00
5.757835200000001e+02 0.000000000000000e+00
5.758662000000000e+02 0.000000000000000e+00
5.759488800000000e+02 0.000000000000000e+00
5.760315600000000e+02 0.000000000000000e+00
5.761142400000000e+02 0.000000000000000e+00
5.761969200000000e+02 0.000000000000000e+00
5.762796000000001e+02 0.000000000000000e+00
5.763622800000001e+02 0.000000000000000e+00
5.764449600000000e+02 0.000000000000000e+00
5.765276400000000e+02 0.000000000000000e+00
5.766103200000000e+02 0.000000000000000e+00
5.766930000000000e+02 0.000000000000000e+00
5.767756800000001e+02 0.000000000000000e+00
5.768583600000001e+02 0.000000000000000e+00
5.769410400000000e+02 0.000000000000000e+00
5.770237200000000e+02 0.000000000000000e+00
5.771064000000000e+02 0.000000000000000e+00
5.771890800000000e+02 0.000000000000000e+00
5.772717600000000e+02 0.000000000000000e+00
5.773544400000001e+02 0.000000000000000e+00
5.774371200000000e+02 0.000000000000000e+00
5.775198000000000e+02 0.000000000000000e+00
5.776024800000000e+02 0.000000000000000e+00
5.776851600000000e+02 0.000000000000000e+00
5.777678400000000e+02 0.000000000000000e+00
5.778505200000001e+02 0.000000000000000e+00
5.779332000000001e+02 0.000000000000000e+00
5.780158800000000e+02 0.000000000000000e+00
5.780985600000000e+02 0.000000000000000e+00
5.781812400000000e+02 0.000000000000000e+00
5.782639200000000e+02 0.000000000000000e+00
5.783466000000001e+02 0.000000000000000e+00
5.784292800000001e+02 0.000000000000000e+00
5.785119600000000e+02 0.000000000000000e+00
5.785946400000000e+02 0.000000000000000e+00
5.786773200000000e+02 0.000000000000000e+00
5.787600000000000e+02 0.000000000000000e+00
5.788426800000000e+02 0.000000000000000e+00
5.789253600000001e+02 0.000000000000000e+00
5.790080400000001e+02 0.000000000000000e+00
5.790907200000000e+02 0.000000000000000e+00
5.791734000000000e+02 0.000000000000000e+00
5.792560800000000e+02 0.000000000000000e+00
5.793387600000000e+02 0.000000000000000e+00
5.794214400000001e+02 0.000000000000000e+00
5.795041200000001e+02 0.000000000000000e+00
5.795868000000000e+02 0.000000000000000e+00
5.796694800000000e+02 0.000000000000000e+00
5.797521600000000e+02 0.000000000000000e+00
5.798348400000000e+02 0.000000000000000e+00
5.799175200000000e+02 0.000000000000000e+00
5.800002000000001e+02 0.000000000000000e+00
5.800828800000000e+02 0.000000000000000e+00
5.801655600000000e+02 0.000000000000000e+00
5.802482400000000e+02 0.000000000000000e+00
5.803309200000000e+02 0.000000000000000e+00
5.804136000000000e+02 0.000000000000000e+00
5.804962800000001e+02 0.000000000000000e+00
5.805789600000001e+02 0.000000000000000e+00
5.806616400000000e+02 0.000000000000000e+00
5.807443200000000e+02 0.000000000000000e+00
5.808270000000000e+02 0.000000000000000e+00
5.809096800000000e+02 0.000000000000000e+00
5.809923600000001e+02 0.000000000000000e+00
5.810750400000001e+02 0.000000000000000e+00
5.811577200000000e+02 0.000000000000000e+00
5.812404000000000e+02 0.000000000000000e+00
5.813230800000000e+02 0.000000000000000e+00
5.814057600000000e+02 0.000000000000000e+00
5.814884400000000e+02 0.000000000000000e+00
5.815711200000001e+02 0.000000000000000e+00
5.816538000000000e+02 0.000000000000000e+00
5.817364800000000e+02 0.000000000000000e+00
5.818191600000000e+02 0.000000000000000e+00
5.819018400000000e+02 0.000000000000000e+00
5.819845200000000e+02 0.000000000000000e+00
5.820672000000001e+02 0.000000000000000e+00
5.821498800000001e+02 0.000000000000000e+00
5.822325600000000e+02 0.000000000000000e+00
5.823152400000000e+02 0.000000000000000e+00
5.823979200000000e+02 0.000000000000000e+00
5.824806000000000e+02 0.000000000000000e+00
5.825632800000001e+02 0.000000000000000e+00
5.826459600000001e+02 0.000000000000000e+00
5.827286400000000e+02 0.000000000000000e+00
5.828113200000000e+02 0.000000000000000e+00
5.828940000000000e+02 0.000000000000000e+00
5.829766800000000e+02 0.000000000000000e+00
5.830593600000000e+02 0.000000000000000e+00
5.831420400000001e+02 0.000000000000000e+00
5.832247200000000e+02 0.000000000000000e+00
5.833074000000000e+02 0.000000000000000e+00
5.833900800000000e+02 0.000000000000000e+00
5.834727600000000e+02 0.000000000000000e+00
5.835554400000000e+02 0.000000000000000e+00
5.836381200000001e+02 0.000000000000000e+00
5.837208000000001e+02 0.000000000000000e+00
5.838034800000000e+02 0.000000000000000e+00
5.838861600000000e+02 0.000000000000000e+00
5.839688400000000e+02 0.000000000000000e+00
5.840515200000000e+02 0.000000000000000e+00
5.841342000000001e+02 0.000000000000000e+00
5.842168800000001e+02 0.000000000000000e+00
5.842995600000000e+02 0.000000000000000e+00
5.843822400000000e+02 0.000000000000000e+00
5.844649200000000e+02 0.000000000000000e+00
5.845476000000000e+02 0.000000000000000e+00
5.846302800000000e+02 0.000000000000000e+00
5.847129600000001e+02 0.000000000000000e+00
5.847956400000000e+02 0.000000000000000e+00
5.848783200000000e+02 0.000000000000000e+00
5.849610000000000e+02 0.000000000000000e+00
5.850436800000000e+02 0.000000000000000e+00
5.851263600000000e+02 0.000000000000000e+00
5.852090400000001e+02 0.000000000000000e+00
5.852917200000001e+02 0.000000000000000e+00
5.853744000000000e+02 0.000000000000000e+00
5.854570800000000e+02 0.000000000000000e+00
5.855397600000000e+02 0.000000000000000e+00
5.856224400000000e+02 0.000000000000000e+00
5.857051200000001e+02 0.000000000000000e+00
5.857878000000001e+02 0.000000000000000e+00
5.858704800000000e+02 0.000000000000000e+00
5.859531600000000e+02 0.000000000000000e+00
5.860358400000000e+02 0.000000000000000e+00
5.861185200000000e+02 0.000000000000000e+00
5.862012000000000e+02 0.000000000000000e+00
5.862838800000001e+02 0.000000000000000e+00
5.863665600000000e+02 0.000000000000000e+00
5.864492400000000e+02 0.000000000000000e+00
5.865319200000000e+02 0.000000000000000e+00
5.866146000000000e+02 0.000000000000000e+00
5.866972800000000e+02 0.000000000000000e+00
5.867799600000001e+02 0.000000000000000e+00
5.868626400000001e+02 0.000000000000000e+00
5.869453200000000e+02 0.000000000000000e+00
5.870280000000000e+02 0.000000000000000e+00
5.871106800000000e+02 0.000000000000000e+00
5.871933600000000e+02 0.000000000000000e+00
5.872760400000001e+02 0.000000000000000e+00
5.873587200000001e+02 0.000000000000000e+00
5.874414000000000e+02 0.000000000000000e+00
5.875240800000000e+02 0.000000000000000e+00
5.876067600000000e+02 0.000000000000000e+00
5.876894400000000e+02 0.000000000000000e+00
5.877721200000000e+02 0.000000000000000e+00
5.878548000000001e+02 0.000000000000000e+00
5.879374800000001e+02 0.000000000000000e+00
5.880201600000000e+02 0.000000000000000e+00
5.881028400000000e+02 0.000000000000000e+00
5.881855200000000e+02 0.000000000000000e+00
5.882682000000000e+02 0.000000000000000e+00
5.883508800000001e+02 0.000000000000000e+00
5.884335600000001e+02 0.000000000000000e+00
5.885162400000000e+02 0.000000000000000e+00
5.885989200000000e+02 0.000000000000000e+00
5.886816000000000e+02 0.000000000000000e+00
5.887642800000000e+02 0.000000000000000e+00
5.888469600000001e+02 0.000000000000000e+00
5.889296400000001e+02 0.000000000000000e+00
5.890123200000000e+02 0.000000000000000e+00
5.890950000000000e+02 0.000000000000000e+00
5.891776800000000e+02 0.000000000000000e+00
5.892603600000000e+02 0.000000000000000e+00
5.893430400000000e+02 0.000000000000000e+00
5.894257200000001e+02 0.000000000000000e+00
5.895084000000001e+02 0.000000000000000e+00
5.895910800000000e+02 0.000000000000000e+00
5.896737600000000e+02 0.000000000000000e+00
5.897564400000000e+02 0.000000000000000e+00
5.898391200000000e+02 0.000000000000000e+00
5.899218000000001e+02 0.000000000000000e+00
5.900044800000001e+02 0.000000000000000e+00
5.900871600000000e+02 0.000000000000000e+00
5.901698400000000e+02 0.000000000000000e+00
5.902525200000000e+02 0.000000000000000e+00
5.903352000000000e+02 0.000000000000000e+00
5.904178800000000e+02 0.000000000000000e+00
5.905005600000001e+02 0.000000000000000e+00
5.905832400000000e+02 0.000000000000000e+00
5.906659200000000e+02 0.000000000000000e+00
5.907486000000000e+02 0.000000000000000e+00
5.908312800000000e+02 0.000000000000000e+00
5.909139600000000e+02 0.000000000000000e+00
5.909966400000001e+02 0.000000000000000e+00
5.910793200000001e+02 0.000000000000000e+00
5.911620000000000e+02 0.000000000000000e+00
5.912446800000000e+02 0.000000000000000e+00
5.913273600000000e+02 0.000000000000000e+00
5.914100400000000e+02 0.000000000000000e+00
5.914927200000001e+02 0.000000000000000e+00
5.915754000000001e+02 0.000000000000000e+00
5.916580800000000e+02 0.000000000000000e+00
5.917407600000000e+02 0.000000000000000e+00
5.918234400000000e+02 0.000000000000000e+00
5.919061200000000e+02 0.000000000000000e+00
5.919888000000000e+02 0.000000000000000e+00
5.920714800000001e+02 0.000000000000000e+00
5.921541600000000e+02 0.000000000000000e+00
5.922368400000000e+02 0.000000000000000e+00
5.923195200000000e+02 0.000000000000000e+00
5.924022000000000e+02 0.000000000000000e+00
5.924848800000000e+02 0.000000000000000e+00
5.925675600000001e+02 0.000000000000000e+00
5.926502400000001e+02 0.000000000000000e+00
5.927329200000000e+02 0.000000000000000e+00
5.928156000000000e+02 0.000000000000000e+00
5.928982800000000e+02 0.000000000000000e+00
5.929809600000000e+02 0.000000000000000e+00
5.930636400000001e+02 0.000000000000000e+00
5.931463200000001e+02 0.000000000000000e+00
5.932290000000000e+02 0.000000000000000e+00
5.933116800000000e+02 0.000000000000000e+00
5.933943600000000e+02 0.000000000000000e+00
5.934770400000000e+02 0.000000000000000e+00
5.935597200000000e+02 0.000000000000000e+00
5.936424000000001e+02 0.000000000000000e+00
5.937250800000000e+02 0.000000000000000e+00
5.938077600000000e+02 0.000000000000000e+00
5.938904400000000e+02 0.000000000000000e+00
5.939731200000000e+02 0.000000000000000e+00
5.940558000000000e+02 0.000000000000000e+00
5.941384800000001e+02 0.000000000000000e+00
5.942211600000001e+02 0.000000000000000e+00
5.943038400000000e+02 0.000000000000000e+00
5.943865200000000e+02 0.000000000000000e+00
5.944692000000000e+02 0.000000000000000e+00
5.945518800000000e+02 0.000000000000000e+00
5.946345600000001e+02 0.000000000000000e+00
5.947172400000001e+02 0.000000000000000e+00
5.947999200000000e+02 0.000000000000000e+00
5.948826000000000e+02 0.000000000000000e+00
5.949652800000000e+02 0.000000000000000e+00
5.950479600000000e+02 0.000000000000000e+00
5.951306400000000e+02 0.000000000000000e+00
5.952133200000001e+02 0.000000000000000e+00
5.952960000000000e+02 0.000000000000000e+00
5.953786800000000e+02 0.000000000000000e+00
5.954613600000000e+02 0.000000000000000e+00
5.955440400000000e+02 0.000000000000000e+00
5.956267200000000e+02 0.000000000000000e+00
5.957094000000001e+02 0.000000000000000e+00
5.957920800000001e+02 0.000000000000000e+00
5.958747600000000e+02 0.000000000000000e+00
5.959574400000000e+02 0.000000000000000e+00
5.960401200000000e+02 0.000000000000000e+00
5.961228000000000e+02 0.000000000000000e+00
5.962054800000001e+02 0.000000000000000e+00
5.962881600000001e+02 0.000000000000000e+00
5.963708400000000e+02 0.000000000000000e+00
5.964535200000000e+02 0.000000000000000e+00
5.965362000000000e+02 0.000000000000000e+00
5.966188800000000e+02 0.000000000000000e+00
5.967015600000000e+02 0.000000000000000e+00
5.967842400000001e+02 0.000000000000000e+00
5.968669200000001e+02 0.000000000000000e+00
5.969496000000000e+02 0.000000000000000e+00
5.970322800000000e+02 0.000000000000000e+00
5.971149600000000e+02 0.000000000000000e+00
5.971976400000000e+02 0.000000000000000e+00
5.972803200000001e+02 0.000000000000000e+00
5.973630000000001e+02 0.000000000000000e+00
5.974456800000000e+02 0.000000000000000e+00
5.975283600000000e+02 0.000000000000000e+00
5.976110400000000e+02 0.000000000000000e+00
5.976937200000000e+02 0.000000000000000e+00
5.977764000000001e+02 0.000000000000000e+00
5.978590800000001e+02 0.000000000000000e+00
5.979417600000000e+02 0.000000000000000e+00
5.980244400000000e+02 0.000000000000000e+00
5.981071200000000e+02 0.000000000000000e+00
5.981898000000000e+02 0.000000000000000e+00
5.982724800000000e+02 0.000000000000000e+00
5.983551600000001e+02 0.000000000000000e+00
5.984378400000001e+02 0.000000000000000e+00
5.985205200000000e+02 0.000000000000000e+00
5.986032000000000e+02 0.000000000000000e+00
5.986858800000000e+02 0.000000000000000e+00
5.987685600000000e+02 0.000000000000000e+00
5.988512400000001e+02 0.000000000000000e+00
5.989339200000001e+02 0.000000000000000e+00
5.990166000000000e+02 0.000000000000000e+00
5.990992800000000e+02 0.000000000000000e+00
5.991819600000000e+02 0.000000000000000e+00
5.992646400000000e+02 0.000000000000000e+00
5.993473200000001e+02 0.000000000000000e+00
5.994300000000001e+02 0.000000000000000e+00
5.995126800000000e+02 0.000000000000000e+00
5.995953600000000e+02 0.000000000000000e+00
5.996780400000000e+02 0.000000000000000e+00
5.997607200000000e+02 0.000000000000000e+00
5.998434000000000e+02 0.000000000000000e+00
5.999260800000001e+02 0.000000000000000e+00
6.000087600000001e+02 0.000000000000000e+00
6.000914400000000e+02 0.000000000000000e+00
6.001741200000000e+02 0.000000000000000e+00
6.002568000000000e+02 0.000000000000000e+00
6.003394800000000e+02 0.000000000000000e+00
6.004221600000001e+02 0.000000000000000e+00
6.005048400000001e+02 0.000000000000000e+00
6.005875200000000e+02 0.000000000000000e+00
6.006702000000000e+02 0.000000000000000e+00
6.007528800000000e+02 0.000000000000000e+00
6.008355600000000e+02 0.000000000000000e+00
6.009182400000000e+02 0.000000000000000e+00
6.010009200000001e+02 0.000000000000000e+00
6.010836000000000e+02 0.000000000000000e+00
6.011662800000000e+02 0.000000000000000e+00
6.012489600000000e+02 0.000000000000000e+00
6.013316400000000e+02 0.000000000000000e+00
6.014143200000000e+02 0.000000000000000e+00
6.014970000000001e+02 0.000000000000000e+00
6.015796800000001e+02 0.000000000000000e+00
6.016623600000000e+02 0.000000000000000e+00
6.017450400000000e+02 0.000000000000000e+00
6.018277200000000e+02 0.000000000000000e+00
6.019104000000000e+02 0.000000000000000e+00
6.019930800000001e+02 0.000000000000000e+00
6.020757600000001e+02 0.000000000000000e+00
6.021584400000000e+02 0.000000000000000e+00
6.022411200000000e+02 0.000000000000000e+00
6.023238000000000e+02 0.000000000000000e+00
6.024064800000000e+02 0.000000000000000e+00
6.024891600000000e+02 0.000000000000000e+00
6.025718400000001e+02 0.000000000000000e+00
6.026545200000000e+02 0.000000000000000e+00
6.027372000000000e+02 0.000000000000000e+00
6.028198800000000e+02 0.000000000000000e+00
6.029025600000000e+02 0.000000000000000e+00
6.029852400000000e+02 0.000000000000000e+00
6.030679200000001e+02 0.000000000000000e+00
6.031506000000001e+02 0.000000000000000e+00
6.032332800000000e+02 0.000000000000000e+00
6.033159600000000e+02 0.000000000000000e+00
6.033986400000000e+02 0.000000000000000e+00
6.034813200000000e+02 0.000000000000000e+00
6.035640000000001e+02 0.000000000000000e+00
6.036466800000001e+02 0.000000000000000e+00
6.037293600000000e+02 0.000000000000000e+00
6.038120400000000e+02 0.000000000000000e+00
6.038947200000000e+02 0.000000000000000e+00
6.039774000000000e+02 0.000000000000000e+00
6.040600800000000e+02 0.000000000000000e+00
6.041427600000001e+02 0.000000000000000e+00
6.042254400000000e+02 0.000000000000000e+00
6.043081200000000e+02 0.000000000000000e+00
6.043908000000000e+02 0.000000000000000e+00
6.044734800000000e+02 0.000000000000000e+00
6.045561600000000e+02 0.000000000000000e+00
6.046388400000001e+02 0.000000000000000e+00
6.047215200000001e+02 0.000000000000000e+00
6.048042000000000e+02 0.000000000000000e+00
6.048868800000000e+02 0.000000000000000e+00
6.049695600000000e+02 0.000000000000000e+00
6.050522400000000e+02 0.000000000000000e+00
6.051349200000001e+02 0.000000000000000e+00
6.052176000000001e+02 0.000000000000000e+00
6.053002800000000e+02 0.000000000000000e+00
6.053829600000000e+02 0.000000000000000e+00
6.054656400000000e+02 0.000000000000000e+00
6.055483200000000e+02 0.000000000000000e+00
6.056310000000000e+02 0.000000000000000e+00
6.057136800000001e+02 0.000000000000000e+00
6.057963600000000e+02 0.000000000000000e+00
6.058790400000000e+02 0.000000000000000e+00
6.059617200000000e+02 0.000000000000000e+00
6.060444000000000e+02 0.000000000000000e+00
6.061270800000000e+02 0.000000000000000e+00
6.062097600000001e+02 0.000000000000000e+00
6.062924400000001e+02 0.000000000000000e+00
6.063751200000000e+02 0.000000000000000e+00
6.064578000000000e+02 0.000000000000000e+00
6.065404800000000e+02 0.000000000000000e+00
6.066231600000000e+02 0.000000000000000e+00
6.067058400000001e+02 0.000000000000000e+00
6.067885200000001e+02 0.000000000000000e+00
6.068712000000000e+02 0.000000000000000e+00
6.069538800000000e+02 0.000000000000000e+00
6.070365600000000e+02 0.000000000000000e+00
6.071192400000000e+02 0.000000000000000e+00
6.072019200000000e+02 0.000000000000000e+00
6.072846000000001e+02 0.000000000000000e+00
6.073672800000001e+02 0.000000000000000e+00
6.074499600000000e+02 0.000000000000000e+00
6.075326400000000e+02 0.000000000000000e+00
6.076153200000000e+02 0.000000000000000e+00
6.076980000000000e+02 0.000000000000000e+00
6.077806800000001e+02 0.000000000000000e+00
6.078633600000001e+02 0.000000000000000e+00
6.079460400000000e+02 0.000000000000000e+00
6.080287200000000e+02 0.000000000000000e+00
6.081114000000000e+02 0.000000000000000e+00
6.081940800000000e+02 0.000000000000000e+00
6.082767600000001e+02 0.000000000000000e+00
6.083594400000001e+02 0.000000000000000e+00
6.084421200000000e+02 0.000000000000000e+00
6.085248000000000e+02 0.000000000000000e+00
6.086074800000000e+02 0.000000000000000e+00
6.086901600000000e+02 0.000000000000000e+00
6.087728400000000e+02 0.000000000000000e+00
6.088555200000001e+02 0.000000000000000e+00
6.089382000000001e+02 0.000000000000000e+00
6.090208800000000e+02 0.000000000000000e+00
6.091035600000000e+02 0.000000000000000e+00
6.091862400000000e+02 0.000000000000000e+00
6.092689200000000e+02 0.000000000000000e+00
6.093516000000001e+02 0.000000000000000e+00
6.094342800000001e+02 0.000000000000000e+00
6.095169600000000e+02 0.000000000000000e+00
6.095996400000000e+02 0.000000000000000e+00
6.096823200000000e+02 0.000000000000000e+00
6.097650000000000e+02 0.000000000000000e+00
6.098476800000001e+02 0.000000000000000e+00
6.099303600000001e+02 0.000000000000000e+00
6.100130400000000e+02 0.000000000000000e+00
6.100957200000000e+02 0.000000000000000e+00
6.101784000000000e+02 0.000000000000000e+00
6.102610800000000e+02 0.000000000000000e+00
6.103437600000000e+02 0.000000000000000e+00
6.104264400000001e+02 0.000000000000000e+00
6.105091200000001e+02 0.000000000000000e+00
6.105918000000000e+02 0.000000000000000e+00
6.106744800000000e+02 0.000000000000000e+00
6.107571600000000e+02 0.000000000000000e+00
6.108398400000000e+02 0.000000000000000e+00
6.109225200000001e+02 0.000000000000000e+00
6.110052000000001e+02 0.000000000000000e+00
6.110878800000000e+02 0.000000000000000e+00
6.111705600000000e+02 0.000000000000000e+00
6.112532400000000e+02 0.000000000000000e+00
6.113359200000000e+02 0.000000000000000e+00
6.114186000000000e+02 0.000000000000000e+00
6.115012800000001e+02 0.000000000000000e+00
6.115839600000000e+02 0.000000000000000e+00
6.116666400000000e+02 0.000000000000000e+00
6.117493200000000e+02 0.000000000000000e+00
6.118320000000000e+02 0.000000000000000e+00
6.119146800000000e+02 0.000000000000000e+00
6.119973600000001e+02 0.000000000000000e+00
6.120800400000001e+02 0.000000000000000e+00
6.121627200000000e+02 0.000000000000000e+00
6.122454000000000e+02 0.000000000000000e+00
6.123280800000000e+02 0.000000000000000e+00
6.124107600000000e+02 0.000000000000000e+00
6.124934400000001e+02 0.000000000000000e+00
6.125761200000001e+02 0.000000000000000e+00
6.126588000000000e+02 0.000000000000000e+00
6.127414800000000e+02 0.000000000000000e+00
6.128241600000000e+02 0.000000000000000e+00
6.129068400000000e+02 0.000000000000000e+00
6.129895200000000e+02 0.000000000000000e+00
6.130722000000001e+02 0.000000000000000e+00
6.131548800000000e+02 0.000000000000000e+00
6.132375600000000e+02 0.000000000000000e+00
6.133202400000000e+02 0.000000000000000e+00
6.134029200000000e+02 0.000000000000000e+00
6.134856000000000e+02 0.000000000000000e+00
6.135682800000001e+02 0.000000000000000e+00
6.136509600000001e+02 0.000000000000000e+00
6.137336400000000e+02 0.000000000000000e+00
6.138163200000000e+02 0.000000000000000e+00
6.138990000000000e+02 0.000000000000000e+00
6.139816800000000e+02 0.000000000000000e+00
6.140643600000001e+02 0.000000000000000e+00
6.141470400000001e+02 0.000000000000000e+00
6.142297200000000e+02 0.000000000000000e+00
6.143124000000000e+02 0.000000000000000e+00
6.143950800000000e+02 0.000000000000000e+00
6.144777600000000e+02 0.000000000000000e+00
6.145604400000000e+02 0.000000000000000e+00
6.146431200000001e+02 0.000000000000000e+00
6.147258000000000e+02 0.000000000000000e+00
6.148084800000000e+02 0.000000000000000e+00
6.148911600000000e+02 0.000000000000000e+00
6.149738400000000e+02 0.000000000000000e+00
6.150565200000000e+02 0.000000000000000e+00
6.151392000000001e+02 0.000000000000000e+00
6.152218800000001e+02 0.000000000000000e+00
6.153045600000000e+02 0.000000000000000e+00
6.153872400000000e+02 0.000000000000000e+00
6.154699200000000e+02 0.000000000000000e+00
6.155526000000000e+02 0.000000000000000e+00
6.156352800000001e+02 0.000000000000000e+00
6.157179600000001e+02 0.000000000000000e+00
6.158006400000000e+02 0.000000000000000e+00
6.158833200000000e+02 0.000000000000000e+00
6.159660000000000e+02 0.000000000000000e+00
6.160486800000000e+02 0.000000000000000e+00
6.161313600000000e+02 0.000000000000000e+00
6.162140400000001e+02 0.000000000000000e+00
6.162967200000001e+02 0.000000000000000e+00
6.163794000000000e+02 0.000000000000000e+00
6.164620800000000e+02 0.000000000000000e+00
6.165447600000000e+02 0.000000000000000e+00
6.166274400000000e+02 0.000000000000000e+00
6.167101200000001e+02 0.000000000000000e+00
6.167928000000001e+02 0.000000000000000e+00
6.168754800000000e+02 0.000000000000000e+00
6.169581600000000e+02 0.000000000000000e+00
6.170408400000000e+02 0.000000000000000e+00
6.171235200000000e+02 0.000000000000000e+00
6.172062000000001e+02 0.000000000000000e+00
6.172888800000001e+02 0.000000000000000e+00
6.173715600000000e+02 0.000000000000000e+00
6.174542400000000e+02 0.000000000000000e+00
6.175369200000000e+02 0.000000000000000e+00
6.176196000000000e+02 0.000000000000000e+00
6.177022800000000e+02 0.000000000000000e+00
6.177849600000001e+02 0.000000000000000e+00
6.178676400000001e+02 0.000000000000000e+00
6.179503200000000e+02 0.000000000000000e+00
6.180330000000000e+02 0.000000000000000e+00
6.181156800000000e+02 0.000000000000000e+00
6.181983600000000e+02 0.000000000000000e+00
6.182810400000001e+02 0.000000000000000e+00
6.183637200000001e+02 0.000000000000000e+00
6.184464000000000e+02 0.000000000000000e+00
6.185290800000000e+02 0.000000000000000e+00
6.186117600000000e+02 0.000000000000000e+00
6.186944400000000e+02 0.000000000000000e+00
6.187771200000001e+02 0.000000000000000e+00
6.188598000000001e+02 0.000000000000000e+00
6.189424800000000e+02 0.000000000000000e+00
6.190251600000000e+02 0.000000000000000e+00
6.191078400000000e+02 0.000000000000000e+00
6.191905200000000e+02 0.000000000000000e+00
6.192732000000000e+02 0.000000000000000e+00
6.193558800000001e+02 0.000000000000000e+00
6.194385600000001e+02 0.000000000000000e+00
6.195212400000000e+02 0.000000000000000e+00
6.196039200000000e+02 0.000000000000000e+00
6.196866000000000e+02 0.000000000000000e+00
6.197692800000000e+02 0.000000000000000e+00
6.198519600000001e+02 0.000000000000000e+00
6.199346400000001e+02 0.000000000000000e+00
6.200173200000000e+02 0.000000000000000e+00
6.201000000000000e+02 0.000000000000000e+00
6.201826800000000e+02 0.000000000000000e+00
6.202653600000000e+02 0.000000000000000e+00
6.203480400000001e+02 0.000000000000000e+00
6.204307200000001e+02 0.000000000000000e+00
6.205134000000000e+02 0.000000000000000e+00
6.205960800000000e+02 0.000000000000000e+00
6.206787600000000e+02 0.000000000000000e+00
6.207614400000000e+02 0.000000000000000e+00
6.208441200000000e+02 0.000000000000000e+00
6.209268000000001e+02 0.000000000000000e+00
6.210094800000001e+02 0.000000000000000e+00
6.210921600000000e+02 0.000000000000000e+00
6.211748400000000e+02 0.000000000000000e+00
6.212575200000000e+02 0.000000000000000e+00
6.213402000000000e+02 0.000000000000000e+00
6.214228800000001e+02 0.000000000000000e+00
6.215055600000001e+02 0.000000000000000e+00
6.215882400000000e+02 0.000000000000000e+00
6.216709200000000e+02 0.000000000000000e+00
6.217536000000000e+02 0.000000000000000e+00
6.218362800000000e+02 0.000000000000000e+00
6.219189600000000e+02 0.000000000000000e+00
6.220016400000001e+02 0.000000000000000e+00
6.220843200000000e+02 0.000000000000000e+00
6.221670000000000e+02 0.000000000000000e+00
6.222496800000000e+02 0.000000000000000e+00
6.223323600000000e+02 0.000000000000000e+00
6.224150400000000e+02 0.000000000000000e+00
6.224977200000001e+02 0.000000000000000e+00
6.225804000000001e+02 0.000000000000000e+00
6.226630800000000e+02 0.000000000000000e+00
6.227457600000000e+02 0.000000000000000e+00
6.228284400000000e+02 0.000000000000000e+00
6.229111200000000e+02 0.000000000000000e+00
6.229938000000001e+02 0.000000000000000e+00
6.230764800000001e+02 0.000000000000000e+00
6.231591600000000e+02 0.000000000000000e+00
6.232418400000000e+02 0.000000000000000e+00
6.233245200000000e+02 0.000000000000000e+00
6.234072000000000e+02 0.000000000000000e+00
6.234898800000000e+02 0.000000000000000e+00
6.235725600000001e+02 0.000000000000000e+00
6.236552400000000e+02 0.000000000000000e+00
6.237379200000000e+02 0.000000000000000e+00
6.238206000000000e+02 0.000000000000000e+00
6.239032800000000e+02 0.000000000000000e+00
6.239859600000000e+02 0.000000000000000e+00
6.240686400000001e+02 0.000000000000000e+00
6.241513200000001e+02 0.000000000000000e+00
6.242340000000000e+02 0.000000000000000e+00
6.243166800000000e+02 0.000000000000000e+00
6.243993600000000e+02 0.000000000000000e+00
6.244820400000000e+02 0.000000000000000e+00
6.245647200000001e+02 0.000000000000000e+00
6.246474000000001e+02 0.000000000000000e+00
6.247300800000000e+02 0.000000000000000e+00
6.248127600000000e+02 0.000000000000000e+00
6.248954400000000e+02 0.000000000000000e+00
6.249781200000000e+02 0.000000000000000e+00
6.250608000000000e+02 0.000000000000000e+00
6.251434800000001e+02 0.000000000000000e+00
6.252261600000000e+02 0.000000000000000e+00
6.253088400000000e+02 0.000000000000000e+00
6.253915200000000e+02 0.000000000000000e+00
6.254742000000000e+02 0.000000000000000e+00
6.255568800000000e+02 0.000000000000000e+00
6.256395600000001e+02 0.000000000000000e+00
6.257222400000001e+02 0.000000000000000e+00
6.258049200000000e+02 0.000000000000000e+00
6.258876000000000e+02 0.000000000000000e+00
6.259702800000000e+02 0.000000000000000e+00
6.260529600000000e+02 0.000000000000000e+00
6.261356400000001e+02 0.000000000000000e+00
6.262183200000001e+02 0.000000000000000e+00
6.263010000000000e+02 0.000000000000000e+00
6.263836800000000e+02 0.000000000000000e+00
6.264663600000000e+02 0.000000000000000e+00
6.265490400000000e+02 0.000000000000000e+00
6.266317200000000e+02 0.000000000000000e+00
6.267144000000001e+02 0.000000000000000e+00
6.267970800000001e+02 0.000000000000000e+00
6.268797600000000e+02 0.000000000000000e+00
6.269624400000000e+02 0.000000000000000e+00
6.270451200000000e+02 0.000000000000000e+00
6.271278000000000e+02 0.000000000000000e+00
6.272104800000001e+02 0.000000000000000e+00
6.272931600000001e+02 0.000000000000000e+00
6.273758400000000e+02 0.000000000000000e+00
6.274585200000000e+02 0.000000000000000e+00
6.275412000000000e+02 0.000000000000000e+00
6.276238800000000e+02 0.000000000000000e+00
6.277065600000001e+02 0.000000000000000e+00
6.277892400000001e+02 0.000000000000000e+00
6.278719200000000e+02 0.000000000000000e+00
6.279546000000000e+02 0.000000000000000e+00
6.280372800000000e+02 0.000000000000000e+00
6.281199600000000e+02 0.000000000000000e+00
6.282026400000000e+02 0.000000000000000e+00
6.282853200000001e+02 0.000000000000000e+00
6.283680000000001e+02 0.000000000000000e+00
6.284506800000000e+02 0.000000000000000e+00
6.285333600000000e+02 0.000000000000000e+00
6.286160400000000e+02 0.000000000000000e+00
6.286987200000000e+02 0.000000000000000e+00
6.287814000000001e+02 0.000000000000000e+00
6.288640800000001e+02 0.000000000000000e+00
6.289467600000000e+02 0.000000000000000e+00
6.290294400000000e+02 0.000000000000000e+00
6.291121200000000e+02 0.000000000000000e+00
6.291948000000000e+02 0.000000000000000e+00
6.292774800000001e+02 0.000000000000000e+00
6.293601600000001e+02 0.000000000000000e+00
6.294428400000000e+02 0.000000000000000e+00
6.295255200000000e+02 0.000000000000000e+00
6.296082000000000e+02 0.000000000000000e+00
6.296908800000000e+02 0.000000000000000e+00
6.297735600000000e+02 0.000000000000000e+00
6.298562400000001e+02 0.000000000000000e+00
6.299389200000001e+02 0.000000000000000e+00
6.300216000000000e+02 0.000000000000000e+00
6.301042800000000e+02 0.000000000000000e+00
6.301869600000000e+02 0.000000000000000e+00
6.302696400000000e+02 0.000000000000000e+00
6.303523200000001e+02 0.000000000000000e+00
6.304350000000001e+02 0.000000000000000e+00
6.305176800000000e+02 0.000000000000000e+00
6.306003600000000e+02 0.000000000000000e+00
6.306830400000000e+02 0.000000000000000e+00
6.307657200000000e+02 0.000000000000000e+00
6.308484000000001e+02 0.000000000000000e+00
6.309310800000001e+02 0.000000000000000e+00
6.310137600000000e+02 0.000000000000000e+00
6.310964400000000e+02 0.000000000000000e+00
6.311791200000000e+02 0.000000000000000e+00
6.312618000000000e+02 0.000000000000000e+00
6.313444800000000e+02 0.000000000000000e+00
6.314271600000001e+02 0.000000000000000e+00
6.315098400000001e+02 0.000000000000000e+00
6.315925200000000e+02 0.000000000000000e+00
6.316752000000000e+02 0.000000000000000e+00
6.317578800000000e+02 0.000000000000000e+00
6.318405600000000e+02 0.000000000000000e+00
6.319232400000001e+02 0.000000000000000e+00
6.320059200000001e+02 0.000000000000000e+00
6.320886000000000e+02 0.000000000000000e+00
6.321712800000000e+02 0.000000000000000e+00
6.322539600000000e+02 0.000000000000000e+00
6.323366400000000e+02 0.000000000000000e+00
6.324193200000000e+02 0.000000000000000e+00
6.325020000000001e+02 0.000000000000000e+00
6.325846800000000e+02 0.000000000000000e+00
6.326673600000000e+02 0.000000000000000e+00
6.327500400000000e+02 0.000000000000000e+00
6.328327200000000e+02 0.000000000000000e+00
6.329154000000000e+02 0.000000000000000e+00
6.329980800000001e+02 0.000000000000000e+00
6.330807600000001e+02 0.000000000000000e+00
6.331634400000000e+02 0.000000000000000e+00
6.332461200000000e+02 0.000000000000000e+00
6.333288000000000e+02 0.000000000000000e+00
6.334114800000000e+02 0.000000000000000e+00
6.334941600000001e+02 0.000000000000000e+00
6.335768400000001e+02 0.000000000000000e+00
6.336595200000000e+02 0.000000000000000e+00
6.337422000000000e+02 0.000000000000000e+00
6.338248800000000e+02 0.000000000000000e+00
6.339075600000000e+02 0.000000000000000e+00
6.339902400000000e+02 0.000000000000000e+00
6.340729200000001e+02 0.000000000000000e+00
6.341556000000000e+02 0.000000000000000e+00
6.342382800000000e+02 0.000000000000000e+00
6.343209600000000e+02 0.000000000000000e+00
6.344036400000000e+02 0.000000000000000e+00
6.344863200000000e+02 0.000000000000000e+00
6.345690000000001e+02 0.000000000000000e+00
6.346516800000001e+02 0.000000000000000e+00
6.347343600000000e+02 0.000000000000000e+00
6.348170400000000e+02 0.000000000000000e+00
6.348997200000000e+02 0.000000000000000e+00
6.349824000000000e+02 0.000000000000000e+00
6.350650800000001e+02 0.000000000000000e+00
6.351477600000001e+02 0.000000000000000e+00
6.352304400000000e+02 0.000000000000000e+00
6.353131200000000e+02 0.000000000000000e+00
6.353958000000000e+02 0.000000000000000e+00
6.354784800000000e+02 0.000000000000000e+00
6.355611600000000e+02 0.000000000000000e+00
6.356438400000001e+02 0.000000000000000e+00
6.357265200000001e+02 0.000000000000000e+00
6.358092000000000e+02 0.000000000000000e+00
6.358918800000000e+02 0.000000000000000e+00
6.359745600000000e+02 0.000000000000000e+00
6.360572400000000e+02 0.000000000000000e+00
6.361399200000001e+02 0.000000000000000e+00
6.362226000000001e+02 0.000000000000000e+00
6.363052800000000e+02 0.000000000000000e+00
6.363879600000000e+02 0.000000000000000e+00
6.364706400000000e+02 0.000000000000000e+00
6.365533200000000e+02 0.000000000000000e+00
6.366360000000001e+02 0.000000000000000e+00
6.367186800000001e+02 0.000000000000000e+00
6.368013600000000e+02 0.000000000000000e+00
6.368840400000000e+02 0.000000000000000e+00
6.369667200000000e+02 0.000000000000000e+00
6.370494000000000e+02 0.000000000000000e+00
6.371320800000000e+02 0.000000000000000e+00
6.372147600000001e+02 0.000000000000000e+00
6.372974400000001e+02 0.000000000000000e+00
6.373801200000000e+02 0.000000000000000e+00
6.374628000000000e+02 0.000000000000000e+00
6.375454800000000e+02 0.000000000000000e+00
6.376281600000000e+02 0.000000000000000e+00
6.377108400000001e+02 0.000000000000000e+00
6.377935200000001e+02 0.000000000000000e+00
6.378762000000000e+02 0.000000000000000e+00
6.379588800000000e+02 0.000000000000000e+00
6.380415600000000e+02 0.000000000000000e+00
6.381242400000000e+02 0.000000000000000e+00
6.382069200000001e+02 0.000000000000000e+00
6.382896000000001e+02 0.000000000000000e+00
6.383722800000000e+02 0.000000000000000e+00
6.384549600000000e+02 0.000000000000000e+00
6.385376400000000e+02 0.000000000000000e+00
6.386203200000000e+02 0.000000000000000e+00
6.387030000000000e+02 0.000000000000000e+00
6.387856800000001e+02 0.000000000000000e+00
6.388683600000001e+02 0.000000000000000e+00
6.389510400000000e+02 0.000000000000000e+00
6.390337200000000e+02 0.000000000000000e+00
6.391164000000000e+02 0.000000000000000e+00
6.391990800000000e+02 0.000000000000000e+00
6.392817600000001e+02 0.000000000000000e+00
6.393644400000001e+02 0.000000000000000e+00
6.394471200000000e+02 0.000000000000000e+00
6.395298000000000e+02 0.000000000000000e+00
6.396124800000000e+02 0.000000000000000e+00
6.396951600000000e+02 0.000000000000000e+00
6.397778400000001e+02 0.000000000000000e+00
6.398605200000001e+02 0.000000000000000e+00
6.399432000000000e+02 0.000000000000000e+00
6.400258800000000e+02 0.000000000000000e+00
6.401085600000000e+02 0.000000000000000e+00
6.401912400000000e+02 0.000000000000000e+00
6.402739200000000e+02 0.000000000000000e+00
6.403566000000001e+02 0.000000000000000e+00
6.404392800000001e+02 0.000000000000000e+00
6.405219600000000e+02 0.000000000000000e+00
6.406046400000000e+02 0.000000000000000e+00
6.406873200000000e+02 0.000000000000000e+00
6.407700000000000e+02 0.000000000000000e+00
6.408526800000001e+02 0.000000000000000e+00
6.409353600000001e+02 0.000000000000000e+00
6.410180400000000e+02 0.000000000000000e+00
6.411007200000000e+02 0.000000000000000e+00
6.411834000000000e+02 0.000000000000000e+00
6.412660800000000e+02 0.000000000000000e+00
6.413487600000001e+02 0.000000000000000e+00
6.414314400000001e+02 0.000000000000000e+00
6.415141200000000e+02 0.000000000000000e+00
6.415968000000000e+02 0.000000000000000e+00
6.416794800000000e+02 0.000000000000000e+00
6.417621600000000e+02 0.000000000000000e+00
6.418448400000000e+02 0.000000000000000e+00
6.419275200000001e+02 0.000000000000000e+00
6.420102000000001e+02 0.000000000000000e+00
6.420928800000000e+02 0.000000000000000e+00
6.421755600000000e+02 0.000000000000000e+00
6.422582400000000e+02 0.000000000000000e+00
6.423409200000000e+02 0.000000000000000e+00
6.424236000000001e+02 0.000000000000000e+00
6.425062800000001e+02 0.000000000000000e+00
6.425889600000000e+02 0.000000000000000e+00
6.426716400000000e+02 0.000000000000000e+00
6.427543200000000e+02 0.000000000000000e+00
6.428370000000000e+02 0.000000000000000e+00
6.429196800000000e+02 0.000000000000000e+00
6.430023600000001e+02 0.000000000000000e+00
6.430850400000000e+02 0.000000000000000e+00
6.431677200000000e+02 0.000000000000000e+00
6.432504000000000e+02 0.000000000000000e+00
6.433330800000000e+02 0.000000000000000e+00
6.434157600000000e+02 0.000000000000000e+00
6.434984400000001e+02 0.000000000000000e+00
6.435811200000001e+02 0.000000000000000e+00
6.436638000000000e+02 0.000000000000000e+00
6.437464800000000e+02 0.000000000000000e+00
6.438291600000000e+02 0.000000000000000e+00
6.439118400000000e+02 0.000000000000000e+00
6.439945200000001e+02 0.000000000000000e+00
6.440772000000001e+02 0.000000000000000e+00
6.441598800000000e+02 0.000000000000000e+00
6.442425600000000e+02 0.000000000000000e+00
6.443252400000000e+02 0.000000000000000e+00
6.444079200000000e+02 0.000000000000000e+00
6.444906000000000e+02 0.000000000000000e+00
6.445732800000001e+02 0.000000000000000e+00
6.446559600000001e+02 0.000000000000000e+00
6.447386400000000e+02 0.000000000000000e+00
6.448213200000000e+02 0.000000000000000e+00
6.449040000000000e+02 0.000000000000000e+00
6.449866800000000e+02 0.000000000000000e+00
6.450693600000001e+02 0.000000000000000e+00
6.451520400000001e+02 0.000000000000000e+00
6.452347200000000e+02 0.000000000000000e+00
6.453174000000000e+02 0.000000000000000e+00
6.454000800000000e+02 0.000000000000000e+00
6.454827600000000e+02 0.000000000000000e+00
6.455654400000001e+02 0.000000000000000e+00
6.456481200000001e+02 0.000000000000000e+00
6.457308000000000e+02 0.000000000000000e+00
6.458134800000000e+02 0.000000000000000e+00
6.458961600000000e+02 0.000000000000000e+00
6.459788400000000e+02 0.000000000000000e+00
6.460615200000000e+02 0.000000000000000e+00
6.461442000000001e+02 0.000000000000000e+00
6.462268800000001e+02 0.000000000000000e+00
6.463095600000000e+02 0.000000000000000e+00
6.463922400000000e+02 0.000000000000000e+00
6.464749200000000e+02 0.000000000000000e+00
6.465576000000000e+02 0.000000000000000e+00
6.466402800000001e+02 0.000000000000000e+00
6.467229600000001e+02 0.000000000000000e+00
6.468056400000000e+02 0.000000000000000e+00
6.468883200000000e+02 0.000000000000000e+00
6.469710000000000e+02 0.000000000000000e+00
6.470536800000000e+02 0.000000000000000e+00
6.471363600000001e+02 0.000000000000000e+00
6.472190400000001e+02 0.000000000000000e+00
6.473017200000000e+02 0.000000000000000e+00
6.473844000000000e+02 0.000000000000000e+00
6.474670800000000e+02 0.000000000000000e+00
6.475497600000000e+02 0.000000000000000e+00
6.476324400000000e+02 0.000000000000000e+00
6.477151200000001e+02 0.000000000000000e+00
6.477978000000001e+02 0.000000000000000e+00
6.478804800000000e+02 0.000000000000000e+00
6.479631600000000e+02 0.000000000000000e+00
6.480458400000000e+02 0.000000000000000e+00
6.481285200000000e+02 0.000000000000000e+00
6.482112000000001e+02 0.000000000000000e+00
6.482938800000001e+02 0.000000000000000e+00
6.483765600000000e+02 0.000000000000000e+00
6.484592400000000e+02 0.000000000000000e+00
6.485419200000000e+02 0.000000000000000e+00
6.486246000000000e+02 0.000000000000000e+00
6.487072800000001e+02 0.000000000000000e+00
6.487899600000001e+02 0.000000000000000e+00
6.488726400000000e+02 0.000000000000000e+00
6.489553200000000e+02 0.000000000000000e+00
6.490380000000000e+02 0.000000000000000e+00
6.491206800000000e+02 0.000000000000000e+00
6.492033600000000e+02 0.000000000000000e+00
6.492860400000001e+02 0.000000000000000e+00
6.493687200000001e+02 0.000000000000000e+00
6.494514000000000e+02 0.000000000000000e+00
6.495340800000000e+02 0.000000000000000e+00
6.496167600000000e+02 0.000000000000000e+00
6.496994400000000e+02 0.000000000000000e+00
6.497821200000001e+02 0.000000000000000e+00
6.498648000000001e+02 0.000000000000000e+00
6.499474800000000e+02 0.000000000000000e+00
6.500301600000000e+02 0.000000000000000e+00
6.501128400000000e+02 0.000000000000000e+00
6.501955200000000e+02 0.000000000000000e+00
6.502782000000001e+02 0.000000000000000e+00
6.503608800000001e+02 0.000000000000000e+00
6.504435600000000e+02 0.000000000000000e+00
6.505262400000000e+02 0.000000000000000e+00
6.506089200000000e+02 0.000000000000000e+00
6.506916000000000e+02 0.000000000000000e+00
6.507742800000000e+02 0.000000000000000e+00
6.508569600000001e+02 0.000000000000000e+00
6.509396400000001e+02 0.000000000000000e+00
6.510223200000000e+02 0.000000000000000e+00
6.511050000000000e+02 0.000000000000000e+00
6.511876800000000e+02 0.000000000000000e+00
6.512703600000000e+02 0.000000000000000e+00
6.513530400000001e+02 0.000000000000000e+00
6.514357200000001e+02 0.000000000000000e+00
6.515184000000000e+02 0.000000000000000e+00
6.516010800000000e+02 0.000000000000000e+00
6.516837600000000e+02 0.000000000000000e+00
6.517664400000000e+02 0.000000000000000e+00
6.518491200000000e+02 0.000000000000000e+00
6.519318000000001e+02 0.000000000000000e+00
6.520144800000000e+02 0.000000000000000e+00
6.520971600000000e+02 0.000000000000000e+00
6.521798400000000e+02 0.000000000000000e+00
6.522625200000000e+02 0.000000000000000e+00
6.523452000000000e+02 0.000000000000000e+00
6.524278800000001e+02 0.000000000000000e+00
6.525105600000001e+02 0.000000000000000e+00
6.525932400000000e+02 0.000000000000000e+00
6.526759200000000e+02 0.000000000000000e+00
6.527586000000000e+02 0.000000000000000e+00
6.528412800000000e+02 0.000000000000000e+00
6.529239600000001e+02 0.000000000000000e+00
6.530066400000001e+02 0.000000000000000e+00
6.530893200000000e+02 0.000000000000000e+00
6.531720000000000e+02 0.000000000000000e+00
6.532546800000000e+02 0.000000000000000e+00
6.533373600000000e+02 0.000000000000000e+00
6.534200400000000e+02 0.000000000000000e+00
6.535027200000001e+02 0.000000000000000e+00
6.535854000000000e+02 0.000000000000000e+00
6.536680800000000e+02 0.000000000000000e+00
6.537507600000000e+02 0.000000000000000e+00
6.538334400000000e+02 0.000000000000000e+00
6.539161200000000e+02 0.000000000000000e+00
6.539988000000001e+02 0.000000000000000e+00
6.540814800000001e+02 0.000000000000000e+00
6.541641600000000e+02 0.000000000000000e+00
6.542468400000000e+02 0.000000000000000e+00
6.543295200000000e+02 0.000000000000000e+00
6.544122000000000e+02 0.000000000000000e+00
6.544948800000001e+02 0.000000000000000e+00
6.545775600000001e+02 0.000000000000000e+00
6.546602400000000e+02 0.000000000000000e+00
6.547429200000000e+02 0.000000000000000e+00
6.548256000000000e+02 0.000000000000000e+00
6.549082800000000e+02 0.000000000000000e+00
6.549909600000000e+02 0.000000000000000e+00
6.550736400000001e+02 0.000000000000000e+00
6.551563200000001e+02 0.000000000000000e+00
6.552390000000000e+02 0.000000000000000e+00
6.553216800000000e+02 0.000000000000000e+00
6.554043600000000e+02 0.000000000000000e+00
6.554870400000000e+02 0.000000000000000e+00
6.555697200000001e+02 0.000000000000000e+00
6.556524000000001e+02 0.000000000000000e+00
6.557350800000000e+02 0.000000000000000e+00
6.558177600000000e+02 0.000000000000000e+00
6.559004400000000e+02 0.000000000000000e+00
6.559831200000000e+02 0.000000000000000e+00
6.560658000000001e+02 0.000000000000000e+00
6.561484800000001e+02 0.000000000000000e+00
6.562311600000000e+02 0.000000000000000e+00
6.563138400000000e+02 0.000000000000000e+00
6.563965200000000e+02 0.000000000000000e+00
6.564792000000000e+02 0.000000000000000e+00
6.565618800000000e+02 0.000000000000000e+00
6.566445600000001e+02 0.000000000000000e+00
6.567272400000001e+02 0.000000000000000e+00
6.568099200000000e+02 0.000000000000000e+00
6.568926000000000e+02 0.000000000000000e+00
6.569752800000000e+02 0.000000000000000e+00
6.570579600000000e+02 0.000000000000000e+00
6.571406400000001e+02 0.000000000000000e+00
6.572233200000001e+02 0.000000000000000e+00
6.573060000000000e+02 0.000000000000000e+00
6.573886800000000e+02 0.000000000000000e+00
6.574713600000000e+02 0.000000000000000e+00
6.575540400000000e+02 0.000000000000000e+00
6.576367200000001e+02 0.000000000000000e+00
6.577194000000001e+02 0.000000000000000e+00
6.578020800000000e+02 0.000000000000000e+00
6.578847600000000e+02 0.000000000000000e+00
6.579674400000000e+02 0.000000000000000e+00
6.580501200000000e+02 0.000000000000000e+00
6.581328000000000e+02 0.000000000000000e+00
6.582154800000001e+02 0.000000000000000e+00
6.582981600000001e+02 0.000000000000000e+00
6.583808400000000e+02 0.000000000000000e+00
6.584635200000000e+02 0.000000000000000e+00
6.585462000000000e+02 0.000000000000000e+00
6.586288800000000e+02 0.000000000000000e+00
6.587115600000001e+02 0.000000000000000e+00
6.587942400000001e+02 0.000000000000000e+00
6.588769200000000e+02 0.000000000000000e+00
6.589596000000000e+02 0.000000000000000e+00
6.590422800000000e+02 0.000000000000000e+00
6.591249600000000e+02 0.000000000000000e+00
6.592076400000001e+02 0.000000000000000e+00
6.592903200000001e+02 0.000000000000000e+00
6.593730000000000e+02 0.000000000000000e+00
6.594556800000000e+02 0.000000000000000e+00
6.595383600000000e+02 0.000000000000000e+00
6.596210400000000e+02 0.000000000000000e+00
6.597037200000000e+02 0.000000000000000e+00
6.597864000000001e+02 0.000000000000000e+00
6.598690800000001e+02 0.000000000000000e+00
6.599517600000000e+02 0.000000000000000e+00
6.600344400000000e+02 0.000000000000000e+00
6.601171200000000e+02 0.000000000000000e+00
6.601998000000000e+02 0.000000000000000e+00
6.602824800000001e+02 0.000000000000000e+00
6.603651600000001e+02 0.000000000000000e+00
6.604478400000000e+02 0.000000000000000e+00
6.605305200000000e+02 0.000000000000000e+00
6.606132000000000e+02 0.000000000000000e+00
6.606958800000000e+02 0.000000000000000e+00
6.607785600000001e+02 0.000000000000000e+00
6.608612400000001e+02 0.000000000000000e+00
6.609439200000000e+02 0.000000000000000e+00
6.610266000000000e+02 0.000000000000000e+00
6.611092800000000e+02 0.000000000000000e+00
6.611919600000000e+02 0.000000000000000e+00
6.612746400000000e+02 0.000000000000000e+00
6.613573200000001e+02 0.000000000000000e+00
6.614400000000001e+02 0.000000000000000e+00
6.615226800000000e+02 0.000000000000000e+00
6.616053600000000e+02 0.000000000000000e+00
6.616880400000000e+02 0.000000000000000e+00
6.617707200000000e+02 0.000000000000000e+00
6.618534000000001e+02 0.000000000000000e+00
6.619360800000001e+02 0.000000000000000e+00
6.620187600000000e+02 0.000000000000000e+00
6.621014400000000e+02 0.000000000000000e+00
6.621841200000000e+02 0.000000000000000e+00
6.622668000000000e+02 0.000000000000000e+00
6.623494800000000e+02 0.000000000000000e+00
6.624321600000001e+02 0.000000000000000e+00
6.625148400000000e+02 0.000000000000000e+00
6.625975200000000e+02 0.000000000000000e+00
6.626802000000000e+02 0.000000000000000e+00
6.627628800000000e+02 0.000000000000000e+00
6.628455600000000e+02 0.000000000000000e+00
6.629282400000001e+02 0.000000000000000e+00
6.630109200000001e+02 0.000000000000000e+00
6.630936000000000e+02 0.000000000000000e+00
6.631762800000000e+02 0.000000000000000e+00
6.632589600000000e+02 0.000000000000000e+00
6.633416400000000e+02 0.000000000000000e+00
6.634243200000001e+02 0.000000000000000e+00
6.635070000000001e+02 0.000000000000000e+00
6.635896800000000e+02 0.000000000000000e+00
6.636723600000000e+02 0.000000000000000e+00
6.637550400000000e+02 0.000000000000000e+00
6.638377200000000e+02 0.000000000000000e+00
6.639204000000000e+02 0.000000000000000e+00
6.640030800000001e+02 0.000000000000000e+00
6.640857600000001e+02 0.000000000000000e+00
6.641684400000000e+02 0.000000000000000e+00
6.642511200000000e+02 0.000000000000000e+00
6.643338000000000e+02 0.000000000000000e+00
6.644164800000000e+02 0.000000000000000e+00
6.644991600000001e+02 0.000000000000000e+00
6.645818400000001e+02 0.000000000000000e+00
6.646645200000000e+02 0.000000000000000e+00
6.647472000000000e+02 0.000000000000000e+00
6.648298800000000e+02 0.000000000000000e+00
6.649125600000000e+02 0.000000000000000e+00
6.649952400000001e+02 0.000000000000000e+00
6.650779200000001e+02 0.000000000000000e+00
6.651606000000000e+02 0.000000000000000e+00
6.652432800000000e+02 0.000000000000000e+00
6.653259600000000e+02 0.000000000000000e+00
6.654086400000000e+02 0.000000000000000e+00
6.654913200000000e+02 0.000000000000000e+00
6.655740000000001e+02 0.000000000000000e+00
6.656566800000001e+02 0.000000000000000e+00
6.657393600000000e+02 0.000000000000000e+00
6.658220400000000e+02 0.000000000000000e+00
6.659047200000000e+02 0.000000000000000e+00
6.659874000000000e+02 0.000000000000000e+00
6.660700800000001e+02 0.000000000000000e+00
6.661527600000001e+02 0.000000000000000e+00
6.662354400000000e+02 0.000000000000000e+00
6.663181200000000e+02 0.000000000000000e+00
6.664008000000000e+02 0.000000000000000e+00
6.664834800000000e+02 0.000000000000000e+00
6.665661600000001e+02 0.000000000000000e+00
6.666488400000001e+02 0.000000000000000e+00
6.667315200000000e+02 0.000000000000000e+00
6.668142000000000e+02 0.000000000000000e+00
6.668968800000000e+02 0.000000000000000e+00
6.669795600000000e+02 0.000000000000000e+00
6.670622400000000e+02 0.000000000000000e+00
6.671449200000001e+02 0.000000000000000e+00
6.672276000000001e+02 0.000000000000000e+00
6.673102800000000e+02 0.000000000000000e+00
6.673929600000000e+02 0.000000000000000e+00
6.674756400000000e+02 0.000000000000000e+00
6.675583200000000e+02 0.000000000000000e+00
6.676410000000001e+02 0.000000000000000e+00
6.677236800000001e+02 0.000000000000000e+00
6.678063600000000e+02 0.000000000000000e+00
6.678890400000000e+02 0.000000000000000e+00
6.679717200000000e+02 0.000000000000000e+00
6.680544000000000e+02 0.000000000000000e+00
6.681370800000001e+02 0.000000000000000e+00
6.682197600000001e+02 0.000000000000000e+00
6.683024400000000e+02 0.000000000000000e+00
6.683851200000000e+02 0.000000000000000e+00
6.684678000000000e+02 0.000000000000000e+00
6.685504800000000e+02 0.000000000000000e+00
6.686331600000000e+02 0.000000000000000e+00
6.687158400000001e+02 0.000000000000000e+00
6.687985200000001e+02 0.000000000000000e+00
6.688812000000000e+02 0.000000000000000e+00
6.689638800000000e+02 0.000000000000000e+00
6.690465600000000e+02 0.000000000000000e+00
6.691292400000000e+02 0.000000000000000e+00
6.692119200000001e+02 0.000000000000000e+00
6.692946000000001e+02 0.000000000000000e+00
6.693772800000000e+02 0.000000000000000e+00
6.694599600000000e+02 0.000000000000000e+00
6.695426400000000e+02 0.000000000000000e+00
6.696253200000000e+02 0.000000000000000e+00
6.697080000000001e+02 0.000000000000000e+00
6.697906800000001e+02 0.000000000000000e+00
6.698733600000000e+02 0.000000000000000e+00
6.699560400000000e+02 0.000000000000000e+00
6.700387200000000e+02 0.000000000000000e+00
6.701214000000000e+02 0.000000000000000e+00
6.702040800000000e+02 0.000000000000000e+00
6.702867600000001e+02 0.000000000000000e+00
6.703694400000001e+02 0.000000000000000e+00
6.704521200000000e+02 0.000000000000000e+00
6.705348000000000e+02 0.000000000000000e+00
6.706174800000000e+02 0.000000000000000e+00
6.707001600000000e+02 0.000000000000000e+00
6.707828400000001e+02 0.000000000000000e+00
6.708655200000001e+02 0.000000000000000e+00
6.709482000000000e+02 0.000000000000000e+00
6.710308800000000e+02 0.000000000000000e+00
6.711135600000000e+02 0.000000000000000e+00
6.711962400000000e+02 0.000000000000000e+00
6.712789200000001e+02 0.000000000000000e+00
6.713616000000001e+02 0.000000000000000e+00
6.714442800000000e+02 0.000000000000000e+00
6.715269600000000e+02 0.000000000000000e+00
6.716096400000000e+02 0.000000000000000e+00
6.716923200000000e+02 0.000000000000000e+00
6.717750000000000e+02 0.000000000000000e+00
6.718576800000001e+02 0.000000000000000e+00
6.719403600000001e+02 0.000000000000000e+00
6.720230400000000e+02 0.000000000000000e+00
6.721057200000000e+02 0.000000000000000e+00
6.721884000000000e+02 0.000000000000000e+00
6.722710800000000e+02 0.000000000000000e+00
6.723537600000001e+02 0.000000000000000e+00
6.724364400000001e+02 0.000000000000000e+00
6.725191200000000e+02 0.000000000000000e+00
6.726018000000000e+02 0.000000000000000e+00
6.726844800000000e+02 0.000000000000000e+00
6.727671600000000e+02 0.000000000000000e+00
6.728498400000000e+02 0.000000000000000e+00
6.729325200000001e+02 0.000000000000000e+00
6.730152000000000e+02 0.000000000000000e+00
6.730978800000000e+02 0.000000000000000e+00
6.731805600000000e+02 0.000000000000000e+00
6.732632400000000e+02 0.000000000000000e+00
6.733459200000000e+02 0.000000000000000e+00
6.734286000000001e+02 0.000000000000000e+00
6.735112800000001e+02 0.000000000000000e+00
6.735939600000000e+02 0.000000000000000e+00
6.736766400000000e+02 0.000000000000000e+00
6.737593200000000e+02 0.000000000000000e+00
6.738420000000000e+02 0.000000000000000e+00
6.739246800000001e+02 0.000000000000000e+00
6.740073600000001e+02 0.000000000000000e+00
6.740900400000000e+02 0.000000000000000e+00
6.741727200000000e+02 0.000000000000000e+00
6.742554000000000e+02 0.000000000000000e+00
6.743380800000000e+02 0.000000000000000e+00
6.744207600000000e+02 0.000000000000000e+00
6.745034400000001e+02 0.000000000000000e+00
6.745861200000001e+02 0.000000000000000e+00
6.746688000000000e+02 0.000000000000000e+00
6.747514800000000e+02 0.000000000000000e+00
6.748341600000000e+02 0.000000000000000e+00
6.749168400000000e+02 0.000000000000000e+00
6.749995200000001e+02 0.000000000000000e+00
6.750822000000001e+02 0.000000000000000e+00
6.751648800000000e+02 0.000000000000000e+00
6.752475600000000e+02 0.000000000000000e+00
6.753302400000000e+02 0.000000000000000e+00
6.754129200000000e+02 0.000000000000000e+00
6.754956000000001e+02 0.000000000000000e+00
6.755782800000001e+02 0.000000000000000e+00
6.756609600000000e+02 0.000000000000000e+00
6.757436400000000e+02 0.000000000000000e+00
6.758263200000000e+02 0.000000000000000e+00
6.759090000000000e+02 0.000000000000000e+00
6.759916800000000e+02 0.000000000000000e+00
6.760743600000001e+02 0.000000000000000e+00
6.761570400000001e+02 0.000000000000000e+00
6.762397200000000e+02 0.000000000000000e+00
6.763224000000000e+02 0.000000000000000e+00
6.764050800000000e+02 0.000000000000000e+00
6.764877600000000e+02 0.000000000000000e+00
6.765704400000001e+02 0.000000000000000e+00
6.766531200000001e+02 0.000000000000000e+00
6.767358000000000e+02 0.000000000000000e+00
6.768184800000000e+02 0.000000000000000e+00
6.769011600000000e+02 0.000000000000000e+00
6.769838400000000e+02 0.000000000000000e+00
6.770665200000001e+02 0.000000000000000e+00
6.771492000000001e+02 0.000000000000000e+00
6.772318800000000e+02 0.000000000000000e+00
6.773145600000000e+02 0.000000000000000e+00
6.773972400000000e+02 0.000000000000000e+00
6.774799200000000e+02 0.000000000000000e+00
6.775626000000000e+02 0.000000000000000e+00
6.776452800000001e+02 0.000000000000000e+00
6.777279600000001e+02 0.000000000000000e+00
6.778106400000000e+02 0.000000000000000e+00
6.778933200000000e+02 0.000000000000000e+00
6.779760000000000e+02 0.000000000000000e+00
6.780586800000000e+02 0.000000000000000e+00
6.781413600000001e+02 0.000000000000000e+00
6.782240400000001e+02 0.000000000000000e+00
6.783067200000000e+02 0.000000000000000e+00
6.783894000000000e+02 0.000000000000000e+00
6.784720800000000e+02 0.000000000000000e+00
6.785547600000000e+02 0.000000000000000e+00
6.786374400000001e+02 0.000000000000000e+00
6.787201200000001e+02 0.000000000000000e+00
6.788028000000000e+02 0.000000000000000e+00
6.788854800000000e+02 0.000000000000000e+00
6.789681600000000e+02 0.000000000000000e+00
6.790508400000000e+02 0.000000000000000e+00
6.791335200000000e+02 0.000000000000000e+00
6.792162000000001e+02 0.000000000000000e+00
6.792988800000001e+02 0.000000000000000e+00
6.793815600000000e+02 0.000000000000000e+00
6.794642400000000e+02 0.000000000000000e+00
6.795469200000000e+02 0.000000000000000e+00
6.796296000000000e+02 0.000000000000000e+00
6.797122800000001e+02 0.000000000000000e+00
6.797949600000001e+02 0.000000000000000e+00
6.798776400000000e+02 0.000000000000000e+00
6.799603200000000e+02 0.000000000000000e+00
6.800430000000000e+02 0.000000000000000e+00
6.801256800000000e+02 0.000000000000000e+00
6.802083600000001e+02 0.000000000000000e+00
6.802910400000001e+02 0.000000000000000e+00
6.803737200000000e+02 0.000000000000000e+00
6.804564000000000e+02 0.000000000000000e+00
6.805390800000000e+02 0.000000000000000e+00
6.806217600000000e+02 0.000000000000000e+00
6.807044400000000e+02 0.000000000000000e+00
6.807871200000001e+02 0.000000000000000e+00
6.808698000000001e+02 0.000000000000000e+00
6.809524800000000e+02 0.000000000000000e+00
6.810351600000000e+02 0.000000000000000e+00
6.811178400000000e+02 0.000000000000000e+00
6.812005200000000e+02 0.000000000000000e+00
6.812832000000001e+02 0.000000000000000e+00
6.813658800000001e+02 0.000000000000000e+00
6.814485600000000e+02 0.000000000000000e+00
6.815312400000000e+02 0.000000000000000e+00
6.816139200000000e+02 0.000000000000000e+00
6.816966000000000e+02 0.000000000000000e+00
6.817792800000001e+02 0.000000000000000e+00
6.818619600000001e+02 0.000000000000000e+00
6.819446400000000e+02 0.000000000000000e+00
6.820273200000000e+02 0.000000000000000e+00
6.821100000000000e+02 0.000000000000000e+00
6.821926800000000e+02 0.000000000000000e+00
6.822753600000000e+02 0.000000000000000e+00
6.823580400000001e+02 0.000000000000000e+00
6.824407200000001e+02 0.000000000000000e+00
6.825234000000000e+02 0.000000000000000e+00
6.826060800000000e+02 0.000000000000000e+00
6.826887600000000e+02 0.000000000000000e+00
6.827714400000000e+02 0.000000000000000e+00
6.828541200000001e+02 0.000000000000000e+00
6.829368000000001e+02 0.000000000000000e+00
6.830194800000000e+02 0.000000000000000e+00
6.831021600000000e+02 0.000000000000000e+00
6.831848400000000e+02 0.000000000000000e+00
6.832675200000000e+02 0.000000000000000e+00
6.833502000000000e+02 0.000000000000000e+00
6.834328800000001e+02 0.000000000000000e+00
6.835155600000001e+02 0.000000000000000e+00
6.835982400000000e+02 0.000000000000000e+00
6.836809200000000e+02 0.000000000000000e+00
6.837636000000000e+02 0.000000000000000e+00
6.838462800000000e+02 0.000000000000000e+00
6.839289600000001e+02 0.000000000000000e+00
6.840116400000001e+02 0.000000000000000e+00
6.840943200000000e+02 0.000000000000000e+00
6.841770000000000e+02 0.000000000000000e+00
6.842596800000000e+02 0.000000000000000e+00
6.843423600000000e+02 0.000000000000000e+00
6.844250400000001e+02 0.000000000000000e+00
6.845077200000001e+02 0.000000000000000e+00
6.845904000000000e+02 0.000000000000000e+00
6.846730800000000e+02 0.000000000000000e+00
6.847557600000000e+02 0.000000000000000e+00
6.848384400000000e+02 0.000000000000000e+00
6.849211200000000e+02 0.000000000000000e+00
6.850038000000001e+02 0.000000000000000e+00
6.850864800000001e+02 0.000000000000000e+00
6.851691600000000e+02 0.000000000000000e+00
6.852518400000000e+02 0.000000000000000e+00
6.853345200000000e+02 0.000000000000000e+00
6.854172000000000e+02 0.000000000000000e+00
6.854998800000001e+02 0.000000000000000e+00
6.855825600000001e+02 0.000000000000000e+00
6.856652400000000e+02 0.000000000000000e+00
6.857479200000000e+02 0.000000000000000e+00
6.858306000000000e+02 0.000000000000000e+00
6.859132800000000e+02 0.000000000000000e+00
6.859959600000001e+02 0.000000000000000e+00
6.860786400000001e+02 0.000000000000000e+00
6.861613200000000e+02 0.000000000000000e+00
6.862440000000000e+02 0.000000000000000e+00
6.863266800000000e+02 0.000000000000000e+00
6.864093600000000e+02 0.000000000000000e+00
6.864920400000000e+02 0.000000000000000e+00
6.865747200000001e+02 0.000000000000000e+00
6.866574000000001e+02 0.000000000000000e+00
6.867400800000000e+02 0.000000000000000e+00
6.868227600000000e+02 0.000000000000000e+00
6.869054400000000e+02 0.000000000000000e+00
6.869881200000000e+02 0.000000000000000e+00
6.870708000000001e+02 0.000000000000000e+00
6.871534800000001e+02 0.000000000000000e+00
6.872361600000000e+02 0.000000000000000e+00
6.873188400000000e+02 0.000000000000000e+00
6.874015200000000e+02 0.000000000000000e+00
6.874842000000000e+02 0.000000000000000e+00
6.875668800000001e+02 0.000000000000000e+00
6.876495600000001e+02 0.000000000000000e+00
6.877322400000000e+02 0.000000000000000e+00
6.878149200000000e+02 0.000000000000000e+00
6.878976000000000e+02 0.000000000000000e+00
6.879802800000000e+02 0.000000000000000e+00
6.880629600000000e+02 0.000000000000000e+00
6.881456400000001e+02 0.000000000000000e+00
6.882283200000001e+02 0.000000000000000e+00
6.883110000000000e+02 0.000000000000000e+00
6.883936800000000e+02 0.000000000000000e+00
6.884763600000000e+02 0.000000000000000e+00
6.885590400000000e+02 0.000000000000000e+00
6.886417200000001e+02 0.000000000000000e+00
6.887244000000001e+02 0.000000000000000e+00
6.888070800000000e+02 0.000000000000000e+00
6.888897600000000e+02 0.000000000000000e+00
6.889724400000000e+02 0.000000000000000e+00
6.890551200000000e+02 0.000000000000000e+00
6.891378000000001e+02 0.000000000000000e+00
6.892204800000001e+02 0.000000000000000e+00
6.893031600000000e+02 0.000000000000000e+00
6.893858400000000e+02 0.000000000000000e+00
6.894685200000000e+02 0.000000000000000e+00
6.895512000000000e+02 0.000000000000000e+00
6.896338800000000e+02 0.000000000000000e+00
6.897165600000001e+02 0.000000000000000e+00
6.897992400000001e+02 0.000000000000000e+00
6.898819200000000e+02 0.000000000000000e+00
6.899646000000000e+02 0.000000000000000e+00
6.900472800000000e+02 0.000000000000000e+00
6.901299600000000e+02 0.000000000000000e+00
6.902126400000001e+02 0.000000000000000e+00
6.902953200000001e+02 0.000000000000000e+00
6.903780000000000e+02 0.000000000000000e+00
6.904606800000000e+02 0.000000000000000e+00
6.905433600000000e+02 0.000000000000000e+00
6.906260400000000e+02 0.000000000000000e+00
6.907087200000001e+02 0.000000000000000e+00
6.907914000000001e+02 0.000000000000000e+00
6.908740800000000e+02 0.000000000000000e+00
6.909567600000000e+02 0.000000000000000e+00
6.910394400000000e+02 0.000000000000000e+00
6.911221200000000e+02 0.000000000000000e+00
6.912048000000000e+02 0.000000000000000e+00
6.912874800000001e+02 0.000000000000000e+00
6.913701600000001e+02 0.000000000000000e+00
6.914528400000000e+02 0.000000000000000e+00
6.915355200000000e+02 0.000000000000000e+00
6.916182000000000e+02 0.000000000000000e+00
6.917008800000000e+02 0.000000000000000e+00
6.917835600000001e+02 0.000000000000000e+00
6.918662400000001e+02 0.000000000000000e+00
6.919489200000000e+02 0.000000000000000e+00
6.920316000000000e+02 0.000000000000000e+00
6.921142800000000e+02 0.000000000000000e+00
6.921969600000000e+02 0.000000000000000e+00
6.922796400000001e+02 0.000000000000000e+00
6.923623200000001e+02 0.000000000000000e+00
6.924450000000001e+02 0.000000000000000e+00
6.925276800000000e+02 0.000000000000000e+00
6.926103600000000e+02 0.000000000000000e+00
6.926930400000000e+02 0.000000000000000e+00
6.927757200000000e+02 0.000000000000000e+00
6.928584000000001e+02 0.000000000000000e+00
6.929410800000001e+02 0.000000000000000e+00
6.930237600000000e+02 0.000000000000000e+00
6.931064400000000e+02 0.000000000000000e+00
6.931891200000000e+02 0.000000000000000e+00
6.932718000000000e+02 0.000000000000000e+00
6.933544800000001e+02 0.000000000000000e+00
6.934371600000001e+02 0.000000000000000e+00
6.935198400000000e+02 0.000000000000000e+00
6.936025200000000e+02 0.000000000000000e+00
6.936852000000000e+02 0.000000000000000e+00
6.937678800000000e+02 0.000000000000000e+00
6.938505600000000e+02 0.000000000000000e+00
6.939332400000001e+02 0.000000000000000e+00
6.940159200000001e+02 0.000000000000000e+00
6.940986000000000e+02 0.000000000000000e+00
6.941812800000000e+02 0.000000000000000e+00
6.942639600000000e+02 0.000000000000000e+00
6.943466400000000e+02 0.000000000000000e+00
6.944293200000001e+02 0.000000000000000e+00
6.945120000000001e+02 0.000000000000000e+00
6.945946800000000e+02 0.000000000000000e+00
6.946773600000000e+02 0.000000000000000e+00
6.947600400000000e+02 0.000000000000000e+00
6.948427200000000e+02 0.000000000000000e+00
6.949254000000001e+02 0.000000000000000e+00
6.950080800000001e+02 0.000000000000000e+00
6.950907600000000e+02 0.000000000000000e+00
6.951734400000000e+02 0.000000000000000e+00
6.952561200000000e+02 0.000000000000000e+00
6.953388000000000e+02 0.000000000000000e+00
6.954214800000000e+02 0.000000000000000e+00
6.955041600000001e+02 0.000000000000000e+00
6.955868400000001e+02 0.000000000000000e+00
6.956695200000000e+02 0.000000000000000e+00
6.957522000000000e+02 0.000000000000000e+00
6.958348800000000e+02 0.000000000000000e+00
6.959175600000000e+02 0.000000000000000e+00
6.960002400000001e+02 0.000000000000000e+00
6.960829200000001e+02 0.000000000000000e+00
6.961656000000000e+02 0.000000000000000e+00
6.962482800000000e+02 0.000000000000000e+00
6.963309600000000e+02 0.000000000000000e+00
6.964136400000000e+02 0.000000000000000e+00
6.964963200000001e+02 0.000000000000000e+00
6.965790000000001e+02 0.000000000000000e+00
6.966616800000000e+02 0.000000000000000e+00
6.967443600000000e+02 0.000000000000000e+00
6.968270400000000e+02 0.000000000000000e+00
6.969097200000000e+02 0.000000000000000e+00
6.969924000000000e+02 0.000000000000000e+00
6.970750800000001e+02 0.000000000000000e+00
6.971577600000001e+02 0.000000000000000e+00
6.972404400000000e+02 0.000000000000000e+00
6.973231200000000e+02 0.000000000000000e+00
6.974058000000000e+02 0.000000000000000e+00
6.974884800000000e+02 0.000000000000000e+00
6.975711600000001e+02 0.000000000000000e+00
6.976538400000001e+02 0.000000000000000e+00
6.977365200000000e+02 0.000000000000000e+00
6.978192000000000e+02 0.000000000000000e+00
6.979018800000000e+02 0.000000000000000e+00
6.979845600000000e+02 0.000000000000000e+00
6.980672400000001e+02 0.000000000000000e+00
6.981499200000001e+02 0.000000000000000e+00
6.982326000000000e+02 0.000000000000000e+00
6.983152800000000e+02 0.000000000000000e+00
6.983979600000000e+02 0.000000000000000e+00
6.984806400000000e+02 0.000000000000000e+00
6.985633200000000e+02 0.000000000000000e+00
6.986460000000001e+02 0.000000000000000e+00
6.987286800000001e+02 0.000000000000000e+00
6.988113600000000e+02 0.000000000000000e+00
6.988940400000000e+02 0.000000000000000e+00
6.989767200000000e+02 0.000000000000000e+00
6.990594000000000e+02 0.000000000000000e+00
6.991420800000001e+02 0.000000000000000e+00
6.992247600000001e+02 0.000000000000000e+00
6.993074400000000e+02 0.000000000000000e+00
6.993901200000000e+02 0.000000000000000e+00
6.994728000000000e+02 0.000000000000000e+00
6.995554800000000e+02 0.000000000000000e+00
6.996381600000001e+02 0.000000000000000e+00
6.997208400000001e+02 0.000000000000000e+00
6.998035200000000e+02 0.000000000000000e+00
6.998862000000000e+02 0.000000000000000e+00
6.999688800000000e+02 0.000000000000000e+00
7.000515600000000e+02 0.000000000000000e+00
7.001342400000000e+02 0.000000000000000e+00
7.002169200000001e+02 0.000000000000000e+00
7.002996000000001e+02 0.000000000000000e+00
7.003822800000000e+02 0.000000000000000e+00
7.004649600000000e+02 0.000000000000000e+00
7.005476400000000e+02 0.000000000000000e+00
7.006303200000000e+02 0.000000000000000e+00
7.007130000000001e+02 0.000000000000000e+00
7.007956800000001e+02 0.000000000000000e+00
7.008783600000000e+02 0.000000000000000e+00
7.009610400000000e+02 0.000000000000000e+00
7.010437200000000e+02 0.000000000000000e+00
7.011264000000000e+02 0.000000000000000e+00
7.012090800000001e+02 0.000000000000000e+00
7.012917600000001e+02 0.000000000000000e+00
7.013744400000000e+02 0.000000000000000e+00
7.014571200000000e+02 0.000000000000000e+00
7.015398000000000e+02 0.000000000000000e+00
7.016224800000000e+02 0.000000000000000e+00
7.017051600000000e+02 0.000000000000000e+00
7.017878400000001e+02 0.000000000000000e+00
7.018705200000001e+02 0.000000000000000e+00
7.019532000000000e+02 0.000000000000000e+00
7.020358800000000e+02 0.000000000000000e+00
7.021185600000000e+02 0.000000000000000e+00
7.022012400000000e+02 0.000000000000000e+00
7.022839200000001e+02 0.000000000000000e+00
7.023666000000001e+02 0.000000000000000e+00
7.024492800000000e+02 0.000000000000000e+00
7.025319600000000e+02 0.000000000000000e+00
7.026146400000000e+02 0.000000000000000e+00
7.026973200000000e+02 0.000000000000000e+00
7.027800000000001e+02 0.000000000000000e+00
7.028626800000001e+02 0.000000000000000e+00
7.029453600000001e+02 0.000000000000000e+00
7.030280400000000e+02 0.000000000000000e+00
7.031107200000000e+02 0.000000000000000e+00
7.031934000000000e+02 0.000000000000000e+00
7.032760800000000e+02 0.000000000000000e+00
7.033587600000001e+02 0.000000000000000e+00
7.034414400000001e+02 0.000000000000000e+00
7.035241200000000e+02 0.000000000000000e+00
7.036068000000000e+02 0.000000000000000e+00
7.036894800000000e+02 0.000000000000000e+00
7.037721600000000e+02 0.000000000000000e+00
7.038548400000001e+02 0.000000000000000e+00
7.039375200000001e+02 0.000000000000000e+00
7.040202000000000e+02 0.000000000000000e+00
7.041028800000000e+02 0.000000000000000e+00
7.041855600000000e+02 0.000000000000000e+00
7.042682400000000e+02 0.000000000000000e+00
7.043509200000000e+02 0.000000000000000e+00
7.044336000000001e+02 0.000000000000000e+00
7.045162800000001e+02 0.000000000000000e+00
7.045989600000000e+02 0.000000000000000e+00
7.046816400000000e+02 0.000000000000000e+00
7.047643200000000e+02 0.000000000000000e+00
7.048470000000000e+02 0.000000000000000e+00
7.049296800000001e+02 0.000000000000000e+00
7.050123600000001e+02 0.000000000000000e+00
7.050950400000000e+02 0.000000000000000e+00
7.051777200000000e+02 0.000000000000000e+00
7.052604000000000e+02 0.000000000000000e+00
7.053430800000000e+02 0.000000000000000e+00
7.054257600000001e+02 0.000000000000000e+00
7.055084400000001e+02 0.000000000000000e+00
7.055911200000000e+02 0.000000000000000e+00
7.056738000000000e+02 0.000000000000000e+00
7.057564800000000e+02 0.000000000000000e+00
7.058391600000000e+02 0.000000000000000e+00
7.059218400000000e+02 0.000000000000000e+00
7.060045200000001e+02 0.000000000000000e+00
7.060872000000001e+02 0.000000000000000e+00
7.061698800000000e+02 0.000000000000000e+00
7.062525600000000e+02 0.000000000000000e+00
7.063352400000000e+02 0.000000000000000e+00
7.064179200000000e+02 0.000000000000000e+00
7.065006000000001e+02 0.000000000000000e+00
7.065832800000001e+02 0.000000000000000e+00
7.066659600000000e+02 0.000000000000000e+00
7.067486400000000e+02 0.000000000000000e+00
7.068313200000000e+02 0.000000000000000e+00
7.069140000000000e+02 0.000000000000000e+00
7.069966800000001e+02 0.000000000000000e+00
7.070793600000001e+02 0.000000000000000e+00
7.071620400000000e+02 0.000000000000000e+00
7.072447200000000e+02 0.000000000000000e+00
7.073274000000000e+02 0.000000000000000e+00
7.074100800000000e+02 0.000000000000000e+00
7.074927600000000e+02 0.000000000000000e+00
7.075754400000001e+02 0.000000000000000e+00
7.076581200000001e+02 0.000000000000000e+00
7.077408000000000e+02 0.000000000000000e+00
7.078234800000000e+02 0.000000000000000e+00
7.079061600000000e+02 0.000000000000000e+00
7.079888400000000e+02 0.000000000000000e+00
7.080715200000001e+02 0.000000000000000e+00
7.081542000000001e+02 0.000000000000000e+00
7.082368800000000e+02 0.000000000000000e+00
7.083195600000000e+02 0.000000000000000e+00
7.084022400000000e+02 0.000000000000000e+00
7.084849200000000e+02 0.000000000000000e+00
7.085676000000001e+02 0.000000000000000e+00
7.086502800000001e+02 0.000000000000000e+00
7.087329600000000e+02 0.000000000000000e+00
7.088156400000000e+02 0.000000000000000e+00
7.088983200000000e+02 0.000000000000000e+00
7.089810000000000e+02 0.000000000000000e+00
7.090636800000000e+02 0.000000000000000e+00
7.091463600000001e+02 0.000000000000000e+00
7.092290400000001e+02 0.000000000000000e+00
7.093117200000000e+02 0.000000000000000e+00
7.093944000000000e+02 0.000000000000000e+00
7.094770800000000e+02 0.000000000000000e+00
7.095597600000000e+02 0.000000000000000e+00
7.096424400000001e+02 0.000000000000000e+00
7.097251200000001e+02 0.000000000000000e+00
7.098078000000000e+02 0.000000000000000e+00
7.098904800000000e+02 0.000000000000000e+00
7.099731600000000e+02 0.000000000000000e+00
7.100558400000000e+02 0.000000000000000e+00
7.101385200000001e+02 0.000000000000000e+00
7.102212000000001e+02 0.000000000000000e+00
7.103038800000000e+02 0.000000000000000e+00
7.103865600000000e+02 0.000000000000000e+00
7.104692400000000e+02 0.000000000000000e+00
7.105519200000000e+02 0.000000000000000e+00
7.106346000000000e+02 0.000000000000000e+00
7.107172800000001e+02 0.000000000000000e+00
7.107999600000001e+02 0.000000000000000e+00
7.108826400000000e+02 0.000000000000000e+00
7.109653200000000e+02 0.000000000000000e+00
7.110480000000000e+02 0.000000000000000e+00
7.111306800000000e+02 0.000000000000000e+00
7.112133600000001e+02 0.000000000000000e+00
7.112960400000001e+02 0.000000000000000e+00
7.113787200000000e+02 0.000000000000000e+00
7.114614000000000e+02 0.000000000000000e+00
7.115440800000000e+02 0.000000000000000e+00
7.116267600000000e+02 0.000000000000000e+00
7.117094400000001e+02 0.000000000000000e+00
7.117921200000001e+02 0.000000000000000e+00
7.118748000000001e+02 0.000000000000000e+00
7.119574800000000e+02 0.000000000000000e+00
7.120401600000000e+02 0.000000000000000e+00
7.121228400000000e+02 0.000000000000000e+00
7.122055200000000e+02 0.000000000000000e+00
7.122882000000001e+02 0.000000000000000e+00
7.123708800000001e+02 0.000000000000000e+00
7.124535600000000e+02 0.000000000000000e+00
7.125362400000000e+02 0.000000000000000e+00
7.126189200000000e+02 0.000000000000000e+00
7.127016000000000e+02 0.000000000000000e+00
7.127842800000001e+02 0.000000000000000e+00
7.128669600000001e+02 0.000000000000000e+00
7.129496400000000e+02 0.000000000000000e+00
7.130323200000000e+02 0.000000000000000e+00
7.131150000000000e+02 0.000000000000000e+00
7.131976800000000e+02 0.000000000000000e+00
7.132803600000000e+02 0.000000000000000e+00
7.133630400000001e+02 0.000000000000000e+00
7.134457200000001e+02 0.000000000000000e+00
7.135284000000000e+02 0.000000000000000e+00
7.136110800000000e+02 0.000000000000000e+00
7.136937600000000e+02 0.000000000000000e+00
7.137764400000000e+02 0.000000000000000e+00
7.138591200000001e+02 0.000000000000000e+00
7.139418000000001e+02 0.000000000000000e+00
7.140244800000000e+02 0.000000000000000e+00
7.141071600000000e+02 0.000000000000000e+00
7.141898400000000e+02 0.000000000000000e+00
7.142725200000000e+02 0.000000000000000e+00
7.143552000000001e+02 0.000000000000000e+00
7.144378800000001e+02 0.000000000000000e+00
7.145205600000000e+02 0.000000000000000e+00
7.146032400000000e+02 0.000000000000000e+00
7.146859200000000e+02 0.000000000000000e+00
7.147686000000000e+02 0.000000000000000e+00
7.148512800000000e+02 0.000000000000000e+00
7.149339600000001e+02 0.000000000000000e+00
7.150166400000001e+02 0.000000000000000e+00
7.150993200000000e+02 0.000000000000000e+00
7.151820000000000e+02 0.000000000000000e+00
7.152646800000000e+02 0.000000000000000e+00
7.153473600000000e+02 0.000000000000000e+00
7.154300400000001e+02 0.000000000000000e+00
7.155127200000001e+02 0.000000000000000e+00
7.155954000000000e+02 0.000000000000000e+00
7.156780800000000e+02 0.000000000000000e+00
7.157607600000000e+02 0.000000000000000e+00
7.158434400000000e+02 0.000000000000000e+00
7.159261200000001e+02 0.000000000000000e+00
7.160088000000001e+02 0.000000000000000e+00
7.160914800000000e+02 0.000000000000000e+00
7.161741600000000e+02 0.000000000000000e+00
7.162568400000000e+02 0.000000000000000e+00
7.163395200000000e+02 0.000000000000000e+00
7.164222000000000e+02 0.000000000000000e+00
7.165048800000001e+02 0.000000000000000e+00
7.165875600000001e+02 0.000000000000000e+00
7.166702400000000e+02 0.000000000000000e+00
7.167529200000000e+02 0.000000000000000e+00
7.168356000000000e+02 0.000000000000000e+00
7.169182800000000e+02 0.000000000000000e+00
7.170009600000001e+02 0.000000000000000e+00
7.170836400000001e+02 0.000000000000000e+00
7.171663200000000e+02 0.000000000000000e+00
7.172490000000000e+02 0.000000000000000e+00
7.173316800000000e+02 0.000000000000000e+00
7.174143600000000e+02 0.000000000000000e+00
7.174970400000001e+02 0.000000000000000e+00
7.175797200000001e+02 0.000000000000000e+00
7.176624000000000e+02 0.000000000000000e+00
7.177450800000000e+02 0.000000000000000e+00
7.178277600000000e+02 0.000000000000000e+00
7.179104400000000e+02 0.000000000000000e+00
7.179931200000000e+02 0.000000000000000e+00
7.180758000000001e+02 0.000000000000000e+00
7.181584800000001e+02 0.000000000000000e+00
7.182411600000000e+02 0.000000000000000e+00
7.183238400000000e+02 0.000000000000000e+00
7.184065200000000e+02 0.000000000000000e+00
7.184892000000000e+02 0.000000000000000e+00
7.185718800000001e+02 0.000000000000000e+00
7.186545600000001e+02 0.000000000000000e+00
7.187372400000000e+02 0.000000000000000e+00
7.188199200000000e+02 0.000000000000000e+00
7.189026000000000e+02 0.000000000000000e+00
7.189852800000000e+02 0.000000000000000e+00
7.190679600000001e+02 0.000000000000000e+00
7.191506400000001e+02 0.000000000000000e+00
7.192333200000000e+02 0.000000000000000e+00
7.193160000000000e+02 0.000000000000000e+00
7.193986800000000e+02 0.000000000000000e+00
7.194813600000000e+02 0.000000000000000e+00
7.195640400000000e+02 0.000000000000000e+00
7.196467200000001e+02 0.000000000000000e+00
7.197294000000001e+02 0.000000000000000e+00
7.198120800000000e+02 0.000000000000000e+00
7.198947600000000e+02 0.000000000000000e+00
7.199774400000000e+02 0.000000000000000e+00
7.200601200000000e+02 0.000000000000000e+00
7.201428000000001e+02 0.000000000000000e+00
7.202254800000001e+02 0.000000000000000e+00
7.203081600000000e+02 0.000000000000000e+00
7.203908400000000e+02 0.000000000000000e+00
7.204735200000000e+02 0.000000000000000e+00
7.205562000000000e+02 0.000000000000000e+00
7.206388800000001e+02 0.000000000000000e+00
7.207215600000001e+02 0.000000000000000e+00
7.208042400000000e+02 0.000000000000000e+00
7.208869200000000e+02 0.000000000000000e+00
7.209696000000000e+02 0.000000000000000e+00
7.210522800000000e+02 0.000000000000000e+00
7.211349600000000e+02 0.000000000000000e+00
7.212176400000001e+02 0.000000000000000e+00
7.213003200000001e+02 0.000000000000000e+00
7.213830000000000e+02 0.000000000000000e+00
7.214656800000000e+02 0.000000000000000e+00
7.215483600000000e+02 0.000000000000000e+00
7.216310400000000e+02 0.000000000000000e+00
7.217137200000001e+02 0.000000000000000e+00
7.217964000000001e+02 0.000000000000000e+00
7.218790800000000e+02 0.000000000000000e+00
7.219617600000000e+02 0.000000000000000e+00
7.220444400000000e+02 0.000000000000000e+00
7.221271200000000e+02 0.000000000000000e+00
7.222098000000001e+02 0.000000000000000e+00
7.222924800000001e+02 0.000000000000000e+00
7.223751600000001e+02 0.000000000000000e+00
7.224578400000000e+02 0.000000000000000e+00
7.225405200000000e+02 0.000000000000000e+00
7.226232000000000e+02 0.000000000000000e+00
7.227058800000000e+02 0.000000000000000e+00
7.227885600000001e+02 0.000000000000000e+00
7.228712400000001e+02 0.000000000000000e+00
7.229539200000000e+02 0.000000000000000e+00
7.230366000000000e+02 0.000000000000000e+00
7.231192800000000e+02 0.000000000000000e+00
7.232019600000000e+02 0.000000000000000e+00
7.232846400000001e+02 0.000000000000000e+00
7.233673200000001e+02 0.000000000000000e+00
7.234500000000000e+02 0.000000000000000e+00
7.235326800000000e+02 0.000000000000000e+00
7.236153600000000e+02 0.000000000000000e+00
7.236980400000000e+02 0.000000000000000e+00
7.237807200000000e+02 0.000000000000000e+00
7.238634000000001e+02 0.000000000000000e+00
7.239460800000001e+02 0.000000000000000e+00
7.240287600000000e+02 0.000000000000000e+00
7.241114400000000e+02 0.000000000000000e+00
7.241941200000000e+02 0.000000000000000e+00
7.242768000000000e+02 0.000000000000000e+00
7.243594800000001e+02 0.000000000000000e+00
7.244421600000001e+02 0.000000000000000e+00
7.245248400000000e+02 0.000000000000000e+00
7.246075200000000e+02 0.000000000000000e+00
7.246902000000000e+02 0.000000000000000e+00
7.247728800000000e+02 0.000000000000000e+00
7.248555600000001e+02 0.000000000000000e+00
7.249382400000001e+02 0.000000000000000e+00
7.250209200000000e+02 0.000000000000000e+00
7.251036000000000e+02 0.000000000000000e+00
7.251862800000000e+02 0.000000000000000e+00
7.252689600000000e+02 0.000000000000000e+00
7.253516400000000e+02 0.000000000000000e+00
7.254343200000001e+02 0.000000000000000e+00
7.255170000000001e+02 0.000000000000000e+00
7.255996800000000e+02 0.000000000000000e+00
7.256823600000000e+02 0.000000000000000e+00
7.257650400000000e+02 0.000000000000000e+00
7.258477200000000e+02 0.000000000000000e+00
7.259304000000001e+02 0.000000000000000e+00
7.260130800000001e+02 0.000000000000000e+00
7.260957600000000e+02 0.000000000000000e+00
7.261784400000000e+02 0.000000000000000e+00
7.262611200000000e+02 0.000000000000000e+00
7.263438000000000e+02 0.000000000000000e+00
7.264264800000001e+02 0.000000000000000e+00
7.265091600000001e+02 0.000000000000000e+00
7.265918400000000e+02 0.000000000000000e+00
7.266745200000000e+02 0.000000000000000e+00
7.267572000000000e+02 0.000000000000000e+00
7.268398800000000e+02 0.000000000000000e+00
7.269225600000000e+02 0.000000000000000e+00
7.270052400000001e+02 0.000000000000000e+00
7.270879200000001e+02 0.000000000000000e+00
7.271706000000000e+02 0.000000000000000e+00
7.272532800000000e+02 0.000000000000000e+00
7.273359600000000e+02 0.000000000000000e+00
7.274186400000000e+02 0.000000000000000e+00
7.275013200000001e+02 0.000000000000000e+00
7.275840000000001e+02 0.000000000000000e+00
7.276666800000000e+02 0.000000000000000e+00
7.277493600000000e+02 0.000000000000000e+00
7.278320400000000e+02 0.000000000000000e+00
7.279147200000000e+02 0.000000000000000e+00
7.279974000000001e+02 0.000000000000000e+00
7.280800800000001e+02 0.000000000000000e+00
7.281627600000000e+02 0.000000000000000e+00
7.282454400000000e+02 0.000000000000000e+00
7.283281200000000e+02 0.000000000000000e+00
7.284108000000000e+02 0.000000000000000e+00
7.284934800000000e+02 0.000000000000000e+00
7.285761600000001e+02 0.000000000000000e+00
7.286588400000001e+02 0.000000000000000e+00
7.287415200000000e+02 0.000000000000000e+00
7.288242000000000e+02 0.000000000000000e+00
7.289068800000000e+02 0.000000000000000e+00
7.289895600000000e+02 0.000000000000000e+00
7.290722400000001e+02 0.000000000000000e+00
7.291549200000001e+02 0.000000000000000e+00
7.292376000000000e+02 0.000000000000000e+00
7.293202800000000e+02 0.000000000000000e+00
7.294029600000000e+02 0.000000000000000e+00
7.294856400000000e+02 0.000000000000000e+00
7.295683200000001e+02 0.000000000000000e+00
7.296510000000001e+02 0.000000000000000e+00
7.297336800000000e+02 0.000000000000000e+00
7.298163600000000e+02 0.000000000000000e+00
7.298990400000000e+02 0.000000000000000e+00
7.299817200000000e+02 0.000000000000000e+00
7.300644000000000e+02 0.000000000000000e+00
7.301470800000001e+02 0.000000000000000e+00
7.302297600000001e+02 0.000000000000000e+00
7.303124400000000e+02 0.000000000000000e+00
7.303951200000000e+02 0.000000000000000e+00
7.304778000000000e+02 0.000000000000000e+00
7.305604800000000e+02 0.000000000000000e+00
7.306431600000001e+02 0.000000000000000e+00
7.307258400000001e+02 0.000000000000000e+00
7.308085200000000e+02 0.000000000000000e+00
7.308912000000000e+02 0.000000000000000e+00
7.309738800000000e+02 0.000000000000000e+00
7.310565600000000e+02 0.000000000000000e+00
7.311392400000001e+02 0.000000000000000e+00
7.312219200000001e+02 0.000000000000000e+00
7.313046000000001e+02 0.000000000000000e+00
7.313872800000000e+02 0.000000000000000e+00
7.314699600000000e+02 0.000000000000000e+00
7.315526400000000e+02 0.000000000000000e+00
7.316353200000000e+02 0.000000000000000e+00
7.317180000000001e+02 0.000000000000000e+00
7.318006800000001e+02 0.000000000000000e+00
7.318833600000000e+02 0.000000000000000e+00
7.319660400000000e+02 0.000000000000000e+00
7.320487200000000e+02 0.000000000000000e+00
7.321314000000000e+02 0.000000000000000e+00
7.322140800000001e+02 0.000000000000000e+00
7.322967600000001e+02 0.000000000000000e+00
7.323794400000000e+02 0.000000000000000e+00
7.324621200000000e+02 0.000000000000000e+00
7.325448000000000e+02 0.000000000000000e+00
7.326274800000000e+02 0.000000000000000e+00
7.327101600000001e+02 0.000000000000000e+00
7.327928400000001e+02 0.000000000000000e+00
7.328755200000001e+02 0.000000000000000e+00
7.329582000000000e+02 0.000000000000000e+00
7.330408800000000e+02 0.000000000000000e+00
7.331235600000000e+02 0.000000000000000e+00
7.332062400000000e+02 0.000000000000000e+00
7.332889200000001e+02 0.000000000000000e+00
7.333716000000001e+02 0.000000000000000e+00
7.334542800000000e+02 0.000000000000000e+00
7.335369600000000e+02 0.000000000000000e+00
7.336196400000000e+02 0.000000000000000e+00
7.337023200000000e+02 0.000000000000000e+00
7.337850000000001e+02 0.000000000000000e+00
7.338676800000001e+02 0.000000000000000e+00
7.339503600000000e+02 0.000000000000000e+00
7.340330400000000e+02 0.000000000000000e+00
7.341157200000000e+02 0.000000000000000e+00
7.341984000000000e+02 0.000000000000000e+00
7.342810800000000e+02 0.000000000000000e+00
7.343637600000001e+02 0.000000000000000e+00
7.344464400000001e+02 0.000000000000000e+00
7.345291200000000e+02 0.000000000000000e+00
7.346118000000000e+02 0.000000000000000e+00
7.346944800000000e+02 0.000000000000000e+00
7.347771600000000e+02 0.000000000000000e+00
7.348598400000001e+02 0.000000000000000e+00
7.349425200000001e+02 0.000000000000000e+00
7.350252000000000e+02 0.000000000000000e+00
7.351078800000000e+02 0.000000000000000e+00
7.351905600000000e+02 0.000000000000000e+00
7.352732400000000e+02 0.000000000000000e+00
7.353559200000001e+02 0.000000000000000e+00
7.354386000000001e+02 0.000000000000000e+00
7.355212800000000e+02 0.000000000000000e+00
7.356039600000000e+02 0.000000000000000e+00
7.356866400000000e+02 0.000000000000000e+00
7.357693200000000e+02 0.000000000000000e+00
7.358520000000000e+02 0.000000000000000e+00
7.359346800000001e+02 0.000000000000000e+00
7.360173600000001e+02 0.000000000000000e+00
7.361000400000000e+02 0.000000000000000e+00
7.361827200000000e+02 0.000000000000000e+00
7.362654000000000e+02 0.000000000000000e+00
7.363480800000000e+02 0.000000000000000e+00
7.364307600000001e+02 0.000000000000000e+00
7.365134400000001e+02 0.000000000000000e+00
7.365961200000000e+02 0.000000000000000e+00
7.366788000000000e+02 0.000000000000000e+00
7.367614800000000e+02 0.000000000000000e+00
7.368441600000000e+02 0.000000000000000e+00
7.369268400000001e+02 0.000000000000000e+00
7.370095200000001e+02 0.000000000000000e+00
7.370922000000000e+02 0.000000000000000e+00
7.371748800000000e+02 0.000000000000000e+00
7.372575600000000e+02 0.000000000000000e+00
7.373402400000000e+02 0.000000000000000e+00
7.374229200000000e+02 0.000000000000000e+00
7.375056000000001e+02 0.000000000000000e+00
7.375882800000001e+02 0.000000000000000e+00
7.376709600000000e+02 0.000000000000000e+00
7.377536400000000e+02 0.000000000000000e+00
7.378363200000000e+02 0.000000000000000e+00
7.379190000000000e+02 0.000000000000000e+00
7.380016800000001e+02 0.000000000000000e+00
7.380843600000001e+02 0.000000000000000e+00
7.381670400000000e+02 0.000000000000000e+00
7.382497200000000e+02 0.000000000000000e+00
7.383324000000000e+02 0.000000000000000e+00
7.384150800000000e+02 0.000000000000000e+00
7.384977600000001e+02 0.000000000000000e+00
7.385804400000001e+02 0.000000000000000e+00
7.386631200000000e+02 0.000000000000000e+00
7.387458000000000e+02 0.000000000000000e+00
7.388284800000000e+02 0.000000000000000e+00
7.389111600000000e+02 0.000000000000000e+00
7.389938400000000e+02 0.000000000000000e+00
7.390765200000001e+02 0.000000000000000e+00
7.391592000000001e+02 0.000000000000000e+00
7.392418800000000e+02 0.000000000000000e+00
7.393245600000000e+02 0.000000000000000e+00
7.394072400000000e+02 0.000000000000000e+00
7.394899200000000e+02 0.000000000000000e+00
7.395726000000001e+02 0.000000000000000e+00
7.396552800000001e+02 0.000000000000000e+00
7.397379600000000e+02 0.000000000000000e+00
7.398206400000000e+02 0.000000000000000e+00
7.399033200000000e+02 0.000000000000000e+00
7.399860000000000e+02 0.000000000000000e+00
7.400686800000001e+02 0.000000000000000e+00
7.401513600000001e+02 0.000000000000000e+00
7.402340400000000e+02 0.000000000000000e+00
7.403167200000000e+02 0.000000000000000e+00
7.403994000000000e+02 0.000000000000000e+00
7.404820800000000e+02 0.000000000000000e+00
7.405647600000000e+02 0.000000000000000e+00
7.406474400000001e+02 0.000000000000000e+00
7.407301200000001e+02 0.000000000000000e+00
7.408128000000000e+02 0.000000000000000e+00
7.408954800000000e+02 0.000000000000000e+00
7.409781600000000e+02 0.000000000000000e+00
7.410608400000000e+02 0.000000000000000e+00
7.411435200000001e+02 0.000000000000000e+00
7.412262000000001e+02 0.000000000000000e+00
7.413088800000000e+02 0.000000000000000e+00
7.413915600000000e+02 0.000000000000000e+00
7.414742400000000e+02 0.000000000000000e+00
7.415569200000000e+02 0.000000000000000e+00
7.416396000000001e+02 0.000000000000000e+00
7.417222800000001e+02 0.000000000000000e+00
7.418049600000001e+02 0.000000000000000e+00
7.418876400000000e+02 0.000000000000000e+00
7.419703200000000e+02 0.000000000000000e+00
7.420530000000000e+02 0.000000000000000e+00
7.421356800000000e+02 0.000000000000000e+00
7.422183600000001e+02 0.000000000000000e+00
7.423010400000001e+02 0.000000000000000e+00
7.423837200000000e+02 0.000000000000000e+00
7.424664000000000e+02 0.000000000000000e+00
7.425490800000000e+02 0.000000000000000e+00
7.426317600000000e+02 0.000000000000000e+00
7.427144400000001e+02 0.000000000000000e+00
7.427971200000001e+02 0.000000000000000e+00
7.428798000000000e+02 0.000000000000000e+00
7.429624800000000e+02 0.000000000000000e+00
7.430451600000000e+02 0.000000000000000e+00
7.431278400000000e+02 0.000000000000000e+00
7.432105200000001e+02 0.000000000000000e+00
7.432932000000001e+02 0.000000000000000e+00
7.433758800000001e+02 0.000000000000000e+00
7.434585600000000e+02 0.000000000000000e+00
7.435412400000000e+02 0.000000000000000e+00
7.436239200000000e+02 0.000000000000000e+00
7.437066000000000e+02 0.000000000000000e+00
7.437892800000001e+02 0.000000000000000e+00
7.438719600000001e+02 0.000000000000000e+00
7.439546400000000e+02 0.000000000000000e+00
7.440373200000000e+02 0.000000000000000e+00
7.441200000000000e+02 0.000000000000000e+00
7.442026800000000e+02 0.000000000000000e+00
7.442853600000001e+02 0.000000000000000e+00
7.443680400000001e+02 0.000000000000000e+00
7.444507200000000e+02 0.000000000000000e+00
7.445334000000000e+02 0.000000000000000e+00
7.446160800000000e+02 0.000000000000000e+00
7.446987600000000e+02 0.000000000000000e+00
7.447814400000000e+02 0.000000000000000e+00
7.448641200000001e+02 0.000000000000000e+00
7.449468000000001e+02 0.000000000000000e+00
7.450294800000000e+02 0.000000000000000e+00
7.451121600000000e+02 0.000000000000000e+00
7.451948400000000e+02 0.000000000000000e+00
7.452775200000000e+02 0.000000000000000e+00
7.453602000000001e+02 0.000000000000000e+00
7.454428800000001e+02 0.000000000000000e+00
7.455255600000000e+02 0.000000000000000e+00
7.456082400000000e+02 0.000000000000000e+00
7.456909200000000e+02 0.000000000000000e+00
7.457736000000000e+02 0.000000000000000e+00
7.458562800000001e+02 0.000000000000000e+00
7.459389600000001e+02 0.000000000000000e+00
7.460216400000000e+02 0.000000000000000e+00
7.461043200000000e+02 0.000000000000000e+00
7.461870000000000e+02 0.000000000000000e+00
7.462696800000000e+02 0.000000000000000e+00
7.463523600000000e+02 0.000000000000000e+00
7.464350400000001e+02 0.000000000000000e+00
7.465177200000001e+02 0.000000000000000e+00
7.466004000000000e+02 0.000000000000000e+00
7.466830800000000e+02 0.000000000000000e+00
7.467657600000000e+02 0.000000000000000e+00
7.468484400000000e+02 0.000000000000000e+00
7.469311200000001e+02 0.000000000000000e+00
7.470138000000001e+02 0.000000000000000e+00
7.470964800000000e+02 0.000000000000000e+00
7.471791600000000e+02 0.000000000000000e+00
7.472618400000000e+02 0.000000000000000e+00
7.473445200000000e+02 0.000000000000000e+00
7.474272000000001e+02 0.000000000000000e+00
7.475098800000001e+02 0.000000000000000e+00
7.475925600000000e+02 0.000000000000000e+00
7.476752400000000e+02 0.000000000000000e+00
7.477579200000000e+02 0.000000000000000e+00
7.478406000000000e+02 0.000000000000000e+00
7.479232800000000e+02 0.000000000000000e+00
7.480059600000001e+02 0.000000000000000e+00
7.480886400000001e+02 0.000000000000000e+00
7.481713200000000e+02 0.000000000000000e+00
7.482540000000000e+02 0.000000000000000e+00
7.483366800000000e+02 0.000000000000000e+00
7.484193600000000e+02 0.000000000000000e+00
7.485020400000001e+02 0.000000000000000e+00
7.485847200000001e+02 0.000000000000000e+00
7.486674000000000e+02 0.000000000000000e+00
7.487500800000000e+02 0.000000000000000e+00
7.488327600000000e+02 0.000000000000000e+00
7.489154400000000e+02 0.000000000000000e+00
7.489981200000001e+02 0.000000000000000e+00
7.490808000000001e+02 0.000000000000000e+00
7.491634800000000e+02 0.000000000000000e+00
7.492461600000000e+02 0.000000000000000e+00
7.493288400000000e+02 0.000000000000000e+00
7.494115200000000e+02 0.000000000000000e+00
7.494942000000000e+02 0.000000000000000e+00
7.495768800000001e+02 0.000000000000000e+00
7.496595600000001e+02 0.000000000000000e+00
7.497422400000000e+02 0.000000000000000e+00
7.498249200000000e+02 0.000000000000000e+00
7.499076000000000e+02 0.000000000000000e+00
7.499902800000000e+02 0.000000000000000e+00
7.500729600000001e+02 0.000000000000000e+00
7.501556400000001e+02 0.000000000000000e+00
7.502383200000000e+02 0.000000000000000e+00
7.503210000000000e+02 0.000000000000000e+00
7.504036800000000e+02 0.000000000000000e+00
7.504863600000000e+02 0.000000000000000e+00
7.505690400000001e+02 0.000000000000000e+00
7.506517200000001e+02 0.000000000000000e+00
7.507344000000001e+02 0.000000000000000e+00
7.508170800000000e+02 0.000000000000000e+00
7.508997600000000e+02 0.000000000000000e+00
7.509824400000000e+02 0.000000000000000e+00
7.510651200000000e+02 0.000000000000000e+00
7.511478000000001e+02 0.000000000000000e+00
7.512304800000001e+02 0.000000000000000e+00
7.513131600000000e+02 0.000000000000000e+00
7.513958400000000e+02 0.000000000000000e+00
7.514785200000000e+02 0.000000000000000e+00
7.515612000000000e+02 0.000000000000000e+00
7.516438800000001e+02 0.000000000000000e+00
7.517265600000001e+02 0.000000000000000e+00
7.518092400000000e+02 0.000000000000000e+00
7.518919200000000e+02 0.000000000000000e+00
7.519746000000000e+02 0.000000000000000e+00
7.520572800000000e+02 0.000000000000000e+00
7.521399600000001e+02 0.000000000000000e+00
7.522226400000001e+02 0.000000000000000e+00
7.523053200000001e+02 0.000000000000000e+00
7.523880000000000e+02 0.000000000000000e+00
7.524706800000000e+02 0.000000000000000e+00
7.525533600000000e+02 0.000000000000000e+00
7.526360400000000e+02 0.000000000000000e+00
7.527187200000001e+02 0.000000000000000e+00
7.528014000000001e+02 0.000000000000000e+00
7.528840800000000e+02 0.000000000000000e+00
7.529667600000000e+02 0.000000000000000e+00
7.530494400000000e+02 0.000000000000000e+00
7.531321200000000e+02 0.000000000000000e+00
7.532148000000001e+02 0.000000000000000e+00
7.532974800000001e+02 0.000000000000000e+00
7.533801600000000e+02 0.000000000000000e+00
7.534628400000000e+02 0.000000000000000e+00
7.535455200000000e+02 0.000000000000000e+00
7.536282000000000e+02 0.000000000000000e+00
7.537108800000001e+02 0.000000000000000e+00
7.537935600000001e+02 0.000000000000000e+00
7.538762400000001e+02 0.000000000000000e+00
7.539589200000000e+02 0.000000000000000e+00
7.540416000000000e+02 0.000000000000000e+00
7.541242800000000e+02 0.000000000000000e+00
7.542069600000000e+02 0.000000000000000e+00
7.542896400000001e+02 0.000000000000000e+00
7.543723200000001e+02 0.000000000000000e+00
7.544550000000000e+02 0.000000000000000e+00
7.545376800000000e+02 0.000000000000000e+00
7.546203600000000e+02 0.000000000000000e+00
7.547030400000000e+02 0.000000000000000e+00
7.547857200000001e+02 0.000000000000000e+00
7.548684000000001e+02 0.000000000000000e+00
7.549510800000000e+02 0.000000000000000e+00
7.550337600000000e+02 0.000000000000000e+00
7.551164400000000e+02 0.000000000000000e+00
7.551991200000000e+02 0.000000000000000e+00
7.552818000000000e+02 0.000000000000000e+00
7.553644800000001e+02 0.000000000000000e+00
7.554471600000001e+02 0.000000000000000e+00
7.555298400000000e+02 0.000000000000000e+00
7.556125200000000e+02 0.000000000000000e+00
7.556952000000000e+02 0.000000000000000e+00
7.557778800000000e+02 0.000000000000000e+00
7.558605600000001e+02 0.000000000000000e+00
7.559432400000001e+02 0.000000000000000e+00
7.560259200000000e+02 0.000000000000000e+00
7.561086000000000e+02 0.000000000000000e+00
7.561912800000000e+02 0.000000000000000e+00
7.562739600000000e+02 0.000000000000000e+00
7.563566400000001e+02 0.000000000000000e+00
7.564393200000001e+02 0.000000000000000e+00
7.565220000000000e+02 0.000000000000000e+00
7.566046800000000e+02 0.000000000000000e+00
7.566873600000000e+02 0.000000000000000e+00
7.567700400000000e+02 0.000000000000000e+00
7.568527200000000e+02 0.000000000000000e+00
7.569354000000001e+02 0.000000000000000e+00
7.570180800000001e+02 0.000000000000000e+00
7.571007600000000e+02 0.000000000000000e+00
7.571834400000000e+02 0.000000000000000e+00
7.572661200000000e+02 0.000000000000000e+00
7.573488000000000e+02 0.000000000000000e+00
7.574314800000001e+02 0.000000000000000e+00
7.575141600000001e+02 0.000000000000000e+00
7.575968400000000e+02 0.000000000000000e+00
7.576795200000000e+02 0.000000000000000e+00
7.577622000000000e+02 0.000000000000000e+00
7.578448800000000e+02 0.000000000000000e+00
7.579275600000001e+02 0.000000000000000e+00
7.580102400000001e+02 0.000000000000000e+00
7.580929200000000e+02 0.000000000000000e+00
7.581756000000000e+02 0.000000000000000e+00
7.582582800000000e+02 0.000000000000000e+00
7.583409600000000e+02 0.000000000000000e+00
7.584236400000000e+02 0.000000000000000e+00
7.585063200000001e+02 0.000000000000000e+00
7.585890000000001e+02 0.000000000000000e+00
7.586716800000000e+02 0.000000000000000e+00
7.587543600000000e+02 0.000000000000000e+00
7.588370400000000e+02 0.000000000000000e+00
7.589197200000000e+02 0.000000000000000e+00
7.590024000000001e+02 0.000000000000000e+00
7.590850800000001e+02 0.000000000000000e+00
7.591677600000000e+02 0.000000000000000e+00
7.592504400000000e+02 0.000000000000000e+00
7.593331200000000e+02 0.000000000000000e+00
7.594158000000000e+02 0.000000000000000e+00
7.594984800000001e+02 0.000000000000000e+00
7.595811600000001e+02 0.000000000000000e+00
7.596638400000001e+02 0.000000000000000e+00
7.597465200000000e+02 0.000000000000000e+00
7.598292000000000e+02 0.000000000000000e+00
7.599118800000000e+02 0.000000000000000e+00
7.599945600000000e+02 0.000000000000000e+00
7.600772400000001e+02 0.000000000000000e+00
7.601599200000001e+02 0.000000000000000e+00
7.602426000000000e+02 0.000000000000000e+00
7.603252800000000e+02 0.000000000000000e+00
7.604079600000000e+02 0.000000000000000e+00
7.604906400000000e+02 0.000000000000000e+00
7.605733200000001e+02 0.000000000000000e+00
7.606560000000001e+02 0.000000000000000e+00
7.607386800000000e+02 0.000000000000000e+00
7.608213600000000e+02 0.000000000000000e+00
7.609040400000000e+02 0.000000000000000e+00
7.609867200000000e+02 0.000000000000000e+00
7.610694000000001e+02 0.000000000000000e+00
7.611520800000001e+02 0.000000000000000e+00
7.612347600000001e+02 0.000000000000000e+00
7.613174400000000e+02 0.000000000000000e+00
7.614001200000000e+02 0.000000000000000e+00
7.614828000000000e+02 0.000000000000000e+00
7.615654800000000e+02 0.000000000000000e+00
7.616481600000001e+02 0.000000000000000e+00
7.617308400000001e+02 0.000000000000000e+00
7.618135200000000e+02 0.000000000000000e+00
7.618962000000000e+02 0.000000000000000e+00
7.619788800000000e+02 0.000000000000000e+00
7.620615600000000e+02 0.000000000000000e+00
7.621442400000001e+02 0.000000000000000e+00
7.622269200000001e+02 0.000000000000000e+00
7.623096000000000e+02 0.000000000000000e+00
7.623922800000000e+02 0.000000000000000e+00
7.624749600000000e+02 0.000000000000000e+00
7.625576400000000e+02 0.000000000000000e+00
7.626403200000001e+02 0.000000000000000e+00
7.627230000000001e+02 0.000000000000000e+00
7.628056800000001e+02 0.000000000000000e+00
7.628883600000000e+02 0.000000000000000e+00
7.629710400000000e+02 0.000000000000000e+00
7.630537200000000e+02 0.000000000000000e+00
7.631364000000000e+02 0.000000000000000e+00
7.632190800000001e+02 0.000000000000000e+00
7.633017600000001e+02 0.000000000000000e+00
7.633844400000000e+02 0.000000000000000e+00
7.634671200000000e+02 0.000000000000000e+00
7.635498000000000e+02 0.000000000000000e+00
7.636324800000000e+02 0.000000000000000e+00
7.637151600000001e+02 0.000000000000000e+00
7.637978400000001e+02 0.000000000000000e+00
7.638805200000000e+02 0.000000000000000e+00
7.639632000000000e+02 0.000000000000000e+00
7.640458800000000e+02 0.000000000000000e+00
7.641285600000000e+02 0.000000000000000e+00
7.642112400000001e+02 0.000000000000000e+00
7.642939200000001e+02 0.000000000000000e+00
7.643766000000001e+02 0.000000000000000e+00
7.644592800000000e+02 0.000000000000000e+00
7.645419600000000e+02 0.000000000000000e+00
7.646246400000000e+02 0.000000000000000e+00
7.647073200000000e+02 0.000000000000000e+00
7.647900000000001e+02 0.000000000000000e+00
7.648726800000001e+02 0.000000000000000e+00
7.649553600000000e+02 0.000000000000000e+00
7.650380400000000e+02 0.000000000000000e+00
7.651207200000000e+02 0.000000000000000e+00
7.652034000000000e+02 0.000000000000000e+00
7.652860800000001e+02 0.000000000000000e+00
7.653687600000001e+02 0.000000000000000e+00
7.654514400000000e+02 0.000000000000000e+00
7.655341200000000e+02 0.000000000000000e+00
7.656168000000000e+02 0.000000000000000e+00
7.656994800000000e+02 0.000000000000000e+00
7.657821600000000e+02 0.000000000000000e+00
7.658648400000001e+02 0.000000000000000e+00
7.659475200000001e+02 0.000000000000000e+00
7.660302000000000e+02 0.000000000000000e+00
7.661128800000000e+02 0.000000000000000e+00
7.661955600000000e+02 0.000000000000000e+00
7.662782400000000e+02 0.000000000000000e+00
7.663609200000001e+02 0.000000000000000e+00
7.664436000000001e+02 0.000000000000000e+00
7.665262800000000e+02 0.000000000000000e+00
7.666089600000000e+02 0.000000000000000e+00
7.666916400000000e+02 0.000000000000000e+00
7.667743200000000e+02 0.000000000000000e+00
7.668570000000001e+02 0.000000000000000e+00
7.669396800000001e+02 0.000000000000000e+00
7.670223600000000e+02 0.000000000000000e+00
7.671050400000000e+02 0.000000000000000e+00
7.671877200000000e+02 0.000000000000000e+00
7.672704000000000e+02 0.000000000000000e+00
7.673530800000000e+02 0.000000000000000e+00
7.674357600000001e+02 0.000000000000000e+00
7.675184400000001e+02 0.000000000000000e+00
7.676011200000000e+02 0.000000000000000e+00
7.676838000000000e+02 0.000000000000000e+00
7.677664800000000e+02 0.000000000000000e+00
7.678491600000000e+02 0.000000000000000e+00
7.679318400000001e+02 0.000000000000000e+00
7.680145200000001e+02 0.000000000000000e+00
7.680972000000000e+02 0.000000000000000e+00
7.681798800000000e+02 0.000000000000000e+00
7.682625600000000e+02 0.000000000000000e+00
7.683452400000000e+02 0.000000000000000e+00
7.684279200000001e+02 0.000000000000000e+00
7.685106000000001e+02 0.000000000000000e+00
7.685932800000000e+02 0.000000000000000e+00
7.686759600000000e+02 0.000000000000000e+00
7.687586400000000e+02 0.000000000000000e+00
7.688413200000000e+02 0.000000000000000e+00
7.689240000000000e+02 0.000000000000000e+00
7.690066800000001e+02 0.000000000000000e+00
7.690893600000001e+02 0.000000000000000e+00
7.691720400000000e+02 0.000000000000000e+00
7.692547200000000e+02 0.000000000000000e+00
7.693374000000000e+02 0.000000000000000e+00
7.694200800000000e+02 0.000000000000000e+00
7.695027600000001e+02 0.000000000000000e+00
7.695854400000001e+02 0.000000000000000e+00
7.696681200000000e+02 0.000000000000000e+00
7.697508000000000e+02 0.000000000000000e+00
7.698334800000000e+02 0.000000000000000e+00
7.699161600000000e+02 0.000000000000000e+00
7.699988400000001e+02 0.000000000000000e+00
7.700815200000001e+02 0.000000000000000e+00
7.701642000000001e+02 0.000000000000000e+00
7.702468800000000e+02 0.000000000000000e+00
7.703295600000000e+02 0.000000000000000e+00
7.704122400000000e+02 0.000000000000000e+00
7.704949200000000e+02 0.000000000000000e+00
7.705776000000001e+02 0.000000000000000e+00
7.706602800000001e+02 0.000000000000000e+00
7.707429600000000e+02 0.000000000000000e+00
7.708256400000000e+02 0.000000000000000e+00
7.709083200000000e+02 0.000000000000000e+00
7.709910000000000e+02 0.000000000000000e+00
7.710736800000001e+02 0.000000000000000e+00
7.711563600000001e+02 0.000000000000000e+00
7.712390400000000e+02 0.000000000000000e+00
7.713217200000000e+02 0.000000000000000e+00
7.714044000000000e+02 0.000000000000000e+00
7.714870800000000e+02 0.000000000000000e+00
7.715697600000001e+02 0.000000000000000e+00
7.716524400000001e+02 0.000000000000000e+00
7.717351200000001e+02 0.000000000000000e+00
7.718178000000000e+02 0.000000000000000e+00
7.719004800000000e+02 0.000000000000000e+00
7.719831600000000e+02 0.000000000000000e+00
7.720658400000000e+02 0.000000000000000e+00
7.721485200000001e+02 0.000000000000000e+00
7.722312000000001e+02 0.000000000000000e+00
7.723138800000000e+02 0.000000000000000e+00
7.723965600000000e+02 0.000000000000000e+00
7.724792400000000e+02 0.000000000000000e+00
7.725619200000000e+02 0.000000000000000e+00
7.726446000000001e+02 0.000000000000000e+00
7.727272800000001e+02 0.000000000000000e+00
7.728099600000000e+02 0.000000000000000e+00
7.728926400000000e+02 0.000000000000000e+00
7.729753200000000e+02 0.000000000000000e+00
7.730580000000000e+02 0.000000000000000e+00
7.731406800000001e+02 0.000000000000000e+00
7.732233600000001e+02 0.000000000000000e+00
7.733060400000001e+02 0.000000000000000e+00
7.733887200000000e+02 0.000000000000000e+00
7.734714000000000e+02 0.000000000000000e+00
7.735540800000000e+02 0.000000000000000e+00
7.736367600000000e+02 0.000000000000000e+00
7.737194400000001e+02 0.000000000000000e+00
7.738021200000001e+02 0.000000000000000e+00
7.738848000000000e+02 0.000000000000000e+00
7.739674800000000e+02 0.000000000000000e+00
7.740501600000000e+02 0.000000000000000e+00
7.741328400000000e+02 0.000000000000000e+00
7.742155200000001e+02 0.000000000000000e+00
7.742982000000001e+02 0.000000000000000e+00
7.743808800000000e+02 0.000000000000000e+00
7.744635600000000e+02 0.000000000000000e+00
7.745462400000000e+02 0.000000000000000e+00
7.746289200000000e+02 0.000000000000000e+00
7.747116000000001e+02 0.000000000000000e+00
7.747942800000001e+02 0.000000000000000e+00
7.748769600000001e+02 0.000000000000000e+00
7.749596400000000e+02 0.000000000000000e+00
7.750423200000000e+02 0.000000000000000e+00
7.751250000000000e+02 0.000000000000000e+00
7.752076800000000e+02 0.000000000000000e+00
7.752903600000001e+02 0.000000000000000e+00
7.753730400000001e+02 0.000000000000000e+00
7.754557200000000e+02 0.000000000000000e+00
7.755384000000000e+02 0.000000000000000e+00
7.756210800000000e+02 0.000000000000000e+00
7.757037600000000e+02 0.000000000000000e+00
7.757864400000001e+02 0.000000000000000e+00
7.758691200000001e+02 0.000000000000000e+00
7.759518000000000e+02 0.000000000000000e+00
7.760344800000000e+02 0.000000000000000e+00
7.761171600000000e+02 0.000000000000000e+00
7.761998400000000e+02 0.000000000000000e+00
7.762825200000000e+02 0.000000000000000e+00
7.763652000000001e+02 0.000000000000000e+00
7.764478800000001e+02 0.000000000000000e+00
7.765305600000000e+02 0.000000000000000e+00
7.766132400000000e+02 0.000000000000000e+00
7.766959200000000e+02 0.000000000000000e+00
7.767786000000000e+02 0.000000000000000e+00
7.768612800000001e+02 0.000000000000000e+00
7.769439600000001e+02 0.000000000000000e+00
7.770266400000000e+02 0.000000000000000e+00
7.771093200000000e+02 0.000000000000000e+00
7.771920000000000e+02 0.000000000000000e+00
7.772746800000000e+02 0.000000000000000e+00
7.773573600000001e+02 0.000000000000000e+00
7.774400400000001e+02 0.000000000000000e+00
7.775227200000000e+02 0.000000000000000e+00
7.776054000000000e+02 0.000000000000000e+00
7.776880800000000e+02 0.000000000000000e+00
7.777707600000000e+02 0.000000000000000e+00
7.778534400000000e+02 0.000000000000000e+00
7.779361200000001e+02 0.000000000000000e+00
7.780188000000001e+02 0.000000000000000e+00
7.781014800000000e+02 0.000000000000000e+00
7.781841600000000e+02 0.000000000000000e+00
7.782668400000000e+02 0.000000000000000e+00
7.783495200000000e+02 0.000000000000000e+00
7.784322000000001e+02 0.000000000000000e+00
7.785148800000001e+02 0.000000000000000e+00
7.785975600000000e+02 0.000000000000000e+00
7.786802400000000e+02 0.000000000000000e+00
7.787629200000000e+02 0.000000000000000e+00
7.788456000000000e+02 0.000000000000000e+00
7.789282800000001e+02 0.000000000000000e+00
7.790109600000001e+02 0.000000000000000e+00
7.790936400000001e+02 0.000000000000000e+00
7.791763200000000e+02 0.000000000000000e+00
7.792590000000000e+02 0.000000000000000e+00
7.793416800000000e+02 0.000000000000000e+00
7.794243600000000e+02 0.000000000000000e+00
7.795070400000001e+02 0.000000000000000e+00
7.795897200000001e+02 0.000000000000000e+00
7.796724000000000e+02 0.000000000000000e+00
7.797550800000000e+02 0.000000000000000e+00
7.798377600000000e+02 0.000000000000000e+00
7.799204400000000e+02 0.000000000000000e+00
7.800031200000001e+02 0.000000000000000e+00
7.800858000000001e+02 0.000000000000000e+00
7.801684800000000e+02 0.000000000000000e+00
7.802511600000000e+02 0.000000000000000e+00
7.803338400000000e+02 0.000000000000000e+00
7.804165200000000e+02 0.000000000000000e+00
7.804992000000001e+02 0.000000000000000e+00
7.805818800000001e+02 0.000000000000000e+00
7.806645600000001e+02 0.000000000000000e+00
7.807472400000000e+02 0.000000000000000e+00
7.808299200000000e+02 0.000000000000000e+00
7.809126000000000e+02 0.000000000000000e+00
7.809952800000000e+02 0.000000000000000e+00
7.810779600000001e+02 0.000000000000000e+00
7.811606400000001e+02 0.000000000000000e+00
7.812433200000000e+02 0.000000000000000e+00
7.813260000000000e+02 0.000000000000000e+00
7.814086800000000e+02 0.000000000000000e+00
7.814913600000000e+02 0.000000000000000e+00
7.815740400000001e+02 0.000000000000000e+00
7.816567200000001e+02 0.000000000000000e+00
7.817394000000000e+02 0.000000000000000e+00
7.818220800000000e+02 0.000000000000000e+00
7.819047600000000e+02 0.000000000000000e+00
7.819874400000000e+02 0.000000000000000e+00
7.820701200000001e+02 0.000000000000000e+00
7.821528000000001e+02 0.000000000000000e+00
7.822354800000001e+02 0.000000000000000e+00
7.823181600000000e+02 0.000000000000000e+00
7.824008400000000e+02 0.000000000000000e+00
7.824835200000000e+02 0.000000000000000e+00
7.825662000000000e+02 0.000000000000000e+00
7.826488800000001e+02 0.000000000000000e+00
7.827315600000001e+02 0.000000000000000e+00
7.828142400000000e+02 0.000000000000000e+00
7.828969200000000e+02 0.000000000000000e+00
7.829796000000000e+02 0.000000000000000e+00
7.830622800000000e+02 0.000000000000000e+00
7.831449600000001e+02 0.000000000000000e+00
7.832276400000001e+02 0.000000000000000e+00
7.833103200000000e+02 0.000000000000000e+00
7.833930000000000e+02 0.000000000000000e+00
7.834756800000000e+02 0.000000000000000e+00
7.835583600000000e+02 0.000000000000000e+00
7.836410400000001e+02 0.000000000000000e+00
7.837237200000001e+02 0.000000000000000e+00
7.838064000000001e+02 0.000000000000000e+00
7.838890800000000e+02 0.000000000000000e+00
7.839717600000000e+02 0.000000000000000e+00
7.840544400000000e+02 0.000000000000000e+00
7.841371200000000e+02 0.000000000000000e+00
7.842198000000001e+02 0.000000000000000e+00
7.843024800000001e+02 0.000000000000000e+00
7.843851600000000e+02 0.000000000000000e+00
7.844678400000000e+02 0.000000000000000e+00
7.845505200000000e+02 0.000000000000000e+00
7.846332000000000e+02 0.000000000000000e+00
7.847158800000001e+02 0.000000000000000e+00
7.847985600000001e+02 0.000000000000000e+00
7.848812400000000e+02 0.000000000000000e+00
7.849639200000000e+02 0.000000000000000e+00
7.850466000000000e+02 0.000000000000000e+00
7.851292800000000e+02 0.000000000000000e+00
7.852119600000000e+02 0.000000000000000e+00
7.852946400000001e+02 0.000000000000000e+00
7.853773200000001e+02 0.000000000000000e+00
7.854600000000000e+02 0.000000000000000e+00
7.855426800000000e+02 0.000000000000000e+00
7.856253600000000e+02 0.000000000000000e+00
7.857080400000000e+02 0.000000000000000e+00
7.857907200000001e+02 0.000000000000000e+00
7.858734000000001e+02 0.000000000000000e+00
7.859560800000000e+02 0.000000000000000e+00
7.860387600000000e+02 0.000000000000000e+00
7.861214400000000e+02 0.000000000000000e+00
7.862041200000000e+02 0.000000000000000e+00
7.862868000000001e+02 0.000000000000000e+00
7.863694800000001e+02 0.000000000000000e+00
7.864521600000000e+02 0.000000000000000e+00
7.865348400000000e+02 0.000000000000000e+00
7.866175200000000e+02 0.000000000000000e+00
7.867002000000000e+02 0.000000000000000e+00
7.867828800000000e+02 0.000000000000000e+00
7.868655600000001e+02 0.000000000000000e+00
7.869482400000001e+02 0.000000000000000e+00
7.870309200000000e+02 0.000000000000000e+00
7.871136000000000e+02 0.000000000000000e+00
7.871962800000000e+02 0.000000000000000e+00
7.872789600000000e+02 0.000000000000000e+00
7.873616400000001e+02 0.000000000000000e+00
7.874443200000001e+02 0.000000000000000e+00
7.875270000000000e+02 0.000000000000000e+00
7.876096800000000e+02 0.000000000000000e+00
7.876923600000000e+02 0.000000000000000e+00
7.877750400000000e+02 0.000000000000000e+00
7.878577200000001e+02 0.000000000000000e+00
7.879404000000001e+02 0.000000000000000e+00
7.880230800000000e+02 0.000000000000000e+00
7.881057600000000e+02 0.000000000000000e+00
7.881884400000000e+02 0.000000000000000e+00
7.882711200000000e+02 0.000000000000000e+00
7.883538000000000e+02 0.000000000000000e+00
7.884364800000001e+02 0.000000000000000e+00
7.885191600000001e+02 0.000000000000000e+00
7.886018400000000e+02 0.000000000000000e+00
7.886845200000000e+02 0.000000000000000e+00
7.887672000000000e+02 0.000000000000000e+00
7.888498800000000e+02 0.000000000000000e+00
7.889325600000001e+02 0.000000000000000e+00
7.890152400000001e+02 0.000000000000000e+00
7.890979200000000e+02 0.000000000000000e+00
7.891806000000000e+02 0.000000000000000e+00
7.892632800000000e+02 0.000000000000000e+00
7.893459600000000e+02 0.000000000000000e+00
7.894286400000001e+02 0.000000000000000e+00
7.895113200000001e+02 0.000000000000000e+00
7.895940000000001e+02 0.000000000000000e+00
7.896766800000000e+02 0.000000000000000e+00
7.897593600000000e+02 0.000000000000000e+00
7.898420400000000e+02 0.000000000000000e+00
7.899247200000000e+02 0.000000000000000e+00
7.900074000000001e+02 0.000000000000000e+00
7.900900800000001e+02 0.000000000000000e+00
7.901727600000000e+02 0.000000000000000e+00
7.902554400000000e+02 0.000000000000000e+00
7.903381200000000e+02 0.000000000000000e+00
7.904208000000000e+02 0.000000000000000e+00
7.905034800000001e+02 0.000000000000000e+00
7.905861600000001e+02 0.000000000000000e+00
7.906688400000000e+02 0.000000000000000e+00
7.907515200000000e+02 0.000000000000000e+00
7.908342000000000e+02 0.000000000000000e+00
7.909168800000000e+02 0.000000000000000e+00
7.909995600000001e+02 0.000000000000000e+00
7.910822400000001e+02 0.000000000000000e+00
7.911649200000001e+02 0.000000000000000e+00
7.912476000000000e+02 0.000000000000000e+00
7.913302800000000e+02 0.000000000000000e+00
7.914129600000000e+02 0.000000000000000e+00
7.914956400000000e+02 0.000000000000000e+00
7.915783200000001e+02 0.000000000000000e+00
7.916610000000001e+02 0.000000000000000e+00
7.917436800000000e+02 0.000000000000000e+00
7.918263600000000e+02 0.000000000000000e+00
7.919090400000000e+02 0.000000000000000e+00
7.919917200000000e+02 0.000000000000000e+00
7.920744000000001e+02 0.000000000000000e+00
7.921570800000001e+02 0.000000000000000e+00
7.922397600000000e+02 0.000000000000000e+00
7.923224400000000e+02 0.000000000000000e+00
7.924051200000000e+02 0.000000000000000e+00
7.924878000000000e+02 0.000000000000000e+00
7.925704800000001e+02 0.000000000000000e+00
7.926531600000001e+02 0.000000000000000e+00
7.927358400000001e+02 0.000000000000000e+00
7.928185200000000e+02 0.000000000000000e+00
7.929012000000000e+02 0.000000000000000e+00
7.929838800000000e+02 0.000000000000000e+00
7.930665600000000e+02 0.000000000000000e+00
7.931492400000001e+02 0.000000000000000e+00
7.932319200000001e+02 0.000000000000000e+00
7.933146000000000e+02 0.000000000000000e+00
7.933972800000000e+02 0.000000000000000e+00
7.934799600000000e+02 0.000000000000000e+00
7.935626400000000e+02 0.000000000000000e+00
7.936453200000001e+02 0.000000000000000e+00
7.937280000000001e+02 0.000000000000000e+00
7.938106800000000e+02 0.000000000000000e+00
7.938933600000000e+02 0.000000000000000e+00
7.939760400000000e+02 0.000000000000000e+00
7.940587200000000e+02 0.000000000000000e+00
7.941414000000001e+02 0.000000000000000e+00
7.942240800000001e+02 0.000000000000000e+00
7.943067600000001e+02 0.000000000000000e+00
7.943894400000000e+02 0.000000000000000e+00
7.944721200000000e+02 0.000000000000000e+00
7.945548000000000e+02 0.000000000000000e+00
7.946374800000000e+02 0.000000000000000e+00
7.947201600000001e+02 0.000000000000000e+00
7.948028400000001e+02 0.000000000000000e+00
7.948855200000000e+02 0.000000000000000e+00
7.949682000000000e+02 0.000000000000000e+00
7.950508800000000e+02 0.000000000000000e+00
7.951335600000000e+02 0.000000000000000e+00
7.952162400000001e+02 0.000000000000000e+00
7.952989200000001e+02 0.000000000000000e+00
7.953816000000000e+02 0.000000000000000e+00
7.954642800000000e+02 0.000000000000000e+00
7.955469600000000e+02 0.000000000000000e+00
7.956296400000000e+02 0.000000000000000e+00
7.957123200000000e+02 0.000000000000000e+00
7.957950000000001e+02 0.000000000000000e+00
7.958776800000001e+02 0.000000000000000e+00
7.959603600000000e+02 0.000000000000000e+00
7.960430400000000e+02 0.000000000000000e+00
7.961257200000000e+02 0.000000000000000e+00
7.962084000000000e+02 0.000000000000000e+00
7.962910800000001e+02 0.000000000000000e+00
7.963737600000001e+02 0.000000000000000e+00
7.964564400000000e+02 0.000000000000000e+00
7.965391200000000e+02 0.000000000000000e+00
7.966218000000000e+02 0.000000000000000e+00
7.967044800000000e+02 0.000000000000000e+00
7.967871600000001e+02 0.000000000000000e+00
7.968698400000001e+02 0.000000000000000e+00
7.969525200000000e+02 0.000000000000000e+00
7.970352000000000e+02 0.000000000000000e+00
7.971178800000000e+02 0.000000000000000e+00
7.972005600000000e+02 0.000000000000000e+00
7.972832400000000e+02 0.000000000000000e+00
7.973659200000001e+02 0.000000000000000e+00
7.974486000000001e+02 0.000000000000000e+00
7.975312800000000e+02 0.000000000000000e+00
7.976139600000000e+02 0.000000000000000e+00
7.976966400000000e+02 0.000000000000000e+00
7.977793200000000e+02 0.000000000000000e+00
7.978620000000001e+02 0.000000000000000e+00
7.979446800000001e+02 0.000000000000000e+00
7.980273600000000e+02 0.000000000000000e+00
7.981100400000000e+02 0.000000000000000e+00
7.981927200000000e+02 0.000000000000000e+00
7.982754000000000e+02 0.000000000000000e+00
7.983580800000001e+02 0.000000000000000e+00
7.984407600000001e+02 0.000000000000000e+00
7.985234400000001e+02 0.000000000000000e+00
7.986061200000000e+02 0.000000000000000e+00
7.986888000000000e+02 0.000000000000000e+00
7.987714800000000e+02 0.000000000000000e+00
7.988541600000000e+02 0.000000000000000e+00
7.989368400000001e+02 0.000000000000000e+00
7.990195200000001e+02 0.000000000000000e+00
7.991022000000000e+02 0.000000000000000e+00
7.991848800000000e+02 0.000000000000000e+00
7.992675600000000e+02 0.000000000000000e+00
7.993502400000000e+02 0.000000000000000e+00
7.994329200000001e+02 0.000000000000000e+00
7.995156000000001e+02 0.000000000000000e+00
7.995982800000000e+02 0.000000000000000e+00
7.996809600000000e+02 0.000000000000000e+00
7.997636400000000e+02 0.000000000000000e+00
7.998463200000000e+02 0.000000000000000e+00
7.999290000000001e+02 0.000000000000000e+00
8.000116800000001e+02 0.000000000000000e+00
8.000943600000001e+02 0.000000000000000e+00
8.001770400000000e+02 0.000000000000000e+00
8.002597200000000e+02 0.000000000000000e+00
8.003424000000000e+02 0.000000000000000e+00
8.004250800000000e+02 0.000000000000000e+00
8.005077600000001e+02 0.000000000000000e+00
8.005904400000001e+02 0.000000000000000e+00
8.006731200000000e+02 0.000000000000000e+00
8.007558000000000e+02 0.000000000000000e+00
8.008384800000000e+02 0.000000000000000e+00
8.009211600000000e+02 0.000000000000000e+00
8.010038400000001e+02 0.000000000000000e+00
8.010865200000001e+02 0.000000000000000e+00
8.011692000000000e+02 0.000000000000000e+00
8.012518800000000e+02 0.000000000000000e+00
8.013345600000000e+02 0.000000000000000e+00
8.014172400000000e+02 0.000000000000000e+00
8.014999200000001e+02 0.000000000000000e+00
8.015826000000001e+02 0.000000000000000e+00
8.016652800000001e+02 0.000000000000000e+00
8.017479600000000e+02 0.000000000000000e+00
8.018306400000000e+02 0.000000000000000e+00
8.019133200000000e+02 0.000000000000000e+00
8.019960000000000e+02 0.000000000000000e+00
8.020786800000001e+02 0.000000000000000e+00
8.021613600000001e+02 0.000000000000000e+00
8.022440400000000e+02 0.000000000000000e+00
8.023267200000000e+02 0.000000000000000e+00
8.024094000000000e+02 0.000000000000000e+00
8.024920800000000e+02 0.000000000000000e+00
8.025747600000001e+02 0.000000000000000e+00
8.026574400000001e+02 0.000000000000000e+00
8.027401200000000e+02 0.000000000000000e+00
8.028228000000000e+02 0.000000000000000e+00
8.029054800000000e+02 0.000000000000000e+00
8.029881600000000e+02 0.000000000000000e+00
8.030708400000001e+02 0.000000000000000e+00
8.031535200000001e+02 0.000000000000000e+00
8.032362000000001e+02 0.000000000000000e+00
8.033188800000000e+02 0.000000000000000e+00
8.034015600000000e+02 0.000000000000000e+00
8.034842400000000e+02 0.000000000000000e+00
8.035669200000000e+02 0.000000000000000e+00
8.036496000000001e+02 0.000000000000000e+00
8.037322800000001e+02 0.000000000000000e+00
8.038149600000000e+02 0.000000000000000e+00
8.038976400000000e+02 0.000000000000000e+00
8.039803200000000e+02 0.000000000000000e+00
8.040630000000000e+02 0.000000000000000e+00
8.041456800000001e+02 0.000000000000000e+00
8.042283600000001e+02 0.000000000000000e+00
8.043110400000000e+02 0.000000000000000e+00
8.043937200000000e+02 0.000000000000000e+00
8.044764000000000e+02 0.000000000000000e+00
8.045590800000000e+02 0.000000000000000e+00
8.046417600000001e+02 0.000000000000000e+00
8.047244400000001e+02 0.000000000000000e+00
8.048071200000001e+02 0.000000000000000e+00
8.048898000000000e+02 0.000000000000000e+00
8.049724800000000e+02 0.000000000000000e+00
8.050551600000000e+02 0.000000000000000e+00
8.051378400000000e+02 0.000000000000000e+00
8.052205200000001e+02 0.000000000000000e+00
8.053032000000001e+02 0.000000000000000e+00
8.053858800000000e+02 0.000000000000000e+00
8.054685600000000e+02 0.000000000000000e+00
8.055512400000000e+02 0.000000000000000e+00
8.056339200000000e+02 0.000000000000000e+00
8.057166000000001e+02 0.000000000000000e+00
8.057992800000001e+02 0.000000000000000e+00
8.058819600000000e+02 0.000000000000000e+00
8.059646400000000e+02 0.000000000000000e+00
8.060473200000000e+02 0.000000000000000e+00
8.061300000000000e+02 0.000000000000000e+00
8.062126800000000e+02 0.000000000000000e+00
8.062953600000001e+02 0.000000000000000e+00
8.063780400000001e+02 0.000000000000000e+00
8.064607200000000e+02 0.000000000000000e+00
8.065434000000000e+02 0.000000000000000e+00
8.066260800000000e+02 0.000000000000000e+00
8.067087600000000e+02 0.000000000000000e+00
8.067914400000001e+02 0.000000000000000e+00
8.068741200000001e+02 0.000000000000000e+00
8.069568000000000e+02 0.000000000000000e+00
8.070394800000000e+02 0.000000000000000e+00
8.071221600000000e+02 0.000000000000000e+00
8.072048400000000e+02 0.000000000000000e+00
8.072875200000001e+02 0.000000000000000e+00
8.073702000000001e+02 0.000000000000000e+00
8.074528800000001e+02 0.000000000000000e+00
8.075355600000000e+02 0.000000000000000e+00
8.076182400000000e+02 0.000000000000000e+00
8.077009200000000e+02 0.000000000000000e+00
8.077836000000000e+02 0.000000000000000e+00
8.078662800000001e+02 0.000000000000000e+00
8.079489600000001e+02 0.000000000000000e+00
8.080316400000000e+02 0.000000000000000e+00
8.081143200000000e+02 0.000000000000000e+00
8.081970000000000e+02 0.000000000000000e+00
8.082796800000000e+02 0.000000000000000e+00
8.083623600000001e+02 0.000000000000000e+00
8.084450400000001e+02 0.000000000000000e+00
8.085277200000000e+02 0.000000000000000e+00
8.086104000000000e+02 0.000000000000000e+00
8.086930800000000e+02 0.000000000000000e+00
8.087757600000000e+02 0.000000000000000e+00
8.088584400000001e+02 0.000000000000000e+00
8.089411200000001e+02 0.000000000000000e+00
8.090238000000001e+02 0.000000000000000e+00
8.091064800000000e+02 0.000000000000000e+00
8.091891600000000e+02 0.000000000000000e+00
8.092718400000000e+02 0.000000000000000e+00
8.093545200000000e+02 0.000000000000000e+00
8.094372000000001e+02 0.000000000000000e+00
8.095198800000001e+02 0.000000000000000e+00
8.096025600000000e+02 0.000000000000000e+00
8.096852400000000e+02 0.000000000000000e+00
8.097679200000000e+02 0.000000000000000e+00
8.098506000000000e+02 0.000000000000000e+00
8.099332800000001e+02 0.000000000000000e+00
8.100159600000001e+02 0.000000000000000e+00
8.100986400000000e+02 0.000000000000000e+00
8.101813200000000e+02 0.000000000000000e+00
8.102640000000000e+02 0.000000000000000e+00
8.103466800000000e+02 0.000000000000000e+00
8.104293600000001e+02 0.000000000000000e+00
8.105120400000001e+02 0.000000000000000e+00
8.105947200000001e+02 0.000000000000000e+00
8.106774000000000e+02 0.000000000000000e+00
8.107600800000000e+02 0.000000000000000e+00
8.108427600000000e+02 0.000000000000000e+00
8.109254400000000e+02 0.000000000000000e+00
8.110081200000001e+02 0.000000000000000e+00
8.110908000000001e+02 0.000000000000000e+00
8.111734800000000e+02 0.000000000000000e+00
8.112561600000000e+02 0.000000000000000e+00
8.113388400000000e+02 0.000000000000000e+00
8.114215200000000e+02 0.000000000000000e+00
8.115042000000001e+02 0.000000000000000e+00
8.115868800000001e+02 0.000000000000000e+00
8.116695600000000e+02 0.000000000000000e+00
8.117522400000000e+02 0.000000000000000e+00
8.118349200000000e+02 0.000000000000000e+00
8.119176000000000e+02 0.000000000000000e+00
8.120002800000001e+02 0.000000000000000e+00
8.120829600000001e+02 0.000000000000000e+00
8.121656400000001e+02 0.000000000000000e+00
8.122483200000000e+02 0.000000000000000e+00
8.123310000000000e+02 0.000000000000000e+00
8.124136800000000e+02 0.000000000000000e+00
8.124963600000000e+02 0.000000000000000e+00
8.125790400000001e+02 0.000000000000000e+00
8.126617200000001e+02 0.000000000000000e+00
8.127444000000000e+02 0.000000000000000e+00
8.128270800000000e+02 0.000000000000000e+00
8.129097600000000e+02 0.000000000000000e+00
8.129924400000000e+02 0.000000000000000e+00
8.130751200000001e+02 0.000000000000000e+00
8.131578000000001e+02 0.000000000000000e+00
8.132404800000000e+02 0.000000000000000e+00
8.133231600000000e+02 0.000000000000000e+00
8.134058400000000e+02 0.000000000000000e+00
8.134885200000000e+02 0.000000000000000e+00
8.135712000000001e+02 0.000000000000000e+00
8.136538800000001e+02 0.000000000000000e+00
8.137365600000001e+02 0.000000000000000e+00
8.138192400000000e+02 0.000000000000000e+00
8.139019200000000e+02 0.000000000000000e+00
8.139846000000000e+02 0.000000000000000e+00
8.140672800000000e+02 0.000000000000000e+00
8.141499600000001e+02 0.000000000000000e+00
8.142326400000001e+02 0.000000000000000e+00
8.143153200000000e+02 0.000000000000000e+00
8.143980000000000e+02 0.000000000000000e+00
8.144806800000000e+02 0.000000000000000e+00
8.145633600000000e+02 0.000000000000000e+00
8.146460400000001e+02 0.000000000000000e+00
8.147287200000001e+02 0.000000000000000e+00
8.148114000000000e+02 0.000000000000000e+00
8.148940800000000e+02 0.000000000000000e+00
8.149767600000000e+02 0.000000000000000e+00
8.150594400000000e+02 0.000000000000000e+00
8.151421200000001e+02 0.000000000000000e+00
8.152248000000001e+02 0.000000000000000e+00
8.153074800000001e+02 0.000000000000000e+00
8.153901600000000e+02 0.000000000000000e+00
8.154728400000000e+02 0.000000000000000e+00
8.155555200000000e+02 0.000000000000000e+00
8.156382000000000e+02 0.000000000000000e+00
8.157208800000001e+02 0.000000000000000e+00
8.158035600000001e+02 0.000000000000000e+00
8.158862400000000e+02 0.000000000000000e+00
8.159689200000000e+02 0.000000000000000e+00
8.160516000000000e+02 0.000000000000000e+00
8.161342800000000e+02 0.000000000000000e+00
8.162169600000001e+02 0.000000000000000e+00
8.162996400000001e+02 0.000000000000000e+00
8.163823200000000e+02 0.000000000000000e+00
8.164650000000000e+02 0.000000000000000e+00
8.165476800000000e+02 0.000000000000000e+00
8.166303600000000e+02 0.000000000000000e+00
8.167130400000000e+02 0.000000000000000e+00
8.167957200000001e+02 0.000000000000000e+00
8.168784000000001e+02 0.000000000000000e+00
8.169610800000000e+02 0.000000000000000e+00
8.170437600000000e+02 0.000000000000000e+00
8.171264400000000e+02 0.000000000000000e+00
8.172091200000000e+02 0.000000000000000e+00
8.172918000000001e+02 0.000000000000000e+00
8.173744800000001e+02 0.000000000000000e+00
8.174571600000000e+02 0.000000000000000e+00
8.175398400000000e+02 0.000000000000000e+00
8.176225200000000e+02 0.000000000000000e+00
8.177052000000000e+02 0.000000000000000e+00
8.177878800000001e+02 0.000000000000000e+00
8.178705600000001e+02 0.000000000000000e+00
8.179532400000001e+02 0.000000000000000e+00
8.180359200000000e+02 0.000000000000000e+00
8.181186000000000e+02 0.000000000000000e+00
8.182012800000000e+02 0.000000000000000e+00
8.182839600000000e+02 0.000000000000000e+00
8.183666400000001e+02 0.000000000000000e+00
8.184493200000001e+02 0.000000000000000e+00
8.185320000000000e+02 0.000000000000000e+00
8.186146800000000e+02 0.000000000000000e+00
8.186973600000000e+02 0.000000000000000e+00
8.187800400000000e+02 0.000000000000000e+00
8.188627200000001e+02 0.000000000000000e+00
8.189454000000001e+02 0.000000000000000e+00
8.190280800000000e+02 0.000000000000000e+00
8.191107600000000e+02 0.000000000000000e+00
8.191934400000000e+02 0.000000000000000e+00
8.192761200000000e+02 0.000000000000000e+00
8.193588000000001e+02 0.000000000000000e+00
8.194414800000001e+02 0.000000000000000e+00
8.195241600000001e+02 0.000000000000000e+00
8.196068400000000e+02 0.000000000000000e+00
8.196895200000000e+02 0.000000000000000e+00
8.197722000000000e+02 0.000000000000000e+00
8.198548800000000e+02 0.000000000000000e+00
8.199375600000001e+02 0.000000000000000e+00
8.200202400000001e+02 0.000000000000000e+00
8.201029200000000e+02 0.000000000000000e+00
8.201856000000000e+02 0.000000000000000e+00
8.202682800000000e+02 0.000000000000000e+00
8.203509600000000e+02 0.000000000000000e+00
8.204336400000001e+02 0.000000000000000e+00
8.205163200000001e+02 0.000000000000000e+00
8.205990000000000e+02 0.000000000000000e+00
8.206816800000000e+02 0.000000000000000e+00
8.207643600000000e+02 0.000000000000000e+00
8.208470400000000e+02 0.000000000000000e+00
8.209297200000001e+02 0.000000000000000e+00
8.210124000000001e+02 0.000000000000000e+00
8.210950800000001e+02 0.000000000000000e+00
8.211777600000000e+02 0.000000000000000e+00
8.212604400000000e+02 0.000000000000000e+00
8.213431200000000e+02 0.000000000000000e+00
8.214258000000000e+02 0.000000000000000e+00
8.215084800000001e+02 0.000000000000000e+00
8.215911600000001e+02 0.000000000000000e+00
8.216738400000000e+02 0.000000000000000e+00
8.217565200000000e+02 0.000000000000000e+00
8.218392000000000e+02 0.000000000000000e+00
8.219218800000000e+02 0.000000000000000e+00
8.220045600000001e+02 0.000000000000000e+00
8.220872400000001e+02 0.000000000000000e+00
8.221699200000000e+02 0.000000000000000e+00
8.222526000000000e+02 0.000000000000000e+00
8.223352800000000e+02 0.000000000000000e+00
8.224179600000000e+02 0.000000000000000e+00
8.225006400000001e+02 0.000000000000000e+00
8.225833200000001e+02 0.000000000000000e+00
8.226660000000001e+02 0.000000000000000e+00
8.227486800000000e+02 0.000000000000000e+00
8.228313600000000e+02 0.000000000000000e+00
8.229140400000000e+02 0.000000000000000e+00
8.229967200000000e+02 0.000000000000000e+00
8.230794000000001e+02 0.000000000000000e+00
8.231620800000001e+02 0.000000000000000e+00
8.232447600000000e+02 0.000000000000000e+00
8.233274400000000e+02 0.000000000000000e+00
8.234101200000000e+02 0.000000000000000e+00
8.234928000000000e+02 0.000000000000000e+00
8.235754800000001e+02 0.000000000000000e+00
8.236581600000001e+02 0.000000000000000e+00
8.237408400000000e+02 0.000000000000000e+00
8.238235200000000e+02 0.000000000000000e+00
8.239062000000000e+02 0.000000000000000e+00
8.239888800000000e+02 0.000000000000000e+00
8.240715600000001e+02 0.000000000000000e+00
8.241542400000001e+02 0.000000000000000e+00
8.242369200000001e+02 0.000000000000000e+00
8.243196000000000e+02 0.000000000000000e+00
8.244022800000000e+02 0.000000000000000e+00
8.244849600000000e+02 0.000000000000000e+00
8.245676400000000e+02 0.000000000000000e+00
8.246503200000001e+02 0.000000000000000e+00
8.247330000000001e+02 0.000000000000000e+00
8.248156800000000e+02 0.000000000000000e+00
8.248983600000000e+02 0.000000000000000e+00
8.249810400000000e+02 0.000000000000000e+00
8.250637200000000e+02 0.000000000000000e+00
8.251464000000001e+02 0.000000000000000e+00
8.252290800000001e+02 0.000000000000000e+00
8.253117600000000e+02 0.000000000000000e+00
8.253944400000000e+02 0.000000000000000e+00
8.254771200000000e+02 0.000000000000000e+00
8.255598000000000e+02 0.000000000000000e+00
8.256424800000001e+02 0.000000000000000e+00
8.257251600000001e+02 0.000000000000000e+00
8.258078400000001e+02 0.000000000000000e+00
8.258905200000000e+02 0.000000000000000e+00
8.259732000000000e+02 0.000000000000000e+00
8.260558800000000e+02 0.000000000000000e+00
8.261385600000000e+02 0.000000000000000e+00
8.262212400000001e+02 0.000000000000000e+00
8.263039200000001e+02 0.000000000000000e+00
8.263866000000000e+02 0.000000000000000e+00
8.264692800000000e+02 0.000000000000000e+00
8.265519600000000e+02 0.000000000000000e+00
8.266346400000000e+02 0.000000000000000e+00
8.267173200000001e+02 0.000000000000000e+00
