0.000000000000000e+00 0.000000000000000e+00
2.067873190537780e-01 5.067135946832751e-07
4.135746381075561e-01 1.011945439772453e-06
6.203619571613341e-01 1.518172874289214e-06
8.271492762151121e-01 2.025022128577298e-06
1.033936595268890e+00 2.532737041675474e-06
1.240723914322668e+00 3.041516490159776e-06
1.447511233376446e+00 3.551568141203397e-06
1.654298552430224e+00 4.063104748048320e-06
1.861085871484002e+00 4.576343745987469e-06
2.067873190537780e+00 5.091506237828421e-06
2.274660509591558e+00 5.608817459167089e-06
2.481447828645337e+00 6.128507219386310e-06
2.688235147699114e+00 6.650810235882458e-06
2.895022466752893e+00 7.175966963728602e-06
3.101809785806670e+00 7.704224160370592e-06
3.308597104860449e+00 8.235836179914479e-06
3.515384423914227e+00 8.771066055366983e-06
3.722171742968005e+00 9.310187836648793e-06
3.928959062021783e+00 9.853489326678463e-06
4.135746381075561e+00 1.040127720936290e-05
4.342533700129339e+00 1.095388562119598e-05
4.549321019183116e+00 1.151168048821180e-05
4.756108338236895e+00 1.207491305258285e-05
4.962895657290673e+00 1.266512951162780e-05
5.169682976344451e+00 1.323672899925387e-05
5.376470295398229e+00 1.371299507626676e-05
5.583257614452007e+00 1.436474489889852e-05
5.790044933505786e+00 1.496508347087219e-05
5.996832252559564e+00 1.556874216714041e-05
6.203619571613340e+00 1.617899142049467e-05
6.410406890667120e+00 1.679768366481547e-05
6.617194209720897e+00 1.742408691286883e-05
6.823981528774675e+00 1.805956907941175e-05
7.030768847828455e+00 1.870473811911860e-05
7.237556166882230e+00 1.936006287518520e-05
7.444343485936010e+00 2.002611749522671e-05
7.651130804989787e+00 2.070349881916602e-05
7.857918124043566e+00 2.139283373882555e-05
8.064705443097344e+00 2.209478205983490e-05
8.271492762151121e+00 2.281003721927444e-05
8.478280081204900e+00 2.353932780459114e-05
8.685067400258678e+00 2.428341543086820e-05
8.891854719312455e+00 2.504309171774281e-05
9.098642038366233e+00 2.581916942746526e-05
9.305429357420012e+00 2.661246599667421e-05
9.512216676473789e+00 2.742377459016485e-05
9.719003995527569e+00 2.825380988162380e-05
9.925791314581346e+00 2.910311024684958e-05
1.013257863363512e+01 2.997184739987589e-05
1.033936595268890e+01 3.085973185959440e-05
1.054615327174268e+01 3.176425436437684e-05
1.075294059079646e+01 3.268080846387237e-05
1.095972790985024e+01 3.359705502683371e-05
1.116651522890401e+01 3.448227153969238e-05
1.137330254795779e+01 3.338144429375649e-05
1.158008986701157e+01 3.508270303803548e-05
1.178687718606535e+01 5.021761972608995e-05
1.199366450511913e+01 4.154899440421279e-05
1.220045182417290e+01 4.206610957362342e-05
1.240723914322668e+01 4.315532657870563e-05
1.261402646228046e+01 4.446311026412558e-05
1.282081378133424e+01 4.591896905637875e-05
1.302760110038802e+01 4.750777221639940e-05
1.323438841944179e+01 4.923347169778072e-05
1.344117573849557e+01 5.111032364328587e-05
1.364796305754935e+01 5.316092626756993e-05
1.385475037660313e+01 5.541688244365009e-05
1.406153769565691e+01 5.792116449405230e-05
1.426832501471068e+01 6.073235262086465e-05
1.447511233376446e+01 6.393157848900469e-05
1.468189965281824e+01 6.763397202168185e-05
1.488868697187202e+01 7.200811860743809e-05
1.509547429092580e+01 7.731074075809088e-05
1.530226160997957e+01 8.395239190423392e-05
1.550904892903335e+01 9.263187275912983e-05
1.571583624808713e+01 1.046405611607500e-04
1.592262356714091e+01 1.226520892560536e-04
1.612941088619469e+01 1.532238544039639e-04
1.633619820524847e+01 2.177609786648473e-04
1.654298552430224e+01 4.482935193777356e-04
1.674977284335602e+01 1.379962489140705e-03
1.695656016240980e+01 2.238560567837643e-04
1.716334748146358e+01 1.096310377707113e-04
1.737013480051736e+01 6.913145680636769e-05
1.757692211957113e+01 5.135341526422478e-05
1.778370943862491e+01 4.397168582412437e-05
1.799049675767869e+01 4.195604083903567e-05
1.819728407673247e+01 4.264181823447977e-05
1.840407139578625e+01 4.461697291695304e-05
1.861085871484002e+01 4.718640897406102e-05
1.881764603389380e+01 5.002480071754824e-05
1.902443335294758e+01 5.298500140388711e-05
1.923122067200136e+01 5.600416735271339e-05
1.943800799105514e+01 5.905961632519528e-05
1.964479531010891e+01 6.214808787794300e-05
1.985158262916269e+01 6.527585914555949e-05
2.005836994821647e+01 6.845399380217925e-05
2.026515726727025e+01 7.169606321645717e-05
2.047194458632403e+01 7.501710793441147e-05
2.067873190537781e+01 7.843324368132836e-05
2.088551922443158e+01 8.196161212244243e-05
2.109230654348536e+01 8.562057084184780e-05
2.129909386253914e+01 8.943006717680159e-05
2.150588118159292e+01 9.341223262330809e-05
2.171266850064670e+01 9.759284775516153e-05
2.191945581970047e+01 1.020013506907845e-04
2.212624313875425e+01 1.066768127022700e-04
2.233303045780803e+01 1.116768105392238e-04
2.253981777686181e+01 1.171011850245339e-04
2.274660509591558e+01 1.232123452383236e-04
2.295339241496936e+01 1.314278236276137e-04
2.316017973402314e+01 1.179031678554631e-04
2.336696705307692e+01 1.372210319429548e-04
2.357375437213069e+01 1.456687296228665e-04
2.378054169118447e+01 1.539394830778102e-04
2.398732901023826e+01 1.626710474046870e-04
2.419411632929203e+01 1.720942755103426e-04
2.440090364834581e+01 1.823777826431927e-04
2.460769096739959e+01 1.936908992844859e-04
2.481447828645336e+01 2.062266494344425e-04
2.502126560550714e+01 2.202173449765551e-04
2.522805292456092e+01 2.359509244051793e-04
2.543484024361470e+01 2.537918941275843e-04
2.564162756266848e+01 2.742105708745436e-04
2.584841488172226e+01 2.978257739652128e-04
2.605520220077603e+01 3.254693929900753e-04
2.626198951982981e+01 3.582874272083121e-04
2.646877683888359e+01 3.979042940259233e-04
2.667556415793737e+01 4.467020797917979e-04
2.688235147699114e+01 5.083210829914671e-04
2.708913879604492e+01 5.886174492693080e-04
2.729592611509870e+01 6.976522148007243e-04
2.750271343415248e+01 8.542920993096270e-04
2.770950075320626e+01 1.098542325157723e-03
2.791628807226003e+01 1.532681368372169e-03
2.812307539131382e+01 2.519055316474064e-03
2.832986271036759e+01 6.964776260364426e-03
2.853665002942137e+01 9.272260064047350e-03
2.874343734847515e+01 2.799360590478009e-03
2.895022466752892e+01 1.653380864849153e-03
2.915701198658271e+01 1.175462871502034e-03
2.936379930563648e+01 9.131916770669769e-04
2.957058662469026e+01 7.474227552121294e-04
2.977737394374404e+01 6.331292773343901e-04
2.998416126279782e+01 5.495249102143655e-04
3.019094858185160e+01 4.856860888586858e-04
3.039773590090537e+01 4.353226207251222e-04
3.060452321995915e+01 3.945564209712798e-04
3.081131053901293e+01 3.608663468076227e-04
3.101809785806670e+01 3.325423424941046e-04
3.122488517712049e+01 3.083834570488745e-04
3.143167249617427e+01 2.875214353792841e-04
3.163845981522804e+01 2.693129045163941e-04
3.184524713428182e+01 2.532709654815000e-04
3.205203445333559e+01 2.390203608536770e-04
3.225882177238937e+01 2.262673465473152e-04
3.246560909144315e+01 2.147790837938368e-04
3.267239641049694e+01 2.043697976271004e-04
3.287918372955071e+01 1.948933392574603e-04
3.308597104860448e+01 1.862518507531952e-04
3.329275836765827e+01 1.786134049654462e-04
3.349954568671205e+01 1.701439495215663e-04
3.370633300576582e+01 1.635144215785968e-04
3.391312032481960e+01 1.571338538446672e-04
3.411990764387338e+01 1.511051825222335e-04
3.432669496292716e+01 1.454152372802096e-04
3.453348228198093e+01 1.400303716527791e-04
3.474026960103471e+01 1.349041153922485e-04
3.494705692008849e+01 1.300100558826808e-04
3.515384423914227e+01 1.253136261124886e-04
3.536063155819605e+01 1.207839436432921e-04
3.556741887724982e+01 1.163911337422876e-04
3.577420619630360e+01 1.121055563864123e-04
3.598099351535738e+01 1.078969982252376e-04
3.618778083441116e+01 1.037337351859917e-04
3.639456815346493e+01 9.958134859581891e-05
3.660135547251871e+01 9.540123344313387e-05
3.680814279157249e+01 9.114858120047906e-05
3.701493011062627e+01 8.676960350207490e-05
3.722171742968005e+01 8.219754407265170e-05
3.742850474873383e+01 7.734678742919341e-05
3.763529206778760e+01 7.210389694346061e-05
3.784207938684138e+01 6.631358677239258e-05
3.804886670589516e+01 5.975632991419912e-05
3.825565402494894e+01 5.211284952926197e-05
3.846244134400271e+01 4.291527991712797e-05
3.866922866305649e+01 3.155887360604053e-05
3.887601598211027e+01 1.855166115606622e-05
3.908280330116405e+01 2.173772652335353e-05
3.928959062021783e+01 6.197982624452840e-05
3.949637793927160e+01 1.607363621518482e-04
3.970316525832538e+01 6.131547973547841e-04
3.990995257737916e+01 9.747941792905479e-04
4.011673989643294e+01 3.594872873884379e-04
4.032352721548672e+01 2.475664053935909e-04
4.053031453454049e+01 1.996632294881920e-04
4.073710185359428e+01 1.728648089138796e-04
4.094388917264806e+01 1.555273810902616e-04
4.115067649170182e+01 1.432554319368974e-04
4.135746381075561e+01 1.340174403106897e-04
4.156425112980939e+01 1.267444419306935e-04
4.177103844886317e+01 1.208199591240261e-04
4.197782576791694e+01 1.158632473146577e-04
4.218461308697072e+01 1.116262038245781e-04
4.239140040602450e+01 1.079400183300760e-04
4.259818772507828e+01 1.046856140261911e-04
4.280497504413205e+01 1.017763404532767e-04
4.301176236318583e+01 9.914734474528480e-05
4.321854968223960e+01 9.674872832774916e-05
4.342533700129339e+01 9.454091414686359e-05
4.363212432034717e+01 9.249124137728316e-05
4.383891163940095e+01 9.057105939212448e-05
4.404569895845473e+01 8.875246359313380e-05
4.425248627750850e+01 8.700292751861158e-05
4.445927359656228e+01 8.527247455817111e-05
4.466606091561606e+01 8.345018856298490e-05
4.487284823466984e+01 8.113062784861972e-05
4.507963555372361e+01 7.337661633184965e-05
4.528642287277739e+01 8.556093998735433e-05
4.549321019183117e+01 8.156062003607852e-05
4.569999751088494e+01 7.974937243462067e-05
4.590678482993872e+01 7.836747085659234e-05
4.611357214899250e+01 7.716513423995860e-05
4.632035946804628e+01 7.606701923442327e-05
4.652714678710007e+01 7.504153335875500e-05
4.673393410615384e+01 7.407227642983367e-05
4.694072142520761e+01 7.314950134933161e-05
4.714750874426139e+01 7.226674837586424e-05
4.735429606331518e+01 7.141938376297663e-05
4.756108338236895e+01 7.060388110916069e-05
4.776787070142273e+01 6.981743270224488e-05
4.797465802047651e+01 6.905772562288991e-05
4.818144533953028e+01 6.832280540725600e-05
4.838823265858406e+01 6.761098525551690e-05
4.859501997763784e+01 6.692078831288317e-05
4.880180729669161e+01 6.625090298861750e-05
4.900859461574539e+01 6.560015356737246e-05
4.921538193479918e+01 6.496747532226677e-05
4.942216925385296e+01 6.435189526996082e-05
4.962895657290672e+01 6.375251250259704e-05
4.983574389196050e+01 6.316845776467912e-05
5.004253121101429e+01 6.259840130194945e-05
5.024931853006806e+01 6.204449980348035e-05
5.045610584912185e+01 6.150193204229093e-05
5.066289316817563e+01 6.097208050470337e-05
5.086968048722940e+01 6.045398366429040e-05
5.107646780628317e+01 5.994736336479262e-05
5.128325512533696e+01 5.943886162057100e-05
5.149004244439072e+01 5.890237497771398e-05
5.169682976344451e+01 5.855094276596449e-05
5.190361708249829e+01 5.806099963153383e-05
5.211040440155207e+01 5.760104234556747e-05
5.231719172060583e+01 5.715365599452822e-05
5.252397903965962e+01 5.671612829010015e-05
5.273076635871340e+01 5.628740129458937e-05
5.293755367776718e+01 5.586682715045818e-05
5.314434099682096e+01 5.545389050721755e-05
5.335112831587474e+01 5.504812694877584e-05
5.355791563492851e+01 5.464908059758297e-05
5.376470295398229e+01 5.425628165828596e-05
5.397149027303607e+01 5.386922439018242e-05
5.417827759208985e+01 5.348734169306953e-05
5.438506491114362e+01 5.310997217602523e-05
5.459185223019740e+01 5.273631062858107e-05
5.479863954925119e+01 5.236533212205492e-05
5.500542686830495e+01 5.199567115061538e-05
5.521221418735873e+01 5.162541229007226e-05
5.541900150641251e+01 5.125172508920421e-05
5.562578882546629e+01 5.087017296667828e-05
5.583257614452007e+01 5.047335971976680e-05
5.603936346357386e+01 5.004829786720707e-05
5.624615078262764e+01 4.957444582926101e-05
5.645293810168140e+01 4.920404210126567e-05
5.665972542073518e+01 4.708640277771178e-05
5.686651273978897e+01 2.971258918012204e-05
5.707330005884273e+01 5.233618771168389e-05
5.728008737789652e+01 5.033029409318051e-05
5.748687469695030e+01 4.953654268372585e-05
5.769366201600408e+01 4.901468090854845e-05
5.790044933505784e+01 4.859893521023764e-05
5.810723665411163e+01 4.823683782988218e-05
5.831402397316541e+01 4.790653677506809e-05
5.852081129221919e+01 4.759728849803969e-05
5.872759861127297e+01 4.730317399795765e-05
5.893438593032675e+01 4.702065040593459e-05
5.914117324938052e+01 4.674745365091838e-05
5.934796056843430e+01 4.648205933900605e-05
5.955474788748808e+01 4.622339612703126e-05
5.976153520654186e+01 4.597068096589649e-05
5.996832252559563e+01 4.572332497494022e-05
6.017510984464941e+01 4.548087012635860e-05
6.038189716370320e+01 4.524295317884327e-05
6.058868448275696e+01 4.500927812400999e-05
6.079547180181074e+01 4.477959976213168e-05
6.100225912086452e+01 4.455371155444276e-05
6.120904643991830e+01 4.433143648164388e-05
6.141583375897208e+01 4.411262556166940e-05
6.162262107802587e+01 4.389717442527790e-05
6.182940839707963e+01 4.368685772864141e-05
6.203619571613341e+01 4.347535949931968e-05
6.224298303518719e+01 4.326910902135918e-05
6.244977035424098e+01 4.306576246460921e-05
6.265655767329474e+01 4.286509556346493e-05
6.286334499234853e+01 4.266637683975178e-05
6.307013231140231e+01 4.247318053991575e-05
6.327691963045609e+01 4.228019000055667e-05
6.348370694950985e+01 4.209004390743355e-05
6.369049426856364e+01 4.190241163475732e-05
6.389728158761742e+01 4.171720045018254e-05
6.410406890667119e+01 4.153434033713694e-05
6.431085622572498e+01 4.135377513706577e-05
6.451764354477875e+01 4.117544936311039e-05
6.472443086383252e+01 4.099931235009945e-05
6.493121818288630e+01 4.082531431750503e-05
6.513800550194009e+01 4.065340694952769e-05
6.534479282099387e+01 4.048354320807197e-05
6.555158014004763e+01 4.031567586836650e-05
6.575836745910142e+01 4.014975776185294e-05
6.596515477815520e+01 3.998574041222382e-05
6.617194209720897e+01 3.982357242728124e-05
6.637872941626274e+01 3.966319846087648e-05
6.658551673531653e+01 3.950455315235426e-05
6.679230405437031e+01 3.934755413382192e-05
6.699909137342409e+01 3.919210234815519e-05
6.720587869247785e+01 3.903801861611906e-05
6.741266601153164e+01 3.888500930912649e-05
6.761945333058542e+01 3.873243352680560e-05
6.782624064963920e+01 3.857847103795066e-05
6.803302796869298e+01 3.841535689375564e-05
6.823981528774675e+01 3.799141292988229e-05
6.844660260680054e+01 3.821148359166775e-05
6.865338992585431e+01 3.804385869744891e-05
6.886017724490809e+01 3.789719751239653e-05
6.906696456396186e+01 3.775510593557360e-05
6.927375188301565e+01 3.761598326463201e-05
6.948053920206942e+01 3.747904114393225e-05
6.968732652112320e+01 3.734393416668981e-05
6.989411384017698e+01 3.721048213690073e-05
7.010090115923076e+01 3.707857522413110e-05
7.030768847828453e+01 3.694814111831874e-05
7.051447579733831e+01 3.681912642422535e-05
7.072126311639209e+01 3.669148946813110e-05
7.092805043544588e+01 3.656519684916320e-05
7.113483775449964e+01 3.644021920518940e-05
7.134162507355342e+01 3.631653267107885e-05
7.154841239260720e+01 3.619411515298805e-05
7.175519971166098e+01 3.607294912706187e-05
7.196198703071475e+01 3.595302008560892e-05
7.216877434976854e+01 3.583431915854020e-05
7.237556166882231e+01 3.571684608084026e-05
7.258234898787610e+01 3.560061592050465e-05
7.278913630692986e+01 3.548568008526131e-05
7.299592362598365e+01 3.537217455962497e-05
7.320271094503742e+01 3.525975661660830e-05
7.340949826409121e+01 3.515405304963915e-05
7.361628558314499e+01 3.493330123003114e-05
7.382307290219876e+01 3.491419963361775e-05
7.402986022125253e+01 3.480933495299921e-05
7.423664754030632e+01 3.470285433545989e-05
7.444343485936010e+01 3.459668163934496e-05
7.465022217841387e+01 3.449121974789817e-05
7.485700949746766e+01 3.438659602999038e-05
7.506379681652143e+01 3.428286085950839e-05
7.527058413557521e+01 3.418003614928189e-05
7.547737145462898e+01 3.407812489338002e-05
7.568415877368277e+01 3.397712984624625e-05
7.589094609273654e+01 3.387704639804199e-05
7.609773341179032e+01 3.377787107548269e-05
7.630452073084410e+01 3.367959908916135e-05
7.651130804989788e+01 3.358222622964003e-05
7.671809536895165e+01 3.348574994807763e-05
7.692488268800543e+01 3.339016901092599e-05
7.713167000705921e+01 3.329548551459973e-05
7.733845732611299e+01 3.320170587427527e-05
7.754524464516676e+01 3.310884279754976e-05
7.775203196422055e+01 3.301691986329744e-05
7.795881928327434e+01 3.292597594693387e-05
7.816560660232810e+01 3.283607919676168e-05
7.837239392138187e+01 3.274734776176755e-05
7.857918124043566e+01 3.265997894352902e-05
7.878596855948943e+01 3.257446750980261e-05
7.899275587854321e+01 3.249177598239006e-05
7.919954319759700e+01 3.241486698745976e-05
7.940633051665077e+01 3.235726398874374e-05
7.961311783570454e+01 3.278612926301182e-05
7.981990515475832e+01 3.204740561043267e-05
8.002669247381210e+01 3.200326532328197e-05
8.023347979286588e+01 3.193301060558023e-05
8.044026711191967e+01 3.185612869403473e-05
8.064705443097344e+01 3.177740522820581e-05
8.085384175002720e+01 3.169812410399190e-05
8.106062906908099e+01 3.161881597122366e-05
8.126741638813478e+01 3.153973957296505e-05
8.147420370718855e+01 3.146103309173954e-05
8.168099102624232e+01 3.138277779334675e-05
8.188777834529611e+01 3.130502269972204e-05
8.209456566434989e+01 3.122779914782168e-05
8.230135298340365e+01 3.115112856500275e-05
8.250814030245743e+01 3.107502527542398e-05
8.271492762151122e+01 3.099950149214527e-05
8.292171494056500e+01 3.092456684306032e-05
8.312850225961877e+01 3.085023270125128e-05
8.333528957867256e+01 3.077651238557846e-05
8.354207689772633e+01 3.070342511124475e-05
8.374886421678011e+01 3.063100022140495e-05
8.395565153583388e+01 3.055928586273404e-05
8.416243885488767e+01 3.048836773948468e-05
8.436922617394144e+01 3.041840751417230e-05
8.457601349299522e+01 3.034976063281625e-05
8.478280081204900e+01 3.028341747026670e-05
8.498958813110278e+01 3.021461119154262e-05
8.519637545015655e+01 3.018042741133451e-05
8.540316276921033e+01 2.993645880548989e-05
8.560995008826410e+01 2.996522647106692e-05
8.581673740731787e+01 2.990977450418782e-05
8.602352472637166e+01 2.984736260319507e-05
8.623031204542544e+01 2.978319997844524e-05
8.643709936447921e+01 2.971855204135196e-05
8.664388668353300e+01 2.965388011022602e-05
8.685067400258679e+01 2.958938532806525e-05
8.705746132164056e+01 2.952517419791158e-05
8.726424864069433e+01 2.946130176186144e-05
8.747103595974812e+01 2.939780207227670e-05
8.767782327880190e+01 2.933469447840091e-05
8.788461059785567e+01 2.927199084368520e-05
8.809139791690946e+01 2.920969835196601e-05
8.829818523596322e+01 2.914782056494354e-05
8.850497255501701e+01 2.908635923377814e-05
8.871175987407076e+01 2.902531468896677e-05
8.891854719312455e+01 2.896468593876367e-05
8.912533451217834e+01 2.890447179411907e-05
8.933212183123212e+01 2.884466975202175e-05
8.953890915028589e+01 2.878527807375282e-05
8.974569646933968e+01 2.872629386372213e-05
8.995248378839345e+01 2.866770878068986e-05
9.015927110744722e+01 2.860953943554963e-05
9.036605842650101e+01 2.855173478682293e-05
9.057284574555479e+01 2.849435956035061e-05
9.077963306460856e+01 2.843736691941384e-05
9.098642038366233e+01 2.838077586892974e-05
9.119320770271611e+01 2.832453662959475e-05
9.139999502176988e+01 2.826869094318869e-05
9.160678234082367e+01 2.821323587544563e-05
9.181356965987744e+01 2.815814978953362e-05
9.202035697893122e+01 2.810343533833116e-05
9.222714429798501e+01 2.804908965348863e-05
9.243393161703878e+01 2.799510906959950e-05
9.264071893609257e+01 2.794149127341705e-05
9.284750625514634e+01 2.788823243167874e-05
9.305429357420013e+01 2.783533033745973e-05
9.326108089325390e+01 2.778278186587465e-05
9.346786821230768e+01 2.773058431199310e-05
9.367465553136144e+01 2.767873547980662e-05
9.388144285041523e+01 2.762723272585008e-05
9.408823016946901e+01 2.757607453691201e-05
9.429501748852277e+01 2.752525899791794e-05
9.450180480757656e+01 2.747478562465857e-05
9.470859212663035e+01 2.742465439420119e-05
9.491537944568412e+01 2.737486687996277e-05
9.512216676473790e+01 2.732542711259325e-05
9.532895408379169e+01 2.727634321439533e-05
9.553574140284546e+01 2.722763224186439e-05
9.574252872189923e+01 2.717932703982963e-05
9.594931604095302e+01 2.713150519682549e-05
9.615610336000680e+01 2.708439175017022e-05
9.636289067906057e+01 2.703664925410027e-05
9.656967799811434e+01 2.699708188375282e-05
9.677646531716812e+01 2.691355273675618e-05
9.698325263622189e+01 2.688647971443194e-05
9.719003995527568e+01 2.684256932224574e-05
9.739682727432945e+01 2.679740060287344e-05
9.760361459338323e+01 2.675204666966943e-05
9.781040191243702e+01 2.670677351690050e-05
9.801718923149079e+01 2.666167854977610e-05
9.822397655054458e+01 2.661680095791752e-05
9.843076386959835e+01 2.657216400308104e-05
9.863755118865214e+01 2.652777627337972e-05
9.884433850770591e+01 2.648364459310892e-05
9.905112582675969e+01 2.643977114649365e-05
9.925791314581345e+01 2.639615735138955e-05
9.946470046486724e+01 2.635280331614258e-05
9.967148778392101e+01 2.630970844992738e-05
9.987827510297478e+01 2.626687183518881e-05
1.000850624220286e+02 2.622429236732304e-05
1.002918497410824e+02 2.618196845652348e-05
1.004986370601361e+02 2.613989874972194e-05
1.007054243791899e+02 2.609808145157854e-05
1.009122116982437e+02 2.605651537076500e-05
1.011189990172975e+02 2.601519865956322e-05
1.013257863363513e+02 2.597413059900781e-05
1.015325736554050e+02 2.593331145594466e-05
1.017393609744588e+02 2.589275182768370e-05
1.019461482935126e+02 2.585252670575671e-05
1.021529356125663e+02 2.581208092059779e-05
1.023597229316201e+02 2.577231922563754e-05
1.025665102506739e+02 2.573270876154665e-05
1.027732975697277e+02 2.569332120897377e-05
1.029800848887814e+02 2.565415777961564e-05
1.031868722078352e+02 2.561522379266976e-05
1.033936595268890e+02 2.557651693582318e-05
1.036004468459428e+02 2.553803602040649e-05
1.038072341649966e+02 2.549977888217531e-05
1.040140214840504e+02 2.546174468834857e-05
1.042208088031041e+02 2.542393092348646e-05
1.044275961221579e+02 2.538633665553108e-05
1.046343834412117e+02 2.534895985410937e-05
1.048411707602655e+02 2.531179894782855e-05
1.050479580793192e+02 2.527485256869111e-05
1.052547453983730e+02 2.523811888895243e-05
1.054615327174268e+02 2.520159662954688e-05
1.056683200364806e+02 2.516528417941625e-05
1.058751073555344e+02 2.512918037590843e-05
1.060818946745881e+02 2.509328405870259e-05
1.062886819936419e+02 2.505759415426333e-05
1.064954693126957e+02 2.502211020776101e-05
1.067022566317495e+02 2.498683232223906e-05
1.069090439508033e+02 2.495176147985437e-05
1.071158312698570e+02 2.491690087364548e-05
1.073226185889108e+02 2.488226052029959e-05
1.075294059079646e+02 2.484786463560887e-05
1.077361932270183e+02 2.481380060796778e-05
1.079429805460721e+02 2.478067129702768e-05
1.081497678651259e+02 2.474130515768571e-05
1.083565551841797e+02 2.471040778013199e-05
1.085633425032335e+02 2.467722773914352e-05
1.087701298222872e+02 2.464400384096824e-05
1.089769171413410e+02 2.461089328236473e-05
1.091837044603948e+02 2.457793464347654e-05
1.093904917794486e+02 2.454514206573965e-05
1.095972790985024e+02 2.451251921201900e-05
1.098040664175561e+02 2.448007028235159e-05
1.100108537366099e+02 2.444779397135877e-05
1.102176410556637e+02 2.441569147003542e-05
1.104244283747175e+02 2.438376139802784e-05
1.106312156937713e+02 2.435200351345686e-05
1.108380030128250e+02 2.432041654846152e-05
1.110447903318788e+02 2.428899964807471e-05
1.112515776509326e+02 2.425775169891817e-05
1.114583649699864e+02 2.422667169505029e-05
1.116651522890401e+02 2.419575843456261e-05
1.118719396080939e+02 2.416501084369148e-05
1.120787269271477e+02 2.413442791194755e-05
1.122855142462015e+02 2.410400855752950e-05
1.124923015652553e+02 2.407375161636254e-05
1.126990888843090e+02 2.404365652230340e-05
1.129058762033628e+02 2.401372252797204e-05
1.131126635224166e+02 2.398395326214199e-05
1.133194508414704e+02 2.395436244869517e-05
1.135262381605241e+02 2.392484689523923e-05
1.137330254795779e+02 2.389570102503708e-05
1.139398127986317e+02 2.386629340167942e-05
1.141466001176855e+02 2.383733433713539e-05
1.143533874367393e+02 2.380849581125888e-05
1.145601747557930e+02 2.377980168536618e-05
1.147669620748468e+02 2.375125506269525e-05
1.149737493939006e+02 2.372285630634457e-05
1.151805367129544e+02 2.369460428906000e-05
1.153873240320082e+02 2.366649903611037e-05
1.155941113510619e+02 2.363853876275281e-05
1.158008986701157e+02 2.361072325546434e-05
1.160076859891695e+02 2.358305111338670e-05
1.162144733082233e+02 2.355552147100538e-05
1.164212606272770e+02 2.352813355657389e-05
1.166280479463308e+02 2.350088615026640e-05
1.168348352653846e+02 2.347377843937733e-05
1.170416225844384e+02 2.344680943227126e-05
1.172484099034921e+02 2.341997815118220e-05
1.174551972225459e+02 2.339328379786533e-05
1.176619845415997e+02 2.336672523727556e-05
1.178687718606535e+02 2.334030189752263e-05
1.180755591797073e+02 2.331401279859213e-05
1.182823464987610e+02 2.328785695466674e-05
1.184891338178148e+02 2.326183400990124e-05
1.186959211368686e+02 2.323594340674120e-05
1.189027084559224e+02 2.321018561190690e-05
1.191094957749762e+02 2.318456407918718e-05
1.193162830940299e+02 2.315910933623266e-05
1.195230704130837e+02 2.313346751766753e-05
1.197298577321375e+02 2.310835155793786e-05
1.199366450511913e+02 2.308324550086838e-05
1.201434323702451e+02 2.305825293896957e-05
1.203502196892988e+02 2.303338126015272e-05
1.205570070083526e+02 2.300863158918649e-05
1.207637943274064e+02 2.298400382010318e-05
1.209705816464602e+02 2.295949691807095e-05
1.211773689655139e+02 2.293511150237267e-05
1.213841562845677e+02 2.291084537337383e-05
1.215909436036215e+02 2.288669906037928e-05
1.217977309226753e+02 2.286267086451833e-05
1.220045182417290e+02 2.283876078088854e-05
1.222113055607828e+02 2.281496741626748e-05
1.224180928798366e+02 2.279129043815540e-05
1.226248801988904e+02 2.276772891799980e-05
1.228316675179442e+02 2.274428213557639e-05
1.230384548369979e+02 2.272094938700111e-05
1.232452421560517e+02 2.269772982846514e-05
1.234520294751055e+02 2.267462306543045e-05
1.236588167941593e+02 2.265162800563176e-05
1.238656041132131e+02 2.262874422406094e-05
1.240723914322668e+02 2.260597114694936e-05
1.242791787513206e+02 2.258330801120322e-05
1.244859660703744e+02 2.256075473726807e-05
1.246927533894282e+02 2.253831239844615e-05
1.248995407084820e+02 2.251598047249088e-05
1.251063280275357e+02 2.249383570012950e-05
1.253131153465895e+02 2.247155684712768e-05
1.255199026656433e+02 2.244955920701554e-05
1.257266899846971e+02 2.242764907634989e-05
1.259334773037508e+02 2.240583950503303e-05
1.261402646228046e+02 2.238413215339201e-05
1.263470519418584e+02 2.236252720597169e-05
1.265538392609122e+02 2.234102375072276e-05
1.267606265799659e+02 2.231962208674418e-05
1.269674138990197e+02 2.229832075356335e-05
1.271742012180735e+02 2.227711989135943e-05
1.273809885371273e+02 2.225601841179614e-05
1.275877758561811e+02 2.223501584993019e-05
1.277945631752348e+02 2.221411177030880e-05
1.280013504942886e+02 2.219330528702993e-05
1.282081378133424e+02 2.217259599885399e-05
1.284149251323962e+02 2.215198327866871e-05
1.286217124514500e+02 2.213146640268468e-05
1.288284997705037e+02 2.211104497132215e-05
1.290352870895575e+02 2.209071812944449e-05
1.292420744086113e+02 2.207048569228946e-05
1.294488617276650e+02 2.205034674516101e-05
1.296556490467188e+02 2.203030078128409e-05
1.298624363657726e+02 2.201034747442265e-05
1.300692236848264e+02 2.199048588059011e-05
1.302760110038802e+02 2.197071565031323e-05
1.304827983229339e+02 2.195103856062774e-05
1.306895856419877e+02 2.193144672898003e-05
1.308963729610415e+02 2.191194690551511e-05
1.311031602800953e+02 2.189253663549629e-05
1.313099475991491e+02 2.187321477178496e-05
1.315167349182028e+02 2.185398096084693e-05
1.317235222372566e+02 2.183483459705027e-05
1.319303095563104e+02 2.181577544213313e-05
1.321370968753642e+02 2.179680253044527e-05
1.323438841944179e+02 2.177791549954398e-05
1.325506715134717e+02 2.175911433486684e-05
1.327574588325255e+02 2.174039754238032e-05
1.329642461515793e+02 2.172176569093042e-05
1.331710334706331e+02 2.170321733436993e-05
1.333778207896868e+02 2.168475282588075e-05
1.335846081087406e+02 2.166637085118050e-05
1.337913954277944e+02 2.164807159324833e-05
1.339981827468482e+02 2.162985421020394e-05
1.342049700659020e+02 2.161171823143546e-05
1.344117573849557e+02 2.159366334048124e-05
1.346185447040095e+02 2.157568879554313e-05
1.348253320230633e+02 2.155779457735540e-05
1.350321193421171e+02 2.153997961569012e-05
1.352389066611708e+02 2.152224406604139e-05
1.354456939802246e+02 2.150458719682916e-05
1.356524812992784e+02 2.148700845803273e-05
1.358592686183322e+02 2.146950780466010e-05
1.360660559373860e+02 2.145208466724993e-05
1.362728432564398e+02 2.143474084123742e-05
1.364796305754935e+02 2.141749377246639e-05
1.366864178945473e+02 2.140025855604582e-05
1.368932052136011e+02 2.138314522626139e-05
1.370999925326548e+02 2.136610266187010e-05
1.373067798517086e+02 2.134913377986760e-05
1.375135671707624e+02 2.133223873729820e-05
1.377203544898162e+02 2.131541749997226e-05
1.379271418088699e+02 2.129866919211475e-05
1.381339291279237e+02 2.128199425131063e-05
1.383407164469775e+02 2.126539139045374e-05
1.385475037660313e+02 2.124886097009644e-05
1.387542910850851e+02 2.123240205053026e-05
1.389610784041388e+02 2.121601443331157e-05
1.391678657231926e+02 2.119969781135493e-05
1.393746530422464e+02 2.118345151470484e-05
1.395814403613002e+02 2.116727542481202e-05
1.397882276803540e+02 2.115116904395142e-05
1.399950149994077e+02 2.113513188022042e-05
1.402018023184615e+02 2.111916373691964e-05
1.404085896375153e+02 2.110326397635556e-05
1.406153769565691e+02 2.108743256924567e-05
1.408221642756228e+02 2.107166873499321e-05
1.410289515946766e+02 2.105597242418460e-05
1.412357389137304e+02 2.104034321616716e-05
1.414425262327842e+02 2.102478050109386e-05
1.416493135518380e+02 2.100928414587412e-05
1.418561008708918e+02 2.099385503793951e-05
1.420628881899455e+02 2.097848857228960e-05
1.422696755089993e+02 2.096318991296791e-05
1.424764628280531e+02 2.094795429686537e-05
1.426832501471068e+02 2.093278360217487e-05
1.428900374661606e+02 2.091767734799782e-05
1.430968247852144e+02 2.090263467691023e-05
1.433036121042682e+02 2.088765565438921e-05
1.435103994233220e+02 2.087273944359715e-05
1.437171867423757e+02 2.085788606496231e-05
1.439239740614295e+02 2.084309527575348e-05
1.441307613804833e+02 2.082836612401783e-05
1.443375486995371e+02 2.081369913835786e-05
1.445443360185909e+02 2.079909310547659e-05
1.447511233376446e+02 2.078454852723387e-05
1.449579106566984e+02 2.077006421743285e-05
1.451646979757522e+02 2.075564067337962e-05
1.453714852948060e+02 2.074127703743658e-05
1.455782726138597e+02 2.072697307841247e-05
1.457850599329135e+02 2.071272870506173e-05
1.459918472519673e+02 2.069854320192160e-05
1.461986345710211e+02 2.068441673569444e-05
1.464054218900748e+02 2.067034837575572e-05
1.466122092091286e+02 2.065633854023900e-05
1.468189965281824e+02 2.064238639793620e-05
1.470257838472362e+02 2.062849171501194e-05
1.472325711662900e+02 2.061465455230344e-05
1.474393584853437e+02 2.060087414483994e-05
1.476461458043975e+02 2.058715056671359e-05
1.478529331234513e+02 2.057348533264810e-05
1.480597204425051e+02 2.055987031127968e-05
1.482665077615588e+02 2.054631515408222e-05
1.484732950806126e+02 2.053281510081798e-05
1.486800823996664e+02 2.051937010011966e-05
1.488868697187202e+02 2.050597981703626e-05
1.490936570377740e+02 2.049264429802143e-05
1.493004443568277e+02 2.047936266941011e-05
1.495072316758815e+02 2.046613552644714e-05
1.497140189949353e+02 2.045296166814624e-05
1.499208063139891e+02 2.043984164572722e-05
1.501275936330429e+02 2.042677457828070e-05
1.503343809520966e+02 2.041376049211148e-05
1.505411682711504e+02 2.040079906400699e-05
1.507479555902042e+02 2.038788985635291e-05
1.509547429092580e+02 2.037503285451703e-05
1.511615302283117e+02 2.036222762995729e-05
1.513683175473655e+02 2.034947389325060e-05
1.515751048664193e+02 2.033677153278894e-05
1.517818921854731e+02 2.032412006812370e-05
1.519886795045269e+02 2.031151948413057e-05
1.521954668235806e+02 2.029896921074898e-05
1.524022541426344e+02 2.028646937481748e-05
1.526090414616882e+02 2.027401945356302e-05
1.528158287807420e+02 2.026161923658734e-05
1.530226160997958e+02 2.024926854211909e-05
1.532294034188495e+02 2.023696729102366e-05
1.534361907379033e+02 2.022471450289297e-05
1.536429780569571e+02 2.021251090845631e-05
1.538497653760109e+02 2.020035557886185e-05
1.540565526950646e+02 2.018824827588603e-05
1.542633400141184e+02 2.017618933467149e-05
1.544701273331722e+02 2.016417787315376e-05
1.546769146522260e+02 2.015221410954517e-05
1.548837019712797e+02 2.014029746282702e-05
1.550904892903335e+02 2.012842792691453e-05
1.552972766093873e+02 2.011660535221328e-05
1.555040639284411e+02 2.010482901934584e-05
1.557108512474949e+02 2.009309944791528e-05
1.559176385665487e+02 2.008141558693938e-05
1.561244258856024e+02 2.006977794871811e-05
1.563312132046562e+02 2.005818555054266e-05
1.565380005237100e+02 2.004663896720397e-05
1.567447878427637e+02 2.003513735586537e-05
1.569515751618175e+02 2.002368071822263e-05
1.571583624808713e+02 2.001226904020889e-05
1.573651497999251e+02 2.000090163362900e-05
1.575719371189789e+02 1.998957875501660e-05
1.577787244380326e+02 1.997829968944871e-05
1.579855117570864e+02 1.996706479442531e-05
1.581922990761402e+02 1.995587335898944e-05
1.583990863951940e+02 1.994472534870107e-05
1.586058737142478e+02 1.993362088093056e-05
1.588126610333015e+02 1.992255908680199e-05
1.590194483523553e+02 1.991154031887461e-05
1.592262356714091e+02 1.990056426030595e-05
1.594330229904629e+02 1.988963026736889e-05
1.596398103095166e+02 1.987873877209962e-05
1.598465976285704e+02 1.986788918540647e-05
1.600533849476242e+02 1.985708144709601e-05
1.602601722666780e+02 1.984631513173926e-05
1.604669595857318e+02 1.983559044311136e-05
1.606737469047855e+02 1.982490649262804e-05
1.608805342238393e+02 1.981426402746249e-05
1.610873215428931e+02 1.980366186361373e-05
1.612941088619469e+02 1.979310072267770e-05
1.615008961810007e+02 1.978257973611801e-05
1.617076835000544e+02 1.977209912109444e-05
1.619144708191082e+02 1.976165847491173e-05
1.621212581381620e+02 1.975125762597145e-05
1.623280454572158e+02 1.974089647989182e-05
1.625348327762696e+02 1.973057474876802e-05
1.627416200953233e+02 1.972029224742566e-05
1.629484074143771e+02 1.971004892070389e-05
1.631551947334309e+02 1.969984437598655e-05
1.633619820524846e+02 1.968967861086884e-05
1.635687693715384e+02 1.967955125975027e-05
1.637755566905922e+02 1.966946239629821e-05
1.639823440096460e+02 1.965941156130332e-05
1.641891313286998e+02 1.964939878903329e-05
1.643959186477535e+02 1.963942382984762e-05
1.646027059668073e+02 1.962948655633728e-05
1.648094932858611e+02 1.961958655995273e-05
1.650162806049149e+02 1.960972388835729e-05
1.652230679239686e+02 1.959989849313487e-05
1.654298552430224e+02 1.959010979923949e-05
1.656366425620762e+02 1.958035812421791e-05
1.658434298811300e+02 1.957064273566472e-05
1.660502172001838e+02 1.956096393049448e-05
1.662570045192375e+02 1.955132129181615e-05
1.664637918382913e+02 1.954171469490937e-05
1.666705791573451e+02 1.953214422641171e-05
1.668773664763989e+02 1.952260918388585e-05
1.670841537954527e+02 1.951311016117804e-05
1.672909411145064e+02 1.950364618930645e-05
1.674977284335602e+02 1.949421774806266e-05
1.677045157526140e+02 1.948482409929364e-05
1.679113030716678e+02 1.947546567472992e-05
1.681180903907216e+02 1.946614178137050e-05
1.683248777097753e+02 1.945685256229522e-05
1.685316650288291e+02 1.944759799305698e-05
1.687384523478829e+02 1.943837745789410e-05
1.689452396669367e+02 1.942919127388001e-05
1.691520269859904e+02 1.942003890684898e-05
1.693588143050442e+02 1.941092048811410e-05
1.695656016240980e+02 1.940183562967676e-05
1.697723889431518e+02 1.939278425792601e-05
1.699791762622056e+02 1.938376656935471e-05
1.701859635812593e+02 1.937478165396437e-05
1.703927509003131e+02 1.936583019729488e-05
1.705995382193669e+02 1.935691156104977e-05
1.708063255384207e+02 1.934802556137136e-05
1.710131128574745e+02 1.933917245149558e-05
1.712199001765282e+02 1.933035164400129e-05
1.714266874955820e+02 1.932156330966831e-05
1.716334748146357e+02 1.931280701278306e-05
1.718402621336895e+02 1.930408300321822e-05
1.720470494527433e+02 1.929539045076945e-05
1.722538367717971e+02 1.928673015322924e-05
1.724606240908509e+02 1.927810094561444e-05
1.726674114099047e+02 1.926950365938501e-05
1.728741987289584e+02 1.926093743788750e-05
1.730809860480122e+02 1.925240262181738e-05
1.732877733670660e+02 1.924389876044132e-05
1.734945606861198e+02 1.923542590833124e-05
1.737013480051736e+02 1.922698379773894e-05
1.739081353242273e+02 1.921857237521985e-05
1.741149226432811e+02 1.921019141760013e-05
1.743217099623349e+02 1.920184096125264e-05
1.745284972813887e+02 1.919352062973291e-05
1.747352846004424e+02 1.918523050494877e-05
1.749420719194962e+02 1.917697030614049e-05
1.751488592385500e+02 1.916874001174227e-05
1.753556465576038e+02 1.916053934819284e-05
1.755624338766576e+02 1.915236837545632e-05
1.757692211957113e+02 1.914422683368661e-05
1.759760085147651e+02 1.913611464676845e-05
1.761827958338189e+02 1.912803160851509e-05
1.763895831528727e+02 1.911997777283733e-05
1.765963704719264e+02 1.911195279602595e-05
1.768031577909802e+02 1.910395668377344e-05
1.770099451100340e+02 1.909598941153303e-05
1.772167324290878e+02 1.908805045041926e-05
1.774235197481415e+02 1.908014015358465e-05
1.776303070671953e+02 1.907225807826486e-05
1.778370943862491e+02 1.906440413367239e-05
1.780438817053029e+02 1.905657852804215e-05
1.782506690243567e+02 1.904878055170912e-05
1.784574563434104e+02 1.904101089138255e-05
1.786642436624642e+02 1.903326861363921e-05
1.788710309815180e+02 1.902555419119024e-05
1.790778183005718e+02 1.901786709694289e-05
1.792846056196256e+02 1.901020750186078e-05
1.794913929386794e+02 1.900257500534779e-05
1.796981802577331e+02 1.899496971456150e-05
1.799049675767869e+02 1.898739160275766e-05
1.801117548958407e+02 1.897984016721245e-05
1.803185422148944e+02 1.897231577253360e-05
1.805253295339483e+02 1.896481796212462e-05
1.807321168530020e+02 1.895734669096667e-05
1.809389041720558e+02 1.894990192473659e-05
1.811456914911096e+02 1.894248337122063e-05
1.813524788101633e+02 1.893509137039218e-05
1.815592661292171e+02 1.892772500969423e-05
1.817660534482709e+02 1.892038521360206e-05
1.819728407673247e+02 1.891307101486765e-05
1.821796280863784e+02 1.890578262217732e-05
1.823864154054322e+02 1.889852016064576e-05
1.825932027244860e+02 1.889128305104068e-05
1.827999900435398e+02 1.888407158997773e-05
1.830067773625935e+02 1.887688541110024e-05
1.832135646816473e+02 1.886972465755984e-05
1.834203520007011e+02 1.886258872712782e-05
1.836271393197549e+02 1.885547828105633e-05
1.838339266388087e+02 1.884839227919414e-05
1.840407139578624e+02 1.884133154478285e-05
1.842475012769162e+02 1.883429528340009e-05
1.844542885959700e+02 1.882728385786308e-05
1.846610759150238e+02 1.882029686882478e-05
1.848678632340776e+02 1.881333446215733e-05
1.850746505531314e+02 1.880639625393943e-05
1.852814378721851e+02 1.879948242499611e-05
1.854882251912389e+02 1.879259261570755e-05
1.856950125102927e+02 1.878572700348787e-05
1.859017998293465e+02 1.877888517601067e-05
1.861085871484003e+02 1.877206735305907e-05
1.863153744674540e+02 1.876527319449875e-05
1.865221617865078e+02 1.875850270602341e-05
1.867289491055616e+02 1.875175575469738e-05
1.869357364246154e+02 1.874503230719043e-05
1.871425237436691e+02 1.873833217655372e-05
1.873493110627229e+02 1.873165532231956e-05
1.875560983817767e+02 1.872500167163886e-05
1.877628857008305e+02 1.871837110739893e-05
1.879696730198842e+02 1.871176348722416e-05
1.881764603389380e+02 1.870517882033455e-05
1.883832476579918e+02 1.869861704500512e-05
1.885900349770455e+02 1.869207775161658e-05
1.887968222960994e+02 1.868556135336160e-05
1.890036096151531e+02 1.867906725365704e-05
1.892103969342069e+02 1.867259559049139e-05
1.894171842532607e+02 1.866614644256157e-05
1.896239715723144e+02 1.865971922886321e-05
1.898307588913682e+02 1.865331463262888e-05
1.900375462104220e+02 1.864693177635879e-05
1.902443335294758e+02 1.864057116592722e-05
1.904511208485296e+02 1.863423238950255e-05
1.906579081675834e+02 1.862791539689856e-05
1.908646954866371e+02 1.862162011896077e-05
1.910714828056909e+02 1.861534645928148e-05
1.912782701247447e+02 1.860909446639829e-05
1.914850574437985e+02 1.860286374670904e-05
1.916918447628523e+02 1.859665467640135e-05
1.918986320819060e+02 1.859046680327019e-05
1.921054194009598e+02 1.858430007408241e-05
1.923122067200136e+02 1.857815464733957e-05
1.925189940390674e+02 1.857203001592852e-05
1.927257813581211e+02 1.856592667741103e-05
1.929325686771749e+02 1.855984375183330e-05
1.931393559962287e+02 1.855378222560511e-05
1.933461433152825e+02 1.854774094781094e-05
1.935529306343362e+02 1.854172052322235e-05
1.937597179533900e+02 1.853572075727935e-05
1.939665052724438e+02 1.852974127153764e-05
1.941732925914976e+02 1.852378233132049e-05
1.943800799105514e+02 1.851784371173604e-05
1.945868672296051e+02 1.851192533651861e-05
1.947936545486589e+02 1.850602699349388e-05
1.950004418677127e+02 1.850014900590801e-05
1.952072291867665e+02 1.849429062537591e-05
1.954140165058202e+02 1.848845251776223e-05
1.956208038248740e+02 1.848263402771756e-05
1.958275911439278e+02 1.847683544244007e-05
1.960343784629816e+02 1.847105651143602e-05
1.962411657820354e+02 1.846529730691253e-05
1.964479531010892e+02 1.845955749296125e-05
1.966547404201429e+02 1.845383735434733e-05
1.968615277391967e+02 1.844813641367145e-05
1.970683150582505e+02 1.844245499188168e-05
1.972751023773043e+02 1.843679262920795e-05
1.974818896963581e+02 1.843114966459391e-05
1.976886770154118e+02 1.842552564053876e-05
1.978954643344656e+02 1.841992072889462e-05
1.981022516535194e+02 1.841433477280084e-05
1.983090389725731e+02 1.840876769375481e-05
1.985158262916269e+02 1.840321940006398e-05
1.987226136106807e+02 1.839768987260254e-05
1.989294009297345e+02 1.839217903959959e-05
1.991361882487882e+02 1.838668671086430e-05
1.993429755678420e+02 1.838121302330847e-05
1.995497628868958e+02 1.837575770816614e-05
1.997565502059496e+02 1.837032093460083e-05
1.999633375250034e+02 1.836490226544223e-05
2.001701248440571e+02 1.835950217975562e-05
2.003769121631109e+02 1.835411994381703e-05
2.005836994821647e+02 1.834875598043741e-05
2.007904868012185e+02 1.834341006215527e-05
2.009972741202722e+02 1.833808189088285e-05
2.012040614393260e+02 1.833277198931641e-05
2.014108487583798e+02 1.832747960843540e-05
2.016176360774336e+02 1.832220528923252e-05
2.018244233964874e+02 1.831694863216265e-05
2.020312107155412e+02 1.831170953310237e-05
2.022379980345949e+02 1.830648813522308e-05
2.024447853536487e+02 1.830128410518208e-05
2.026515726727025e+02 1.829609762982930e-05
2.028583599917563e+02 1.829092837761119e-05
2.030651473108100e+02 1.828577667577725e-05
2.032719346298638e+02 1.828064209886542e-05
2.034787219489176e+02 1.827552470192048e-05
2.036855092679713e+02 1.827042461827804e-05
2.038922965870251e+02 1.826534129544164e-05
2.040990839060789e+02 1.826027529971217e-05
2.043058712251327e+02 1.825522582724030e-05
2.045126585441865e+02 1.825019375563039e-05
2.047194458632403e+02 1.824517799365660e-05
2.049262331822940e+02 1.824017934703704e-05
2.051330205013478e+02 1.823519731970406e-05
2.053398078204016e+02 1.823023183016107e-05
2.055465951394554e+02 1.822528299063531e-05
2.057533824585091e+02 1.822035074262983e-05
2.059601697775629e+02 1.821543477636850e-05
2.061669570966167e+02 1.821053531139090e-05
2.063737444156705e+02 1.820565222684499e-05
2.065805317347242e+02 1.820078519149762e-05
2.067873190537780e+02 1.819593460260827e-05
2.069941063728318e+02 1.819109999847049e-05
2.072008936918856e+02 1.818628154533477e-05
2.074076810109394e+02 1.818147916935857e-05
2.076144683299932e+02 1.817669277453176e-05
2.078212556490469e+02 1.817192222246919e-05
2.080280429681007e+02 1.816716771369024e-05
2.082348302871545e+02 1.816242878094909e-05
2.084416176062083e+02 1.815770581541643e-05
2.086484049252620e+02 1.815299834074606e-05
2.088551922443158e+02 1.814830673822615e-05
2.090619795633696e+02 1.814363049689222e-05
2.092687668824233e+02 1.813896996709354e-05
2.094755542014771e+02 1.813432484150669e-05
2.096823415205309e+02 1.812969513078652e-05
2.098891288395847e+02 1.812508077965018e-05
2.100959161586385e+02 1.812048178096500e-05
2.103027034776923e+02 1.811589798066325e-05
2.105094907967460e+02 1.811132932769075e-05
2.107162781157998e+02 1.810677595670714e-05
2.109230654348536e+02 1.810223746307892e-05
2.111298527539074e+02 1.809771424598759e-05
2.113366400729611e+02 1.809320577216321e-05
2.115434273920149e+02 1.808871257012354e-05
2.117502147110687e+02 1.808423389532496e-05
2.119570020301225e+02 1.807977033252961e-05
2.121637893491763e+02 1.807532138104109e-05
2.123705766682301e+02 1.807088705991467e-05
2.125773639872838e+02 1.806646762054525e-05
2.127841513063376e+02 1.806206251505768e-05
2.129909386253914e+02 1.805767226487271e-05
2.131977259444452e+02 1.805329643418986e-05
2.134045132634990e+02 1.804893504507775e-05
2.136113005825528e+02 1.804458823550465e-05
2.138180879016065e+02 1.804025557820290e-05
2.140248752206603e+02 1.803593736585828e-05
2.142316625397141e+02 1.803163328466087e-05
2.144384498587678e+02 1.802734355633327e-05
2.146452371778216e+02 1.802306788073241e-05
2.148520244968753e+02 1.801880637622902e-05
2.150588118159291e+02 1.801455905278654e-05
2.152655991349829e+02 1.801032550093834e-05
2.154723864540367e+02 1.800610620511624e-05
2.156791737730905e+02 1.800190049676597e-05
2.158859610921443e+02 1.799770904161655e-05
2.160927484111980e+02 1.799353100848838e-05
2.162995357302518e+02 1.798936712616896e-05
2.165063230493056e+02 1.798521680320140e-05
2.167131103683594e+02 1.798108018323007e-05
2.169198976874131e+02 1.797695721205245e-05
2.171266850064669e+02 1.797284795869075e-05
2.173334723255207e+02 1.796875196455966e-05
2.175402596445745e+02 1.796466976877141e-05
2.177470469636283e+02 1.796060085990601e-05
2.179538342826821e+02 1.795654531862592e-05
2.181606216017358e+02 1.795250326466775e-05
2.183674089207896e+02 1.794847441400633e-05
2.185741962398434e+02 1.794445884963255e-05
2.187809835588972e+02 1.794045660555964e-05
2.189877708779510e+02 1.793646745504126e-05
2.191945581970048e+02 1.793249147845028e-05
2.194013455160585e+02 1.792852867742391e-05
2.196081328351123e+02 1.792457873628806e-05
2.198149201541661e+02 1.792064199763251e-05
2.200217074732198e+02 1.791671802543898e-05
2.202284947922736e+02 1.791280716270020e-05
2.204352821113274e+02 1.790890896423126e-05
2.206420694303812e+02 1.790502383194304e-05
2.208488567494349e+02 1.790115133355058e-05
2.210556440684887e+02 1.789729164288917e-05
2.212624313875425e+02 1.789344465904746e-05
2.214692187065963e+02 1.788961038079087e-05
2.216760060256501e+02 1.788578860634887e-05
2.218827933447039e+02 1.788197950182575e-05
2.220895806637576e+02 1.787818292946877e-05
2.222963679828114e+02 1.787439867476792e-05
2.225031553018651e+02 1.787062710990185e-05
2.227099426209189e+02 1.786686769585079e-05
2.229167299399727e+02 1.786312094679768e-05
2.231235172590265e+02 1.785938624658972e-05
2.233303045780803e+02 1.785566413787976e-05
2.235370918971341e+02 1.785195405632746e-05
2.237438792161878e+02 1.784825621524438e-05
2.239506665352416e+02 1.784457061137181e-05
2.241574538542954e+02 1.784089691540544e-05
2.243642411733492e+02 1.783723554510737e-05
2.245710284924030e+02 1.783358606169531e-05
2.247778158114568e+02 1.782994867938668e-05
2.249846031305105e+02 1.782632335526768e-05
2.251913904495643e+02 1.782270979726197e-05
2.253981777686181e+02 1.781910826874729e-05
2.256049650876718e+02 1.781551848438298e-05
2.258117524067256e+02 1.781194053645658e-05
2.260185397257794e+02 1.780837433659410e-05
2.262253270448332e+02 1.780481989963593e-05
2.264321143638869e+02 1.780127720768866e-05
2.266389016829407e+02 1.779774603537953e-05
2.268456890019945e+02 1.779422668877548e-05
2.270524763210483e+02 1.779071868033514e-05
2.272592636401021e+02 1.778722245442117e-05
2.274660509591559e+02 1.778373749222877e-05
2.276728382782096e+02 1.778026425830724e-05
2.278796255972634e+02 1.777680231021907e-05
2.280864129163172e+02 1.777335182492311e-05
2.282932002353709e+02 1.776991268489324e-05
2.284999875544247e+02 1.776648499358750e-05
2.287067748734785e+02 1.776306828285127e-05
2.289135621925323e+02 1.775966320168096e-05
2.291203495115861e+02 1.775626903535443e-05
2.293271368306399e+02 1.775288613098154e-05
2.295339241496936e+02 1.774951443406412e-05
2.297407114687474e+02 1.774615373948499e-05
2.299474987878012e+02 1.774280415727875e-05
2.301542861068550e+02 1.773946569153406e-05
2.303610734259088e+02 1.773613813130599e-05
2.305678607449626e+02 1.773282164716647e-05
2.307746480640163e+02 1.772951608939796e-05
2.309814353830701e+02 1.772622133243969e-05
2.311882227021238e+02 1.772293758497809e-05
2.313950100211776e+02 1.771966449896528e-05
2.316017973402314e+02 1.771640234379977e-05
2.318085846592852e+02 1.771315080904366e-05
2.320153719783389e+02 1.770991019571340e-05
2.322221592973927e+02 1.770668009803843e-05
2.324289466164465e+02 1.770346078473296e-05
2.326357339355003e+02 1.770025208748396e-05
2.328425212545541e+02 1.769705399961275e-05
2.330493085736079e+02 1.769386638469530e-05
2.332560958926616e+02 1.769068949594095e-05
2.334628832117154e+02 1.768752291584994e-05
2.336696705307692e+02 1.768436682407373e-05
2.338764578498229e+02 1.768122126316123e-05
2.340832451688767e+02 1.767808589156042e-05
2.342900324879305e+02 1.767496109368137e-05
2.344968198069843e+02 1.767184645990436e-05
2.347036071260381e+02 1.766874234116945e-05
2.349103944450919e+02 1.766564833885322e-05
2.351171817641456e+02 1.766256466502650e-05
2.353239690831994e+02 1.765949119335559e-05
2.355307564022532e+02 1.765642776134170e-05
2.357375437213070e+02 1.765337462362231e-05
2.359443310403608e+02 1.765033142237080e-05
2.361511183594146e+02 1.764729846978488e-05
2.363579056784683e+02 1.764427552974611e-05
2.365646929975221e+02 1.764126258985497e-05
2.367714803165758e+02 1.763825973437430e-05
2.369782676356296e+02 1.763526677869662e-05
2.371850549546834e+02 1.763228369607337e-05
2.373918422737372e+02 1.762931060912886e-05
2.375986295927910e+02 1.762634728709618e-05
2.378054169118447e+02 1.762339388133328e-05
2.380122042308985e+02 1.762045020113978e-05
2.382189915499523e+02 1.761751642335547e-05
2.384257788690061e+02 1.761459222566671e-05
2.386325661880599e+02 1.761167789790928e-05
2.388393535071137e+02 1.760877313226274e-05
2.390461408261674e+02 1.760587814356588e-05
2.392529281452212e+02 1.760299274018819e-05
2.394597154642750e+02 1.760011696796319e-05
2.396665027833288e+02 1.759725078497749e-05
2.398732901023825e+02 1.759439422773535e-05
2.400800774214363e+02 1.759154693989247e-05
2.402868647404901e+02 1.758870948773966e-05
2.404936520595439e+02 1.758588116625243e-05
2.407004393785977e+02 1.758306238619391e-05
2.409072266976515e+02 1.758025307450642e-05
2.411140140167052e+02 1.757745296635338e-05
2.413208013357590e+02 1.757466232919601e-05
2.415275886548128e+02 1.757188099632512e-05
2.417343759738665e+02 1.756910893312375e-05
2.419411632929203e+02 1.756634621310220e-05
2.421479506119741e+02 1.756359271091563e-05
2.423547379310278e+02 1.756084838534740e-05
2.425615252500816e+02 1.755811333003236e-05
2.427683125691354e+02 1.755538728674902e-05
2.429750998881892e+02 1.755267047021345e-05
2.431818872072430e+02 1.754996267009255e-05
2.433886745262967e+02 1.754726404110105e-05
2.435954618453505e+02 1.754457433960803e-05
2.438022491644043e+02 1.754189377658170e-05
2.440090364834581e+02 1.753922218339410e-05
2.442158238025119e+02 1.753655952070564e-05
2.444226111215657e+02 1.753390581475573e-05
2.446293984406194e+02 1.753126117601684e-05
2.448361857596732e+02 1.752862516946533e-05
2.450429730787270e+02 1.752599826587701e-05
2.452497603977808e+02 1.752338008552604e-05
2.454565477168345e+02 1.752077064901888e-05
2.456633350358883e+02 1.751817008747542e-05
2.458701223549421e+02 1.751557820546310e-05
2.460769096739959e+02 1.751299513639908e-05
2.462836969930497e+02 1.751042074361114e-05
2.464904843121035e+02 1.750785510223199e-05
2.466972716311572e+02 1.750529811379522e-05
2.469040589502110e+02 1.750274970202765e-05
2.471108462692648e+02 1.750020995511480e-05
2.473176335883185e+02 1.749767867125342e-05
2.475244209073723e+02 1.749515607592803e-05
2.477312082264261e+02 1.749264189830958e-05
2.479379955454799e+02 1.749013634109744e-05
2.481447828645336e+02 1.748763927361429e-05
2.483515701835874e+02 1.748515067865486e-05
2.485583575026412e+02 1.748267044436022e-05
2.487651448216950e+02 1.748019881022600e-05
2.489719321407487e+02 1.747773531149040e-05
2.491787194598026e+02 1.747528038713417e-05
2.493855067788563e+02 1.747283366262897e-05
2.495922940979101e+02 1.747039536255945e-05
2.497990814169639e+02 1.746796522333008e-05
2.500058687360177e+02 1.746554349054028e-05
2.502126560550714e+02 1.746312989258719e-05
2.504194433741252e+02 1.746072458140358e-05
2.506262306931790e+02 1.745832750009749e-05
2.508330180122328e+02 1.745593856272316e-05
2.510398053312865e+02 1.745355786049444e-05
2.512465926503403e+02 1.745118531213180e-05
2.514533799693941e+02 1.744882072475570e-05
2.516601672884479e+02 1.744646449270944e-05
2.518669546075017e+02 1.744411604575129e-05
2.520737419265554e+02 1.744177572179228e-05
2.522805292456092e+02 1.743944353238460e-05
2.524873165646630e+02 1.743711906314871e-05
2.526941038837168e+02 1.743480281365909e-05
2.529008912027705e+02 1.743249437219892e-05
2.531076785218243e+02 1.743019395196358e-05
2.533144658408781e+02 1.742790142143953e-05
2.535212531599319e+02 1.742561684269067e-05
2.537280404789856e+02 1.742334008608350e-05
2.539348277980394e+02 1.742107125223260e-05
2.541416151170932e+02 1.741881011460638e-05
2.543484024361470e+02 1.741655688158637e-05
2.545551897552008e+02 1.741431134098714e-05
2.547619770742546e+02 1.741207359794846e-05
2.549687643933083e+02 1.740984356006103e-05
2.551755517123621e+02 1.740762128785319e-05
2.553823390314159e+02 1.740540670959275e-05
2.555891263504697e+02 1.740319971511271e-05
2.557959136695235e+02 1.740100051134936e-05
2.560027009885772e+02 1.739880891020915e-05
2.562094883076310e+02 1.739662478205647e-05
2.564162756266848e+02 1.739444854450762e-05
2.566230629457385e+02 1.739227960946366e-05
2.568298502647924e+02 1.739011834056613e-05
2.570366375838461e+02 1.738796456330931e-05
2.572434249028999e+02 1.738581826929921e-05
2.574502122219537e+02 1.738367943860075e-05
2.576569995410075e+02 1.738154812560916e-05
2.578637868600612e+02 1.737942426585949e-05
2.580705741791150e+02 1.737730785805696e-05
2.582773614981688e+02 1.737519886099259e-05
2.584841488172225e+02 1.737309723966012e-05
2.586909361362763e+02 1.737100296774947e-05
2.588977234553301e+02 1.736891604285597e-05
2.591045107743839e+02 1.736683636675554e-05
2.593112980934376e+02 1.736476411923852e-05
2.595180854124914e+02 1.736269908777452e-05
2.597248727315452e+02 1.736064139717704e-05
2.599316600505990e+02 1.735859090009942e-05
2.601384473696528e+02 1.735654782471649e-05
2.603452346887066e+02 1.735451164587718e-05
2.605520220077603e+02 1.735248300675975e-05
2.607588093268141e+02 1.735046125449226e-05
2.609655966458679e+02 1.734844683474563e-05
2.611723839649217e+02 1.734643938776842e-05
2.613791712839755e+02 1.734443922369710e-05
2.615859586030292e+02 1.734244596770744e-05
2.617927459220830e+02 1.734045992318550e-05
2.619995332411368e+02 1.733848092107725e-05
2.622063205601905e+02 1.733650892380180e-05
2.624131078792444e+02 1.733454406142202e-05
2.626198951982981e+02 1.733258618186770e-05
2.628266825173519e+02 1.733063521911724e-05
2.630334698364057e+02 1.732869142550594e-05
2.632402571554595e+02 1.732675435638372e-05
2.634470444745132e+02 1.732482427962281e-05
2.636538317935670e+02 1.732290126733663e-05
2.638606191126208e+02 1.732098479052511e-05
2.640674064316746e+02 1.731907554044710e-05
2.642741937507283e+02 1.731717289521724e-05
2.644809810697821e+02 1.731527725367879e-05
2.646877683888359e+02 1.731338833322551e-05
2.648945557078897e+02 1.731150638707438e-05
2.651013430269434e+02 1.730963110861747e-05
2.653081303459972e+02 1.730776273869613e-05
2.655149176650510e+02 1.730590099030075e-05
2.657217049841048e+02 1.730404611570917e-05
2.659284923031586e+02 1.730219781433113e-05
2.661352796222124e+02 1.730035629169766e-05
2.663420669412661e+02 1.729852144665956e-05
2.665488542603199e+02 1.729669325958975e-05
2.667556415793737e+02 1.729487177625259e-05
2.669624288984275e+02 1.729305680420868e-05
2.671692162174812e+02 1.729124866696074e-05
2.673760035365350e+02 1.728944690125176e-05
2.675827908555888e+02 1.728765182012840e-05
2.677895781746425e+02 1.728586345713148e-05
2.679963654936964e+02 1.728408139377460e-05
2.682031528127501e+02 1.728230611519288e-05
2.684099401318039e+02 1.728053721851682e-05
2.686167274508577e+02 1.727877484967396e-05
2.688235147699114e+02 1.727701890542672e-05
2.690303020889652e+02 1.727526948794449e-05
2.692370894080190e+02 1.727352648655561e-05
2.694438767270728e+02 1.727178995850033e-05
2.696506640461266e+02 1.727005990060451e-05
2.698574513651803e+02 1.726833620480947e-05
2.700642386842341e+02 1.726661898287422e-05
2.702710260032879e+02 1.726490800427718e-05
2.704778133223417e+02 1.726320343893924e-05
2.706846006413954e+02 1.726150521146678e-05
2.708913879604492e+02 1.725981324892525e-05
2.710981752795030e+02 1.725812767578541e-05
2.713049625985568e+02 1.725644837621121e-05
2.715117499176106e+02 1.725477547789023e-05
2.717185372366644e+02 1.725310860761245e-05
2.719253245557181e+02 1.725144837139241e-05
2.721321118747719e+02 1.724979397034561e-05
2.723388991938257e+02 1.724814609006865e-05
2.725456865128795e+02 1.724650417262569e-05
2.727524738319332e+02 1.724486866127611e-05
2.729592611509870e+02 1.724323903346488e-05
2.731660484700408e+02 1.724161583881162e-05
2.733728357890946e+02 1.723999860209726e-05
2.735796231081484e+02 1.723838756728350e-05
2.737864104272022e+02 1.723678270227560e-05
2.739931977462559e+02 1.723518392112107e-05
2.741999850653096e+02 1.723359118213987e-05
2.744067723843634e+02 1.723200469307667e-05
2.746135597034173e+02 1.723042403704515e-05
2.748203470224710e+02 1.722884952424033e-05
2.750271343415248e+02 1.722728114693541e-05
2.752339216605786e+02 1.722571842770836e-05
2.754407089796323e+02 1.722416208856292e-05
2.756474962986861e+02 1.722261143426310e-05
2.758542836177399e+02 1.722106689219393e-05
2.760610709367937e+02 1.721952821264508e-05
2.762678582558474e+02 1.721799565040550e-05
2.764746455749012e+02 1.721646882182596e-05
2.766814328939550e+02 1.721494812816064e-05
2.768882202130088e+02 1.721343316250436e-05
2.770950075320626e+02 1.721192425032253e-05
2.773017948511164e+02 1.721042099263577e-05
2.775085821701701e+02 1.720892376586912e-05
2.777153694892239e+02 1.720743228495599e-05
2.779221568082777e+02 1.720594663886718e-05
2.781289441273315e+02 1.720446688575384e-05
2.783357314463852e+02 1.720299280372177e-05
2.785425187654390e+02 1.720152473270135e-05
2.787493060844928e+02 1.720006210124420e-05
2.789560934035466e+02 1.719860552881724e-05
2.791628807226004e+02 1.719715458522265e-05
2.793696680416542e+02 1.719570929291719e-05
2.795764553607079e+02 1.719426996781839e-05
2.797832426797617e+02 1.719283616351248e-05
2.799900299988154e+02 1.719140814541151e-05
2.801968173178693e+02 1.718998574426399e-05
2.804036046369230e+02 1.718856902639363e-05
2.806103919559768e+02 1.718715792105103e-05
2.808171792750306e+02 1.718575245578324e-05
2.810239665940844e+02 1.718435269844801e-05
2.812307539131381e+02 1.718295848965477e-05
2.814375412321919e+02 1.718157002521810e-05
2.816443285512457e+02 1.718018697072440e-05
2.818511158702995e+02 1.717880967375582e-05
2.820579031893532e+02 1.717743776989616e-05
2.822646905084070e+02 1.717607145834759e-05
2.824714778274608e+02 1.717471069193792e-05
2.826782651465146e+02 1.717335546024917e-05
2.828850524655684e+02 1.717200576850750e-05
2.830918397846222e+02 1.717066150082015e-05
2.832986271036759e+02 1.716932299964721e-05
2.835054144227297e+02 1.716798959712704e-05
2.837122017417835e+02 1.716666204291335e-05
2.839189890608372e+02 1.716533962237502e-05
2.841257763798910e+02 1.716402290481096e-05
2.843325636989448e+02 1.716271126874916e-05
2.845393510179986e+02 1.716140543581365e-05
2.847461383370524e+02 1.716010462394836e-05
2.849529256561062e+02 1.715880946637851e-05
2.851597129751599e+02 1.715751959535645e-05
2.853665002942137e+02 1.715623514894061e-05
2.855732876132674e+02 1.715495599196543e-05
2.857800749323213e+02 1.715368238016738e-05
2.859868622513750e+02 1.715241382944893e-05
2.861936495704288e+02 1.715115081140951e-05
2.864004368894826e+02 1.714989307473900e-05
2.866072242085364e+02 1.714864040802751e-05
2.868140115275901e+02 1.714739334593950e-05
2.870207988466439e+02 1.714615130544898e-05
2.872275861656977e+02 1.714491457910460e-05
2.874343734847515e+02 1.714368314334449e-05
2.876411608038052e+02 1.714245698408012e-05
2.878479481228590e+02 1.714123589706660e-05
2.880547354419128e+02 1.714002029185086e-05
2.882615227609666e+02 1.713880967616575e-05
2.884683100800204e+02 1.713760444910403e-05
2.886750973990742e+02 1.713640416949957e-05
2.888818847181279e+02 1.713520931608329e-05
2.890886720371817e+02 1.713401938442212e-05
2.892954593562355e+02 1.713283471956818e-05
2.895022466752893e+02 1.713165522308289e-05
2.897090339943430e+02 1.713048075845264e-05
2.899158213133968e+02 1.712931159206144e-05
2.901226086324506e+02 1.712814723265833e-05
2.903293959515044e+02 1.712698831409121e-05
2.905361832705581e+02 1.712583415673432e-05
2.907429705896119e+02 1.712468519627534e-05
2.909497579086657e+02 1.712354141638024e-05
2.911565452277194e+02 1.712240251380265e-05
2.913633325467733e+02 1.712126882436408e-05
2.915701198658271e+02 1.712014008626610e-05
2.917769071848808e+02 1.711901636898875e-05
2.919836945039346e+02 1.711789763624300e-05
2.921904818229884e+02 1.711678384458105e-05
2.923972691420421e+02 1.711567513675581e-05
2.926040564610959e+02 1.711457130257587e-05
2.928108437801497e+02 1.711347258662468e-05
2.930176310992035e+02 1.711237869278325e-05
2.932244184182572e+02 1.711128994322602e-05
2.934312057373110e+02 1.711020589098701e-05
2.936379930563648e+02 1.710912691840541e-05
2.938447803754186e+02 1.710805275604844e-05
2.940515676944724e+02 1.710698353634562e-05
2.942583550135262e+02 1.710591916992121e-05
2.944651423325799e+02 1.710485973955723e-05
2.946719296516337e+02 1.710380527856375e-05
2.948787169706875e+02 1.710275545987874e-05
2.950855042897413e+02 1.710171084485257e-05
2.952922916087950e+02 1.710067074218407e-05
2.954990789278488e+02 1.709963575628196e-05
2.957058662469026e+02 1.709860526544242e-05
2.959126535659564e+02 1.709757998889235e-05
2.961194408850101e+02 1.709655902724417e-05
2.963262282040639e+02 1.709554328996979e-05
2.965330155231177e+02 1.709453206331433e-05
2.967398028421715e+02 1.709352578482635e-05
2.969465901612253e+02 1.709252415287138e-05
2.971533774802791e+02 1.709152750926515e-05
2.973601647993328e+02 1.709053528576112e-05
2.975669521183866e+02 1.708954813557792e-05
2.977737394374404e+02 1.708856549755276e-05
2.979805267564942e+02 1.708758755738709e-05
2.981873140755479e+02 1.708661449468349e-05
2.983941013946017e+02 1.708564599111981e-05
2.986008887136555e+02 1.708468211946648e-05
2.988076760327093e+02 1.708372315655400e-05
2.990144633517630e+02 1.708276865811895e-05
2.992212506708168e+02 1.708181884395858e-05
2.994280379898706e+02 1.708087388258039e-05
2.996348253089244e+02 1.707993332927409e-05
2.998416126279782e+02 1.707899762416646e-05
3.000483999470320e+02 1.707806634654849e-05
3.002551872660857e+02 1.707713993145316e-05
3.004619745851395e+02 1.707621780482894e-05
3.006687619041933e+02 1.707530052344631e-05
3.008755492232470e+02 1.707438774615057e-05
3.010823365423008e+02 1.707347952657092e-05
3.012891238613546e+02 1.707257600812583e-05
3.014959111804084e+02 1.707167687557332e-05
3.017026984994621e+02 1.707078254604216e-05
3.019094858185159e+02 1.706989242697696e-05
3.021162731375697e+02 1.706900707070673e-05
3.023230604566235e+02 1.706812620637822e-05
3.025298477756773e+02 1.706724973757181e-05
3.027366350947311e+02 1.706637801808260e-05
3.029434224137848e+02 1.706551066670765e-05
3.031502097328386e+02 1.706464787507840e-05
3.033569970518924e+02 1.706378954574912e-05
3.035637843709462e+02 1.706293561678623e-05
3.037705716899999e+02 1.706208625025986e-05
3.039773590090537e+02 1.706124119503447e-05
3.041841463281075e+02 1.706040073392595e-05
3.043909336471613e+02 1.705956465845070e-05
3.045977209662150e+02 1.705873311648402e-05
3.048045082852688e+02 1.705790586999751e-05
3.050112956043226e+02 1.705708320549780e-05
3.052180829233764e+02 1.705626479106272e-05
3.054248702424302e+02 1.705545084352332e-05
3.056316575614840e+02 1.705464123074928e-05
3.058384448805377e+02 1.705383608086536e-05
3.060452321995915e+02 1.705303527095925e-05
3.062520195186453e+02 1.705223879316828e-05
3.064588068376991e+02 1.705144688525285e-05
3.066655941567528e+02 1.705065907506251e-05
3.068723814758066e+02 1.704987586947998e-05
3.070791687948604e+02 1.704909674438583e-05
3.072859561139142e+02 1.704832226199351e-05
3.074927434329679e+02 1.704755165511309e-05
3.076995307520217e+02 1.704678583440368e-05
3.079063180710755e+02 1.704602392483471e-05
3.081131053901292e+02 1.704526658920497e-05
3.083198927091831e+02 1.704451337304426e-05
3.085266800282369e+02 1.704376468153939e-05
3.087334673472906e+02 1.704301992627198e-05
3.089402546663444e+02 1.704227984637534e-05
3.091470419853982e+02 1.704154365239505e-05
3.093538293044519e+02 1.704081188881260e-05
3.095606166235057e+02 1.704008435416113e-05
3.097674039425595e+02 1.703936103727033e-05
3.099741912616133e+02 1.703864182118924e-05
3.101809785806670e+02 1.703792719071500e-05
3.103877658997208e+02 1.703721634703302e-05
3.105945532187746e+02 1.703650998051422e-05
3.108013405378284e+02 1.703580784416579e-05
3.110081278568822e+02 1.703510969449395e-05
3.112149151759360e+02 1.703441596008771e-05
3.114217024949897e+02 1.703372625126941e-05
3.116284898140435e+02 1.703304086483700e-05
3.118352771330973e+02 1.703235938208030e-05
3.120420644521511e+02 1.703168233214518e-05
3.122488517712048e+02 1.703100923840582e-05
3.124556390902586e+02 1.703034033749868e-05
3.126624264093124e+02 1.702967565917435e-05
3.128692137283662e+02 1.702901503386718e-05
3.130760010474199e+02 1.702835863595803e-05
3.132827883664737e+02 1.702770617444487e-05
3.134895756855275e+02 1.702705797817252e-05
3.136963630045813e+02 1.702641378116265e-05
3.139031503236351e+02 1.702577358454693e-05
3.141099376426889e+02 1.702513773870233e-05
3.143167249617426e+02 1.702450574745238e-05
3.145235122807964e+02 1.702387802241440e-05
3.147302995998502e+02 1.702325429471306e-05
3.149370869189040e+02 1.702263459492991e-05
3.151438742379577e+02 1.702201901489001e-05
3.153506615570115e+02 1.702140730285518e-05
3.155574488760653e+02 1.702079977095251e-05
3.157642361951191e+02 1.702019623283404e-05
3.159710235141728e+02 1.701959668855775e-05
3.161778108332267e+02 1.701900124549306e-05
3.163845981522804e+02 1.701840982894854e-05
3.165913854713342e+02 1.701782233864992e-05
3.167981727903880e+02 1.701723890466169e-05
3.170049601094418e+02 1.701665942755086e-05
3.172117474284955e+02 1.701608394966680e-05
3.174185347475494e+02 1.701551241126794e-05
3.176253220666031e+02 1.701494488936414e-05
3.178321093856568e+02 1.701438139380001e-05
3.180388967047106e+02 1.701382172708959e-05
3.182456840237644e+02 1.701326620521862e-05
3.184524713428182e+02 1.701271446320153e-05
3.186592586618719e+02 1.701216685070023e-05
3.188660459809257e+02 1.701162288689693e-05
3.190728332999795e+02 1.701108321946756e-05
3.192796206190333e+02 1.701054708902467e-05
3.194864079380871e+02 1.701001518278480e-05
3.196931952571409e+02 1.700948699353319e-05
3.198999825761946e+02 1.700896292943065e-05
3.201067698952484e+02 1.700844247507825e-05
3.203135572143022e+02 1.700792630864635e-05
3.205203445333560e+02 1.700741359663805e-05
3.207271318524097e+02 1.700690505304393e-05
3.209339191714635e+02 1.700640022684855e-05
3.211407064905173e+02 1.700589931895558e-05
3.213474938095711e+02 1.700540214686784e-05
3.215542811286248e+02 1.700490919421691e-05
3.217610684476787e+02 1.700441959652409e-05
3.219678557667324e+02 1.700393429503495e-05
3.221746430857862e+02 1.700345267946338e-05
3.223814304048400e+02 1.700297476387322e-05
3.225882177238938e+02 1.700250092538751e-05
3.227950050429475e+02 1.700203075263642e-05
3.230017923620014e+02 1.700156444817414e-05
3.232085796810551e+02 1.700110186995963e-05
3.234153670001088e+02 1.700064324386295e-05
3.236221543191626e+02 1.700018823126345e-05
3.238289416382164e+02 1.699973708046490e-05
3.240357289572702e+02 1.699928979153199e-05
3.242425162763240e+02 1.699884622440320e-05
3.244493035953777e+02 1.699840647185650e-05
3.246560909144315e+02 1.699797050402059e-05
3.248628782334853e+02 1.699753828529134e-05
3.250696655525391e+02 1.699710980694184e-05
3.252764528715929e+02 1.699668495916280e-05
3.254832401906467e+02 1.699626412488054e-05
3.256900275097004e+02 1.699584671688716e-05
3.258968148287542e+02 1.699543337557837e-05
3.261036021478080e+02 1.699502361312858e-05
3.263103894668617e+02 1.699461764230922e-05
3.265171767859155e+02 1.699421542247479e-05
3.267239641049693e+02 1.699381675601023e-05
3.269307514240231e+02 1.699342195599783e-05
3.271375387430768e+02 1.699303075637791e-05
3.273443260621307e+02 1.699264318616730e-05
3.275511133811845e+02 1.699225955156651e-05
3.277579007002382e+02 1.699187939163218e-05
3.279646880192920e+02 1.699150304891246e-05
3.281714753383458e+02 1.699113036029756e-05
3.283782626573995e+02 1.699076136257781e-05
3.285850499764533e+02 1.699039597410303e-05
3.287918372955071e+02 1.699003430990971e-05
3.289986246145608e+02 1.698967628309176e-05
3.292054119336146e+02 1.698932192765553e-05
3.294121992526684e+02 1.698897117640193e-05
3.296189865717222e+02 1.698862417716004e-05
3.298257738907760e+02 1.698828072220010e-05
3.300325612098297e+02 1.698794099143061e-05
3.302393485288835e+02 1.698760478322086e-05
3.304461358479373e+02 1.698727238179544e-05
3.306529231669911e+02 1.698694334972729e-05
3.308597104860449e+02 1.698661817806392e-05
3.310664978050987e+02 1.698629644552846e-05
3.312732851241524e+02 1.698597849812519e-05
3.314800724432062e+02 1.698566394837316e-05
3.316868597622600e+02 1.698535332106224e-05
3.318936470813138e+02 1.698504590416460e-05
3.321004344003675e+02 1.698474236497606e-05
3.323072217194213e+02 1.698444220948630e-05
3.325140090384751e+02 1.698414566688045e-05
3.327207963575289e+02 1.698385264598221e-05
3.329275836765827e+02 1.698356341040331e-05
3.331343709956365e+02 1.698327737381233e-05
3.333411583146902e+02 1.698299534936383e-05
3.335479456337440e+02 1.698271665290980e-05
3.337547329527978e+02 1.698244144153267e-05
3.339615202718516e+02 1.698217005640687e-05
3.341683075909053e+02 1.698190198332655e-05
3.343750949099591e+02 1.698163748744708e-05
3.345818822290128e+02 1.698137661782791e-05
3.347886695480666e+02 1.698111918938676e-05
3.349954568671204e+02 1.698086527259560e-05
3.352022441861742e+02 1.698061485694670e-05
3.354090315052280e+02 1.698036806514632e-05
3.356158188242817e+02 1.698012465247051e-05
3.358226061433355e+02 1.697988483474408e-05
3.360293934623893e+02 1.697964861618038e-05
3.362361807814431e+02 1.697941573197105e-05
3.364429681004969e+02 1.697918649884454e-05
3.366497554195507e+02 1.697896053643387e-05
3.368565427386044e+02 1.697873833831068e-05
3.370633300576582e+02 1.697851923707069e-05
3.372701173767120e+02 1.697830403147550e-05
3.374769046957658e+02 1.697809205022471e-05
3.376836920148195e+02 1.697788370038918e-05
3.378904793338733e+02 1.697767881601436e-05
3.380972666529271e+02 1.697747728019712e-05
3.383040539719809e+02 1.697727937301749e-05
3.385108412910347e+02 1.697708470850582e-05
3.387176286100885e+02 1.697689352219230e-05
3.389244159291422e+02 1.697670598853312e-05
3.391312032481960e+02 1.697652153768396e-05
3.393379905672498e+02 1.697634088224530e-05
3.395447778863036e+02 1.697616347278041e-05
3.397515652053573e+02 1.697598958813931e-05
3.399583525244111e+02 1.697581904514910e-05
3.401651398434648e+02 1.697565207750980e-05
3.403719271625186e+02 1.697548837685220e-05
3.405787144815724e+02 1.697532820170785e-05
3.407855018006262e+02 1.697517137384186e-05
3.409922891196800e+02 1.697501801561243e-05
3.411990764387338e+02 1.697486800258027e-05
3.414058637577875e+02 1.697472143012815e-05
3.416126510768413e+02 1.697457825920996e-05
3.418194383958951e+02 1.697443849835204e-05
3.420262257149490e+02 1.697430206108348e-05
3.422330130340027e+02 1.697416912518571e-05
3.424398003530564e+02 1.697403946144452e-05
3.426465876721102e+02 1.697391330980981e-05
3.428533749911640e+02 1.697379039615269e-05
3.430601623102178e+02 1.697367111173163e-05
3.432669496292715e+02 1.697355490905927e-05
3.434737369483253e+02 1.697344230639470e-05
3.436805242673790e+02 1.697333291744824e-05
3.438873115864329e+02 1.697322683492826e-05
3.440940989054866e+02 1.697312417658142e-05
3.443008862245405e+02 1.697302485223370e-05
3.445076735435942e+02 1.697292877018014e-05
3.447144608626480e+02 1.697283629078185e-05
3.449212481817017e+02 1.697274702262280e-05
3.451280355007556e+02 1.697266102531546e-05
3.453348228198093e+02 1.697257869210254e-05
3.455416101388631e+02 1.697249934106544e-05
3.457483974579168e+02 1.697242346138661e-05
3.459551847769707e+02 1.697235105433773e-05
3.461619720960244e+02 1.697228167182145e-05
3.463687594150783e+02 1.697221587003146e-05
3.465755467341320e+02 1.697215316911699e-05
3.467823340531858e+02 1.697209398621898e-05
3.469891213722395e+02 1.697203786766396e-05
3.471959086912934e+02 1.697198526111625e-05
3.474026960103471e+02 1.697193598243369e-05
3.476094833294009e+02 1.697188981626321e-05
3.478162706484547e+02 1.697184725597651e-05
3.480230579675084e+02 1.697180765447540e-05
3.482298452865622e+02 1.697177167608629e-05
3.484366326056160e+02 1.697173855990998e-05
3.486434199246698e+02 1.697170917826337e-05
3.488502072437235e+02 1.697168274978645e-05
3.490569945627773e+02 1.697165982354615e-05
3.492637818818311e+02 1.697164016552452e-05
3.494705692008849e+02 1.697162371508874e-05
3.496773565199387e+02 1.697161071025974e-05
3.498841438389925e+02 1.697160070513446e-05
3.500909311580462e+02 1.697159416180427e-05
3.502977184771000e+02 1.697159087573212e-05
3.505045057961538e+02 1.697159056246061e-05
3.507112931152076e+02 1.697159394695004e-05
3.509180804342614e+02 1.697160022653689e-05
3.511248677533151e+02 1.697160995578483e-05
3.513316550723688e+02 1.697162285990978e-05
3.515384423914227e+02 1.697163916069479e-05
3.517452297104765e+02 1.697165849870792e-05
3.519520170295303e+02 1.697168132926688e-05
3.521588043485840e+02 1.697170722995054e-05
3.523655916676378e+02 1.697173646298347e-05
3.525723789866915e+02 1.697176886977453e-05
3.527791663057454e+02 1.697180453276892e-05
3.529859536247992e+02 1.697184345759184e-05
3.531927409438529e+02 1.697188554424267e-05
3.533995282629067e+02 1.697193093516920e-05
3.536063155819604e+02 1.697197952908961e-05
3.538131029010142e+02 1.697203131429991e-05
3.540198902200680e+02 1.697208641261254e-05
3.542266775391218e+02 1.697214460027994e-05
3.544334648581755e+02 1.697220624342362e-05
3.546402521772293e+02 1.697227085833224e-05
3.548470394962831e+02 1.697233889157588e-05
3.550538268153369e+02 1.697241005732658e-05
3.552606141343907e+02 1.697248427890636e-05
3.554674014534445e+02 1.697256190377079e-05
3.556741887724982e+02 1.697264247614378e-05
3.558809760915520e+02 1.697272640439974e-05
3.560877634106058e+02 1.697281349612148e-05
3.562945507296596e+02 1.697290386997277e-05
3.565013380487134e+02 1.697299727372949e-05
3.567081253677671e+02 1.697309426869566e-05
3.569149126868209e+02 1.697319399027606e-05
3.571217000058747e+02 1.697329720598460e-05
3.573284873249285e+02 1.697340364821351e-05
3.575352746439823e+02 1.697351291038182e-05
3.577420619630360e+02 1.697362584586459e-05
3.579488492820898e+02 1.697374150727529e-05
3.581556366011436e+02 1.697386070351681e-05
3.583624239201973e+02 1.697398272366228e-05
3.585692112392512e+02 1.697410821881914e-05
3.587759985583049e+02 1.697423675999157e-05
3.589827858773587e+02 1.697436837472276e-05
3.591895731964124e+02 1.697450349852376e-05
3.593963605154663e+02 1.697464137760844e-05
3.596031478345200e+02 1.697478283071855e-05
3.598099351535738e+02 1.697492699198720e-05
3.600167224726275e+02 1.697507476157393e-05
3.602235097916814e+02 1.697522530179943e-05
3.604302971107351e+02 1.697537924624799e-05
3.606370844297889e+02 1.697553633369704e-05
3.608438717488427e+02 1.697569651366485e-05
3.610506590678965e+02 1.697586001178986e-05
3.612574463869502e+02 1.697602642333119e-05
3.614642337060041e+02 1.697619627518212e-05
3.616710210250578e+02 1.697636903423113e-05
3.618778083441116e+02 1.697654490780227e-05
3.620845956631654e+02 1.697672422816139e-05
3.622913829822191e+02 1.697690626214677e-05
3.624981703012729e+02 1.697709173302020e-05
3.627049576203267e+02 1.697728024221904e-05
3.629117449393805e+02 1.697747195096126e-05
3.631185322584342e+02 1.697766667157071e-05
3.633253195774880e+02 1.697786482026613e-05
3.635321068965418e+02 1.697806583874367e-05
3.637388942155956e+02 1.697827018143297e-05
3.639456815346493e+02 1.697847756140978e-05
3.641524688537032e+02 1.697868808605706e-05
3.643592561727569e+02 1.697890175981294e-05
3.645660434918107e+02 1.697911847728961e-05
3.647728308108644e+02 1.697933846108708e-05
3.649796181299183e+02 1.697956145950115e-05
3.651864054489720e+02 1.697978762862215e-05
3.653931927680258e+02 1.698001698722793e-05
3.655999800870795e+02 1.698024930249190e-05
3.658067674061334e+02 1.698048502755601e-05
3.660135547251871e+02 1.698072357653844e-05
3.662203420442409e+02 1.698096551843402e-05
3.664271293632947e+02 1.698121050776734e-05
3.666339166823485e+02 1.698145843435686e-05
3.668407040014022e+02 1.698170977946183e-05
3.670474913204561e+02 1.698196381666437e-05
3.672542786395098e+02 1.698222130100675e-05
3.674610659585636e+02 1.698248161932597e-05
3.676678532776174e+02 1.698274534551592e-05
3.678746405966712e+02 1.698301188128320e-05
3.680814279157249e+02 1.698328200736813e-05
3.682882152347787e+02 1.698355472114233e-05
3.684950025538325e+02 1.698383098984130e-05
3.687017898728863e+02 1.698411022243338e-05
3.689085771919400e+02 1.698439230510343e-05
3.691153645109939e+02 1.698467804865973e-05
3.693221518300476e+02 1.698496628062773e-05
3.695289391491013e+02 1.698525813719463e-05
3.697357264681551e+02 1.698555267683488e-05
3.699425137872089e+02 1.698585064532868e-05
3.701493011062627e+02 1.698615149692783e-05
3.703560884253164e+02 1.698645546535198e-05
3.705628757443703e+02 1.698676279902262e-05
3.707696630634240e+02 1.698707282954661e-05
3.709764503824778e+02 1.698738642887946e-05
3.711832377015315e+02 1.698770265975749e-05
3.713900250205854e+02 1.698802243897600e-05
3.715968123396391e+02 1.698834489198600e-05
3.718035996586929e+02 1.698867071664657e-05
3.720103869777467e+02 1.698899960037349e-05
3.722171742968005e+02 1.698933149463880e-05
3.724239616158542e+02 1.698966665102529e-05
3.726307489349081e+02 1.699000475613296e-05
3.728375362539618e+02 1.699034619025944e-05
3.730443235730156e+02 1.699069040748596e-05
3.732511108920694e+02 1.699103795227929e-05
3.734578982111232e+02 1.699138862843168e-05
3.736646855301769e+02 1.699174207559408e-05
3.738714728492307e+02 1.699209896069377e-05
3.740782601682845e+02 1.699245873960161e-05
3.742850474873383e+02 1.699282161076533e-05
3.744918348063920e+02 1.699318759883474e-05
3.746986221254458e+02 1.699355685226507e-05
3.749054094444996e+02 1.699392895622386e-05
3.751121967635534e+02 1.699430443037975e-05
3.753189840826071e+02 1.699468286629589e-05
3.755257714016609e+02 1.699506440535812e-05
3.757325587207147e+02 1.699544906999945e-05
3.759393460397685e+02 1.699583672641587e-05
3.761461333588223e+02 1.699622762425247e-05
3.763529206778761e+02 1.699662146294296e-05
3.765597079969298e+02 1.699701850190879e-05
3.767664953159835e+02 1.699741867614265e-05
3.769732826350374e+02 1.699782173500179e-05
3.771800699540911e+02 1.699822825512862e-05
3.773868572731449e+02 1.699863743359423e-05
3.775936445921987e+02 1.699905013365062e-05
3.778004319112525e+02 1.699946574067844e-05
3.780072192303062e+02 1.699988435012838e-05
3.782140065493601e+02 1.700030639322750e-05
3.784207938684138e+02 1.700073103011986e-05
3.786275811874676e+02 1.700115917760416e-05
3.788343685065214e+02 1.700159002704052e-05
3.790411558255752e+02 1.700202434692594e-05
3.792479431446289e+02 1.700246137590835e-05
3.794547304636827e+02 1.700290202323794e-05
3.796615177827365e+02 1.700334525296715e-05
3.798683051017903e+02 1.700379207494001e-05
3.800750924208440e+02 1.700424171122427e-05
3.802818797398978e+02 1.700469437819471e-05
3.804886670589516e+02 1.700515057013202e-05
3.806954543780054e+02 1.700560924209917e-05
3.809022416970591e+02 1.700607162265660e-05
3.811090290161129e+02 1.700653665554281e-05
3.813158163351667e+02 1.700700507452874e-05
3.815226036542205e+02 1.700747640974262e-05
3.817293909732743e+02 1.700795088342245e-05
3.819361782923280e+02 1.700842862632325e-05
3.821429656113818e+02 1.700890913825555e-05
3.823497529304356e+02 1.700939321589750e-05
3.825565402494894e+02 1.700987994438896e-05
3.827633275685431e+02 1.701037023090403e-05
3.829701148875969e+02 1.701086318723627e-05
3.831769022066507e+02 1.701135957516316e-05
3.833836895257045e+02 1.701185896174531e-05
3.835904768447583e+02 1.701236136454336e-05
3.837972641638121e+02 1.701286705377021e-05
3.840040514828658e+02 1.701337576786975e-05
3.842108388019196e+02 1.701388764390408e-05
3.844176261209734e+02 1.701440253169214e-05
3.846244134400272e+02 1.701492075827919e-05
3.848312007590809e+02 1.701544196162714e-05
3.850379880781347e+02 1.701596618292151e-05
3.852447753971884e+02 1.701649382627816e-05
3.854515627162423e+02 1.701702426230134e-05
3.856583500352961e+02 1.701755788264888e-05
3.858651373543498e+02 1.701809470029825e-05
3.860719246734036e+02 1.701863460911860e-05
3.862787119924574e+02 1.701917754709374e-05
3.864854993115111e+02 1.701972387318232e-05
3.866922866305649e+02 1.702027318643654e-05
3.868990739496188e+02 1.702082564636823e-05
3.871058612686725e+02 1.702138132420693e-05
3.873126485877263e+02 1.702193996806126e-05
3.875194359067800e+02 1.702250191570439e-05
3.877262232258338e+02 1.702306680989184e-05
3.879330105448876e+02 1.702363499733232e-05
3.881397978639414e+02 1.702420632644098e-05
3.883465851829951e+02 1.702478058467727e-05
3.885533725020489e+02 1.702535840693046e-05
3.887601598211027e+02 1.702593878881104e-05
3.889669471401565e+02 1.702652291719407e-05
3.891737344592103e+02 1.702710978947226e-05
3.893805217782641e+02 1.702769990585609e-05
3.895873090973178e+02 1.702829345271255e-05
3.897940964163716e+02 1.702888964734265e-05
3.900008837354254e+02 1.702948945340916e-05
3.902076710544792e+02 1.703009200892708e-05
3.904144583735329e+02 1.703069802774186e-05
3.906212456925867e+02 1.703130685674239e-05
3.908280330116405e+02 1.703191931267837e-05
3.910348203306942e+02 1.703253448070688e-05
3.912416076497481e+02 1.703315326204920e-05
3.914483949688018e+02 1.703377490622745e-05
3.916551822878556e+02 1.703439979437549e-05
3.918619696069093e+02 1.703502805478031e-05
3.920687569259632e+02 1.703565902835788e-05
3.922755442450169e+02 1.703629372864637e-05
3.924823315640708e+02 1.703693118071327e-05
3.926891188831245e+02 1.703757203192908e-05
3.928959062021783e+02 1.703821600535922e-05
3.931026935212320e+02 1.703886309707210e-05
3.933094808402859e+02 1.703951351892663e-05
3.935162681593396e+02 1.704016686277382e-05
3.937230554783934e+02 1.704082377568873e-05
3.939298427974471e+02 1.704148348439155e-05
3.941366301165010e+02 1.704214680928103e-05
3.943434174355547e+02 1.704281291718743e-05
3.945502047546086e+02 1.704348259971015e-05
3.947569920736623e+02 1.704415527011307e-05
3.949637793927161e+02 1.704483111185361e-05
3.951705667117698e+02 1.704551033502571e-05
3.953773540308237e+02 1.704619265801359e-05
3.955841413498774e+02 1.704687809057529e-05
3.957909286689312e+02 1.704756692936769e-05
3.959977159879849e+02 1.704825892728977e-05
3.962045033070387e+02 1.704895409365789e-05
3.964112906260925e+02 1.704965253421061e-05
3.966180779451462e+02 1.705035440212625e-05
3.968248652642001e+02 1.705105912247426e-05
3.970316525832538e+02 1.705176732145420e-05
3.972384399023076e+02 1.705247868597726e-05
3.974452272213613e+02 1.705319315035386e-05
3.976520145404152e+02 1.705391092048151e-05
3.978588018594689e+02 1.705463205868797e-05
3.980655891785228e+02 1.705535634595073e-05
3.982723764975765e+02 1.705608391905146e-05
3.984791638166303e+02 1.705681489935249e-05
3.986859511356840e+02 1.705754887579762e-05
3.988927384547379e+02 1.705828636175315e-05
3.990995257737916e+02 1.705902684815271e-05
3.993063130928454e+02 1.705977081552982e-05
3.995131004118991e+02 1.706051798956022e-05
3.997198877309530e+02 1.706126829002459e-05
3.999266750500067e+02 1.706202228290598e-05
4.001334623690606e+02 1.706277890209794e-05
4.003402496881143e+02 1.706353952273461e-05
4.005470370071681e+02 1.706430280685522e-05
4.007538243262218e+02 1.706506969505454e-05
4.009606116452757e+02 1.706584001019493e-05
4.011673989643294e+02 1.706661316133979e-05
4.013741862833832e+02 1.706738981113208e-05
4.015809736024370e+02 1.706817006487413e-05
4.017877609214907e+02 1.706895343106246e-05
4.019945482405445e+02 1.706973992216149e-05
4.022013355595982e+02 1.707053002249675e-05
4.024081228786521e+02 1.707132310856218e-05
4.026149101977058e+02 1.707211987144544e-05
4.028216975167596e+02 1.707291973775796e-05
4.030284848358133e+02 1.707372304254469e-05
4.032352721548672e+02 1.707452970620023e-05
4.034420594739209e+02 1.707533948867124e-05
4.036488467929748e+02 1.707615296516523e-05
4.038556341120285e+02 1.707696945737798e-05
4.040624214310823e+02 1.707778946431498e-05
4.042692087501360e+02 1.707861288908969e-05
4.044759960691899e+02 1.707943945922797e-05
4.046827833882436e+02 1.708026961678013e-05
4.048895707072975e+02 1.708110289659502e-05
4.050963580263512e+02 1.708193981144730e-05
4.053031453454050e+02 1.708277981681770e-05
4.055099326644587e+02 1.708362353187212e-05
4.057167199835125e+02 1.708447029311000e-05
4.059235073025662e+02 1.708532082607750e-05
4.061302946216201e+02 1.708617445218814e-05
4.063370819406738e+02 1.708703157641374e-05
4.065438692597276e+02 1.708789223146649e-05
4.067506565787814e+02 1.708875611052700e-05
4.069574438978352e+02 1.708962330867487e-05
4.071642312168889e+02 1.709049427952808e-05
4.073710185359427e+02 1.709136821618773e-05
4.075778058549965e+02 1.709224589240288e-05
4.077845931740503e+02 1.709312690046872e-05
4.079913804931041e+02 1.709401150201821e-05
4.081981678121578e+02 1.709489926521158e-05
4.084049551312116e+02 1.709579088887109e-05
4.086117424502654e+02 1.709668563197725e-05
4.088185297693192e+02 1.709758381635727e-05
4.090253170883730e+02 1.709848554843687e-05
4.092321044074268e+02 1.709939069588468e-05
4.094388917264805e+02 1.710029929936494e-05
4.096456790455343e+02 1.710121142032937e-05
4.098524663645881e+02 1.710212720926400e-05
4.100592536836419e+02 1.710304616689184e-05
4.102660410026957e+02 1.710396898386511e-05
4.104728283217495e+02 1.710489492543101e-05
4.106796156408032e+02 1.710582466462530e-05
4.108864029598570e+02 1.710675775447867e-05
4.110931902789108e+02 1.710769432947547e-05
4.112999775979645e+02 1.710863476643645e-05
4.115067649170182e+02 1.710957812582877e-05
4.117135522360721e+02 1.711052575282089e-05
4.119203395551258e+02 1.711147617130419e-05
4.121271268741796e+02 1.711243061033587e-05
4.123339141932334e+02 1.711338855103929e-05
4.125407015122872e+02 1.711434967190635e-05
4.127474888313409e+02 1.711531496100923e-05
4.129542761503947e+02 1.711628331119075e-05
4.131610634694485e+02 1.711725543657232e-05
4.133678507885023e+02 1.711823109546872e-05
4.135746381075561e+02 1.711921039726539e-05
4.137814254266098e+02 1.712019312382786e-05
4.139882127456636e+02 1.712117969380059e-05
4.141950000647174e+02 1.712216974069035e-05
4.144017873837712e+02 1.712316346147768e-05
4.146085747028250e+02 1.712416077237194e-05
4.148153620218788e+02 1.712516168959966e-05
4.150221493409325e+02 1.712616632339659e-05
4.152289366599863e+02 1.712717443787983e-05
4.154357239790401e+02 1.712818630287953e-05
4.156425112980939e+02 1.712920191862917e-05
4.158492986171477e+02 1.713022090272763e-05
4.160560859362015e+02 1.713124387774390e-05
4.162628732552552e+02 1.713227025370945e-05
4.164696605743090e+02 1.713330047461428e-05
4.166764478933628e+02 1.713433423995596e-05
4.168832352124165e+02 1.713537187992810e-05
4.170900225314703e+02 1.713641300019724e-05
4.172968098505241e+02 1.713745815183344e-05
4.175035971695778e+02 1.713850668987272e-05
4.177103844886316e+02 1.713955920259062e-05
4.179171718076854e+02 1.714061546097595e-05
4.181239591267391e+02 1.714167524595363e-05
4.183307464457930e+02 1.714273885821258e-05
4.185375337648467e+02 1.714380646455930e-05
4.187443210839005e+02 1.714487716878559e-05
4.189511084029543e+02 1.714595235868417e-05
4.191578957220081e+02 1.714703079492260e-05
4.193646830410618e+02 1.714811324414482e-05
4.195714703601157e+02 1.714919941839270e-05
4.197782576791694e+02 1.715028978859922e-05
4.199850449982232e+02 1.715138347364629e-05
4.201918323172770e+02 1.715248125203097e-05
4.203986196363308e+02 1.715358276279911e-05
4.206054069553845e+02 1.715468798156044e-05
4.208121942744384e+02 1.715579709109827e-05
4.210189815934921e+02 1.715691005125825e-05
4.212257689125459e+02 1.715802703109775e-05
4.214325562315997e+02 1.715914758096936e-05
4.216393435506535e+02 1.716027245033647e-05
4.218461308697072e+02 1.716140073064582e-05
4.220529181887611e+02 1.716253327929388e-05
4.222597055078148e+02 1.716366946206911e-05
4.224664928268685e+02 1.716480964435783e-05
4.226732801459223e+02 1.716595396284450e-05
4.228800674649761e+02 1.716710174431503e-05
4.230868547840298e+02 1.716825412021734e-05
4.232936421030836e+02 1.716940971238506e-05
4.235004294221374e+02 1.717056978364676e-05
4.237072167411911e+02 1.717173361883285e-05
4.239140040602450e+02 1.717290113668491e-05
4.241207913792987e+02 1.717407330017677e-05
4.243275786983525e+02 1.717524876806290e-05
4.245343660174063e+02 1.717642862384167e-05
4.247411533364601e+02 1.717761245288895e-05
4.249479406555138e+02 1.717880016666800e-05
4.251547279745677e+02 1.717999194788709e-05
4.253615152936214e+02 1.718118788496810e-05
4.255683026126752e+02 1.718238778814060e-05
4.257750899317290e+02 1.718359177777321e-05
4.259818772507828e+02 1.718479984508972e-05
4.261886645698365e+02 1.718601206389067e-05
4.263954518888904e+02 1.718722823907780e-05
4.266022392079441e+02 1.718844857885761e-05
4.268090265269979e+02 1.718967304148917e-05
4.270158138460517e+02 1.719090167855727e-05
4.272226011651055e+02 1.719213422504614e-05
4.274293884841592e+02 1.719337124197083e-05
4.276361758032131e+02 1.719461212498938e-05
4.278429631222668e+02 1.719585727852043e-05
4.280497504413206e+02 1.719710660032004e-05
4.282565377603743e+02 1.719836013058542e-05
4.284633250794281e+02 1.719961775736660e-05
4.286701123984818e+02 1.720087983341660e-05
4.288768997175357e+02 1.720214581086460e-05
4.290836870365894e+02 1.720341638602404e-05
4.292904743556431e+02 1.720469104877365e-05
4.294972616746970e+02 1.720596987608167e-05
4.297040489937507e+02 1.720725322063031e-05
4.299108363128045e+02 1.720854073546500e-05
4.301176236318583e+02 1.720983209747596e-05
4.303244109509121e+02 1.721112796536238e-05
4.305311982699658e+02 1.721242851494843e-05
4.307379855890197e+02 1.721373317911389e-05
4.309447729080734e+02 1.721504210830035e-05
4.311515602271272e+02 1.721635561465941e-05
4.313583475461810e+02 1.721767313676561e-05
4.315651348652348e+02 1.721899553528454e-05
4.317719221842885e+02 1.722032197611941e-05
4.319787095033424e+02 1.722165280671143e-05
4.321854968223961e+02 1.722298809135657e-05
4.323922841414499e+02 1.722432772983216e-05
4.325990714605037e+02 1.722567191803945e-05
4.328058587795575e+02 1.722702035355236e-05
4.330126460986112e+02 1.722837368033036e-05
4.332194334176651e+02 1.722973099846351e-05
4.334262207367188e+02 1.723109323852689e-05
4.336330080557726e+02 1.723245964023565e-05
4.338397953748263e+02 1.723383072876892e-05
4.340465826938801e+02 1.723520643969798e-05
4.342533700129338e+02 1.723658639497259e-05
4.344601573319876e+02 1.723797144063611e-05
4.346669446510414e+02 1.723936045920121e-05
4.348737319700952e+02 1.724075452555425e-05
4.350805192891490e+02 1.724215292063364e-05
4.352873066082027e+02 1.724355568748502e-05
4.354940939272565e+02 1.724496365691517e-05
4.357008812463103e+02 1.724637521697395e-05
4.359076685653641e+02 1.724779102375473e-05
4.361144558844179e+02 1.724921938391173e-05
4.363212432034717e+02 1.725064250432295e-05
4.365280305225254e+02 1.725207318134317e-05
4.367348178415792e+02 1.725350883726012e-05
4.369416051606330e+02 1.725494924065774e-05
4.371483924796868e+02 1.725639449313110e-05
4.373551797987406e+02 1.725784456557402e-05
4.375619671177944e+02 1.725929949908164e-05
4.377687544368481e+02 1.726075901261746e-05
4.379755417559019e+02 1.726222361110450e-05
4.381823290749557e+02 1.726369291574862e-05
4.383891163940095e+02 1.726516707431034e-05
4.385959037130633e+02 1.726664605949529e-05
4.388026910321171e+02 1.726813009039810e-05
4.390094783511708e+02 1.726961880055106e-05
4.392162656702246e+02 1.727111248470325e-05
4.394230529892783e+02 1.727261118177231e-05
4.396298403083321e+02 1.727411473574542e-05
4.398366276273858e+02 1.727562322112926e-05
4.400434149464396e+02 1.727713691589379e-05
4.402502022654934e+02 1.727865525439199e-05
4.404569895845472e+02 1.728017906292493e-05
4.406637769036010e+02 1.728170754528477e-05
4.408705642226547e+02 1.728324124353399e-05
4.410773515417085e+02 1.728478023888377e-05
4.412841388607623e+02 1.728632402004339e-05
4.414909261798161e+02 1.728787290408791e-05
4.416977134988699e+02 1.728942760370800e-05
4.419045008179237e+02 1.729098610010787e-05
4.421112881369774e+02 1.729255000862800e-05
4.423180754560312e+02 1.729411989769220e-05
4.425248627750850e+02 1.729569449880469e-05
4.427316500941388e+02 1.729727439437510e-05
4.429384374131926e+02 1.729885992124402e-05
4.431452247322464e+02 1.730045026765565e-05
4.433520120513001e+02 1.730204610893377e-05
4.435587993703539e+02 1.730364719047187e-05
4.437655866894077e+02 1.730525345728437e-05
4.439723740084615e+02 1.730686513391108e-05
4.441791613275153e+02 1.730848204789762e-05
4.443859486465691e+02 1.731010464839962e-05
4.445927359656228e+02 1.731173225297127e-05
4.447995232846766e+02 1.731336569528226e-05
4.450063106037303e+02 1.731500422573601e-05
4.452130979227841e+02 1.731664839424867e-05
4.454198852418378e+02 1.731829805099408e-05
4.456266725608916e+02 1.731995302381850e-05
4.458334598799455e+02 1.732161392745063e-05
4.460402471989992e+02 1.732327994685247e-05
4.462470345180530e+02 1.732495188474700e-05
4.464538218371067e+02 1.732662918598054e-05
4.466606091561605e+02 1.732831189815643e-05
4.468673964752143e+02 1.733000069076303e-05
4.470741837942682e+02 1.733169401028279e-05
4.472809711133219e+02 1.733339253752389e-05
4.474877584323757e+02 1.733510598874926e-05
4.476945457514294e+02 1.733681361027856e-05
4.479013330704832e+02 1.733853033488783e-05
4.481081203895370e+02 1.734025295778904e-05
4.483149077085909e+02 1.734198147598207e-05
4.485216950276446e+02 1.734371597861543e-05
4.487284823466984e+02 1.734545632662264e-05
4.489352696657521e+02 1.734720260260530e-05
4.491420569848059e+02 1.734895458785941e-05
4.493488443038597e+02 1.735071287132741e-05
4.495556316229136e+02 1.735247682634355e-05
4.497624189419673e+02 1.735424679392254e-05
4.499692062610211e+02 1.735602291242160e-05
4.501759935800748e+02 1.735780494078016e-05
4.503827808991286e+02 1.735959299169527e-05
4.505895682181823e+02 1.736138709947447e-05
4.507963555372361e+02 1.736318742441007e-05
4.510031428562899e+02 1.736499375221584e-05
4.512099301753436e+02 1.736680619131051e-05
4.514167174943975e+02 1.736862517132627e-05
4.516235048134512e+02 1.737044982833463e-05
4.518302921325050e+02 1.737228133310592e-05
4.520370794515587e+02 1.737411851889171e-05
4.522438667706126e+02 1.737596246009903e-05
4.524506540896663e+02 1.737781268721176e-05
4.526574414087202e+02 1.737966904674999e-05
4.528642287277739e+02 1.738153207223758e-05
4.530710160468277e+02 1.738340152981823e-05
4.532778033658814e+02 1.738527719809446e-05
4.534845906849353e+02 1.738715684957809e-05
4.536913780039890e+02 1.738904737333364e-05
4.538981653230429e+02 1.739094226756653e-05
4.541049526420966e+02 1.739284420293193e-05
4.543117399611504e+02 1.739475262099451e-05
4.545185272802041e+02 1.739666747305164e-05
4.547253145992580e+02 1.739858934003220e-05
4.549321019183117e+02 1.740051772736679e-05
4.551388892373656e+02 1.740245272374729e-05
4.553456765564193e+02 1.740439455233256e-05
4.555524638754731e+02 1.740634306744754e-05
4.557592511945268e+02 1.740829857773455e-05
4.559660385135806e+02 1.741026072373240e-05
4.561728258326343e+02 1.741223011577442e-05
4.563796131516881e+02 1.741420618647335e-05
4.565864004707419e+02 1.741618938532000e-05
4.567931877897956e+02 1.741817964441013e-05
4.569999751088495e+02 1.742017686157336e-05
4.572067624279032e+02 1.742218160360570e-05
4.574135497469570e+02 1.742419335983104e-05
4.576203370660107e+02 1.742621283664783e-05
4.578271243850646e+02 1.742823994928308e-05
4.580339117041183e+02 1.743027514380512e-05
4.582406990231722e+02 1.743232017320295e-05
4.584474863422259e+02 1.743437795350957e-05
4.586542736612797e+02 1.743648040831535e-05
4.588610609803334e+02 1.743834459542924e-05
4.590678482993873e+02 1.744051103992768e-05
4.592746356184410e+02 1.744257771497131e-05
4.594814229374949e+02 1.744467353784039e-05
4.596882102565486e+02 1.744676921297779e-05
4.598949975756024e+02 1.744887049194754e-05
4.601017848946561e+02 1.745097830600093e-05
4.603085722137100e+02 1.745309326490443e-05
4.605153595327637e+02 1.745521543376632e-05
4.607221468518176e+02 1.745734541650369e-05
4.609289341708713e+02 1.745948259154081e-05
4.611357214899251e+02 1.746162758479282e-05
4.613425088089788e+02 1.746378052387456e-05
4.615492961280326e+02 1.746594086768359e-05
4.617560834470863e+02 1.746810928606589e-05
4.619628707661402e+02 1.747028542687522e-05
4.621696580851939e+02 1.747246960751722e-05
4.623764454042476e+02 1.747466166571061e-05
4.625832327233015e+02 1.747686163430039e-05
4.627900200423552e+02 1.747907027823369e-05
4.629968073614090e+02 1.748128617713202e-05
4.632035946804627e+02 1.748351118353500e-05
4.634103819995166e+02 1.748574356497781e-05
4.636171693185703e+02 1.748798487565280e-05
4.638239566376242e+02 1.749023411138812e-05
4.640307439566779e+02 1.749249200974841e-05
4.642375312757317e+02 1.749475779895201e-05
4.644443185947854e+02 1.749703226703005e-05
4.646511059138393e+02 1.749931565157626e-05
4.648578932328930e+02 1.750160735756074e-05
4.650646805519469e+02 1.750390747978301e-05
4.652714678710006e+02 1.750621613249212e-05
4.654782551900544e+02 1.750853398968812e-05
4.656850425091081e+02 1.751085979764595e-05
4.658918298281620e+02 1.751319489516309e-05
4.660986171472157e+02 1.751553904234398e-05
4.663054044662696e+02 1.751789191084431e-05
4.665121917853233e+02 1.752025371218288e-05
4.667189791043771e+02 1.752262460730870e-05
4.669257664234308e+02 1.752500437835209e-05
4.671325537424846e+02 1.752739332116329e-05
4.673393410615383e+02 1.752979131648081e-05
4.675461283805922e+02 1.753219871038058e-05
4.677529156996459e+02 1.753461520465110e-05
4.679597030186997e+02 1.753704103210394e-05
4.681664903377535e+02 1.753947627856880e-05
4.683732776568072e+02 1.754192065806652e-05
4.685800649758610e+02 1.754437474791354e-05
4.687868522949148e+02 1.754683799038766e-05
4.689936396139686e+02 1.754931079854716e-05
4.692004269330224e+02 1.755179289422281e-05
4.694072142520762e+02 1.755428373373657e-05
4.696140015711299e+02 1.755678274645661e-05
4.698207888901837e+02 1.755928510122488e-05
4.700275762092375e+02 1.756175930547760e-05
4.702343635282913e+02 1.756451757089806e-05
4.704411508473451e+02 1.756702928746721e-05
4.706479381663989e+02 1.756941359418275e-05
4.708547254854526e+02 1.757201041587337e-05
4.710615128045064e+02 1.757458913901320e-05
4.712683001235602e+02 1.757717417276943e-05
4.714750874426140e+02 1.757976830040152e-05
4.716818747616678e+02 1.758237249409432e-05
4.718886620807216e+02 1.758498685405504e-05
4.720954493997753e+02 1.758761182637056e-05
4.723022367188291e+02 1.759024690318957e-05
4.725090240378829e+02 1.759289285636895e-05
4.727158113569366e+02 1.759554955483868e-05
4.729225986759903e+02 1.759821643485075e-05
4.731293859950442e+02 1.760089447872856e-05
4.733361733140979e+02 1.760358286287756e-05
4.735429606331517e+02 1.760628200808264e-05
4.737497479522055e+02 1.760899169888187e-05
4.739565352712592e+02 1.761171170768195e-05
4.741633225903130e+02 1.761444284211425e-05
4.743701099093668e+02 1.761718273563390e-05
4.745768972284206e+02 1.761993342936783e-05
4.747836845474744e+02 1.762269124198314e-05
4.749904718665282e+02 1.762545567617105e-05
4.751972591855819e+02 1.762822019885737e-05
4.754040465046357e+02 1.763096973143441e-05
4.756108338236895e+02 1.763364454045471e-05
4.758176211427433e+02 1.763484407187642e-05
4.760244084617971e+02 1.764010776546609e-05
4.762311957808509e+02 1.764269830515519e-05
4.764379830999046e+02 1.764548859896211e-05
4.766447704189584e+02 1.764833043593351e-05
4.768515577380122e+02 1.765120033368120e-05
4.770583450570660e+02 1.765408856795169e-05
4.772651323761198e+02 1.765699456712862e-05
4.774719196951736e+02 1.765991548192226e-05
4.776787070142273e+02 1.766285083515812e-05
4.778854943332810e+02 1.766580032086088e-05
4.780922816523349e+02 1.766876374089018e-05
4.782990689713886e+02 1.767174064334668e-05
4.785058562904424e+02 1.767473131797531e-05
4.787126436094962e+02 1.767773565333060e-05
4.789194309285499e+02 1.768075380006756e-05
4.791262182476037e+02 1.768378576433153e-05
4.793330055666575e+02 1.768683160787306e-05
4.795397928857112e+02 1.768989171144530e-05
4.797465802047651e+02 1.769296561222801e-05
4.799533675238188e+02 1.769605428011859e-05
4.801601548428726e+02 1.769915719957624e-05
4.803669421619264e+02 1.770227519707614e-05
4.805737294809802e+02 1.770540860584530e-05
4.807805168000339e+02 1.770855778298871e-05
4.809873041190878e+02 1.771172434763240e-05
4.811940914381415e+02 1.771491006870842e-05
4.814008787571953e+02 1.771812174992907e-05
4.816076660762491e+02 1.772138128598709e-05
4.818144533953029e+02 1.772493383731497e-05
4.820212407143566e+02 1.772736789999259e-05
4.822280280334105e+02 1.773082361374236e-05
4.824348153524642e+02 1.773413239709934e-05
4.826416026715180e+02 1.773743371323832e-05
4.828483899905718e+02 1.774074164028801e-05
4.830551773096256e+02 1.774406168479219e-05
4.832619646286793e+02 1.774739581234701e-05
4.834687519477330e+02 1.775074541264863e-05
4.836755392667869e+02 1.775411092266179e-05
4.838823265858406e+02 1.775749368949307e-05
4.840891139048944e+02 1.776089385649408e-05
4.842959012239482e+02 1.776431179612061e-05
4.845026885430019e+02 1.776774917568376e-05
4.847094758620557e+02 1.777120576766807e-05
4.849162631811095e+02 1.777468327846238e-05
4.851230505001632e+02 1.777818298696956e-05
4.853298378192171e+02 1.778170677732616e-05
4.855366251382708e+02 1.778525856648764e-05
4.857434124573246e+02 1.778884070770157e-05
4.859501997763784e+02 1.779246368691373e-05
4.861569870954322e+02 1.779613710822366e-05
4.863637744144859e+02 1.779988768992463e-05
4.865705617335398e+02 1.780377082790298e-05
4.867773490525935e+02 1.780794582321811e-05
4.869841363716473e+02 1.781309691892788e-05
4.871909236907011e+02 1.783493269349595e-05
4.873977110097549e+02 1.781219395389126e-05
4.876044983288086e+02 1.781853793793821e-05
4.878112856478625e+02 1.782300666568391e-05
4.880180729669162e+02 1.782708786550345e-05
4.882248602859700e+02 1.783103529808795e-05
4.884316476050238e+02 1.783492657819201e-05
4.886384349240776e+02 1.783879662407439e-05
4.888452222431313e+02 1.784265953212171e-05
4.890520095621850e+02 1.784652547194765e-05
4.892587968812389e+02 1.785039944157850e-05
4.894655842002927e+02 1.785428485860063e-05
4.896723715193464e+02 1.785818370904009e-05
4.898791588384002e+02 1.786209802495923e-05
4.900859461574539e+02 1.786602878437492e-05
4.902927334765077e+02 1.786997695239611e-05
4.904995207955615e+02 1.787394342565978e-05
4.907063081146152e+02 1.787792859758449e-05
4.909130954336691e+02 1.788193344301931e-05
4.911198827527228e+02 1.788595748771821e-05
4.913266700717766e+02 1.789000229155848e-05
4.915334573908304e+02 1.789406700389942e-05
4.917402447098842e+02 1.789815279278079e-05
4.919470320289379e+02 1.790225967246045e-05
4.921538193479918e+02 1.790638754540980e-05
4.923606066670455e+02 1.791053665522503e-05
4.925673939860993e+02 1.791475796658569e-05
4.927741813051531e+02 1.791890697050355e-05
4.929809686242069e+02 1.792312254299550e-05
4.931877559432606e+02 1.792736245936003e-05
4.933945432623145e+02 1.793162796259880e-05
4.936013305813682e+02 1.793593868491500e-05
4.938081179004220e+02 1.794018588396713e-05
4.940149052194758e+02 1.794452622030581e-05
4.942216925385295e+02 1.794888128557360e-05
4.944284798575833e+02 1.795325776733782e-05
4.946352671766371e+02 1.795765640887670e-05
4.948420544956909e+02 1.796207766533780e-05
4.950488418147447e+02 1.796652129482497e-05
4.952556291337984e+02 1.797098761023881e-05
4.954624164528522e+02 1.797547560298090e-05
4.956692037719059e+02 1.797998492352110e-05
4.958759910909597e+02 1.798451529088455e-05
4.960827784100135e+02 1.798906439388403e-05
4.962895657290672e+02 1.799363115485424e-05
4.964963530481211e+02 1.799821268760677e-05
4.967031403671748e+02 1.800280512434290e-05
4.969099276862286e+02 1.800740312076314e-05
4.971167150052824e+02 1.801199599100075e-05
4.973235023243362e+02 1.801657112999608e-05
4.975302896433899e+02 1.802109780234566e-05
4.977370769624438e+02 1.802552315845006e-05
4.979438642814975e+02 1.802972522910908e-05
4.981506516005513e+02 1.803335227219655e-05
4.983574389196051e+02 1.803487055176063e-05
4.985642262386589e+02 1.799716023433758e-05
4.987710135577126e+02 1.806228264145083e-05
4.989778008767665e+02 1.808875038043526e-05
4.991845881958202e+02 1.806566021289139e-05
4.993913755148740e+02 1.806978417906095e-05
4.995981628339278e+02 1.807437747940688e-05
4.998049501529815e+02 1.807918898940110e-05
5.000117374720353e+02 1.808413449956128e-05
5.002185247910891e+02 1.808917293334817e-05
5.004253121101429e+02 1.809428537259924e-05
5.006320994291967e+02 1.809945923148428e-05
5.008388867482504e+02 1.810468744110088e-05
5.010456740673042e+02 1.810996517806469e-05
5.012524613863579e+02 1.811528976083105e-05
5.014592487054117e+02 1.812065878855658e-05
5.016660360244655e+02 1.812607094845536e-05
5.018728233435193e+02 1.813152565535317e-05
5.020796106625731e+02 1.813702197463736e-05
5.022863979816268e+02 1.814256021774224e-05
5.024931853006806e+02 1.814813913051618e-05
5.026999726197344e+02 1.815376033433656e-05
5.029067599387882e+02 1.815942209771732e-05
5.031135472578420e+02 1.816512627155330e-05
5.033203345768958e+02 1.817087263809896e-05
5.035271218959495e+02 1.817666233213201e-05
5.037339092150033e+02 1.818249988454381e-05
5.039406965340571e+02 1.818817229545825e-05
5.041474838531109e+02 1.819429829818251e-05
5.043542711721647e+02 1.820005162264674e-05
5.045610584912185e+02 1.820618266394747e-05
5.047678458102722e+02 1.821224122952298e-05
5.049746331293260e+02 1.821833570973878e-05
5.051814204483798e+02 1.822447234814455e-05
5.053882077674335e+02 1.823069385950276e-05
5.055949950864874e+02 1.823688304117539e-05
5.058017824055411e+02 1.824315530046092e-05
5.060085697245949e+02 1.824947438322877e-05
5.062153570436487e+02 1.825584098570161e-05
5.064221443627024e+02 1.826225529350106e-05
5.066289316817562e+02 1.826871814406620e-05
5.068357190008099e+02 1.827522942167095e-05
5.070425063198637e+02 1.828179025552111e-05
5.072492936389175e+02 1.828840109868772e-05
5.074560809579713e+02 1.829506158733507e-05
5.076628682770251e+02 1.830177272642807e-05
5.078696555960788e+02 1.830853423934726e-05
5.080764429151326e+02 1.831534634805402e-05
5.082832302341864e+02 1.832220847954740e-05
5.084900175532402e+02 1.832912022232042e-05
5.086968048722940e+02 1.833608145421736e-05
5.089035921913478e+02 1.834308810854791e-05
5.091103795104015e+02 1.835013599706521e-05
5.093171668294553e+02 1.835721986960108e-05
5.095239541485091e+02 1.836431436117431e-05
5.097307414675629e+02 1.837138512796744e-05
5.099375287866167e+02 1.837828638246715e-05
5.101443161056705e+02 1.838440343281181e-05
5.103511034247242e+02 1.850393943055007e-05
5.105578907437780e+02 1.840452526771131e-05
5.107646780628318e+02 1.841085297207206e-05
5.109714653818855e+02 1.841808133884791e-05
5.111782527009394e+02 1.842558351132188e-05
5.113850400199931e+02 1.843323404537258e-05
5.115918273390469e+02 1.844098928226830e-05
5.117986146581007e+02 1.844883261107624e-05
5.120054019771544e+02 1.845675335776797e-05
5.122121892962082e+02 1.846474628083626e-05
5.124189766152620e+02 1.847280698735576e-05
5.126257639343157e+02 1.848093184036519e-05
5.128325512533695e+02 1.848911627579477e-05
5.130393385724233e+02 1.849735531717461e-05
5.132461258914770e+02 1.850564269700913e-05
5.134529132105308e+02 1.851396857561134e-05
5.136597005295847e+02 1.852232040338085e-05
5.138664878486384e+02 1.853067709668388e-05
5.140732751676923e+02 1.853900971985743e-05
5.142800624867459e+02 1.854726562714612e-05
5.144868498057998e+02 1.855536147752763e-05
5.146936371248536e+02 1.856313553930673e-05
5.149004244439074e+02 1.857025491061292e-05
5.151072117629611e+02 1.857588886941208e-05
5.153139990820149e+02 1.857850100434627e-05
5.155207864010687e+02 1.855809805398087e-05
5.157275737201225e+02 1.877331326758391e-05
5.159343610391762e+02 1.865923154450566e-05
5.161411483582300e+02 1.865547108751499e-05
5.163479356772838e+02 1.866025295272491e-05
5.165547229963375e+02 1.866762888187700e-05
5.167615103153913e+02 1.867618779704680e-05
5.169682976344451e+02 1.868542435503603e-05
5.171750849534990e+02 1.869511415465133e-05
5.173818722725526e+02 1.870514294280249e-05
5.175886595916064e+02 1.871544925745346e-05
5.177954469106602e+02 1.872599613052565e-05
5.180022342297140e+02 1.873676254464797e-05
5.182090215487677e+02 1.874773550535210e-05
5.184158088678215e+02 1.875890906413387e-05
5.186225961868753e+02 1.877027980597472e-05
5.188293835059291e+02 1.878184738778801e-05
5.190361708249828e+02 1.879361441902783e-05
5.192429581440367e+02 1.880558396709415e-05
5.194497454630904e+02 1.881776169219045e-05
5.196565327821443e+02 1.883015277046243e-05
5.198633201011979e+02 1.884276748533320e-05
5.200701074202518e+02 1.885561296630150e-05
5.202768947393056e+02 1.886870122728746e-05
5.204836820583594e+02 1.888204203139736e-05
5.206904693774131e+02 1.889565507752262e-05
5.208972566964669e+02 1.890954175813372e-05
5.211040440155207e+02 1.892373330061303e-05
5.213108313345745e+02 1.893823027880150e-05
5.215176186536282e+02 1.895305420551887e-05
5.217244059726820e+02 1.896816497500520e-05
5.219311932917358e+02 1.898339654169112e-05
5.221379806107896e+02 1.900425410394971e-05
5.223447679298433e+02 1.901757264729877e-05
5.225515552488971e+02 1.903443647466610e-05
5.227583425679510e+02 1.905207779787036e-05
5.229651298870047e+02 1.907043988323503e-05
5.231719172060584e+02 1.908958229216949e-05
5.233787045251122e+02 1.910959977722570e-05
5.235854918441660e+02 1.913062042668812e-05
5.237922791632197e+02 1.915280592610892e-05
5.239990664822735e+02 1.917636338461558e-05
5.242058538013273e+02 1.920155991249805e-05
5.244126411203811e+02 1.922874685795725e-05
5.246194284394348e+02 1.925839512234407e-05
5.248262157584887e+02 1.929114880011146e-05
5.250330030775424e+02 1.932791813703933e-05
5.252397903965963e+02 1.937002612369471e-05
5.254465777156499e+02 1.941948200743099e-05
5.256533650347038e+02 1.947947912847744e-05
5.258601523537576e+02 1.955544468508187e-05
5.260669396728114e+02 1.965737024795797e-05
5.262737269918651e+02 1.980594013120068e-05
5.264805143109189e+02 2.005201340802771e-05
5.266873016299727e+02 2.056330286606106e-05
5.268940889490265e+02 2.241256605337459e-05
5.271008762680802e+02 1.019690239499319e-05
5.273076635871340e+02 1.737583976521278e-05
5.275144509061878e+02 1.822178142921288e-05
5.277212382252416e+02 1.855972935671967e-05
5.279280255442953e+02 1.874684612871150e-05
5.281348128633491e+02 1.886937032657417e-05
5.283416001824030e+02 1.895836305213913e-05
5.285483875014567e+02 1.902777267974767e-05
5.287551748205104e+02 1.908478895133197e-05
5.289619621395642e+02 1.913350022264235e-05
5.291687494586180e+02 1.917639806457261e-05
5.293755367776718e+02 1.921509188942476e-05
5.295823240967255e+02 1.925066506446420e-05
5.297891114157793e+02 1.928387573988958e-05
5.299958987348331e+02 1.931526832812890e-05
5.302026860538869e+02 1.934524554293578e-05
5.304094733729407e+02 1.937411146294451e-05
5.306162606919944e+02 1.940209838192165e-05
5.308230480110483e+02 1.942938963361837e-05
5.310298353301019e+02 1.945612812238771e-05
5.312366226491558e+02 1.948243712246651e-05
5.314434099682096e+02 1.950841133569866e-05
5.316501972872634e+02 1.953415350066604e-05
5.318569846063172e+02 1.955977676232272e-05
5.320637719253709e+02 1.958556274300639e-05
5.322705592444247e+02 1.961351926065532e-05
5.324773465634785e+02 1.962935183567933e-05
5.326841338825323e+02 1.965725966843605e-05
5.328909212015860e+02 1.968258228274838e-05
5.330977085206398e+02 1.970743945801700e-05
5.333044958396936e+02 1.973208219821215e-05
5.335112831587473e+02 1.975654113516294e-05
5.337180704778011e+02 1.978083793938988e-05
5.339248577968550e+02 1.980493214493890e-05
5.341316451159087e+02 1.982878631671085e-05
5.343384324349624e+02 1.985234050891503e-05
5.345452197540162e+02 1.987551631973547e-05
5.347520070730700e+02 1.989821037543173e-05
5.349587943921238e+02 1.992029371459013e-05
5.351655817111775e+02 1.994159924380651e-05
5.353723690302313e+02 1.996191394503715e-05
5.355791563492851e+02 1.998096306991411e-05
5.357859436683389e+02 1.999838986460243e-05
5.359927309873927e+02 2.001372517234851e-05
5.361995183064464e+02 2.002634097130330e-05
5.364063056255003e+02 2.003538693951699e-05
5.366130929445540e+02 2.003967870252342e-05
5.368198802636078e+02 2.003752939963487e-05
5.370266675826616e+02 2.002644973634106e-05
5.372334549017154e+02 2.000263226926009e-05
5.374402422207692e+02 1.995993173949605e-05
5.376470295398228e+02 1.988779894454396e-05
5.378538168588767e+02 1.976647739358232e-05
5.380606041779305e+02 1.955424094315001e-05
5.382673914969843e+02 1.914535839599863e-05
5.384741788160380e+02 1.817060963730324e-05
5.386809661350918e+02 1.412478205463201e-05
5.388877534541456e+02 3.075234563696684e-05
5.390945407731994e+02 2.396269093806308e-05
5.393013280922531e+02 2.278276531804639e-05
5.395081154113070e+02 2.232271233328456e-05
5.397149027303607e+02 2.209589554021796e-05
5.399216900494145e+02 2.197413443935419e-05
5.401284773684682e+02 2.190906017616455e-05
5.403352646875220e+02 2.187840328643346e-05
5.405420520065758e+02 2.187049518802889e-05
5.407488393256295e+02 2.187865847244342e-05
5.409556266446833e+02 2.189880431817984e-05
5.411624139637371e+02 2.192830641369357e-05
5.413692012827909e+02 2.196541070757375e-05
5.415759886018448e+02 2.200891438878720e-05
5.417827759208984e+02 2.205797423967137e-05
5.419895632399523e+02 2.211198834959461e-05
5.421963505590060e+02 2.217052541208624e-05
5.424031378780599e+02 2.223326384382778e-05
5.426099251971136e+02 2.229996333686842e-05
5.428167125161674e+02 2.237037886910014e-05
5.430234998352212e+02 2.244420203168630e-05
5.432302871542748e+02 2.252063566227961e-05
5.434370744733287e+02 2.259653634395006e-05
5.436438617923825e+02 2.263976442074683e-05
5.438506491114363e+02 2.289560446212261e-05
5.440574364304900e+02 2.305523883232633e-05
5.442642237495438e+02 2.291935573339211e-05
5.444710110685976e+02 2.306087818056754e-05
5.446777983876514e+02 2.317688085783154e-05
5.448845857067051e+02 2.329256982979790e-05
5.450913730257590e+02 2.341158613259233e-05
5.452981603448127e+02 2.353509152045325e-05
5.455049476638665e+02 2.366373348464707e-05
5.457117349829202e+02 2.379797073958830e-05
5.459185223019740e+02 2.393822854409464e-05
5.461253096210278e+02 2.408492528749562e-05
5.463320969400816e+02 2.423850410148585e-05
5.465388842591353e+02 2.439943521496706e-05
5.467456715781891e+02 2.456823272803012e-05
5.469524588972429e+02 2.474545791990756e-05
5.471592462162968e+02 2.493172700744148e-05
5.473660335353504e+02 2.512771948476474e-05
5.475728208544043e+02 2.533418393665160e-05
5.477796081734580e+02 2.555195630393656e-05
5.479863954925119e+02 2.578196032902722e-05
5.481931828115656e+02 2.602522759082581e-05
5.483999701306193e+02 2.628291170589927e-05
5.486067574496732e+02 2.655630963538430e-05
5.488135447687268e+02 2.684686598616286e-05
5.490203320877807e+02 2.715621637312475e-05
5.492271194068345e+02 2.748631236373520e-05
5.494339067258883e+02 2.783912441203538e-05
5.496406940449421e+02 2.821715237098191e-05
5.498474813639958e+02 2.862316784443770e-05
5.500542686830496e+02 2.906041954083189e-05
5.502610560021034e+02 2.953206234006117e-05
5.504678433211571e+02 3.004293695949437e-05
5.506746306402110e+02 3.059961047070334e-05
5.508814179592647e+02 3.120510232425202e-05
5.510882052783185e+02 3.186809874324312e-05
5.512949925973722e+02 3.259694960013436e-05
5.515017799164260e+02 3.340187640586265e-05
5.517085672354798e+02 3.429539523549167e-05
5.519153545545336e+02 3.529288541124851e-05
5.521221418735873e+02 3.641354658696177e-05
5.523289291926411e+02 3.768157575692860e-05
5.525357165116949e+02 3.912795704580816e-05
5.527425038307488e+02 4.079299581086717e-05
5.529492911498024e+02 4.273011178947703e-05
5.531560784688563e+02 4.501163859975442e-05
5.533628657879100e+02 4.773798192170194e-05
5.535696531069639e+02 5.105273431557843e-05
5.537764404260176e+02 5.516860813132358e-05
5.539832277450713e+02 6.041480293447707e-05
5.541900150641252e+02 6.732909114591610e-05
5.543968023831789e+02 7.685459362923775e-05
5.546035897022327e+02 9.080919263656951e-05
5.548103770212865e+02 1.132070419606818e-04
5.550171643403403e+02 1.550076253124903e-04
5.552239516593941e+02 2.605863492727211e-04
5.554307389784478e+02 1.042892300634570e-03
5.556375262975016e+02 4.490287061747405e-04
5.558443136165554e+02 1.734757823106510e-04
5.560511009356092e+02 1.029607335578228e-04
5.562578882546630e+02 7.072412217928215e-05
5.564646755737167e+02 5.227848670858116e-05
5.566714628927705e+02 4.035710835246862e-05
5.568782502118243e+02 3.204093926550373e-05
5.570850375308780e+02 2.593126711137304e-05
5.572918248499318e+02 2.127552015434234e-05
5.574986121689856e+02 1.763442055350577e-05
5.577053994880393e+02 1.473617576934302e-05
5.579121868070931e+02 1.240572033071874e-05
5.581189741261469e+02 1.052747410151786e-05
5.583257614452008e+02 9.024254887518125e-06
5.585325487642544e+02 7.844091683174038e-06
5.587393360833083e+02 6.950661128527463e-06
5.589461234023620e+02 6.315025110323370e-06
5.591529107214159e+02 5.908471723246705e-06
5.593596980404697e+02 5.697962162847245e-06
5.595664853595233e+02 5.645954968424513e-06
5.597732726785772e+02 5.714055216069782e-06
5.599800599976309e+02 5.867438295302623e-06
5.601868473166847e+02 6.077597130993456e-06
5.603936346357385e+02 6.321996934833875e-06
5.606004219547923e+02 6.589989227085648e-06
5.608072092738461e+02 6.864517628644632e-06
5.610139965928998e+02 7.141118102591248e-06
5.612207839119536e+02 7.415258312346821e-06
5.614275712310074e+02 7.683665390143938e-06
5.616343585500612e+02 7.944440074549696e-06
5.618411458691151e+02 8.196393967864236e-06
5.620479331881687e+02 8.439419910483204e-06
5.622547205072225e+02 8.672653475603442e-06
5.624615078262763e+02 8.896455183243010e-06
5.626682951453300e+02 9.110959669909453e-06
5.628750824643838e+02 9.316451451370495e-06
5.630818697834376e+02 9.513256270667276e-06
5.632886571024914e+02 9.701752265226463e-06
5.634954444215451e+02 9.882314239054128e-06
5.637022317405989e+02 1.005533633175434e-05
5.639090190596528e+02 1.022119692357732e-05
5.641158063787065e+02 1.038026769524773e-05
5.643225936977603e+02 1.053290539192477e-05
5.645293810168140e+02 1.067944994034442e-05
5.647361683358678e+02 1.082022658898950e-05
5.649429556549217e+02 1.095553782456608e-05
5.651497429739753e+02 1.108567446876810e-05
5.653565302930292e+02 1.121090305908762e-05
5.655633176120829e+02 1.133148079556804e-05
5.657701049311368e+02 1.144762346492274e-05
5.659768922501905e+02 1.155953610742013e-05
5.661836795692443e+02 1.166733861021030e-05
5.663904668882981e+02 1.177096590701736e-05
5.665972542073519e+02 1.186930564692648e-05
5.668040415264056e+02 1.194107310337928e-05
5.670108288454594e+02 1.209266152428549e-05
5.672176161645132e+02 1.229986307401307e-05
5.674244034835671e+02 1.223027808345025e-05
5.676311908026207e+02 1.232343809573089e-05
5.678379781216745e+02 1.240822986042138e-05
5.680447654407283e+02 1.248928178633196e-05
5.682515527597820e+02 1.256746869268597e-05
5.684583400788358e+02 1.264314374827180e-05
5.686651273978896e+02 1.271648858220714e-05
5.688719147169434e+02 1.278764559885673e-05
5.690787020359971e+02 1.285672459333653e-05
5.692854893550509e+02 1.292382200754723e-05
5.694922766741048e+02 1.298902149017521e-05
5.696990639931585e+02 1.305239755869617e-05
5.699058513122123e+02 1.311401852463923e-05
5.701126386312660e+02 1.317394138489656e-05
5.703194259503198e+02 1.323221461956003e-05
5.705262132693737e+02 1.328887222140787e-05
5.707330005884273e+02 1.334392990971325e-05
5.709397879074812e+02 1.339736828339524e-05
5.711465752265349e+02 1.344910280856048e-05
5.713533625455888e+02 1.349891782591927e-05
5.715601498646425e+02 1.354623139403741e-05
5.717669371836963e+02 1.358924853313706e-05
5.719737245027501e+02 1.361919919453578e-05
5.721805118218039e+02 1.310339734814064e-05
5.723872991408576e+02 1.379218840827255e-05
5.725940864599114e+02 1.381372276678096e-05
5.728008737789652e+02 1.385219471957638e-05
5.730076610980190e+02 1.389191281259518e-05
5.732144484170727e+02 1.393205702748066e-05
5.734212357361265e+02 1.397199389552413e-05
5.736280230551803e+02 1.401146514779187e-05
5.738348103742341e+02 1.405035927852761e-05
5.740415976932878e+02 1.408862240330856e-05
5.742483850123416e+02 1.412623631536959e-05
5.744551723313954e+02 1.416319689582280e-05
5.746619596504491e+02 1.419951138372784e-05
5.748687469695029e+02 1.423518938124481e-05
5.750755342885568e+02 1.427024784511545e-05
5.752823216076105e+02 1.430470256436000e-05
5.754891089266644e+02 1.433857199884768e-05
5.756958962457180e+02 1.437187531352605e-05
5.759026835647718e+02 1.440463173643767e-05
5.761094708838257e+02 1.443686196695194e-05
5.763162582028793e+02 1.446858480414357e-05
5.765230455219332e+02 1.449982239665367e-05
5.767298328409869e+02 1.453059528304567e-05
5.769366201600408e+02 1.456092640996041e-05
5.771434074790945e+02 1.459084040963797e-05
5.773501947981483e+02 1.462035341502496e-05
5.775569821172021e+02 1.464950174613978e-05
5.777637694362559e+02 1.467831759048501e-05
5.779705567553096e+02 1.470684809149510e-05
5.781773440743634e+02 1.473518685271422e-05
5.783841313934172e+02 1.476368681327489e-05
5.785909187124710e+02 1.480593473875860e-05
5.787977060315247e+02 1.481539347345657e-05
5.790044933505785e+02 1.484347998399701e-05
5.792112806696323e+02 1.487075096844078e-05
5.794180679886861e+02 1.489778404024681e-05
5.796248553077398e+02 1.492470431878624e-05
5.798316426267936e+02 1.495159848331606e-05
5.800384299458474e+02 1.497854138545116e-05
5.802452172649012e+02 1.500562043228458e-05
5.804520045839549e+02 1.503293436209082e-05
5.806587919030088e+02 1.506060258797724e-05
5.808655792220625e+02 1.508877304047560e-05
5.810723665411163e+02 1.511763212141658e-05
5.812791538601700e+02 1.514742326350575e-05
5.814859411792238e+02 1.517846528661414e-05
5.816927284982777e+02 1.521119442468729e-05
5.818995158173313e+02 1.524621893499424e-05
5.821063031363852e+02 1.528441907197728e-05
5.823130904554389e+02 1.532711761085348e-05
5.825198777744928e+02 1.537640368081899e-05
5.827266650935466e+02 1.543579034811922e-05
5.829334524126003e+02 1.551166158073477e-05
5.831402397316541e+02 1.561701098156899e-05
5.833470270507079e+02 1.578292556486594e-05
5.835538143697617e+02 1.610706306978493e-05
5.837606016888154e+02 1.713514477927588e-05
5.839673890078692e+02 7.674600461838187e-06
5.841741763269230e+02 1.383406047666116e-05
5.843809636459767e+02 1.452749469022163e-05
5.845877509650305e+02 1.478936020320838e-05
5.847945382840843e+02 1.493239670530390e-05
5.850013256031381e+02 1.502589672872029e-05
5.852081129221918e+02 1.509398574811896e-05
5.854149002412456e+02 1.514727236416262e-05
5.856216875602994e+02 1.519114712778729e-05
5.858284748793532e+02 1.522864557645676e-05
5.860352621984069e+02 1.526160396097357e-05
5.862420495174608e+02 1.529120187617614e-05
5.864488368365145e+02 1.531823115649624e-05
5.866556241555683e+02 1.534324328353060e-05
5.868624114746220e+02 1.536663520148458e-05
5.870691987936758e+02 1.538870000688173e-05
5.872759861127297e+02 1.540965901178356e-05
5.874827734317834e+02 1.542968328219594e-05
5.876895607508372e+02 1.544890637419450e-05
5.878963480698909e+02 1.546743705305475e-05
5.881031353889448e+02 1.548536324780624e-05
5.883099227079986e+02 1.550276185426354e-05
5.885167100270523e+02 1.551971048588439e-05
5.887234973461061e+02 1.553636018831182e-05
5.889302846651599e+02 1.554890739370890e-05
5.891370719842137e+02 1.556747049207216e-05
5.893438593032674e+02 1.558300741682658e-05
5.895506466223212e+02 1.559815449051818e-05
5.897574339413750e+02 1.561300727846571e-05
5.899642212604288e+02 1.562759620173623e-05
5.901710085794825e+02 1.564196248812879e-05
5.903777958985363e+02 1.565611546273236e-05
5.905845832175901e+02 1.567006867332016e-05
5.907913705366439e+02 1.568384834326080e-05
5.909981578556976e+02 1.569747429474552e-05
5.912049451747514e+02 1.571096117785557e-05
5.914117324938052e+02 1.572432663163915e-05
5.916185198128589e+02 1.573759176841492e-05
5.918253071319127e+02 1.575077783107157e-05
5.920320944509665e+02 1.576390987988677e-05
5.922388817700203e+02 1.577701719316667e-05
5.924456690890740e+02 1.579013473017606e-05
5.926524564081278e+02 1.580330756264323e-05
5.928592437271817e+02 1.581659061100305e-05
5.930660310462354e+02 1.583006049799591e-05
5.932728183652893e+02 1.584382012723072e-05
5.934796056843429e+02 1.585801821579685e-05
5.936863930033968e+02 1.587287537010076e-05
5.938931803224506e+02 1.588874001935965e-05
5.940999676415043e+02 1.590619441467579e-05
5.943067549605581e+02 1.592629537776701e-05
5.945135422796119e+02 1.595119433247691e-05
5.947203295986657e+02 1.598603744638475e-05
5.949271169177194e+02 1.604701469838760e-05
5.951339042367732e+02 1.622524578500446e-05
5.953406915558270e+02 1.398405223454689e-05
5.955474788748808e+02 1.569455984286528e-05
5.957542661939345e+02 1.581449968020841e-05
5.959610535129883e+02 1.586523553522984e-05
5.961678408320421e+02 1.589583682910141e-05
5.963746281510959e+02 1.591818074495764e-05
5.965814154701496e+02 1.593626992565774e-05
5.967882027892034e+02 1.595186005435905e-05
5.969949901082572e+02 1.596584066686053e-05
5.972017774273110e+02 1.597871572731208e-05
5.974085647463647e+02 1.599078691754257e-05
5.976153520654185e+02 1.600225145495985e-05
5.978221393844723e+02 1.601323984880493e-05
5.980289267035261e+02 1.602384430057322e-05
5.982357140225798e+02 1.603413091793458e-05
5.984425013416336e+02 1.604414893556376e-05
5.986492886606874e+02 1.605393554349062e-05
5.988560759797413e+02 1.606351964502580e-05
5.990628632987949e+02 1.607292359325274e-05
5.992696506178488e+02 1.608216644484073e-05
5.994764379369026e+02 1.609126226090745e-05
5.996832252559564e+02 1.610022395427335e-05
5.998900125750101e+02 1.610906272842282e-05
6.000967998940639e+02 1.611778857167889e-05
6.003035872131177e+02 1.612641865473451e-05
6.005103745321715e+02 1.613500244407719e-05
6.007171618512252e+02 1.614307841971821e-05
6.009239491702790e+02 1.615153586783361e-05
6.011307364893328e+02 1.615980077621667e-05
6.013375238083865e+02 1.616795022958630e-05
6.015443111274403e+02 1.617601870245092e-05
6.017510984464941e+02 1.618400421388199e-05
6.019578857655479e+02 1.619191768284287e-05
6.021646730846016e+02 1.619975335143941e-05
6.023714604036554e+02 1.620752143522908e-05
6.025782477227092e+02 1.621521964357858e-05
6.027850350417630e+02 1.622285078874898e-05
6.029918223608167e+02 1.623041731098752e-05
6.031986096798705e+02 1.623792011415135e-05
6.034053969989243e+02 1.624536111980718e-05
6.036121843179781e+02 1.625274173279862e-05
6.038189716370318e+02 1.626006336534995e-05
6.040257589560856e+02 1.626732786014899e-05
6.042325462751394e+02 1.627453511881405e-05
6.044393335941933e+02 1.628168760779548e-05
6.046461209132469e+02 1.628878535328404e-05
6.048529082323008e+02 1.629582977999878e-05
6.050596955513546e+02 1.630282133805994e-05
6.052664828704084e+02 1.630976148192371e-05
6.054732701894621e+02 1.631664804230751e-05
6.056800575085159e+02 1.632350414360408e-05
6.058868448275697e+02 1.633028791429384e-05
6.060936321466235e+02 1.633702939308943e-05
6.063004194656772e+02 1.634372327763387e-05
6.065072067847310e+02 1.635036742296270e-05
6.067139941037848e+02 1.635704524137385e-05
6.069207814228386e+02 1.636357115295712e-05
6.071275687418923e+02 1.636995252830436e-05
6.073343560609461e+02 1.637647578052530e-05
6.075411433799999e+02 1.638290079013031e-05
6.077479306990537e+02 1.638927651872804e-05
6.079547180181074e+02 1.639560517116117e-05
6.081615053371612e+02 1.640188855999095e-05
6.083682926562150e+02 1.640812533213154e-05
6.085750799752687e+02 1.641431730337618e-05
6.087818672943225e+02 1.642046128635358e-05
6.089886546133763e+02 1.642655866486540e-05
6.091954419324301e+02 1.643260639696426e-05
6.094022292514838e+02 1.643860347050027e-05
6.096090165705376e+02 1.644454666777239e-05
6.098158038895914e+02 1.645043257062407e-05
6.100225912086453e+02 1.645625572262930e-05
6.102293785276989e+02 1.646200865250893e-05
6.104361658467528e+02 1.646768021850894e-05
6.106429531658065e+02 1.647325447467183e-05
6.108497404848604e+02 1.647870488285286e-05
6.110565278039142e+02 1.648398982678714e-05
6.112633151229679e+02 1.648903478318961e-05
6.114701024420217e+02 1.649369426576939e-05
6.116768897610755e+02 1.649763848765313e-05
6.118836770801292e+02 1.649978120770816e-05
6.120904643991830e+02 1.650028516785583e-05
6.122972517182368e+02 1.646485603997032e-05
6.125040390372907e+02 1.657435312472737e-05
6.127108263563443e+02 1.655032359887030e-05
6.129176136753981e+02 1.654940463551978e-05
6.131244009944519e+02 1.655209286268793e-05
6.133311883135057e+02 1.655600104245704e-05
6.135379756325594e+02 1.656045211678374e-05
6.137447629516132e+02 1.656518998575075e-05
6.139515502706670e+02 1.657008744723668e-05
6.141583375897208e+02 1.657508015367634e-05
6.143651249087745e+02 1.658013044754536e-05
6.145719122278283e+02 1.658521379862387e-05
6.147786995468821e+02 1.659031552513256e-05
6.149854868659359e+02 1.659542496992900e-05
6.151922741849896e+02 1.660053526073219e-05
6.153990615040434e+02 1.660564130031869e-05
6.156058488230973e+02 1.661073868991309e-05
6.158126361421510e+02 1.661582563924106e-05
6.160194234612048e+02 1.662089901127023e-05
6.162262107802585e+02 1.662595758020212e-05
6.164329980993124e+02 1.663099994010711e-05
6.166397854183662e+02 1.663602544855379e-05
6.168465727374199e+02 1.664103234499258e-05
6.170533600564737e+02 1.664602010654241e-05
6.172601473755275e+02 1.665097865938643e-05
6.174669346945813e+02 1.665596505749589e-05
6.176737220136350e+02 1.666088778957735e-05
6.178805093326888e+02 1.666579926793196e-05
6.180872966517427e+02 1.667069182555461e-05
6.182940839707964e+02 1.667556610091975e-05
6.185008712898501e+02 1.668041450664865e-05
6.187076586089039e+02 1.668525036252125e-05
6.189144459279577e+02 1.669006336974722e-05
6.191212332470114e+02 1.669485662690039e-05
6.193280205660652e+02 1.669962902750777e-05
6.195348078851190e+02 1.670438117543875e-05
6.197415952041728e+02 1.670911205168014e-05
6.199483825232265e+02 1.671382283859285e-05
6.201551698422803e+02 1.671851118489989e-05
6.203619571613341e+02 1.672317891398531e-05
6.205687444803879e+02 1.672782361186965e-05
6.207755317994416e+02 1.673244588038526e-05
6.209823191184954e+02 1.673704394983644e-05
6.211891064375493e+02 1.674161714405165e-05
6.213958937566030e+02 1.674616327006632e-05
6.216026810756568e+02 1.675068003728806e-05
6.218094683947105e+02 1.675516367034644e-05
6.220162557137644e+02 1.675960902799690e-05
6.222230430328182e+02 1.676400703579950e-05
6.224298303518719e+02 1.676834445535738e-05
6.226366176709257e+02 1.677259702705437e-05
6.228434049899795e+02 1.677671833929589e-05
6.230501923090333e+02 1.678060943875981e-05
6.232569796280870e+02 1.678400540698174e-05
6.234637669471408e+02 1.678590428625765e-05
6.236705542661947e+02 1.677600439501459e-05
6.238773415852484e+02 1.681642076469823e-05
6.240841289043021e+02 1.681093035810680e-05
6.242909162233559e+02 1.681312426028809e-05
6.244977035424096e+02 1.681652016825594e-05
6.247044908614635e+02 1.682032440482493e-05
6.249112781805172e+02 1.682430654863336e-05
6.251180654995710e+02 1.682838107472030e-05
6.253248528186248e+02 1.683250373333047e-05
6.255316401376786e+02 1.683665320200601e-05
6.257384274567323e+02 1.684081706812175e-05
6.259452147757861e+02 1.684498622515325e-05
6.261520020948399e+02 1.684915636458350e-05
6.263587894138936e+02 1.685332347265960e-05
6.265655767329474e+02 1.685748560216324e-05
6.267723640520013e+02 1.686164079251781e-05
6.269791513710550e+02 1.686578776889789e-05
6.271859386901089e+02 1.686992613725056e-05
6.273927260091625e+02 1.687405446784524e-05
6.275995133282164e+02 1.687817256607401e-05
6.278063006472702e+02 1.688228008138443e-05
6.280130879663240e+02 1.688637652306804e-05
6.282198752853777e+02 1.689046138145808e-05
6.284266626044315e+02 1.689453483205652e-05
6.286334499234853e+02 1.689859228732671e-05
6.288402372425390e+02 1.690265495916267e-05
6.290470245615928e+02 1.690666422648330e-05
6.292538118806467e+02 1.691072776236418e-05
6.294605991997004e+02 1.691474227764887e-05
6.296673865187541e+02 1.691874736817785e-05
6.298741738378079e+02 1.692274083240985e-05
6.300809611568616e+02 1.692672356060817e-05
6.302877484759155e+02 1.693069440985277e-05
6.304945357949692e+02 1.693465440271318e-05
6.307013231140230e+02 1.693860284078975e-05
6.309081104330768e+02 1.694254014608229e-05
6.311148977521306e+02 1.694646609236103e-05
6.313216850711843e+02 1.695038126663671e-05
6.315284723902381e+02 1.695428456305328e-05
6.317352597092919e+02 1.695817757656877e-05
6.319420470283457e+02 1.696205868875830e-05
6.321488343473994e+02 1.696592923890830e-05
6.323556216664533e+02 1.696978824444114e-05
6.325624089855070e+02 1.697363646110377e-05
6.327691963045609e+02 1.697747316697238e-05
6.329759836236145e+02 1.698129871799225e-05
6.331827709426684e+02 1.698511262679919e-05
6.333895582617222e+02 1.698891476697081e-05
6.335963455807760e+02 1.699270413898524e-05
6.338031328998297e+02 1.699648024920752e-05
6.340099202188835e+02 1.700024090621519e-05
6.342167075379373e+02 1.700398239657135e-05
6.344234948569911e+02 1.700769759495861e-05
6.346302821760448e+02 1.701136456771322e-05
6.348370694950987e+02 1.701490429712655e-05
6.350438568141524e+02 1.701747245650545e-05
6.352506441332062e+02 1.702403545601479e-05
6.354574314522599e+02 1.702699565477222e-05
6.356642187713136e+02 1.703053029626648e-05
6.358710060903675e+02 1.703414930925066e-05
6.360777934094211e+02 1.703779204629982e-05
6.362845807284750e+02 1.704144015269683e-05
6.364913680475288e+02 1.704508816150952e-05
6.366981553665826e+02 1.704873172574970e-05
6.369049426856363e+02 1.705236962423316e-05
6.371117300046901e+02 1.705600143706419e-05
6.373185173237439e+02 1.705962550559218e-05
6.375253046427977e+02 1.706324239209114e-05
6.377320919618514e+02 1.706685126891565e-05
6.379388792809053e+02 1.707045241078138e-05
6.381456665999590e+02 1.707404545560842e-05
6.383524539190129e+02 1.707763062031497e-05
6.385592412380665e+02 1.708120802843614e-05
6.387660285571204e+02 1.708477730859591e-05
6.389728158761742e+02 1.708833870672178e-05
6.391796031952280e+02 1.709189236230387e-05
6.393863905142817e+02 1.709543780512198e-05
6.395931778333355e+02 1.709897552255540e-05
6.397999651523893e+02 1.710250559988879e-05
6.400067524714431e+02 1.710602774622084e-05
6.402135397904968e+02 1.710954273733440e-05
6.404203271095507e+02 1.711305257596535e-05
6.406271144286044e+02 1.711655006028873e-05
6.408339017476582e+02 1.712036886304519e-05
6.410406890667119e+02 1.712352036012714e-05
6.412474763857656e+02 1.712699826715525e-05
6.414542637048195e+02 1.713046835644072e-05
6.416610510238731e+02 1.713393041352144e-05
6.418678383429270e+02 1.713738543313560e-05
6.420746256619808e+02 1.714083302959625e-05
6.422814129810346e+02 1.714427345721842e-05
6.424882003000884e+02 1.714770691690004e-05
6.426949876191421e+02 1.715113332658820e-05
6.429017749381959e+02 1.715455254667787e-05
6.431085622572497e+02 1.715796528700061e-05
6.433153495763034e+02 1.716137059056055e-05
6.435221368953573e+02 1.716476953198103e-05
6.437289242144110e+02 1.716816128293547e-05
6.439357115334649e+02 1.717154669540298e-05
6.441424988525185e+02 1.717492506749099e-05
6.443492861715724e+02 1.717829714956768e-05
6.445560734906262e+02 1.718166250420196e-05
6.447628608096800e+02 1.718502148549565e-05
6.449696481287338e+02 1.718837386703186e-05
6.451764354477875e+02 1.719172007767394e-05
6.453832227668413e+02 1.719505990998240e-05
6.455900100858951e+02 1.719839310862684e-05
6.457967974049488e+02 1.720172088707027e-05
6.460035847240027e+02 1.720504135396870e-05
6.462103720430564e+02 1.720835651268947e-05
6.464171593621102e+02 1.721166512691951e-05
6.466239466811639e+02 1.721496789744527e-05
6.468307340002176e+02 1.721826474511647e-05
6.470375213192715e+02 1.722155537481072e-05
6.472443086383252e+02 1.722484037388672e-05
6.474510959573790e+02 1.722811944840223e-05
6.476578832764328e+02 1.723139253581762e-05
6.478646705954866e+02 1.723466014385798e-05
6.480714579145404e+02 1.723792179075950e-05
6.482782452335941e+02 1.724117779385763e-05
6.484850325526479e+02 1.724442854425145e-05
6.486918198717017e+02 1.724767331491907e-05
6.488986071907555e+02 1.725091286883577e-05
6.491053945098093e+02 1.725414673011636e-05
6.493121818288630e+02 1.725737516808436e-05
6.495189691479169e+02 1.726059806727345e-05
6.497257564669706e+02 1.726381567682464e-05
6.499325437860244e+02 1.726702803849040e-05
6.501393311050782e+02 1.727023506082401e-05
6.503461184241320e+02 1.727343695091782e-05
6.505529057431858e+02 1.727663380511546e-05
6.507596930622395e+02 1.727982513693688e-05
6.509664803812933e+02 1.728301169858648e-05
6.511732677003471e+02 1.728619292623634e-05
6.513800550194009e+02 1.728936916651477e-05
6.515868423384546e+02 1.729254055481166e-05
6.517936296575084e+02 1.729570823371040e-05
6.520004169765622e+02 1.729886767622240e-05
6.522072042956160e+02 1.730222352355546e-05
6.524139916146696e+02 1.730517735992111e-05
6.526207789337235e+02 1.730832388587250e-05
6.528275662527772e+02 1.731146618919249e-05
6.530343535718310e+02 1.731460345361403e-05
6.532411408908848e+02 1.731773627876619e-05
6.534479282099386e+02 1.732086434512409e-05
6.536547155289924e+02 1.732398777018320e-05
6.538615028480461e+02 1.732710685904996e-05
6.540682901670999e+02 1.733022117039796e-05
6.542750774861537e+02 1.733333119474938e-05
6.544818648052075e+02 1.733643678353862e-05
6.546886521242614e+02 1.733953773174897e-05
6.548954394433150e+02 1.734263454701988e-05
6.551022267623689e+02 1.734572668347766e-05
6.553090140814226e+02 1.734881479532478e-05
6.555158014004764e+02 1.735189824189700e-05
6.557225887195302e+02 1.735497780492059e-05
6.559293760385840e+02 1.735805287208466e-05
6.561361633576378e+02 1.736112390441327e-05
6.563429506766915e+02 1.736419066791234e-05
6.565497379957453e+02 1.736725345172660e-05
6.567565253147991e+02 1.737031204679597e-05
6.569633126338529e+02 1.737336645516520e-05
6.571700999529066e+02 1.737641745353011e-05
6.573768872719604e+02 1.737946340517434e-05
6.575836745910142e+02 1.738250633933935e-05
6.577904619100680e+02 1.738554470733959e-05
6.579972492291216e+02 1.738857958796042e-05
6.582040365481755e+02 1.739161026120550e-05
6.584108238672292e+02 1.739463731987271e-05
6.586176111862831e+02 1.739766044830491e-05
6.588243985053368e+02 1.740067991890397e-05
6.590311858243906e+02 1.740369545343836e-05
6.592379731434444e+02 1.740670749578401e-05
6.594447604624982e+02 1.740971556563467e-05
6.596515477815519e+02 1.741272010386916e-05
6.598583351006057e+02 1.741572110392260e-05
6.600651224196595e+02 1.741871833104916e-05
6.602719097387134e+02 1.742171217512351e-05
6.604786970577670e+02 1.742470237649238e-05
6.606854843768209e+02 1.742768901854619e-05
6.608922716958746e+02 1.743067210883123e-05
6.610990590149285e+02 1.743365170142694e-05
6.613058463339822e+02 1.743662787942568e-05
6.615126336530360e+02 1.743960057419621e-05
6.617194209720898e+02 1.744257001341155e-05
6.619262082911436e+02 1.744553615131134e-05
6.621329956101973e+02 1.744849873631618e-05
6.623397829292511e+02 1.745145835975961e-05
6.625465702483049e+02 1.745441426807310e-05
6.627533575673586e+02 1.745736718646966e-05
6.629601448864124e+02 1.746031665172038e-05
6.631669322054662e+02 1.746326300904138e-05
6.633737195245200e+02 1.746620594314882e-05
6.635805068435736e+02 1.746918178721541e-05
6.637872941626275e+02 1.747208407908667e-05
6.639940814816812e+02 1.747501757008941e-05
6.642008688007351e+02 1.747794839317630e-05
6.644076561197888e+02 1.748087591038712e-05
6.646144434388426e+02 1.748380056653868e-05
6.648212307578964e+02 1.748672210891241e-05
6.650280180769502e+02 1.748964064596131e-05
6.652348053960039e+02 1.749255638679454e-05
6.654415927150577e+02 1.749546892633249e-05
6.656483800341115e+02 1.749837893685750e-05
6.658551673531654e+02 1.750128578660572e-05
6.660619546722190e+02 1.750418989513250e-05
6.662687419912729e+02 1.750709116966926e-05
6.664755293103266e+02 1.750998946119897e-05
6.666823166293805e+02 1.751288511952414e-05
6.668891039484342e+02 1.751577771010702e-05
6.670958912674880e+02 1.751866787493010e-05
6.673026785865418e+02 1.752155499945526e-05
6.675094659055956e+02 1.752443961014089e-05
6.677162532246493e+02 1.752732142925111e-05
6.679230405437031e+02 1.753020065402116e-05
6.681298278627569e+02 1.753307711985434e-05
6.683366151818107e+02 1.753595097733648e-05
6.685434025008644e+02 1.753882252933173e-05
6.687501898199182e+02 1.754169084736244e-05
6.689569771389720e+02 1.754455751946444e-05
6.691637644580256e+02 1.754742103099033e-05
6.693705517770795e+02 1.755028108800507e-05
6.695773390961332e+02 1.755313984430592e-05
6.697841264151871e+02 1.755599611513965e-05
6.699909137342408e+02 1.755884948955405e-05
6.701977010532946e+02 1.756170080580162e-05
6.704044883723484e+02 1.756454931145586e-05
6.706112756914022e+02 1.756739579053337e-05
6.708180630104559e+02 1.757023949409441e-05
6.710248503295097e+02 1.757308108921957e-05
6.712316376485635e+02 1.757592018613037e-05
6.714384249676174e+02 1.757875699289454e-05
6.716452122866710e+02 1.758159152666592e-05
6.718519996057249e+02 1.758442376914697e-05
6.720587869247786e+02 1.758725371606862e-05
6.722655742438325e+02 1.759008137910577e-05
6.724723615628862e+02 1.759290673891605e-05
6.726791488819400e+02 1.759572990566807e-05
6.728859362009938e+02 1.759855073642607e-05
6.730927235200476e+02 1.760136954593010e-05
6.732995108391013e+02 1.760418611925391e-05
6.735062981581551e+02 1.760700054523010e-05
6.737130854772089e+02 1.760981301764792e-05
6.739198727962627e+02 1.761262306630539e-05
6.741266601153164e+02 1.761543134056387e-05
6.743334474343702e+02 1.761823717130469e-05
6.745402347534240e+02 1.762104120989214e-05
6.747470220724776e+02 1.762384295031673e-05
6.749538093915315e+02 1.762664487957921e-05
6.751605967105852e+02 1.762944081818941e-05
6.753673840296391e+02 1.763223663344843e-05
6.755741713486929e+02 1.763503059394177e-05
6.757809586677466e+02 1.763782240569463e-05
6.759877459868004e+02 1.764061239298284e-05
6.761945333058542e+02 1.764340032431067e-05
6.764013206249080e+02 1.764618636725294e-05
6.766081079439617e+02 1.764897052287315e-05
6.768148952630155e+02 1.765175268192719e-05
6.770216825820694e+02 1.765453327503322e-05
6.772284699011230e+02 1.765731168139223e-05
6.774352572201769e+02 1.766008858997038e-05
6.776420445392306e+02 1.766286348352124e-05
6.778488318582845e+02 1.766563658282832e-05
6.780556191773383e+02 1.766840793019749e-05
6.782624064963920e+02 1.767117732202343e-05
6.784691938154458e+02 1.767394517288092e-05
6.786759811344996e+02 1.767671101979008e-05
6.788827684535534e+02 1.767947534370300e-05
6.790895557726071e+02 1.768223786392163e-05
6.792963430916609e+02 1.768499870118104e-05
6.795031304107147e+02 1.768775778107253e-05
6.797099177297684e+02 1.769051528302127e-05
6.799167050488222e+02 1.769327113819261e-05
6.801234923678760e+02 1.769602511570828e-05
6.803302796869297e+02 1.769877803845257e-05
6.805370670059835e+02 1.770152894625206e-05
6.807438543250372e+02 1.770427732270224e-05
6.809506416440911e+02 1.770702524479476e-05
6.811574289631449e+02 1.770977157696217e-05
6.813642162821986e+02 1.771251586268823e-05
6.815710036012524e+02 1.771525910264253e-05
6.817777909203062e+02 1.771800028128134e-05
6.819845782393600e+02 1.772074046403669e-05
6.821913655584137e+02 1.772347870143952e-05
6.823981528774675e+02 1.772621575707885e-05
6.826049401965214e+02 1.772895109203204e-05
6.828117275155751e+02 1.773168507721945e-05
6.830185148346289e+02 1.773441754444389e-05
6.832253021536826e+02 1.773714860220238e-05
6.834320894727365e+02 1.773987827908448e-05
6.836388767917903e+02 1.774260645069787e-05
6.838456641108440e+02 1.774533326088795e-05
6.840524514298979e+02 1.774805865341788e-05
6.842592387489515e+02 1.775078251219251e-05
6.844660260680054e+02 1.775350518017759e-05
6.846728133870591e+02 1.775622630310410e-05
6.848796007061128e+02 1.775894625102431e-05
6.850863880251667e+02 1.776166482477939e-05
6.852931753442205e+02 1.776438204314507e-05
6.854999626632742e+02 1.776709812206722e-05
6.857067499823280e+02 1.776981261952201e-05
6.859135373013817e+02 1.777252611894860e-05
6.861203246204356e+02 1.777523806385528e-05
6.863271119394893e+02 1.777794897082257e-05
6.865338992585430e+02 1.778065846313971e-05
6.867406865775969e+02 1.778336682934563e-05
6.869474738966506e+02 1.778607397399988e-05
6.871542612157045e+02 1.778877980967418e-05
6.873610485347581e+02 1.779148455375800e-05
6.875678358538120e+02 1.779418796345017e-05
6.877746231728657e+02 1.779689027913186e-05
6.879814104919196e+02 1.779959129316797e-05
6.881881978109733e+02 1.780229124211578e-05
6.883949851300271e+02 1.780499009631420e-05
6.886017724490810e+02 1.780768763731714e-05
6.888085597681347e+02 1.781038440293951e-05
6.890153470871884e+02 1.781307976951469e-05
6.892221344062423e+02 1.781577418182197e-05
6.894289217252960e+02 1.781846745516469e-05
6.896357090443497e+02 1.782115954103194e-05
6.898424963634035e+02 1.782385066878377e-05
6.900492836824574e+02 1.782654055969539e-05
6.902560710015111e+02 1.782922956555217e-05
6.904628583205648e+02 1.783191746786238e-05
6.906696456396187e+02 1.783460431590178e-05
6.908764329586725e+02 1.783729016693515e-05
6.910832202777262e+02 1.783997505659101e-05
6.912900075967800e+02 1.784265880602890e-05
6.914967949158337e+02 1.784534165399144e-05
6.917035822348876e+02 1.784802366448285e-05
6.919103695539413e+02 1.785070451611541e-05
6.921171568729950e+02 1.785338426082354e-05
6.923239441920489e+02 1.785606329605568e-05
6.925307315111027e+02 1.785874140722643e-05
6.927375188301565e+02 1.786141832045795e-05
6.929443061492101e+02 1.786409468211907e-05
6.931510934682640e+02 1.786676963733359e-05
6.933578807873178e+02 1.786944423394039e-05
6.935646681063716e+02 1.787211754611453e-05
6.937714554254253e+02 1.787479024148170e-05
6.939782427444791e+02 1.787746191852312e-05
6.941850300635330e+02 1.788013277014312e-05
6.943918173825867e+02 1.788280272778040e-05
6.945986047016404e+02 1.788547182170622e-05
6.948053920206943e+02 1.788814020620105e-05
6.950121793397481e+02 1.789080756330554e-05
6.952189666588017e+02 1.789347435264001e-05
6.954257539778555e+02 1.789614016263824e-05
6.956325412969094e+02 1.789880512417158e-05
6.958393286159632e+02 1.790146943460050e-05
6.960461159350168e+02 1.790413270614652e-05
6.962529032540707e+02 1.790679544205818e-05
6.964596905731245e+02 1.790945720988193e-05
6.966664778921782e+02 1.791211841583066e-05
6.968732652112320e+02 1.791477881320053e-05
6.970800525302857e+02 1.791743840681551e-05
6.972868398493396e+02 1.792009745615579e-05
6.974936271683933e+02 1.792275554320340e-05
6.977004144874470e+02 1.792541309773507e-05
6.979072018065009e+02 1.792806981170933e-05
6.981139891255547e+02 1.793072591740981e-05
6.983207764446086e+02 1.793338130536353e-05
6.985275637636621e+02 1.793603597789507e-05
6.987343510827160e+02 1.793869007319143e-05
6.989411384017698e+02 1.794134336494521e-05
6.991479257208237e+02 1.794399612115304e-05
6.993547130398773e+02 1.794664802645644e-05
6.995615003589311e+02 1.794929952490565e-05
6.997682876779850e+02 1.795195018459671e-05
6.999750749970387e+02 1.795460030616889e-05
7.001818623160924e+02 1.795724999276489e-05
7.003886496351463e+02 1.795989882882203e-05
7.005954369542001e+02 1.796254729033728e-05
7.008022242732537e+02 1.796519507171496e-05
7.010090115923075e+02 1.796784219277731e-05
7.012157989113614e+02 1.797048881025649e-05
7.014225862304152e+02 1.797313473367508e-05
7.016293735494688e+02 1.797578019860229e-05
7.018361608685227e+02 1.797842507343414e-05
7.020429481875765e+02 1.798106935642781e-05
7.022497355066303e+02 1.798371322398628e-05
7.024565228256840e+02 1.798635647173035e-05
7.026633101447377e+02 1.798899910397738e-05
7.028700974637916e+02 1.799164142248718e-05
7.030768847828454e+02 1.799428305043779e-05
7.032836721018990e+02 1.799692429068074e-05
7.034904594209529e+02 1.799956499071018e-05
7.036972467400067e+02 1.800220529817377e-05
7.039040340590606e+02 1.800484498451400e-05
7.041108213781141e+02 1.800748423324277e-05
7.043176086971680e+02 1.801012309021047e-05
7.045243960162218e+02 1.801276116877417e-05
7.047311833352757e+02 1.801539922497778e-05
7.049379706543293e+02 1.801803652611356e-05
7.051447579733831e+02 1.802067356713640e-05
7.053515452924370e+02 1.802331021356513e-05
7.055583326114908e+02 1.802594630091759e-05
7.057651199305444e+02 1.802858207279424e-05
7.059719072495983e+02 1.803121730105062e-05
7.061786945686521e+02 1.803385230172004e-05
7.063854818877057e+02 1.803648661588285e-05
7.065922692067595e+02 1.803912096269590e-05
7.067990565258134e+02 1.804175457594223e-05
7.070058438448672e+02 1.804438797637796e-05
7.072126311639208e+02 1.804702104257580e-05
7.074194184829747e+02 1.804965350776776e-05
7.076262058020285e+02 1.805228584848696e-05
7.078329931210823e+02 1.805491757322088e-05
7.080397804401360e+02 1.805754922733543e-05
7.082465677591897e+02 1.806018032770425e-05
7.084533550782436e+02 1.806281123931272e-05
7.086601423972974e+02 1.806544187150682e-05
7.088669297163510e+02 1.806807204053016e-05
7.090737170354049e+02 1.807070203947641e-05
7.092805043544587e+02 1.807333163878162e-05
7.094872916735126e+02 1.807596097045916e-05
7.096940789925661e+02 1.807858998409437e-05
7.099008663116200e+02 1.808121871272734e-05
7.101076536306738e+02 1.808384720157303e-05
7.103144409497277e+02 1.808647532914075e-05
7.105212282687813e+02 1.808910328401424e-05
7.107280155878351e+02 1.809173080442858e-05
7.109348029068890e+02 1.809435830656263e-05
7.111415902259428e+02 1.809698522716944e-05
7.113483775449964e+02 1.809961219529750e-05
7.115551648640503e+02 1.810223886727275e-05
7.117619521831041e+02 1.810486519771079e-05
7.119687395021577e+02 1.810749153711674e-05
7.121755268212115e+02 1.811011753743932e-05
7.123823141402654e+02 1.811274327138816e-05
7.125891014593192e+02 1.811536889183696e-05
7.127958887783728e+02 1.811799416786956e-05
7.130026760974267e+02 1.812061931891733e-05
7.132094634164805e+02 1.812324424881251e-05
7.134162507355343e+02 1.812586895231173e-05
7.136230380545881e+02 1.812849364660767e-05
7.138298253736417e+02 1.813111794504895e-05
7.140366126926956e+02 1.813374217461611e-05
7.142434000117494e+02 1.813636631460104e-05
7.144501873308030e+02 1.813899004196508e-05
7.146569746498569e+02 1.814161391067325e-05
7.148637619689107e+02 1.814423743316428e-05
7.150705492879646e+02 1.814686103001583e-05
7.152773366070181e+02 1.814948424721089e-05
7.154841239260720e+02 1.815210756791408e-05
7.156909112451258e+02 1.815473058956635e-05
7.158976985641797e+02 1.815735337581670e-05
7.161044858832333e+02 1.815997631770221e-05
7.163112732022871e+02 1.816259888212891e-05
7.165180605213410e+02 1.816522148383737e-05
7.167248478403947e+02 1.816784413717029e-05
7.169316351594484e+02 1.817046642317470e-05
7.171384224785023e+02 1.817308889934599e-05
7.173452097975561e+02 1.817571103495643e-05
7.175519971166098e+02 1.817833328307189e-05
7.177587844356635e+02 1.818095515811584e-05
7.179655717547174e+02 1.818357741179959e-05
7.181723590737712e+02 1.818619914758158e-05
7.183791463928249e+02 1.818882119137330e-05
7.185859337118787e+02 1.819144307927029e-05
7.187927210309325e+02 1.819406478069806e-05
7.189995083499863e+02 1.819668663520122e-05
7.192062956690401e+02 1.819930819223287e-05
7.194130829880937e+02 1.820192994467337e-05
7.196198703071476e+02 1.820455142910620e-05
7.198266576262014e+02 1.820717310492513e-05
7.200334449452550e+02 1.820979471448571e-05
7.202402322643089e+02 1.821241624585243e-05
7.204470195833627e+02 1.821503791014107e-05
7.206538069024166e+02 1.821765947296433e-05
7.208605942214701e+02 1.822028106052308e-05
7.210673815405240e+02 1.822290262361419e-05
7.212741688595778e+02 1.822552424237384e-05
7.214809561786317e+02 1.822814581426477e-05
7.216877434976853e+02 1.823076743930550e-05
7.218945308167391e+02 1.823338908205084e-05
7.221013181357930e+02 1.823601070700039e-05
7.223081054548467e+02 1.823863248037099e-05
7.225148927739004e+02 1.824125403284851e-05
7.227216800929543e+02 1.824387595429076e-05
7.229284674120081e+02 1.824649770464924e-05
7.231352547310618e+02 1.824911953978418e-05
7.233420420501155e+02 1.825174163183289e-05
7.235488293691694e+02 1.825436362045151e-05
7.237556166882232e+02 1.825698569799393e-05
7.239624040072769e+02 1.825960795896290e-05
7.241691913263307e+02 1.826223010386002e-05
7.243759786453845e+02 1.826485243144385e-05
7.245827659644383e+02 1.826747478429510e-05
7.247895532834921e+02 1.827009721781360e-05
7.249963406025457e+02 1.827271988379527e-05
7.252031279215996e+02 1.827534238934590e-05
7.254099152406534e+02 1.827796528490143e-05
7.256167025597071e+02 1.828058810404000e-05
7.258234898787609e+02 1.828321095167377e-05
7.260302771978147e+02 1.828583415226717e-05
7.262370645168685e+02 1.828845722186704e-05
7.264438518359221e+02 1.829108065745813e-05
7.266506391549760e+02 1.829370403386551e-05
7.268574264740298e+02 1.829632776864808e-05
7.270642137930837e+02 1.829895142826063e-05
7.272710011121374e+02 1.830157521700127e-05
7.274777884311911e+02 1.830419931886748e-05
7.276845757502450e+02 1.830682326956646e-05
7.278913630692987e+02 1.830944757796645e-05
7.280981503883525e+02 1.831207213723187e-05
7.283049377074063e+02 1.831469658673033e-05
7.285117250264601e+02 1.831732157846823e-05
7.287185123455138e+02 1.831994641560080e-05
7.289252996645675e+02 1.832257160872492e-05
7.291320869836214e+02 1.832519674950503e-05
7.293388743026752e+02 1.832782238059755e-05
7.295456616217289e+02 1.833044778641696e-05
7.297524489407828e+02 1.833307380965022e-05
7.299592362598365e+02 1.833569981937105e-05
7.301660235788903e+02 1.833832601522540e-05
7.303728108979441e+02 1.834095256758168e-05
7.305795982169977e+02 1.834357909357917e-05
7.307863855360516e+02 1.834620598950490e-05
7.309931728551054e+02 1.834883291378014e-05
7.311999601741591e+02 1.835146020984838e-05
7.314067474932129e+02 1.835408767102221e-05
7.316135348122667e+02 1.835671530745496e-05
7.318203221313205e+02 1.835934334570461e-05
7.320271094503742e+02 1.836197146854277e-05
7.322338967694280e+02 1.836459990641053e-05
7.324406840884818e+02 1.836722851579275e-05
7.326474714075357e+02 1.836985747193424e-05
7.328542587265894e+02 1.837248647986505e-05
7.330610460456431e+02 1.837511594130998e-05
7.332678333646970e+02 1.837774547333587e-05
7.334746206837507e+02 1.838037539436193e-05
7.336814080028045e+02 1.838300549844969e-05
7.338881953218583e+02 1.838563581787415e-05
7.340949826409121e+02 1.838826658375286e-05
7.343017699599658e+02 1.839089740733983e-05
7.345085572790196e+02 1.839352860594756e-05
7.347153445980734e+02 1.839616023361543e-05
7.349221319171272e+02 1.839879191521531e-05
7.351289192361809e+02 1.840142404402880e-05
7.353357065552348e+02 1.840405650511499e-05
7.355424938742885e+02 1.840668906291619e-05
7.357492811933423e+02 1.840932207950889e-05
7.359560685123961e+02 1.841195527820448e-05
7.361628558314497e+02 1.841458882173233e-05
7.363696431505036e+02 1.841722272382177e-05
7.365764304695574e+02 1.841985675734620e-05
7.367832177886111e+02 1.842249144674134e-05
7.369900051076650e+02 1.842512607082878e-05
7.371967924267187e+02 1.842776121267326e-05
7.374035797457725e+02 1.843039668628432e-05
7.376103670648262e+02 1.843303232639204e-05
7.378171543838801e+02 1.843566846895849e-05
7.380239417029338e+02 1.843830488873938e-05
7.382307290219877e+02 1.844094171261235e-05
7.384375163410414e+02 1.844357883757151e-05
7.386443036600951e+02 1.844621624673967e-05
7.388510909791490e+02 1.844885418271830e-05
7.390578782982027e+02 1.845149209105624e-05
7.392646656172565e+02 1.845413069104450e-05
7.394714529363102e+02 1.845676953464189e-05
7.396782402553641e+02 1.845940862761231e-05
7.398850275744178e+02 1.846204841496496e-05
7.400918148934716e+02 1.846468827331565e-05
7.402986022125255e+02 1.846732866776569e-05
7.405053895315792e+02 1.846996931504508e-05
7.407121768506329e+02 1.847261044149092e-05
7.409189641696868e+02 1.847525170976071e-05
7.411257514887405e+02 1.847789367840347e-05
7.413325388077943e+02 1.848053581817592e-05
7.415393261268481e+02 1.848317842567316e-05
7.417461134459018e+02 1.848582154556789e-05
7.419529007649556e+02 1.848846486164869e-05
7.421596880840094e+02 1.849110872397179e-05
7.423664754030631e+02 1.849375285056724e-05
7.425732627221170e+02 1.849639745304739e-05
7.427800500411707e+02 1.849904245236147e-05
7.429868373602245e+02 1.850168778098240e-05
7.431936246792782e+02 1.850433373837124e-05
7.434004119983321e+02 1.850697990591976e-05
7.436071993173858e+02 1.850962665314116e-05
7.438139866364397e+02 1.851227371295939e-05
7.440207739554934e+02 1.851492135321004e-05
7.442275612745472e+02 1.851756912595164e-05
7.444343485936010e+02 1.852021770286770e-05
7.446411359126547e+02 1.852286633011816e-05
7.448479232317085e+02 1.852551571435023e-05
7.450547105507623e+02 1.852816527907787e-05
7.452614978698161e+02 1.853081546391303e-05
7.454682851888698e+02 1.853346604706425e-05
7.456750725079236e+02 1.853611701895199e-05
7.458818598269775e+02 1.853876850835418e-05
7.460886471460312e+02 1.854142057218145e-05
7.462954344650849e+02 1.854407281916949e-05
7.465022217841388e+02 1.854672584555831e-05
7.467090091031926e+02 1.854937920472895e-05
7.469157964222463e+02 1.855203294024816e-05
7.471225837413001e+02 1.855468732168667e-05
7.473293710603538e+02 1.855734200654054e-05
7.475361583794077e+02 1.855999725874865e-05
7.477429456984614e+02 1.856265294876372e-05
7.479497330175151e+02 1.856530907870998e-05
7.481565203365690e+02 1.856796592844544e-05
7.483633076556227e+02 1.857062286426438e-05
7.485700949746765e+02 1.857328068758462e-05
7.487768822937302e+02 1.857593875426310e-05
7.489836696127841e+02 1.857859732191872e-05
7.491904569318378e+02 1.858125646386329e-05
7.493972442508915e+02 1.858391612162811e-05
7.496040315699454e+02 1.858657620047954e-05
7.498108188889992e+02 1.858923696684533e-05
7.500176062080531e+02 1.859189804118249e-05
7.502243935271067e+02 1.859455989805972e-05
7.504311808461605e+02 1.859722182546477e-05
7.506379681652143e+02 1.859988472212431e-05
7.508447554842681e+02 1.860254778804783e-05
7.510515428033218e+02 1.860521149232030e-05
7.512583301223756e+02 1.860787588111558e-05
7.514651174414295e+02 1.861054060559263e-05
7.516719047604832e+02 1.861320600059328e-05
7.518786920795369e+02 1.861587189693247e-05
7.520854793985908e+02 1.861853827483074e-05
7.522922667176446e+02 1.862120514554773e-05
7.524990540366983e+02 1.862387267404383e-05
7.527058413557521e+02 1.862654060789997e-05
7.529126286748058e+02 1.862920917722364e-05
7.531194159938597e+02 1.863187837692851e-05
7.533262033129134e+02 1.863454796663568e-05
7.535329906319671e+02 1.863721828311035e-05
7.537397779510210e+02 1.863988900845592e-05
7.539465652700748e+02 1.864256035147986e-05
7.541533525891285e+02 1.864523225798716e-05
7.543601399081822e+02 1.864790462651157e-05
7.545669272272361e+02 1.865057778513233e-05
7.547737145462899e+02 1.865325127403733e-05
7.549805018653435e+02 1.865592553713261e-05
7.551872891843974e+02 1.865860025297011e-05
7.553940765034512e+02 1.866127569172521e-05
7.556008638225051e+02 1.866395140169233e-05
7.558076511415587e+02 1.866662815567086e-05
7.560144384606125e+02 1.866930495117152e-05
7.562212257796663e+02 1.867198280348076e-05
7.564280130987202e+02 1.867466086100627e-05
7.566348004177738e+02 1.867733981140210e-05
7.568415877368276e+02 1.868001914076114e-05
7.570483750558815e+02 1.868269918318510e-05
7.572551623749353e+02 1.868537979456624e-05
7.574619496939889e+02 1.868806111900498e-05
7.576687370130428e+02 1.869074277871484e-05
7.578755243320966e+02 1.869342545433992e-05
7.580823116511503e+02 1.869610840328164e-05
7.582890989702040e+02 1.869879207439180e-05
7.584958862892578e+02 1.870147644362324e-05
7.587026736083117e+02 1.870416126102007e-05
7.589094609273654e+02 1.870684681948283e-05
7.591162482464191e+02 1.870953290018436e-05
7.593230355654730e+02 1.871221967459048e-05
7.595298228845268e+02 1.871490712693358e-05
7.597366102035805e+02 1.871759495941225e-05
7.599433975226342e+02 1.872028382888316e-05
7.601501848416881e+02 1.872297293706761e-05
7.603569721607419e+02 1.872566284700901e-05
7.605637594797955e+02 1.872835339652775e-05
7.607705467988494e+02 1.873104455946519e-05
7.609773341179032e+02 1.873373628509125e-05
7.611841214369571e+02 1.873642891073294e-05
7.613909087560107e+02 1.873912188861949e-05
7.615976960750645e+02 1.874181586217891e-05
7.618044833941183e+02 1.874451004707815e-05
7.620112707131722e+02 1.874720535408918e-05
7.622180580322258e+02 1.874990084232388e-05
7.624248453512796e+02 1.875259726925281e-05
7.626316326703335e+02 1.875529432046783e-05
7.628384199893873e+02 1.875799196078225e-05
7.630452073084409e+02 1.876069037461127e-05
7.632519946274948e+02 1.876338945960041e-05
7.634587819465486e+02 1.876608911743914e-05
7.636655692656024e+02 1.876878950731297e-05
7.638723565846560e+02 1.877149053948461e-05
7.640791439037098e+02 1.877419219539858e-05
7.642859312227637e+02 1.877689458131466e-05
7.644927185418175e+02 1.877959768118898e-05
7.646995058608711e+02 1.878230136046564e-05
7.649062931799250e+02 1.878500589288123e-05
7.651130804989788e+02 1.878771093264781e-05
7.653198678180325e+02 1.879041678488985e-05
7.655266551370862e+02 1.879312326702703e-05
7.657334424561401e+02 1.879583039162124e-05
7.659402297751939e+02 1.879853838572355e-05
7.661470170942475e+02 1.880124685909616e-05
7.663538044133014e+02 1.880395621823412e-05
7.665605917323552e+02 1.880666619486838e-05
7.667673790514091e+02 1.880937693311222e-05
7.669741663704627e+02 1.881208817491659e-05
7.671809536895165e+02 1.881480054191521e-05
7.673877410085703e+02 1.881751302909546e-05
7.675945283276242e+02 1.882022678510728e-05
7.678013156466778e+02 1.882294081340575e-05
7.680081029657316e+02 1.882565585744205e-05
7.682148902847855e+02 1.882837138557813e-05
7.684216776038393e+02 1.883108781614716e-05
7.686284649228929e+02 1.883380487250299e-05
7.688352522419468e+02 1.883652276025034e-05
7.690420395610006e+02 1.883924117986228e-05
7.692488268800544e+02 1.884196070674686e-05
7.694556141991080e+02 1.884468051922255e-05
7.696624015181618e+02 1.884740137713191e-05
7.698691888372157e+02 1.885012287599631e-05
7.700759761562695e+02 1.885284502061207e-05
7.702827634753231e+02 1.885556802320374e-05
7.704895507943769e+02 1.885829165122487e-05
7.706963381134308e+02 1.886101613770386e-05
7.709031254324846e+02 1.886374127722925e-05
7.711099127515382e+02 1.886646712470144e-05
7.713167000705921e+02 1.886919396832301e-05
7.715234873896459e+02 1.887192119082050e-05
7.717302747086995e+02 1.887464942483546e-05
7.719370620277534e+02 1.887737836493714e-05
7.721438493468072e+02 1.888010793910257e-05
7.723506366658611e+02 1.888283835875010e-05
7.725574239849147e+02 1.888556963843179e-05
7.727642113039685e+02 1.888830146380157e-05
7.729709986230223e+02 1.889103436110149e-05
7.731777859420762e+02 1.889376768713162e-05
7.733845732611298e+02 1.889650214469602e-05
7.735913605801836e+02 1.889923695652470e-05
7.737981478992375e+02 1.890197283927222e-05
7.740049352182913e+02 1.890470935197363e-05
7.742117225373449e+02 1.890744663879924e-05
7.744185098563988e+02 1.891018478737831e-05
7.746252971754526e+02 1.891292370876282e-05
7.748320844945064e+02 1.891566336638148e-05
7.750388718135600e+02 1.891840386089856e-05
7.752456591326138e+02 1.892114509979885e-05
7.754524464516677e+02 1.892388708925000e-05
7.756592337707215e+02 1.892662991139127e-05
7.758660210897751e+02 1.892937349506256e-05
7.760728084088289e+02 1.893211785502454e-05
7.762795957278828e+02 1.893486309839678e-05
7.764863830469365e+02 1.893760898070766e-05
7.766931703659902e+02 1.894035584286194e-05
7.768999576850441e+02 1.894310334035933e-05
7.771067450040979e+02 1.894585171311763e-05
7.773135323231515e+02 1.894860095975396e-05
7.775203196422054e+02 1.895135086769930e-05
7.777271069612592e+02 1.895410172334823e-05
7.779338942803131e+02 1.895685336279819e-05
7.781406815993668e+02 1.895960574499860e-05
7.783474689184205e+02 1.896235892213857e-05
7.785542562374743e+02 1.896511315658963e-05
7.787610435565282e+02 1.896786770537253e-05
7.789678308755819e+02 1.897062364133877e-05
7.791746181946356e+02 1.897337993848395e-05
7.793814055136895e+02 1.897613729723383e-05
7.795881928327433e+02 1.897889535106421e-05
7.797949801517969e+02 1.898165431620078e-05
7.800017674708508e+02 1.898441404530077e-05
7.802085547899046e+02 1.898717467205311e-05
7.804153421089584e+02 1.898993605206906e-05
7.806221294280120e+02 1.899269850308985e-05
7.808289167470658e+02 1.899546140766494e-05
7.810357040661197e+02 1.899822554427130e-05
7.812424913851735e+02 1.900099025757117e-05
7.814492787042271e+02 1.900375584338050e-05
7.816560660232809e+02 1.900652234940706e-05
7.818628533423348e+02 1.900928958600832e-05
7.820696406613885e+02 1.901205778415556e-05
7.822764279804422e+02 1.901482668660980e-05
7.824832152994961e+02 1.901759654160497e-05
7.826900026185499e+02 1.902036728919928e-05
7.828967899376036e+02 1.902313865374861e-05
7.831035772566574e+02 1.902591113373164e-05
7.833103645757112e+02 1.902868437062314e-05
7.835171518947651e+02 1.903145829727348e-05
7.837239392138187e+02 1.903423336998681e-05
7.839307265328725e+02 1.903700910411827e-05
7.841375138519263e+02 1.903978573973342e-05
7.843443011709802e+02 1.904256335433446e-05
7.845510884900339e+02 1.904534168467857e-05
7.847578758090876e+02 1.904812105460306e-05
7.849646631281415e+02 1.905090107456035e-05
7.851714504471953e+02 1.905368214142896e-05
7.853782377662490e+02 1.905646395818309e-05
7.855850250853028e+02 1.905924664446330e-05
7.857918124043566e+02 1.906203028164381e-05
7.859985997234104e+02 1.906481475685119e-05
7.862053870424641e+02 1.906760013178061e-05
7.864121743615178e+02 1.907038637934306e-05
7.866189616805717e+02 1.907317355637975e-05
7.868257489996255e+02 1.907596150805472e-05
7.870325363186791e+02 1.907875045718955e-05
7.872393236377329e+02 1.908154017841599e-05
7.874461109567868e+02 1.908433087601023e-05
7.876528982758405e+02 1.908712241415324e-05
7.878596855948942e+02 1.908991479457937e-05
7.880664729139481e+02 1.909270820707697e-05
7.882732602330019e+02 1.909550229225789e-05
7.884800475520556e+02 1.909829746799046e-05
7.886868348711095e+02 1.910109348459522e-05
7.888936221901632e+02 1.910389035423326e-05
7.891004095092171e+02 1.910668823348897e-05
7.893071968282707e+02 1.910948701477449e-05
7.895139841473245e+02 1.911228655586204e-05
7.897207714663783e+02 1.911508714842132e-05
7.899275587854322e+02 1.911788866416542e-05
7.901343461044859e+02 1.912069076458402e-05
7.903411334235396e+02 1.912349428841945e-05
7.905479207425935e+02 1.912629825382480e-05
7.907547080616473e+02 1.912910335930752e-05
7.909614953807010e+02 1.913190936167406e-05
7.911682826997549e+02 1.913471618997148e-05
7.913750700188086e+02 1.913752399787705e-05
7.915818573378624e+02 1.914033270596154e-05
7.917886446569161e+02 1.914314236727517e-05
7.919954319759698e+02 1.914595301841326e-05
7.922022192950237e+02 1.914876441415017e-05
7.924090066140775e+02 1.915157704491686e-05
7.926157939331312e+02 1.915439029597205e-05
7.928225812521849e+02 1.915720460836443e-05
7.930293685712388e+02 1.916001987299324e-05
7.932361558902925e+02 1.916283595331263e-05
7.934429432093463e+02 1.916565309515080e-05
7.936497305284001e+02 1.916847103474247e-05
7.938565178474539e+02 1.917129005637864e-05
7.940633051665076e+02 1.917410992718875e-05
7.942700924855615e+02 1.917693065043428e-05
7.944768798046152e+02 1.917975251902074e-05
7.946836671236691e+02 1.918257517026278e-05
7.948904544427227e+02 1.918539867311963e-05
7.950972417617766e+02 1.918822347873591e-05
7.953040290808303e+02 1.919104879280927e-05
7.955108163998842e+02 1.919387540442734e-05
7.957176037189379e+02 1.919670280072014e-05
7.959243910379917e+02 1.919953122710247e-05
7.961311783570455e+02 1.920236057290111e-05
7.963379656760993e+02 1.920519088166225e-05
7.965447529951530e+02 1.920802214416118e-05
7.967515403142069e+02 1.921085435026450e-05
7.969583276332606e+02 1.921368746301621e-05
7.971651149523144e+02 1.921652161670430e-05
7.973719022713681e+02 1.921935667314262e-05
7.975786895904220e+02 1.922219273209352e-05
7.977854769094757e+02 1.922502972561298e-05
7.979922642285295e+02 1.922786779673285e-05
7.981990515475832e+02 1.923070664426982e-05
7.984058388666369e+02 1.923354668524175e-05
7.986126261856908e+02 1.923638748632906e-05
7.988194135047445e+02 1.923922944956499e-05
7.990262008237983e+02 1.924207221046764e-05
7.992329881428522e+02 1.924491605091285e-05
7.994397754619059e+02 1.924776085886756e-05
7.996465627809596e+02 1.925060647782804e-05
7.998533501000135e+02 1.925345329657827e-05
8.000601374190672e+02 1.925630094553273e-05
8.002669247381211e+02 1.925914960831733e-05
8.004737120571747e+02 1.926199937183297e-05
8.006804993762286e+02 1.926485007233896e-05
8.008872866952823e+02 1.926770166762477e-05
8.010940740143362e+02 1.927055443858826e-05
8.013008613333899e+02 1.927340805659524e-05
8.015076486524437e+02 1.927626251680473e-05
8.017144359714976e+02 1.927911838558963e-05
8.019212232905513e+02 1.928197475353157e-05
8.021280106096050e+02 1.928483243491716e-05
8.023347979286589e+02 1.928769108456470e-05
8.025415852477126e+02 1.929055054321475e-05
8.027483725667664e+02 1.929341118632018e-05
8.029551598858201e+02 1.929627270865130e-05
8.031619472048740e+02 1.929913531418971e-05
8.033687345239277e+02 1.930199888575930e-05
8.035755218429814e+02 1.930486348256838e-05
8.037823091620352e+02 1.930772920256210e-05
8.039890964810889e+02 1.931059573315786e-05
8.041958838001428e+02 1.931346341342122e-05
8.044026711191965e+02 1.931633208927311e-05
8.046094584382503e+02 1.931920164001331e-05
8.048162457573042e+02 1.932207238619071e-05
8.050230330763579e+02 1.932494398465211e-05
8.052298203954116e+02 1.932781674897028e-05
8.054366077144655e+02 1.933069040830975e-05
8.056433950335193e+02 1.933356508141610e-05
8.058501823525731e+02 1.933644091071305e-05
8.060569696716267e+02 1.933931753761084e-05
8.062637569906806e+02 1.934219526222754e-05
8.064705443097344e+02 1.934507422920803e-05
8.066773316287882e+02 1.934795376885304e-05
8.068841189478419e+02 1.935083486251665e-05
8.070909062668957e+02 1.935371658281564e-05
8.072976935859496e+02 1.935659961206377e-05
8.075044809050033e+02 1.935948347890825e-05
8.077112682240570e+02 1.936236854257819e-05
8.079180555431109e+02 1.936525449954737e-05
8.081248428621647e+02 1.936814158148047e-05
8.083316301812185e+02 1.937102960611850e-05
8.085384175002721e+02 1.937391874489300e-05
8.087452048193260e+02 1.937680887394783e-05
8.089519921383798e+02 1.937970004175722e-05
8.091587794574334e+02 1.938259227907955e-05
8.093655667764873e+02 1.938548561397930e-05
8.095723540955411e+02 1.938837981478072e-05
8.097791414145950e+02 1.939127533576402e-05
8.099859287336486e+02 1.939417162714284e-05
8.101927160527024e+02 1.939706922431458e-05
8.103995033717563e+02 1.939996764000288e-05
8.106062906908101e+02 1.940286732318525e-05
8.108130780098637e+02 1.940576789184883e-05
8.110198653289175e+02 1.940866949189831e-05
8.112266526479714e+02 1.941157227034919e-05
8.114334399670250e+02 1.941447593712615e-05
8.116402272860788e+02 1.941738071566338e-05
8.118470146051325e+02 1.942028670312519e-05
8.120538019241864e+02 1.942319359326646e-05
8.122605892432401e+02 1.942610163827159e-05
8.124673765622938e+02 1.942901081442111e-05
8.126741638813476e+02 1.943192091719414e-05
8.128809512004015e+02 1.943483201793505e-05
8.130877385194552e+02 1.943774450893738e-05
8.132945258385089e+02 1.944065754147412e-05
8.135013131575628e+02 1.944357212610836e-05
8.137081004766166e+02 1.944648758537812e-05
8.139148877956704e+02 1.944940402601132e-05
8.141216751147241e+02 1.945232173103037e-05
8.143284624337779e+02 1.945524035335573e-05
8.145352497528318e+02 1.945816009325931e-05
8.147420370718853e+02 1.946108089617494e-05
8.149488243909392e+02 1.946400285019365e-05
8.151556117099930e+02 1.946692585022765e-05
8.153623990290469e+02 1.946984991838781e-05
8.155691863481005e+02 1.947277512107727e-05
8.157759736671543e+02 1.947570140776817e-05
8.159827609862082e+02 1.947862861504480e-05
8.161895483052620e+02 1.948155716979376e-05
8.163963356243156e+02 1.948448655165164e-05
8.166031229433695e+02 1.948741723223002e-05
8.168099102624233e+02 1.949034887145689e-05
8.170166975814772e+02 1.949328162395402e-05
8.172234849005307e+02 1.949621556052366e-05
8.174302722195846e+02 1.949915032735195e-05
8.176370595386384e+02 1.950208643227610e-05
8.178438468576923e+02 1.950502357473619e-05
8.180506341767459e+02 1.950796158851298e-05
8.182574214957997e+02 1.951090116138169e-05
8.184642088148536e+02 1.951384136670371e-05
8.186709961339074e+02 1.951678306073358e-05
8.188777834529610e+02 1.951972558436826e-05
8.190845707720149e+02 1.952266942869909e-05
8.192913580910687e+02 1.952561419168998e-05
8.194981454101226e+02 1.952856018676771e-05
8.197049327291761e+02 1.953150719795657e-05
8.199117200482300e+02 1.953445536226123e-05
8.201185073672838e+02 1.953740462883669e-05
8.203252946863374e+02 1.954035494456046e-05
8.205320820053913e+02 1.954330650199181e-05
8.207388693244451e+02 1.954625907140341e-05
8.209456566434990e+02 1.954921272868497e-05
8.211524439625526e+02 1.955216767911455e-05
8.213592312816064e+02 1.955512349320654e-05
8.215660186006603e+02 1.955808068131965e-05
8.217728059197141e+02 1.956103878496581e-05
8.219795932387677e+02 1.956399823565335e-05
8.221863805578215e+02 1.956695858939570e-05
8.223931678768754e+02 1.956992018005733e-05
8.225999551959291e+02 1.957288287145119e-05
8.228067425149828e+02 1.957584657773189e-05
8.230135298340365e+02 1.957881143019618e-05
8.232203171530904e+02 1.958177758230240e-05
8.234271044721442e+02 1.958474458947608e-05
8.236338917911978e+02 1.958771305333849e-05
8.238406791102516e+02 1.959068249170817e-05
8.240474664293055e+02 1.959365309782118e-05
8.242542537483592e+02 1.959662472508019e-05
8.244610410674129e+02 1.959959776556895e-05
8.246678283864668e+02 1.960257139444781e-05
8.248746157055206e+02 1.960554678490219e-05
8.250814030245745e+02 1.960852287385785e-05
8.252881903436281e+02 1.961150028338116e-05
8.254949776626819e+02 1.961447886776982e-05
8.257017649817358e+02 1.961745853351038e-05
8.259085523007893e+02 1.962043926258441e-05
8.261153396198432e+02 1.962342126657009e-05
8.263221269388970e+02 1.962640434174003e-05
8.265289142579509e+02 1.962938854760730e-05
8.267357015770045e+02 1.963237399875157e-05
8.269424888960583e+02 1.963536053657487e-05
8.271492762151122e+02 1.963834829028425e-05
8.273560635341660e+02 1.964133701358551e-05
8.275628508532196e+02 1.964432720539096e-05
8.277696381722735e+02 1.964731816083824e-05
8.279764254913273e+02 1.965031062531603e-05
8.281832128103812e+02 1.965330403788635e-05
8.283900001294347e+02 1.965629867680428e-05
8.285967874484886e+02 1.965929453341018e-05
8.288035747675424e+02 1.966229129913332e-05
8.290103620865963e+02 1.966528954728491e-05
8.292171494056499e+02 1.966828864920999e-05
8.294239367247037e+02 1.967128901247287e-05
8.296307240437576e+02 1.967429072901772e-05
8.298375113628114e+02 1.967729327903620e-05
8.300442986818650e+02 1.968029736759672e-05
8.302510860009189e+02 1.968330234802093e-05
8.304578733199727e+02 1.968630870184776e-05
8.306646606390266e+02 1.968931606507582e-05
8.308714479580801e+02 1.969232469978860e-05
8.310782352771340e+02 1.969533445254484e-05
8.312850225961878e+02 1.969834537166914e-05
8.314918099152414e+02 1.970135750733410e-05
8.316985972342953e+02 1.970437072533732e-05
8.319053845533491e+02 1.970738531051704e-05
8.321121718724030e+02 1.971040084247669e-05
8.323189591914567e+02 1.971341773541873e-05
8.325257465105104e+02 1.971643576927551e-05
8.327325338295643e+02 1.971945486905091e-05
8.329393211486181e+02 1.972247531806678e-05
8.331461084676718e+02 1.972549682119886e-05
8.333528957867255e+02 1.972851965406631e-05
8.335596831057794e+02 1.973154354034151e-05
8.337664704248331e+02 1.973456875811904e-05
8.339732577438868e+02 1.973759506417808e-05
8.341800450629405e+02 1.974062252680164e-05
8.343868323819944e+02 1.974365114852999e-05
8.345936197010482e+02 1.974668111416273e-05
8.348004070201018e+02 1.974971193867136e-05
8.350071943391556e+02 1.975274443970856e-05
8.352139816582095e+02 1.975577776643099e-05
8.354207689772633e+02 1.975881256596604e-05
8.356275562963169e+02 1.976184832678123e-05
8.358343436153708e+02 1.976488558058516e-05
8.360411309344246e+02 1.976792349230831e-05
8.362479182534782e+02 1.977096326130606e-05
8.364547055725321e+02 1.977400361443548e-05
8.366614928915859e+02 1.977704563330015e-05
8.368682802106398e+02 1.978008864421745e-05
8.370750675296933e+02 1.978313301018143e-05
8.372818548487472e+02 1.978617833865719e-05
8.374886421678010e+02 1.978922520493896e-05
8.376954294868549e+02 1.979227293539168e-05
8.379022168059086e+02 1.979532205501988e-05
8.381090041249623e+02 1.979837241455574e-05
8.383157914440162e+02 1.980142387851343e-05
8.385225787630700e+02 1.980447669034374e-05
8.387293660821236e+02 1.980753053376844e-05
8.389361534011775e+02 1.981058589825507e-05
8.391429407202313e+02 1.981364201807182e-05
8.393497280392852e+02 1.981669986257657e-05
8.395565153583387e+02 1.981975855600576e-05
8.397633026773926e+02 1.982281866310351e-05
8.399700899964464e+02 1.982587998447977e-05
8.401768773155003e+02 1.982894235300873e-05
8.403836646345540e+02 1.983200622080606e-05
8.405904519536077e+02 1.983507092263115e-05
8.407972392726616e+02 1.983813716487469e-05
8.410040265917154e+02 1.984120451996607e-05
8.412108139107690e+02 1.984427301219370e-05
8.414176012298229e+02 1.984734298938888e-05
8.416243885488767e+02 1.985041396099065e-05
8.418311758679304e+02 1.985348635196629e-05
8.420379631869841e+02 1.985655984410808e-05
8.422447505060380e+02 1.985963463998826e-05
8.424515378250918e+02 1.986271063865585e-05
8.426583251441455e+02 1.986578783073651e-05
8.428651124631994e+02 1.986886632145976e-05
8.430718997822531e+02 1.987194597104680e-05
8.432786871013070e+02 1.987502700813037e-05
8.434854744203607e+02 1.987810907072018e-05
8.436922617394144e+02 1.988119266221029e-05
8.438990490584683e+02 1.988427726527834e-05
8.441058363775221e+02 1.988736319207574e-05
8.443126236965758e+02 1.989045037604575e-05
8.445194110156295e+02 1.989353875204540e-05
8.447261983346834e+02 1.989662841338869e-05
8.449329856537371e+02 1.989971932545837e-05
8.451397729727909e+02 1.990281154661777e-05
8.453465602918445e+02 1.990590497310052e-05
8.455533476108984e+02 1.990899964540499e-05
8.457601349299522e+02 1.991209553072066e-05
8.459669222490058e+02 1.991519275313259e-05
8.461737095680596e+02 1.991829092749159e-05
8.463804968871135e+02 1.992139083214561e-05
8.465872842061673e+02 1.992449153231059e-05
8.467940715252209e+02 1.992759393129717e-05
8.470008588442748e+02 1.993069724847709e-05
8.472076461633286e+02 1.993380216761278e-05
8.474144334823823e+02 1.993690784333643e-05
8.476212208014362e+02 1.994001535024908e-05
8.478280081204899e+02 1.994312348992436e-05
8.480347954395438e+02 1.994623346156300e-05
8.482415827585974e+02 1.994934430985674e-05
8.484483700776512e+02 1.995245677961316e-05
8.486551573967050e+02 1.995557013695389e-05
8.488619447157589e+02 1.995868525188486e-05
8.490687320348126e+02 1.996180106073482e-05
8.492755193538663e+02 1.996491857422169e-05
8.494823066729202e+02 1.996803717083664e-05
8.496890939919740e+02 1.997115699979782e-05
8.498958813110277e+02 1.997427825937627e-05
8.501026686300816e+02 1.997740062166571e-05
8.503094559491353e+02 1.998052449724399e-05
8.505162432681892e+02 1.998364924145918e-05
8.507230305872428e+02 1.998677581549735e-05
8.509298179062966e+02 1.998990314196536e-05
8.511366052253504e+02 1.999303212298171e-05
8.513433925444043e+02 1.999616225094104e-05
8.515501798634580e+02 1.999929361457635e-05
8.517569671825117e+02 2.000242640296129e-05
8.519637545015656e+02 2.000556019839194e-05
8.521705418206194e+02 2.000869557931042e-05
8.523773291396731e+02 2.001183199409621e-05
8.525841164587270e+02 2.001496979185552e-05
8.527909037777807e+02 2.001810900050759e-05
8.529976910968344e+02 2.002124930240567e-05
8.532044784158882e+02 2.002439111004254e-05
8.534112657349420e+02 2.002753405261688e-05
8.536180530539958e+02 2.003067838505128e-05
8.538248403730495e+02 2.003382394849272e-05
8.540316276921034e+02 2.003697078804145e-05
8.542384150111571e+02 2.004011895097489e-05
8.544452023302110e+02 2.004326838241450e-05
8.546519896492647e+02 2.004641913301358e-05
8.548587769683185e+02 2.004957114370801e-05
8.550655642873722e+02 2.005272463718890e-05
8.552723516064261e+02 2.005587920337319e-05
8.554791389254798e+02 2.005903528202009e-05
8.556859262445336e+02 2.006219253952155e-05
8.558927135635874e+02 2.006535110368307e-05
8.560995008826411e+02 2.006851095465840e-05
8.563062882016949e+02 2.007167216955071e-05
8.565130755207485e+02 2.007483465108773e-05
8.567198628398024e+02 2.007799852263799e-05
8.569266501588562e+02 2.008116365697392e-05
8.571334374779099e+02 2.008433013322768e-05
8.573402247969636e+02 2.008749790943337e-05
8.575470121160175e+02 2.009066681182503e-05
8.577537994350713e+02 2.009383734547398e-05
8.579605867541250e+02 2.009700879744497e-05
8.581673740731788e+02 2.010018199939576e-05
8.583741613922326e+02 2.010335617593677e-05
8.585809487112863e+02 2.010653203718782e-05
8.587877360303402e+02 2.010970877631284e-05
8.589945233493939e+02 2.011288727436136e-05
8.592013106684478e+02 2.011606659731823e-05
8.594080979875014e+02 2.011924767761897e-05
8.596148853065553e+02 2.012242972050260e-05
8.598216726256090e+02 2.012561348890157e-05
8.600284599446629e+02 2.012879818115487e-05
8.602352472637166e+02 2.013198470498612e-05
8.604420345827704e+02 2.013517195512331e-05
8.606488219018242e+02 2.013836111061093e-05
8.608556092208780e+02 2.014155119367113e-05
8.610623965399317e+02 2.014474269409866e-05
8.612691838589856e+02 2.014793565062778e-05
8.614759711780393e+02 2.015112977174384e-05
8.616827584970932e+02 2.015432539170290e-05
8.618895458161468e+02 2.015752209299664e-05
8.620963331352007e+02 2.016072055726496e-05
8.623031204542544e+02 2.016391981357062e-05
8.625099077733083e+02 2.016712091183822e-05
8.627166950923620e+02 2.017032306423211e-05
8.629234824114158e+02 2.017352665518091e-05
8.631302697304696e+02 2.017673157757038e-05
8.633370570495233e+02 2.017993777968391e-05
8.635438443685771e+02 2.018314541045857e-05
8.637506316876310e+02 2.018635424302924e-05
8.639574190066847e+02 2.018956451848972e-05
8.641642063257384e+02 2.019277621030513e-05
8.643709936447922e+02 2.019598905287716e-05
8.645777809638461e+02 2.019920353574186e-05
8.647845682828998e+02 2.020241911266507e-05
8.649913556019535e+02 2.020563623683629e-05
8.651981429210074e+02 2.020885456221056e-05
8.654049302400612e+02 2.021207430847738e-05
8.656117175591150e+02 2.021529535397590e-05
8.658185048781687e+02 2.021851778485837e-05
8.660252921972225e+02 2.022174145640154e-05
8.662320795162763e+02 2.022496666281836e-05
8.664388668353301e+02 2.022819313359296e-05
8.666456541543838e+02 2.023142097294151e-05
8.668524414734376e+02 2.023465032755880e-05
8.670592287924915e+02 2.023788089864578e-05
8.672660161115451e+02 2.024111286294926e-05
8.674728034305989e+02 2.024434618674717e-05
8.676795907496526e+02 2.024758084091465e-05
8.678863780687064e+02 2.025081682560553e-05
8.680931653877602e+02 2.025405429984086e-05
8.682999527068139e+02 2.025729304304875e-05
8.685067400258677e+02 2.026053329347076e-05
8.687135273449215e+02 2.026377481147253e-05
8.689203146639752e+02 2.026701767015296e-05
8.691271019830290e+02 2.027026199921456e-05
8.693338893020829e+02 2.027350747375610e-05
8.695406766211366e+02 2.027675458486877e-05
8.697474639401903e+02 2.028000283838104e-05
8.699542512592442e+02 2.028325278801442e-05
8.701610385782980e+02 2.028650374247714e-05
8.703678258973518e+02 2.028975644226236e-05
8.705746132164054e+02 2.029301017034911e-05
8.707814005354593e+02 2.029626546771077e-05
8.709881878545131e+02 2.029952200105896e-05
8.711949751735669e+02 2.030278013216312e-05
8.714017624926206e+02 2.030603938327929e-05
8.716085498116744e+02 2.030930037640872e-05
8.718153371307283e+02 2.031256233693774e-05
8.720221244497820e+02 2.031582619634213e-05
8.722289117688357e+02 2.031909100020768e-05
8.724356990878896e+02 2.032235734041898e-05
8.726424864069434e+02 2.032562516330002e-05
8.728492737259971e+02 2.032889417283153e-05
8.730560610450508e+02 2.033216472697874e-05
8.732628483641047e+02 2.033543657072326e-05
8.734696356831585e+02 2.033870999352912e-05
8.736764230022123e+02 2.034198444717847e-05
8.738832103212660e+02 2.034526076069092e-05
8.740899976403198e+02 2.034853810558813e-05
8.742967849593737e+02 2.035181704970364e-05
8.745035722784273e+02 2.035509728112426e-05
8.747103595974811e+02 2.035837902365905e-05
8.749171469165350e+02 2.036166198799173e-05
8.751239342355888e+02 2.036494649007875e-05
8.753307215546424e+02 2.036823229651380e-05
8.755375088736962e+02 2.037151966157985e-05
8.757442961927501e+02 2.037480817629029e-05
8.759510835118039e+02 2.037809849085210e-05
8.761578708308575e+02 2.038138981516766e-05
8.763646581499114e+02 2.038468288356100e-05
8.765714454689652e+02 2.038797710174790e-05
8.767782327880191e+02 2.039127289916655e-05
8.769850201070727e+02 2.039456996744356e-05
8.771918074261265e+02 2.039786844631096e-05
8.773985947451803e+02 2.040116837273903e-05
8.776053820642342e+02 2.040446984213387e-05
8.778121693832878e+02 2.040777238541823e-05
8.780189567023416e+02 2.041107668443946e-05
8.782257440213955e+02 2.041438231327455e-05
8.784325313404491e+02 2.041768936131276e-05
8.786393186595029e+02 2.042099785259400e-05
8.788461059785566e+02 2.042430782136757e-05
8.790528932976105e+02 2.042761900567183e-05
8.792596806166642e+02 2.043093173707881e-05
8.794664679357179e+02 2.043424585318155e-05
8.796732552547717e+02 2.043756134224014e-05
8.798800425738256e+02 2.044087843475752e-05
8.800868298928792e+02 2.044419680910539e-05
8.802936172119330e+02 2.044751672239896e-05
8.805004045309869e+02 2.045083798861578e-05
8.807071918500407e+02 2.045416064249467e-05
8.809139791690943e+02 2.045748475921753e-05
8.811207664881482e+02 2.046081023534969e-05
8.813275538072020e+02 2.046413735046483e-05
8.815343411262559e+02 2.046746557894089e-05
8.817411284453094e+02 2.047079565944353e-05
8.819479157643633e+02 2.047412682515142e-05
8.821547030834171e+02 2.047745950088718e-05
8.823614904024710e+02 2.048079369291353e-05
8.825682777215246e+02 2.048412921536322e-05
8.827750650405784e+02 2.048746616111772e-05
8.829818523596323e+02 2.049080481243021e-05
8.831886396786861e+02 2.049414455587136e-05
8.833954269977397e+02 2.049748612463155e-05
8.836022143167936e+02 2.050082884477235e-05
8.838090016358474e+02 2.050417306715389e-05
8.840157889549012e+02 2.050751889188684e-05
8.842225762739548e+02 2.051086585178927e-05
8.844293635930087e+02 2.051421450714733e-05
8.846361509120625e+02 2.051756453875233e-05
8.848429382311164e+02 2.052091599420707e-05
8.850497255501700e+02 2.052426884278754e-05
8.852565128692238e+02 2.052762337279942e-05
8.854633001882777e+02 2.053097907149300e-05
8.856700875073313e+02 2.053433643073762e-05
8.858768748263851e+02 2.053769511920369e-05
8.860836621454389e+02 2.054105541541258e-05
8.862904494644928e+02 2.054441684113530e-05
8.864972367835464e+02 2.054778012101964e-05
8.867040241026002e+02 2.055114447972383e-05
8.869108114216541e+02 2.055451064663241e-05
8.871175987407079e+02 2.055787791567358e-05
8.873243860597615e+02 2.056124713534927e-05
8.875311733788154e+02 2.056461729080734e-05
8.877379606978692e+02 2.056798937175490e-05
8.879447480169231e+02 2.057136256261202e-05
8.881515353359767e+02 2.057473742320704e-05
8.883583226550305e+02 2.057811351892530e-05
8.885651099740843e+02 2.058149002174484e-05
8.887718972931382e+02 2.058487112041368e-05
8.889786846121918e+02 2.058825162173435e-05
8.891854719312456e+02 2.059163338111182e-05
8.893922592502995e+02 2.059501715521025e-05
8.895990465693532e+02 2.059840204472996e-05
8.898058338884069e+02 2.060178866051975e-05
8.900126212074606e+02 2.060517672331410e-05
8.902194085265145e+02 2.060856638403742e-05
8.904261958455683e+02 2.061195720551540e-05
8.906329831646219e+02 2.061534986073350e-05
8.908397704836757e+02 2.061874362492023e-05
8.910465578027296e+02 2.062213903160474e-05
8.912533451217832e+02 2.062553596424017e-05
8.914601324408370e+02 2.062893427878215e-05
8.916669197598909e+02 2.063233426227623e-05
8.918737070789447e+02 2.063573557707936e-05
8.920804943979983e+02 2.063913847459715e-05
8.922872817170522e+02 2.064254271554699e-05
8.924940690361060e+02 2.064594850354319e-05
8.927008563551598e+02 2.064935585188172e-05
8.929076436742134e+02 2.065276438730132e-05
8.931144309932673e+02 2.065617498184256e-05
8.933212183123211e+02 2.065958650057184e-05
8.935280056313750e+02 2.066299978996197e-05
8.937347929504286e+02 2.066641464109722e-05
8.939415802694824e+02 2.066983066548603e-05
8.941483675885363e+02 2.067324843642158e-05
8.943551549075901e+02 2.067666770833266e-05
8.945619422266437e+02 2.068008833616715e-05
8.947687295456976e+02 2.068351065882871e-05
8.949755168647514e+02 2.068693442627478e-05
8.951823041838052e+02 2.069035952520640e-05
8.953890915028588e+02 2.069378647493435e-05
8.955958788219127e+02 2.069721442218324e-05
8.958026661409665e+02 2.070064432019880e-05
8.960094534600202e+02 2.070407550439233e-05
8.962162407790740e+02 2.070750812827721e-05
8.964230280981278e+02 2.071094245453794e-05
8.966298154171817e+02 2.071437818874379e-05
8.968366027362354e+02 2.071781539404508e-05
8.970433900552891e+02 2.072125419711175e-05
8.972501773743429e+02 2.072469446120557e-05
8.974569646933968e+02 2.072813629622367e-05
8.976637520124505e+02 2.073157935701020e-05
8.978705393315042e+02 2.073502440282149e-05
8.980773266505581e+02 2.073847037800351e-05
8.982841139696119e+02 2.074191841374019e-05
8.984909012886656e+02 2.074536749539367e-05
8.986976886077194e+02 2.074881864089941e-05
8.989044759267732e+02 2.075227070570145e-05
8.991112632458271e+02 2.075572482419000e-05
8.993180505648807e+02 2.075918002942717e-05
8.995248378839345e+02 2.076263688260670e-05
8.997316252029883e+02 2.076609488673985e-05
8.999384125220422e+02 2.076955013164589e-05
9.001451998410959e+02 2.077301902863736e-05
9.003519871601496e+02 2.077648072327084e-05
9.005587744792035e+02 2.077994531466836e-05
9.007655617982572e+02 2.078341144229348e-05
9.009723491173110e+02 2.078687867556900e-05
9.011791364363646e+02 2.079034788919468e-05
9.013859237554185e+02 2.079381851823807e-05
9.015927110744723e+02 2.079729084147108e-05
9.017994983935259e+02 2.080076442978270e-05
9.020062857125797e+02 2.080424005254285e-05
9.022130730316336e+02 2.080771652581555e-05
9.024198603506873e+02 2.081119502649547e-05
9.026266476697410e+02 2.081467479072403e-05
9.028334349887949e+02 2.081815614322849e-05
9.030402223078487e+02 2.082163919149284e-05
9.032470096269024e+02 2.082512362773272e-05
9.034537969459562e+02 2.082860979137822e-05
9.036605842650100e+02 2.083209727284456e-05
9.038673715840638e+02 2.083558643499147e-05
9.040741589031174e+02 2.083907710508420e-05
9.042809462221713e+02 2.084256900947757e-05
9.044877335412251e+02 2.084606319403059e-05
9.046945208602790e+02 2.084955799017062e-05
9.049013081793327e+02 2.085305513288235e-05
9.051080954983864e+02 2.085655350729539e-05
9.053148828174403e+02 2.086005325112908e-05
9.055216701364941e+02 2.086355487571772e-05
9.057284574555478e+02 2.086705785484764e-05
9.059352447746016e+02 2.087056239541317e-05
9.061420320936554e+02 2.087406858711972e-05
9.063488194127092e+02 2.087757641692042e-05
9.065556067317629e+02 2.088108545711110e-05
9.067623940508167e+02 2.088459662532349e-05
9.069691813698705e+02 2.088810860798267e-05
9.071759686889242e+02 2.089162285654506e-05
9.073827560079781e+02 2.089513816788189e-05
9.075895433270318e+02 2.089865515094288e-05
9.077963306460857e+02 2.090217393199085e-05
9.080031179651394e+02 2.090569393484167e-05
9.082099052841932e+02 2.090921576652151e-05
9.084166926032469e+02 2.091273904797259e-05
9.086234799223008e+02 2.091626398481445e-05
9.088302672413545e+02 2.091979040414333e-05
9.090370545604083e+02 2.092331828710313e-05
9.092438418794621e+02 2.092684806886820e-05
9.094506291985159e+02 2.093037882558480e-05
9.096574165175696e+02 2.093391178318362e-05
9.098642038366235e+02 2.093744578338385e-05
9.100709911556772e+02 2.094098191735506e-05
9.102777784747311e+02 2.094451905658783e-05
9.104845657937847e+02 2.094805835879696e-05
9.106913531128386e+02 2.095159879876807e-05
9.108981404318923e+02 2.095514097996863e-05
9.111049277509462e+02 2.095868476413516e-05
9.113117150699999e+02 2.096222998985514e-05
9.115185023890537e+02 2.096577702019354e-05
9.117252897081075e+02 2.096932363966336e-05
9.119320770271612e+02 2.097287554653162e-05
9.121388643462150e+02 2.097642715819515e-05
9.123456516652686e+02 2.097998008330476e-05
9.125524389843225e+02 2.098353497967970e-05
9.127592263033763e+02 2.098709124321618e-05
9.129660136224300e+02 2.099064925379697e-05
9.131728009414837e+02 2.099420874449879e-05
9.133795882605376e+02 2.099777026955118e-05
9.135863755795913e+02 2.100133260869066e-05
9.137931628986451e+02 2.100489730785668e-05
9.139999502176989e+02 2.100846293887447e-05
9.142067375367527e+02 2.101203043917675e-05
9.144135248558064e+02 2.101559955070599e-05
9.146203121748603e+02 2.101917012267820e-05
9.148270994939140e+02 2.102274254233691e-05
9.150338868129678e+02 2.102631628032312e-05
9.152406741320215e+02 2.102989181251592e-05
9.154474614510754e+02 2.103346880026696e-05
9.156542487701291e+02 2.103704705780349e-05
9.158610360891830e+02 2.104062768071432e-05
9.160678234082367e+02 2.104420853984651e-05
9.162746107272905e+02 2.104779228490773e-05
9.164813980463443e+02 2.105137634140422e-05
9.166881853653981e+02 2.105496156563299e-05
9.168949726844518e+02 2.105854479201075e-05
9.171017600035055e+02 2.106217841016333e-05
9.173085473225594e+02 2.106574164158019e-05
9.175153346416132e+02 2.106933208920565e-05
9.177221219606669e+02 2.107292590179198e-05
9.179289092797208e+02 2.107652147040825e-05
9.181356965987745e+02 2.108011955826889e-05
9.183424839178282e+02 2.108371843993941e-05
9.185492712368821e+02 2.108731993849163e-05
9.187560585559359e+02 2.109092229505199e-05
9.189628458749897e+02 2.109452671842615e-05
9.191696331940434e+02 2.109813280304764e-05
9.193764205130972e+02 2.110174016830547e-05
9.195832078321509e+02 2.110534961222868e-05
9.197899951512048e+02 2.110896037529134e-05
9.199967824702585e+02 2.111257299769505e-05
9.202035697893123e+02 2.111618705926758e-05
9.204103571083662e+02 2.111980283745195e-05
9.206171444274199e+02 2.112342031961274e-05
9.208239317464736e+02 2.112703900876265e-05
9.210307190655275e+02 2.113065986188789e-05
9.212375063845813e+02 2.113428183308636e-05
9.214442937036351e+02 2.113790593639556e-05
9.216510810226887e+02 2.114153119510917e-05
9.218578683417426e+02 2.114515866387891e-05
9.220646556607963e+02 2.114878727916526e-05
9.222714429798502e+02 2.115241770813006e-05
9.224782302989039e+02 2.115604984179029e-05
9.226850176179577e+02 2.115968336090564e-05
9.228918049370116e+02 2.116331885719270e-05
9.230985922560652e+02 2.116695559986065e-05
9.233053795751190e+02 2.117059450888576e-05
9.235121668941727e+02 2.117423395507910e-05
9.237189542132264e+02 2.117787612666656e-05
9.239257415322803e+02 2.118151966006227e-05
9.241325288513340e+02 2.118516457320688e-05
9.243393161703877e+02 2.118881126047755e-05
9.245461034894416e+02 2.119245961549755e-05
9.247528908084953e+02 2.119610983599322e-05
9.249596781275491e+02 2.119976112235597e-05
9.251664654466030e+02 2.120341486699527e-05
9.253732527656567e+02 2.120706932824265e-05
9.255800400847104e+02 2.121072591505484e-05
9.257868274037643e+02 2.121438393321079e-05
9.259936147228181e+02 2.121804342765465e-05
9.262004020418718e+02 2.122170484252612e-05
9.264071893609255e+02 2.122536744997454e-05
9.266139766799794e+02 2.122903193834729e-05
9.268207639990331e+02 2.123269764529640e-05
9.270275513180870e+02 2.123636454548637e-05
9.272343386371407e+02 2.124003341657582e-05
9.274411259561945e+02 2.124370181902364e-05
9.276479132752484e+02 2.124737252464151e-05
9.278547005943021e+02 2.125104063685426e-05
9.280614879133558e+02 2.125470464563546e-05
9.282682752324096e+02 2.125833698988092e-05
9.284750625514635e+02 2.126238379575030e-05
9.286818498705171e+02 2.126583292447130e-05
9.288886371895709e+02 2.126949272092638e-05
9.290954245086248e+02 2.127316873324243e-05
9.293022118276785e+02 2.127685052094690e-05
9.295089991467322e+02 2.128053636696853e-05
9.297157864657861e+02 2.128422387446158e-05
9.299225737848399e+02 2.128791465119719e-05
9.301293611038938e+02 2.129160645092239e-05
9.303361484229473e+02 2.129530087943213e-05
9.305429357420012e+02 2.129899682833451e-05
9.307497230610550e+02 2.130269445599193e-05
9.309565103801089e+02 2.130639424749223e-05
9.311632976991625e+02 2.131009540853738e-05
9.313700850182163e+02 2.131379861276014e-05
9.315768723372702e+02 2.131750334889842e-05
9.317836596563239e+02 2.132120998310572e-05
9.319904469753776e+02 2.132491822006765e-05
9.321972342944315e+02 2.132862799566840e-05
9.324040216134853e+02 2.133233978959017e-05
9.326108089325392e+02 2.133605288654766e-05
9.328175962515927e+02 2.133976807027901e-05
9.330243835706466e+02 2.134348462698473e-05
9.332311708897004e+02 2.134720342621213e-05
9.334379582087543e+02 2.135092343869989e-05
9.336447455278079e+02 2.135464571028059e-05
9.338515328468617e+02 2.135836797157890e-05
9.340583201659156e+02 2.136209363833593e-05
9.342651074849692e+02 2.136582081152759e-05
9.344718948040230e+02 2.136954933817563e-05
9.346786821230767e+02 2.137328000569284e-05
9.348854694421304e+02 2.137701182360102e-05
9.350922567611843e+02 2.138074578533029e-05
9.352990440802380e+02 2.138448120752841e-05
9.355058313992918e+02 2.138821819320561e-05
9.357126187183457e+02 2.139195700936668e-05
9.359194060373993e+02 2.139569756523166e-05
9.361261933564531e+02 2.139943985472330e-05
9.363329806755070e+02 2.140318366310793e-05
9.365397679945607e+02 2.140692980952299e-05
9.367465553136144e+02 2.141067679964385e-05
9.369533426326682e+02 2.141442613690451e-05
9.371601299517221e+02 2.141817683178853e-05
9.373669172707758e+02 2.142192911173547e-05
9.375737045898295e+02 2.142568351091018e-05
9.377804919088834e+02 2.142943906670830e-05
9.379872792279372e+02 2.143319692048255e-05
9.381940665469911e+02 2.143695597003984e-05
9.384008538660447e+02 2.144071675413937e-05
9.386076411850985e+02 2.144447964267395e-05
9.388144285041524e+02 2.144824280024789e-05
9.390212158232061e+02 2.145200942662030e-05
9.392280031422598e+02 2.145577529829662e-05
9.394347904613136e+02 2.145954399071685e-05
9.396415777803675e+02 2.146331226994932e-05
9.398483650994211e+02 2.146707858962765e-05
9.400551524184749e+02 2.147082357350732e-05
9.402619397375288e+02 2.147471824337033e-05
9.404687270565826e+02 2.147844689902969e-05
9.406755143756362e+02 2.148221873729525e-05
9.408823016946901e+02 2.148599749470671e-05
9.410890890137439e+02 2.148977883533968e-05
9.412958763327978e+02 2.149356358473436e-05
9.415026636518513e+02 2.149734942627158e-05
9.417094509709052e+02 2.150113809371379e-05
9.419162382899590e+02 2.150492803648749e-05
9.421230256090129e+02 2.150872004259871e-05
9.423298129280665e+02 2.151251398063360e-05
9.425366002471203e+02 2.151630944881446e-05
9.427433875661742e+02 2.152010696048105e-05
9.429501748852280e+02 2.152390614802184e-05
9.431569622042816e+02 2.152770723026160e-05
9.433637495233355e+02 2.153150997182465e-05
9.435705368423893e+02 2.153531448914518e-05
9.437773241614432e+02 2.153912085422411e-05
9.439841114804967e+02 2.154292875363020e-05
9.441908987995506e+02 2.154673864149393e-05
9.443976861186044e+02 2.155055013314893e-05
9.446044734376583e+02 2.155436385887343e-05
9.448112607567119e+02 2.155817895168249e-05
9.450180480757657e+02 2.156199718354116e-05
9.452248353948196e+02 2.156581113339450e-05
9.454316227138733e+02 2.156963270255612e-05
9.456384100329270e+02 2.157345677707989e-05
9.458451973519807e+02 2.157728055319689e-05
9.460519846710345e+02 2.158110639346234e-05
9.462587719900883e+02 2.158493383727324e-05
9.464655593091420e+02 2.158876348752073e-05
9.466723466281958e+02 2.159259455387682e-05
9.468791339472497e+02 2.159642741397491e-05
9.470859212663033e+02 2.160026217418859e-05
9.472927085853571e+02 2.160409860004187e-05
9.474994959044110e+02 2.160793680750829e-05
9.477062832234648e+02 2.161177690592786e-05
9.479130705425184e+02 2.161561909865244e-05
9.481198578615722e+02 2.161946255517681e-05
9.483266451806261e+02 2.162330842705513e-05
9.485334324996799e+02 2.162715571576086e-05
9.487402198187335e+02 2.163100473108073e-05
9.489470071377874e+02 2.163485603280083e-05
9.491537944568412e+02 2.163870845330360e-05
9.493605817758951e+02 2.164256360398982e-05
9.495673690949487e+02 2.164641981192394e-05
9.497741564140025e+02 2.165027835375815e-05
9.499809437330564e+02 2.165413883931005e-05
9.501877310521101e+02 2.165800024289146e-05
9.503945183711638e+02 2.166186521854066e-05
9.506013056902176e+02 2.166572989580841e-05
9.508080930092715e+02 2.166959849487739e-05
9.510148803283251e+02 2.167346779767347e-05
9.512216676473789e+02 2.167733933673899e-05
9.514284549664328e+02 2.168121316416537e-05
9.516352422854866e+02 2.168508875845712e-05
9.518420296045402e+02 2.168896630305131e-05
9.520488169235941e+02 2.169284597516453e-05
9.522556042426479e+02 2.169672780942642e-05
9.524623915617018e+02 2.170061138308478e-05
9.526691788807553e+02 2.170449780073899e-05
9.528759661998092e+02 2.170838557690592e-05
9.530827535188630e+02 2.171227643690547e-05
9.532895408379169e+02 2.171616897652992e-05
9.534963281569705e+02 2.172006447533467e-05
9.537031154760243e+02 2.172396236385546e-05
9.539099027950782e+02 2.172786303538854e-05
9.541166901141320e+02 2.173176679416964e-05
9.543234774331856e+02 2.173567390992876e-05
9.545302647522395e+02 2.173958469029155e-05
9.547370520712933e+02 2.174349980738934e-05
9.549438393903472e+02 2.174742001115457e-05
9.551506267094007e+02 2.175134642469806e-05
9.553574140284546e+02 2.175528084158918e-05
9.555642013475084e+02 2.175922634492505e-05
9.557709886665621e+02 2.176318808327538e-05
9.559777759856159e+02 2.176717640211945e-05
9.561845633046697e+02 2.177121273202730e-05
9.563913506237236e+02 2.177535851564219e-05
9.565981379427773e+02 2.177985439919387e-05
9.568049252618310e+02 2.178786060850199e-05
9.570117125808847e+02 2.178374499537703e-05
9.572184998999385e+02 2.178920594662877e-05
9.574252872189924e+02 2.179352386883172e-05
9.576320745380460e+02 2.179762964137111e-05
9.578388618570998e+02 2.180166010535137e-05
9.580456491761537e+02 2.180565586196692e-05
9.582524364952073e+02 2.180963343375300e-05
9.584592238142611e+02 2.181360070477992e-05
9.586660111333150e+02 2.181756145589359e-05
9.588727984523688e+02 2.182151863296769e-05
9.590795857714224e+02 2.182547373426156e-05
9.592863730904762e+02 2.182942771966531e-05
9.594931604095301e+02 2.183338112584707e-05
9.596999477285839e+02 2.183733499137349e-05
9.599067350476375e+02 2.184128896910152e-05
9.601135223666914e+02 2.184524358005518e-05
9.603203096857452e+02 2.184919950296750e-05
9.605270970047991e+02 2.185315570016259e-05
9.607338843238527e+02 2.185711411028081e-05
9.609406716429065e+02 2.186107274868403e-05
9.611474589619604e+02 2.186503362499367e-05
9.613542462810140e+02 2.186899558643461e-05
9.615610336000678e+02 2.187295855293053e-05
9.617678209191216e+02 2.187692436929267e-05
9.619746082381755e+02 2.188088963442309e-05
9.621813955572292e+02 2.188485862921781e-05
9.623881828762829e+02 2.188882780811668e-05
9.625949701953368e+02 2.189279907663854e-05
9.628017575143906e+02 2.189677250701909e-05
9.630085448334443e+02 2.190074689766945e-05
9.632153321524981e+02 2.190472346581148e-05
9.634221194715519e+02 2.190870183279902e-05
9.636289067906058e+02 2.191268168816384e-05
9.638356941096594e+02 2.191666333768871e-05
9.640424814287132e+02 2.192064704474037e-05
9.642492687477670e+02 2.192463196306126e-05
9.644560560668209e+02 2.192861921351563e-05
9.646628433858746e+02 2.193260769970636e-05
9.648696307049283e+02 2.193659847707122e-05
9.650764180239822e+02 2.194059060777148e-05
9.652832053430360e+02 2.194458480894828e-05
9.654899926620897e+02 2.194858062995885e-05
9.656967799811435e+02 2.195257845947099e-05
9.659035673001973e+02 2.195657785369827e-05
9.661103546192512e+02 2.196057936057744e-05
9.663171419383048e+02 2.196458255940325e-05
9.665239292573586e+02 2.196858758098770e-05
9.667307165764124e+02 2.197259445780984e-05
9.669375038954661e+02 2.197660304332410e-05
9.671442912145200e+02 2.198061353181705e-05
9.673510785335737e+02 2.198462591478720e-05
9.675578658526276e+02 2.198863983657068e-05
9.677646531716813e+02 2.199265639486930e-05
9.679714404907351e+02 2.199667402030047e-05
9.681782278097887e+02 2.200069499341408e-05
9.683850151288425e+02 2.200471381476693e-05
9.685918024478964e+02 2.200873248408199e-05
9.687985897669500e+02 2.201276453363435e-05
9.690053770860038e+02 2.201679136082323e-05
9.692121644050577e+02 2.202081985990272e-05
9.694189517241114e+02 2.202485070148010e-05
9.696257390431651e+02 2.202888337962635e-05
9.698325263622190e+02 2.203291806496895e-05
9.700393136812728e+02 2.203695419850207e-05
9.702461010003265e+02 2.204099252393000e-05
9.704528883193802e+02 2.204503251783541e-05
9.706596756384341e+02 2.204907432375983e-05
9.708664629574879e+02 2.205311807766730e-05
9.710732502765416e+02 2.205716380003596e-05
9.712800375955954e+02 2.206121123276803e-05
9.714868249146492e+02 2.206526046164161e-05
9.716936122337031e+02 2.206931179969309e-05
9.719003995527568e+02 2.207336426392205e-05
9.721071868718105e+02 2.207741938296456e-05
9.723139741908644e+02 2.208147509817979e-05
9.725207615099180e+02 2.208553342524932e-05
9.727275488289719e+02 2.208959242361345e-05
9.729343361480256e+02 2.209365212241068e-05
9.731411234670795e+02 2.209771200370878e-05
9.733479107861332e+02 2.210176290144815e-05
9.735546981051870e+02 2.210564858450988e-05
9.737614854242408e+02 2.210997886703088e-05
9.739682727432946e+02 2.211402639026027e-05
9.741750600623483e+02 2.211809379649121e-05
9.743818473814022e+02 2.212216567501315e-05
9.745886347004559e+02 2.212624203863412e-05
9.747954220195098e+02 2.213032048770444e-05
9.750022093385634e+02 2.213440121673874e-05
9.752089966576173e+02 2.213848431876483e-05
9.754157839766710e+02 2.214256943979486e-05
9.756225712957249e+02 2.214665637871197e-05
9.758293586147786e+02 2.215074554798705e-05
9.760361459338324e+02 2.215483643592905e-05
9.762429332528862e+02 2.215892957589121e-05
9.764497205719400e+02 2.216302426870662e-05
9.766565078909937e+02 2.216712132462434e-05
9.768632952100476e+02 2.217121992828290e-05
9.770700825291013e+02 2.217532079548849e-05
9.772768698481552e+02 2.217942321486525e-05
9.774836571672088e+02 2.218352801391379e-05
9.776904444862627e+02 2.218763443544529e-05
9.778972318053164e+02 2.219174293754785e-05
9.781040191243701e+02 2.219585342622348e-05
9.783108064434240e+02 2.219996563915373e-05
9.785175937624778e+02 2.220407996023700e-05
9.787243810815316e+02 2.220819607986834e-05
9.789311684005853e+02 2.221231401980828e-05
9.791379557196391e+02 2.221643452887784e-05
9.793447430386927e+02 2.222055611824843e-05
9.795515303577465e+02 2.222468047030738e-05
9.797583176768004e+02 2.222880634372478e-05
9.799651049958541e+02 2.223293468738401e-05
9.801718923149078e+02 2.223706325074894e-05
9.803786796339617e+02 2.224119525578503e-05
9.805854669530154e+02 2.224532824758088e-05
9.807922542720692e+02 2.224946401818959e-05
9.809990415911230e+02 2.225360144156445e-05
9.812058289101768e+02 2.225774098715336e-05
9.814126162292305e+02 2.226188220666616e-05
9.816194035482843e+02 2.226602575754532e-05
9.818261908673381e+02 2.227017080843947e-05
9.820329781863919e+02 2.227431789867199e-05
9.822397655054456e+02 2.227846702097808e-05
9.824465528244995e+02 2.228261801157391e-05
9.826533401435532e+02 2.228677099771503e-05
9.828601274626069e+02 2.229092589443124e-05
9.830669147816608e+02 2.229508289537884e-05
9.832737021007146e+02 2.229924144985929e-05
9.834804894197684e+02 2.230340246238703e-05
9.836872767388220e+02 2.230756461640154e-05
9.838940640578759e+02 2.231172950465955e-05
9.841008513769297e+02 2.231589554655433e-05
9.843076386959835e+02 2.232006342387689e-05
9.845144260150372e+02 2.232423363444542e-05
9.847212133340910e+02 2.232840363316186e-05
9.849280006531449e+02 2.233257546946022e-05
9.851347879721986e+02 2.233674014375385e-05
9.853415752912523e+02 2.234103628306942e-05
9.855483626103062e+02 2.234513916765197e-05
9.857551499293600e+02 2.234931209822904e-05
9.859619372484138e+02 2.235349427178096e-05
9.861687245674674e+02 2.235767865078667e-05
9.863755118865213e+02 2.236186615930346e-05
9.865822992055751e+02 2.236605603971511e-05
9.867890865246289e+02 2.237024785964281e-05
9.869958738436826e+02 2.237444187728249e-05
9.872026611627364e+02 2.237863788767746e-05
9.874094484817903e+02 2.238283598486918e-05
9.876162358008440e+02 2.238703605899792e-05
9.878230231198977e+02 2.239123801835934e-05
9.880298104389516e+02 2.239544232893105e-05
9.882365977580054e+02 2.239964819709903e-05
9.884433850770590e+02 2.240385645808091e-05
9.886501723961128e+02 2.240806630325570e-05
9.888569597151667e+02 2.241227858001621e-05
9.890637470342205e+02 2.241649245482267e-05
9.892705343532741e+02 2.242070860063679e-05
9.894773216723280e+02 2.242492676800267e-05
9.896841089913818e+02 2.242914670427214e-05
9.898908963104357e+02 2.243336890895403e-05
9.900976836294893e+02 2.243759283444569e-05
9.903044709485431e+02 2.244181909037580e-05
9.905112582675968e+02 2.244604721462501e-05
9.907180455866505e+02 2.245027687192713e-05
9.909248329057044e+02 2.245450943643934e-05
9.911316202247581e+02 2.245874352968036e-05
9.913384075438119e+02 2.246297943973069e-05
9.915451948628657e+02 2.246721761791777e-05
9.917519821819194e+02 2.247145768123248e-05
9.919587695009732e+02 2.247569918168292e-05
9.921655568200271e+02 2.247994349566941e-05
9.923723441390808e+02 2.248418939287224e-05
9.925791314581345e+02 2.248843747700028e-05
9.927859187771883e+02 2.249268764887007e-05
9.929927060962422e+02 2.249694000315496e-05
9.931994934152959e+02 2.250119397724906e-05
9.934062807343496e+02 2.250545020036376e-05
9.936130680534035e+02 2.250970837199130e-05
9.938198553724573e+02 2.251396844145433e-05
9.940266426915109e+02 2.251823067947357e-05
9.942334300105648e+02 2.252249489057643e-05
9.944402173296186e+02 2.252676121017440e-05
9.946470046486725e+02 2.253102949988256e-05
9.948537919677260e+02 2.253529990216888e-05
9.950605792867799e+02 2.253957217896813e-05
9.952673666058337e+02 2.254384679538069e-05
9.954741539248876e+02 2.254812311836428e-05
9.956809412439412e+02 2.255240146548441e-05
9.958877285629950e+02 2.255668264495432e-05
9.960945158820489e+02 2.256096444792745e-05
9.963013032011027e+02 2.256525060826170e-05
9.965080905201563e+02 2.256953894823048e-05
9.967148778392102e+02 2.257379615735894e-05
9.969216651582640e+02 2.257810952109283e-05
9.971284524773179e+02 2.258240286968795e-05
9.973352397963714e+02 2.258669921486477e-05
9.975420271154253e+02 2.259099538460661e-05
9.977488144344791e+02 2.259529461145488e-05
9.979556017535330e+02 2.259959550756783e-05
9.981623890725866e+02 2.260389825056322e-05
9.983691763916404e+02 2.260820331196668e-05
9.985759637106943e+02 2.261251011830742e-05
9.987827510297481e+02 2.261681924025813e-05
9.989895383488017e+02 2.262113005362703e-05
9.991963256678556e+02 2.262544313018404e-05
9.994031129869094e+02 2.262975833264430e-05
9.996099003059630e+02 2.263407527320832e-05
9.998166876250168e+02 2.263839464142894e-05
1.000023474944071e+03 2.264271571022463e-05
1.000230262263124e+03 2.264703911947732e-05
1.000437049582178e+03 2.265136426615723e-05
1.000643836901232e+03 2.265569173003894e-05
1.000850624220286e+03 2.266002125803991e-05
1.001057411539340e+03 2.266435264096127e-05
1.001264198858393e+03 2.266868646361115e-05
1.001470986177447e+03 2.267302204696657e-05
1.001677773496501e+03 2.267735993404543e-05
1.001884560815555e+03 2.268170078215195e-05
1.002091348134608e+03 2.268603613415381e-05
1.002298135453662e+03 2.269038403945818e-05
1.002504922772716e+03 2.269473041848413e-05
1.002711710091770e+03 2.269907836454798e-05
1.002918497410823e+03 2.270342911509085e-05
1.003125284729877e+03 2.270778083688335e-05
1.003332072048931e+03 2.271213496491696e-05
1.003538859367985e+03 2.271649126639202e-05
1.003745646687039e+03 2.272084939870907e-05
1.003952434006092e+03 2.272520961176589e-05
1.004159221325146e+03 2.272957237535654e-05
1.004366008644200e+03 2.273393691557925e-05
1.004572795963254e+03 2.273830358100531e-05
1.004779583282307e+03 2.274267246283601e-05
1.004986370601361e+03 2.274704326528700e-05
1.005193157920415e+03 2.275141607708909e-05
1.005399945239469e+03 2.275579109226321e-05
1.005606732558523e+03 2.276016811007821e-05
1.005813519877576e+03 2.276454725140798e-05
1.006020307196630e+03 2.276892861730834e-05
1.006227094515684e+03 2.277331180178483e-05
1.006433881834738e+03 2.277769753134801e-05
1.006640669153792e+03 2.278208493903667e-05
1.006847456472845e+03 2.278647471972564e-05
1.007054243791899e+03 2.279086619812911e-05
1.007261031110953e+03 2.279526059880729e-05
1.007467818430007e+03 2.279965537211069e-05
1.007674605749060e+03 2.280405448462850e-05
1.007881393068114e+03 2.280845349243191e-05
1.008088180387168e+03 2.281285602946956e-05
1.008294967706222e+03 2.281726045897708e-05
1.008501755025275e+03 2.282166609598581e-05
1.008708542344329e+03 2.282607552778577e-05
1.008915329663383e+03 2.283048513175395e-05
1.009122116982437e+03 2.283489837737106e-05
1.009328904301491e+03 2.283931301272678e-05
1.009535691620544e+03 2.284372981230119e-05
1.009742478939598e+03 2.284814907564109e-05
1.009949266258652e+03 2.285257004725586e-05
1.010156053577706e+03 2.285699353981916e-05
1.010362840896760e+03 2.286141863816639e-05
1.010569628215813e+03 2.286584632065130e-05
1.010776415534867e+03 2.287027588214765e-05
1.010983202853921e+03 2.287470750566462e-05
1.011189990172975e+03 2.287914153017532e-05
1.011396777492028e+03 2.288357743442797e-05
1.011603564811082e+03 2.288801556679133e-05
1.011810352130136e+03 2.289245572177244e-05
1.012017139449190e+03 2.289689807034567e-05
1.012223926768244e+03 2.290134259546609e-05
1.012430714087297e+03 2.290578903074728e-05
1.012637501406351e+03 2.291023802527867e-05
1.012844288725405e+03 2.291468878362178e-05
1.013051076044459e+03 2.291914184834200e-05
1.013257863363512e+03 2.292359744935858e-05
1.013464650682566e+03 2.292805275783697e-05
1.013671438001620e+03 2.293251381430497e-05
1.013878225320674e+03 2.293697367971139e-05
1.014085012639727e+03 2.294143808000071e-05
1.014291799958781e+03 2.294590497076510e-05
1.014498587277835e+03 2.295037207091101e-05
1.014705374596889e+03 2.295484279597798e-05
1.014912161915943e+03 2.295931460734185e-05
1.015118949234996e+03 2.296378893291464e-05
1.015325736554050e+03 2.296826502347023e-05
1.015532523873104e+03 2.297274406212678e-05
1.015739311192158e+03 2.297722442634784e-05
1.015946098511212e+03 2.298170765084491e-05
1.016152885830265e+03 2.298619277311158e-05
1.016359673149319e+03 2.299068004333946e-05
1.016566460468373e+03 2.299516942085324e-05
1.016773247787427e+03 2.299966099787303e-05
1.016980035106480e+03 2.300415463919089e-05
1.017186822425534e+03 2.300865044867071e-05
1.017393609744588e+03 2.301314857770300e-05
1.017600397063642e+03 2.301764848152212e-05
1.017807184382696e+03 2.302215134732465e-05
1.018013971701749e+03 2.302665542241187e-05
1.018220759020803e+03 2.303116261539022e-05
1.018427546339857e+03 2.303567113343919e-05
1.018634333658911e+03 2.304018279151708e-05
1.018841120977964e+03 2.304469481655336e-05
1.019047908297018e+03 2.304921144190262e-05
1.019254695616072e+03 2.305372750618775e-05
1.019461482935126e+03 2.305824789105838e-05
1.019668270254179e+03 2.306276948453051e-05
1.019875057573233e+03 2.306729299335348e-05
1.020081844892287e+03 2.307181995307324e-05
1.020288632211341e+03 2.307634739450710e-05
1.020495419530395e+03 2.308087855836716e-05
1.020702206849448e+03 2.308541094269952e-05
1.020908994168502e+03 2.308994576442610e-05
1.021115781487556e+03 2.309448306618713e-05
1.021322568806610e+03 2.309902210821456e-05
1.021529356125664e+03 2.310356379308816e-05
1.021736143444717e+03 2.310810715429321e-05
1.021942930763771e+03 2.311265321919142e-05
1.022149718082825e+03 2.311720102746644e-05
1.022356505401879e+03 2.312175119865122e-05
1.022563292720933e+03 2.312630369757259e-05
1.022770080039986e+03 2.313085824390741e-05
1.022976867359040e+03 2.313541498120087e-05
1.023183654678094e+03 2.313997404788949e-05
1.023390441997148e+03 2.314453509562914e-05
1.023597229316201e+03 2.314909853429235e-05
1.023804016635255e+03 2.315366388262293e-05
1.024010803954309e+03 2.315823188962224e-05
1.024217591273363e+03 2.316280168943235e-05
1.024424378592416e+03 2.316737383919005e-05
1.024631165911470e+03 2.317194846486287e-05
1.024837953230524e+03 2.317652457525190e-05
1.025044740549578e+03 2.318110387401561e-05
1.025251527868631e+03 2.318568470245226e-05
1.025458315187685e+03 2.319026776680051e-05
1.025665102506739e+03 2.319485416257348e-05
1.025871889825793e+03 2.319944061422808e-05
1.026078677144847e+03 2.320403168181902e-05
1.026285464463900e+03 2.320862281987585e-05
1.026492251782954e+03 2.321321741857018e-05
1.026699039102008e+03 2.321781331327522e-05
1.026905826421062e+03 2.322241241829417e-05
1.027112613740115e+03 2.322701258655592e-05
1.027319401059169e+03 2.323161622862664e-05
1.027526188378223e+03 2.323622133112375e-05
1.027732975697277e+03 2.324082903471973e-05
1.027939763016331e+03 2.324543883669448e-05
1.028146550335385e+03 2.325005088698153e-05
1.028353337654438e+03 2.325466510098468e-05
1.028560124973492e+03 2.325928152221079e-05
1.028766912292546e+03 2.326390025779147e-05
1.028973699611600e+03 2.326852093652641e-05
1.029180486930653e+03 2.327314458999151e-05
1.029387274249707e+03 2.327776940065577e-05
1.029594061568761e+03 2.328239780226434e-05
1.029800848887815e+03 2.328702728664400e-05
1.030007636206868e+03 2.329166004627248e-05
1.030214423525922e+03 2.329629359810543e-05
1.030421210844976e+03 2.330093148644730e-05
1.030627998164030e+03 2.330556862079929e-05
1.030834785483084e+03 2.331021074966077e-05
1.031041572802137e+03 2.331485339924775e-05
1.031248360121191e+03 2.331949879513677e-05
1.031455147440245e+03 2.332414713719318e-05
1.031661934759299e+03 2.332879645014144e-05
1.031868722078352e+03 2.333344933062807e-05
1.032075509397406e+03 2.333810353676511e-05
1.032282296716460e+03 2.334276033069848e-05
1.032489084035514e+03 2.334741958928014e-05
1.032695871354568e+03 2.335208066888933e-05
1.032902658673621e+03 2.335674447971930e-05
1.033109445992675e+03 2.336141014126978e-05
1.033316233311729e+03 2.336607845426797e-05
1.033523020630783e+03 2.337074859628184e-05
1.033729807949837e+03 2.337542125441127e-05
