0.000000000000000e+00 0.000000000000000e+00
2.067873190537780e-01 5.061125693461903e-07
4.135746381075561e-01 1.011747257752646e-06
6.203619571613341e-01 1.518121417654643e-06
8.271492762151121e-01 2.025021270546387e-06
1.033936595268890e+00 2.532709364193582e-06
1.240723914322668e+00 3.041381730047052e-06
1.447511233376446e+00 3.551236558909054e-06
1.654298552430224e+00 4.062474437207107e-06
1.861085871484002e+00 4.575299226131052e-06
2.067873190537780e+00 5.089917524900383e-06
2.274660509591558e+00 5.606539322092147e-06
2.481447828645337e+00 6.125378486280724e-06
2.688235147699114e+00 6.646653098239541e-06
2.895022466752893e+00 7.170586226832515e-06
3.101809785806670e+00 7.697406425687477e-06
3.308597104860449e+00 8.227348919402046e-06
3.515384423914227e+00 8.760656547348923e-06
3.722171742968005e+00 9.297581921662596e-06
3.928959062021783e+00 9.838389851462913e-06
4.135746381075561e+00 1.038336211140073e-05
4.342533700129339e+00 1.093280525025073e-05
4.549321019183116e+00 1.148705455090710e-05
4.756108338236895e+00 1.204633740473148e-05
4.962895657290673e+00 1.262422339529693e-05
5.169682976344451e+00 1.319765263152908e-05
5.376470295398229e+00 1.367680190414661e-05
5.583257614452007e+00 1.431750589837502e-05
5.790044933505786e+00 1.491102904230483e-05
5.996832252559564e+00 1.550757838941041e-05
6.203619571613340e+00 1.611015592078985e-05
6.410406890667120e+00 1.671901794831149e-05
6.617194209720897e+00 1.733788803689347e-05
6.823981528774675e+00 1.796351976020743e-05
7.030768847828455e+00 1.859797435943738e-05
7.237556166882230e+00 1.924165192151782e-05
7.444343485936010e+00 1.989504597110003e-05
7.651130804989787e+00 2.055866622210445e-05
7.857918124043566e+00 2.123304294989284e-05
8.064705443097344e+00 2.191872778382677e-05
8.271492762151121e+00 2.261629221183503e-05
8.478280081204900e+00 2.332632623500743e-05
8.685067400258678e+00 2.404943251413437e-05
8.891854719312455e+00 2.478621856647066e-05
9.098642038366233e+00 2.553728101848589e-05
9.305429357420012e+00 2.630317984991358e-05
9.512216676473789e+00 2.708439532547949e-05
9.719003995527569e+00 2.788125252708972e-05
9.925791314581346e+00 2.869378841070588e-05
1.013257863363512e+01 2.952150006931610e-05
1.033936595268890e+01 3.036320872276467e-05
1.054615327174268e+01 3.121482397782110e-05
1.075294059079646e+01 3.206942085456447e-05
1.095972790985024e+01 3.291001908562346e-05
1.116651522890401e+01 3.369574382175094e-05
1.137330254795779e+01 3.235748501504217e-05
1.158008986701157e+01 3.360368864206167e-05
1.178687718606535e+01 5.020820346450103e-05
1.199366450511913e+01 4.098240868405360e-05
1.220045182417290e+01 4.127332480047143e-05
1.240723914322668e+01 4.220446176492466e-05
1.261402646228046e+01 4.336687251851935e-05
1.282081378133424e+01 4.467352117923617e-05
1.302760110038802e+01 4.610100571957492e-05
1.323438841944179e+01 4.764713411192418e-05
1.344117573849557e+01 4.932016613990794e-05
1.364796305754935e+01 5.113585537894959e-05
1.385475037660313e+01 5.311730441111780e-05
1.406153769565691e+01 5.529639342839518e-05
1.426832501471068e+01 5.771671071888893e-05
1.447511233376446e+01 6.043849552655245e-05
1.468189965281824e+01 6.354684663080221e-05
1.488868697187202e+01 6.716567303875133e-05
1.509547429092580e+01 7.148251156703280e-05
1.530226160997957e+01 7.679541084316908e-05
1.550904892903335e+01 8.360866724029984e-05
1.571583624808713e+01 9.284922087267926e-05
1.592262356714091e+01 1.064279810521964e-04
1.612941088619469e+01 1.290203889233150e-04
1.633619820524847e+01 1.759058120247614e-04
1.654298552430224e+01 3.424149590395509e-04
1.674977284335602e+01 -8.765472351763595e-04
1.695656016240980e+01 -1.256528695783353e-04
1.716334748146358e+01 -4.419642487511664e-05
1.737013480051736e+01 -1.198268371819756e-05
1.757692211957113e+01 5.744993711768372e-06
1.778370943862491e+01 1.733438081962067e-05
1.799049675767869e+01 2.576833610417414e-05
1.819728407673247e+01 3.238235817778535e-05
1.840407139578625e+01 3.786531156731155e-05
1.861085871484002e+01 4.260967470331660e-05
1.881764603389380e+01 4.685654574878628e-05
1.902443335294758e+01 5.076320620074792e-05
1.923122067200136e+01 5.443757898265191e-05
1.943800799105514e+01 5.795709797030304e-05
1.964479531010891e+01 6.137966260106481e-05
1.985158262916269e+01 6.475031009982856e-05
2.005836994821647e+01 6.810546895338863e-05
2.026515726727025e+01 7.147577740026001e-05
2.047194458632403e+01 7.488803722214257e-05
2.067873190537781e+01 7.836663768972286e-05
2.088551922443158e+01 8.193464521591660e-05
2.109230654348536e+01 8.561472919800257e-05
2.129909386253914e+01 8.943002828429602e-05
2.150588118159292e+01 9.340509094749577e-05
2.171266850064670e+01 9.756762121576123e-05
2.191945581970047e+01 1.019487233403301e-04
2.212624313875425e+01 1.065889425227186e-04
2.233303045780803e+01 1.115487801660409e-04
2.253981777686181e+01 1.169327038556834e-04
2.274660509591558e+01 1.230175994366263e-04
2.295339241496936e+01 1.312919148147258e-04
2.316017973402314e+01 1.153187783886113e-04
2.336696705307692e+01 1.363518647353232e-04
2.357375437213069e+01 1.448007758037394e-04
2.378054169118447e+01 1.529821888439786e-04
2.398732901023826e+01 1.615887119150469e-04
2.419411632929203e+01 1.708614911846587e-04
2.440090364834581e+01 1.809710190731227e-04
2.460769096739959e+01 1.920855980719071e-04
2.481447828645336e+01 2.043956343249469e-04
2.502126560550714e+01 2.181295316492053e-04
2.522805292456092e+01 2.335699559943962e-04
2.543484024361470e+01 2.510744813958310e-04
2.564162756266848e+01 2.711043199717501e-04
2.584841488172226e+01 2.942662137168319e-04
2.605520220077603e+01 3.213757694031549e-04
2.626198951982981e+01 3.535565567420262e-04
2.646877683888359e+01 3.924012700131855e-04
2.667556415793737e+01 4.402456532321381e-04
2.688235147699114e+01 5.006595679422945e-04
2.708913879604492e+01 5.793866821306909e-04
2.729592611509870e+01 6.862966940924743e-04
2.750271343415248e+01 8.399024260048650e-04
2.770950075320626e+01 1.079473676515693e-03
2.791628807226003e+01 1.505468695149135e-03
2.812307539131382e+01 2.474261013070553e-03
2.832986271036759e+01 6.855100998564482e-03
2.853665002942137e+01 -9.017807539730940e-03
2.874343734847515e+01 -2.733822984570648e-03
2.895022466752892e+01 -1.614822104430139e-03
2.915701198658271e+01 -1.147604322194551e-03
2.936379930563648e+01 -8.910630397562177e-04
2.957058662469026e+01 -7.288599318454644e-04
2.977737394374404e+01 -6.169968627525594e-04
2.998416126279782e+01 -5.351534413505479e-04
3.019094858185160e+01 -4.726477580525846e-04
3.039773590090537e+01 -4.233274170938158e-04
3.060452321995915e+01 -3.833986287554938e-04
3.081131053901293e+01 -3.503946907556294e-04
3.101809785806670e+01 -3.226422456942191e-04
3.122488517712049e+01 -2.989659456375597e-04
3.143167249617427e+01 -2.785158871877063e-04
3.163845981522804e+01 -2.606621198010496e-04
3.184524713428182e+01 -2.449276626264811e-04
3.205203445333559e+01 -2.309445362127995e-04
3.225882177238937e+01 -2.184240549262002e-04
3.246560909144315e+01 -2.071361395904780e-04
3.267239641049694e+01 -1.968943617761344e-04
3.287918372955071e+01 -1.875439142370436e-04
3.308597104860448e+01 -1.789468266053706e-04
3.329275836765827e+01 -1.709126862343997e-04
3.349954568671205e+01 -1.643627102527455e-04
3.370633300576582e+01 -1.571997286648511e-04
3.391312032481960e+01 -1.508021227975819e-04
3.411990764387338e+01 -1.448220777800262e-04
3.432669496292716e+01 -1.391954151895082e-04
3.453348228198093e+01 -1.338785726028355e-04
3.474026960103471e+01 -1.288173567237976e-04
3.494705692008849e+01 -1.239848517805898e-04
3.515384423914227e+01 -1.193483250066389e-04
3.536063155819605e+01 -1.148744829828554e-04
3.556741887724982e+01 -1.105336916771166e-04
3.577420619630360e+01 -1.062963110749170e-04
3.598099351535738e+01 -1.021321015321927e-04
3.618778083441116e+01 -9.800925851137049e-05
3.639456815346493e+01 -9.389318238612128e-05
3.660135547251871e+01 -8.974492752133346e-05
3.680814279157249e+01 -8.551909271463514e-05
3.701493011062627e+01 -8.116089856604955e-05
3.722171742968005e+01 -7.660193302052131e-05
3.742850474873383e+01 -7.175377707141878e-05
3.763529206778760e+01 -6.649807311329016e-05
3.784207938684138e+01 -6.067042590685080e-05
3.804886670589516e+01 -5.403307954420751e-05
3.825565402494894e+01 -4.622594721064163e-05
3.846244134400271e+01 -3.667285595720047e-05
3.866922866305649e+01 -2.438674970820890e-05
3.887601598211027e+01 -7.518022427733563e-06
3.908280330116405e+01 1.785888093256571e-05
3.928959062021783e+01 6.180800043824180e-05
3.949637793927160e+01 1.602654570782391e-04
3.970316525832538e+01 6.078410292842875e-04
3.990995257737916e+01 -9.500893210895976e-04
4.011673989643294e+01 -3.498350058448746e-04
4.032352721548672e+01 -2.400949439775958e-04
4.053031453454049e+01 -1.929742396885801e-04
4.073710185359428e+01 -1.665832835702893e-04
4.094388917264806e+01 -1.494920036622950e-04
4.115067649170182e+01 -1.373838734351861e-04
4.135746381075561e+01 -1.282625808553508e-04
4.156425112980939e+01 -1.210770639728421e-04
4.177103844886317e+01 -1.152208644187558e-04
4.197782576791694e+01 -1.103192759775605e-04
4.218461308697072e+01 -1.061280684377620e-04
4.239140040602450e+01 -1.024810613516129e-04
4.259818772507828e+01 -9.926107142652496e-05
4.280497504413205e+01 -9.638290920791357e-05
4.301176236318583e+01 -9.378294939147125e-05
4.321854968223960e+01 -9.141244490906979e-05
4.342533700129339e+01 -8.923305024740895e-05
4.363212432034717e+01 -8.721362085979545e-05
4.383891163940095e+01 -8.532764850454773e-05
4.404569895845473e+01 -8.355067352089518e-05
4.425248627750850e+01 -8.185648473331650e-05
4.445927359656228e+01 -8.020859412859874e-05
4.466606091561606e+01 -7.853182029380200e-05
4.487284823466984e+01 -7.655756965460828e-05
4.507963555372361e+01 -7.082276748859220e-05
4.528642287277739e+01 -7.829954495335122e-05
4.549321019183117e+01 -7.546414049532315e-05
4.569999751088494e+01 -7.392638603977252e-05
4.590678482993872e+01 -7.266630654005836e-05
4.611357214899250e+01 -7.153245527204324e-05
4.632035946804628e+01 -7.047788088643734e-05
4.652714678710007e+01 -6.948192887092982e-05
4.673393410615384e+01 -6.853366634666880e-05
4.694072142520761e+01 -6.762617869682843e-05
4.714750874426139e+01 -6.675467985908226e-05
4.735429606331518e+01 -6.591558692965976e-05
4.756108338236895e+01 -6.510606837599430e-05
4.776787070142273e+01 -6.432379528666838e-05
4.797465802047651e+01 -6.356679722940519e-05
4.818144533953028e+01 -6.283337108536402e-05
4.838823265858406e+01 -6.212202010460837e-05
4.859501997763784e+01 -6.143141339503072e-05
4.880180729669161e+01 -6.076035397749918e-05
4.900859461574539e+01 -6.010775689049666e-05
4.921538193479918e+01 -5.947262985711897e-05
4.942216925385296e+01 -5.885405691386649e-05
4.962895657290672e+01 -5.825117817157235e-05
4.983574389196050e+01 -5.766313505077030e-05
5.004253121101429e+01 -5.708825822310894e-05
5.024931853006806e+01 -5.653049696458002e-05
5.045610584912185e+01 -5.598259020072983e-05
5.066289316817563e+01 -5.544706006339979e-05
5.086968048722940e+01 -5.492275826707240e-05
5.107646780628317e+01 -5.440908128415095e-05
5.128325512533696e+01 -5.389093389911805e-05
5.149004244439072e+01 -5.332329486532507e-05
5.169682976344451e+01 -5.301570078178150e-05
5.190361708249829e+01 -5.250921398899149e-05
5.211040440155207e+01 -5.204004419259209e-05
5.231719172060583e+01 -5.158468022090497e-05
5.252397903965962e+01 -5.113952596487404e-05
5.273076635871340e+01 -5.070328195021267e-05
5.293755367776718e+01 -5.027521292767680e-05
5.314434099682096e+01 -4.985477219380896e-05
5.335112831587474e+01 -4.944148851619279e-05
5.355791563492851e+01 -4.903491258805489e-05
5.376470295398229e+01 -4.863459094861884e-05
5.397149027303607e+01 -4.824004220613568e-05
5.417827759208985e+01 -4.785073246646577e-05
5.438506491114362e+01 -4.746604447231316e-05
5.459185223019740e+01 -4.708523100889534e-05
5.479863954925119e+01 -4.670734555344940e-05
5.500542686830495e+01 -4.633112897402292e-05
5.521221418735873e+01 -4.595481418176789e-05
5.541900150641251e+01 -4.557578043003457e-05
5.562578882546629e+01 -4.518988444743948e-05
5.583257614452007e+01 -4.479010095410542e-05
5.603936346357386e+01 -4.436359435894376e-05
5.624615078262764e+01 -4.388663349273706e-05
5.645293810168140e+01 -4.342306973208891e-05
5.665972542073518e+01 -4.170636711101524e-05
5.686651273978897e+01 -2.558496157230963e-05
5.707330005884273e+01 -4.613050155495402e-05
5.728008737789652e+01 -4.434793277274100e-05
5.748687469695030e+01 -4.360967128909269e-05
5.769366201600408e+01 -4.310804253358381e-05
5.790044933505784e+01 -4.269941979729724e-05
5.810723665411163e+01 -4.233815276122388e-05
5.831402397316541e+01 -4.200517168969134e-05
5.852081129221919e+01 -4.169107685839781e-05
5.872759861127297e+01 -4.139067717449965e-05
5.893438593032675e+01 -4.110085834450394e-05
5.914117324938052e+01 -4.081962440463974e-05
5.934796056843430e+01 -4.054562822657215e-05
5.955474788748808e+01 -4.027791943927304e-05
5.976153520654186e+01 -4.001580139163681e-05
5.996832252559563e+01 -3.975874769977911e-05
6.017510984464941e+01 -3.950634722358123e-05
6.038189716370320e+01 -3.925827207966583e-05
6.058868448275696e+01 -3.901425323572756e-05
6.079547180181074e+01 -3.877406569926966e-05
6.100225912086452e+01 -3.853751632637630e-05
6.120904643991830e+01 -3.830443311315984e-05
6.141583375897208e+01 -3.807465003405032e-05
6.162262107802587e+01 -3.784794572650749e-05
6.182940839707963e+01 -3.762171496152991e-05
6.203619571613341e+01 -3.740522173799468e-05
6.224298303518719e+01 -3.718734370211407e-05
6.244977035424098e+01 -3.697250579904087e-05
6.265655767329474e+01 -3.676030450865380e-05
6.286334499234853e+01 -3.654944187382646e-05
6.307013231140231e+01 -3.634600612041621e-05
6.327691963045609e+01 -3.614118106162567e-05
6.348370694950985e+01 -3.593932830479946e-05
6.369049426856364e+01 -3.573997827443853e-05
6.389728158761742e+01 -3.554301180401285e-05
6.410406890667119e+01 -3.534835592268589e-05
6.431085622572498e+01 -3.515595312553896e-05
6.451764354477875e+01 -3.496574872707904e-05
6.472443086383252e+01 -3.477769337210849e-05
6.493121818288630e+01 -3.459173845761703e-05
6.513800550194009e+01 -3.440783753099223e-05
6.534479282099387e+01 -3.422594513278556e-05
6.555158014004763e+01 -3.404601585660777e-05
6.575836745910142e+01 -3.386800469236820e-05
6.596515477815520e+01 -3.369186516833122e-05
6.617194209720897e+01 -3.351754892123760e-05
6.637872941626274e+01 -3.334500360536935e-05
6.658551673531653e+01 -3.317416841229624e-05
6.679230405437031e+01 -3.300496729484105e-05
6.699909137342409e+01 -3.283731090703590e-05
6.720587869247785e+01 -3.267103662411303e-05
6.741266601153164e+01 -3.250588210203057e-05
6.761945333058542e+01 -3.234127697172541e-05
6.782624064963920e+01 -3.217561093882662e-05
6.803302796869298e+01 -3.200186800391630e-05
6.823981528774675e+01 -3.158051762806708e-05
6.844660260680054e+01 -3.176294995459101e-05
6.865338992585431e+01 -3.158569707620803e-05
6.886017724490809e+01 -3.142779496346260e-05
6.906696456396186e+01 -3.127360464197732e-05
6.927375188301565e+01 -3.112216160770068e-05
6.948053920206942e+01 -3.097278267374852e-05
6.968732652112320e+01 -3.082516519851015e-05
6.989411384017698e+01 -3.067914930552605e-05
7.010090115923076e+01 -3.053463650529599e-05
7.030768847828453e+01 -3.039156144738699e-05
7.051447579733831e+01 -3.024987457701315e-05
7.072126311639209e+01 -3.010953732504738e-05
7.092805043544588e+01 -2.997051765789755e-05
7.113483775449964e+01 -2.983278742852423e-05
7.134162507355342e+01 -2.969632288012457e-05
7.154841239260720e+01 -2.956110155851301e-05
7.175519971166098e+01 -2.942710475075379e-05
7.196198703071475e+01 -2.929431544331765e-05
7.216877434976854e+01 -2.916272042620551e-05
7.237556166882231e+01 -2.903231158760518e-05
7.258234898787610e+01 -2.890309034851577e-05
7.278913630692986e+01 -2.877508193737216e-05
7.299592362598365e+01 -2.864838042773652e-05
7.320271094503742e+01 -2.852393379380772e-05
7.340949826409121e+01 -2.840060044885436e-05
7.361628558314499e+01 -2.823502072913153e-05
7.382307290219876e+01 -2.814449483894866e-05
7.402986022125253e+01 -2.802459085400254e-05
7.423664754030632e+01 -2.790442934009306e-05
7.444343485936010e+01 -2.778492146514960e-05
7.465022217841387e+01 -2.766625779047939e-05
7.485700949746766e+01 -2.754849826002702e-05
7.506379681652143e+01 -2.743165650943403e-05
7.527058413557521e+01 -2.731573939941122e-05
7.547737145462898e+01 -2.720074311858448e-05
7.568415877368277e+01 -2.708666426170104e-05
7.589094609273654e+01 -2.697349505854341e-05
7.609773341179032e+01 -2.686122980338024e-05
7.630452073084410e+01 -2.674986170358287e-05
7.651130804989788e+01 -2.663938541705099e-05
7.671809536895165e+01 -2.652979696076525e-05
7.692488268800543e+01 -2.642109381542860e-05
7.713167000705921e+01 -2.631327679378777e-05
7.733845732611299e+01 -2.620635030671526e-05
7.754524464516676e+01 -2.610032505085648e-05
7.775203196422055e+01 -2.599522097981074e-05
7.795881928327434e+01 -2.589107244934749e-05
7.816560660232810e+01 -2.578794023495307e-05
7.837239392138187e+01 -2.568593045251891e-05
7.857918124043566e+01 -2.558519919323362e-05
7.878596855948943e+01 -2.548624935191910e-05
7.899275587854321e+01 -2.538990227962094e-05
7.919954319759700e+01 -2.529886337073386e-05
7.940633051665077e+01 -2.522550213339220e-05
7.961311783570454e+01 -2.563165535992792e-05
7.981990515475832e+01 -2.490381373522803e-05
8.002669247381210e+01 -2.484114568113909e-05
8.023347979286588e+01 -2.475681409371592e-05
8.044026711191967e+01 -2.466612517922637e-05
8.064705443097344e+01 -2.457384878488907e-05
8.085384175002720e+01 -2.448113793315664e-05
8.106062906908099e+01 -2.438846785555341e-05
8.126741638813478e+01 -2.429606929553432e-05
8.147420370718855e+01 -2.420406532158151e-05
8.168099102624232e+01 -2.411252824170604e-05
8.188777834529611e+01 -2.402150082367288e-05
8.209456566434989e+01 -2.393101073403829e-05
8.230135298340365e+01 -2.384107609534116e-05
8.250814030245743e+01 -2.375170895176190e-05
8.271492762151122e+01 -2.366291924564939e-05
8.292171494056500e+01 -2.357471432544767e-05
8.312850225961877e+01 -2.348710329303461e-05
8.333528957867256e+01 -2.340009622437802e-05
8.354207689772633e+01 -2.331370825761145e-05
8.374886421678011e+01 -2.322796264517755e-05
8.395565153583388e+01 -2.314289791869280e-05
8.416243885488767e+01 -2.305858303876836e-05
8.436922617394144e+01 -2.297514787906457e-05
8.457601349299522e+01 -2.289287656396772e-05
8.478280081204900e+01 -2.281253163238862e-05
8.498958813110278e+01 -2.273347452855269e-05
8.519637545015655e+01 -2.267797152289580e-05
8.540316276921033e+01 -2.245380281797530e-05
8.560995008826410e+01 -2.244913434350150e-05
8.581673740731787e+01 -2.237821377031183e-05
8.602352472637166e+01 -2.230171561566171e-05
8.623031204542544e+01 -2.222387250209837e-05
8.643709936447921e+01 -2.214572043561437e-05
8.664388668353300e+01 -2.206763443517222e-05
8.685067400258679e+01 -2.198978033303390e-05
8.705746132164056e+01 -2.191224421105488e-05
8.726424864069433e+01 -2.183507054108210e-05
8.747103595974812e+01 -2.175828674584417e-05
8.767782327880190e+01 -2.168190773487783e-05
8.788461059785567e+01 -2.160594270275408e-05
8.809139791690946e+01 -2.153039671263295e-05
8.829818523596322e+01 -2.145527191995805e-05
8.850497255501701e+01 -2.138056918785059e-05
8.871175987407076e+01 -2.130628790221721e-05
8.891854719312455e+01 -2.123242670463030e-05
8.912533451217834e+01 -2.115898369707855e-05
8.933212183123212e+01 -2.108595628441428e-05
8.953890915028589e+01 -2.101334223672515e-05
8.974569646933968e+01 -2.094113824474897e-05
8.995248378839345e+01 -2.086932622842304e-05
9.015927110744722e+01 -2.079793571462100e-05
9.036605842650101e+01 -2.072699995739931e-05
9.057284574555479e+01 -2.065637618809272e-05
9.077963306460856e+01 -2.058617366794269e-05
9.098642038366233e+01 -2.051637898748507e-05
9.119320770271611e+01 -2.044693939611317e-05
9.139999502176988e+01 -2.037789019901348e-05
9.160678234082367e+01 -2.030924531377254e-05
9.181356965987744e+01 -2.024096740049990e-05
9.202035697893122e+01 -2.017306398102785e-05
9.222714429798501e+01 -2.010553161883842e-05
9.243393161703878e+01 -2.003836729519469e-05
9.264071893609257e+01 -1.997156821428764e-05
9.284750625514634e+01 -1.990513071618536e-05
9.305429357420013e+01 -1.983905267929191e-05
9.326108089325390e+01 -1.977333059505180e-05
9.346786821230768e+01 -1.970796212329189e-05
9.367465553136144e+01 -1.964294473573081e-05
9.388144285041523e+01 -1.957827579454768e-05
9.408823016946901e+01 -1.951395367474079e-05
9.429501748852277e+01 -1.944997606837195e-05
9.450180480757656e+01 -1.938634248639902e-05
9.470859212663035e+01 -1.932305210138196e-05
9.491537944568412e+01 -1.926010603887399e-05
9.512216676473790e+01 -1.919750724352170e-05
9.532895408379169e+01 -1.913526195506715e-05
9.553574140284546e+01 -1.907338403960166e-05
9.574252872189923e+01 -1.901189989648796e-05
9.594931604095302e+01 -1.895087265287981e-05
9.615610336000680e+01 -1.889047450134291e-05
9.636289067906057e+01 -1.883045923816556e-05
9.656967799811434e+01 -1.877608159191721e-05
9.677646531716812e+01 -1.868541570124248e-05
9.698325263622189e+01 -1.864155815792815e-05
9.719003995527568e+01 -1.858412698084449e-05
9.739682727432945e+01 -1.852569981356231e-05
9.760361459338323e+01 -1.846716494322264e-05
9.781040191243702e+01 -1.840874757730567e-05
9.801718923149079e+01 -1.835052805768891e-05
9.822397655054458e+01 -1.829254059809535e-05
9.843076386959835e+01 -1.823480373480781e-05
9.863755118865214e+01 -1.817732458413719e-05
9.884433850770591e+01 -1.812010868533377e-05
9.905112582675969e+01 -1.806315742273488e-05
9.925791314581345e+01 -1.800647175364556e-05
9.946470046486724e+01 -1.795005136471828e-05
9.967148778392101e+01 -1.789389541805102e-05
9.987827510297478e+01 -1.783800289019469e-05
1.000850624220286e+02 -1.778237241830439e-05
1.002918497410824e+02 -1.772700235153587e-05
1.004986370601361e+02 -1.767189117193021e-05
1.007054243791899e+02 -1.761703705820435e-05
1.009122116982437e+02 -1.756243845742177e-05
1.011189990172975e+02 -1.750809320973999e-05
1.013257863363513e+02 -1.745400008636363e-05
1.015325736554050e+02 -1.740015774907232e-05
1.017393609744588e+02 -1.734655970394302e-05
1.019461482935126e+02 -1.729322987579843e-05
1.021529356125663e+02 -1.724008551992669e-05
1.023597229316201e+02 -1.718722884372637e-05
1.025665102506739e+02 -1.713460706855144e-05
1.027732975697277e+02 -1.708222712153529e-05
1.029800848887814e+02 -1.703007583482411e-05
1.031868722078352e+02 -1.697816222017689e-05
1.033936595268890e+02 -1.692648215679483e-05
1.036004468459428e+02 -1.687503319960833e-05
1.038072341649966e+02 -1.682381382862666e-05
1.040140214840504e+02 -1.677282250972018e-05
1.042208088031041e+02 -1.672205696198184e-05
1.044275961221579e+02 -1.667151626039484e-05
1.046343834412117e+02 -1.662119801437760e-05
1.048411707602655e+02 -1.657110108960845e-05
1.050479580793192e+02 -1.652122379005003e-05
1.052547453983730e+02 -1.647156440823729e-05
1.054615327174268e+02 -1.642212174580953e-05
1.056683200364806e+02 -1.637289395424288e-05
1.058751073555344e+02 -1.632388019344273e-05
1.060818946745881e+02 -1.627507881190013e-05
1.062886819936419e+02 -1.622648909583001e-05
1.064954693126957e+02 -1.617811035803931e-05
1.067022566317495e+02 -1.612994247765044e-05
1.069090439508033e+02 -1.608198640636736e-05
1.071158312698570e+02 -1.603424423119851e-05
1.073226185889108e+02 -1.598672581626139e-05
1.075294059079646e+02 -1.593945159740159e-05
1.077361932270183e+02 -1.589250145823452e-05
1.079429805460721e+02 -1.584642735511139e-05
1.081497678651259e+02 -1.579493092217932e-05
1.083565551841797e+02 -1.575074388554545e-05
1.085633425032335e+02 -1.570467608521574e-05
1.087701298222872e+02 -1.565860174997001e-05
1.089769171413410e+02 -1.561265518512371e-05
1.091837044603948e+02 -1.556686992769550e-05
1.093904917794486e+02 -1.552125772982144e-05
1.095972790985024e+02 -1.547582268362365e-05
1.098040664175561e+02 -1.543056752294492e-05
1.100108537366099e+02 -1.538549133673053e-05
1.102176410556637e+02 -1.534059499703695e-05
1.104244283747175e+02 -1.529587714895254e-05
1.106312156937713e+02 -1.525133741065411e-05
1.108380030128250e+02 -1.520697452226262e-05
1.110447903318788e+02 -1.516278762115504e-05
1.112515776509326e+02 -1.511877556654057e-05
1.114583649699864e+02 -1.507493733314975e-05
1.116651522890401e+02 -1.503127163229000e-05
1.118719396080939e+02 -1.498777754573340e-05
1.120787269271477e+02 -1.494445388996045e-05
1.122855142462015e+02 -1.490129955346623e-05
1.124923015652553e+02 -1.485831340387518e-05
1.126990888843090e+02 -1.481549470680565e-05
1.129058762033628e+02 -1.477284250086997e-05
1.131126635224166e+02 -1.473035382492732e-05
1.133194508414704e+02 -1.468803741364645e-05
1.135262381605241e+02 -1.464587652314596e-05
1.137330254795779e+02 -1.460397394365096e-05
1.139398127986317e+02 -1.456196362893123e-05
1.141466001176855e+02 -1.452030655968399e-05
1.143533874367393e+02 -1.447878887261071e-05
1.145601747557930e+02 -1.443742396663718e-05
1.147669620748468e+02 -1.439621402477350e-05
1.149737493939006e+02 -1.435515800988491e-05
1.151805367129544e+02 -1.431425555890252e-05
1.153873240320082e+02 -1.427350586273681e-05
1.155941113510619e+02 -1.423290751249034e-05
1.158008986701157e+02 -1.419246022227857e-05
1.160076859891695e+02 -1.415216227412386e-05
1.162144733082233e+02 -1.411201326373483e-05
1.164212606272770e+02 -1.407201198916623e-05
1.166280479463308e+02 -1.403215745021751e-05
1.168348352653846e+02 -1.399244888693601e-05
1.170416225844384e+02 -1.395288510766465e-05
1.172484099034921e+02 -1.391346544755355e-05
1.174551972225459e+02 -1.387418866738681e-05
1.176619845415997e+02 -1.383505411899885e-05
1.178687718606535e+02 -1.379606089347404e-05
1.180755591797073e+02 -1.375720809420831e-05
1.182823464987610e+02 -1.371849491219829e-05
1.184891338178148e+02 -1.367992079576413e-05
1.186959211368686e+02 -1.364148535003784e-05
1.189027084559224e+02 -1.360318841987440e-05
1.191094957749762e+02 -1.356503421224359e-05
1.193162830940299e+02 -1.352705088580361e-05
1.195230704130837e+02 -1.348891379005141e-05
1.197298577321375e+02 -1.345126823697129e-05
1.199366450511913e+02 -1.341365352836626e-05
1.201434323702451e+02 -1.337615933796233e-05
1.203502196892988e+02 -1.333879325938525e-05
1.205570070083526e+02 -1.330155523894331e-05
1.207637943274064e+02 -1.326444543141770e-05
1.209705816464602e+02 -1.322746322823695e-05
1.211773689655139e+02 -1.319060845648682e-05
1.213841562845677e+02 -1.315387953713265e-05
1.215909436036215e+02 -1.311727669460081e-05
1.217977309226753e+02 -1.308079843878603e-05
1.220045182417290e+02 -1.304444455358253e-05
1.222113055607828e+02 -1.300821380561010e-05
1.224180928798366e+02 -1.297210586869433e-05
1.226248801988904e+02 -1.293611969642229e-05
1.228316675179442e+02 -1.290025470836032e-05
1.230384548369979e+02 -1.286451001132910e-05
1.232452421560517e+02 -1.282888504770431e-05
1.234520294751055e+02 -1.279337905754477e-05
1.236588167941593e+02 -1.275799117475456e-05
1.238656041132131e+02 -1.272272100411331e-05
1.240723914322668e+02 -1.268756774748033e-05
1.242791787513206e+02 -1.265253068814209e-05
1.244859660703744e+02 -1.261760963152014e-05
1.246927533894282e+02 -1.258280458358816e-05
1.248995407084820e+02 -1.254811717322585e-05
1.251063280275357e+02 -1.251359824016364e-05
1.253131153465895e+02 -1.247902658615592e-05
1.255199026656433e+02 -1.244468534714507e-05
1.257266899846971e+02 -1.241044463137440e-05
1.259334773037508e+02 -1.237631192705880e-05
1.261402646228046e+02 -1.234228871043412e-05
1.263470519418584e+02 -1.230837401650976e-05
1.265538392609122e+02 -1.227456786271167e-05
1.267606265799659e+02 -1.224086963325327e-05
1.269674138990197e+02 -1.220727842474178e-05
1.271742012180735e+02 -1.217379419646549e-05
1.273809885371273e+02 -1.214041565813212e-05
1.275877758561811e+02 -1.210714276608751e-05
1.277945631752348e+02 -1.207397458811899e-05
1.280013504942886e+02 -1.204091056371133e-05
1.282081378133424e+02 -1.200795023673615e-05
1.284149251323962e+02 -1.197509284496726e-05
1.286217124514500e+02 -1.194233790752150e-05
1.288284997705037e+02 -1.190968469030157e-05
1.290352870895575e+02 -1.187713274317958e-05
1.292420744086113e+02 -1.184468145285558e-05
1.294488617276650e+02 -1.181233016070861e-05
1.296556490467188e+02 -1.178007838991538e-05
1.298624363657726e+02 -1.174792571461817e-05
1.300692236848264e+02 -1.171587116933759e-05
1.302760110038802e+02 -1.168391447433453e-05
1.304827983229339e+02 -1.165205480836555e-05
1.306895856419877e+02 -1.162029241730533e-05
1.308963729610415e+02 -1.158862567321768e-05
1.311031602800953e+02 -1.155705467650448e-05
1.313099475991491e+02 -1.152557874161363e-05
1.315167349182028e+02 -1.149419709230468e-05
1.317235222372566e+02 -1.146290984824377e-05
1.319303095563104e+02 -1.143171580275277e-05
1.321370968753642e+02 -1.140061466069217e-05
1.323438841944179e+02 -1.136960601212712e-05
1.325506715134717e+02 -1.133868935289700e-05
1.327574588325255e+02 -1.130786377999251e-05
1.329642461515793e+02 -1.127712945976864e-05
1.331710334706331e+02 -1.124648522415081e-05
1.333778207896868e+02 -1.121593113515923e-05
1.335846081087406e+02 -1.118546612842723e-05
1.337913954277944e+02 -1.115509034445313e-05
1.339981827468482e+02 -1.112480274520818e-05
1.342049700659020e+02 -1.109460316769204e-05
1.344117573849557e+02 -1.106449099250459e-05
1.346185447040095e+02 -1.103446578147404e-05
1.348253320230633e+02 -1.100452711292256e-05
1.350321193421171e+02 -1.097467424919385e-05
1.352389066611708e+02 -1.094490728636719e-05
1.354456939802246e+02 -1.091522520392865e-05
1.356524812992784e+02 -1.088562786931987e-05
1.358592686183322e+02 -1.085611496811383e-05
1.360660559373860e+02 -1.082668592155436e-05
1.362728432564398e+02 -1.079734151552465e-05
1.364796305754935e+02 -1.076809538601295e-05
1.366864178945473e+02 -1.073888560797615e-05
1.368932052136011e+02 -1.070979022491703e-05
1.370999925326548e+02 -1.068077367643725e-05
1.373067798517086e+02 -1.065183731298297e-05
1.375135671707624e+02 -1.062298170376174e-05
1.377203544898162e+02 -1.059420583270831e-05
1.379271418088699e+02 -1.056550984022749e-05
1.381339291279237e+02 -1.053689317130701e-05
1.383407164469775e+02 -1.050835525315947e-05
1.385475037660313e+02 -1.047989612101727e-05
1.387542910850851e+02 -1.045151481176582e-05
1.389610784041388e+02 -1.042321141784176e-05
1.391678657231926e+02 -1.039498518935732e-05
1.393746530422464e+02 -1.036683581457917e-05
1.395814403613002e+02 -1.033876301899919e-05
1.397882276803540e+02 -1.031076623909622e-05
1.399950149994077e+02 -1.028284517206774e-05
1.402018023184615e+02 -1.025499939708187e-05
1.404085896375153e+02 -1.022722852405667e-05
1.406153769565691e+02 -1.019953217413426e-05
1.408221642756228e+02 -1.017190987074995e-05
1.410289515946766e+02 -1.014436143325624e-05
1.412357389137304e+02 -1.011688641773150e-05
1.414425262327842e+02 -1.008948423799786e-05
1.416493135518380e+02 -1.006215487804067e-05
1.418561008708918e+02 -1.003489757091801e-05
1.420628881899455e+02 -1.000771234402341e-05
1.422696755089993e+02 -9.980599187948393e-06
1.424764628280531e+02 -9.953556197012642e-06
1.426832501471068e+02 -9.926584212135279e-06
1.428900374661606e+02 -9.899682851824481e-06
1.430968247852144e+02 -9.872851584007769e-06
1.433036121042682e+02 -9.846090017670833e-06
1.435103994233220e+02 -9.819397735360113e-06
1.437171867423757e+02 -9.792774664318507e-06
1.439239740614295e+02 -9.766220196457237e-06
1.441307613804833e+02 -9.739733956544227e-06
1.443375486995371e+02 -9.713315998352901e-06
1.445443360185909e+02 -9.686965419914579e-06
1.447511233376446e+02 -9.660682426796139e-06
1.449579106566984e+02 -9.634466098258989e-06
1.451646979757522e+02 -9.608316826689824e-06
1.453714852948060e+02 -9.582233537100454e-06
1.455782726138597e+02 -9.556216450093114e-06
1.457850599329135e+02 -9.530265036461282e-06
1.459918472519673e+02 -9.504378890067344e-06
1.461986345710211e+02 -9.478557893805856e-06
1.464054218900748e+02 -9.452801338655282e-06
1.466122092091286e+02 -9.427109586612818e-06
1.468189965281824e+02 -9.401481457796650e-06
1.470257838472362e+02 -9.375917408990358e-06
1.472325711662900e+02 -9.350416802690450e-06
1.474393584853437e+02 -9.324979223206299e-06
1.476461458043975e+02 -9.299604774562825e-06
1.478529331234513e+02 -9.274294254814159e-06
1.480597204425051e+02 -9.249041698604714e-06
1.482665077615588e+02 -9.223854037918603e-06
1.484732950806126e+02 -9.198727945120632e-06
1.486800823996664e+02 -9.173662900008220e-06
1.488868697187202e+02 -9.148659178698709e-06
1.490936570377740e+02 -9.123715890068717e-06
1.493004443568277e+02 -9.098833195424081e-06
1.495072316758815e+02 -9.074010637226172e-06
1.497140189949353e+02 -9.049247818715081e-06
1.499208063139891e+02 -9.024544830785976e-06
1.501275936330429e+02 -8.999900945456363e-06
1.503343809520966e+02 -8.975316297349579e-06
1.505411682711504e+02 -8.950790296937750e-06
1.507479555902042e+02 -8.926322772345741e-06
1.509547429092580e+02 -8.901913539750538e-06
1.511615302283117e+02 -8.877562132084255e-06
1.513683175473655e+02 -8.853268436685237e-06
1.515751048664193e+02 -8.829032149626765e-06
1.517818921854731e+02 -8.804852934486278e-06
1.519886795045269e+02 -8.780730587821366e-06
1.521954668235806e+02 -8.756664743017291e-06
1.524022541426344e+02 -8.732655335964835e-06
1.526090414616882e+02 -8.708701884680324e-06
1.528158287807420e+02 -8.684804221511741e-06
1.530226160997958e+02 -8.660962279199264e-06
1.532294034188495e+02 -8.637175440988360e-06
1.534361907379033e+02 -8.613443667732422e-06
1.536429780569571e+02 -8.589766880992777e-06
1.538497653760109e+02 -8.566144338197065e-06
1.540565526950646e+02 -8.542576027895315e-06
1.542633400141184e+02 -8.519061990847356e-06
1.544701273331722e+02 -8.495601454404546e-06
1.546769146522260e+02 -8.472194641262903e-06
1.548837019712797e+02 -8.448840889303797e-06
1.550904892903335e+02 -8.425540391223898e-06
1.552972766093873e+02 -8.402292531801522e-06
1.555040639284411e+02 -8.379097220734241e-06
1.557108512474949e+02 -8.355954452449081e-06
1.559176385665487e+02 -8.332863489703198e-06
1.561244258856024e+02 -8.309824639153383e-06
1.563312132046562e+02 -8.286837081640777e-06
1.565380005237100e+02 -8.263901281768419e-06
1.567447878427637e+02 -8.241016192551199e-06
1.569515751618175e+02 -8.218182333049671e-06
1.571583624808713e+02 -8.195399109882638e-06
1.573651497999251e+02 -8.172666224444850e-06
1.575719371189789e+02 -8.149983785827482e-06
1.577787244380326e+02 -8.127351052009074e-06
1.579855117570864e+02 -8.104768496975748e-06
1.581922990761402e+02 -8.082234953706184e-06
1.583990863951940e+02 -8.059751244143623e-06
1.586058737142478e+02 -8.037316421167557e-06
1.588126610333015e+02 -8.014930437122098e-06
1.590194483523553e+02 -7.992593386574256e-06
1.592262356714091e+02 -7.970304659055260e-06
1.594330229904629e+02 -7.948064113518935e-06
1.596398103095166e+02 -7.925871737119466e-06
1.598465976285704e+02 -7.903727252330533e-06
1.600533849476242e+02 -7.881630278200580e-06
1.602601722666780e+02 -7.859580943637030e-06
1.604669595857318e+02 -7.837578600134580e-06
1.606737469047855e+02 -7.815623347027343e-06
1.608805342238393e+02 -7.793714884893398e-06
1.610873215428931e+02 -7.771852832190604e-06
1.612941088619469e+02 -7.750037392788729e-06
1.615008961810007e+02 -7.728267933794222e-06
1.617076835000544e+02 -7.706544644202152e-06
1.619144708191082e+02 -7.684867056603408e-06
1.621212581381620e+02 -7.663235086909204e-06
1.623280454572158e+02 -7.641648572009058e-06
1.625348327762696e+02 -7.620107146837199e-06
1.627416200953233e+02 -7.598610826131685e-06
1.629484074143771e+02 -7.577159309473425e-06
1.631551947334309e+02 -7.555752373404034e-06
1.633619820524846e+02 -7.534389917368598e-06
1.635687693715384e+02 -7.513071639567816e-06
1.637755566905922e+02 -7.491797486450259e-06
1.639823440096460e+02 -7.470567053662081e-06
1.641891313286998e+02 -7.449380419734704e-06
1.643959186477535e+02 -7.428237274172449e-06
1.646027059668073e+02 -7.407137364517792e-06
1.648094932858611e+02 -7.386080634845556e-06
1.650162806049149e+02 -7.365066851952146e-06
1.652230679239686e+02 -7.344095781063071e-06
1.654298552430224e+02 -7.323167367343867e-06
1.656366425620762e+02 -7.302281421391182e-06
1.658434298811300e+02 -7.281437447007642e-06
1.660502172001838e+02 -7.260635808015991e-06
1.662570045192375e+02 -7.239875719719574e-06
1.664637918382913e+02 -7.219157557811328e-06
1.666705791573451e+02 -7.198480733859437e-06
1.668773664763989e+02 -7.177845274961197e-06
1.670841537954527e+02 -7.157251199876919e-06
1.672909411145064e+02 -7.136697845054927e-06
1.674977284335602e+02 -7.116185641854619e-06
1.677045157526140e+02 -7.095713804698890e-06
1.679113030716678e+02 -7.075282778554823e-06
1.681180903907216e+02 -7.054891649061240e-06
1.683248777097753e+02 -7.034541051517137e-06
1.685316650288291e+02 -7.014230289896126e-06
1.687384523478829e+02 -6.993959283978762e-06
1.689452396669367e+02 -6.973728216293093e-06
1.691520269859904e+02 -6.953536331289918e-06
1.693588143050442e+02 -6.933384140293666e-06
1.695656016240980e+02 -6.913270631930366e-06
1.697723889431518e+02 -6.893196656017905e-06
1.699791762622056e+02 -6.873161138962636e-06
1.701859635812593e+02 -6.853164413881318e-06
1.703927509003131e+02 -6.833206432111569e-06
1.705995382193669e+02 -6.813286563741417e-06
1.708063255384207e+02 -6.793405062931826e-06
1.710131128574745e+02 -6.773561682729106e-06
1.712199001765282e+02 -6.753756137938083e-06
1.714266874955820e+02 -6.733988422321950e-06
1.716334748146357e+02 -6.714258413991841e-06
1.718402621336895e+02 -6.694565771902173e-06
1.720470494527433e+02 -6.674910476456855e-06
1.722538367717971e+02 -6.655292405595991e-06
1.724606240908509e+02 -6.635711096543138e-06
1.726674114099047e+02 -6.616166920866903e-06
1.728741987289584e+02 -6.596659192589644e-06
1.730809860480122e+02 -6.577188228839316e-06
1.732877733670660e+02 -6.557753599941365e-06
1.734945606861198e+02 -6.538355302602931e-06
1.737013480051736e+02 -6.518993152596660e-06
1.739081353242273e+02 -6.499666931853787e-06
1.741149226432811e+02 -6.480376651413910e-06
1.743217099623349e+02 -6.461122031346705e-06
1.745284972813887e+02 -6.441902972585112e-06
1.747352846004424e+02 -6.422719405431299e-06
1.749420719194962e+02 -6.403571071828996e-06
1.751488592385500e+02 -6.384457920254823e-06
1.753556465576038e+02 -6.365379696559060e-06
1.755624338766576e+02 -6.346336466698821e-06
1.757692211957113e+02 -6.327327843821846e-06
1.759760085147651e+02 -6.308353889140367e-06
1.761827958338189e+02 -6.289414377705776e-06
1.763895831528727e+02 -6.270509257211377e-06
1.765963704719264e+02 -6.251638164608904e-06
1.768031577909802e+02 -6.232801410424675e-06
1.770099451100340e+02 -6.213998416450985e-06
1.772167324290878e+02 -6.195229199492286e-06
1.774235197481415e+02 -6.176493858774782e-06
1.776303070671953e+02 -6.157791741337101e-06
1.778370943862491e+02 -6.139123272216384e-06
1.780438817053029e+02 -6.120487878090041e-06
1.782506690243567e+02 -6.101885644722727e-06
1.784574563434104e+02 -6.083316624429441e-06
1.786642436624642e+02 -6.064780200613294e-06
1.788710309815180e+02 -6.046276933800860e-06
1.790778183005718e+02 -6.027806015698769e-06
1.792846056196256e+02 -6.009367877829062e-06
1.794913929386794e+02 -5.990961799025785e-06
1.796981802577331e+02 -5.972588312448848e-06
1.799049675767869e+02 -5.954246729900489e-06
1.801117548958407e+02 -5.935937187333812e-06
1.803185422148944e+02 -5.917659791390608e-06
1.805253295339483e+02 -5.899413867088833e-06
1.807321168530020e+02 -5.881199929618734e-06
1.809389041720558e+02 -5.863017166717742e-06
1.811456914911096e+02 -5.844866213936727e-06
1.813524788101633e+02 -5.826746154925558e-06
1.815592661292171e+02 -5.808657470290555e-06
1.817660534482709e+02 -5.790599949493154e-06
1.819728407673247e+02 -5.772573098224915e-06
1.821796280863784e+02 -5.754577304670514e-06
1.823864154054322e+02 -5.736612222141938e-06
1.825932027244860e+02 -5.718677567264227e-06
1.827999900435398e+02 -5.700773618094831e-06
1.830067773625935e+02 -5.682899960378221e-06
1.832135646816473e+02 -5.665056588996764e-06
1.834203520007011e+02 -5.647243352941948e-06
1.836271393197549e+02 -5.629460267361769e-06
1.838339266388087e+02 -5.611706808371880e-06
1.840407139578624e+02 -5.593983493297904e-06
1.842475012769162e+02 -5.576289514405102e-06
1.844542885959700e+02 -5.558625373394928e-06
1.846610759150238e+02 -5.540990580685005e-06
1.848678632340776e+02 -5.523385233643773e-06
1.850746505531314e+02 -5.505809116173600e-06
1.852814378721851e+02 -5.488262167591908e-06
1.854882251912389e+02 -5.470744281749490e-06
1.856950125102927e+02 -5.453255303916602e-06
1.859017998293465e+02 -5.435795169383765e-06
1.861085871484003e+02 -5.418363823207817e-06
1.863153744674540e+02 -5.400961037738066e-06
1.865221617865078e+02 -5.383586811655360e-06
1.867289491055616e+02 -5.366240989859817e-06
1.869357364246154e+02 -5.348923508697620e-06
1.871425237436691e+02 -5.331634138171152e-06
1.873493110627229e+02 -5.314372992971598e-06
1.875560983817767e+02 -5.297139743053561e-06
1.877628857008305e+02 -5.279934483852026e-06
1.879696730198842e+02 -5.262756864387947e-06
1.881764603389380e+02 -5.245607212461580e-06
1.883832476579918e+02 -5.228484886428416e-06
1.885900349770455e+02 -5.211390249001864e-06
1.887968222960994e+02 -5.194323055867739e-06
1.890036096151531e+02 -5.177282961973182e-06
1.892103969342069e+02 -5.160270304260368e-06
1.894171842532607e+02 -5.143284523131689e-06
1.896239715723144e+02 -5.126325774702968e-06
1.898307588913682e+02 -5.109394065986537e-06
1.900375462104220e+02 -5.092488878709911e-06
1.902443335294758e+02 -5.075610827439934e-06
1.904511208485296e+02 -5.058759088979257e-06
1.906579081675834e+02 -5.041934131177058e-06
1.908646954866371e+02 -5.025135405510632e-06
1.910714828056909e+02 -5.008363206380258e-06
1.912782701247447e+02 -4.991617036870028e-06
1.914850574437985e+02 -4.974897082175041e-06
1.916918447628523e+02 -4.958203340352539e-06
1.918986320819060e+02 -4.941535302071772e-06
1.921054194009598e+02 -4.924893452971520e-06
1.923122067200136e+02 -4.908277140164024e-06
1.925189940390674e+02 -4.891686742889690e-06
1.927257813581211e+02 -4.875121682181638e-06
1.929325686771749e+02 -4.858582294347209e-06
1.931393559962287e+02 -4.842068357219399e-06
1.933461433152825e+02 -4.825579505212906e-06
1.935529306343362e+02 -4.809116198820332e-06
1.937597179533900e+02 -4.792677932414371e-06
1.939665052724438e+02 -4.776264595614804e-06
1.941732925914976e+02 -4.759876528639409e-06
1.943800799105514e+02 -4.743513128314255e-06
1.945868672296051e+02 -4.727174664275612e-06
1.947936545486589e+02 -4.710860886749210e-06
1.950004418677127e+02 -4.694571856324904e-06
1.952072291867665e+02 -4.678307110771491e-06
1.954140165058202e+02 -4.662067184535311e-06
1.956208038248740e+02 -4.645851215980311e-06
1.958275911439278e+02 -4.629659856460763e-06
1.960343784629816e+02 -4.613492513197551e-06
1.962411657820354e+02 -4.597349397441461e-06
1.964479531010892e+02 -4.581230270408974e-06
1.966547404201429e+02 -4.565135179218007e-06
1.968615277391967e+02 -4.549063884867254e-06
1.970683150582505e+02 -4.533016435247818e-06
1.972751023773043e+02 -4.516992663761271e-06
1.974818896963581e+02 -4.500992589774700e-06
1.976886770154118e+02 -4.485015982671121e-06
1.978954643344656e+02 -4.469062938737921e-06
1.981022516535194e+02 -4.453133275274469e-06
1.983090389725731e+02 -4.437226888256021e-06
1.985158262916269e+02 -4.421343760971397e-06
1.987226136106807e+02 -4.405483832761235e-06
1.989294009297345e+02 -4.389646878630845e-06
1.991361882487882e+02 -4.373833013801655e-06
1.993429755678420e+02 -4.358041960267497e-06
1.995497628868958e+02 -4.342273879372233e-06
1.997565502059496e+02 -4.326528366800542e-06
1.999633375250034e+02 -4.310805752236243e-06
2.001701248440571e+02 -4.295105689156364e-06
2.003769121631109e+02 -4.279428090491996e-06
2.005836994821647e+02 -4.263773158425314e-06
2.007904868012185e+02 -4.248140372688980e-06
2.009972741202722e+02 -4.232529976265692e-06
2.012040614393260e+02 -4.216941837314951e-06
2.014108487583798e+02 -4.201375617189121e-06
2.016176360774336e+02 -4.185831844330570e-06
2.018244233964874e+02 -4.170309761225621e-06
2.020312107155412e+02 -4.154809888907846e-06
2.022379980345949e+02 -4.139331774035027e-06
2.024447853536487e+02 -4.123875495802277e-06
2.026515726727025e+02 -4.108440861065411e-06
2.028583599917563e+02 -4.093027877557353e-06
2.030651473108100e+02 -4.077636549749231e-06
2.032719346298638e+02 -4.062266515223859e-06
2.034787219489176e+02 -4.046918198930793e-06
2.036855092679713e+02 -4.031591047387827e-06
2.038922965870251e+02 -4.016285302185768e-06
2.040990839060789e+02 -4.001000687469478e-06
2.043058712251327e+02 -3.985737254389614e-06
2.045126585441865e+02 -3.970494939674912e-06
2.047194458632403e+02 -3.955273412373078e-06
2.049262331822940e+02 -3.940073156902450e-06
2.051330205013478e+02 -3.924893539152623e-06
2.053398078204016e+02 -3.909734723038898e-06
2.055465951394554e+02 -3.894596877125448e-06
2.057533824585091e+02 -3.879479423187347e-06
2.059601697775629e+02 -3.864382744859197e-06
2.061669570966167e+02 -3.849306570656117e-06
2.063737444156705e+02 -3.834250895709378e-06
2.065805317347242e+02 -3.819215473472449e-06
2.067873190537780e+02 -3.804200665368777e-06
2.069941063728318e+02 -3.789205732241391e-06
2.072008936918856e+02 -3.774231336049627e-06
2.074076810109394e+02 -3.759276835897739e-06
2.076144683299932e+02 -3.744342528084284e-06
2.078212556490469e+02 -3.729428173679338e-06
2.080280429681007e+02 -3.714533843263486e-06
2.082348302871545e+02 -3.699659255509692e-06
2.084416176062083e+02 -3.684804619738089e-06
2.086484049252620e+02 -3.669969598850133e-06
2.088551922443158e+02 -3.655154367617470e-06
2.090619795633696e+02 -3.640358631739952e-06
2.092687668824233e+02 -3.625582606978586e-06
2.094755542014771e+02 -3.610825981149260e-06
2.096823415205309e+02 -3.596088793060132e-06
2.098891288395847e+02 -3.581371071045889e-06
2.100959161586385e+02 -3.566672582389300e-06
2.103027034776923e+02 -3.551993349558596e-06
2.105094907967460e+02 -3.537333357540709e-06
2.107162781157998e+02 -3.522692424104477e-06
2.109230654348536e+02 -3.508070564136932e-06
2.111298527539074e+02 -3.493467667556794e-06
2.113366400729611e+02 -3.478883764409051e-06
2.115434273920149e+02 -3.464318720656880e-06
2.117502147110687e+02 -3.449772472529964e-06
2.119570020301225e+02 -3.435245172209988e-06
2.121637893491763e+02 -3.420736358167352e-06
2.123705766682301e+02 -3.406246346580647e-06
2.125773639872838e+02 -3.391774842043628e-06
2.127841513063376e+02 -3.377321723711544e-06
2.129909386253914e+02 -3.362887311475973e-06
2.131977259444452e+02 -3.348471013655550e-06
2.134045132634990e+02 -3.334073350421533e-06
2.136113005825528e+02 -3.319693894022356e-06
2.138180879016065e+02 -3.305332657743679e-06
2.140248752206603e+02 -3.290989695743893e-06
2.142316625397141e+02 -3.276664731062482e-06
2.144384498587678e+02 -3.262357939115786e-06
2.146452371778216e+02 -3.248068970622646e-06
2.148520244968753e+02 -3.233798200242868e-06
2.150588118159291e+02 -3.219545131837782e-06
2.152655991349829e+02 -3.205310016454730e-06
2.154723864540367e+02 -3.191092690307911e-06
2.156791737730905e+02 -3.176893015156189e-06
2.158859610921443e+02 -3.162711120622164e-06
2.160927484111980e+02 -3.148546625317386e-06
2.162995357302518e+02 -3.134400014425201e-06
2.165063230493056e+02 -3.120270611604385e-06
2.167131103683594e+02 -3.106158821199058e-06
2.169198976874131e+02 -3.092064529934969e-06
2.171266850064669e+02 -3.077987382810020e-06
2.173334723255207e+02 -3.063927685013162e-06
2.175402596445745e+02 -3.049885243657086e-06
2.177470469636283e+02 -3.035859899686715e-06
2.179538342826821e+02 -3.021851726047069e-06
2.181606216017358e+02 -3.007860748806959e-06
2.183674089207896e+02 -2.993886539074509e-06
2.185741962398434e+02 -2.979929587324144e-06
2.187809835588972e+02 -2.965989334713138e-06
2.189877708779510e+02 -2.952066083153370e-06
2.191945581970048e+02 -2.938159628021763e-06
2.194013455160585e+02 -2.924269993697984e-06
2.196081328351123e+02 -2.910396981138633e-06
2.198149201541661e+02 -2.896540812841380e-06
2.200217074732198e+02 -2.882701053355668e-06
2.202284947922736e+02 -2.868878038873870e-06
2.204352821113274e+02 -2.855071364537748e-06
2.206420694303812e+02 -2.841281362878271e-06
2.208488567494349e+02 -2.827507575895219e-06
2.210556440684887e+02 -2.813750297558750e-06
2.212624313875425e+02 -2.800009359422947e-06
2.214692187065963e+02 -2.786284582470828e-06
2.216760060256501e+02 -2.772576155607357e-06
2.218827933447039e+02 -2.758883879544712e-06
2.220895806637576e+02 -2.745207706797022e-06
2.222963679828114e+02 -2.731547593163792e-06
2.225031553018651e+02 -2.717903568159881e-06
2.227099426209189e+02 -2.704275390026028e-06
2.229167299399727e+02 -2.690663251231991e-06
2.231235172590265e+02 -2.677066889784459e-06
2.233303045780803e+02 -2.663486553854238e-06
2.235370918971341e+02 -2.649921816036580e-06
2.237438792161878e+02 -2.636373034707757e-06
2.239506665352416e+02 -2.622839815255232e-06
2.241574538542954e+02 -2.609322211638707e-06
2.243642411733492e+02 -2.595820314800959e-06
2.245710284924030e+02 -2.582333739938630e-06
2.247778158114568e+02 -2.568862918200445e-06
2.249846031305105e+02 -2.555407429727492e-06
2.251913904495643e+02 -2.541967377724378e-06
2.253981777686181e+02 -2.528542867012179e-06
2.256049650876718e+02 -2.515133451290452e-06
2.258117524067256e+02 -2.501739528446030e-06
2.260185397257794e+02 -2.488360622288839e-06
2.262253270448332e+02 -2.474997118596031e-06
2.264321143638869e+02 -2.461648551219896e-06
2.266389016829407e+02 -2.448315246319977e-06
2.268456890019945e+02 -2.434996963684556e-06
2.270524763210483e+02 -2.421693611501071e-06
2.272592636401021e+02 -2.408405363688203e-06
2.274660509591559e+02 -2.395131818029051e-06
2.276728382782096e+02 -2.381873426619791e-06
2.278796255972634e+02 -2.368629569071902e-06
2.280864129163172e+02 -2.355400746113154e-06
2.282932002353709e+02 -2.342186630754531e-06
2.284999875544247e+02 -2.328987148125795e-06
2.287067748734785e+02 -2.315802409589170e-06
2.289135621925323e+02 -2.302632372486214e-06
2.291203495115861e+02 -2.289476693965700e-06
2.293271368306399e+02 -2.276335772559587e-06
2.295339241496936e+02 -2.263209243281423e-06
2.297407114687474e+02 -2.250097078966220e-06
2.299474987878012e+02 -2.236999477489266e-06
2.301542861068550e+02 -2.223916077038826e-06
2.303610734259088e+02 -2.210847095485148e-06
2.305678607449626e+02 -2.197792397885723e-06
2.307746480640163e+02 -2.184751941018377e-06
2.309814353830701e+02 -2.171725674823226e-06
2.311882227021238e+02 -2.158713687369012e-06
2.313950100211776e+02 -2.145715614803857e-06
2.316017973402314e+02 -2.132731838332576e-06
2.318085846592852e+02 -2.119761871487296e-06
2.320153719783389e+02 -2.106806132562953e-06
2.322221592973927e+02 -2.093864076879413e-06
2.324289466164465e+02 -2.080936214610606e-06
2.326357339355003e+02 -2.068022067727178e-06
2.328425212545541e+02 -2.055121757764315e-06
2.330493085736079e+02 -2.042235381217746e-06
2.332560958926616e+02 -2.029362670351366e-06
2.334628832117154e+02 -2.016503714358950e-06
2.336696705307692e+02 -2.003658460076399e-06
2.338764578498229e+02 -1.990826894221135e-06
2.340832451688767e+02 -1.978008749761911e-06
2.342900324879305e+02 -1.965204374652256e-06
2.344968198069843e+02 -1.952413291702215e-06
2.347036071260381e+02 -1.939635912602134e-06
2.349103944450919e+02 -1.926871794258511e-06
2.351171817641456e+02 -1.914121311756650e-06
2.353239690831994e+02 -1.901384070681069e-06
2.355307564022532e+02 -1.888660207134347e-06
2.357375437213070e+02 -1.875949671611473e-06
2.359443310403608e+02 -1.863252235360451e-06
2.361511183594146e+02 -1.850568193303496e-06
2.363579056784683e+02 -1.837897156953658e-06
2.365646929975221e+02 -1.825239373766398e-06
2.367714803165758e+02 -1.812594797786593e-06
2.369782676356296e+02 -1.799963080976171e-06
2.371850549546834e+02 -1.787344697504621e-06
2.373918422737372e+02 -1.774739041312911e-06
2.375986295927910e+02 -1.762146565611365e-06
2.378054169118447e+02 -1.749566810654303e-06
2.380122042308985e+02 -1.737000144397175e-06
2.382189915499523e+02 -1.724446197298449e-06
2.384257788690061e+02 -1.711905100594880e-06
2.386325661880599e+02 -1.699376852281417e-06
2.388393535071137e+02 -1.686861181303052e-06
2.390461408261674e+02 -1.674358425037614e-06
2.392529281452212e+02 -1.661868101829362e-06
2.394597154642750e+02 -1.649390645570477e-06
2.396665027833288e+02 -1.636925693890952e-06
2.398732901023825e+02 -1.624473340462165e-06
2.400800774214363e+02 -1.612033536689352e-06
2.402868647404901e+02 -1.599606373722131e-06
2.404936520595439e+02 -1.587191378627455e-06
2.407004393785977e+02 -1.574789181311980e-06
2.409072266976515e+02 -1.562399099621535e-06
2.411140140167052e+02 -1.550021458677965e-06
2.413208013357590e+02 -1.537656174693936e-06
2.415275886548128e+02 -1.525303089025022e-06
2.417343759738665e+02 -1.512962308231457e-06
2.419411632929203e+02 -1.500633772859767e-06
2.421479506119741e+02 -1.488317398565569e-06
2.423547379310278e+02 -1.476013252311352e-06
2.425615252500816e+02 -1.463721253836430e-06
2.427683125691354e+02 -1.451441244183656e-06
2.429750998881892e+02 -1.439173476871946e-06
2.431818872072430e+02 -1.426917502316278e-06
2.433886745262967e+02 -1.414673751916951e-06
2.435954618453505e+02 -1.402441681725708e-06
2.438022491644043e+02 -1.390221874294435e-06
2.440090364834581e+02 -1.378013639191715e-06
2.442158238025119e+02 -1.365817458038515e-06
2.444226111215657e+02 -1.353633105174603e-06
2.446293984406194e+02 -1.341460461244277e-06
2.448361857596732e+02 -1.329299661454859e-06
2.450429730787270e+02 -1.317150644236126e-06
2.452497603977808e+02 -1.305013297582935e-06
2.454565477168345e+02 -1.292887559883419e-06
2.456633350358883e+02 -1.280773634347950e-06
2.458701223549421e+02 -1.268671039747271e-06
2.460769096739959e+02 -1.256580251701788e-06
2.462836969930497e+02 -1.244500802321727e-06
2.464904843121035e+02 -1.232433061181007e-06
2.466972716311572e+02 -1.220376699828798e-06
2.469040589502110e+02 -1.208331859083509e-06
2.471108462692648e+02 -1.196298468651491e-06
2.473176335883185e+02 -1.184276360574884e-06
2.475244209073723e+02 -1.172265724600908e-06
2.477312082264261e+02 -1.160266226481546e-06
2.479379955454799e+02 -1.148278191910844e-06
2.481447828645336e+02 -1.136301356962583e-06
2.483515701835874e+02 -1.124335689858645e-06
2.485583575026412e+02 -1.112381480411016e-06
2.487651448216950e+02 -1.100438173615567e-06
2.489719321407487e+02 -1.088506254376427e-06
2.491787194598026e+02 -1.076585268461296e-06
2.493855067788563e+02 -1.064675551610989e-06
2.495922940979101e+02 -1.052776696419413e-06
2.497990814169639e+02 -1.040889037611918e-06
2.500058687360177e+02 -1.029012287525656e-06
2.502126560550714e+02 -1.017146465699980e-06
2.504194433741252e+02 -1.005291678984754e-06
2.506262306931790e+02 -9.934476488781630e-07
2.508330180122328e+02 -9.816146396079726e-07
2.510398053312865e+02 -9.697924136625728e-07
2.512465926503403e+02 -9.579810472098360e-07
2.514533799693941e+02 -9.461804819151658e-07
2.516601672884479e+02 -9.343908286100118e-07
2.518669546075017e+02 -9.226116131088601e-07
2.520737419265554e+02 -9.108435361449558e-07
2.522805292456092e+02 -8.990857633904887e-07
2.524873165646630e+02 -8.873388211645399e-07
2.526941038837168e+02 -8.756024714223324e-07
2.529008912027705e+02 -8.638766398828377e-07
2.531076785218243e+02 -8.521614017334639e-07
2.533144658408781e+02 -8.404567130429923e-07
2.535212531599319e+02 -8.287625068218875e-07
2.537280404789856e+02 -8.170788675299948e-07
2.539348277980394e+02 -8.054056498413058e-07
2.541416151170932e+02 -7.937428816147709e-07
2.543484024361470e+02 -7.820905966813147e-07
2.545551897552008e+02 -7.704485195025342e-07
2.547619770742546e+02 -7.588169866656480e-07
2.549687643933083e+02 -7.471955338747323e-07
2.551755517123621e+02 -7.355846762268500e-07
2.553823390314159e+02 -7.239837237748721e-07
2.555891263504697e+02 -7.123933489136632e-07
2.557959136695235e+02 -7.008129933873884e-07
2.560027009885772e+02 -6.892428321425322e-07
2.562094883076310e+02 -6.776828997531164e-07
2.564162756266848e+02 -6.661331215440913e-07
2.566230629457385e+02 -6.545933700815375e-07
2.568298502647924e+02 -6.430638119497541e-07
2.570366375838461e+02 -6.315443330083848e-07
2.572434249028999e+02 -6.200347174490412e-07
2.574502122219537e+02 -6.085352882628881e-07
2.576569995410075e+02 -5.970456320741769e-07
2.578637868600612e+02 -5.855660689963980e-07
2.580705741791150e+02 -5.740963473635423e-07
2.582773614981688e+02 -5.626365890069434e-07
2.584841488172225e+02 -5.511867572938233e-07
2.586909361362763e+02 -5.397466977121596e-07
2.588977234553301e+02 -5.283165572746611e-07
2.591045107743839e+02 -5.168960594072336e-07
2.593112980934376e+02 -5.054854923196854e-07
2.595180854124914e+02 -4.940844733100257e-07
2.597248727315452e+02 -4.826932874154065e-07
2.599316600505990e+02 -4.713118632764463e-07
2.601384473696528e+02 -4.599399409000075e-07
2.603452346887066e+02 -4.485778893943164e-07
2.605520220077603e+02 -4.372253153421220e-07
2.607588093268141e+02 -4.258824653056743e-07
2.609655966458679e+02 -4.145490337585015e-07
2.611723839649217e+02 -4.032253711647598e-07
2.613791712839755e+02 -3.919110067687274e-07
2.615859586030292e+02 -3.806062659333498e-07
2.617927459220830e+02 -3.693109579606380e-07
2.619995332411368e+02 -3.580250435869600e-07
2.622063205601905e+02 -3.467485976134339e-07
2.624131078792444e+02 -3.354815568372186e-07
2.626198951982981e+02 -3.242238595010497e-07
2.628266825173519e+02 -3.129755859961234e-07
2.630334698364057e+02 -3.017367173604516e-07
2.632402571554595e+02 -2.905069350471684e-07
2.634470444745132e+02 -2.792868359634010e-07
2.636538317935670e+02 -2.680756160400592e-07
2.638606191126208e+02 -2.568738387976952e-07
2.640674064316746e+02 -2.456812650913512e-07
2.642741937507283e+02 -2.344977423694657e-07
2.644809810697821e+02 -2.233234686545994e-07
2.646877683888359e+02 -2.121582900816065e-07
2.648945557078897e+02 -2.010022302199448e-07
2.651013430269434e+02 -1.898552935535806e-07
2.653081303459972e+02 -1.787174216091401e-07
2.655149176650510e+02 -1.675886671611077e-07
2.657217049841048e+02 -1.564689276736346e-07
2.659284923031586e+02 -1.453581376776511e-07
2.661352796222124e+02 -1.342564554464268e-07
2.663420669412661e+02 -1.231635469823151e-07
2.665488542603199e+02 -1.120797975111982e-07
2.667556415793737e+02 -1.010046786166765e-07
2.669624288984275e+02 -8.993880101914657e-08
2.671692162174812e+02 -7.888149008258062e-08
2.673760035365350e+02 -6.783316358610489e-08
2.675827908555888e+02 -5.679366704228137e-08
2.677895781746425e+02 -4.576293161804688e-08
2.679963654936964e+02 -3.474093091893303e-08
2.682031528127501e+02 -2.372787413884755e-08
2.684099401318039e+02 -1.272342461643341e-08
2.686167274508577e+02 -1.727734989175558e-09
2.688235147699114e+02 9.259196848071491e-09
2.690303020889652e+02 2.023759202800619e-08
2.692370894080190e+02 3.120725761788113e-08
2.694438767270728e+02 4.216837623115694e-08
2.696506640461266e+02 5.312083489305658e-08
2.698574513651803e+02 6.406467483276850e-08
2.700642386842341e+02 7.499998839742710e-08
2.702710260032879e+02 8.592666504321312e-08
2.704778133223417e+02 9.684490987344040e-08
2.706846006413954e+02 1.077545567654088e-07
2.708913879604492e+02 1.186559274142972e-07
2.710981752795030e+02 1.295486387073405e-07
2.713049625985568e+02 1.404330606883902e-07
2.715117499176106e+02 1.513090569349156e-07
2.717185372366644e+02 1.621765393485462e-07
2.719253245557181e+02 1.730357327110196e-07
2.721321118747719e+02 1.838865103649206e-07
2.723388991938257e+02 1.947289929132574e-07
2.725456865128795e+02 2.055630160828975e-07
2.727524738319332e+02 2.163889839854262e-07
2.729592611509870e+02 2.272064467231918e-07
2.731660484700408e+02 2.380158248023215e-07
2.733728357890946e+02 2.488169426095719e-07
2.735796231081484e+02 2.596098692991031e-07
2.737864104272022e+02 2.703945632515945e-07
2.739931977462559e+02 2.811711953198207e-07
2.741999850653096e+02 2.919395211793996e-07
2.744067723843634e+02 3.026997654557422e-07
2.746135597034173e+02 3.134519869295717e-07
2.748203470224710e+02 3.241958219288515e-07
2.750271343415248e+02 3.349319111702423e-07
2.752339216605786e+02 3.456597555501215e-07
2.754407089796323e+02 3.563795210277494e-07
2.756474962986861e+02 3.670915167304756e-07
2.758542836177399e+02 3.777953022707160e-07
2.760610709367937e+02 3.884912700241981e-07
2.762678582558474e+02 3.991792369203592e-07
2.764746455749012e+02 4.098593209224779e-07
2.766814328939550e+02 4.205314165036283e-07
2.768882202130088e+02 4.311956228871328e-07
2.770950075320626e+02 4.418519646402026e-07
2.773017948511164e+02 4.525004267591881e-07
2.775085821701701e+02 4.631410050851746e-07
2.777153694892239e+02 4.737739008795374e-07
2.779221568082777e+02 4.843988411993862e-07
2.781289441273315e+02 4.950161840791468e-07
2.783357314463852e+02 5.056255189433050e-07
2.785425187654390e+02 5.162273742052131e-07
2.787493060844928e+02 5.268213041090889e-07
2.789560934035466e+02 5.374075914306461e-07
2.791628807226004e+02 5.479862832363325e-07
2.793696680416542e+02 5.585572576401134e-07
2.795764553607079e+02 5.691204971654505e-07
2.797832426797617e+02 5.796762755354536e-07
2.799900299988154e+02 5.902242344904705e-07
2.801968173178693e+02 6.007646807025104e-07
2.804036046369230e+02 6.112975504035351e-07
2.806103919559768e+02 6.218228563109684e-07
2.808171792750306e+02 6.323406905297074e-07
2.810239665940844e+02 6.428509604777472e-07
2.812307539131381e+02 6.533537759754226e-07
2.814375412321919e+02 6.638490705518814e-07
2.816443285512457e+02 6.743368582461880e-07
2.818511158702995e+02 6.848172050698157e-07
2.820579031893532e+02 6.952901041054352e-07
2.822646905084070e+02 7.057556754170178e-07
2.824714778274608e+02 7.162137119288576e-07
2.826782651465146e+02 7.266646072031284e-07
2.828850524655684e+02 7.371079895628564e-07
2.830918397846222e+02 7.475440768483197e-07
2.832986271036759e+02 7.579728464299939e-07
2.835054144227297e+02 7.683943081331675e-07
2.837122017417835e+02 7.788084072636612e-07
2.839189890608372e+02 7.892152379544654e-07
2.841257763798910e+02 7.996149200150841e-07
2.843325636989448e+02 8.100071545848488e-07
2.845393510179986e+02 8.203923827684413e-07
2.847461383370524e+02 8.307703256073367e-07
2.849529256561062e+02 8.411411186715454e-07
2.851597129751599e+02 8.515047310636985e-07
2.853665002942137e+02 8.618613030932648e-07
2.855732876132674e+02 8.722105512597701e-07
2.857800749323213e+02 8.825528370812498e-07
2.859868622513750e+02 8.928879764099718e-07
2.861936495704288e+02 9.032158709646407e-07
2.864004368894826e+02 9.135369530097647e-07
2.866072242085364e+02 9.238508044119580e-07
2.868140115275901e+02 9.341575631827465e-07
2.870207988466439e+02 9.444576139723410e-07
2.872275861656977e+02 9.547503053023190e-07
2.874343734847515e+02 9.650362947025823e-07
2.876411608038052e+02 9.753152118940486e-07
2.878479481228590e+02 9.855872704782752e-07
2.880547354419128e+02 9.958522650533017e-07
2.882615227609666e+02 1.006110483294644e-06
2.884683100800204e+02 1.016361696258546e-06
2.886750973990742e+02 1.026606035096344e-06
2.888818847181279e+02 1.036843487382236e-06
2.890886720371817e+02 1.047074195030095e-06
2.892954593562355e+02 1.057297930657564e-06
2.895022466752893e+02 1.067514999807160e-06
2.897090339943430e+02 1.077725128286579e-06
2.899158213133968e+02 1.087928603683534e-06
2.901226086324506e+02 1.098125154448312e-06
2.903293959515044e+02 1.108315016163573e-06
2.905361832705581e+02 1.118498242719458e-06
2.907429705896119e+02 1.128674599230129e-06
2.909497579086657e+02 1.138844368681815e-06
2.911565452277194e+02 1.149007503998260e-06
2.913633325467733e+02 1.159163762072351e-06
2.915701198658271e+02 1.169313531728967e-06
2.917769071848808e+02 1.179456510878622e-06
2.919836945039346e+02 1.189592934241545e-06
2.921904818229884e+02 1.199722750875435e-06
2.923972691420421e+02 1.209845949549999e-06
2.926040564610959e+02 1.219962701034721e-06
2.928108437801497e+02 1.230072750365754e-06
2.930176310992035e+02 1.240176347239527e-06
2.932244184182572e+02 1.250273309658317e-06
2.934312057373110e+02 1.260363817768022e-06
2.936379930563648e+02 1.270447748493290e-06
2.938447803754186e+02 1.280525209489702e-06
2.940515676944724e+02 1.290596329083031e-06
2.942583550135262e+02 1.300660832317247e-06
2.944651423325799e+02 1.310719055693577e-06
2.946719296516337e+02 1.320770779900275e-06
2.948787169706875e+02 1.330816143900816e-06
2.950855042897413e+02 1.340854985748136e-06
2.952922916087950e+02 1.350887575510251e-06
2.954990789278488e+02 1.360913711407676e-06
2.957058662469026e+02 1.370933430949710e-06
2.959126535659564e+02 1.380946951600855e-06
2.961194408850101e+02 1.390954069021686e-06
2.963262282040639e+02 1.400954889858653e-06
2.965330155231177e+02 1.410949482319363e-06
2.967398028421715e+02 1.420937818057832e-06
2.969465901612253e+02 1.430919763739302e-06
2.971533774802791e+02 1.440895631821466e-06
2.973601647993328e+02 1.450865138365954e-06
2.975669521183866e+02 1.460828368446661e-06
2.977737394374404e+02 1.470785589087749e-06
2.979805267564942e+02 1.480736419510732e-06
2.981873140755479e+02 1.490681091701087e-06
2.983941013946017e+02 1.500619861756798e-06
2.986008887136555e+02 1.510552078690749e-06
2.988076760327093e+02 1.520478519691563e-06
2.990144633517630e+02 1.530398688356907e-06
2.992212506708168e+02 1.540312811311639e-06
2.994280379898706e+02 1.550220751633706e-06
2.996348253089244e+02 1.560122825645372e-06
2.998416126279782e+02 1.570018580791501e-06
3.000483999470320e+02 1.579908445670348e-06
3.002551872660857e+02 1.589792178226082e-06
3.004619745851395e+02 1.599670011722305e-06
3.006687619041933e+02 1.609541672061248e-06
3.008755492232470e+02 1.619407552164398e-06
3.010823365423008e+02 1.629267326573310e-06
3.012891238613546e+02 1.639121185776176e-06
3.014959111804084e+02 1.648969047382313e-06
3.017026984994621e+02 1.658810960873268e-06
3.019094858185159e+02 1.668647051976043e-06
3.021162731375697e+02 1.678477026777029e-06
3.023230604566235e+02 1.688301402804637e-06
3.025298477756773e+02 1.698119757121040e-06
3.027366350947311e+02 1.707932216401887e-06
3.029434224137848e+02 1.717738969145039e-06
3.031502097328386e+02 1.727539658685969e-06
3.033569970518924e+02 1.737334663058222e-06
3.035637843709462e+02 1.747123750422857e-06
3.037705716899999e+02 1.756907069839712e-06
3.039773590090537e+02 1.766684741226120e-06
3.041841463281075e+02 1.776456435276852e-06
3.043909336471613e+02 1.786222639246731e-06
3.045977209662150e+02 1.795982863232322e-06
3.048045082852688e+02 1.805737518759015e-06
3.050112956043226e+02 1.815486264297545e-06
3.052180829233764e+02 1.825229466635542e-06
3.054248702424302e+02 1.834966894913448e-06
3.056316575614840e+02 1.844698629395307e-06
3.058384448805377e+02 1.854424828981944e-06
3.060452321995915e+02 1.864145278669550e-06
3.062520195186453e+02 1.873860176881185e-06
3.064588068376991e+02 1.883569333645061e-06
3.066655941567528e+02 1.893273050276373e-06
3.068723814758066e+02 1.902970947477835e-06
3.070791687948604e+02 1.912663375739052e-06
3.072859561139142e+02 1.922350203525596e-06
3.074927434329679e+02 1.932031458514779e-06
3.076995307520217e+02 1.941707125058283e-06
3.079063180710755e+02 1.951377397853429e-06
3.081131053901292e+02 1.961042040099317e-06
3.083198927091831e+02 1.970701188173984e-06
3.085266800282369e+02 1.980354923343726e-06
3.087334673472906e+02 1.990003055006519e-06
3.089402546663444e+02 1.999645693303738e-06
3.091470419853982e+02 2.009283039703947e-06
3.093538293044519e+02 2.018914687500028e-06
3.095606166235057e+02 2.028541074397105e-06
3.097674039425595e+02 2.038162123590685e-06
3.099741912616133e+02 2.047777480660170e-06
3.101809785806670e+02 2.057387760880608e-06
3.103877658997208e+02 2.066992511222912e-06
3.105945532187746e+02 2.076591853493690e-06
3.108013405378284e+02 2.086185890014832e-06
3.110081278568822e+02 2.095774700985428e-06
3.112149151759360e+02 2.105357864911492e-06
3.114217024949897e+02 2.114936039647800e-06
3.116284898140435e+02 2.124508630879659e-06
3.118352771330973e+02 2.134076130608999e-06
3.120420644521511e+02 2.143638108958161e-06
3.122488517712048e+02 2.153195126238113e-06
3.124556390902586e+02 2.162746653708429e-06
3.126624264093124e+02 2.172293035723215e-06
3.128692137283662e+02 2.181834194000036e-06
3.130760010474199e+02 2.191370021747072e-06
3.132827883664737e+02 2.200900752219780e-06
3.134895756855275e+02 2.210426053481415e-06
3.136963630045813e+02 2.219946518984863e-06
3.139031503236351e+02 2.229461505686866e-06
3.141099376426889e+02 2.238971531483480e-06
3.143167249617426e+02 2.248476430993787e-06
3.145235122807964e+02 2.257976004687248e-06
3.147302995998502e+02 2.267470632925054e-06
3.149370869189040e+02 2.276959927837287e-06
3.151438742379577e+02 2.286444233841703e-06
3.153506615570115e+02 2.295923471489920e-06
3.155574488760653e+02 2.305397454442880e-06
3.157642361951191e+02 2.314866728404977e-06
3.159710235141728e+02 2.324330590377095e-06
3.161778108332267e+02 2.333789695372653e-06
3.163845981522804e+02 2.343243519974564e-06
3.165913854713342e+02 2.352692537398124e-06
3.167981727903880e+02 2.362136307374793e-06
3.170049601094418e+02 2.371575247720822e-06
3.172117474284955e+02 2.381009161333322e-06
3.174185347475494e+02 2.390438070691864e-06
3.176253220666031e+02 2.399862091285014e-06
3.178321093856568e+02 2.409281081445358e-06
3.180388967047106e+02 2.418695272050536e-06
3.182456840237644e+02 2.428104301802530e-06
3.184524713428182e+02 2.437508646290010e-06
3.186592586618719e+02 2.446907894544712e-06
3.188660459809257e+02 2.456302349190777e-06
3.190728332999795e+02 2.465691812304828e-06
3.192796206190333e+02 2.475076585825218e-06
3.194864079380871e+02 2.484456296040981e-06
3.196931952571409e+02 2.493831316731970e-06
3.198999825761946e+02 2.503201446480642e-06
3.201067698952484e+02 2.512566713179829e-06
3.203135572143022e+02 2.521927107841394e-06
3.205203445333560e+02 2.531282864433788e-06
3.207271318524097e+02 2.540633504866780e-06
3.209339191714635e+02 2.549979702769671e-06
3.211407064905173e+02 2.559320964993473e-06
3.213474938095711e+02 2.568657448522205e-06
3.215542811286248e+02 2.577989332590745e-06
3.217610684476787e+02 2.587316430964919e-06
3.219678557667324e+02 2.596638637132043e-06
3.221746430857862e+02 2.605956380643826e-06
3.223814304048400e+02 2.615269298483963e-06
3.225882177238938e+02 2.624577332076395e-06
3.227950050429475e+02 2.633881082210512e-06
3.230017923620014e+02 2.643179702363309e-06
3.232085796810551e+02 2.652474016734360e-06
3.234153670001088e+02 2.661763341828975e-06
3.236221543191626e+02 2.671048418709669e-06
3.238289416382164e+02 2.680328496607787e-06
3.240357289572702e+02 2.689604225048831e-06
3.242425162763240e+02 2.698875298250999e-06
3.244493035953777e+02 2.708141649548248e-06
3.246560909144315e+02 2.717403560391490e-06
3.248628782334853e+02 2.726660661660416e-06
3.250696655525391e+02 2.735913494109450e-06
3.252764528715929e+02 2.745161421236565e-06
3.254832401906467e+02 2.754405149686988e-06
3.256900275097004e+02 2.763644228364817e-06
3.258968148287542e+02 2.772878716467126e-06
3.261036021478080e+02 2.782108879541215e-06
3.263103894668617e+02 2.791334258474466e-06
3.265171767859155e+02 2.800555350317306e-06
3.267239641049693e+02 2.809771805917955e-06
3.269307514240231e+02 2.818983755911296e-06
3.271375387430768e+02 2.828191527849431e-06
3.273443260621307e+02 2.837394462034987e-06
3.275511133811845e+02 2.846593357491622e-06
3.277579007002382e+02 2.855787545438044e-06
3.279646880192920e+02 2.864977509151156e-06
3.281714753383458e+02 2.874162837145495e-06
3.283782626573995e+02 2.883344013231103e-06
3.285850499764533e+02 2.892520587192842e-06
3.287918372955071e+02 2.901692893283563e-06
3.289986246145608e+02 2.910860826323212e-06
3.292054119336146e+02 2.920024365063105e-06
3.294121992526684e+02 2.929183644376405e-06
3.296189865717222e+02 2.938338425094296e-06
3.298257738907760e+02 2.947489117664676e-06
3.300325612098297e+02 2.956635229479990e-06
3.302393485288835e+02 2.965777240739920e-06
3.304461358479373e+02 2.974914783034801e-06
3.306529231669911e+02 2.984048226562658e-06
3.308597104860449e+02 2.993177176081251e-06
3.310664978050987e+02 3.002302087382771e-06
3.312732851241524e+02 3.011422595121720e-06
3.314800724432062e+02 3.020538920186391e-06
3.316868597622600e+02 3.029650897657890e-06
3.318936470813138e+02 3.038758832097607e-06
3.321004344003675e+02 3.047862168621895e-06
3.323072217194213e+02 3.056961754533248e-06
3.325140090384751e+02 3.066056753038882e-06
3.327207963575289e+02 3.075147844890523e-06
3.329275836765827e+02 3.084234666406167e-06
3.331343709956365e+02 3.093317458086876e-06
3.333411583146902e+02 3.102395804651246e-06
3.335479456337440e+02 3.111470441383656e-06
3.337547329527978e+02 3.120540537765926e-06
3.339615202718516e+02 3.129606587035770e-06
3.341683075909053e+02 3.138668804371917e-06
3.343750949099591e+02 3.147726383185960e-06
3.345818822290128e+02 3.156780379739093e-06
3.347886695480666e+02 3.165829828849576e-06
3.349954568671204e+02 3.174875634042908e-06
3.352022441861742e+02 3.183916916257562e-06
3.354090315052280e+02 3.192954565480753e-06
3.356158188242817e+02 3.201987971183164e-06
3.358226061433355e+02 3.211017309096153e-06
3.360293934623893e+02 3.220042774798801e-06
3.362361807814431e+02 3.229063989655663e-06
3.364429681004969e+02 3.238081404799056e-06
3.366497554195507e+02 3.247094528598277e-06
3.368565427386044e+02 3.256103991648649e-06
3.370633300576582e+02 3.265109281066548e-06
3.372701173767120e+02 3.274110644650649e-06
3.374769046957658e+02 3.283108214091366e-06
3.376836920148195e+02 3.292101546383955e-06
3.378904793338733e+02 3.301091202542440e-06
3.380972666529271e+02 3.310076627457991e-06
3.383040539719809e+02 3.319058267839007e-06
3.385108412910347e+02 3.328036053308497e-06
3.387176286100885e+02 3.337009647595994e-06
3.389244159291422e+02 3.345979768049246e-06
3.391312032481960e+02 3.354945681641077e-06
3.393379905672498e+02 3.363907897153730e-06
3.395447778863036e+02 3.372866143154708e-06
3.397515652053573e+02 3.381820684214758e-06
3.399583525244111e+02 3.390771139471075e-06
3.401651398434648e+02 3.399717973772561e-06
3.403719271625186e+02 3.408660851610315e-06
3.405787144815724e+02 3.417599918797487e-06
3.407855018006262e+02 3.426535220794464e-06
3.409922891196800e+02 3.435466616518149e-06
3.411990764387338e+02 3.444394396968843e-06
3.414058637577875e+02 3.453318150967774e-06
3.416126510768413e+02 3.462238382337578e-06
3.418194383958951e+02 3.471154631881340e-06
3.420262257149490e+02 3.480067298852064e-06
3.422330130340027e+02 3.488976047086433e-06
3.424398003530564e+02 3.497881242428796e-06
3.426465876721102e+02 3.506782565826529e-06
3.428533749911640e+02 3.515680270033038e-06
3.430601623102178e+02 3.524574134267838e-06
3.432669496292715e+02 3.533464483351415e-06
3.434737369483253e+02 3.542350733129266e-06
3.436805242673790e+02 3.551233789316886e-06
3.438873115864329e+02 3.560112635214064e-06
3.440940989054866e+02 3.568988295373436e-06
3.443008862245405e+02 3.577859985420000e-06
3.445076735435942e+02 3.586728357118288e-06
3.447144608626480e+02 3.595592709537359e-06
3.449212481817017e+02 3.604453978153836e-06
3.451280355007556e+02 3.613311026069741e-06
3.453348228198093e+02 3.622164824224045e-06
3.455416101388631e+02 3.631015048236414e-06
3.457483974579168e+02 3.639861237926687e-06
3.459551847769707e+02 3.648704434774250e-06
3.461619720960244e+02 3.657543485883174e-06
3.463687594150783e+02 3.666379427732098e-06
3.465755467341320e+02 3.675211361133167e-06
3.467823340531858e+02 3.684040199145533e-06
3.469891213722395e+02 3.692865180708545e-06
3.471959086912934e+02 3.701686746123138e-06
3.474026960103471e+02 3.710504904949747e-06
3.476094833294009e+02 3.719319337463966e-06
3.478162706484547e+02 3.728130429497319e-06
3.480230579675084e+02 3.736937829964545e-06
3.482298452865622e+02 3.745741943780815e-06
3.484366326056160e+02 3.754542411541878e-06
3.486434199246698e+02 3.763339488544795e-06
3.488502072437235e+02 3.772133254523314e-06
3.490569945627773e+02 3.780923312160374e-06
3.492637818818311e+02 3.789710222247589e-06
3.494705692008849e+02 3.798493364235439e-06
3.496773565199387e+02 3.807273326395862e-06
3.498841438389925e+02 3.816049706076745e-06
3.500909311580462e+02 3.824822590551816e-06
3.502977184771000e+02 3.833592384222488e-06
3.505045057961538e+02 3.842358435705417e-06
3.507112931152076e+02 3.851121329222904e-06
3.509180804342614e+02 3.859880833272861e-06
3.511248677533151e+02 3.868636952064872e-06
3.513316550723688e+02 3.877389646418102e-06
3.515384423914227e+02 3.886139189039106e-06
3.517452297104765e+02 3.894885197041776e-06
3.519520170295303e+02 3.903627948604219e-06
3.521588043485840e+02 3.912367398107532e-06
3.523655916676378e+02 3.921103426175659e-06
3.525723789866915e+02 3.929836288478184e-06
3.527791663057454e+02 3.938565661639621e-06
3.529859536247992e+02 3.947291989439858e-06
3.531927409438529e+02 3.956014813811377e-06
3.533995282629067e+02 3.964734536344499e-06
3.536063155819604e+02 3.973450887731362e-06
3.538131029010142e+02 3.982164062076483e-06
3.540198902200680e+02 3.990873949129557e-06
3.542266775391218e+02 3.999580639963735e-06
3.544334648581755e+02 4.008284037772164e-06
3.546402521772293e+02 4.016984368855839e-06
3.548470394962831e+02 4.025681115016191e-06
3.550538268153369e+02 4.034375125674114e-06
3.552606141343907e+02 4.043065357681384e-06
3.554674014534445e+02 4.051752937354865e-06
3.556741887724982e+02 4.060436916808205e-06
3.558809760915520e+02 4.069118158922101e-06
3.560877634106058e+02 4.077795834415249e-06
3.562945507296596e+02 4.086470919621154e-06
3.565013380487134e+02 4.095142228415861e-06
3.567081253677671e+02 4.103810923746345e-06
3.569149126868209e+02 4.112476267312279e-06
3.571217000058747e+02 4.121138258960018e-06
3.573284873249285e+02 4.129797674010091e-06
3.575352746439823e+02 4.138453372660477e-06
3.577420619630360e+02 4.147106461810226e-06
3.579488492820898e+02 4.155756077911787e-06
3.581556366011436e+02 4.164402956512735e-06
3.583624239201973e+02 4.173046465773803e-06
3.585692112392512e+02 4.181687100276274e-06
3.587759985583049e+02 4.190324731124763e-06
3.589827858773587e+02 4.198959147524522e-06
3.591895731964124e+02 4.207590698375741e-06
3.593963605154663e+02 4.216219092134775e-06
3.596031478345200e+02 4.224844529955578e-06
3.598099351535738e+02 4.233466886677729e-06
3.600167224726275e+02 4.242086259810120e-06
3.602235097916814e+02 4.250702794733635e-06
3.604302971107351e+02 4.259316096440726e-06
3.606370844297889e+02 4.267926735322361e-06
3.608438717488427e+02 4.276534119379103e-06
3.610506590678965e+02 4.285138774143964e-06
3.612574463869502e+02 4.293740239137295e-06
3.614642337060041e+02 4.302338843946617e-06
3.616710210250578e+02 4.310934627030822e-06
3.618778083441116e+02 4.319527166079090e-06
3.620845956631654e+02 4.328117088581184e-06
3.622913829822191e+02 4.336704012049895e-06
3.624981703012729e+02 4.345287929455336e-06
3.627049576203267e+02 4.353869105295725e-06
3.629117449393805e+02 4.362447423586180e-06
3.631185322584342e+02 4.371022730355769e-06
3.633253195774880e+02 4.379595294071843e-06
3.635321068965418e+02 4.388164986922896e-06
3.637388942155956e+02 4.396731682403023e-06
3.639456815346493e+02 4.405295696817375e-06
3.641524688537032e+02 4.413856671323776e-06
3.643592561727569e+02 4.422415040348796e-06
3.645660434918107e+02 4.430970371937701e-06
3.647728308108644e+02 4.439523071356566e-06
3.649796181299183e+02 4.448072889837302e-06
3.651864054489720e+02 4.456619890645476e-06
3.653931927680258e+02 4.465164191492292e-06
3.655999800870795e+02 4.473705617145377e-06
3.658067674061334e+02 4.482244338530835e-06
3.660135547251871e+02 4.490780363199986e-06
3.662203420442409e+02 4.499313349343794e-06
3.664271293632947e+02 4.507844013193649e-06
3.666339166823485e+02 4.516371360565400e-06
3.668407040014022e+02 4.524896471321284e-06
3.670474913204561e+02 4.533418440841115e-06
3.672542786395098e+02 4.541938082788209e-06
3.674610659585636e+02 4.550454677660385e-06
3.676678532776174e+02 4.558969056928752e-06
3.678746405966712e+02 4.567480227675191e-06
3.680814279157249e+02 4.575989224202399e-06
3.682882152347787e+02 4.584495208269007e-06
3.684950025538325e+02 4.592998490977606e-06
3.687017898728863e+02 4.601499484868162e-06
3.689085771919400e+02 4.609997267371956e-06
3.691153645109939e+02 4.618492904336573e-06
3.693221518300476e+02 4.626985581408252e-06
3.695289391491013e+02 4.635475802844153e-06
3.697357264681551e+02 4.643963267038725e-06
3.699425137872089e+02 4.652448220392926e-06
3.701493011062627e+02 4.660930597251779e-06
3.703560884253164e+02 4.669410252373186e-06
3.705628757443703e+02 4.677887507435345e-06
3.707696630634240e+02 4.686362075409208e-06
3.709764503824778e+02 4.694834067529146e-06
3.711832377015315e+02 4.703303533061143e-06
3.713900250205854e+02 4.711770357197514e-06
3.715968123396391e+02 4.720234824068367e-06
3.718035996586929e+02 4.728696471359982e-06
3.720103869777467e+02 4.737155941365354e-06
3.722171742968005e+02 4.745612638957064e-06
3.724239616158542e+02 4.754066971782960e-06
3.726307489349081e+02 4.762518677586968e-06
3.728375362539618e+02 4.770967985940373e-06
3.730443235730156e+02 4.779414781665796e-06
3.732511108920694e+02 4.787858894273376e-06
3.734578982111232e+02 4.796300865314211e-06
3.736646855301769e+02 4.804740093819494e-06
3.738714728492307e+02 4.813176875514789e-06
3.740782601682845e+02 4.821611419886433e-06
3.742850474873383e+02 4.830043360820613e-06
3.744918348063920e+02 4.838472913654411e-06
3.746986221254458e+02 4.846900159908327e-06
3.749054094444996e+02 4.855324955645817e-06
3.751121967635534e+02 4.863747206624675e-06
3.753189840826071e+02 4.872167279086121e-06
3.755257714016609e+02 4.880584670635788e-06
3.757325587207147e+02 4.888999928624209e-06
3.759393460397685e+02 4.897412577352947e-06
3.761461333588223e+02 4.905823066032310e-06
3.763529206778761e+02 4.914231107094618e-06
3.765597079969298e+02 4.922636748262946e-06
3.767664953159835e+02 4.931040219665022e-06
3.769732826350374e+02 4.939441121553719e-06
3.771800699540911e+02 4.947839908493338e-06
3.773868572731449e+02 4.956236319350712e-06
3.775936445921987e+02 4.964630261656272e-06
3.778004319112525e+02 4.973022288404462e-06
3.780072192303062e+02 4.981411458673778e-06
3.782140065493601e+02 4.989798816350259e-06
3.784207938684138e+02 4.998183517140210e-06
3.786275811874676e+02 5.006566191718696e-06
3.788343685065214e+02 5.014946412839062e-06
3.790411558255752e+02 5.023324696279691e-06
3.792479431446289e+02 5.031700408787294e-06
3.794547304636827e+02 5.040074255957027e-06
3.796615177827365e+02 5.048445597007363e-06
3.798683051017903e+02 5.056814764726418e-06
3.800750924208440e+02 5.065181916731462e-06
3.802818797398978e+02 5.073546436418573e-06
3.804886670589516e+02 5.081909213172050e-06
3.806954543780054e+02 5.090269512959227e-06
3.809022416970591e+02 5.098627687638736e-06
3.811090290161129e+02 5.106983758837325e-06
3.813158163351667e+02 5.115337554524363e-06
3.815226036542205e+02 5.123689298294810e-06
3.817293909732743e+02 5.132038766988719e-06
3.819361782923280e+02 5.140386270123840e-06
3.821429656113818e+02 5.148731542306821e-06
3.823497529304356e+02 5.157074679903675e-06
3.825565402494894e+02 5.165415807029428e-06
3.827633275685431e+02 5.173754649436161e-06
3.829701148875969e+02 5.182091625757575e-06
3.831769022066507e+02 5.190426171168952e-06
3.833836895257045e+02 5.198759048097803e-06
3.835904768447583e+02 5.207089537552845e-06
3.837972641638121e+02 5.215418078966105e-06
3.840040514828658e+02 5.223744612198847e-06
3.842108388019196e+02 5.232069042276701e-06
3.844176261209734e+02 5.240391440346349e-06
3.846244134400272e+02 5.248711726756664e-06
3.848312007590809e+02 5.257030248081991e-06
3.850379880781347e+02 5.265346340738205e-06
3.852447753971884e+02 5.273660673907969e-06
3.854515627162423e+02 5.281973014427975e-06
3.856583500352961e+02 5.290283153893838e-06
3.858651373543498e+02 5.298591513606386e-06
3.860719246734036e+02 5.306897919774391e-06
3.862787119924574e+02 5.315202333162597e-06
3.864854993115111e+02 5.323504730824718e-06
3.866922866305649e+02 5.331805413232309e-06
3.868990739496188e+02 5.340103778393777e-06
3.871058612686725e+02 5.348400534796003e-06
3.873126485877263e+02 5.356695065036046e-06
3.875194359067800e+02 5.364987922273095e-06
3.877262232258338e+02 5.373278738247934e-06
3.879330105448876e+02 5.381567650810313e-06
3.881397978639414e+02 5.389854849864633e-06
3.883465851829951e+02 5.398139858423619e-06
3.885533725020489e+02 5.406423297339247e-06
3.887601598211027e+02 5.414704688600467e-06
3.889669471401565e+02 5.422984179640241e-06
3.891737344592103e+02 5.431262171459029e-06
3.893805217782641e+02 5.439537756495337e-06
3.895873090973178e+02 5.447812056257842e-06
3.897940964163716e+02 5.456084121518964e-06
3.900008837354254e+02 5.464354506141491e-06
3.902076710544792e+02 5.472623058210197e-06
3.904144583735329e+02 5.480889900173385e-06
3.906212456925867e+02 5.489154831244321e-06
3.908280330116405e+02 5.497418186858352e-06
3.910348203306942e+02 5.505679644140112e-06
3.912416076497481e+02 5.513939344921049e-06
3.914483949688018e+02 5.522197399608757e-06
3.916551822878556e+02 5.530453426392582e-06
3.918619696069093e+02 5.538708052535927e-06
3.920687569259632e+02 5.546960697209824e-06
3.922755442450169e+02 5.555211654031438e-06
3.924823315640708e+02 5.563461091129811e-06
3.926891188831245e+02 5.571708511066060e-06
3.928959062021783e+02 5.579954495009798e-06
3.931026935212320e+02 5.588198600380511e-06
3.933094808402859e+02 5.596441166844662e-06
3.935162681593396e+02 5.604682001433745e-06
3.937230554783934e+02 5.612921159639410e-06
3.939298427974471e+02 5.621158805192270e-06
3.941366301165010e+02 5.629394587337971e-06
3.943434174355547e+02 5.637629003553825e-06
3.945502047546086e+02 5.645861415589401e-06
3.947569920736623e+02 5.654092681755714e-06
3.949637793927161e+02 5.662321876696728e-06
3.951705667117698e+02 5.670549701177587e-06
3.953773540308237e+02 5.678776010072399e-06
3.955841413498774e+02 5.687000500533373e-06
3.957909286689312e+02 5.695223610339280e-06
3.959977159879849e+02 5.703445106253591e-06
3.962045033070387e+02 5.711665169119553e-06
3.964112906260925e+02 5.719883355810146e-06
3.966180779451462e+02 5.728100410977470e-06
3.968248652642001e+02 5.736315618993282e-06
3.970316525832538e+02 5.744529270535999e-06
3.972384399023076e+02 5.752741599376140e-06
3.974452272213613e+02 5.760952317965481e-06
3.976520145404152e+02 5.769161575548443e-06
3.978588018594689e+02 5.777369386831971e-06
3.980655891785228e+02 5.785575891919650e-06
3.982723764975765e+02 5.793780571632958e-06
3.984791638166303e+02 5.801984182984875e-06
3.986859511356840e+02 5.810185954626987e-06
3.988927384547379e+02 5.818386568177676e-06
3.990995257737916e+02 5.826585565479174e-06
3.993063130928454e+02 5.834783209194787e-06
3.995131004118991e+02 5.842979565198296e-06
3.997198877309530e+02 5.851174227751396e-06
3.999266750500067e+02 5.859367819085751e-06
4.001334623690606e+02 5.867559763323827e-06
4.003402496881143e+02 5.875750357834553e-06
4.005470370071681e+02 5.883939891470161e-06
4.007538243262218e+02 5.892127482563866e-06
4.009606116452757e+02 5.900314426912141e-06
4.011673989643294e+02 5.908499465500684e-06
4.013741862833832e+02 5.916683309141736e-06
4.015809736024370e+02 5.924866030345025e-06
4.017877609214907e+02 5.933047221841735e-06
4.019945482405445e+02 5.941227182695483e-06
4.022013355595982e+02 5.949405916748337e-06
4.024081228786521e+02 5.957583366454238e-06
4.026149101977058e+02 5.965759476746762e-06
4.028216975167596e+02 5.973934441545972e-06
4.030284848358133e+02 5.982107966230202e-06
4.032352721548672e+02 5.990280431301110e-06
4.034420594739209e+02 5.998451483556710e-06
4.036488467929748e+02 6.006621365199971e-06
4.038556341120285e+02 6.014790204215115e-06
4.040624214310823e+02 6.022957467194332e-06
4.042692087501360e+02 6.031123917787204e-06
4.044759960691899e+02 6.039288893337192e-06
4.046827833882436e+02 6.047452804962190e-06
4.048895707072975e+02 6.055615555080986e-06
4.050963580263512e+02 6.063777073738702e-06
4.053031453454050e+02 6.071937615470483e-06
4.055099326644587e+02 6.080096792698071e-06
4.057167199835125e+02 6.088255121445063e-06
4.059235073025662e+02 6.096411966703204e-06
4.061302946216201e+02 6.104568184007997e-06
4.063370819406738e+02 6.112722703135403e-06
4.065438692597276e+02 6.120876587650504e-06
4.067506565787814e+02 6.129029244782015e-06
4.069574438978352e+02 6.137180589828203e-06
4.071642312168889e+02 6.145331221310012e-06
4.073710185359427e+02 6.153480653229318e-06
4.075778058549965e+02 6.161629076652174e-06
4.077845931740503e+02 6.169776412102544e-06
4.079913804931041e+02 6.177923036941117e-06
4.081981678121578e+02 6.186068186708087e-06
4.084049551312116e+02 6.194212571065424e-06
4.086117424502654e+02 6.202355935382629e-06
4.088185297693192e+02 6.210498155316095e-06
4.090253170883730e+02 6.218639510750138e-06
4.092321044074268e+02 6.226779961101033e-06
4.094388917264805e+02 6.234919530052130e-06
4.096456790455343e+02 6.243057947969171e-06
4.098524663645881e+02 6.251195806577680e-06
4.100592536836419e+02 6.259332317912784e-06
4.102660410026957e+02 6.267468223918017e-06
4.104728283217495e+02 6.275603010429255e-06
4.106796156408032e+02 6.283737016437910e-06
4.108864029598570e+02 6.291870211643802e-06
4.110931902789108e+02 6.300002321907864e-06
4.112999775979645e+02 6.308133866182262e-06
4.115067649170182e+02 6.316264283779384e-06
4.117135522360721e+02 6.324393906861144e-06
4.119203395551258e+02 6.332522958671323e-06
4.121271268741796e+02 6.340650595907906e-06
4.123339141932334e+02 6.348778281448143e-06
4.125407015122872e+02 6.356904376339316e-06
4.127474888313409e+02 6.365030136990568e-06
4.129542761503947e+02 6.373155088302607e-06
4.131610634694485e+02 6.381279031261281e-06
4.133678507885023e+02 6.389402452966031e-06
4.135746381075561e+02 6.397525074340885e-06
4.137814254266098e+02 6.405647005936477e-06
4.139882127456636e+02 6.413768148942738e-06
4.141950000647174e+02 6.421888731336419e-06
4.144017873837712e+02 6.430008467022188e-06
4.146085747028250e+02 6.438127581436407e-06
4.148153620218788e+02 6.446245960545967e-06
4.150221493409325e+02 6.454363715597781e-06
4.152289366599863e+02 6.462480885698713e-06
4.154357239790401e+02 6.470597172431889e-06
4.156425112980939e+02 6.478713192327306e-06
4.158492986171477e+02 6.486828266749117e-06
4.160560859362015e+02 6.494942845964746e-06
4.162628732552552e+02 6.503056907838763e-06
4.164696605743090e+02 6.511170209384684e-06
4.166764478933628e+02 6.519283166558050e-06
4.168832352124165e+02 6.527395343577267e-06
4.170900225314703e+02 6.535507229008937e-06
4.172968098505241e+02 6.543618283764655e-06
4.175035971695778e+02 6.551729231353614e-06
4.177103844886316e+02 6.559839057451935e-06
4.179171718076854e+02 6.567949040769786e-06
4.181239591267391e+02 6.576058011064165e-06
4.183307464457930e+02 6.584166545173129e-06
4.185375337648467e+02 6.592274869825944e-06
4.187443210839005e+02 6.600382469384942e-06
4.189511084029543e+02 6.608489662627493e-06
4.191578957220081e+02 6.616596651025916e-06
4.193646830410618e+02 6.624703185695217e-06
4.195714703601157e+02 6.632809092582568e-06
4.197782576791694e+02 6.640914953736346e-06
4.199850449982232e+02 6.649020150782014e-06
4.201918323172770e+02 6.657124895515942e-06
4.203986196363308e+02 6.665229403567224e-06
4.206054069553845e+02 6.673333519815426e-06
4.208121942744384e+02 6.681437320712131e-06
4.210189815934921e+02 6.689540773249603e-06
4.212257689125459e+02 6.697644165247548e-06
4.214325562315997e+02 6.705746911656354e-06
4.216393435506535e+02 6.713849658247012e-06
4.218461308697072e+02 6.721951916821208e-06
4.220529181887611e+02 6.730053999857733e-06
4.222597055078148e+02 6.738155888528727e-06
4.224664928268685e+02 6.746257385104229e-06
4.226732801459223e+02 6.754358919663045e-06
4.228800674649761e+02 6.762459991913597e-06
4.230868547840298e+02 6.770560901866802e-06
4.232936421030836e+02 6.778661834354712e-06
4.235004294221374e+02 6.786762003163651e-06
4.237072167411911e+02 6.794862925584662e-06
4.239140040602450e+02 6.802962700978072e-06
4.241207913792987e+02 6.811063141492998e-06
4.243275786983525e+02 6.819163160697784e-06
4.245343660174063e+02 6.827262900130958e-06
4.247411533364601e+02 6.835362885504047e-06
4.249479406555138e+02 6.843462591221611e-06
4.251547279745677e+02 6.851562270748228e-06
4.253615152936214e+02 6.859661913965051e-06
4.255683026126752e+02 6.867761626515852e-06
4.257750899317290e+02 6.875861186633418e-06
4.259818772507828e+02 6.883960751275503e-06
4.261886645698365e+02 6.892060371414872e-06
4.263954518888904e+02 6.900159960794322e-06
4.266022392079441e+02 6.908259567160143e-06
4.268090265269979e+02 6.916359194992863e-06
4.270158138460517e+02 6.924459039003752e-06
4.272226011651055e+02 6.932558723152331e-06
4.274293884841592e+02 6.940658590291470e-06
4.276361758032131e+02 6.948758674678113e-06
4.278429631222668e+02 6.956858606084112e-06
4.280497504413206e+02 6.964958961917662e-06
4.282565377603743e+02 6.973059253347243e-06
4.284633250794281e+02 6.981159891479459e-06
4.286701123984818e+02 6.989260526279122e-06
4.288768997175357e+02 6.997361634504871e-06
4.290836870365894e+02 7.005462481440897e-06
4.292904743556431e+02 7.013564245428214e-06
4.294972616746970e+02 7.021665443527836e-06
4.297040489937507e+02 7.029767380676325e-06
4.299108363128045e+02 7.037869434546646e-06
4.301176236318583e+02 7.045971563084374e-06
4.303244109509121e+02 7.054073957934013e-06
4.305311982699658e+02 7.062177208420852e-06
4.307379855890197e+02 7.070280137933613e-06
4.309447729080734e+02 7.078383891365280e-06
4.311515602271272e+02 7.086488057848993e-06
4.313583475461810e+02 7.094592297345131e-06
4.315651348652348e+02 7.102696997536605e-06
4.317719221842885e+02 7.110802145597845e-06
4.319787095033424e+02 7.118907517363893e-06
4.321854968223961e+02 7.127013389311795e-06
4.323922841414499e+02 7.135119755991023e-06
4.325990714605037e+02 7.143226680170792e-06
4.328058587795575e+02 7.151333917991706e-06
4.330126460986112e+02 7.159441859814071e-06
4.332194334176651e+02 7.167550159571000e-06
4.334262207367188e+02 7.175658991177004e-06
4.336330080557726e+02 7.183768464537392e-06
4.338397953748263e+02 7.191878331273404e-06
4.340465826938801e+02 7.199989042053320e-06
4.342533700129338e+02 7.208100120921303e-06
4.344601573319876e+02 7.216211856080250e-06
4.346669446510414e+02 7.224324383934631e-06
4.348737319700952e+02 7.232436995772691e-06
4.350805192891490e+02 7.240551113787980e-06
4.352873066082027e+02 7.248664813083535e-06
4.354940939272565e+02 7.256780243761457e-06
4.357008812463103e+02 7.264895671907998e-06
4.359076685653641e+02 7.273011524839198e-06
4.361144558844179e+02 7.281131600175210e-06
4.363212432034717e+02 7.289248135736652e-06
4.365280305225254e+02 7.297366727319377e-06
4.367348178415792e+02 7.305486305696769e-06
4.369416051606330e+02 7.313606703835080e-06
4.371483924796868e+02 7.321727909974194e-06
4.373551797987406e+02 7.329849996654909e-06
4.375619671177944e+02 7.337973070370865e-06
4.377687544368481e+02 7.346096880779913e-06
4.379755417559019e+02 7.354221614160413e-06
4.381823290749557e+02 7.362347418803025e-06
4.383891163940095e+02 7.370474032015318e-06
4.385959037130633e+02 7.378601617457523e-06
4.388026910321171e+02 7.386730194598075e-06
4.390094783511708e+02 7.394859893889073e-06
4.392162656702246e+02 7.402990324952731e-06
4.394230529892783e+02 7.411122126442812e-06
4.396298403083321e+02 7.419254811649999e-06
4.398366276273858e+02 7.427388646385662e-06
4.400434149464396e+02 7.435523562702515e-06
4.402502022654934e+02 7.443659703780641e-06
4.404569895845472e+02 7.451796730582128e-06
4.406637769036010e+02 7.459935471355008e-06
4.408705642226547e+02 7.468074569784831e-06
4.410773515417085e+02 7.476215742650417e-06
4.412841388607623e+02 7.484357475794884e-06
4.414909261798161e+02 7.492500573906231e-06
4.416977134988699e+02 7.500644898379679e-06
4.419045008179237e+02 7.508790678246187e-06
4.421112881369774e+02 7.516937484229712e-06
4.423180754560312e+02 7.525085976244067e-06
4.425248627750850e+02 7.533235597092215e-06
4.427316500941388e+02 7.541386638829712e-06
4.429384374131926e+02 7.549539211852159e-06
4.431452247322464e+02 7.557693137111384e-06
4.433520120513001e+02 7.565848234671424e-06
4.435587993703539e+02 7.574004954290254e-06
4.437655866894077e+02 7.582163079562546e-06
4.439723740084615e+02 7.590322710475303e-06
4.441791613275153e+02 7.598483872539482e-06
4.443859486465691e+02 7.606646660167644e-06
4.445927359656228e+02 7.614810967225336e-06
4.447995232846766e+02 7.622976758134906e-06
4.450063106037303e+02 7.631144340488316e-06
4.452130979227841e+02 7.639313289514759e-06
4.454198852418378e+02 7.647484212495642e-06
4.456266725608916e+02 7.655656568886553e-06
4.458334598799455e+02 7.663830726620724e-06
4.460402471989992e+02 7.672006732532799e-06
4.462470345180530e+02 7.680183992891026e-06
4.464538218371067e+02 7.688363728677286e-06
4.466606091561605e+02 7.696544222418587e-06
4.468673964752143e+02 7.704727615683563e-06
4.470741837942682e+02 7.712911878863258e-06
4.472809711133219e+02 7.721097923602283e-06
4.474877584323757e+02 7.729289668324180e-06
4.476945457514294e+02 7.737478394192276e-06
4.479013330704832e+02 7.745670655277838e-06
4.481081203895370e+02 7.753864988977557e-06
4.483149077085909e+02 7.762061232253291e-06
4.485216950276446e+02 7.770259580013958e-06
4.487284823466984e+02 7.778459976154209e-06
4.489352696657521e+02 7.786662539761084e-06
4.491420569848059e+02 7.794866987131539e-06
4.493488443038597e+02 7.803073674823159e-06
4.495556316229136e+02 7.811282662462894e-06
4.497624189419673e+02 7.819493455832564e-06
4.499692062610211e+02 7.827706749984070e-06
4.501759935800748e+02 7.835922083134657e-06
4.503827808991286e+02 7.844139785866326e-06
4.505895682181823e+02 7.852359527409433e-06
4.507963555372361e+02 7.860581863831124e-06
4.510031428562899e+02 7.868806421531540e-06
4.512099301753436e+02 7.877033261800352e-06
4.514167174943975e+02 7.885262670700805e-06
4.516235048134512e+02 7.893494405535552e-06
4.518302921325050e+02 7.901728475044694e-06
4.520370794515587e+02 7.909965388053919e-06
4.522438667706126e+02 7.918204139082885e-06
4.524506540896663e+02 7.926446438885587e-06
4.526574414087202e+02 7.934690274762377e-06
4.528642287277739e+02 7.942937160153826e-06
4.530710160468277e+02 7.951186409511180e-06
4.532778033658814e+02 7.959438293731567e-06
4.534845906849353e+02 7.967694676940946e-06
4.536913780039890e+02 7.975950941324754e-06
4.538981653230429e+02 7.984211364778742e-06
4.541049526420966e+02 7.992474106260713e-06
4.543117399611504e+02 8.000739934357451e-06
4.545185272802041e+02 8.009008586668674e-06
4.547253145992580e+02 8.017279949721480e-06
4.549321019183117e+02 8.025554443811313e-06
4.551388892373656e+02 8.033831587149550e-06
4.553456765564193e+02 8.042111758939014e-06
4.555524638754731e+02 8.050394997955786e-06
4.557592511945268e+02 8.058681241533198e-06
4.559660385135806e+02 8.066970638815683e-06
4.561728258326343e+02 8.075262952471805e-06
4.563796131516881e+02 8.083558691851722e-06
4.565864004707419e+02 8.091857200472760e-06
4.567931877897956e+02 8.100159342279218e-06
4.569999751088495e+02 8.108464420357207e-06
4.572067624279032e+02 8.116773007636044e-06
4.574135497469570e+02 8.125085032698506e-06
4.576203370660107e+02 8.133400113459302e-06
4.578271243850646e+02 8.141719302221382e-06
4.580339117041183e+02 8.150041365562842e-06
4.582406990231722e+02 8.158368513459338e-06
4.584474863422259e+02 8.166700147146683e-06
4.586542736612797e+02 8.175047199449209e-06
4.588610609803334e+02 8.183311333944739e-06
4.590678482993873e+02 8.191680576230072e-06
4.592746356184410e+02 8.200036480809196e-06
4.594814229374949e+02 8.208383194294839e-06
4.596882102565486e+02 8.216733886202941e-06
4.598949975756024e+02 8.225088297152096e-06
4.601017848946561e+02 8.233446273171250e-06
4.603085722137100e+02 8.241808012911565e-06
4.605153595327637e+02 8.250173368826842e-06
4.607221468518176e+02 8.258542784828527e-06
4.609289341708713e+02 8.266916128746239e-06
4.611357214899251e+02 8.275293020026894e-06
4.613425088089788e+02 8.283674425108991e-06
4.615492961280326e+02 8.292059432592692e-06
4.617560834470863e+02 8.300448678438854e-06
4.619628707661402e+02 8.308841880199796e-06
4.621696580851939e+02 8.317239420646173e-06
4.623764454042476e+02 8.325641141642421e-06
4.625832327233015e+02 8.334046916731009e-06
4.627900200423552e+02 8.342457374523271e-06
4.629968073614090e+02 8.350871909641393e-06
4.632035946804627e+02 8.359290713610941e-06
4.634103819995166e+02 8.367714322390487e-06
4.636171693185703e+02 8.376141755228558e-06
4.638239566376242e+02 8.384574743199579e-06
4.640307439566779e+02 8.393011358005425e-06
4.642375312757317e+02 8.401452571999423e-06
4.644443185947854e+02 8.409898518768373e-06
4.646511059138393e+02 8.418349523690435e-06
4.648578932328930e+02 8.426804469847239e-06
4.650646805519469e+02 8.435264348302943e-06
4.652714678710006e+02 8.443732355595652e-06
4.654782551900544e+02 8.452201242899204e-06
4.656850425091081e+02 8.460675693733330e-06
4.658918298281620e+02 8.469155617497598e-06
4.660986171472157e+02 8.477640575466970e-06
4.663054044662696e+02 8.486130785752865e-06
4.665121917853233e+02 8.494625710675224e-06
4.667189791043771e+02 8.503126008773619e-06
4.669257664234308e+02 8.511631479795182e-06
4.671325537424846e+02 8.520142143000908e-06
4.673393410615383e+02 8.528658299806551e-06
4.675461283805922e+02 8.537179591546422e-06
4.677529156996459e+02 8.545706665858273e-06
4.679597030186997e+02 8.554238657421995e-06
4.681664903377535e+02 8.562776688090159e-06
4.683732776568072e+02 8.571319786357225e-06
4.685800649758610e+02 8.579868782054268e-06
4.687868522949148e+02 8.588423356880983e-06
4.689936396139686e+02 8.596983283198628e-06
4.692004269330224e+02 8.605549212209300e-06
4.694072142520762e+02 8.614119908960473e-06
4.696140015711299e+02 8.622696270341513e-06
4.698207888901837e+02 8.631275289539138e-06
4.700275762092375e+02 8.639848109206319e-06
4.702343635282913e+02 8.648513689637157e-06
4.704411508473451e+02 8.657055248826849e-06
4.706479381663989e+02 8.665715445856124e-06
4.708547254854526e+02 8.674315849898343e-06
4.710615128045064e+02 8.682932978864046e-06
4.712683001235602e+02 8.691558746539537e-06
4.714750874426140e+02 8.700191587525710e-06
4.716818747616678e+02 8.708831386970233e-06
4.718886620807216e+02 8.717477895919357e-06
4.720954493997753e+02 8.726131386198342e-06
4.723022367188291e+02 8.734791526543769e-06
4.725090240378829e+02 8.743458232884127e-06
4.727158113569366e+02 8.752132323471169e-06
4.729225986759903e+02 8.760812644555010e-06
4.731293859950442e+02 8.769500104401057e-06
4.733361733140979e+02 8.778194327890515e-06
4.735429606331517e+02 8.786895484089524e-06
4.737497479522055e+02 8.795603566559658e-06
4.739565352712592e+02 8.804318287715626e-06
4.741633225903130e+02 8.813040283061904e-06
4.743701099093668e+02 8.821768511780803e-06
4.745768972284206e+02 8.830502716109890e-06
4.747836845474744e+02 8.839243203305684e-06
4.749904718665282e+02 8.847986693067046e-06
4.751972591855819e+02 8.856732359665226e-06
4.754040465046357e+02 8.865467472908825e-06
4.756108338236895e+02 8.874162872267016e-06
4.758176211427433e+02 8.882055438429327e-06
4.760244084617971e+02 8.892234549232930e-06
4.762311957808509e+02 8.900869455420966e-06
4.764379830999046e+02 8.909633039225227e-06
4.766447704189584e+02 8.918428872849523e-06
4.768515577380122e+02 8.927243653707078e-06
4.770583450570660e+02 8.936070042676429e-06
4.772651323761198e+02 8.944908308463250e-06
4.774719196951736e+02 8.953756727230276e-06
4.776787070142273e+02 8.962614862562696e-06
4.778854943332810e+02 8.971482161708884e-06
4.780922816523349e+02 8.980359109850084e-06
4.782990689713886e+02 8.989245126365866e-06
4.785058562904424e+02 8.998140417209670e-06
4.787126436094962e+02 9.007045228822239e-06
4.789194309285499e+02 9.015959184988819e-06
4.791262182476037e+02 9.024882979464905e-06
4.793330055666575e+02 9.033815657885433e-06
4.795397928857112e+02 9.042758552143185e-06
4.797465802047651e+02 9.051710381094613e-06
4.799533675238188e+02 9.060672344737362e-06
4.801601548428726e+02 9.069643853812238e-06
4.803669421619264e+02 9.078624991650962e-06
4.805737294809802e+02 9.087616185280119e-06
4.807805168000339e+02 9.096616507881727e-06
4.809873041190878e+02 9.105626526120206e-06
4.811940914381415e+02 9.114644427263493e-06
4.814008787571953e+02 9.123668917848615e-06
4.816076660762491e+02 9.132689137828042e-06
4.818144533953029e+02 9.141584565139742e-06
4.820212407143566e+02 9.150983467437142e-06
4.822280280334105e+02 9.159979082523001e-06
4.824348153524642e+02 9.169066541965656e-06
4.826416026715180e+02 9.178157036146166e-06
4.828483899905718e+02 9.187263379534355e-06
4.830551773096256e+02 9.196383411945371e-06
4.832619646286793e+02 9.205516242021671e-06
4.834687519477330e+02 9.214661870080236e-06
4.836755392667869e+02 9.223820000832679e-06
4.838823265858406e+02 9.232991008713772e-06
4.840891139048944e+02 9.242175498485131e-06
4.842959012239482e+02 9.251372724614646e-06
4.845026885430019e+02 9.260584114653338e-06
4.847094758620557e+02 9.269809602948181e-06
4.849162631811095e+02 9.279049942537053e-06
4.851230505001632e+02 9.288306124000464e-06
4.853298378192171e+02 9.297579274832177e-06
4.855366251382708e+02 9.306871689913792e-06
4.857434124573246e+02 9.316185402315650e-06
4.859501997763784e+02 9.325524567277489e-06
4.861569870954322e+02 9.334898660394056e-06
4.863637744144859e+02 9.344318729268158e-06
4.865705617335398e+02 9.353822433179917e-06
4.867773490525935e+02 9.363499702620828e-06
4.869841363716473e+02 9.373746606537297e-06
4.871909236907011e+02 9.392750726472877e-06
4.873977110097549e+02 9.387539766923442e-06
4.876044983288086e+02 9.398588128899992e-06
4.878112856478625e+02 9.408469081441296e-06
4.880180729669162e+02 9.418114840253865e-06
4.882248602859700e+02 9.427682453905638e-06
4.884316476050238e+02 9.437218578154946e-06
4.886384349240776e+02 9.446745024065619e-06
4.888452222431313e+02 9.456270678537238e-06
4.890520095621850e+02 9.465801121999447e-06
4.892587968812389e+02 9.475339635434306e-06
4.894655842002927e+02 9.484888553276363e-06
4.896723715193464e+02 9.494448742846612e-06
4.898791588384002e+02 9.504021656175275e-06
4.900859461574539e+02 9.513608145329392e-06
4.902927334765077e+02 9.523208497221268e-06
4.904995207955615e+02 9.532823824976229e-06
4.907063081146152e+02 9.542453593228905e-06
4.909130954336691e+02 9.552099486531422e-06
4.911198827527228e+02 9.561760171609916e-06
4.913266700717766e+02 9.571437470919474e-06
4.915334573908304e+02 9.581130574727072e-06
4.917402447098842e+02 9.590840116059573e-06
4.919470320289379e+02 9.600566455525164e-06
4.921538193479918e+02 9.610309115703923e-06
4.923606066670455e+02 9.620068102232366e-06
4.925673939860993e+02 9.629919856371197e-06
4.927741813051531e+02 9.639641703214407e-06
4.929809686242069e+02 9.649449106571698e-06
4.931877559432606e+02 9.659270112685154e-06
4.933945432623145e+02 9.669089978168600e-06
4.936013305813682e+02 9.678586075765460e-06
4.938081179004220e+02 9.689009984947856e-06
4.940149052194758e+02 9.698863508111914e-06
4.942216925385295e+02 9.708772960612648e-06
4.944284798575833e+02 9.718709721377836e-06
4.946352671766371e+02 9.728668335034627e-06
4.948420544956909e+02 9.738647517964634e-06
4.950488418147447e+02 9.748646404797306e-06
4.952556291337984e+02 9.758665038607937e-06
4.954624164528522e+02 9.768703038294341e-06
4.956692037719059e+02 9.778759469215249e-06
4.958759910909597e+02 9.788834853569019e-06
4.960827784100135e+02 9.798927807116803e-06
4.962895657290672e+02 9.809037607183069e-06
4.964963530481211e+02 9.819162966579583e-06
4.967031403671748e+02 9.829302143302162e-06
4.969099276862286e+02 9.839451925020211e-06
4.971167150052824e+02 9.849607458272321e-06
4.973235023243362e+02 9.859759570451924e-06
4.975302896433899e+02 9.869896022509625e-06
4.977370769624438e+02 9.879980816520453e-06
4.979438642814975e+02 9.889953617175895e-06
4.981506516005513e+02 9.899611620824368e-06
4.983574389196051e+02 9.908104545031900e-06
4.985642262386589e+02 9.896756365635590e-06
4.987710135577126e+02 9.939706632806147e-06
4.989778008767665e+02 9.944434324944536e-06
4.991845881958202e+02 9.955278085827413e-06
4.993913755148740e+02 9.965542238886166e-06
4.995981628339278e+02 9.975881229922938e-06
4.998049501529815e+02 9.986302999457111e-06
5.000117374720353e+02 9.996790346777393e-06
5.002185247910891e+02 1.000732989024083e-05
5.004253121101429e+02 1.001791460211905e-05
5.006320994291967e+02 1.002854022059858e-05
5.008388867482504e+02 1.003920360501755e-05
5.010456740673042e+02 1.004990266859157e-05
5.012524613863579e+02 1.006063661503919e-05
5.014592487054117e+02 1.007140462697379e-05
5.016660360244655e+02 1.008220603776353e-05
5.018728233435193e+02 1.009304119735098e-05
5.020796106625731e+02 1.010390927393408e-05
5.022863979816268e+02 1.011481151479028e-05
5.024931853006806e+02 1.012574630275485e-05
5.026999726197344e+02 1.013671578919654e-05
5.029067599387882e+02 1.014771868431591e-05
5.031135472578420e+02 1.015875630206762e-05
5.033203345768958e+02 1.016982918116318e-05
5.035271218959495e+02 1.018093812673812e-05
5.037339092150033e+02 1.019208722521661e-05
5.039406965340571e+02 1.020297286267024e-05
5.041474838531109e+02 1.021447886667657e-05
5.043542711721647e+02 1.022557922352765e-05
5.045610584912185e+02 1.023696480595695e-05
5.047678458102722e+02 1.024829806418490e-05
5.049746331293260e+02 1.025966274183610e-05
5.051814204483798e+02 1.027106356309955e-05
5.053882077674335e+02 1.028257506304654e-05
5.055949950864874e+02 1.029398293925884e-05
5.058017824055411e+02 1.030550036028853e-05
5.060085697245949e+02 1.031705792949982e-05
5.062153570436487e+02 1.032865662909103e-05
5.064221443627024e+02 1.034029678591992e-05
5.066289316817562e+02 1.035197945534762e-05
5.068357190008099e+02 1.036370493409259e-05
5.070425063198637e+02 1.037547389794860e-05
5.072492936389175e+02 1.038728776394577e-05
5.074560809579713e+02 1.039914647067367e-05
5.076628682770251e+02 1.041105127556410e-05
5.078696555960788e+02 1.042300298978938e-05
5.080764429151326e+02 1.043500347444024e-05
5.082832302341864e+02 1.044705305022497e-05
5.084900175532402e+02 1.045915497902315e-05
5.086968048722940e+02 1.047130985196314e-05
5.089035921913478e+02 1.048352482583183e-05
5.091103795104015e+02 1.049579710004075e-05
5.093171668294553e+02 1.050814687720323e-05
5.095239541485091e+02 1.052057874364926e-05
5.097307414675629e+02 1.053314343527475e-05
5.099375287866167e+02 1.054594849550389e-05
5.101443161056705e+02 1.055965038344838e-05
5.103511034247242e+02 1.055923973373008e-05
5.105578907437780e+02 1.058031213878088e-05
5.107646780628318e+02 1.059395510560070e-05
5.109714653818855e+02 1.060699662145097e-05
5.111782527009394e+02 1.061991879189667e-05
5.113850400199931e+02 1.063282590448548e-05
5.115918273390469e+02 1.064575218962301e-05
5.117986146581007e+02 1.065871379616086e-05
5.120054019771544e+02 1.067171835391986e-05
5.122121892962082e+02 1.068476934538243e-05
5.124189766152620e+02 1.069786894839696e-05
5.126257639343157e+02 1.071101776493377e-05
5.128325512533695e+02 1.072421506652182e-05
5.130393385724233e+02 1.073745879005948e-05
5.132461258914770e+02 1.075074620416261e-05
5.134529132105308e+02 1.076407139920080e-05
5.136597005295847e+02 1.077742695653285e-05
5.138664878486384e+02 1.079079847338860e-05
5.140732751676923e+02 1.080416759935147e-05
5.142800624867459e+02 1.081749866971782e-05
5.144868498057998e+02 1.083073519273409e-05
5.146936371248536e+02 1.084376847756718e-05
5.149004244439074e+02 1.085637205854526e-05
5.151072117629611e+02 1.086798027168580e-05
5.153139990820149e+02 1.087833223500488e-05
5.155207864010687e+02 1.087205764581426e-05
5.157275737201225e+02 1.103323113002550e-05
5.159343610391762e+02 1.095639239192518e-05
5.161411483582300e+02 1.096145710105292e-05
5.163479356772838e+02 1.097252945495273e-05
5.165547229963375e+02 1.098542252823708e-05
5.167615103153913e+02 1.099915329496376e-05
5.169682976344451e+02 1.101337011640701e-05
5.171750849534990e+02 1.102791977016003e-05
5.173818722725526e+02 1.104272218434388e-05
5.175886595916064e+02 1.105773609275928e-05
5.177954469106602e+02 1.107293633118430e-05
5.180022342297140e+02 1.108830901496076e-05
5.182090215487677e+02 1.110384558532813e-05
5.184158088678215e+02 1.111954231294036e-05
5.186225961868753e+02 1.113539799150212e-05
5.188293835059291e+02 1.115141231838608e-05
5.190361708249828e+02 1.116758793163497e-05
5.192429581440367e+02 1.118392762356704e-05
5.194497454630904e+02 1.120043689754925e-05
5.196565327821443e+02 1.121711918276314e-05
5.198633201011979e+02 1.123398445096866e-05
5.200701074202518e+02 1.125103748356592e-05
5.202768947393056e+02 1.126829238171773e-05
5.204836820583594e+02 1.128575175978643e-05
5.206904693774131e+02 1.130344249619202e-05
5.208972566964669e+02 1.132136689755075e-05
5.211040440155207e+02 1.133956297032405e-05
5.213108313345745e+02 1.135806132224585e-05
5.215176186536282e+02 1.137694641614481e-05
5.217244059726820e+02 1.139643179068351e-05
5.219311932917358e+02 1.141781447538074e-05
5.221379806107896e+02 1.142242807289243e-05
5.223447679298433e+02 1.145117392035637e-05
5.225515552488971e+02 1.147247503518511e-05
5.227583425679510e+02 1.149359722065829e-05
5.229651298870047e+02 1.151502456673647e-05
5.231719172060584e+02 1.153692097665868e-05
5.233787045251122e+02 1.155939527224758e-05
5.235854918441660e+02 1.158255266928373e-05
5.237922791632197e+02 1.160651280048298e-05
5.239990664822735e+02 1.163141980919792e-05
5.242058538013273e+02 1.165745627441318e-05
5.244126411203811e+02 1.168485877639215e-05
5.246194284394348e+02 1.171394344995768e-05
5.248262157584887e+02 1.174514049203779e-05
5.250330030775424e+02 1.177905607624461e-05
5.252397903965963e+02 1.181656995415502e-05
5.254465777156499e+02 1.185901651630653e-05
5.256533650347038e+02 1.190851273445547e-05
5.258601523537576e+02 1.196865053541808e-05
5.260669396728114e+02 1.204603488612652e-05
5.262737269918651e+02 1.215429953819449e-05
5.264805143109189e+02 1.232685835798085e-05
5.266873016299727e+02 1.267318029206898e-05
5.268940889490265e+02 1.388080328995521e-05
5.271008762680802e+02 5.373115863542636e-06
5.273076635871340e+02 1.056717864443135e-05
5.275144509061878e+02 1.115365860245916e-05
5.277212382252416e+02 1.139192923596374e-05
5.279280255442953e+02 1.152812783044530e-05
5.281348128633491e+02 1.162079626327272e-05
5.283416001824030e+02 1.169095950119194e-05
5.285483875014567e+02 1.174803733869627e-05
5.287551748205104e+02 1.179687850699632e-05
5.289619621395642e+02 1.184023895296496e-05
5.291687494586180e+02 1.187979826394604e-05
5.293755367776718e+02 1.191664195237791e-05
5.295823240967255e+02 1.195150238385060e-05
5.297891114157793e+02 1.198489346894544e-05
5.299958987348331e+02 1.201718647762117e-05
5.302026860538869e+02 1.204865670081509e-05
5.304094733729407e+02 1.207951539317000e-05
5.306162606919944e+02 1.210992561460432e-05
5.308230480110483e+02 1.214001989217098e-05
5.310298353301019e+02 1.216990374158824e-05
5.312366226491558e+02 1.219967570549743e-05
5.314434099682096e+02 1.222941901078540e-05
5.316501972872634e+02 1.225923771266365e-05
5.318569846063172e+02 1.228927905837038e-05
5.320637719253709e+02 1.231995665974773e-05
5.322705592444247e+02 1.235455553268742e-05
5.324773465634785e+02 1.236887641053256e-05
5.326841338825323e+02 1.240459635111196e-05
5.328909212015860e+02 1.243597347426495e-05
5.330977085206398e+02 1.246693978895010e-05
5.333044958396936e+02 1.249794363459961e-05
5.335112831587473e+02 1.252911393233559e-05
5.337180704778011e+02 1.256049174170441e-05
5.339248577968550e+02 1.259212871996623e-05
5.341316451159087e+02 1.262403062392777e-05
5.343384324349624e+02 1.265621827877174e-05
5.345452197540162e+02 1.268869858590991e-05
5.347520070730700e+02 1.272147392049630e-05
5.349587943921238e+02 1.275454347676453e-05
5.351655817111775e+02 1.278790009834950e-05
5.353723690302313e+02 1.282152845697352e-05
5.355791563492851e+02 1.285540463006280e-05
5.357859436683389e+02 1.288949151686474e-05
5.359927309873927e+02 1.292373656824764e-05
5.361995183064464e+02 1.295806172137216e-05
5.364063056255003e+02 1.299235625411116e-05
5.366130929445540e+02 1.302645966064047e-05
5.368198802636078e+02 1.306013489775875e-05
5.370266675826616e+02 1.309302258266997e-05
5.372334549017154e+02 1.312456707531101e-05
5.374402422207692e+02 1.315385819853142e-05
5.376470295398228e+02 1.317932509890645e-05
5.378538168588767e+02 1.319802070929946e-05
5.380606041779305e+02 1.320374001144018e-05
5.382673914969843e+02 1.318090346375205e-05
5.384741788160380e+02 1.307493211109548e-05
5.386809661350918e+02 1.252362663214974e-05
5.388877534541456e+02 1.529873243602542e-05
5.390945407731994e+02 1.410371636703391e-05
5.393013280922531e+02 1.395158589502724e-05
5.395081154113070e+02 1.392062633128998e-05
5.397149027303607e+02 1.392860656465413e-05
5.399216900494145e+02 1.395448197437754e-05
5.401284773684682e+02 1.399043503504230e-05
5.403352646875220e+02 1.403292673976698e-05
5.405420520065758e+02 1.408012719304645e-05
5.407488393256295e+02 1.413101811396796e-05
5.409556266446833e+02 1.418499584802257e-05
5.411624139637371e+02 1.424169240973995e-05
5.413692012827909e+02 1.430087949874517e-05
5.415759886018448e+02 1.436241661701176e-05
5.417827759208984e+02 1.442622107692077e-05
5.419895632399523e+02 1.449224245999043e-05
5.421963505590060e+02 1.456045138464319e-05
5.424031378780599e+02 1.463081377320527e-05
5.426099251971136e+02 1.470327705022831e-05
5.428167125161674e+02 1.477768246671939e-05
5.430234998352212e+02 1.485362805534942e-05
5.432302871542748e+02 1.492984937891824e-05
5.434370744733287e+02 1.500119409740173e-05
5.436438617923825e+02 1.501852360333722e-05
5.438506491114363e+02 1.535717226285572e-05
5.440574364304900e+02 1.546635230756334e-05
5.442642237495438e+02 1.534950889279908e-05
5.444710110685976e+02 1.548131784287467e-05
5.446777983876514e+02 1.559036134978970e-05
5.448845857067051e+02 1.569924732305498e-05
5.450913730257590e+02 1.581101836247930e-05
5.452981603448127e+02 1.592662753567091e-05
5.455049476638665e+02 1.604657275200022e-05
5.457117349829202e+02 1.617125276398457e-05
5.459185223019740e+02 1.630101754885128e-05
5.461253096210278e+02 1.643622864849567e-05
5.463320969400816e+02 1.657726747281050e-05
5.465388842591353e+02 1.672454272428180e-05
5.467456715781891e+02 1.687849741972451e-05
5.469524588972429e+02 1.703961816552953e-05
5.471592462162968e+02 1.720843566323576e-05
5.473660335353504e+02 1.738553766524324e-05
5.475728208544043e+02 1.757156809728760e-05
5.477796081734580e+02 1.776724452223722e-05
5.479863954925119e+02 1.797336441975560e-05
5.481931828115656e+02 1.819080894026458e-05
5.483999701306193e+02 1.842057010226243e-05
5.486067574496732e+02 1.866375682917247e-05
5.488135447687268e+02 1.892162069942406e-05
5.490203320877807e+02 1.919567630126882e-05
5.492271194068345e+02 1.948699020461933e-05
5.494339067258883e+02 1.979807110591461e-05
5.496406940449421e+02 2.013064723769024e-05
5.498474813639958e+02 2.048711877337893e-05
5.500542686830496e+02 2.087022316386806e-05
5.502610560021034e+02 2.128310942618308e-05
5.504678433211571e+02 2.173043682151461e-05
5.506746306402110e+02 2.221234134342856e-05
5.508814179592647e+02 2.273944786525695e-05
5.510882052783185e+02 2.331509245332008e-05
5.512949925973722e+02 2.394670764642884e-05
5.515017799164260e+02 2.464301877541998e-05
5.517085672354798e+02 2.541464173586663e-05
5.519153545545336e+02 2.627461479306423e-05
5.521221418735873e+02 2.723918629571979e-05
5.523289291926411e+02 2.832884059725948e-05
5.525357165116949e+02 2.956977926691103e-05
5.527425038307488e+02 3.099607703686627e-05
5.529492911498024e+02 3.265286850482142e-05
5.531560784688563e+02 3.460124360960696e-05
5.533628657879100e+02 3.692595439291320e-05
5.535696531069639e+02 3.974814037601470e-05
5.537764404260176e+02 4.324716474722431e-05
5.539832277450713e+02 4.770043982747421e-05
5.541900150641252e+02 5.356086739529287e-05
5.543968023831789e+02 6.162197234020034e-05
5.546035897022327e+02 7.341194346432060e-05
5.548103770212865e+02 9.229990545202173e-05
5.550171643403403e+02 1.274630213003774e-04
5.552239516593941e+02 2.158753984368933e-04
5.554307389784478e+02 8.548150239892848e-04
5.556375262975016e+02 -3.873574027412130e-04
5.558443136165554e+02 -1.504398211195391e-04
5.560511009356092e+02 -9.028736867476835e-05
5.562578882546630e+02 -6.282112548786111e-05
5.564646755737167e+02 -4.708947113775801e-05
5.566714628927705e+02 -3.689473425067945e-05
5.568782502118243e+02 -2.975036207555323e-05
5.570850375308780e+02 -2.446482758670362e-05
5.572918248499318e+02 -2.039564006165217e-05
5.574986121689856e+02 -1.716586003980037e-05
5.577053994880393e+02 -1.453969137003769e-05
5.579121868070931e+02 -1.236209867413093e-05
5.581189741261469e+02 -1.052694991479439e-05
5.583257614452008e+02 -8.959154304963550e-06
5.585325487642544e+02 -7.604070898852355e-06
5.587393360833083e+02 -6.421005193350017e-06
5.589461234023620e+02 -5.379011716162924e-06
5.591529107214159e+02 -4.454157676974111e-06
5.593596980404697e+02 -3.627630264268924e-06
5.595664853595233e+02 -2.884429277073174e-06
5.597732726785772e+02 -2.212474439113477e-06
5.599800599976309e+02 -1.601883733264383e-06
5.601868473166847e+02 -1.044488404524782e-06
5.603936346357385e+02 -5.327021667444348e-07
5.606004219547923e+02 -6.468115788262054e-08
5.608072092738461e+02 3.688353706839849e-07
5.610139965928998e+02 7.713798264238480e-07
5.612207839119536e+02 1.144580465263404e-06
5.614275712310074e+02 1.492221769801148e-06
5.616343585500612e+02 1.816875086466594e-06
5.618411458691151e+02 2.120862102399954e-06
5.620479331881687e+02 2.405817760319409e-06
5.622547205072225e+02 2.673908459503568e-06
5.624615078262763e+02 2.926441814662000e-06
5.626682951453300e+02 3.164780072122970e-06
5.628750824643838e+02 3.390115229760672e-06
5.630818697834376e+02 3.603512595677371e-06
5.632886571024914e+02 3.805922905159721e-06
5.634954444215451e+02 3.998197348379102e-06
5.637022317405989e+02 4.181100116942669e-06
5.639090190596528e+02 4.355323773043350e-06
5.641158063787065e+02 4.521489770529545e-06
5.643225936977603e+02 4.680163492618664e-06
5.645293810168140e+02 4.831856047283719e-06
5.647361683358678e+02 4.977034884755195e-06
5.649429556549217e+02 5.116123134516145e-06
5.651497429739753e+02 5.249506493228367e-06
5.653565302930292e+02 5.377535690354171e-06
5.655633176120829e+02 5.500528746684030e-06
5.657701049311368e+02 5.618764135762575e-06
5.659768922501905e+02 5.732469280306841e-06
5.661836795692443e+02 5.841812517306268e-06
5.663904668882981e+02 5.946718911616725e-06
5.665972542073519e+02 6.046149269271251e-06
5.668040415264056e+02 6.121505081231735e-06
5.670108288454594e+02 6.265611797116134e-06
5.672176161645132e+02 6.390961241519853e-06
5.674244034835671e+02 6.422590293236737e-06
5.676311908026207e+02 6.512099577049066e-06
5.678379781216745e+02 6.596416421535952e-06
5.680447654407283e+02 6.677694951031371e-06
5.682515527597820e+02 6.756369843419503e-06
5.684583400788358e+02 6.832634917016133e-06
5.686651273978896e+02 6.906627054983253e-06
5.688719147169434e+02 6.978444418890046e-06
5.690787020359971e+02 7.048180377388074e-06
5.692854893550509e+02 7.115909047850691e-06
5.694922766741048e+02 7.181695570811783e-06
5.696990639931585e+02 7.245588723627216e-06
5.699058513122123e+02 7.307624979371615e-06
5.701126386312660e+02 7.367817704384204e-06
5.703194259503198e+02 7.426152711811907e-06
5.705262132693737e+02 7.482568621211159e-06
5.707330005884273e+02 7.536933179880138e-06
5.709397879074812e+02 7.588983145913971e-06
5.711465752265349e+02 7.638194853491805e-06
5.713533625455888e+02 7.683486452771850e-06
5.715601498646425e+02 7.722290307638758e-06
5.717669371836963e+02 7.747020052897640e-06
5.719737245027501e+02 7.721872478394413e-06
5.721805118218039e+02 5.917424740575249e-06
5.723872991408576e+02 8.160103668433346e-06
5.725940864599114e+02 8.108885705109192e-06
5.728008737789652e+02 8.126261126786438e-06
5.730076610980190e+02 8.156651514704953e-06
5.732144484170727e+02 8.192149736070369e-06
5.734212357361265e+02 8.229767789174708e-06
5.736280230551803e+02 8.268255326083736e-06
5.738348103742341e+02 8.307006199179267e-06
5.740415976932878e+02 8.345701001238840e-06
5.742483850123416e+02 8.384153930089017e-06
5.744551723313954e+02 8.422262466822063e-06
5.746619596504491e+02 8.459961794606887e-06
5.748687469695029e+02 8.497217164945213e-06
5.750755342885568e+02 8.534008013522510e-06
5.752823216076105e+02 8.570327598785053e-06
5.754891089266644e+02 8.606173536842984e-06
5.756958962457180e+02 8.641550712051117e-06
5.759026835647718e+02 8.676466314813479e-06
5.761094708838257e+02 8.710931396481121e-06
5.763162582028793e+02 8.744957885021364e-06
5.765230455219332e+02 8.778559621685583e-06
5.767298328409869e+02 8.811753309258469e-06
5.769366201600408e+02 8.844554718609867e-06
5.771434074790945e+02 8.876983234609854e-06
5.773501947981483e+02 8.909053419120251e-06
5.775569821172021e+02 8.940797494613595e-06
5.777637694362559e+02 8.972223423731345e-06
5.779705567553096e+02 9.003379110897562e-06
5.781773440743634e+02 9.034306991032357e-06
5.783841313934172e+02 9.065183905363437e-06
5.785909187124710e+02 9.100301702034745e-06
5.787977060315247e+02 9.124225847840820e-06
5.790044933505785e+02 9.154630844315959e-06
5.792112806696323e+02 9.184637419805302e-06
5.794180679886861e+02 9.214476511394530e-06
5.796248553077398e+02 9.244249287800727e-06
5.798316426267936e+02 9.274021592231014e-06
5.800384299458474e+02 9.303864502687773e-06
5.802452172649012e+02 9.333852666226634e-06
5.804520045839549e+02 9.364082435891547e-06
5.806587919030088e+02 9.394664466643903e-06
5.808655792220625e+02 9.425740343389533e-06
5.810723665411163e+02 9.457486531400608e-06
5.812791538601700e+02 9.490134995625082e-06
5.814859411792238e+02 9.523990485598291e-06
5.816927284982777e+02 9.559468352159816e-06
5.818995158173313e+02 9.597148448811198e-06
5.821063031363852e+02 9.637869929838117e-06
5.823130904554389e+02 9.682892102413864e-06
5.825198777744928e+02 9.734201811008374e-06
5.827266650935466e+02 9.795135090765772e-06
5.829334524126003e+02 9.871746659371924e-06
5.831402397316541e+02 9.976317909234161e-06
5.833470270507079e+02 1.013812501834857e-05
5.835538143697617e+02 1.044851651526936e-05
5.837606016888154e+02 1.140878776013757e-05
5.839673890078692e+02 -4.316618214470421e-06
5.841741763269230e+02 8.255313421856061e-06
5.843809636459767e+02 8.948071819982908e-06
5.845877509650305e+02 9.208397458651160e-06
5.847945382840843e+02 9.351681488806046e-06
5.850013256031381e+02 9.446509750501040e-06
5.852081129221918e+02 9.516579276333929e-06
5.854149002412456e+02 9.572264658266481e-06
5.856216875602994e+02 9.618821054746712e-06
5.858284748793532e+02 9.659203546661465e-06
5.860352621984069e+02 9.695194843437286e-06
5.862420495174608e+02 9.727940855272079e-06
5.864488368365145e+02 9.758207493169966e-06
5.866556241555683e+02 9.786530292959652e-06
5.868624114746220e+02 9.813291805678403e-06
5.870691987936758e+02 9.838775699656451e-06
5.872759861127297e+02 9.863194801101148e-06
5.874827734317834e+02 9.886713245035212e-06
5.876895607508372e+02 9.909458326971395e-06
5.878963480698909e+02 9.931530623266640e-06
5.881031353889448e+02 9.953009083722980e-06
5.883099227079986e+02 9.973949337980674e-06
5.885167100270523e+02 9.994372968360341e-06
5.887234973461061e+02 1.001411840353065e-05
5.889302846651599e+02 1.003818608611216e-05
5.891370719842137e+02 1.005449228256853e-05
5.893438593032674e+02 1.007336305659696e-05
5.895506466223212e+02 1.009210568232200e-05
5.897574339413750e+02 1.011063385616502e-05
5.899642212604288e+02 1.012893821724198e-05
5.901710085794825e+02 1.014704460666574e-05
5.903777958985363e+02 1.016494404548987e-05
5.905845832175901e+02 1.018268111469972e-05
5.907913705366439e+02 1.020024888460720e-05
5.909981578556976e+02 1.021767150524119e-05
5.912049451747514e+02 1.023496371354787e-05
5.914117324938052e+02 1.025214287940958e-05
5.916185198128589e+02 1.026922616773642e-05
5.918253071319127e+02 1.028623609001445e-05
5.920320944509665e+02 1.030319421985164e-05
5.922388817700203e+02 1.032012907074829e-05
5.924456690890740e+02 1.033707239547570e-05
5.926524564081278e+02 1.035406652602200e-05
5.928592437271817e+02 1.037116338830465e-05
5.930660310462354e+02 1.038843356825220e-05
5.932728183652893e+02 1.040597404917256e-05
5.934796056843429e+02 1.042392350902441e-05
5.936863930033968e+02 1.044248762590956e-05
5.938931803224506e+02 1.046199126853943e-05
5.940999676415043e+02 1.048297664685837e-05
5.943067549605581e+02 1.050642766714556e-05
5.945135422796119e+02 1.053434106715846e-05
5.947203295986657e+02 1.057148596085509e-05
5.949271169177194e+02 1.063278724949522e-05
5.951339042367732e+02 1.080124590742876e-05
5.953406915558270e+02 8.500189130619589e-06
5.955474788748808e+02 1.031412188262462e-05
5.957542661939345e+02 1.043368324611547e-05
5.959610535129883e+02 1.048608291800593e-05
5.961678408320421e+02 1.051954022964004e-05
5.963746281510959e+02 1.054519269016366e-05
5.965814154701496e+02 1.056682786395809e-05
5.967882027892034e+02 1.058610591377990e-05
5.969949901082572e+02 1.060386624883079e-05
5.972017774273110e+02 1.062058530367077e-05
5.974085647463647e+02 1.063654709845263e-05
5.976153520654185e+02 1.065193790477243e-05
5.978221393844723e+02 1.066688018007467e-05
5.980289267035261e+02 1.068146161389094e-05
5.982357140225798e+02 1.069574354731671e-05
5.984425013416336e+02 1.070977307233724e-05
5.986492886606874e+02 1.072358473148084e-05
5.988560759797413e+02 1.073720609473723e-05
5.990628632987949e+02 1.075065823626719e-05
5.992696506178488e+02 1.076395891470267e-05
5.994764379369026e+02 1.077712277623799e-05
5.996832252559564e+02 1.079016155093254e-05
5.998900125750101e+02 1.080308845541793e-05
6.000967998940639e+02 1.081591637808062e-05
6.003035872131177e+02 1.082867010301623e-05
6.005103745321715e+02 1.084150545541164e-05
6.007171618512252e+02 1.085291734851085e-05
6.009239491702790e+02 1.086586469845980e-05
6.011307364893328e+02 1.087829808906889e-05
6.013375238083865e+02 1.089058362339155e-05
6.015443111274403e+02 1.090278390557335e-05
6.017510984464941e+02 1.091490007904510e-05
6.019578857655479e+02 1.092694639042738e-05
6.021646730846016e+02 1.093891847178851e-05
6.023714604036554e+02 1.095082348545538e-05
6.025782477227092e+02 1.096266269684327e-05
6.027850350417630e+02 1.097443728488685e-05
6.029918223608167e+02 1.098614943712021e-05
6.031986096798705e+02 1.099780141945522e-05
6.034053969989243e+02 1.100939382904096e-05
6.036121843179781e+02 1.102092898258896e-05
6.038189716370318e+02 1.103240737453983e-05
6.040257589560856e+02 1.104383111143244e-05
6.042325462751394e+02 1.105520030343506e-05
6.044393335941933e+02 1.106651627710202e-05
6.046461209132469e+02 1.107778033059413e-05
6.048529082323008e+02 1.108899296374984e-05
6.050596955513546e+02 1.110015495794128e-05
6.052664828704084e+02 1.111126770405169e-05
6.054732701894621e+02 1.112233044949991e-05
6.056800575085159e+02 1.113335255319479e-05
6.058868448275697e+02 1.114431754839572e-05
6.060936321466235e+02 1.115523857973340e-05
6.063004194656772e+02 1.116611220360026e-05
6.065072067847310e+02 1.117693763566914e-05
6.067139941037848e+02 1.118779402056550e-05
6.069207814228386e+02 1.119849129550376e-05
6.071275687418923e+02 1.120911687773771e-05
6.073343560609461e+02 1.121979794121941e-05
6.075411433799999e+02 1.123040586370521e-05
6.077479306990537e+02 1.124096667162111e-05
6.079547180181074e+02 1.125148186927139e-05
6.081615053371612e+02 1.126195209981701e-05
6.083682926562150e+02 1.127237559900362e-05
6.085750799752687e+02 1.128275381054325e-05
6.087818672943225e+02 1.129308339521494e-05
6.089886546133763e+02 1.130336477846447e-05
6.091954419324301e+02 1.131359469921385e-05
6.094022292514838e+02 1.132377146032500e-05
6.096090165705376e+02 1.133389050316852e-05
6.098158038895914e+02 1.134394769046684e-05
6.100225912086453e+02 1.135393540930235e-05
6.102293785276989e+02 1.136384428635457e-05
6.104361658467528e+02 1.137365954847267e-05
6.106429531658065e+02 1.138336024080092e-05
6.108497404848604e+02 1.139291269488144e-05
6.110565278039142e+02 1.140226113221625e-05
6.112633151229679e+02 1.141130829943657e-05
6.114701024420217e+02 1.141985767852809e-05
6.116768897610755e+02 1.142744648798123e-05
6.118836770801292e+02 1.143232881625599e-05
6.120904643991830e+02 1.143933669468313e-05
6.122972517182368e+02 1.139848776224013e-05
6.125040390372907e+02 1.153563352735094e-05
6.127108263563443e+02 1.150775692900443e-05
6.129176136753981e+02 1.150940281945602e-05
6.131244009944519e+02 1.151559473441036e-05
6.133311883135057e+02 1.152332355445945e-05
6.135379756325594e+02 1.153174303621675e-05
6.137447629516132e+02 1.154052701385355e-05
6.139515502706670e+02 1.154952063011277e-05
6.141583375897208e+02 1.155864005041671e-05
6.143651249087745e+02 1.156783892286537e-05
6.145719122278283e+02 1.157708701161864e-05
6.147786995468821e+02 1.158636489119185e-05
6.149854868659359e+02 1.159565999644746e-05
6.151922741849896e+02 1.160496278200614e-05
6.153990615040434e+02 1.161426726007995e-05
6.156058488230973e+02 1.162356781744427e-05
6.158126361421510e+02 1.163286122273943e-05
6.160194234612048e+02 1.164214495713942e-05
6.162262107802585e+02 1.165141612152046e-05
6.164329980993124e+02 1.166067384248572e-05
6.166397854183662e+02 1.166991684312266e-05
6.168465727374199e+02 1.167914379645274e-05
6.170533600564737e+02 1.168835496791955e-05
6.172601473755275e+02 1.169755481228055e-05
6.174669346945813e+02 1.170671225543829e-05
6.176737220136350e+02 1.171587172273390e-05
6.178805093326888e+02 1.172501026436361e-05
6.180872966517427e+02 1.173412833114921e-05
6.182940839707964e+02 1.174322785582901e-05
6.185008712898501e+02 1.175230440485723e-05
6.187076586089039e+02 1.176136510284086e-05
6.189144459279577e+02 1.177040457133413e-05
6.191212332470114e+02 1.177942373645341e-05
6.193280205660652e+02 1.178842265649742e-05
6.195348078851190e+02 1.179740089752530e-05
6.197415952041728e+02 1.180635790016645e-05
6.199483825232265e+02 1.181529431032642e-05
6.201551698422803e+02 1.182420825711044e-05
6.203619571613341e+02 1.183310059023380e-05
6.205687444803879e+02 1.184196962984962e-05
6.207755317994416e+02 1.185081521959954e-05
6.209823191184954e+02 1.185963551261811e-05
6.211891064375493e+02 1.186842969448286e-05
6.213958937566030e+02 1.187719489175432e-05
6.216026810756568e+02 1.188592863214599e-05
6.218094683947105e+02 1.189462603195659e-05
6.220162557137644e+02 1.190328110559665e-05
6.222230430328182e+02 1.191188338999395e-05
6.224298303518719e+02 1.192041627852529e-05
6.226366176709257e+02 1.192885226050037e-05
6.228434049899795e+02 1.193713553501335e-05
6.230501923090333e+02 1.194515002505500e-05
6.232569796280870e+02 1.195258424393438e-05
6.234637669471408e+02 1.195826768612795e-05
6.236705542661947e+02 1.195043567583636e-05
6.238773415852484e+02 1.200166919451441e-05
6.240841289043021e+02 1.199821031309927e-05
6.242909162233559e+02 1.200418331690625e-05
6.244977035424096e+02 1.201161576039642e-05
6.247044908614635e+02 1.201954031373078e-05
6.249112781805172e+02 1.202768209382742e-05
6.251180654995710e+02 1.203593521174007e-05
6.253248528186248e+02 1.204425001788393e-05
6.255316401376786e+02 1.205259812812876e-05
6.257384274567323e+02 1.206096600455608e-05
6.259452147757861e+02 1.206934273337589e-05
6.261520020948399e+02 1.207772254334084e-05
6.263587894138936e+02 1.208610139553947e-05
6.265655767329474e+02 1.209447619251847e-05
6.267723640520013e+02 1.210284520514381e-05
6.269791513710550e+02 1.211120638424470e-05
6.271859386901089e+02 1.211955900777470e-05
6.273927260091625e+02 1.212790217552359e-05
6.275995133282164e+02 1.213623444865470e-05
6.278063006472702e+02 1.214455640381667e-05
6.280130879663240e+02 1.215286672497135e-05
6.282198752853777e+02 1.216116528758364e-05
6.284266626044315e+02 1.216945174236191e-05
6.286334499234853e+02 1.217772668719252e-05
6.288402372425390e+02 1.218597028204834e-05
6.290470245615928e+02 1.219407964870492e-05
6.292538118806467e+02 1.220254792171533e-05
6.294605991997004e+02 1.221074949234550e-05
6.296673865187541e+02 1.221895928544611e-05
6.298741738378079e+02 1.222716058891175e-05
6.300809611568616e+02 1.223535174891970e-05
6.302877484759155e+02 1.224353139471619e-05
6.304945357949692e+02 1.225169941214722e-05
6.307013231140230e+02 1.225985596570572e-05
6.309081104330768e+02 1.226800037755425e-05
6.311148977521306e+02 1.227613313840697e-05
6.313216850711843e+02 1.228425416918724e-05
6.315284723902381e+02 1.229236297568044e-05
6.317352597092919e+02 1.230046025486602e-05
6.319420470283457e+02 1.230854540222987e-05
6.321488343473994e+02 1.231661881014717e-05
6.323556216664533e+02 1.232468007063544e-05
6.325624089855070e+02 1.233272965841967e-05
6.327691963045609e+02 1.234076683519746e-05
6.329759836236145e+02 1.234879201999221e-05
6.331827709426684e+02 1.235680442804554e-05
6.333895582617222e+02 1.236480413269786e-05
6.335963455807760e+02 1.237278992729070e-05
6.338031328998297e+02 1.238076077936842e-05
6.340099202188835e+02 1.238871507455292e-05
6.342167075379373e+02 1.239664747747997e-05
6.344234948569911e+02 1.240455067383476e-05
6.346302821760448e+02 1.241239933767329e-05
6.348370694950987e+02 1.242010411291857e-05
6.350438568141524e+02 1.242673097308208e-05
6.352506441332062e+02 1.243789384078140e-05
6.354574314522599e+02 1.244490797696930e-05
6.356642187713136e+02 1.245260345359353e-05
6.358710060903675e+02 1.246039882657084e-05
6.360777934094211e+02 1.246822195174950e-05
6.362845807284750e+02 1.247605248235378e-05
6.364913680475288e+02 1.248388245921800e-05
6.366981553665826e+02 1.249170883917100e-05
6.369049426856363e+02 1.249952820377449e-05
6.371117300046901e+02 1.250734123184047e-05
6.373185173237439e+02 1.251514572672836e-05
6.375253046427977e+02 1.252294197207118e-05
6.377320919618514e+02 1.253072964055181e-05
6.379388792809053e+02 1.253850843969908e-05
6.381456665999590e+02 1.254627857261944e-05
6.383524539190129e+02 1.255403963499023e-05
6.385592412380665e+02 1.256179204161400e-05
6.387660285571204e+02 1.256953551940427e-05
6.389728158761742e+02 1.257726967245219e-05
6.391796031952280e+02 1.258499549976111e-05
6.393863905142817e+02 1.259271182696945e-05
6.395931778333355e+02 1.260041972789431e-05
6.397999651523893e+02 1.260811882673353e-05
6.400067524714431e+02 1.261580957802386e-05
6.402135397904968e+02 1.262349251185412e-05
6.404203271095507e+02 1.263117747905171e-05
6.406271144286044e+02 1.263882967951516e-05
6.408339017476582e+02 1.264694223475988e-05
6.410406890667119e+02 1.265411351485135e-05
6.412474763857656e+02 1.266175656875853e-05
6.414542637048195e+02 1.266938793218691e-05
6.416610510238731e+02 1.267700977375113e-05
6.418678383429270e+02 1.268462286082751e-05
6.420746256619808e+02 1.269222769791427e-05
6.422814129810346e+02 1.269982374177730e-05
6.424882003000884e+02 1.270741196438367e-05
6.426949876191421e+02 1.271499167875774e-05
6.429017749381959e+02 1.272256328333893e-05
6.431085622572497e+02 1.273012683020495e-05
6.433153495763034e+02 1.273768223391116e-05
6.435221368953573e+02 1.274522963254862e-05
6.437289242144110e+02 1.275276901763800e-05
6.439357115334649e+02 1.276030067822125e-05
6.441424988525185e+02 1.276782424853068e-05
6.443492861715724e+02 1.277534027681604e-05
6.445560734906262e+02 1.278284836110225e-05
6.447628608096800e+02 1.279034897476200e-05
6.449696481287338e+02 1.279784170326785e-05
6.451764354477875e+02 1.280532695317649e-05
6.453832227668413e+02 1.281280489476602e-05
6.455900100858951e+02 1.282027460297218e-05
6.457967974049488e+02 1.282773778364949e-05
6.460035847240027e+02 1.283519262872531e-05
6.462103720430564e+02 1.284264079180232e-05
6.464171593621102e+02 1.285008119857469e-05
6.466239466811639e+02 1.285751452651721e-05
6.468307340002176e+02 1.286494065650588e-05
6.470375213192715e+02 1.287235938000796e-05
6.472443086383252e+02 1.287977115433750e-05
6.474510959573790e+02 1.288717571593947e-05
6.476578832764328e+02 1.289457317060539e-05
6.478646705954866e+02 1.290196357120673e-05
6.480714579145404e+02 1.290934730241950e-05
6.482782452335941e+02 1.291672356207096e-05
6.484850325526479e+02 1.292409364206675e-05
6.486918198717017e+02 1.293145633627896e-05
6.488986071907555e+02 1.293881237539225e-05
6.491053945098093e+02 1.294616161220659e-05
6.493121818288630e+02 1.295350394577870e-05
6.495189691479169e+02 1.296083972547223e-05
6.497257564669706e+02 1.296816868527937e-05
6.499325437860244e+02 1.297549133398674e-05
6.501393311050782e+02 1.298280728565253e-05
6.503461184241320e+02 1.299011661689008e-05
6.505529057431858e+02 1.299741983985991e-05
6.507596930622395e+02 1.300471597537317e-05
6.509664803812933e+02 1.301200623666275e-05
6.511732677003471e+02 1.301928973686267e-05
6.513800550194009e+02 1.302656730603276e-05
6.515868423384546e+02 1.303383868539602e-05
6.517936296575084e+02 1.304110874709661e-05
6.520004169765622e+02 1.304836108278797e-05
6.522072042956160e+02 1.305588036597770e-05
6.524139916146696e+02 1.306285532720366e-05
6.526207789337235e+02 1.307009632363037e-05
6.528275662527772e+02 1.307733052149004e-05
6.530343535718310e+02 1.308455828157537e-05
6.532411408908848e+02 1.309177990711341e-05
6.534479282099386e+02 1.309899565225330e-05
6.536547155289924e+02 1.310620507816915e-05
6.538615028480461e+02 1.311340905295581e-05
6.540682901670999e+02 1.312060665253206e-05
6.542750774861537e+02 1.312779872509743e-05
6.544818648052075e+02 1.313498474967006e-05
6.546886521242614e+02 1.314216503231629e-05
6.548954394433150e+02 1.314933941144003e-05
6.551022267623689e+02 1.315650809323882e-05
6.553090140814226e+02 1.316367106672465e-05
6.555158014004764e+02 1.317082823442352e-05
6.557225887195302e+02 1.317797992064895e-05
6.559293760385840e+02 1.318512585000469e-05
6.561361633576378e+02 1.319226631322940e-05
6.563429506766915e+02 1.319940103424089e-05
6.565497379957453e+02 1.320653041362262e-05
6.567565253147991e+02 1.321365427027051e-05
6.569633126338529e+02 1.322077229963824e-05
6.571700999529066e+02 1.322788554862319e-05
6.573768872719604e+02 1.323499232834556e-05
6.575836745910142e+02 1.324209662924811e-05
6.577904619100680e+02 1.324919183649679e-05
6.579972492291216e+02 1.325628324397957e-05
6.582040365481755e+02 1.326336910214187e-05
6.584108238672292e+02 1.327045000074432e-05
6.586176111862831e+02 1.327752544500599e-05
6.588243985053368e+02 1.328459587554992e-05
6.590311858243906e+02 1.329166088139091e-05
6.592379731434444e+02 1.329872087969321e-05
6.594447604624982e+02 1.330577571733138e-05
6.596515477815519e+02 1.331282525666549e-05
6.598583351006057e+02 1.331987011399824e-05
6.600651224196595e+02 1.332690956369323e-05
6.602719097387134e+02 1.333394417801853e-05
6.604786970577670e+02 1.334097371564847e-05
6.606854843768209e+02 1.334799814243430e-05
6.608922716958746e+02 1.335501770026280e-05
6.610990590149285e+02 1.336203213963343e-05
6.613058463339822e+02 1.336904194750438e-05
6.615126336530360e+02 1.337604665847067e-05
6.617194209720898e+02 1.338304668335220e-05
6.619262082911436e+02 1.339004198036117e-05
6.621329956101973e+02 1.339703211030946e-05
6.623397829292511e+02 1.340401788861772e-05
6.625465702483049e+02 1.341099839884951e-05
6.627533575673586e+02 1.341797456428735e-05
6.629601448864124e+02 1.342494565367330e-05
6.631669322054662e+02 1.343191242119580e-05
6.633737195245200e+02 1.343887416836951e-05
6.635805068435736e+02 1.344587762506631e-05
6.637872941626275e+02 1.345278458647980e-05
6.639940814816812e+02 1.345973253035757e-05
6.642008688007351e+02 1.346667604243442e-05
6.644076561197888e+02 1.347361488691712e-05
6.646144434388426e+02 1.348054920673207e-05
6.648212307578964e+02 1.348747907540614e-05
6.650280180769502e+02 1.349440429648380e-05
6.652348053960039e+02 1.350132538533899e-05
6.654415927150577e+02 1.350824163551896e-05
6.656483800341115e+02 1.351515391312178e-05
6.658551673531654e+02 1.352206144366733e-05
6.660619546722190e+02 1.352896479147612e-05
6.662687419912729e+02 1.353586359216070e-05
6.664755293103266e+02 1.354275814755226e-05
6.666823166293805e+02 1.354964827804500e-05
6.668891039484342e+02 1.355653411178743e-05
6.670958912674880e+02 1.356341572462005e-05
6.673026785865418e+02 1.357029303790375e-05
6.675094659055956e+02 1.357716612442511e-05
6.677162532246493e+02 1.358403493831613e-05
6.679230405437031e+02 1.359089968174880e-05
6.681298278627569e+02 1.359776008803054e-05
6.683366151818107e+02 1.360461632758286e-05
6.685434025008644e+02 1.361146875665099e-05
6.687501898199182e+02 1.361831645015694e-05
6.689569771389720e+02 1.362516115162019e-05
6.691637644580256e+02 1.363200101004907e-05
6.693705517770795e+02 1.363883484203538e-05
6.695773390961332e+02 1.364566714534466e-05
6.697841264151871e+02 1.365249509466775e-05
6.699909137342408e+02 1.365931856796759e-05
6.701977010532946e+02 1.366613844288617e-05
6.704044883723484e+02 1.367295394128115e-05
6.706112756914022e+02 1.367976578075575e-05
6.708180630104559e+02 1.368657344892719e-05
6.710248503295097e+02 1.369337721370665e-05
6.712316376485635e+02 1.370017720728895e-05
6.714384249676174e+02 1.370697311340404e-05
6.716452122866710e+02 1.371376535388656e-05
6.718519996057249e+02 1.372055359673597e-05
6.720587869247786e+02 1.372733803039295e-05
6.722655742438325e+02 1.373411860188394e-05
6.724723615628862e+02 1.374089523777479e-05
6.726791488819400e+02 1.374766827267367e-05
6.728859362009938e+02 1.375443727795679e-05
6.730927235200476e+02 1.376120281762311e-05
6.732995108391013e+02 1.376796449549051e-05
6.735062981581551e+02 1.377472243855986e-05
6.737130854772089e+02 1.378147685130241e-05
6.739198727962627e+02 1.378822723364958e-05
6.741266601153164e+02 1.379497427398054e-05
6.743334474343702e+02 1.380171727210234e-05
6.745402347534240e+02 1.380845697797022e-05
6.747470220724776e+02 1.381519270934205e-05
6.749538093915315e+02 1.382192764016269e-05
6.751605967105852e+02 1.382865389556522e-05
6.753673840296391e+02 1.383537902212829e-05
6.755741713486929e+02 1.384210059796587e-05
6.757809586677466e+02 1.384881853449023e-05
6.759877459868004e+02 1.385553294938983e-05
6.761945333058542e+02 1.386224380361725e-05
6.764013206249080e+02 1.386895113928817e-05
6.766081079439617e+02 1.387565506692918e-05
6.768148952630155e+02 1.388235534727585e-05
6.770216825820694e+02 1.388905250224977e-05
6.772284699011230e+02 1.389574587089855e-05
6.774352572201769e+02 1.390243607078748e-05
6.776420445392306e+02 1.390912264757891e-05
6.778488318582845e+02 1.391580588941736e-05
6.780556191773383e+02 1.392248561498205e-05
6.782624064963920e+02 1.392916201624656e-05
6.784691938154458e+02 1.393583501014393e-05
6.786759811344996e+02 1.394250470309352e-05
6.788827684535534e+02 1.394917097319661e-05
6.790895557726071e+02 1.395583401600701e-05
6.792963430916609e+02 1.396249371399724e-05
6.795031304107147e+02 1.396914998824030e-05
6.797099177297684e+02 1.397580314697640e-05
6.799167050488222e+02 1.398245300969166e-05
6.801234923678760e+02 1.398909945527393e-05
6.803302796869297e+02 1.399574299700715e-05
6.805370670059835e+02 1.400238341313314e-05
6.807438543250372e+02 1.400901845668208e-05
6.809506416440911e+02 1.401565266799836e-05
6.811574289631449e+02 1.402228324661508e-05
6.813642162821986e+02 1.402891026563923e-05
6.815710036012524e+02 1.403553451423133e-05
6.817777909203062e+02 1.404215520299671e-05
6.819845782393600e+02 1.404877307008987e-05
6.821913655584137e+02 1.405538757901726e-05
6.823981528774675e+02 1.406199900355486e-05
6.826049401965214e+02 1.406860736076293e-05
6.828117275155751e+02 1.407521246334017e-05
6.830185148346289e+02 1.408181469194938e-05
6.832253021536826e+02 1.408841361551607e-05
6.834320894727365e+02 1.409500972000769e-05
6.836388767917903e+02 1.410160253498044e-05
6.838456641108440e+02 1.410819236797391e-05
6.840524514298979e+02 1.411477920384032e-05
6.842592387489515e+02 1.412136279405043e-05
6.844660260680054e+02 1.412794365511884e-05
6.846728133870591e+02 1.413452128319077e-05
6.848796007061128e+02 1.414109613840601e-05
6.850863880251667e+02 1.414766794656419e-05
6.852931753442205e+02 1.415423674302612e-05
6.854999626632742e+02 1.416080274383133e-05
6.857067499823280e+02 1.416736552367723e-05
6.859135373013817e+02 1.417392564354301e-05
6.861203246204356e+02 1.418048255786777e-05
6.863271119394893e+02 1.418703682364450e-05
6.865338992585430e+02 1.419358798461351e-05
6.867406865775969e+02 1.420013640514533e-05
6.869474738966506e+02 1.420668189084538e-05
6.871542612157045e+02 1.421322447190183e-05
6.873610485347581e+02 1.421976422192472e-05
6.875678358538120e+02 1.422630104175033e-05
6.877746231728657e+02 1.423283510111640e-05
6.879814104919196e+02 1.423936622283744e-05
6.881881978109733e+02 1.424589460950486e-05
6.883949851300271e+02 1.425242029197509e-05
6.886017724490810e+02 1.425894298810869e-05
6.888085597681347e+02 1.426546315949619e-05
6.890153470871884e+02 1.427198036848766e-05
6.892221344062423e+02 1.427849484791910e-05
6.894289217252960e+02 1.428500651611926e-05
6.896357090443497e+02 1.429151544404941e-05
6.898424963634035e+02 1.429802156565315e-05
6.900492836824574e+02 1.430452505678881e-05
6.902560710015111e+02 1.431102569474329e-05
6.904628583205648e+02 1.431752383595670e-05
6.906696456396187e+02 1.432401907358284e-05
6.908764329586725e+02 1.433051167129136e-05
6.910832202777262e+02 1.433700170278606e-05
6.912900075967800e+02 1.434348885416106e-05
6.914967949158337e+02 1.434997350778568e-05
6.917035822348876e+02 1.435645551422421e-05
6.919103695539413e+02 1.436293496913809e-05
6.921171568729950e+02 1.436941105238706e-05
6.923239441920489e+02 1.437588533950418e-05
6.925307315111027e+02 1.438235669735827e-05
6.927375188301565e+02 1.438882536702488e-05
6.929443061492101e+02 1.439529166761017e-05
6.931510934682640e+02 1.440175509855627e-05
6.933578807873178e+02 1.440821620593744e-05
6.935646681063716e+02 1.441467466000795e-05
6.937714554254253e+02 1.442113047248411e-05
6.939782427444791e+02 1.442758386911998e-05
6.941850300635330e+02 1.443403448521125e-05
6.943918173825867e+02 1.444048280291494e-05
6.945986047016404e+02 1.444692828885031e-05
6.948053920206943e+02 1.445337165714570e-05
6.950121793397481e+02 1.445981208899999e-05
6.952189666588017e+02 1.446625034178826e-05
6.954257539778555e+02 1.447268592555183e-05
6.956325412969094e+02 1.447911891282103e-05
6.958393286159632e+02 1.448554960996906e-05
6.960461159350168e+02 1.449197757681195e-05
6.962529032540707e+02 1.449840333670711e-05
6.964596905731245e+02 1.450482644062551e-05
6.966664778921782e+02 1.451124726752094e-05
6.968732652112320e+02 1.451766562284567e-05
6.970800525302857e+02 1.452408143180746e-05
6.972868398493396e+02 1.453049499235182e-05
6.974936271683933e+02 1.453690592164974e-05
6.977004144874470e+02 1.454331458881179e-05
6.979072018065009e+02 1.454972072892111e-05
6.981139891255547e+02 1.455612458571458e-05
6.983207764446086e+02 1.456252597484508e-05
6.985275637636621e+02 1.456892500415112e-05
6.987343510827160e+02 1.457532166698882e-05
6.989411384017698e+02 1.458171589879578e-05
6.991479257208237e+02 1.458810784659748e-05
6.993547130398773e+02 1.459449726714058e-05
6.995615003589311e+02 1.460088456306120e-05
6.997682876779850e+02 1.460726939564217e-05
6.999750749970387e+02 1.461365190714793e-05
7.001818623160924e+02 1.462003228264958e-05
7.003886496351463e+02 1.462641017684337e-05
7.005954369542001e+02 1.463278580589244e-05
7.008022242732537e+02 1.463915915849975e-05
7.010090115923075e+02 1.464553011049408e-05
7.012157989113614e+02 1.465189876974015e-05
7.014225862304152e+02 1.465826520875271e-05
7.016293735494688e+02 1.466462924367402e-05
7.018361608685227e+02 1.467099125417312e-05
7.020429481875765e+02 1.467735070697818e-05
7.022497355066303e+02 1.468370816058348e-05
7.024565228256840e+02 1.469006326634219e-05
7.026633101447377e+02 1.469641599026822e-05
7.028700974637916e+02 1.470276674465011e-05
7.030768847828454e+02 1.470911505480892e-05
7.032836721018990e+02 1.471546135044493e-05
7.034904594209529e+02 1.472180516232896e-05
7.036972467400067e+02 1.472814711491929e-05
7.039040340590606e+02 1.473448649765016e-05
7.041108213781141e+02 1.474082385928818e-05
7.043176086971680e+02 1.474715902675835e-05
7.045243960162218e+02 1.475349186404348e-05
7.047311833352757e+02 1.475982270741844e-05
7.049379706543293e+02 1.476615141698301e-05
7.051447579733831e+02 1.477247777302407e-05
7.053515452924370e+02 1.477880228850755e-05
7.055583326114908e+02 1.478512428486390e-05
7.057651199305444e+02 1.479144443241328e-05
7.059719072495983e+02 1.479776210600692e-05
7.061786945686521e+02 1.480407807553622e-05
7.063854818877057e+02 1.481039141904834e-05
7.065922692067595e+02 1.481670317442290e-05
7.067990565258134e+02 1.482301245713457e-05
7.070058438448672e+02 1.482931971231521e-05
7.072126311639208e+02 1.483562494922447e-05
7.074194184829747e+02 1.484192786419873e-05
7.076262058020285e+02 1.484822889121853e-05
7.078329931210823e+02 1.485452763725764e-05
7.080397804401360e+02 1.486082452655688e-05
7.082465677591897e+02 1.486711922176572e-05
7.084533550782436e+02 1.487341187661678e-05
7.086601423972974e+02 1.487970259102138e-05
7.088669297163510e+02 1.488599107568728e-05
7.090737170354049e+02 1.489227762468583e-05
7.092805043544587e+02 1.489856205327313e-05
7.094872916735126e+02 1.490484450563045e-05
7.096940789925661e+02 1.491112483341149e-05
7.099008663116200e+02 1.491740322488852e-05
7.101076536306738e+02 1.492367953093160e-05
7.103144409497277e+02 1.492995384368315e-05
7.105212282687813e+02 1.493622614181148e-05
7.107280155878351e+02 1.494249633750834e-05
7.109348029068890e+02 1.494876472348564e-05
7.111415902259428e+02 1.495503089456313e-05
7.113483775449964e+02 1.496129522949433e-05
7.115551648640503e+02 1.496755766350500e-05
7.117619521831041e+02 1.497381796911423e-05
7.119687395021577e+02 1.498007641904432e-05
7.121755268212115e+02 1.498633293258817e-05
7.123823141402654e+02 1.499258729922712e-05
7.125891014593192e+02 1.499883982138828e-05
7.127958887783728e+02 1.500509033996752e-05
7.130026760974267e+02 1.501133884233874e-05
7.132094634164805e+02 1.501758559057160e-05
7.134162507355343e+02 1.502383012396860e-05
7.136230380545881e+02 1.503007309025794e-05
7.138298253736417e+02 1.503631380754019e-05
7.140366126926956e+02 1.504255269757617e-05
7.142434000117494e+02 1.504878979310798e-05
7.144501873308030e+02 1.505502473122785e-05
7.146569746498569e+02 1.506125803273478e-05
7.148637619689107e+02 1.506748923362511e-05
7.150705492879646e+02 1.507371879191975e-05
7.152773366070181e+02 1.507994613050331e-05
7.154841239260720e+02 1.508617183178208e-05
7.156909112451258e+02 1.509239550372450e-05
7.158976985641797e+02 1.509861720854350e-05
7.161044858832333e+02 1.510483720394133e-05
7.163112732022871e+02 1.511105533518593e-05
7.165180605213410e+02 1.511727142379616e-05
7.167248478403947e+02 1.512348606615042e-05
7.169316351594484e+02 1.512969839288836e-05
7.171384224785023e+02 1.513590922831440e-05
7.173452097975561e+02 1.514211788517864e-05
7.175519971166098e+02 1.514832502331741e-05
7.177587844356635e+02 1.515452989543690e-05
7.179655717547174e+02 1.516073348502801e-05
7.181723590737712e+02 1.516693480108345e-05
7.183791463928249e+02 1.517313454773841e-05
7.185859337118787e+02 1.517933246437611e-05
7.187927210309325e+02 1.518552839011631e-05
7.189995083499863e+02 1.519172265384291e-05
7.192062956690401e+02 1.519791495872067e-05
7.194130829880937e+02 1.520410560060127e-05
7.196198703071476e+02 1.521029434639067e-05
7.198266576262014e+02 1.521648136136418e-05
7.200334449452550e+02 1.522266669823372e-05
7.202402322643089e+02 1.522885007329854e-05
7.204470195833627e+02 1.523503184047642e-05
7.206538069024166e+02 1.524121171986712e-05
7.208605942214701e+02 1.524738989442380e-05
7.210673815405240e+02 1.525356617928878e-05
7.212741688595778e+02 1.525974087228323e-05
7.214809561786317e+02 1.526591361994589e-05
7.216877434976853e+02 1.527208477756330e-05
7.218945308167391e+02 1.527825404926370e-05
7.221013181357930e+02 1.528442164430760e-05
7.223081054548467e+02 1.529058752452202e-05
7.225148927739004e+02 1.529675152841960e-05
7.227216800929543e+02 1.530291396201556e-05
7.229284674120081e+02 1.530907467596209e-05
7.231352547310618e+02 1.531523352116934e-05
7.233420420501155e+02 1.532139087492194e-05
7.235488293691694e+02 1.532754643634545e-05
7.237556166882232e+02 1.533370014711569e-05
7.239624040072769e+02 1.533985234266989e-05
7.241691913263307e+02 1.534600265236269e-05
7.243759786453845e+02 1.535215129216461e-05
7.245827659644383e+02 1.535829831512780e-05
7.247895532834921e+02 1.536444346821673e-05
7.249963406025457e+02 1.537058726150297e-05
7.252031279215996e+02 1.537672895902240e-05
7.254099152406534e+02 1.538286930616974e-05
7.256167025597071e+02 1.538900782895318e-05
7.258234898787609e+02 1.539514457872848e-05
7.260302771978147e+02 1.540127986477495e-05
7.262370645168685e+02 1.540741334432213e-05
7.264438518359221e+02 1.541354529688300e-05
7.266506391549760e+02 1.541967546777875e-05
7.268574264740298e+02 1.542580411406919e-05
7.270642137930837e+02 1.543193100687231e-05
7.272710011121374e+02 1.543805612795968e-05
7.274777884311911e+02 1.544417982137975e-05
7.276845757502450e+02 1.545030170763011e-05
7.278913630692987e+02 1.545642194400126e-05
7.280981503883525e+02 1.546254087776421e-05
7.283049377074063e+02 1.546865775371195e-05
7.285117250264601e+02 1.547477339278546e-05
7.287185123455138e+02 1.548088711068850e-05
7.289252996645675e+02 1.548699938027460e-05
7.291320869836214e+02 1.549310977989348e-05
7.293388743026752e+02 1.549921893897789e-05
7.295456616217289e+02 1.550532610212967e-05
7.297524489407828e+02 1.551143198272910e-05
7.299592362598365e+02 1.551753618849337e-05
7.301660235788903e+02 1.552363867773470e-05
7.303728108979441e+02 1.552973971472824e-05
7.305795982169977e+02 1.553583901689392e-05
7.307863855360516e+02 1.554193677910594e-05
7.309931728551054e+02 1.554803292519143e-05
7.311999601741591e+02 1.555412749261462e-05
7.314067474932129e+02 1.556022061352958e-05
7.316135348122667e+02 1.556631195587416e-05
7.318203221313205e+02 1.557240198271827e-05
7.320271094503742e+02 1.557849024975911e-05
7.322338967694280e+02 1.558457707306206e-05
7.324406840884818e+02 1.559066216645922e-05
7.326474714075357e+02 1.559674594376175e-05
7.328542587265894e+02 1.560282783705726e-05
7.330610460456431e+02 1.560890850327421e-05
7.332678333646970e+02 1.561498732953587e-05
7.334746206837507e+02 1.562106485068967e-05
7.336814080028045e+02 1.562714065898996e-05
7.338881953218583e+02 1.563321497934382e-05
7.340949826409121e+02 1.563928780777313e-05
7.343017699599658e+02 1.564535911147951e-05
7.345085572790196e+02 1.565142874169063e-05
7.347153445980734e+02 1.565749716205829e-05
7.349221319171272e+02 1.566356380610100e-05
7.351289192361809e+02 1.566962897560983e-05
7.353357065552348e+02 1.567569277694443e-05
7.355424938742885e+02 1.568175481929522e-05
7.357492811933423e+02 1.568781548218155e-05
7.359560685123961e+02 1.569387460067160e-05
7.361628558314497e+02 1.569993215562646e-05
7.363696431505036e+02 1.570598840110364e-05
7.365764304695574e+02 1.571204281595594e-05
7.367832177886111e+02 1.571809615699931e-05
7.369900051076650e+02 1.572414763319848e-05
7.371967924267187e+02 1.573019774439716e-05
7.374035797457725e+02 1.573624642278150e-05
7.376103670648262e+02 1.574229352602813e-05
7.378171543838801e+02 1.574833919088857e-05
7.380239417029338e+02 1.575438345919632e-05
7.382307290219877e+02 1.576042617419532e-05
7.384375163410414e+02 1.576646749948512e-05
7.386443036600951e+02 1.577250713430090e-05
7.388510909791490e+02 1.577854559885146e-05
7.390578782982027e+02 1.578458223217797e-05
7.392646656172565e+02 1.579061762242861e-05
7.394714529363102e+02 1.579665164782738e-05
7.396782402553641e+02 1.580268394918788e-05
7.398850275744178e+02 1.580871515059651e-05
7.400918148934716e+02 1.581474465519217e-05
7.402986022125255e+02 1.582077277812568e-05
7.405053895315792e+02 1.582679938293264e-05
7.407121768506329e+02 1.583282465869586e-05
7.409189641696868e+02 1.583884827425512e-05
7.411257514887405e+02 1.584487071100814e-05
7.413325388077943e+02 1.585089162246353e-05
7.415393261268481e+02 1.585691104731999e-05
7.417461134459018e+02 1.586292920196290e-05
7.419529007649556e+02 1.586894576289842e-05
7.421596880840094e+02 1.587496094327046e-05
7.423664754030631e+02 1.588097469935112e-05
7.425732627221170e+02 1.588698697294878e-05
7.427800500411707e+02 1.589299798397414e-05
7.429868373602245e+02 1.589900735734809e-05
7.431936246792782e+02 1.590501562548794e-05
7.434004119983321e+02 1.591102223515734e-05
7.436071993173858e+02 1.591702761608579e-05
7.438139866364397e+02 1.592303140700188e-05
7.440207739554934e+02 1.592903406900616e-05
7.442275612745472e+02 1.593503490971955e-05
7.444343485936010e+02 1.594103481449699e-05
7.446411359126547e+02 1.594703289491517e-05
7.448479232317085e+02 1.595302994374446e-05
7.450547105507623e+02 1.595902530520892e-05
7.452614978698161e+02 1.596501950266599e-05
7.454682851888698e+02 1.597101220469774e-05
7.456750725079236e+02 1.597700359891060e-05
7.458818598269775e+02 1.598299347331274e-05
7.460886471460312e+02 1.598898230313160e-05
7.462954344650849e+02 1.599496936370985e-05
7.465022217841388e+02 1.600095533591826e-05
7.467090091031926e+02 1.600693990790342e-05
7.469157964222463e+02 1.601292293127776e-05
7.471225837413001e+02 1.601890477336520e-05
7.473293710603538e+02 1.602488513095601e-05
7.475361583794077e+02 1.603086416019642e-05
7.477429456984614e+02 1.603684188021119e-05
7.479497330175151e+02 1.604281808699829e-05
7.481565203365690e+02 1.604879327623815e-05
7.483633076556227e+02 1.605476668591104e-05
7.485700949746765e+02 1.606073905465504e-05
7.487768822937302e+02 1.606670996439162e-05
7.489836696127841e+02 1.607267947225756e-05
7.491904569318378e+02 1.607864768914012e-05
7.493972442508915e+02 1.608461468948577e-05
7.496040315699454e+02 1.609058015627647e-05
7.498108188889992e+02 1.609654454993314e-05
7.500176062080531e+02 1.610250730590885e-05
7.502243935271067e+02 1.610846907940648e-05
7.504311808461605e+02 1.611442905849065e-05
7.506379681652143e+02 1.612038809197714e-05
7.508447554842681e+02 1.612634563909787e-05
7.510515428033218e+02 1.613230180527959e-05
7.512583301223756e+02 1.613825690619174e-05
7.514651174414295e+02 1.614421050032803e-05
7.516719047604832e+02 1.615016282771026e-05
7.518786920795369e+02 1.615611387037149e-05
7.520854793985908e+02 1.616206353094677e-05
7.522922667176446e+02 1.616801183252718e-05
7.524990540366983e+02 1.617395894984605e-05
7.527058413557521e+02 1.617990468642259e-05
7.529126286748058e+02 1.618584912316758e-05
7.531194159938597e+02 1.619179239867811e-05
7.533262033129134e+02 1.619773420468556e-05
7.535329906319671e+02 1.620367481781199e-05
7.537397779510210e+02 1.620961409174086e-05
7.539465652700748e+02 1.621555201742469e-05
7.541533525891285e+02 1.622148878676193e-05
7.543601399081822e+02 1.622742405732194e-05
7.545669272272361e+02 1.623335833579792e-05
7.547737145462899e+02 1.623929107755123e-05
7.549805018653435e+02 1.624522271844426e-05
7.551872891843974e+02 1.625115293526239e-05
7.553940765034512e+02 1.625708209562128e-05
7.556008638225051e+02 1.626300956766310e-05
7.558076511415587e+02 1.626893628550990e-05
7.560144384606125e+02 1.627486120763446e-05
7.562212257796663e+02 1.628078527243574e-05
7.564280130987202e+02 1.628670774911898e-05
7.566348004177738e+02 1.629262922408976e-05
7.568415877368276e+02 1.629854924590541e-05
7.570483750558815e+02 1.630446814268925e-05
7.572551623749353e+02 1.631038565740778e-05
7.574619496939889e+02 1.631630217868687e-05
7.576687370130428e+02 1.632221703385227e-05
7.578755243320966e+02 1.632813107261361e-05
7.580823116511503e+02 1.633404359981674e-05
7.582890989702040e+02 1.633995486704006e-05
7.584958862892578e+02 1.634586503232550e-05
7.587026736083117e+02 1.635177379054842e-05
7.589094609273654e+02 1.635768138774195e-05
7.591162482464191e+02 1.636358769968333e-05
7.593230355654730e+02 1.636949276526802e-05
7.595298228845268e+02 1.637539674296765e-05
7.597366102035805e+02 1.638129916540818e-05
7.599433975226342e+02 1.638720071207000e-05
7.601501848416881e+02 1.639310078965757e-05
7.603569721607419e+02 1.639899961802832e-05
7.605637594797955e+02 1.640489734244371e-05
7.607705467988494e+02 1.641079380638619e-05
7.609773341179032e+02 1.641668893216381e-05
7.611841214369571e+02 1.642258310739296e-05
7.613909087560107e+02 1.642847575966833e-05
7.615976960750645e+02 1.643436751153512e-05
7.618044833941183e+02 1.644025763477790e-05
7.620112707131722e+02 1.644614691895590e-05
7.622180580322258e+02 1.645203469375412e-05
7.624248453512796e+02 1.645792133786912e-05
7.626316326703335e+02 1.646380690762950e-05
7.628384199893873e+02 1.646969111712397e-05
7.630452073084409e+02 1.647557421033559e-05
7.632519946274948e+02 1.648145612083871e-05
7.634587819465486e+02 1.648733672169591e-05
7.636655692656024e+02 1.649321614279933e-05
7.638723565846560e+02 1.649909438641443e-05
7.640791439037098e+02 1.650497136016970e-05
7.642859312227637e+02 1.651084718523584e-05
7.644927185418175e+02 1.651672186896764e-05
7.646995058608711e+02 1.652259524754632e-05
7.649062931799250e+02 1.652846756147514e-05
7.651130804989788e+02 1.653433857638446e-05
7.653198678180325e+02 1.654020842567600e-05
7.655266551370862e+02 1.654607714127290e-05
7.657334424561401e+02 1.655194452168756e-05
7.659402297751939e+02 1.655781095016258e-05
7.661470170942475e+02 1.656367598150359e-05
7.663538044133014e+02 1.656953996231236e-05
7.665605917323552e+02 1.657540271002196e-05
7.667673790514091e+02 1.658126436462262e-05
7.669741663704627e+02 1.658712455716625e-05
7.671809536895165e+02 1.659298404438408e-05
7.673877410085703e+02 1.659884180913187e-05
7.675945283276242e+02 1.660469882801342e-05
7.678013156466778e+02 1.661055439931770e-05
7.680081029657316e+02 1.661640896989381e-05
7.682148902847855e+02 1.662226224506654e-05
7.684216776038393e+02 1.662811446965581e-05
7.686284649228929e+02 1.663396545901954e-05
7.688352522419468e+02 1.663981543203472e-05
7.690420395610006e+02 1.664566396215802e-05
7.692488268800544e+02 1.665151175067504e-05
7.694556141991080e+02 1.665735798423481e-05
7.696624015181618e+02 1.666320323899246e-05
7.698691888372157e+02 1.666904737006376e-05
7.700759761562695e+02 1.667489019822863e-05
7.702827634753231e+02 1.668073199014202e-05
7.704895507943769e+02 1.668657254867138e-05
7.706963381134308e+02 1.669241202641598e-05
7.709031254324846e+02 1.669825034623834e-05
7.711099127515382e+02 1.670408738364112e-05
7.713167000705921e+02 1.670992355577478e-05
7.715234873896459e+02 1.671575830566183e-05
7.717302747086995e+02 1.672159196746196e-05
7.719370620277534e+02 1.672742466158279e-05
7.721438493468072e+02 1.673325596238435e-05
7.723506366658611e+02 1.673908627084132e-05
7.725574239849147e+02 1.674491551216536e-05
7.727642113039685e+02 1.675074346097280e-05
7.729709986230223e+02 1.675657047644122e-05
7.731777859420762e+02 1.676239612965274e-05
7.733845732611298e+02 1.676822087539354e-05
7.735913605801836e+02 1.677404425604394e-05
7.737981478992375e+02 1.677986660120316e-05
7.740049352182913e+02 1.678568788932413e-05
7.742117225373449e+02 1.679150791328007e-05
7.744185098563988e+02 1.679732696195072e-05
7.746252971754526e+02 1.680314484874578e-05
7.748320844945064e+02 1.680896159291382e-05
7.750388718135600e+02 1.681477720602422e-05
7.752456591326138e+02 1.682059173694122e-05
7.754524464516677e+02 1.682640504431498e-05
7.756592337707215e+02 1.683221734016167e-05
7.758660210897751e+02 1.683802845679350e-05
7.760728084088289e+02 1.684383847325522e-05
7.762795957278828e+02 1.684964743082505e-05
7.764863830469365e+02 1.685545517438690e-05
7.766931703659902e+02 1.686126190748289e-05
7.768999576850441e+02 1.686706748519938e-05
7.771067450040979e+02 1.687287191123125e-05
7.773135323231515e+02 1.687867539090146e-05
7.775203196422054e+02 1.688447759934421e-05
7.777271069612592e+02 1.689027879464060e-05
7.779338942803131e+02 1.689607891721429e-05
7.781406815993668e+02 1.690187786544960e-05
7.783474689184205e+02 1.690767562664424e-05
7.785542562374743e+02 1.691347261319954e-05
7.787610435565282e+02 1.691926800491602e-05
7.789678308755819e+02 1.692506274074046e-05
7.791746181946356e+02 1.693085613567166e-05
7.793814055136895e+02 1.693664847457000e-05
7.795881928327433e+02 1.694243975421473e-05
7.797949801517969e+02 1.694822992698096e-05
7.800017674708508e+02 1.695401903352354e-05
7.802085547899046e+02 1.695980707695234e-05
7.804153421089584e+02 1.696559395144489e-05
7.806221294280120e+02 1.697137998797387e-05
7.808289167470658e+02 1.697716459015606e-05
7.810357040661197e+02 1.698294837836305e-05
7.812424913851735e+02 1.698873099154732e-05
7.814492787042271e+02 1.699451242105352e-05
7.816560660232809e+02 1.700029291653418e-05
7.818628533423348e+02 1.700607221575072e-05
7.820696406613885e+02 1.701185053301634e-05
7.822764279804422e+02 1.701762768810854e-05
7.824832152994961e+02 1.702340377583519e-05
7.826900026185499e+02 1.702917893074656e-05
7.828967899376036e+02 1.703495276382631e-05
7.831035772566574e+02 1.704072567071755e-05
7.833103645757112e+02 1.704649762233918e-05
7.835171518947651e+02 1.705226814389173e-05
7.837239392138187e+02 1.705803800736265e-05
7.839307265328725e+02 1.706380655393455e-05
7.841375138519263e+02 1.706957413351951e-05
7.843443011709802e+02 1.707534065603896e-05
7.845510884900339e+02 1.708110610163013e-05
7.847578758090876e+02 1.708687049397980e-05
7.849646631281415e+02 1.709263377687702e-05
7.851714504471953e+02 1.709839598807346e-05
7.853782377662490e+02 1.710415721854913e-05
7.855850250853028e+02 1.710991723717324e-05
7.857918124043566e+02 1.711567637839922e-05
7.859985997234104e+02 1.712143436732126e-05
7.862053870424641e+02 1.712719137166709e-05
7.864121743615178e+02 1.713294724113023e-05
7.866189616805717e+02 1.713870218245940e-05
7.868257489996255e+02 1.714445588819745e-05
7.870325363186791e+02 1.715020872386486e-05
7.872393236377329e+02 1.715596033640465e-05
7.874461109567868e+02 1.716171104466316e-05
7.876528982758405e+02 1.716746060961893e-05
7.878596855948942e+02 1.717320912587030e-05
7.880664729139481e+02 1.717895667409611e-05
7.882732602330019e+02 1.718470307197630e-05
7.884800475520556e+02 1.719044847795446e-05
7.886868348711095e+02 1.719619293707463e-05
7.888936221901632e+02 1.720193621218588e-05
7.891004095092171e+02 1.720767856484664e-05
7.893071968282707e+02 1.721341990521771e-05
7.895139841473245e+02 1.721916005077718e-05
7.897207714663783e+02 1.722489923687372e-05
7.899275587854322e+02 1.723063752379564e-05
7.901343461044859e+02 1.723637437853247e-05
7.903411334235396e+02 1.724211066207778e-05
7.905479207425935e+02 1.724784562053395e-05
7.907547080616473e+02 1.725357955195394e-05
7.909614953807010e+02 1.725931261526828e-05
7.911682826997549e+02 1.726504445775857e-05
7.913750700188086e+02 1.727077540658242e-05
7.915818573378624e+02 1.727650525910897e-05
7.917886446569161e+02 1.728223415696533e-05
7.919954319759698e+02 1.728796207240937e-05
7.922022192950237e+02 1.729368880648829e-05
7.924090066140775e+02 1.729941472773880e-05
7.926157939331312e+02 1.730513948096441e-05
7.928225812521849e+02 1.731086315650658e-05
7.930293685712388e+02 1.731658597955256e-05
7.932361558902925e+02 1.732230759634891e-05
7.934429432093463e+02 1.732802833919450e-05
7.936497305284001e+02 1.733374794970824e-05
7.938565178474539e+02 1.733946661532566e-05
7.940633051665076e+02 1.734518429004525e-05
7.942700924855615e+02 1.735090076295433e-05
7.944768798046152e+02 1.735661643704668e-05
7.946836671236691e+02 1.736233105303916e-05
7.948904544427227e+02 1.736804439745024e-05
7.950972417617766e+02 1.737375722490722e-05
7.953040290808303e+02 1.737946854985566e-05
7.955108163998842e+02 1.738517922862270e-05
7.957176037189379e+02 1.739088869550565e-05
7.959243910379917e+02 1.739659731531476e-05
7.961311783570455e+02 1.740230476916296e-05
7.963379656760993e+02 1.740801135504426e-05
7.965447529951530e+02 1.741371679121230e-05
7.967515403142069e+02 1.741942135572668e-05
7.969583276332606e+02 1.742512474293215e-05
7.971651149523144e+02 1.743082730076318e-05
7.973719022713681e+02 1.743652874857445e-05
7.975786895904220e+02 1.744222927973772e-05
7.977854769094757e+02 1.744792871920795e-05
7.979922642285295e+02 1.745362733491568e-05
7.981990515475832e+02 1.745932470662677e-05
7.984058388666369e+02 1.746502133761323e-05
7.986126261856908e+02 1.747071673190327e-05
7.988194135047445e+02 1.747641135493915e-05
7.990262008237983e+02 1.748210476470260e-05
7.992329881428522e+02 1.748779731742629e-05
7.994397754619059e+02 1.749348882971152e-05
7.996465627809596e+02 1.749917927208920e-05
7.998533501000135e+02 1.750486880364813e-05
8.000601374190672e+02 1.751055739653459e-05
8.002669247381211e+02 1.751624485226343e-05
8.004737120571747e+02 1.752193154151370e-05
8.006804993762286e+02 1.752761715171249e-05
8.008872866952823e+02 1.753330169111821e-05
8.010940740143362e+02 1.753898535803096e-05
8.013008613333899e+02 1.754466803989896e-05
8.015076486524437e+02 1.755034944240502e-05
8.017144359714976e+02 1.755603034047401e-05
8.019212232905513e+02 1.756170984354500e-05
8.021280106096050e+02 1.756738850406364e-05
8.023347979286589e+02 1.757306632395510e-05
8.025415852477126e+02 1.757874288462269e-05
8.027483725667664e+02 1.758441867508581e-05
8.029551598858201e+02 1.759009337387375e-05
8.031619472048740e+02 1.759576719307363e-05
8.033687345239277e+02 1.760143997749423e-05
8.035755218429814e+02 1.760711182330601e-05
8.037823091620352e+02 1.761278275281239e-05
8.039890964810889e+02 1.761845261971770e-05
8.041958838001428e+02 1.762412147212407e-05
8.044026711191965e+02 1.762978952672593e-05
8.046094584382503e+02 1.763545633436325e-05
8.048162457573042e+02 1.764112242461388e-05
8.050230330763579e+02 1.764678736634860e-05
8.052298203954116e+02 1.765245144945684e-05
8.054366077144655e+02 1.765811452561247e-05
8.056433950335193e+02 1.766377650664003e-05
8.058501823525731e+02 1.766943775363362e-05
8.060569696716267e+02 1.767509780908587e-05
8.062637569906806e+02 1.768075689332156e-05
8.064705443097344e+02 1.768641534012255e-05
8.066773316287882e+02 1.769207232155615e-05
8.068841189478419e+02 1.769772884248879e-05
8.070909062668957e+02 1.770338404487721e-05
8.072976935859496e+02 1.770903854373802e-05
8.075044809050033e+02 1.771469185422632e-05
8.077112682240570e+02 1.772034442383501e-05
8.079180555431109e+02 1.772599581779411e-05
8.081248428621647e+02 1.773164642116782e-05
8.083316301812185e+02 1.773729589701900e-05
8.085384175002721e+02 1.774294455087432e-05
8.087452048193260e+02 1.774859217141313e-05
8.089519921383798e+02 1.775423885618613e-05
8.091587794574334e+02 1.775988457557280e-05
8.093655667764873e+02 1.776552944403175e-05
8.095723540955411e+02 1.777117314162119e-05
8.097791414145950e+02 1.777681616009881e-05
8.099859287336486e+02 1.778245797304340e-05
8.101927160527024e+02 1.778809906555808e-05
8.103995033717563e+02 1.779373897405651e-05
8.106062906908101e+02 1.779937814574167e-05
8.108130780098637e+02 1.780501618987393e-05
8.110198653289175e+02 1.781065329965558e-05
8.112266526479714e+02 1.781628948638612e-05
8.114334399670250e+02 1.782192475462526e-05
8.116402272860788e+02 1.782755891040311e-05
8.118470146051325e+02 1.783319246284479e-05
8.120538019241864e+02 1.783882478974227e-05
8.122605892432401e+02 1.784445631224640e-05
8.124673765622938e+02 1.785008687873352e-05
8.126741638813476e+02 1.785571649230146e-05
8.128809512004015e+02 1.786134492052775e-05
8.130877385194552e+02 1.786697287464346e-05
8.132945258385089e+02 1.787259934082715e-05
8.135013131575628e+02 1.787822524982640e-05
8.137081004766166e+02 1.788385016001236e-05
8.139148877956704e+02 1.788947394864342e-05
8.141216751147241e+02 1.789509698113113e-05
8.143284624337779e+02 1.790071898342020e-05
8.145352497528318e+02 1.790634004253042e-05
8.147420370718853e+02 1.791196017125903e-05
8.149488243909392e+02 1.791757944061688e-05
8.151556117099930e+02 1.792319771944227e-05
8.153623990290469e+02 1.792881509185497e-05
8.155691863481005e+02 1.793443146391541e-05
8.157759736671543e+02 1.794004706720203e-05
8.159827609862082e+02 1.794566140486847e-05
8.161895483052620e+02 1.795127519196571e-05
8.163963356243156e+02 1.795688773238209e-05
8.166031229433695e+02 1.796249954635640e-05
8.168099102624233e+02 1.796811033874066e-05
8.170166975814772e+02 1.797372013064067e-05
8.172234849005307e+02 1.797932918912696e-05
8.174302722195846e+02 1.798493698881231e-05
8.176370595386384e+02 1.799054410428042e-05
8.178438468576923e+02 1.799615029938902e-05
8.180506341767459e+02 1.800175529562120e-05
8.182574214957997e+02 1.800735980493078e-05
8.184642088148536e+02 1.801296300324286e-05
8.186709961339074e+02 1.801856556034317e-05
8.188777834529610e+02 1.802416698351706e-05
8.190845707720149e+02 1.802976766773448e-05
8.192913580910687e+02 1.803536723882185e-05
8.194981454101226e+02 1.804096603007039e-05
8.197049327291761e+02 1.804656377467086e-05
8.199117200482300e+02 1.805216067729404e-05
8.201185073672838e+02 1.805775663056623e-05
8.203252946863374e+02 1.806335161261664e-05
8.205320820053913e+02 1.806894578063511e-05
8.207388693244451e+02 1.807453896924229e-05
8.209456566434990e+02 1.808013116666096e-05
8.211524439625526e+02 1.808572262935715e-05
8.213592312816064e+02 1.809131296617394e-05
8.215660186006603e+02 1.809690256825271e-05
8.217728059197141e+02 1.810249110843869e-05
8.219795932387677e+02 1.810807890647917e-05
8.221863805578215e+02 1.811366559368537e-05
8.223931678768754e+02 1.811925145730098e-05
8.225999551959291e+02 1.812483634759324e-05
8.228067425149828e+02 1.813042034457822e-05
8.230135298340365e+02 1.813600325477094e-05
8.232203171530904e+02 1.814158565022239e-05
8.234271044721442e+02 1.814716668958055e-05
8.236338917911978e+02 1.815274723146384e-05
8.238406791102516e+02 1.815832662602068e-05
8.240474664293055e+02 1.816390522941372e-05
8.242542537483592e+02 1.816948266206523e-05
8.244610410674129e+02 1.817505961585287e-05
8.246678283864668e+02 1.818063503899108e-05
8.248746157055206e+02 1.818621014955145e-05
8.250814030245745e+02 1.819178401966282e-05
8.252881903436281e+02 1.819735705717480e-05
8.254949776626819e+02 1.820292923040818e-05
8.257017649817358e+02 1.820850050087214e-05
8.259085523007893e+02 1.821407069418784e-05
8.261153396198432e+02 1.821964017305109e-05
8.263221269388970e+02 1.822520866260773e-05
8.265289142579509e+02 1.823077622659860e-05
8.267357015770045e+02 1.823634298478102e-05
8.269424888960583e+02 1.824190873625974e-05
8.271492762151122e+02 1.824747373449220e-05
8.273560635341660e+02 1.825303751200874e-05
8.275628508532196e+02 1.825860083303437e-05
8.277696381722735e+02 1.826416278314854e-05
8.279764254913273e+02 1.826972420305739e-05
8.281832128103812e+02 1.827528452732804e-05
8.283900001294347e+02 1.828084396697818e-05
8.285967874484886e+02 1.828640262415477e-05
8.288035747675424e+02 1.829196006968345e-05
8.290103620865963e+02 1.829751696443651e-05
8.292171494056499e+02 1.830307269029447e-05
8.294239367247037e+02 1.830862756349265e-05
8.296307240437576e+02 1.831418175140451e-05
8.298375113628114e+02 1.831973475796185e-05
8.300442986818650e+02 1.832528712762796e-05
8.302510860009189e+02 1.833083843621668e-05
8.304578733199727e+02 1.833638895689693e-05
8.306646606390266e+02 1.834193847480674e-05
8.308714479580801e+02 1.834748716826178e-05
8.310782352771340e+02 1.835303490995793e-05
8.312850225961878e+02 1.835858177790041e-05
8.314918099152414e+02 1.836412775791746e-05
8.316985972342953e+02 1.836967278350764e-05
8.319053845533491e+02 1.837521706993151e-05
8.321121718724030e+02 1.838076028081818e-05
8.323189591914567e+02 1.838630270917051e-05
8.325257465105104e+02 1.839184425602450e-05
8.327325338295643e+02 1.839738479946886e-05
8.329393211486181e+02 1.840292455880797e-05
8.331461084676718e+02 1.840846338677627e-05
8.333528957867255e+02 1.841400138246651e-05
8.335596831057794e+02 1.841953841435516e-05
8.337664704248331e+02 1.842507463491913e-05
8.339732577438868e+02 1.843060988590144e-05
8.341800450629405e+02 1.843614425460641e-05
8.343868323819944e+02 1.844167758564178e-05
8.345936197010482e+02 1.844721037098815e-05
8.348004070201018e+02 1.845274177116125e-05
8.350071943391556e+02 1.845827287741013e-05
8.352139816582095e+02 1.846380265917494e-05
8.354207689772633e+02 1.846933186899227e-05
8.356275562963169e+02 1.847485986921770e-05
8.358343436153708e+02 1.848038737382999e-05
8.360411309344246e+02 1.848591338987571e-05
8.362479182534782e+02 1.849143917406070e-05
8.364547055725321e+02 1.849696355367817e-05
8.366614928915859e+02 1.850248738942849e-05
8.368682802106398e+02 1.850801019743240e-05
8.370750675296933e+02 1.851353227138976e-05
8.372818548487472e+02 1.851905315206176e-05
8.374886421678010e+02 1.852457353394734e-05
8.376954294868549e+02 1.853009268642503e-05
8.379022168059086e+02 1.853561111572369e-05
8.381090041249623e+02 1.854112870694384e-05
8.383157914440162e+02 1.854664531007832e-05
8.385225787630700e+02 1.855216117178914e-05
8.387293660821236e+02 1.855767591409702e-05
8.389361534011775e+02 1.856319016890634e-05
8.391429407202313e+02 1.856870301214285e-05
8.393497280392852e+02 1.857421550634794e-05
8.395565153583387e+02 1.857972676755856e-05
8.397633026773926e+02 1.858523730518825e-05
8.399700899964464e+02 1.859074697721819e-05
8.401768773155003e+02 1.859625557692176e-05
8.403836646345540e+02 1.860176357386128e-05
8.405904519536077e+02 1.860727034619918e-05
8.407972392726616e+02 1.861277648836426e-05
8.410040265917154e+02 1.861828172283710e-05
8.412108139107690e+02 1.862378596020420e-05
8.414176012298229e+02 1.862928953556484e-05
8.416243885488767e+02 1.863479208699010e-05
8.418311758679304e+02 1.864029384343702e-05
8.420379631869841e+02 1.864579467546380e-05
8.422447505060380e+02 1.865129464496439e-05
8.424515378250918e+02 1.865679372956070e-05
8.426583251441455e+02 1.866229192070987e-05
8.428651124631994e+02 1.866778924777943e-05
8.430718997822531e+02 1.867328569687726e-05
8.432786871013070e+02 1.867878135115089e-05
8.434854744203607e+02 1.868427599202917e-05
8.436922617394144e+02 1.868976994976660e-05
8.438990490584683e+02 1.869526290411344e-05
8.441058363775221e+02 1.870075498904998e-05
8.443126236965758e+02 1.870624623389402e-05
8.445194110156295e+02 1.871173660364859e-05
8.447261983346834e+02 1.871722606989943e-05
8.449329856537371e+02 1.872271474419319e-05
8.451397729727909e+02 1.872820253052073e-05
8.453465602918445e+02 1.873368945162438e-05
8.455533476108984e+02 1.873917546703740e-05
8.457601349299522e+02 1.874466053476317e-05
8.459669222490058e+02 1.875014492791589e-05
8.461737095680596e+02 1.875562803410670e-05
8.463804968871135e+02 1.876111085250110e-05
8.465872842061673e+02 1.876659229160169e-05
8.467940715252209e+02 1.877207331680067e-05
8.470008588442748e+02 1.877755310158610e-05
8.472076461633286e+02 1.878303238468557e-05
8.474144334823823e+02 1.878851028362142e-05
8.476212208014362e+02 1.879398785729341e-05
8.478280081204899e+02 1.879946404377677e-05
8.480347954395438e+02 1.880493979815485e-05
8.482415827585974e+02 1.881041442980015e-05
8.484483700776512e+02 1.881588846343974e-05
8.486551573967050e+02 1.882136127162911e-05
8.488619447157589e+02 1.882683368595722e-05
8.490687320348126e+02 1.883230470548767e-05
8.492755193538663e+02 1.883777521982691e-05
8.494823066729202e+02 1.884324475868028e-05
8.496890939919740e+02 1.884871336852470e-05
8.498958813110277e+02 1.885418125119518e-05
8.501026686300816e+02 1.885964811770371e-05
8.503094559491353e+02 1.886511437005594e-05
8.505162432681892e+02 1.887057932352769e-05
8.507230305872428e+02 1.887604397506617e-05
8.509298179062966e+02 1.888150727420781e-05
8.511366052253504e+02 1.888697002953783e-05
8.513433925444043e+02 1.889243181418536e-05
8.515501798634580e+02 1.889789269526731e-05
8.517569671825117e+02 1.890335281499556e-05
8.519637545015656e+02 1.890881186481247e-05
8.521705418206194e+02 1.891427026613467e-05
8.523773291396731e+02 1.891972767821844e-05
8.525841164587270e+02 1.892518422078140e-05
8.527909037777807e+02 1.893064008331961e-05
8.529976910968344e+02 1.893609489967774e-05
8.532044784158882e+02 1.894154900431910e-05
8.534112657349420e+02 1.894700216892074e-05
8.536180530539958e+02 1.895245449899233e-05
8.538248403730495e+02 1.895790595056120e-05
8.540316276921034e+02 1.896335652434868e-05
8.542384150111571e+02 1.896880622320142e-05
8.544452023302110e+02 1.897425513079499e-05
8.546519896492647e+02 1.897970310210738e-05
8.548587769683185e+02 1.898515028089023e-05
8.550655642873722e+02 1.899059667516342e-05
8.552723516064261e+02 1.899604210431400e-05
8.554791389254798e+02 1.900148674352874e-05
8.556859262445336e+02 1.900693051158315e-05
8.558927135635874e+02 1.901237337473813e-05
8.560995008826411e+02 1.901781536338112e-05
8.563062882016949e+02 1.902325660239941e-05
8.565130755207485e+02 1.902869688973968e-05
8.567198628398024e+02 1.903413645444295e-05
8.569266501588562e+02 1.903957506242486e-05
8.571334374779099e+02 1.904501285236713e-05
8.573402247969636e+02 1.905044980898533e-05
8.575470121160175e+02 1.905588566284654e-05
8.577537994350713e+02 1.906132105711481e-05
8.579605867541250e+02 1.906675516667850e-05
8.581673740731788e+02 1.907218887142472e-05
8.583741613922326e+02 1.907762136772351e-05
8.585809487112863e+02 1.908305336704790e-05
8.587877360303402e+02 1.908848409078577e-05
8.589945233493939e+02 1.909391433500314e-05
8.592013106684478e+02 1.909934335497195e-05
8.594080979875014e+02 1.910477181847002e-05
8.596148853065553e+02 1.911019923204103e-05
8.598216726256090e+02 1.911562605369206e-05
8.600284599446629e+02 1.912105173198750e-05
8.602352472637166e+02 1.912647693702544e-05
8.604420345827704e+02 1.913190082642763e-05
8.606488219018242e+02 1.913732428157871e-05
8.608556092208780e+02 1.914274664568336e-05
8.610623965399317e+02 1.914816813841918e-05
8.612691838589856e+02 1.915358893145204e-05
8.614759711780393e+02 1.915900874596243e-05
8.616827584970932e+02 1.916442782351917e-05
8.618895458161468e+02 1.916984582853730e-05
8.620963331352007e+02 1.917526338683361e-05
8.623031204542544e+02 1.918067960860171e-05
8.625099077733083e+02 1.918609539877895e-05
8.627166950923620e+02 1.919151012373856e-05
8.629234824114158e+02 1.919692407836268e-05
8.631302697304696e+02 1.920233712664318e-05
8.633370570495233e+02 1.920774934719681e-05
8.635438443685771e+02 1.921316070527455e-05
8.637506316876310e+02 1.921857120325200e-05
8.639574190066847e+02 1.922398081443993e-05
8.641642063257384e+02 1.922938977487131e-05
8.643709936447922e+02 1.923479761913286e-05
8.645777809638461e+02 1.924020490561092e-05
8.647845682828998e+02 1.924561113657175e-05
8.649913556019535e+02 1.925101664156794e-05
8.651981429210074e+02 1.925642121492153e-05
8.654049302400612e+02 1.926182496607265e-05
8.656117175591150e+02 1.926722781583342e-05
8.658185048781687e+02 1.927262991392165e-05
8.660252921972225e+02 1.927803095939793e-05
8.662320795162763e+02 1.928343145126023e-05
8.664388668353301e+02 1.928883090571031e-05
8.666456541543838e+02 1.929422962864147e-05
8.668524414734376e+02 1.929962751708877e-05
8.670592287924915e+02 1.930502456699460e-05
8.672660161115451e+02 1.931042065338949e-05
8.674728034305989e+02 1.931581598703114e-05
8.676795907496526e+02 1.932121041749338e-05
8.678863780687064e+02 1.932660396503659e-05
8.680931653877602e+02 1.933199682596953e-05
8.682999527068139e+02 1.933738870501158e-05
8.685067400258677e+02 1.934277989429377e-05
8.687135273449215e+02 1.934817013058603e-05
8.689203146639752e+02 1.935355946475603e-05
8.691271019830290e+02 1.935894809828525e-05
8.693338893020829e+02 1.936433563457212e-05
8.695406766211366e+02 1.936972262596525e-05
8.697474639401903e+02 1.937510851251645e-05
8.699542512592442e+02 1.938049389481870e-05
8.701610385782980e+02 1.938587806136710e-05
8.703678258973518e+02 1.939126168699662e-05
8.705746132164054e+02 1.939664423823546e-05
8.707814005354593e+02 1.940202600202802e-05
8.709881878545131e+02 1.940740693311238e-05
8.711949751735669e+02 1.941278710503940e-05
8.714017624926206e+02 1.941816631736740e-05
8.716085498116744e+02 1.942354484849754e-05
8.718153371307283e+02 1.942892234310690e-05
8.720221244497820e+02 1.943429926888375e-05
8.722289117688357e+02 1.943967514901769e-05
8.724356990878896e+02 1.944505013212802e-05
8.726424864069434e+02 1.945042448592613e-05
8.728492737259971e+02 1.945579779021203e-05
8.730560610450508e+02 1.946117034361941e-05
8.732628483641047e+02 1.946654202917401e-05
8.734696356831585e+02 1.947191299983967e-05
8.736764230022123e+02 1.947728283793546e-05
8.738832103212660e+02 1.948265219907482e-05
8.740899976403198e+02 1.948802046743749e-05
8.742967849593737e+02 1.949338802257818e-05
8.745035722784273e+02 1.949875462139262e-05
8.747103595974811e+02 1.950412055676471e-05
8.749171469165350e+02 1.950948538493061e-05
8.751239342355888e+02 1.951484961724849e-05
8.753307215546424e+02 1.952021279695202e-05
8.755375088736962e+02 1.952557542580985e-05
8.757442961927501e+02 1.953093684964412e-05
8.759510835118039e+02 1.953629787790510e-05
8.761578708308575e+02 1.954165768483962e-05
8.763646581499114e+02 1.954701691853987e-05
8.765714454689652e+02 1.955237514054581e-05
8.767782327880191e+02 1.955773260269470e-05
8.769850201070727e+02 1.956308914625677e-05
8.771918074261265e+02 1.956844480506555e-05
8.773985947451803e+02 1.957379972624547e-05
8.776053820642342e+02 1.957915394759941e-05
8.778121693832878e+02 1.958450693275678e-05
8.780189567023416e+02 1.958985948745805e-05
8.782257440213955e+02 1.959521103608269e-05
8.784325313404491e+02 1.960056186478657e-05
8.786393186595029e+02 1.960591170296094e-05
8.788461059785566e+02 1.961126091983657e-05
8.790528932976105e+02 1.961660897992407e-05
8.792596806166642e+02 1.962195638694507e-05
8.794664679357179e+02 1.962730292356716e-05
8.796732552547717e+02 1.963264855985002e-05
8.798800425738256e+02 1.963799355135278e-05
8.800868298928792e+02 1.964333754907608e-05
8.802936172119330e+02 1.964868080233065e-05
8.805004045309869e+02 1.965402316555058e-05
8.807071918500407e+02 1.965936461999978e-05
8.809139791690943e+02 1.966470532596042e-05
8.811207664881482e+02 1.967004505893809e-05
8.813275538072020e+02 1.967538424814971e-05
8.815343411262559e+02 1.968072221272784e-05
8.817411284453094e+02 1.968605975173288e-05
8.819479157643633e+02 1.969139617840822e-05
8.821547030834171e+02 1.969673172633946e-05
8.823614904024710e+02 1.970206663903231e-05
8.825682777215246e+02 1.970740052198933e-05
8.827750650405784e+02 1.971273365476679e-05
8.829818523596323e+02 1.971806607689960e-05
8.831886396786861e+02 1.972339750678988e-05
8.833954269977397e+02 1.972872822517807e-05
8.836022143167936e+02 1.973405809444068e-05
8.838090016358474e+02 1.973938691603587e-05
8.840157889549012e+02 1.974471526131036e-05
8.842225762739548e+02 1.975004237509044e-05
8.844293635930087e+02 1.975536887989076e-05
8.846361509120625e+02 1.976069455906906e-05
8.848429382311164e+02 1.976601929507154e-05
8.850497255501700e+02 1.977134321306293e-05
8.852565128692238e+02 1.977666643497604e-05
8.854633001882777e+02 1.978198865733362e-05
8.856700875073313e+02 1.978731013386653e-05
8.858768748263851e+02 1.979263070685254e-05
8.860836621454389e+02 1.979795061016157e-05
8.862904494644928e+02 1.980326929780807e-05
8.864972367835464e+02 1.980858761436706e-05
8.867040241026002e+02 1.981390465606451e-05
8.869108114216541e+02 1.981922129459890e-05
8.871175987407079e+02 1.982453664923212e-05
8.873243860597615e+02 1.982985171791625e-05
8.875311733788154e+02 1.983516541835093e-05
8.877379606978692e+02 1.984047867984322e-05
8.879447480169231e+02 1.984579084707374e-05
8.881515353359767e+02 1.985110225361116e-05
8.883583226550305e+02 1.985641267311668e-05
8.885651099740843e+02 1.986172066784483e-05
8.887718972931382e+02 1.986703232855444e-05
8.889786846121918e+02 1.987234014026822e-05
8.891854719312456e+02 1.987764697721975e-05
8.893922592502995e+02 1.988295356725810e-05
8.895990465693532e+02 1.988825897141579e-05
8.898058338884069e+02 1.989356383079039e-05
8.900126212074606e+02 1.989886771624328e-05
8.902194085265145e+02 1.990417103908890e-05
8.904261958455683e+02 1.990947304374996e-05
8.906329831646219e+02 1.991477467970042e-05
8.908397704836757e+02 1.992007507906038e-05
8.910465578027296e+02 1.992537481234830e-05
8.912533451217832e+02 1.993067378010437e-05
8.914601324408370e+02 1.993597180309922e-05
8.916669197598909e+02 1.994126916568791e-05
8.918737070789447e+02 1.994656555301124e-05
8.920804943979983e+02 1.995186116689180e-05
8.922872817170522e+02 1.995715586597114e-05
8.924940690361060e+02 1.996244969762612e-05
8.927008563551598e+02 1.996774291561201e-05
8.929076436742134e+02 1.997303485154003e-05
8.931144309932673e+02 1.997832661273937e-05
8.933212183123211e+02 1.998361697183841e-05
8.935280056313750e+02 1.998890669443133e-05
8.937347929504286e+02 1.999419574491872e-05
8.939415802694824e+02 1.999948359286806e-05
8.941483675885363e+02 2.000477089170004e-05
8.943551549075901e+02 2.001005730979081e-05
8.945619422266437e+02 2.001534288192661e-05
8.947687295456976e+02 2.002062759656943e-05
8.949755168647514e+02 2.002591168782211e-05
8.951823041838052e+02 2.003119449616946e-05
8.953890915028588e+02 2.003647705841483e-05
8.955958788219127e+02 2.004175813291360e-05
8.958026661409665e+02 2.004703886209204e-05
8.960094534600202e+02 2.005231859161254e-05
8.962162407790740e+02 2.005759734181314e-05
8.964230280981278e+02 2.006287552499256e-05
8.966298154171817e+02 2.006815271205404e-05
8.968366027362354e+02 2.007342911253170e-05
8.970433900552891e+02 2.007870465482971e-05
8.972501773743429e+02 2.008397940613080e-05
8.974569646933968e+02 2.008925334060306e-05
8.976637520124505e+02 2.009452614728133e-05
8.978705393315042e+02 2.009979861658043e-05
8.980773266505581e+02 2.010506966392433e-05
8.982841139696119e+02 2.011034043485598e-05
8.984909012886656e+02 2.011560987329755e-05
8.986976886077194e+02 2.012087905279732e-05
8.989044759267732e+02 2.012614679040020e-05
8.991112632458271e+02 2.013141416228781e-05
8.993180505648807e+02 2.013668035489416e-05
8.995248378839345e+02 2.014194568322287e-05
8.997316252029883e+02 2.014720983011794e-05
8.999384125220422e+02 2.015246733227448e-05
9.001451998410959e+02 2.015774039738563e-05
9.003519871601496e+02 2.016300084772013e-05
9.005587744792035e+02 2.016826218696051e-05
9.007655617982572e+02 2.017352271716597e-05
9.009723491173110e+02 2.017878205720957e-05
9.011791364363646e+02 2.018404098781154e-05
9.013859237554185e+02 2.018929897014296e-05
9.015927110744723e+02 2.019455635773940e-05
9.017994983935259e+02 2.019981249284945e-05
9.020062857125797e+02 2.020506841999065e-05
9.022130730316336e+02 2.021032275977787e-05
9.024198603506873e+02 2.021557676678151e-05
9.026266476697410e+02 2.022082971148800e-05
9.028334349887949e+02 2.022608184455120e-05
9.030402223078487e+02 2.023133331595412e-05
9.032470096269024e+02 2.023658379956762e-05
9.034537969459562e+02 2.024183360320211e-05
9.036605842650100e+02 2.024708239914999e-05
9.038673715840638e+02 2.025233039743572e-05
9.040741589031174e+02 2.025757769477473e-05
9.042809462221713e+02 2.026282365298622e-05
9.044877335412251e+02 2.026806968703493e-05
9.046945208602790e+02 2.027331387272544e-05
9.049013081793327e+02 2.027855798669710e-05
9.051080954983864e+02 2.028380103341192e-05
9.053148828174403e+02 2.028904299797262e-05
9.055216701364941e+02 2.029428447966796e-05
9.057284574555478e+02 2.029952494714225e-05
9.059352447746016e+02 2.030476461735437e-05
9.061420320936554e+02 2.031000342415569e-05
9.063488194127092e+02 2.031524168026561e-05
9.065556067317629e+02 2.032047851241962e-05
9.067623940508167e+02 2.032571530250659e-05
9.069691813698705e+02 2.033095034829821e-05
9.071759686889242e+02 2.033618534701301e-05
9.073827560079781e+02 2.034141902446690e-05
9.075895433270318e+02 2.034665191837189e-05
9.077963306460857e+02 2.035188427521677e-05
9.080031179651394e+02 2.035711542008792e-05
9.082099052841932e+02 2.036234602588687e-05
9.084166926032469e+02 2.036757562007143e-05
9.086234799223008e+02 2.037280454263406e-05
9.088302672413545e+02 2.037803247785081e-05
9.090370545604083e+02 2.038325949950382e-05
9.092438418794621e+02 2.038848600765557e-05
9.094506291985159e+02 2.039371111862128e-05
9.096574165175696e+02 2.039893598312458e-05
9.098642038366235e+02 2.040415952543642e-05
9.100709911556772e+02 2.040938277368064e-05
9.102777784747311e+02 2.041460462970742e-05
9.104845657937847e+02 2.041982617991925e-05
9.106913531128386e+02 2.042504654766116e-05
9.108981404318923e+02 2.043026612798312e-05
9.111049277509462e+02 2.043548501147162e-05
9.113117150699999e+02 2.044070280692300e-05
9.115185023890537e+02 2.044592009477600e-05
9.117252897081075e+02 2.045113437282935e-05
9.119320770271612e+02 2.045635175960328e-05
9.121388643462150e+02 2.046156630587852e-05
9.123456516652686e+02 2.046677978522895e-05
9.125524389843225e+02 2.047199276412372e-05
9.127592263033763e+02 2.047720475985060e-05
9.129660136224300e+02 2.048241606360263e-05
9.131728009414837e+02 2.048762634510709e-05
9.133795882605376e+02 2.049283633024674e-05
9.135863755795913e+02 2.049804461045623e-05
9.137931628986451e+02 2.050325282865528e-05
9.139999502176989e+02 2.050845960684681e-05
9.142067375367527e+02 2.051366575557621e-05
9.144135248558064e+02 2.051887114614252e-05
9.146203121748603e+02 2.052407552950237e-05
9.148270994939140e+02 2.052927931638833e-05
9.150338868129678e+02 2.053448200675289e-05
9.152406741320215e+02 2.053968396105843e-05
9.154474614510754e+02 2.054488507146272e-05
9.156542487701291e+02 2.055008480192396e-05
9.158610360891830e+02 2.055528464890725e-05
9.160678234082367e+02 2.056048212964197e-05
9.162746107272905e+02 2.056567999849465e-05
9.164813980463443e+02 2.057087570724932e-05
9.166881853653981e+02 2.057606968709498e-05
9.168949726844518e+02 2.058125777033616e-05
9.171017600035055e+02 2.058651849749151e-05
9.173085473225594e+02 2.059166798050470e-05
9.175153346416132e+02 2.059685677847453e-05
9.177221219606669e+02 2.060204739836647e-05
9.179289092797208e+02 2.060723737698924e-05
9.181356965987745e+02 2.061242768680277e-05
9.183424839178282e+02 2.061761624739494e-05
9.185492712368821e+02 2.062280507834305e-05
9.187560585559359e+02 2.062799231753426e-05
9.189628458749897e+02 2.063317914162350e-05
9.191696331940434e+02 2.063836523013939e-05
9.193764205130972e+02 2.064355012474804e-05
9.195832078321509e+02 2.064873463468893e-05
9.197899951512048e+02 2.065391801146608e-05
9.199967824702585e+02 2.065910080378857e-05
9.202035697893123e+02 2.066428252793167e-05
9.204103571083662e+02 2.066946353483233e-05
9.206171444274199e+02 2.067464375776106e-05
9.208239317464736e+02 2.067982276241546e-05
9.210307190655275e+02 2.068500140298267e-05
9.212375063845813e+02 2.069017877972437e-05
9.214442937036351e+02 2.069535575719119e-05
9.216510810226887e+02 2.070053145650808e-05
9.218578683417426e+02 2.070570683675439e-05
9.220646556607963e+02 2.071088096452695e-05
9.222714429798502e+02 2.071605432953848e-05
9.224782302989039e+02 2.072122701129368e-05
9.226850176179577e+02 2.072639853685004e-05
9.228918049370116e+02 2.073156961966117e-05
9.230985922560652e+02 2.073673939896272e-05
9.233053795751190e+02 2.074190889751392e-05
9.235121668941727e+02 2.074707648662514e-05
9.237189542132264e+02 2.075224423052802e-05
9.239257415322803e+02 2.075741086673317e-05
9.241325288513340e+02 2.076257646664071e-05
9.243393161703877e+02 2.076774129357068e-05
9.245461034894416e+02 2.077290530684304e-05
9.247528908084953e+02 2.077806873434761e-05
9.249596781275491e+02 2.078323065003460e-05
9.251664654466030e+02 2.078839253438982e-05
9.253732527656567e+02 2.079355268494903e-05
9.255800400847104e+02 2.079871235513912e-05
9.257868274037643e+02 2.080387105919780e-05
9.259936147228181e+02 2.080902864851178e-05
9.262004020418718e+02 2.081418567177321e-05
9.264071893609255e+02 2.081934134890609e-05
9.266139766799794e+02 2.082449630034842e-05
9.268207639990331e+02 2.082965000961020e-05
9.270275513180870e+02 2.083480214309277e-05
9.272343386371407e+02 2.083995379393432e-05
9.274411259561945e+02 2.084510209248609e-05
9.276479132752484e+02 2.085024978665171e-05
9.278547005943021e+02 2.085539160530046e-05
9.280614879133558e+02 2.086052427362326e-05
9.282682752324096e+02 2.086561185852249e-05
9.284750625514635e+02 2.087127842646124e-05
9.286818498705171e+02 2.087608935102756e-05
9.288886371895709e+02 2.088120349406206e-05
9.290954245086248e+02 2.088633693088706e-05
9.293022118276785e+02 2.089147511339105e-05
9.295089991467322e+02 2.089661561373608e-05
9.297157864657861e+02 2.090175550957059e-05
9.299225737848399e+02 2.090689640442620e-05
9.301293611038938e+02 2.091203592427473e-05
9.303361484229473e+02 2.091717560821209e-05
9.305429357420012e+02 2.092231439842792e-05
9.307497230610550e+02 2.092745236530543e-05
9.309565103801089e+02 2.093258998952201e-05
9.311632976991625e+02 2.093772653230139e-05
9.313700850182163e+02 2.094286256846673e-05
9.315768723372702e+02 2.094799763220857e-05
9.317836596563239e+02 2.095313208127779e-05
9.319904469753776e+02 2.095826559519832e-05
9.321972342944315e+02 2.096339815212545e-05
9.324040216134853e+02 2.096853015071256e-05
9.326108089325392e+02 2.097366101687501e-05
9.328175962515927e+02 2.097879136105960e-05
9.330243835706466e+02 2.098392060391836e-05
9.332311708897004e+02 2.098904949807982e-05
9.334379582087543e+02 2.099417711068076e-05
9.336447455278079e+02 2.099930424873463e-05
9.338515328468617e+02 2.100442959238276e-05
9.340583201659156e+02 2.100955500743894e-05
9.342651074849692e+02 2.101467958267808e-05
9.344718948040230e+02 2.101980299141453e-05
9.346786821230767e+02 2.102492600955866e-05
9.348854694421304e+02 2.103004763318739e-05
9.350922567611843e+02 2.103516881527399e-05
9.352990440802380e+02 2.104028895006626e-05
9.355058313992918e+02 2.104540810615966e-05
9.357126187183457e+02 2.105052650810904e-05
9.359194060373993e+02 2.105564415412437e-05
9.361261933564531e+02 2.106076097641587e-05
9.363329806755070e+02 2.106587672107195e-05
9.365397679945607e+02 2.107099226292910e-05
9.367465553136144e+02 2.107610611943307e-05
9.369533426326682e+02 2.108121966239491e-05
9.371601299517221e+02 2.108633213642296e-05
9.373669172707758e+02 2.109144352538111e-05
9.375737045898295e+02 2.109655455050036e-05
9.377804919088834e+02 2.110166413747599e-05
9.379872792279372e+02 2.110677342715976e-05
9.381940665469911e+02 2.111188141938056e-05
9.384008538660447e+02 2.111698843536193e-05
9.386076411850985e+02 2.112209514640005e-05
9.388144285041524e+02 2.112719941798724e-05
9.390212158232061e+02 2.113230461054105e-05
9.392280031422598e+02 2.113740657091449e-05
9.394347904613136e+02 2.114250850535158e-05
9.396415777803675e+02 2.114760760139297e-05
9.398483650994211e+02 2.115270174904056e-05
9.400551524184749e+02 2.115777037077106e-05
9.402619397375288e+02 2.116299763234585e-05
9.404687270565826e+02 2.116804261756341e-05
9.406755143756362e+02 2.117313179790840e-05
9.408823016946901e+02 2.117822577760495e-05
9.410890890137439e+02 2.118331983074759e-05
9.412958763327978e+02 2.118841478042153e-05
9.415026636518513e+02 2.119350828616136e-05
9.417094509709052e+02 2.119860201193904e-05
9.419162382899590e+02 2.120369448742147e-05
9.421230256090129e+02 2.120878641239341e-05
9.423298129280665e+02 2.121387768813336e-05
9.425366002471203e+02 2.121896795823255e-05
9.427433875661742e+02 2.122405761567868e-05
9.429501748852280e+02 2.122914641486140e-05
9.431569622042816e+02 2.123423448530319e-05
9.433637495233355e+02 2.123932162253868e-05
9.435705368423893e+02 2.124440794667391e-05
9.437773241614432e+02 2.124949349123757e-05
9.439841114804967e+02 2.125457803945925e-05
9.441908987995506e+02 2.125966190436552e-05
9.443976861186044e+02 2.126474483158181e-05
9.446044734376583e+02 2.126982732591440e-05
9.448112607567119e+02 2.127490856552821e-05
9.450180480757657e+02 2.127998987488874e-05
9.452248353948196e+02 2.128506660204911e-05
9.454316227138733e+02 2.129014537538943e-05
9.456384100329270e+02 2.129522627639892e-05
9.458451973519807e+02 2.130030298760328e-05
9.460519846710345e+02 2.130537936549078e-05
9.462587719900883e+02 2.131045480755126e-05
9.464655593091420e+02 2.131552982426432e-05
9.466723466281958e+02 2.132060371915964e-05
9.468791339472497e+02 2.132567674817904e-05
9.470859212663033e+02 2.133074909534393e-05
9.472927085853571e+02 2.133582054482439e-05
9.474994959044110e+02 2.134089114721094e-05
9.477062832234648e+02 2.134596103913568e-05
9.479130705425184e+02 2.135103043389598e-05
9.481198578615722e+02 2.135609849125147e-05
9.483266451806261e+02 2.136116628743968e-05
9.485334324996799e+02 2.136623300817551e-05
9.487402198187335e+02 2.137129873876371e-05
9.489470071377874e+02 2.137636425050751e-05
9.491537944568412e+02 2.138142823846436e-05
9.493605817758951e+02 2.138649234978815e-05
9.495673690949487e+02 2.139155498484149e-05
9.497741564140025e+02 2.139661723517375e-05
9.499809437330564e+02 2.140167898618676e-05
9.501877310521101e+02 2.140673893901227e-05
9.503945183711638e+02 2.141179992979319e-05
9.506013056902176e+02 2.141685814196186e-05
9.508080930092715e+02 2.142191747294613e-05
9.510148803283251e+02 2.142697525263844e-05
9.512216676473789e+02 2.143203244025546e-05
9.514284549664328e+02 2.143708951639455e-05
9.516352422854866e+02 2.144214579649774e-05
9.518420296045402e+02 2.144720146339757e-05
9.520488169235941e+02 2.145225676208369e-05
9.522556042426479e+02 2.145731174597582e-05
9.524623915617018e+02 2.146236596403313e-05
9.526691788807553e+02 2.146742057857106e-05
9.528759661998092e+02 2.147247417140161e-05
9.530827535188630e+02 2.147752841944191e-05
9.532895408379169e+02 2.148258207362648e-05
9.534963281569705e+02 2.148763637218576e-05
9.537031154760243e+02 2.149269089304694e-05
9.539099027950782e+02 2.149774611961234e-05
9.541166901141320e+02 2.150280241349795e-05
9.543234774331856e+02 2.150786033184844e-05
9.545302647522395e+02 2.151292029039379e-05
9.547370520712933e+02 2.151798334861910e-05
9.549438393903472e+02 2.152305067877368e-05
9.551506267094007e+02 2.152812406668957e-05
9.553574140284546e+02 2.153320638529480e-05
9.555642013475084e+02 2.153830231301208e-05
9.557709886665621e+02 2.154342002449013e-05
9.559777759856159e+02 2.154857536864927e-05
9.561845633046697e+02 2.155380205152001e-05
9.563913506237236e+02 2.155919412577233e-05
9.565981379427773e+02 2.156511979467619e-05
9.568049252618310e+02 2.157619805182473e-05
9.570117125808847e+02 2.156880777338507e-05
9.572184998999385e+02 2.157641059627584e-05
9.574252872189924e+02 2.158207729039487e-05
9.576320745380460e+02 2.158739404006394e-05
9.578388618570998e+02 2.159258541271413e-05
9.580456491761537e+02 2.159771734419817e-05
9.582524364952073e+02 2.160281625778777e-05
9.584592238142611e+02 2.160789491084317e-05
9.586660111333150e+02 2.161295957005180e-05
9.588727984523688e+02 2.161801465640125e-05
9.590795857714224e+02 2.162306264137625e-05
9.592863730904762e+02 2.162810506191033e-05
9.594931604095301e+02 2.163314286183007e-05
9.596999477285839e+02 2.163817734561858e-05
9.599067350476375e+02 2.164320847120070e-05
9.601135223666914e+02 2.164823676834971e-05
9.603203096857452e+02 2.165326319790697e-05
9.605270970047991e+02 2.165828669988563e-05
9.607338843238527e+02 2.166330931676263e-05
9.609406716429065e+02 2.166832918814184e-05
9.611474589619604e+02 2.167334818348837e-05
9.613542462810140e+02 2.167836546338431e-05
9.615610336000678e+02 2.168338067568477e-05
9.617678209191216e+02 2.168839591545448e-05
9.619746082381755e+02 2.169340778324235e-05
9.621813955572292e+02 2.169842032421488e-05
9.623881828762829e+02 2.170343051174671e-05
9.625949701953368e+02 2.170843963447021e-05
9.628017575143906e+02 2.171344833635032e-05
9.630085448334443e+02 2.171845507028000e-05
9.632153321524981e+02 2.172346118360876e-05
9.634221194715519e+02 2.172846630966111e-05
9.636289067906058e+02 2.173347012348427e-05
9.638356941096594e+02 2.173847291735695e-05
9.640424814287132e+02 2.174347497884630e-05
9.642492687477670e+02 2.174847549706229e-05
9.644560560668209e+02 2.175347550866421e-05
9.646628433858746e+02 2.175847403243380e-05
9.648696307049283e+02 2.176347201721161e-05
9.650764180239822e+02 2.176846861684935e-05
9.652832053430360e+02 2.177346449215021e-05
9.654899926620897e+02 2.177845920100557e-05
9.656967799811435e+02 2.178345318493201e-05
9.659035673001973e+02 2.178844591746491e-05
9.661103546192512e+02 2.179343801410194e-05
9.663171419383048e+02 2.179842901759139e-05
9.665239292573586e+02 2.180341906189044e-05
9.667307165764124e+02 2.180840819991543e-05
9.669375038954661e+02 2.181339625024593e-05
9.671442912145200e+02 2.181838346484294e-05
9.673510785335737e+02 2.182336978275346e-05
9.675578658526276e+02 2.182835489207895e-05
9.677646531716813e+02 2.183333981982854e-05
9.679714404907351e+02 2.183832316139709e-05
9.681782278097887e+02 2.184330729289082e-05
9.683850151288425e+02 2.184828523874367e-05
9.685918024478964e+02 2.185326095092438e-05
9.687985897669500e+02 2.185824815635458e-05
9.690053770860038e+02 2.186322666182374e-05
9.692121644050577e+02 2.186820411233860e-05
9.694189517241114e+02 2.187318111086809e-05
9.696257390431651e+02 2.187815714383367e-05
9.698325263622190e+02 2.188313243493668e-05
9.700393136812728e+02 2.188810635624229e-05
9.702461010003265e+02 2.189307968359641e-05
9.704528883193802e+02 2.189805192627964e-05
9.706596756384341e+02 2.190302318079739e-05
9.708664629574879e+02 2.190799360141682e-05
9.710732502765416e+02 2.191296320059328e-05
9.712800375955954e+02 2.191793174075569e-05
9.714868249146492e+02 2.192289925077065e-05
9.716936122337031e+02 2.192786612158638e-05
9.719003995527568e+02 2.193283132171121e-05
9.721071868718105e+02 2.193779638538053e-05
9.723139741908644e+02 2.194275934136802e-05
9.725207615099180e+02 2.194772204132525e-05
9.727275488289719e+02 2.195268285937798e-05
9.729343361480256e+02 2.195764157194859e-05
9.731411234670795e+02 2.196259819438543e-05
9.733479107861332e+02 2.196754447866612e-05
9.735546981051870e+02 2.197235447820589e-05
9.737614854242408e+02 2.197752659399642e-05
9.739682727432946e+02 2.198246216372524e-05
9.741750600623483e+02 2.198741259618814e-05
9.743818473814022e+02 2.199236395840001e-05
9.745886347004559e+02 2.199731683704732e-05
9.747954220195098e+02 2.200226889298185e-05
9.750022093385634e+02 2.200722033448964e-05
9.752089966576173e+02 2.201217129200588e-05
9.754157839766710e+02 2.201712142813592e-05
9.756225712957249e+02 2.202207056109244e-05
9.758293586147786e+02 2.202701904935958e-05
9.760361459338324e+02 2.203196647475660e-05
9.762429332528862e+02 2.203691327687202e-05
9.764497205719400e+02 2.204185883917195e-05
9.766565078909937e+02 2.204680389734610e-05
9.768632952100476e+02 2.205174769533980e-05
9.770700825291013e+02 2.205669092217109e-05
9.772768698481552e+02 2.206163285772142e-05
9.774836571672088e+02 2.206657435058958e-05
9.776904444862627e+02 2.207151462928050e-05
9.778972318053164e+02 2.207645413980798e-05
9.781040191243701e+02 2.208139280455296e-05
9.783108064434240e+02 2.208633034437192e-05
9.785175937624778e+02 2.209126716064785e-05
9.787243810815316e+02 2.209620293166468e-05
9.789311684005853e+02 2.210113768777758e-05
9.791379557196391e+02 2.210607214041454e-05
9.793447430386927e+02 2.211100489741478e-05
9.795515303577465e+02 2.211593743379823e-05
9.797583176768004e+02 2.212086877835417e-05
9.799651049958541e+02 2.212579967638465e-05
9.801718923149078e+02 2.213072789293765e-05
9.803786796339617e+02 2.213565674963736e-05
9.805854669530154e+02 2.214058377816766e-05
9.807922542720692e+02 2.214551067036070e-05
9.809990415911230e+02 2.215043640555066e-05
9.812058289101768e+02 2.215536138031686e-05
9.814126162292305e+02 2.216028514940345e-05
9.816194035482843e+02 2.216520838692328e-05
9.818261908673381e+02 2.217013027761062e-05
9.820329781863919e+02 2.217505131588372e-05
9.822397655054456e+02 2.217997153606157e-05
9.824465528244995e+02 2.218489075396398e-05
9.826533401435532e+02 2.218980908945686e-05
9.828601274626069e+02 2.219472645587260e-05
9.830669147816608e+02 2.219964304489321e-05
9.832737021007146e+02 2.220455831482079e-05
9.834804894197684e+02 2.220947312595900e-05
9.836872767388220e+02 2.221438624383196e-05
9.838940640578759e+02 2.221929909673628e-05
9.841008513769297e+02 2.222421033695426e-05
9.843076386959835e+02 2.222912030681146e-05
9.845144260150372e+02 2.223402979463285e-05
9.847212133340910e+02 2.223893592922090e-05
9.849280006531449e+02 2.224384055264552e-05
9.851347879721986e+02 2.224873342355443e-05
9.853415752912523e+02 2.225385982873879e-05
9.855483626103062e+02 2.225859545529342e-05
9.857551499293600e+02 2.226348812896614e-05
9.859619372484138e+02 2.226838876095524e-05
9.861687245674674e+02 2.227328909989711e-05
9.863755118865213e+02 2.227818980092047e-05
9.865822992055751e+02 2.228309007401615e-05
9.867890865246289e+02 2.228798942688026e-05
9.869958738436826e+02 2.229288810604814e-05
9.872026611627364e+02 2.229778587265637e-05
9.874094484817903e+02 2.230268286572452e-05
9.876162358008440e+02 2.230757890931006e-05
9.878230231198977e+02 2.231247396209261e-05
9.880298104389516e+02 2.231736843164386e-05
9.882365977580054e+02 2.232226158524514e-05
9.884433850770590e+02 2.232715418891959e-05
9.886501723961128e+02 2.233204548714422e-05
9.888569597151667e+02 2.233693629127580e-05
9.890637470342205e+02 2.234182579241693e-05
9.892705343532741e+02 2.234671462805382e-05
9.894773216723280e+02 2.235160257773425e-05
9.896841089913818e+02 2.235648936789552e-05
9.898908963104357e+02 2.236137549625635e-05
9.900976836294893e+02 2.236626043433759e-05
9.903044709485431e+02 2.237114476016210e-05
9.905112582675968e+02 2.237602803488398e-05
9.907180455866505e+02 2.238090994926507e-05
9.909248329057044e+02 2.238579173319559e-05
9.911316202247581e+02 2.239067224825164e-05
9.913384075438119e+02 2.239555149969247e-05
9.915451948628657e+02 2.240043017732342e-05
9.917519821819194e+02 2.240530775313787e-05
9.919587695009732e+02 2.241018388037411e-05
9.921655568200271e+02 2.241505981480628e-05
9.923723441390808e+02 2.241993447823504e-05
9.925791314581345e+02 2.242480831419780e-05
9.927859187771883e+02 2.242968131744266e-05
9.929927060962422e+02 2.243455354116559e-05
9.931994934152959e+02 2.243942444339295e-05
9.934062807343496e+02 2.244429461958747e-05
9.936130680534035e+02 2.244916381629571e-05
9.938198553724573e+02 2.245403194839233e-05
9.940266426915109e+02 2.245889929058336e-05
9.942334300105648e+02 2.246376565929127e-05
9.944402173296186e+02 2.246863115847309e-05
9.946470046486725e+02 2.247349569222978e-05
9.948537919677260e+02 2.247835933928422e-05
9.950605792867799e+02 2.248322194364332e-05
9.952673666058337e+02 2.248808385581719e-05
9.954741539248876e+02 2.249294461146192e-05
9.956809412439412e+02 2.249780429296455e-05
9.958877285629950e+02 2.250266399486697e-05
9.960945158820489e+02 2.250752127141694e-05
9.963013032011027e+02 2.251238004345006e-05
9.965080905201563e+02 2.251723840106429e-05
9.967148778392102e+02 2.252204729310341e-05
9.969216651582640e+02 2.252693724375898e-05
9.971284524773179e+02 2.253179148511706e-05
9.973352397963714e+02 2.253664555902098e-05
9.975420271154253e+02 2.254149639454049e-05
9.977488144344791e+02 2.254634723883586e-05
9.979556017535330e+02 2.255119678597038e-05
9.981623890725866e+02 2.255604516195004e-05
9.983691763916404e+02 2.256089286079604e-05
9.985759637106943e+02 2.256573930269855e-05
9.987827510297481e+02 2.257058507319999e-05
9.989895383488017e+02 2.257542952518869e-05
9.991963256678556e+02 2.258027324929595e-05
9.994031129869094e+02 2.258511608746244e-05
9.996099003059630e+02 2.258995768238245e-05
9.998166876250168e+02 2.259479866515117e-05
1.000023474944071e+03 2.259963837858846e-05
1.000230262263124e+03 2.260447739528217e-05
1.000437049582178e+03 2.260931516677861e-05
1.000643836901232e+03 2.261415222153116e-05
1.000850624220286e+03 2.261898834742191e-05
1.001057411539340e+03 2.262382330396111e-05
1.001264198858393e+03 2.262865767349056e-05
1.001470986177447e+03 2.263349080396341e-05
1.001677773496501e+03 2.263832318492485e-05
1.001884560815555e+03 2.264315547466342e-05
1.002091348134608e+03 2.264797973868258e-05
1.002298135453662e+03 2.265281283447655e-05
1.002504922772716e+03 2.265764167616247e-05
1.002711710091770e+03 2.266246894425229e-05
1.002918497410823e+03 2.266729609619535e-05
1.003125284729877e+03 2.267212112448552e-05
1.003332072048931e+03 2.267694557439388e-05
1.003538859367985e+03 2.268176911854290e-05
1.003745646687039e+03 2.268659153538690e-05
1.003952434006092e+03 2.269141292116020e-05
1.004159221325146e+03 2.269623387331274e-05
1.004366008644200e+03 2.270105353196612e-05
1.004572795963254e+03 2.270587228106466e-05
1.004779583282307e+03 2.271069018674259e-05
1.004986370601361e+03 2.271550698460047e-05
1.005193157920415e+03 2.272032273053537e-05
1.005399945239469e+03 2.272513763596316e-05
1.005606732558523e+03 2.272995149970215e-05
1.005813519877576e+03 2.273476441962325e-05
1.006020307196630e+03 2.273957653241050e-05
1.006227094515684e+03 2.274438737632175e-05
1.006433881834738e+03 2.274919773766348e-05
1.006640669153792e+03 2.275400668080152e-05
1.006847456472845e+03 2.275881498087636e-05
1.007054243791899e+03 2.276362184132451e-05
1.007261031110953e+03 2.276842865115869e-05
1.007467818430007e+03 2.277323268045789e-05
1.007674605749060e+03 2.277803802973116e-05
1.007881393068114e+03 2.278284021455220e-05
1.008088180387168e+03 2.278764280040515e-05
1.008294967706222e+03 2.279244428432816e-05
1.008501755025275e+03 2.279724382920500e-05
1.008708542344329e+03 2.280204413150048e-05
1.008915329663383e+03 2.280684152431916e-05
1.009122116982437e+03 2.281163945028003e-05
1.009328904301491e+03 2.281643572244148e-05
1.009535691620544e+03 2.282123104559414e-05
1.009742478939598e+03 2.282602575532317e-05
1.009949266258652e+03 2.283081908476678e-05
1.010156053577706e+03 2.283561184234426e-05
1.010362840896760e+03 2.284040311571143e-05
1.010569628215813e+03 2.284519387603124e-05
1.010776415534867e+03 2.284998342570271e-05
1.010983202853921e+03 2.285477194268873e-05
1.011189990172975e+03 2.285955974405327e-05
1.011396777492028e+03 2.286434635134430e-05
1.011603564811082e+03 2.286913205380723e-05
1.011810352130136e+03 2.287391670057857e-05
1.012017139449190e+03 2.287870041309403e-05
1.012223926768244e+03 2.288348321309155e-05
1.012430714087297e+03 2.288826480162359e-05
1.012637501406351e+03 2.289304583231652e-05
1.012844288725405e+03 2.289782552769627e-05
1.013051076044459e+03 2.290260438065698e-05
1.013257863363512e+03 2.290738265805571e-05
1.013464650682566e+03 2.291215757302005e-05
1.013671438001620e+03 2.291693475398480e-05
1.013878225320674e+03 2.292170888289618e-05
1.014085012639727e+03 2.292648314551558e-05
1.014291799958781e+03 2.293125710002836e-05
1.014498587277835e+03 2.293602811070642e-05
1.014705374596889e+03 2.294079966100055e-05
1.014912161915943e+03 2.294556915202367e-05
1.015118949234996e+03 2.295033806231686e-05
1.015325736554050e+03 2.295510556298258e-05
1.015532523873104e+03 2.295987292135609e-05
1.015739311192158e+03 2.296463843994590e-05
1.015946098511212e+03 2.296940368844323e-05
1.016152885830265e+03 2.297416768694727e-05
1.016359673149319e+03 2.297893069510549e-05
1.016566460468373e+03 2.298369265630153e-05
1.016773247787427e+03 2.298845367624393e-05
1.016980035106480e+03 2.299321361086740e-05
1.017186822425534e+03 2.299797255924051e-05
1.017393609744588e+03 2.300273068499471e-05
1.017600397063642e+03 2.300748741588573e-05
1.017807184382696e+03 2.301224396760720e-05
1.018013971701749e+03 2.301699855732913e-05
1.018220759020803e+03 2.302175311323841e-05
1.018427546339857e+03 2.302650581287707e-05
1.018634333658911e+03 2.303125851954034e-05
1.018841120977964e+03 2.303600838747133e-05
1.019047908297018e+03 2.304075971852703e-05
1.019254695616072e+03 2.304550731760799e-05
1.019461482935126e+03 2.305025604165726e-05
1.019668270254179e+03 2.305500284358589e-05
1.019875057573233e+03 2.305974834610230e-05
1.020081844892287e+03 2.306449414676061e-05
1.020288632211341e+03 2.306923724670717e-05
1.020495419530395e+03 2.307398087322005e-05
1.020702206849448e+03 2.307872256304602e-05
1.020908994168502e+03 2.308346348327698e-05
1.021115781487556e+03 2.308820370954042e-05
1.021322568806610e+03 2.309294248589288e-05
1.021529356125664e+03 2.309768071042748e-05
1.021736143444717e+03 2.310241742493433e-05
1.021942930763771e+03 2.310715364242189e-05
1.022149718082825e+03 2.311188841694134e-05
1.022356505401879e+03 2.311662235022845e-05
1.022563292720933e+03 2.312135541167825e-05
1.022770080039986e+03 2.312608732814194e-05
1.022976867359040e+03 2.313081821731608e-05
1.023183654678094e+03 2.313554824541024e-05
1.023390441997148e+03 2.314027703544552e-05
1.023597229316201e+03 2.314500501836988e-05
1.023804016635255e+03 2.314973169345145e-05
1.024010803954309e+03 2.315445781578315e-05
1.024217591273363e+03 2.315918252397337e-05
1.024424378592416e+03 2.316390635099179e-05
1.024631165911470e+03 2.316862945300550e-05
1.024837953230524e+03 2.317335080953327e-05
1.025044740549578e+03 2.317807214651677e-05
1.025251527868631e+03 2.318279174074912e-05
1.025458315187685e+03 2.318751037968671e-05
1.025665102506739e+03 2.319222914424525e-05
1.025871889825793e+03 2.319694469947493e-05
1.026078677144847e+03 2.320166165405499e-05
1.026285464463900e+03 2.320637544255831e-05
1.026492251782954e+03 2.321108945891522e-05
1.026699039102008e+03 2.321580152770946e-05
1.026905826421062e+03 2.322051358058451e-05
1.027112613740115e+03 2.322522344576562e-05
1.027319401059169e+03 2.322993354615643e-05
1.027526188378223e+03 2.323464186150397e-05
1.027732975697277e+03 2.323934952981173e-05
1.027939763016331e+03 2.324405604658822e-05
1.028146550335385e+03 2.324876156234488e-05
1.028353337654438e+03 2.325346598780297e-05
1.028560124973492e+03 2.325816936667435e-05
1.028766912292546e+03 2.326287180434828e-05
1.028973699611600e+03 2.326757292466731e-05
1.029180486930653e+03 2.327227376241698e-05
1.029387274249707e+03 2.327697249336897e-05
1.029594061568761e+03 2.328167154945781e-05
1.029800848887815e+03 2.328636842365786e-05
1.030007636206868e+03 2.329106530460617e-05
1.030214423525922e+03 2.329575970366767e-05
1.030421210844976e+03 2.330045517137251e-05
1.030627998164030e+03 2.330514661192708e-05
1.030834785483084e+03 2.330983976553701e-05
1.031041572802137e+03 2.331453017214790e-05
1.031248360121191e+03 2.331922003876408e-05
1.031455147440245e+03 2.332390956168395e-05
1.031661934759299e+03 2.332859678399769e-05
1.031868722078352e+03 2.333328428333668e-05
1.032075509397406e+03 2.333796982379132e-05
1.032282296716460e+03 2.334265465853008e-05
1.032489084035514e+03 2.334733866859718e-05
1.032695871354568e+03 2.335202120519116e-05
1.032902658673621e+03 2.335670317696774e-05
1.033109445992675e+03 2.336138370251288e-05
1.033316233311729e+03 2.336606357920103e-05
1.033523020630783e+03 2.337074198401190e-05
1.033729807949837e+03 2.337541960092711e-05
