0.000000000000000e+00 0.000000000000000e+00
2.067873190537780e-01 -2.467253912032889e-08
4.135746381075561e-01 -2.002647013994429e-08
6.203619571613341e-01 -1.249949942324725e-08
8.271492762151121e-01 -1.864151931943151e-09
1.033936595268890e+00 1.184055746866756e-08
1.240723914322668e+00 2.863096313153983e-08
1.447511233376446e+00 4.853003481065247e-08
1.654298552430224e+00 7.156563876329263e-08
1.861085871484002e+00 9.777051090801316e-08
2.067873190537780e+00 1.271823869790469e-07
2.274660509591558e+00 1.598440492858397e-07
2.481447828645337e+00 1.958038249866343e-07
2.688235147699114e+00 2.351156851033142e-07
2.895022466752893e+00 2.778399324864837e-07
3.101809785806670e+00 3.240435634649554e-07
3.308597104860449e+00 3.738012049235297e-07
3.515384423914227e+00 4.271962160452709e-07
3.722171742968005e+00 4.843221692799539e-07
3.928959062021783e+00 5.452862015473691e-07
4.135746381075561e+00 6.102121348677413e-07
4.342533700129339e+00 6.792492637715096e-07
4.549321019183116e+00 7.525725261797975e-07
4.756108338236895e+00 8.302291001903545e-07
4.962895657290673e+00 1.017098427853986e-06
5.169682976344451e+00 1.016346209311547e-06
5.376470295398229e+00 9.956523672688217e-07
5.583257614452007e+00 1.164010678828774e-06
5.790044933505786e+00 1.270801396644615e-06
5.996832252559564e+00 1.378675147809302e-06
6.203619571613340e+00 1.490851968600496e-06
6.410406890667120e+00 1.623765791992946e-06
6.617194209720897e+00 1.731023733908036e-06
6.823981528774675e+00 1.860105684815262e-06
7.030768847828455e+00 1.995639704585549e-06
7.237556166882230e+00 2.137958339695550e-06
7.444343485936010e+00 2.287471910306670e-06
7.651130804989787e+00 2.444607641997056e-06
7.857918124043566e+00 2.609831884439791e-06
8.064705443097344e+00 2.783660649235571e-06
8.271492762151121e+00 2.966668928878862e-06
8.478280081204900e+00 3.159502788414953e-06
8.685067400258678e+00 3.362894695976078e-06
8.891854719312455e+00 3.577682484293957e-06
9.098642038366233e+00 3.804837461316483e-06
9.305429357420012e+00 4.045500736279858e-06
9.512216676473789e+00 4.301039714454662e-06
9.719003995527569e+00 4.573131350354614e-06
9.925791314581346e+00 4.863900973696073e-06
1.013257863363512e+01 5.176163658426624e-06
1.033936595268890e+01 5.513493130846610e-06
1.054615327174268e+01 5.882399115877680e-06
1.075294059079646e+01 6.291858859282979e-06
1.095972790985024e+01 6.759641281901862e-06
1.116651522890401e+01 7.322834071315083e-06
1.137330254795779e+01 8.204510140068621e-06
1.158008986701157e+01 1.007909530177977e-05
1.178687718606535e+01 -9.724380810341669e-07
1.199366450511913e+01 6.838209886696503e-06
1.220045182417290e+01 8.128359894522525e-06
1.240723914322668e+01 9.009196370806319e-06
1.261402646228046e+01 9.812366805326913e-06
1.282081378133424e+01 1.062206310699607e-05
1.302760110038802e+01 1.147543866738916e-05
1.323438841944179e+01 1.239698940616170e-05
1.344117573849557e+01 1.340844490809070e-05
1.364796305754935e+01 1.453300988402464e-05
1.385475037660313e+01 1.579819077837648e-05
1.406153769565691e+01 1.723862436968798e-05
1.426832501471068e+01 1.889973435414204e-05
1.447511233376446e+01 2.084310405344336e-05
1.468189965281824e+01 2.315496609176845e-05
1.488868697187202e+01 2.596038348396312e-05
1.509547429092580e+01 2.944827968886734e-05
1.530226160997957e+01 3.391856394175536e-05
1.550904892903335e+01 3.987799660419805e-05
1.571583624808713e+01 4.825628687925630e-05
1.592262356714091e+01 6.096408654304817e-05
1.612941088619469e+01 8.265161099750983e-05
1.633619820524847e+01 1.283627248268802e-04
1.654298552430224e+01 2.893424879654194e-04
1.674977284335602e+01 -1.065814906979674e-03
1.695656016240980e+01 -1.852643800775146e-04
1.716334748146358e+01 -1.003276655312047e-04
1.737013480051736e+01 -6.808504689783450e-05
1.757692211957113e+01 -5.103105237550620e-05
1.778370943862491e+01 -4.041074604379220e-05
1.799049675767869e+01 -3.311045480371939e-05
1.819728407673247e+01 -2.774360360854424e-05
1.840407139578625e+01 -2.359856885877921e-05
1.861085871484002e+01 -2.027246441715680e-05
1.881764603389380e+01 -1.751984039089152e-05
1.902443335294758e+01 -1.518246587317969e-05
1.923122067200136e+01 -1.315358336645431e-05
1.943800799105514e+01 -1.135839228676170e-05
1.964479531010891e+01 -9.742784297313120e-06
1.985158262916269e+01 -8.266506466879615e-06
2.005836994821647e+01 -6.898867016243518e-06
2.026515726727025e+01 -5.615934985975363e-06
2.047194458632403e+01 -4.398677512403778e-06
2.067873190537781e+01 -3.231688658014494e-06
2.088551922443158e+01 -2.102326104954448e-06
2.109230654348536e+01 -1.000147807359994e-06
2.129909386253914e+01 8.340453980007858e-08
2.150588118159292e+01 1.155070890062300e-06
2.171266850064670e+01 2.218833761207706e-06
2.191945581970047e+01 3.276179485503643e-06
2.212624313875425e+01 4.328937537524587e-06
2.233303045780803e+01 5.345994358579289e-06
2.253981777686181e+01 6.279355313180323e-06
2.274660509591558e+01 6.924756167376316e-06
2.295339241496936e+01 5.975443730296218e-06
2.316017973402314e+01 2.455068922274621e-05
2.336696705307692e+01 1.542013588427630e-05
2.357375437213069e+01 1.587810179382274e-05
2.378054169118447e+01 1.714101358638613e-05
2.398732901023826e+01 1.873386893767303e-05
2.419411632929203e+01 2.056186989513603e-05
2.440090364834581e+01 2.260853505831695e-05
2.460769096739959e+01 2.488548731671918e-05
2.481447828645336e+01 2.741998551894291e-05
2.502126560550714e+01 3.025204870783789e-05
2.522805292456092e+01 3.343522669931268e-05
2.543484024361470e+01 3.703957770657583e-05
2.564162756266848e+01 4.115683262834987e-05
2.584841488172226e+01 4.590846439097899e-05
2.605520220077603e+01 5.145814429085371e-05
2.626198951982981e+01 5.803138530376414e-05
2.646877683888359e+01 6.594748286559206e-05
2.667556415793737e+01 7.567372661978368e-05
2.688235147699114e+01 8.792224088052394e-05
2.708913879604492e+01 1.038343592164756e-04
2.729592611509870e+01 1.253613197684858e-04
2.750271343415248e+01 1.561374578183984e-04
2.770950075320626e+01 2.037935766225940e-04
2.791628807226003e+01 2.875346672683911e-04
2.812307539131382e+01 4.729398763641368e-04
2.832986271036759e+01 1.231137139564933e-03
2.853665002942137e+01 -2.157302452531668e-03
2.874343734847515e+01 -6.021890106558107e-04
2.895022466752892e+01 -3.549899368899779e-04
2.915701198658271e+01 -2.543959157694811e-04
2.936379930563648e+01 -1.998141592700740e-04
2.957058662469026e+01 -1.655414593360700e-04
2.977737394374404e+01 -1.420125106160252e-04
2.998416126279782e+01 -1.248535988939534e-04
3.019094858185160e+01 -1.117813657042744e-04
3.039773590090537e+01 -1.014873492198267e-04
3.060452321995915e+01 -9.316791721441906e-05
3.081131053901293e+01 -8.630226502558458e-05
3.101809785806670e+01 -8.053813286175391e-05
3.122488517712049e+01 -7.562883002172339e-05
3.143167249617427e+01 -7.139661327127990e-05
3.163845981522804e+01 -6.771041160619032e-05
3.184524713428182e+01 -6.447187011604222e-05
3.205203445333559e+01 -6.160644524785476e-05
3.225882177238937e+01 -5.905797442478966e-05
3.246560909144315e+01 -5.678621761373097e-05
3.267239641049694e+01 -5.476882765689519e-05
3.287918372955071e+01 -5.301597796487349e-05
3.308597104860448e+01 -5.165060654879026e-05
3.329275836765827e+01 -5.188065263170955e-05
3.349954568671205e+01 -4.397570962667156e-05
3.370633300576582e+01 -4.500234851516399e-05
3.391312032481960e+01 -4.415617492288327e-05
3.411990764387338e+01 -4.312008780781369e-05
3.432669496292716e+01 -4.207407305550624e-05
3.453348228198093e+01 -4.104915081999571e-05
3.474026960103471e+01 -4.006505904724181e-05
3.494705692008849e+01 -3.911995858334943e-05
3.515384423914227e+01 -3.820317012461502e-05
3.536063155819605e+01 -3.731774646796925e-05
3.556741887724982e+01 -3.645818177094416e-05
3.577420619630360e+01 -3.561951746685439e-05
3.598099351535738e+01 -3.479649497628747e-05
3.618778083441116e+01 -3.398342333680955e-05
3.639456815346493e+01 -3.317401527654699e-05
3.660135547251871e+01 -3.236113914345300e-05
3.680814279157249e+01 -3.153646518121467e-05
3.701493011062627e+01 -3.068994356232523e-05
3.722171742968005e+01 -2.980906085563724e-05
3.742850474873383e+01 -2.887769037859444e-05
3.763529206778760e+01 -2.787432916955503e-05
3.784207938684138e+01 -2.676922133535022e-05
3.804886670589516e+01 -2.551950782801175e-05
3.825565402494894e+01 -2.406056712836322e-05
3.846244134400271e+01 -2.228952413821059e-05
3.866922866305649e+01 -2.003119921400650e-05
3.887601598211027e+01 -1.696005514217425e-05
3.908280330116405e+01 -1.239310801375297e-05
3.928959062021783e+01 -4.611934857327540e-06
3.949637793927160e+01 1.229477064906944e-05
3.970316525832538e+01 8.054867247698317e-05
3.990995257737916e+01 -2.180687367098737e-04
4.011673989643294e+01 -8.274405404265590e-05
4.032352721548672e+01 -6.036176733578076e-05
4.053031453454049e+01 -5.124790753063844e-05
4.073710185359428e+01 -4.617631206335890e-05
4.094388917264806e+01 -4.290579342965071e-05
4.115067649170182e+01 -4.059298091261343e-05
4.135746381075561e+01 -3.885079998859591e-05
4.156425112980939e+01 -3.747663458795673e-05
4.177103844886317e+01 -3.635402213409162e-05
4.197782576791694e+01 -3.541114833049594e-05
4.218461308697072e+01 -3.460119174184564e-05
4.239140040602450e+01 -3.389217640317751e-05
4.259818772507828e+01 -3.326135119472700e-05
4.280497504413205e+01 -3.269186884655552e-05
4.301176236318583e+01 -3.217070676060907e-05
4.321854968223960e+01 -3.168724268191999e-05
4.342533700129339e+01 -3.123214996230677e-05
4.363212432034717e+01 -3.079633205488449e-05
4.383891163940095e+01 -3.036954395601116e-05
4.404569895845473e+01 -2.993801509878917e-05
4.425248627750850e+01 -2.947923513107318e-05
4.445927359656228e+01 -2.894782107841031e-05
4.466606091561606e+01 -2.822564742463360e-05
4.487284823466984e+01 -2.685362738422932e-05
4.507963555372361e+01 -1.919019097268891e-05
4.528642287277739e+01 -3.449428520230244e-05
4.549321019183117e+01 -3.094023658558065e-05
4.569999751088494e+01 -2.991407446026632e-05
4.590678482993872e+01 -2.934396671012839e-05
4.611357214899250e+01 -2.894072882675841e-05
4.632035946804628e+01 -2.861921943322825e-05
4.652714678710007e+01 -2.834595719336693e-05
4.673393410615384e+01 -2.810406932423076e-05
4.694072142520761e+01 -2.788457463402472e-05
4.714750874426139e+01 -2.768204540368930e-05
4.735429606331518e+01 -2.749297686322451e-05
4.756108338236895e+01 -2.731497553169055e-05
4.776787070142273e+01 -2.714633067379964e-05
4.797465802047651e+01 -2.698576954993188e-05
4.818144533953028e+01 -2.683231664927035e-05
4.838823265858406e+01 -2.668520086760371e-05
4.859501997763784e+01 -2.654380072081917e-05
4.880180729669161e+01 -2.640760366516063e-05
4.900859461574539e+01 -2.627618141313157e-05
4.921538193479918e+01 -2.614917106960491e-05
4.942216925385296e+01 -2.602626384280634e-05
4.962895657290672e+01 -2.590720154739846e-05
4.983574389196050e+01 -2.579179932623306e-05
5.004253121101429e+01 -2.568054942191736e-05
5.024931853006806e+01 -2.556996028158203e-05
5.045610584912185e+01 -2.546443086644032e-05
5.066289316817563e+01 -2.536174543279237e-05
5.086968048722940e+01 -2.526212115438888e-05
5.107646780628317e+01 -2.516621243264738e-05
5.128325512533696e+01 -2.507479838862670e-05
5.149004244439072e+01 -2.502231009960559e-05
5.169682976344451e+01 -2.485052050561241e-05
5.190361708249829e+01 -2.477624112877646e-05
5.211040440155207e+01 -2.469238505549678e-05
5.231719172060583e+01 -2.460815230869327e-05
5.252397903965962e+01 -2.452484642779792e-05
5.273076635871340e+01 -2.444276465491129e-05
5.293755367776718e+01 -2.436196504668560e-05
5.314434099682096e+01 -2.428241466349433e-05
5.335112831587474e+01 -2.420403879255935e-05
5.355791563492851e+01 -2.412673532915168e-05
5.376470295398229e+01 -2.405037759877751e-05
5.397149027303607e+01 -2.397481312440355e-05
5.417827759208985e+01 -2.389985614630124e-05
5.438506491114362e+01 -2.382527579463798e-05
5.459185223019740e+01 -2.375077850414914e-05
5.479863954925119e+01 -2.367597684581963e-05
5.500542686830495e+01 -2.360034547195000e-05
5.521221418735873e+01 -2.352314280956372e-05
5.541900150641251e+01 -2.344328395964699e-05
5.562578882546629e+01 -2.335912757974564e-05
5.583257614452007e+01 -2.326815200917389e-05
5.603936346357386e+01 -2.316686459061254e-05
5.624615078262764e+01 -2.305621564681645e-05
5.645293810168140e+01 -2.314032787462762e-05
5.665972542073518e+01 -2.185653835688830e-05
5.686651273978897e+01 -1.510786871567745e-05
5.707330005884273e+01 -2.471949373431820e-05
5.728008737789652e+01 -2.379914625129409e-05
5.748687469695030e+01 -2.349607693028515e-05
5.769366201600408e+01 -2.332671458841888e-05
5.790044933505784e+01 -2.320810316555525e-05
5.810723665411163e+01 -2.311435364862326e-05
5.831402397316541e+01 -2.303479579029310e-05
5.852081129221919e+01 -2.296423268373643e-05
5.872759861127297e+01 -2.289982780104275e-05
5.893438593032675e+01 -2.283989947311803e-05
5.914117324938052e+01 -2.278338619057541e-05
5.934796056843430e+01 -2.272958143273817e-05
5.955474788748808e+01 -2.267799715935867e-05
5.976153520654186e+01 -2.262828202611315e-05
5.996832252559563e+01 -2.258017776965676e-05
6.017510984464941e+01 -2.253348789026087e-05
6.038189716370320e+01 -2.248806095824924e-05
6.058868448275696e+01 -2.244377779481446e-05
6.079547180181074e+01 -2.240054427922285e-05
6.100225912086452e+01 -2.235828814267242e-05
6.120904643991830e+01 -2.231695912093515e-05
6.141583375897208e+01 -2.227655176926268e-05
6.162262107802587e+01 -2.223724188847654e-05
6.182940839707963e+01 -2.220693814004875e-05
6.203619571613341e+01 -2.215753303792045e-05
6.224298303518719e+01 -2.212051680868020e-05
6.244977035424098e+01 -2.208378843400818e-05
6.265655767329474e+01 -2.204759465556340e-05
6.286334499234853e+01 -2.201267842275190e-05
6.307013231140231e+01 -2.197587095591310e-05
6.327691963045609e+01 -2.194150172513182e-05
6.348370694950985e+01 -2.190745254769538e-05
6.369049426856364e+01 -2.187386691354109e-05
6.389728158761742e+01 -2.184076750713020e-05
6.410406890667119e+01 -2.180814436865820e-05
6.431085622572498e+01 -2.177598856359697e-05
6.451764354477875e+01 -2.174428766846222e-05
6.472443086383252e+01 -2.171302965725001e-05
6.493121818288630e+01 -2.168220283096024e-05
6.513800550194009e+01 -2.165179468415376e-05
6.534479282099387e+01 -2.162179341422404e-05
6.555158014004763e+01 -2.159218666589379e-05
6.575836745910142e+01 -2.156296144997704e-05
6.596515477815520e+01 -2.153410452730130e-05
6.617194209720897e+01 -2.150560008889218e-05
6.637872941626274e+01 -2.147743110115313e-05
6.658551673531653e+01 -2.144957505219602e-05
6.679230405437031e+01 -2.142200154468577e-05
6.699909137342409e+01 -2.139466987038903e-05
6.720587869247785e+01 -2.136750484680709e-05
6.741266601153164e+01 -2.134037435800370e-05
6.761945333058542e+01 -2.131298221147286e-05
6.782624064963920e+01 -2.128446589274108e-05
6.803302796869298e+01 -2.125135500467059e-05
6.823981528774675e+01 -2.111914682822608e-05
6.844660260680054e+01 -2.124223360332996e-05
6.865338992585431e+01 -2.120563427020005e-05
6.886017724490809e+01 -2.117761277925700e-05
6.906696456396186e+01 -2.115206081930741e-05
6.927375188301565e+01 -2.112754727433444e-05
6.948053920206942e+01 -2.110367879099069e-05
6.968732652112320e+01 -2.108028959788315e-05
6.989411384017698e+01 -2.105729751772171e-05
7.010090115923076e+01 -2.103465507539864e-05
7.030768847828453e+01 -2.101233268556579e-05
7.051447579733831e+01 -2.099031106768221e-05
7.072126311639209e+01 -2.096857557063794e-05
7.092805043544588e+01 -2.094711655421111e-05
7.113483775449964e+01 -2.092592578517713e-05
7.134162507355342e+01 -2.090499826952703e-05
7.154841239260720e+01 -2.088433016294847e-05
7.175519971166098e+01 -2.086392016644421e-05
7.196198703071475e+01 -2.084376971623894e-05
7.216877434976854e+01 -2.082388452952755e-05
7.237556166882231e+01 -2.080427787361628e-05
7.258234898787610e+01 -2.078497587741740e-05
7.278913630692986e+01 -2.076603357916550e-05
7.299592362598365e+01 -2.074755484254140e-05
7.320271094503742e+01 -2.072765393354798e-05
7.340949826409121e+01 -2.071746461228731e-05
7.361628558314499e+01 -2.056985997165775e-05
7.382307290219876e+01 -2.066128617285250e-05
7.402986022125253e+01 -2.064732688112072e-05
7.423664754030632e+01 -2.063082456500227e-05
7.444343485936010e+01 -2.061379440155688e-05
7.465022217841387e+01 -2.059666039843692e-05
7.485700949746766e+01 -2.057955855082996e-05
7.506379681652143e+01 -2.056255747373946e-05
7.527058413557521e+01 -2.054568694956854e-05
7.547737145462898e+01 -2.052895930254590e-05
7.568415877368277e+01 -2.051238581351681e-05
7.589094609273654e+01 -2.049597123782680e-05
7.609773341179032e+01 -2.047971942781266e-05
7.630452073084410e+01 -2.046363344193373e-05
7.651130804989788e+01 -2.044771535258972e-05
7.671809536895165e+01 -2.043196815790764e-05
7.692488268800543e+01 -2.041639508273981e-05
7.713167000705921e+01 -2.040100046631120e-05
7.733845732611299e+01 -2.038579104581449e-05
7.754524464516676e+01 -2.037077572485879e-05
7.775203196422055e+01 -2.035596923436005e-05
7.795881928327434e+01 -2.034139276157626e-05
7.816560660232810e+01 -2.032708133142812e-05
7.837239392138187e+01 -2.031309336901951e-05
7.857918124043566e+01 -2.029955188752492e-05
7.878596855948943e+01 -2.028662188534576e-05
7.899275587854321e+01 -2.027482105275208e-05
7.919954319759700e+01 -2.026551538855226e-05
7.940633051665077e+01 -2.026490994195330e-05
7.961311783570454e+01 -2.044378916837088e-05
7.981990515475832e+01 -2.017018264172783e-05
8.002669247381210e+01 -2.017737526540076e-05
8.023347979286588e+01 -2.016971299412285e-05
8.044026711191967e+01 -2.015924611719490e-05
8.064705443097344e+01 -2.014769066009820e-05
8.085384175002720e+01 -2.013566381348853e-05
8.106062906908099e+01 -2.012342314519938e-05
8.126741638813478e+01 -2.011109616895736e-05
8.147420370718855e+01 -2.009875182960736e-05
8.168099102624232e+01 -2.008643133609120e-05
8.188777834529611e+01 -2.007416111344121e-05
8.209456566434989e+01 -2.006195815128813e-05
8.230135298340365e+01 -2.004983544794027e-05
8.250814030245743e+01 -2.003780221828315e-05
8.271492762151122e+01 -2.002586691095776e-05
8.292171494056500e+01 -2.001403704664399e-05
8.312850225961877e+01 -2.000232078094133e-05
8.333528957867256e+01 -1.999072813355016e-05
8.354207689772633e+01 -1.997927228006051e-05
8.374886421678011e+01 -1.996797250393606e-05
8.395565153583388e+01 -1.995685918087465e-05
8.416243885488767e+01 -1.994598495091869e-05
8.436922617394144e+01 -1.993544821751868e-05
8.457601349299522e+01 -1.992546544239760e-05
8.478280081204900e+01 -1.991667076094102e-05
8.498958813110278e+01 -1.990255926547485e-05
8.519637545015655e+01 -1.991401030273808e-05
8.540316276921033e+01 -1.979945213444751e-05
8.560995008826410e+01 -1.984820305946489e-05
8.581673740731787e+01 -1.984465064801065e-05
8.602352472637166e+01 -1.983679749770003e-05
8.623031204542544e+01 -1.982772029171625e-05
8.643709936447921e+01 -1.981815838624156e-05
8.664388668353300e+01 -1.980838499290791e-05
8.685067400258679e+01 -1.979851724240072e-05
8.705746132164056e+01 -1.978861958429935e-05
8.726424864069433e+01 -1.977872584292094e-05
8.747103595974812e+01 -1.976885744210773e-05
8.767782327880190e+01 -1.975902773714765e-05
8.788461059785567e+01 -1.974924524831514e-05
8.809139791690946e+01 -1.973951608346795e-05
8.829818523596322e+01 -1.972984415870549e-05
8.850497255501701e+01 -1.972023211526489e-05
8.871175987407076e+01 -1.971068209427016e-05
8.891854719312455e+01 -1.970119508465707e-05
8.912533451217834e+01 -1.969177235811417e-05
8.933212183123212e+01 -1.968241399511169e-05
8.953890915028589e+01 -1.967312079527642e-05
8.974569646933968e+01 -1.966389300619874e-05
8.995248378839345e+01 -1.965473860182569e-05
9.015927110744722e+01 -1.964565134386645e-05
9.036605842650101e+01 -1.963652291275224e-05
9.057284574555479e+01 -1.962759917897602e-05
9.077963306460856e+01 -1.961869748537542e-05
9.098642038366233e+01 -1.960986058502982e-05
9.119320770271611e+01 -1.960107253731106e-05
9.139999502176988e+01 -1.959235766002828e-05
9.160678234082367e+01 -1.958369815301851e-05
9.181356965987744e+01 -1.957510250960932e-05
9.202035697893122e+01 -1.956656759457614e-05
9.222714429798501e+01 -1.955809368812133e-05
9.243393161703878e+01 -1.954967948488271e-05
9.264071893609257e+01 -1.954132538095859e-05
9.284750625514634e+01 -1.953303046981988e-05
9.305429357420013e+01 -1.952479459005361e-05
9.326108089325390e+01 -1.951661767278239e-05
9.346786821230768e+01 -1.950849905121996e-05
9.367465553136144e+01 -1.950043896608820e-05
9.388144285041523e+01 -1.949243712317446e-05
9.408823016946901e+01 -1.948449380521335e-05
9.429501748852277e+01 -1.947660940313330e-05
9.450180480757656e+01 -1.946878450548430e-05
9.470859212663035e+01 -1.946102068568493e-05
9.491537944568412e+01 -1.945331982122877e-05
9.512216676473790e+01 -1.944568544743481e-05
9.532895408379169e+01 -1.943812359926878e-05
9.553574140284546e+01 -1.943064535150807e-05
9.574252872189923e+01 -1.942327162616884e-05
9.594931604095302e+01 -1.941605006018733e-05
9.615610336000680e+01 -1.940912799666182e-05
9.636289067906057e+01 -1.940088162349913e-05
9.656967799811434e+01 -1.939848422665344e-05
9.677646531716812e+01 -1.936993962267092e-05
9.698325263622189e+01 -1.937459937338427e-05
9.719003995527568e+01 -1.936888618840577e-05
9.739682727432945e+01 -1.936231198717392e-05
9.760361459338323e+01 -1.935551135919637e-05
9.781040191243702e+01 -1.934863727289497e-05
9.801718923149079e+01 -1.934174819129758e-05
9.822397655054458e+01 -1.933486621883981e-05
9.843076386959835e+01 -1.932800643004018e-05
9.863755118865214e+01 -1.932117452365176e-05
9.884433850770591e+01 -1.931437527246997e-05
9.905112582675969e+01 -1.930761099153532e-05
9.925791314581345e+01 -1.930088334518607e-05
9.946470046486724e+01 -1.929419339136184e-05
9.967148778392101e+01 -1.928754171707822e-05
9.987827510297478e+01 -1.928092863156858e-05
1.000850624220286e+02 -1.927435449875209e-05
1.002918497410824e+02 -1.926781928208359e-05
1.004986370601361e+02 -1.926132313869350e-05
1.007054243791899e+02 -1.925486589782133e-05
1.009122116982437e+02 -1.924844795551541e-05
1.011189990172975e+02 -1.924206936521112e-05
1.013257863363513e+02 -1.923573085067298e-05
1.015325736554050e+02 -1.922943455690856e-05
1.017393609744588e+02 -1.922320118106133e-05
1.019461482935126e+02 -1.921711054073053e-05
1.021529356125663e+02 -1.921049121488315e-05
1.023597229316201e+02 -1.920446830666100e-05
1.025665102506739e+02 -1.919837338976735e-05
1.027732975697277e+02 -1.919229718704319e-05
1.029800848887814e+02 -1.918625363226375e-05
1.031868722078352e+02 -1.918024237526504e-05
1.033936595268890e+02 -1.917426453254874e-05
1.036004468459428e+02 -1.916832121735485e-05
1.038072341649966e+02 -1.916241141661311e-05
1.040140214840504e+02 -1.915653589854050e-05
1.042208088031041e+02 -1.915069384023581e-05
1.044275961221579e+02 -1.914488533178905e-05
1.046343834412117e+02 -1.913911027848730e-05
1.048411707602655e+02 -1.913336809485648e-05
1.050479580793192e+02 -1.912765894844837e-05
1.052547453983730e+02 -1.912198240241288e-05
1.054615327174268e+02 -1.911633830115480e-05
1.056683200364806e+02 -1.911072660559757e-05
1.058751073555344e+02 -1.910514699747347e-05
1.060818946745881e+02 -1.909959985227902e-05
1.062886819936419e+02 -1.909408485428621e-05
1.064954693126957e+02 -1.908860247614892e-05
1.067022566317495e+02 -1.908315343876316e-05
1.069090439508033e+02 -1.907773870701032e-05
1.071158312698570e+02 -1.907236118264731e-05
1.073226185889108e+02 -1.906702615186074e-05
1.075294059079646e+02 -1.906174860089268e-05
1.077361932270183e+02 -1.905657624055266e-05
1.079429805460721e+02 -1.905183482005103e-05
1.081497678651259e+02 -1.904343293813668e-05
1.083565551841797e+02 -1.903991385779779e-05
1.085633425032335e+02 -1.903493414614317e-05
1.087701298222872e+02 -1.902984804325807e-05
1.089769171413410e+02 -1.902474878221458e-05
1.091837044603948e+02 -1.901965909245521e-05
1.093904917794486e+02 -1.901458801846099e-05
1.095972790985024e+02 -1.900953735325087e-05
1.098040664175561e+02 -1.900451070006041e-05
1.100108537366099e+02 -1.899950753028604e-05
1.102176410556637e+02 -1.899452908331358e-05
1.104244283747175e+02 -1.898957509161551e-05
1.106312156937713e+02 -1.898464596208730e-05
1.108380030128250e+02 -1.897974148849075e-05
1.110447903318788e+02 -1.897486167169397e-05
1.112515776509326e+02 -1.897000640102537e-05
1.114583649699864e+02 -1.896517560744847e-05
1.116651522890401e+02 -1.896036917731355e-05
1.118719396080939e+02 -1.895558686285752e-05
1.120787269271477e+02 -1.895082870398651e-05
1.122855142462015e+02 -1.894609458857741e-05
1.124923015652553e+02 -1.894138431262459e-05
1.126990888843090e+02 -1.893669811649108e-05
1.129058762033628e+02 -1.893203618459784e-05
1.131126635224166e+02 -1.892740579881619e-05
1.133194508414704e+02 -1.892281789953016e-05
1.135262381605241e+02 -1.891815529668261e-05
1.137330254795779e+02 -1.891371123103878e-05
1.139398127986317e+02 -1.890897078121203e-05
1.141466001176855e+02 -1.890447581164767e-05
1.143533874367393e+02 -1.889997739620595e-05
1.145601747557930e+02 -1.889549569084956e-05
1.147669620748468e+02 -1.889103329111782e-05
1.149737493939006e+02 -1.888659180060579e-05
1.151805367129544e+02 -1.888217043164182e-05
1.153873240320082e+02 -1.887777018115835e-05
1.155941113510619e+02 -1.887339022483939e-05
1.158008986701157e+02 -1.886903085707280e-05
1.160076859891695e+02 -1.886469196100152e-05
1.162144733082233e+02 -1.886037309851445e-05
1.164212606272770e+02 -1.885607454463257e-05
1.166280479463308e+02 -1.885179585981368e-05
1.168348352653846e+02 -1.884753693105439e-05
1.170416225844384e+02 -1.884329774019279e-05
1.172484099034921e+02 -1.883907789255051e-05
1.174551972225459e+02 -1.883487763881741e-05
1.176619845415997e+02 -1.883069637158179e-05
1.178687718606535e+02 -1.882653437282217e-05
1.180755591797073e+02 -1.882239140559899e-05
1.182823464987610e+02 -1.881826715946528e-05
1.184891338178148e+02 -1.881416191398963e-05
1.186959211368686e+02 -1.881007558320759e-05
1.189027084559224e+02 -1.880600917134109e-05
1.191094957749762e+02 -1.880196421554400e-05
1.193162830940299e+02 -1.879795838862452e-05
1.195230704130837e+02 -1.879378951024885e-05
1.197298577321375e+02 -1.878987212682132e-05
1.199366450511913e+02 -1.878590221081511e-05
1.201434323702451e+02 -1.878194318921612e-05
1.203502196892988e+02 -1.877799900572297e-05
1.205570070083526e+02 -1.877407137070300e-05
1.207637943274064e+02 -1.877016033494279e-05
1.209705816464602e+02 -1.876626535239626e-05
1.211773689655139e+02 -1.876238759257269e-05
1.213841562845677e+02 -1.875852576417582e-05
1.215909436036215e+02 -1.875468064237960e-05
1.217977309226753e+02 -1.875085148101676e-05
1.220045182417290e+02 -1.874703870735759e-05
1.222113055607828e+02 -1.874324176317643e-05
1.224180928798366e+02 -1.873946074911815e-05
1.226248801988904e+02 -1.873569553775253e-05
1.228316675179442e+02 -1.873194592993815e-05
1.230384548369979e+02 -1.872821195990369e-05
1.232452421560517e+02 -1.872449325879836e-05
1.234520294751055e+02 -1.872079013955676e-05
1.236588167941593e+02 -1.871710213923100e-05
1.238656041132131e+02 -1.871342927978368e-05
1.240723914322668e+02 -1.870977167551234e-05
1.242791787513206e+02 -1.870612915368913e-05
1.244859660703744e+02 -1.870250201180938e-05
1.246927533894282e+02 -1.869889180088446e-05
1.248995407084820e+02 -1.869529705686928e-05
1.251063280275357e+02 -1.869177636256634e-05
1.253131153465895e+02 -1.868809146477255e-05
1.255199026656433e+02 -1.868455284987706e-05
1.257266899846971e+02 -1.868101461761347e-05
1.259334773037508e+02 -1.867748770604443e-05
1.261402646228046e+02 -1.867397337603351e-05
1.263470519418584e+02 -1.867047273390610e-05
1.265538392609122e+02 -1.866698492028224e-05
1.267606265799659e+02 -1.866351094292756e-05
1.269674138990197e+02 -1.866004988979472e-05
1.271742012180735e+02 -1.865660219643720e-05
1.273809885371273e+02 -1.865316764504059e-05
1.275877758561811e+02 -1.864974594701552e-05
1.277945631752348e+02 -1.864633742559725e-05
1.280013504942886e+02 -1.864294162303834e-05
1.282081378133424e+02 -1.863955859027955e-05
1.284149251323962e+02 -1.863618830482329e-05
1.286217124514500e+02 -1.863283044617043e-05
1.288284997705037e+02 -1.862948523984029e-05
1.290352870895575e+02 -1.862615218652148e-05
1.292420744086113e+02 -1.862283168516358e-05
1.294488617276650e+02 -1.861952329562297e-05
1.296556490467188e+02 -1.861622694428962e-05
1.298624363657726e+02 -1.861294273747804e-05
1.300692236848264e+02 -1.860967038955600e-05
1.302760110038802e+02 -1.860640988324601e-05
1.304827983229339e+02 -1.860316404897326e-05
1.306895856419877e+02 -1.859992364937032e-05
1.308963729610415e+02 -1.859669788419850e-05
1.311031602800953e+02 -1.859348400759882e-05
1.313099475991491e+02 -1.859028130834754e-05
1.315167349182028e+02 -1.858709006381350e-05
1.317235222372566e+02 -1.858390969875767e-05
1.319303095563104e+02 -1.858074088799129e-05
1.321370968753642e+02 -1.857758288663076e-05
1.323438841944179e+02 -1.857443572855662e-05
1.325506715134717e+02 -1.857129991132305e-05
1.327574588325255e+02 -1.856817443998924e-05
1.329642461515793e+02 -1.856506008283572e-05
1.331710334706331e+02 -1.856195605979749e-05
1.333778207896868e+02 -1.855886294714493e-05
1.335846081087406e+02 -1.855578005233656e-05
1.337913954277944e+02 -1.855270770301452e-05
1.339981827468482e+02 -1.854964573879742e-05
1.342049700659020e+02 -1.854659390471462e-05
1.344117573849557e+02 -1.854355239803929e-05
1.346185447040095e+02 -1.854052081036572e-05
1.348253320230633e+02 -1.853749956332855e-05
1.350321193421171e+02 -1.853448804171368e-05
1.352389066611708e+02 -1.853148656020559e-05
1.354456939802246e+02 -1.852849506175689e-05
1.356524812992784e+02 -1.852551317416757e-05
1.358592686183322e+02 -1.852254121802557e-05
1.360660559373860e+02 -1.851957905911676e-05
1.362728432564398e+02 -1.851662850327076e-05
1.364796305754935e+02 -1.851370198667363e-05
1.366864178945473e+02 -1.851073748299660e-05
1.368932052136011e+02 -1.850781708105137e-05
1.370999925326548e+02 -1.850490250258827e-05
1.373067798517086e+02 -1.850199651411781e-05
1.375135671707624e+02 -1.849909914743497e-05
1.377203544898162e+02 -1.849621112477722e-05
1.379271418088699e+02 -1.849333153250636e-05
1.381339291279237e+02 -1.849046136821043e-05
1.383407164469775e+02 -1.848759965118727e-05
1.385475037660313e+02 -1.848474695036897e-05
1.387542910850851e+02 -1.848190290459295e-05
1.389610784041388e+02 -1.847906740540383e-05
1.391678657231926e+02 -1.847624069462749e-05
1.393746530422464e+02 -1.847342234859067e-05
1.395814403613002e+02 -1.847061255472665e-05
1.397882276803540e+02 -1.846781122625316e-05
1.399950149994077e+02 -1.846501813596708e-05
1.402018023184615e+02 -1.846223345948891e-05
1.404085896375153e+02 -1.845945684933519e-05
1.406153769565691e+02 -1.845668864643068e-05
1.408221642756228e+02 -1.845392838553975e-05
1.410289515946766e+02 -1.845117627251677e-05
1.412357389137304e+02 -1.844843223325037e-05
1.414425262327842e+02 -1.844569605437457e-05
1.416493135518380e+02 -1.844296775284282e-05
1.418561008708918e+02 -1.844024891630267e-05
1.420628881899455e+02 -1.843753444517370e-05
1.422696755089993e+02 -1.843483038101201e-05
1.424764628280531e+02 -1.843213249346021e-05
1.426832501471068e+02 -1.842944261812787e-05
1.428900374661606e+02 -1.842676056902659e-05
1.430968247852144e+02 -1.842408581277576e-05
1.433036121042682e+02 -1.842141878630037e-05
1.435103994233220e+02 -1.841875891571147e-05
1.437171867423757e+02 -1.841610641457174e-05
1.439239740614295e+02 -1.841346148198235e-05
1.441307613804833e+02 -1.841082338875350e-05
1.443375486995371e+02 -1.840819285367850e-05
1.445443360185909e+02 -1.840556912903437e-05
1.447511233376446e+02 -1.840295282093424e-05
1.449579106566984e+02 -1.840034321956476e-05
1.451646979757522e+02 -1.839774082653628e-05
1.453714852948060e+02 -1.839514538089224e-05
1.455782726138597e+02 -1.839255665078145e-05
1.457850599329135e+02 -1.838997495224754e-05
1.459918472519673e+02 -1.838739983238134e-05
1.461986345710211e+02 -1.838483168129768e-05
1.464054218900748e+02 -1.838226995849598e-05
1.466122092091286e+02 -1.837971508840536e-05
1.468189965281824e+02 -1.837716688176953e-05
1.470257838472362e+02 -1.837462498055695e-05
1.472325711662900e+02 -1.837208991722959e-05
1.474393584853437e+02 -1.836956118197453e-05
1.476461458043975e+02 -1.836703894190525e-05
1.478529331234513e+02 -1.836452462787446e-05
1.480597204425051e+02 -1.836201227736522e-05
1.482665077615588e+02 -1.835950933707221e-05
1.484732950806126e+02 -1.835701228838820e-05
1.486800823996664e+02 -1.835452146754847e-05
1.488868697187202e+02 -1.835203649431611e-05
1.490936570377740e+02 -1.834955799692564e-05
1.493004443568277e+02 -1.834708504986765e-05
1.495072316758815e+02 -1.834461867530662e-05
1.497140189949353e+02 -1.834215785871825e-05
1.499208063139891e+02 -1.833970329911417e-05
1.501275936330429e+02 -1.833725450125696e-05
1.503343809520966e+02 -1.833481155593978e-05
1.505411682711504e+02 -1.833237451914600e-05
1.507479555902042e+02 -1.832994311389644e-05
1.509547429092580e+02 -1.832751753930287e-05
1.511615302283117e+02 -1.832509767082238e-05
1.513683175473655e+02 -1.832268336571040e-05
1.515751048664193e+02 -1.832027477080275e-05
1.517818921854731e+02 -1.831787163798176e-05
1.519886795045269e+02 -1.831547417072007e-05
1.521954668235806e+02 -1.831308203436366e-05
1.524022541426344e+02 -1.831069552143371e-05
1.526090414616882e+02 -1.830831440322175e-05
1.528158287807420e+02 -1.830593864630979e-05
1.530226160997958e+02 -1.830356820101319e-05
1.532294034188495e+02 -1.830120339047543e-05
1.534361907379033e+02 -1.829884326689339e-05
1.536429780569571e+02 -1.829648879306259e-05
1.538497653760109e+02 -1.829413940828127e-05
1.540565526950646e+02 -1.829179497087269e-05
1.542633400141184e+02 -1.828945594774791e-05
1.544701273331722e+02 -1.828712184101431e-05
1.546769146522260e+02 -1.828479290223183e-05
1.548837019712797e+02 -1.828246891200378e-05
1.550904892903335e+02 -1.828014988792072e-05
1.552972766093873e+02 -1.827783606192835e-05
1.555040639284411e+02 -1.827552679576199e-05
1.557108512474949e+02 -1.827322277575605e-05
1.559176385665487e+02 -1.827092329460510e-05
1.561244258856024e+02 -1.826862888608149e-05
1.563312132046562e+02 -1.826633895345046e-05
1.565380005237100e+02 -1.826405402660119e-05
1.567447878427637e+02 -1.826177376331502e-05
1.569515751618175e+02 -1.825949803926907e-05
1.571583624808713e+02 -1.825722721465223e-05
1.573651497999251e+02 -1.825496077623618e-05
1.575719371189789e+02 -1.825269906325528e-05
1.577787244380326e+02 -1.825044173051254e-05
1.579855117570864e+02 -1.824818906399230e-05
1.581922990761402e+02 -1.824594090950408e-05
1.583990863951940e+02 -1.824369696957402e-05
1.586058737142478e+02 -1.824145789597698e-05
1.588126610333015e+02 -1.823922286324750e-05
1.590194483523553e+02 -1.823699231855567e-05
1.592262356714091e+02 -1.823476628642134e-05
1.594330229904629e+02 -1.823254422783691e-05
1.596398103095166e+02 -1.823032672159519e-05
1.598465976285704e+02 -1.822811334736426e-05
1.600533849476242e+02 -1.822590430553053e-05
1.602601722666780e+02 -1.822369917713526e-05
1.604669595857318e+02 -1.822149856388226e-05
1.606737469047855e+02 -1.821930155463833e-05
1.608805342238393e+02 -1.821710919007144e-05
1.610873215428931e+02 -1.821492044350235e-05
1.612941088619469e+02 -1.821273611043769e-05
1.615008961810007e+02 -1.821055561369160e-05
1.617076835000544e+02 -1.820837920577509e-05
1.619144708191082e+02 -1.820620674389321e-05
1.621212581381620e+02 -1.820403817317079e-05
1.623280454572158e+02 -1.820187355553591e-05
1.625348327762696e+02 -1.819971282705975e-05
1.627416200953233e+02 -1.819755587536060e-05
1.629484074143771e+02 -1.819540286048651e-05
1.631551947334309e+02 -1.819325354382465e-05
1.633619820524846e+02 -1.819110805784958e-05
1.635687693715384e+02 -1.818896622471602e-05
1.637755566905922e+02 -1.818682823862937e-05
1.639823440096460e+02 -1.818469386141667e-05
1.641891313286998e+02 -1.818256318929034e-05
1.643959186477535e+02 -1.818043617097735e-05
1.646027059668073e+02 -1.817831286254559e-05
1.648094932858611e+02 -1.817619293578930e-05
1.650162806049149e+02 -1.817407662699500e-05
1.652230679239686e+02 -1.817196406830484e-05
1.654298552430224e+02 -1.816985475055123e-05
1.656366425620762e+02 -1.816774918132214e-05
1.658434298811300e+02 -1.816564685862689e-05
1.660502172001838e+02 -1.816354804418624e-05
1.662570045192375e+02 -1.816145269021282e-05
1.664637918382913e+02 -1.815936059922629e-05
1.666705791573451e+02 -1.815727218514947e-05
1.668773664763989e+02 -1.815518676729769e-05
1.670841537954527e+02 -1.815310506288470e-05
1.672909411145064e+02 -1.815102637720623e-05
1.674977284335602e+02 -1.814895114103135e-05
1.677045157526140e+02 -1.814687895430560e-05
1.679113030716678e+02 -1.814481019054950e-05
1.681180903907216e+02 -1.814274454630347e-05
1.683248777097753e+02 -1.814068201103295e-05
1.685316650288291e+02 -1.813862291189322e-05
1.687384523478829e+02 -1.813656670182129e-05
1.689452396669367e+02 -1.813451373272228e-05
1.691520269859904e+02 -1.813246380481592e-05
1.693588143050442e+02 -1.813041694388223e-05
1.695656016240980e+02 -1.812837320254313e-05
1.697723889431518e+02 -1.812633225823488e-05
1.699791762622056e+02 -1.812429481036675e-05
1.701859635812593e+02 -1.812225983852745e-05
1.703927509003131e+02 -1.812022817424238e-05
1.705995382193669e+02 -1.811819945200524e-05
1.708063255384207e+02 -1.811617345838828e-05
1.710131128574745e+02 -1.811415063531685e-05
1.712199001765282e+02 -1.811213054033144e-05
1.714266874955820e+02 -1.811011343580030e-05
1.716334748146357e+02 -1.810809897982508e-05
1.718402621336895e+02 -1.810608764258073e-05
1.720470494527433e+02 -1.810407862275601e-05
1.722538367717971e+02 -1.810207289233745e-05
1.724606240908509e+02 -1.810006945601355e-05
1.726674114099047e+02 -1.809806913884127e-05
1.728741987289584e+02 -1.809607135493886e-05
1.730809860480122e+02 -1.809407642613954e-05
1.732877733670660e+02 -1.809208410395472e-05
1.734945606861198e+02 -1.809009452191516e-05
1.737013480051736e+02 -1.808810753602802e-05
1.739081353242273e+02 -1.808612324177103e-05
1.741149226432811e+02 -1.808414147137339e-05
1.743217099623349e+02 -1.808216243697877e-05
1.745284972813887e+02 -1.808018584682640e-05
1.747352846004424e+02 -1.807821188522563e-05
1.749420719194962e+02 -1.807624041803574e-05
1.751488592385500e+02 -1.807427151235326e-05
1.753556465576038e+02 -1.807230503926601e-05
1.755624338766576e+02 -1.807034111024548e-05
1.757692211957113e+02 -1.806837965663892e-05
1.759760085147651e+02 -1.806642064670347e-05
1.761827958338189e+02 -1.806446401092101e-05
1.763895831528727e+02 -1.806250989450303e-05
1.765963704719264e+02 -1.806055812914788e-05
1.768031577909802e+02 -1.805860868266712e-05
1.770099451100340e+02 -1.805666179795496e-05
1.772167324290878e+02 -1.805471697821678e-05
1.774235197481415e+02 -1.805277463142302e-05
1.776303070671953e+02 -1.805083458110067e-05
1.778370943862491e+02 -1.804889665382669e-05
1.780438817053029e+02 -1.804696133230163e-05
1.782506690243567e+02 -1.804502790482460e-05
1.784574563434104e+02 -1.804309714579759e-05
1.786642436624642e+02 -1.804116834457215e-05
1.788710309815180e+02 -1.803924187768721e-05
1.790778183005718e+02 -1.803731752656389e-05
1.792846056196256e+02 -1.803539539274702e-05
1.794913929386794e+02 -1.803347535991004e-05
1.796981802577331e+02 -1.803155742877215e-05
1.799049675767869e+02 -1.802964186432835e-05
1.801117548958407e+02 -1.802772815639726e-05
1.803185422148944e+02 -1.802581671842045e-05
1.805253295339483e+02 -1.802390735554654e-05
1.807321168530020e+02 -1.802199991536337e-05
1.809389041720558e+02 -1.802009469064768e-05
1.811456914911096e+02 -1.801819123025813e-05
1.813524788101633e+02 -1.801629025219012e-05
1.815592661292171e+02 -1.801439070397448e-05
1.817660534482709e+02 -1.801249368788291e-05
1.819728407673247e+02 -1.801059840868917e-05
1.821796280863784e+02 -1.800870502289359e-05
1.823864154054322e+02 -1.800681383463232e-05
1.825932027244860e+02 -1.800492438740596e-05
1.827999900435398e+02 -1.800303696520778e-05
1.830067773625935e+02 -1.800115137606877e-05
1.832135646816473e+02 -1.799926783220879e-05
1.834203520007011e+02 -1.799738581020651e-05
1.836271393197549e+02 -1.799550605861314e-05
1.838339266388087e+02 -1.799362771114423e-05
1.840407139578624e+02 -1.799175152832931e-05
1.842475012769162e+02 -1.798987698884688e-05
1.844542885959700e+02 -1.798800437577225e-05
1.846610759150238e+02 -1.798613348153115e-05
1.848678632340776e+02 -1.798426448720555e-05
1.850746505531314e+02 -1.798239711597002e-05
1.852814378721851e+02 -1.798053163361743e-05
1.854882251912389e+02 -1.797866775441526e-05
1.856950125102927e+02 -1.797680576854183e-05
1.859017998293465e+02 -1.797494532203916e-05
1.861085871484003e+02 -1.797308671840034e-05
1.863153744674540e+02 -1.797122972790145e-05
1.865221617865078e+02 -1.796937441351975e-05
1.867289491055616e+02 -1.796752073945024e-05
1.869357364246154e+02 -1.796566874613118e-05
1.871425237436691e+02 -1.796381836290816e-05
1.873493110627229e+02 -1.796196956922477e-05
1.875560983817767e+02 -1.796012244238442e-05
1.877628857008305e+02 -1.795827688728897e-05
1.879696730198842e+02 -1.795643291380983e-05
1.881764603389380e+02 -1.795459049026915e-05
1.883832476579918e+02 -1.795274979461770e-05
1.885900349770455e+02 -1.795091034864494e-05
1.887968222960994e+02 -1.794907270812398e-05
1.890036096151531e+02 -1.794723640559473e-05
1.892103969342069e+02 -1.794540154114716e-05
1.894171842532607e+02 -1.794356841125164e-05
1.896239715723144e+02 -1.794173641963406e-05
1.898307588913682e+02 -1.793990632813640e-05
1.900375462104220e+02 -1.793807742464044e-05
1.902443335294758e+02 -1.793625011311930e-05
1.904511208485296e+02 -1.793442425130106e-05
1.906579081675834e+02 -1.793259970698288e-05
1.908646954866371e+02 -1.793077661483652e-05
1.910714828056909e+02 -1.792895484382902e-05
1.912782701247447e+02 -1.792713463486466e-05
1.914850574437985e+02 -1.792531557882281e-05
1.916918447628523e+02 -1.792349811808614e-05
1.918986320819060e+02 -1.792168197524634e-05
1.921054194009598e+02 -1.791986701179498e-05
1.923122067200136e+02 -1.791805362241691e-05
1.925189940390674e+02 -1.791624122750046e-05
1.927257813581211e+02 -1.791443055123229e-05
1.929325686771749e+02 -1.791262063969205e-05
1.931393559962287e+02 -1.791081262531643e-05
1.933461433152825e+02 -1.790900546389921e-05
1.935529306343362e+02 -1.790719970703205e-05
1.937597179533900e+02 -1.790539533850021e-05
1.939665052724438e+02 -1.790359204469320e-05
1.941732925914976e+02 -1.790179005826648e-05
1.943800799105514e+02 -1.789998935568936e-05
1.945868672296051e+02 -1.789818983468079e-05
1.947936545486589e+02 -1.789639139015519e-05
1.950004418677127e+02 -1.789459438843477e-05
1.952072291867665e+02 -1.789279822479346e-05
1.954140165058202e+02 -1.789100349528856e-05
1.956208038248740e+02 -1.788920979477621e-05
1.958275911439278e+02 -1.788741729765606e-05
1.960343784629816e+02 -1.788562594597497e-05
1.962411657820354e+02 -1.788383580640675e-05
1.964479531010892e+02 -1.788204664028786e-05
1.966547404201429e+02 -1.788025877598451e-05
1.968615277391967e+02 -1.787847182811850e-05
1.970683150582505e+02 -1.787668616174023e-05
1.972751023773043e+02 -1.787490139071943e-05
1.974818896963581e+02 -1.787311790554333e-05
1.976886770154118e+02 -1.787133533805843e-05
1.978954643344656e+02 -1.786955388666323e-05
1.981022516535194e+02 -1.786777348069494e-05
1.983090389725731e+02 -1.786599411017390e-05
1.985158262916269e+02 -1.786421572961462e-05
1.987226136106807e+02 -1.786243837911670e-05
1.989294009297345e+02 -1.786066208474963e-05
1.991361882487882e+02 -1.785888666661090e-05
1.993429755678420e+02 -1.785711237800762e-05
1.995497628868958e+02 -1.785533894681781e-05
1.997565502059496e+02 -1.785356668936220e-05
1.999633375250034e+02 -1.785179511941956e-05
2.001701248440571e+02 -1.785002485733361e-05
2.003769121631109e+02 -1.784825521249431e-05
2.005836994821647e+02 -1.784648661454487e-05
2.007904868012185e+02 -1.784471899701166e-05
2.009972741202722e+02 -1.784295203817849e-05
2.012040614393260e+02 -1.784118634937058e-05
2.014108487583798e+02 -1.783942128323965e-05
2.016176360774336e+02 -1.783765731344137e-05
2.018244233964874e+02 -1.783589424976251e-05
2.020312107155412e+02 -1.783413190519084e-05
2.022379980345949e+02 -1.783237057459068e-05
2.024447853536487e+02 -1.783060993891436e-05
2.026515726727025e+02 -1.782885027620607e-05
2.028583599917563e+02 -1.782709128569327e-05
2.030651473108100e+02 -1.782533334343424e-05
2.032719346298638e+02 -1.782357613685036e-05
2.034787219489176e+02 -1.782181966639962e-05
2.036855092679713e+02 -1.782006423554087e-05
2.038922965870251e+02 -1.781830926351915e-05
2.040990839060789e+02 -1.781655543364506e-05
2.043058712251327e+02 -1.781480195069572e-05
2.045126585441865e+02 -1.781304976841603e-05
2.047194458632403e+02 -1.781129788234383e-05
2.049262331822940e+02 -1.780954705011706e-05
2.051330205013478e+02 -1.780779694389118e-05
2.053398078204016e+02 -1.780604748328168e-05
2.055465951394554e+02 -1.780429878578275e-05
2.057533824585091e+02 -1.780255095736331e-05
2.059601697775629e+02 -1.780080363616680e-05
2.061669570966167e+02 -1.779905714504334e-05
2.063737444156705e+02 -1.779731140014070e-05
2.065805317347242e+02 -1.779556615436069e-05
2.067873190537780e+02 -1.779382177498709e-05
2.069941063728318e+02 -1.779207798637085e-05
2.072008936918856e+02 -1.779033485542543e-05
2.074076810109394e+02 -1.778859248105095e-05
2.076144683299932e+02 -1.778685074014213e-05
2.078212556490469e+02 -1.778510957955661e-05
2.080280429681007e+02 -1.778336922702218e-05
2.082348302871545e+02 -1.778162930150579e-05
2.084416176062083e+02 -1.777989019633036e-05
2.086484049252620e+02 -1.777815153222193e-05
2.088551922443158e+02 -1.777641369943982e-05
2.090619795633696e+02 -1.777467627384740e-05
2.092687668824233e+02 -1.777293960567851e-05
2.094755542014771e+02 -1.777120348178885e-05
2.096823415205309e+02 -1.776946794160398e-05
2.098891288395847e+02 -1.776773295950612e-05
2.100959161586385e+02 -1.776599861151399e-05
2.103027034776923e+02 -1.776426477202168e-05
2.105094907967460e+02 -1.776253142808481e-05
2.107162781157998e+02 -1.776079878923087e-05
2.109230654348536e+02 -1.775906647565502e-05
2.111298527539074e+02 -1.775733495165187e-05
2.113366400729611e+02 -1.775560370326988e-05
2.115434273920149e+02 -1.775387333080451e-05
2.117502147110687e+02 -1.775214312325683e-05
2.119570020301225e+02 -1.775041368204769e-05
2.121637893491763e+02 -1.774868462156655e-05
2.123705766682301e+02 -1.774695593499340e-05
2.125773639872838e+02 -1.774522796993857e-05
2.127841513063376e+02 -1.774350022606582e-05
2.129909386253914e+02 -1.774177320776779e-05
2.131977259444452e+02 -1.774004661807406e-05
2.134045132634990e+02 -1.773832041528861e-05
2.136113005825528e+02 -1.773659485467556e-05
2.138180879016065e+02 -1.773486953288729e-05
2.140248752206603e+02 -1.773314477151952e-05
2.142316625397141e+02 -1.773142033658616e-05
2.144384498587678e+02 -1.772969645468187e-05
2.146452371778216e+02 -1.772797291840120e-05
2.148520244968753e+02 -1.772624981275333e-05
2.150588118159291e+02 -1.772452727184546e-05
2.152655991349829e+02 -1.772280486684218e-05
2.154723864540367e+02 -1.772108315289415e-05
2.156791737730905e+02 -1.771936150840980e-05
2.158859610921443e+02 -1.771764061928617e-05
2.160927484111980e+02 -1.771591974190545e-05
2.162995357302518e+02 -1.771419956277053e-05
2.165063230493056e+02 -1.771247963353850e-05
2.167131103683594e+02 -1.771076006085669e-05
2.169198976874131e+02 -1.770904084208635e-05
2.171266850064669e+02 -1.770732214134809e-05
2.173334723255207e+02 -1.770560347192030e-05
2.175402596445745e+02 -1.770388544646435e-05
2.177470469636283e+02 -1.770216760507963e-05
2.179538342826821e+02 -1.770045004867540e-05
2.181606216017358e+02 -1.769873292593831e-05
2.183674089207896e+02 -1.769701605303528e-05
2.185741962398434e+02 -1.769529946230767e-05
2.187809835588972e+02 -1.769358331379872e-05
2.189877708779510e+02 -1.769186735781302e-05
2.191945581970048e+02 -1.769015174115120e-05
2.194013455160585e+02 -1.768843649227283e-05
2.196081328351123e+02 -1.768672135489133e-05
2.198149201541661e+02 -1.768500667025191e-05
2.200217074732198e+02 -1.768329209847738e-05
2.202284947922736e+02 -1.768157796256179e-05
2.204352821113274e+02 -1.767986390763569e-05
2.206420694303812e+02 -1.767815031725347e-05
2.208488567494349e+02 -1.767643685743637e-05
2.210556440684887e+02 -1.767472368705148e-05
2.212624313875425e+02 -1.767301076086182e-05
2.214692187065963e+02 -1.767129813573371e-05
2.216760060256501e+02 -1.766958560726188e-05
2.218827933447039e+02 -1.766787340465469e-05
2.220895806637576e+02 -1.766616142533773e-05
2.222963679828114e+02 -1.766444948847335e-05
2.225031553018651e+02 -1.766273799543386e-05
2.227099426209189e+02 -1.766102646722257e-05
2.229167299399727e+02 -1.765931542354889e-05
2.231235172590265e+02 -1.765760431011234e-05
2.233303045780803e+02 -1.765589366705075e-05
2.235370918971341e+02 -1.765418301701100e-05
2.237438792161878e+02 -1.765247255052038e-05
2.239506665352416e+02 -1.765076235202735e-05
2.241574538542954e+02 -1.764905210888030e-05
2.243642411733492e+02 -1.764734225839428e-05
2.245710284924030e+02 -1.764563244192364e-05
2.247778158114568e+02 -1.764392284094038e-05
2.249846031305105e+02 -1.764221350156084e-05
2.251913904495643e+02 -1.764050414154888e-05
2.253981777686181e+02 -1.763879503999692e-05
2.256049650876718e+02 -1.763708600051583e-05
2.258117524067256e+02 -1.763537708715285e-05
2.260185397257794e+02 -1.763366830599083e-05
2.262253270448332e+02 -1.763195964495759e-05
2.264321143638869e+02 -1.763025117901763e-05
2.266389016829407e+02 -1.762854266224253e-05
2.268456890019945e+02 -1.762683446448557e-05
2.270524763210483e+02 -1.762512613330301e-05
2.272592636401021e+02 -1.762341812042211e-05
2.274660509591559e+02 -1.762170998418621e-05
2.276728382782096e+02 -1.762000215876264e-05
2.278796255972634e+02 -1.761829430850581e-05
2.280864129163172e+02 -1.761658657111834e-05
2.282932002353709e+02 -1.761487889868802e-05
2.284999875544247e+02 -1.761317143194929e-05
2.287067748734785e+02 -1.761146371035008e-05
2.289135621925323e+02 -1.760975642064135e-05
2.291203495115861e+02 -1.760804891303049e-05
2.293271368306399e+02 -1.760634151180087e-05
2.295339241496936e+02 -1.760463423551243e-05
2.297407114687474e+02 -1.760292690664438e-05
2.299474987878012e+02 -1.760121963675418e-05
2.301542861068550e+02 -1.759951250186783e-05
2.303610734259088e+02 -1.759780528739738e-05
2.305678607449626e+02 -1.759609820801223e-05
2.307746480640163e+02 -1.759439114378323e-05
2.309814353830701e+02 -1.759268399988909e-05
2.311882227021238e+02 -1.759097700120704e-05
2.313950100211776e+02 -1.758926986706036e-05
2.316017973402314e+02 -1.758756284745435e-05
2.318085846592852e+02 -1.758585571395695e-05
2.320153719783389e+02 -1.758414874425340e-05
2.322221592973927e+02 -1.758244162003173e-05
2.324289466164465e+02 -1.758073457587310e-05
2.326357339355003e+02 -1.757902752395233e-05
2.328425212545541e+02 -1.757732046774973e-05
2.330493085736079e+02 -1.757561328338652e-05
2.332560958926616e+02 -1.757390628158634e-05
2.334628832117154e+02 -1.757219905614244e-05
2.336696705307692e+02 -1.757049181849397e-05
2.338764578498229e+02 -1.756878463736496e-05
2.340832451688767e+02 -1.756707722346700e-05
2.342900324879305e+02 -1.756536994853788e-05
2.344968198069843e+02 -1.756366247799185e-05
2.347036071260381e+02 -1.756195514301236e-05
2.349103944450919e+02 -1.756024761558100e-05
2.351171817641456e+02 -1.755854009165117e-05
2.353239690831994e+02 -1.755683251113264e-05
2.355307564022532e+02 -1.755512471939363e-05
2.357375437213070e+02 -1.755341700158500e-05
2.359443310403608e+02 -1.755170904575832e-05
2.361511183594146e+02 -1.755000115793743e-05
2.363579056784683e+02 -1.754829316515025e-05
2.365646929975221e+02 -1.754658505215956e-05
2.367714803165758e+02 -1.754487693192195e-05
2.369782676356296e+02 -1.754316867794764e-05
2.371850549546834e+02 -1.754146023770874e-05
2.373918422737372e+02 -1.753975181946379e-05
2.375986295927910e+02 -1.753804316811390e-05
2.378054169118447e+02 -1.753633450501194e-05
2.380122042308985e+02 -1.753462562443838e-05
2.382189915499523e+02 -1.753291676361416e-05
2.384257788690061e+02 -1.753120760823611e-05
2.386325661880599e+02 -1.752949847239322e-05
2.388393535071137e+02 -1.752778909556226e-05
2.390461408261674e+02 -1.752607968344878e-05
2.392529281452212e+02 -1.752437011202515e-05
2.394597154642750e+02 -1.752266040829104e-05
2.396665027833288e+02 -1.752095058671390e-05
2.398732901023825e+02 -1.751924069721901e-05
2.400800774214363e+02 -1.751753040856585e-05
2.402868647404901e+02 -1.751582030317879e-05
2.404936520595439e+02 -1.751410973818431e-05
2.407004393785977e+02 -1.751239909067886e-05
2.409072266976515e+02 -1.751068837074072e-05
2.411140140167052e+02 -1.750897730485715e-05
2.413208013357590e+02 -1.750726619074740e-05
2.415275886548128e+02 -1.750555489653563e-05
2.417343759738665e+02 -1.750384339960340e-05
2.419411632929203e+02 -1.750213180039285e-05
2.421479506119741e+02 -1.750042000170440e-05
2.423547379310278e+02 -1.749870797779537e-05
2.425615252500816e+02 -1.749699585075471e-05
2.427683125691354e+02 -1.749528339588792e-05
2.429750998881892e+02 -1.749357082871795e-05
2.431818872072430e+02 -1.749185799631433e-05
2.433886745262967e+02 -1.749014503952883e-05
2.435954618453505e+02 -1.748843177896152e-05
2.438022491644043e+02 -1.748671840023476e-05
2.440090364834581e+02 -1.748500481008413e-05
2.442158238025119e+02 -1.748329095149333e-05
2.444226111215657e+02 -1.748157688932266e-05
2.446293984406194e+02 -1.747986276412471e-05
2.448361857596732e+02 -1.747814814966590e-05
2.450429730787270e+02 -1.747643354337241e-05
2.452497603977808e+02 -1.747471859329763e-05
2.454565477168345e+02 -1.747300334496105e-05
2.456633350358883e+02 -1.747128793510306e-05
2.458701223549421e+02 -1.746957222328584e-05
2.460769096739959e+02 -1.746785632865610e-05
2.462836969930497e+02 -1.746614016808831e-05
2.464904843121035e+02 -1.746442381043413e-05
2.466972716311572e+02 -1.746270720029852e-05
2.469040589502110e+02 -1.746099027117743e-05
2.471108462692648e+02 -1.745927313627350e-05
2.473176335883185e+02 -1.745755562454894e-05
2.475244209073723e+02 -1.745583796877158e-05
2.477312082264261e+02 -1.745411993960686e-05
2.479379955454799e+02 -1.745240173798894e-05
2.481447828645336e+02 -1.745068327001044e-05
2.483515701835874e+02 -1.744896453981652e-05
2.485583575026412e+02 -1.744724543611813e-05
2.487651448216950e+02 -1.744552625377280e-05
2.489719321407487e+02 -1.744380651557171e-05
2.491787194598026e+02 -1.744208670912653e-05
2.493855067788563e+02 -1.744036645749458e-05
2.495922940979101e+02 -1.743864602977005e-05
2.497990814169639e+02 -1.743692516055650e-05
2.500058687360177e+02 -1.743520413221696e-05
2.502126560550714e+02 -1.743348269029129e-05
2.504194433741252e+02 -1.743176099961778e-05
2.506262306931790e+02 -1.743003903809738e-05
2.508330180122328e+02 -1.742831672322009e-05
2.510398053312865e+02 -1.742659417855450e-05
2.512465926503403e+02 -1.742487133701570e-05
2.514533799693941e+02 -1.742314802727414e-05
2.516601672884479e+02 -1.742142465686377e-05
2.518669546075017e+02 -1.741970069860542e-05
2.520737419265554e+02 -1.741797647208095e-05
2.522805292456092e+02 -1.741625205115324e-05
2.524873165646630e+02 -1.741452701163252e-05
2.526941038837168e+02 -1.741280188433826e-05
2.529008912027705e+02 -1.741107627884651e-05
2.531076785218243e+02 -1.740935042293260e-05
2.533144658408781e+02 -1.740762420518420e-05
2.535212531599319e+02 -1.740589770898218e-05
2.537280404789856e+02 -1.740417081850095e-05
2.539348277980394e+02 -1.740244365928443e-05
2.541416151170932e+02 -1.740071602108946e-05
2.543484024361470e+02 -1.739898812885727e-05
2.545551897552008e+02 -1.739725980031424e-05
2.547619770742546e+02 -1.739553114340352e-05
2.549687643933083e+02 -1.739380210362174e-05
2.551755517123621e+02 -1.739207273689424e-05
2.553823390314159e+02 -1.739034301829741e-05
2.555891263504697e+02 -1.738861282680486e-05
2.557959136695235e+02 -1.738688241014703e-05
2.560027009885772e+02 -1.738515159014478e-05
2.562094883076310e+02 -1.738342025307574e-05
2.564162756266848e+02 -1.738168883716151e-05
2.566230629457385e+02 -1.737995677594196e-05
2.568298502647924e+02 -1.737822444419036e-05
2.570366375838461e+02 -1.737649168878302e-05
2.572434249028999e+02 -1.737475852615674e-05
2.574502122219537e+02 -1.737302494175868e-05
2.576569995410075e+02 -1.737129102157028e-05
2.578637868600612e+02 -1.736955670682432e-05
2.580705741791150e+02 -1.736782202170531e-05
2.582773614981688e+02 -1.736608693769983e-05
2.584841488172225e+02 -1.736435143785307e-05
2.586909361362763e+02 -1.736261551748093e-05
2.588977234553301e+02 -1.736087918623619e-05
2.591045107743839e+02 -1.735914237090739e-05
2.593112980934376e+02 -1.735740525925024e-05
2.595180854124914e+02 -1.735566766638035e-05
2.597248727315452e+02 -1.735392972532910e-05
2.599316600505990e+02 -1.735219130728304e-05
2.601384473696528e+02 -1.735045266390579e-05
2.603452346887066e+02 -1.734871327632206e-05
2.605520220077603e+02 -1.734697381457382e-05
2.607588093268141e+02 -1.734523363547988e-05
2.609655966458679e+02 -1.734349320859571e-05
2.611723839649217e+02 -1.734175218175986e-05
2.613791712839755e+02 -1.734001089236383e-05
2.615859586030292e+02 -1.733826897395425e-05
2.617927459220830e+02 -1.733652675030188e-05
2.619995332411368e+02 -1.733478406899620e-05
2.622063205601905e+02 -1.733304090675125e-05
2.624131078792444e+02 -1.733129741082311e-05
2.626198951982981e+02 -1.732955344608745e-05
2.628266825173519e+02 -1.732780896076238e-05
2.630334698364057e+02 -1.732606422341207e-05
2.632402571554595e+02 -1.732431881048002e-05
2.634470444745132e+02 -1.732257299546074e-05
2.636538317935670e+02 -1.732082687927969e-05
2.638606191126208e+02 -1.731907993931963e-05
2.640674064316746e+02 -1.731733288620671e-05
2.642741937507283e+02 -1.731558511548687e-05
2.644809810697821e+02 -1.731383703862648e-05
2.646877683888359e+02 -1.731208839039989e-05
2.648945557078897e+02 -1.731033943899320e-05
2.651013430269434e+02 -1.730858989299612e-05
2.653081303459972e+02 -1.730684000914700e-05
2.655149176650510e+02 -1.730508951507422e-05
2.657217049841048e+02 -1.730333867926252e-05
2.659284923031586e+02 -1.730158721672829e-05
2.661352796222124e+02 -1.729983534672668e-05
2.663420669412661e+02 -1.729808298573098e-05
2.665488542603199e+02 -1.729633012622410e-05
2.667556415793737e+02 -1.729457683240373e-05
2.669624288984275e+02 -1.729282292298337e-05
2.671692162174812e+02 -1.729106874005173e-05
2.673760035365350e+02 -1.728931383291778e-05
2.675827908555888e+02 -1.728755853015031e-05
2.677895781746425e+02 -1.728580288018705e-05
2.679963654936964e+02 -1.728404647917681e-05
2.682031528127501e+02 -1.728228982650222e-05
2.684099401318039e+02 -1.728053253447390e-05
2.686167274508577e+02 -1.727877476329434e-05
2.688235147699114e+02 -1.727701642430620e-05
2.690303020889652e+02 -1.727525763399709e-05
2.692370894080190e+02 -1.727349829619960e-05
2.694438767270728e+02 -1.727173848223156e-05
2.696506640461266e+02 -1.726997820344218e-05
2.698574513651803e+02 -1.726821736601008e-05
2.700642386842341e+02 -1.726645609560609e-05
2.702710260032879e+02 -1.726469417639330e-05
2.704778133223417e+02 -1.726293179148997e-05
2.706846006413954e+02 -1.726116888049564e-05
2.708913879604492e+02 -1.725940538253462e-05
2.710981752795030e+02 -1.725764143861841e-05
2.713049625985568e+02 -1.725587694428504e-05
2.715117499176106e+02 -1.725411204211018e-05
2.717185372366644e+02 -1.725234637364309e-05
2.719253245557181e+02 -1.725058055678194e-05
2.721321118747719e+02 -1.724881380764131e-05
2.723388991938257e+02 -1.724704682441807e-05
2.725456865128795e+02 -1.724527906479957e-05
2.727524738319332e+02 -1.724351098101174e-05
2.729592611509870e+02 -1.724174206963363e-05
2.731660484700408e+02 -1.723997288861857e-05
2.733728357890946e+02 -1.723820297854118e-05
2.735796231081484e+02 -1.723643259597637e-05
2.737864104272022e+02 -1.723466172298231e-05
2.739931977462559e+02 -1.723289028438911e-05
2.741999850653096e+02 -1.723111825590848e-05
2.744067723843634e+02 -1.722934585508717e-05
2.746135597034173e+02 -1.722757267720189e-05
2.748203470224710e+02 -1.722579905252468e-05
2.750271343415248e+02 -1.722402497473909e-05
2.752339216605786e+02 -1.722224998901376e-05
2.754407089796323e+02 -1.722047482766025e-05
2.756474962986861e+02 -1.721869880199880e-05
2.758542836177399e+02 -1.721692236187990e-05
2.760610709367937e+02 -1.721514526221591e-05
2.762678582558474e+02 -1.721336777490665e-05
2.764746455749012e+02 -1.721158952653585e-05
2.766814328939550e+02 -1.720981093397004e-05
2.768882202130088e+02 -1.720803160081965e-05
2.770950075320626e+02 -1.720625186495258e-05
2.773017948511164e+02 -1.720447134054228e-05
2.775085821701701e+02 -1.720269041716741e-05
2.777153694892239e+02 -1.720090881704194e-05
2.779221568082777e+02 -1.719912664940257e-05
2.781289441273315e+02 -1.719734397517535e-05
2.783357314463852e+02 -1.719556059683709e-05
2.785425187654390e+02 -1.719377685175242e-05
2.787493060844928e+02 -1.719199219404760e-05
2.789560934035466e+02 -1.719020724763188e-05
2.791628807226004e+02 -1.718842159307914e-05
2.793696680416542e+02 -1.718663526919845e-05
2.795764553607079e+02 -1.718484860526643e-05
2.797832426797617e+02 -1.718306115804060e-05
2.799900299988154e+02 -1.718127321752208e-05
2.801968173178693e+02 -1.717948461643770e-05
2.804036046369230e+02 -1.717769543565054e-05
2.806103919559768e+02 -1.717590561625548e-05
2.808171792750306e+02 -1.717411519475050e-05
2.810239665940844e+02 -1.717232425466251e-05
2.812307539131381e+02 -1.717053264463912e-05
2.814375412321919e+02 -1.716874057533052e-05
2.816443285512457e+02 -1.716694772377021e-05
2.818511158702995e+02 -1.716515444739041e-05
2.820579031893532e+02 -1.716336039386775e-05
2.822646905084070e+02 -1.716156576973323e-05
2.824714778274608e+02 -1.715977054830897e-05
2.826782651465146e+02 -1.715797471477064e-05
2.828850524655684e+02 -1.715617830186482e-05
2.830918397846222e+02 -1.715438119632755e-05
2.832986271036759e+02 -1.715258375377568e-05
2.835054144227297e+02 -1.715078531713025e-05
2.837122017417835e+02 -1.714898665112249e-05
2.839189890608372e+02 -1.714718704801631e-05
2.841257763798910e+02 -1.714538708389415e-05
2.843325636989448e+02 -1.714358616229319e-05
2.845393510179986e+02 -1.714178499662943e-05
2.847461383370524e+02 -1.713998282878207e-05
2.849529256561062e+02 -1.713818029786012e-05
2.851597129751599e+02 -1.713637704878183e-05
2.853665002942137e+02 -1.713457322433143e-05
2.855732876132674e+02 -1.713276871496670e-05
2.857800749323213e+02 -1.713096377001086e-05
2.859868622513750e+02 -1.712915792554478e-05
2.861936495704288e+02 -1.712735167053420e-05
2.864004368894826e+02 -1.712554474200650e-05
2.866072242085364e+02 -1.712373696174469e-05
2.868140115275901e+02 -1.712192886936279e-05
2.870207988466439e+02 -1.712011987121467e-05
2.872275861656977e+02 -1.711831030736733e-05
2.874343734847515e+02 -1.711650012909475e-05
2.876411608038052e+02 -1.711468935413334e-05
2.878479481228590e+02 -1.711287777701798e-05
2.880547354419128e+02 -1.711106583095418e-05
2.882615227609666e+02 -1.710925301733648e-05
2.884683100800204e+02 -1.710743976041793e-05
2.886750973990742e+02 -1.710562562168206e-05
2.888818847181279e+02 -1.710381109252148e-05
2.890886720371817e+02 -1.710199566997534e-05
2.892954593562355e+02 -1.710017972460723e-05
2.895022466752893e+02 -1.709836314995591e-05
2.897090339943430e+02 -1.709654583720278e-05
2.899158213133968e+02 -1.709472804613216e-05
2.901226086324506e+02 -1.709290931260062e-05
2.903293959515044e+02 -1.709109026762082e-05
2.905361832705581e+02 -1.708927023734488e-05
2.907429705896119e+02 -1.708744968450777e-05
2.909497579086657e+02 -1.708562858493684e-05
2.911565452277194e+02 -1.708380664841508e-05
2.913633325467733e+02 -1.708198423863105e-05
2.915701198658271e+02 -1.708016107763305e-05
2.917769071848808e+02 -1.707833726627539e-05
2.919836945039346e+02 -1.707651276273046e-05
2.921904818229884e+02 -1.707468753749663e-05
2.923972691420421e+02 -1.707286174504200e-05
2.926040564610959e+02 -1.707103517303616e-05
2.928108437801497e+02 -1.706920809533829e-05
2.930176310992035e+02 -1.706738020766426e-05
2.932244184182572e+02 -1.706555185665860e-05
2.934312057373110e+02 -1.706372259147539e-05
2.936379930563648e+02 -1.706189281493859e-05
2.938447803754186e+02 -1.706006225931190e-05
2.940515676944724e+02 -1.705823105800122e-05
2.942583550135262e+02 -1.705639915243407e-05
2.944651423325799e+02 -1.705456661035301e-05
2.946719296516337e+02 -1.705273349214098e-05
2.948787169706875e+02 -1.705089946928153e-05
2.950855042897413e+02 -1.704906512768786e-05
2.952922916087950e+02 -1.704722976295335e-05
2.954990789278488e+02 -1.704539400740326e-05
2.957058662469026e+02 -1.704355724463997e-05
2.959126535659564e+02 -1.704172018880244e-05
2.961194408850101e+02 -1.703988196408403e-05
2.963262282040639e+02 -1.703804348438552e-05
2.965330155231177e+02 -1.703620403793123e-05
2.967398028421715e+02 -1.703436407600050e-05
2.969465901612253e+02 -1.703252331706115e-05
2.971533774802791e+02 -1.703068208787203e-05
2.973601647993328e+02 -1.702883985197231e-05
2.975669521183866e+02 -1.702699726775618e-05
2.977737394374404e+02 -1.702515375892630e-05
2.979805267564942e+02 -1.702330955446985e-05
2.981873140755479e+02 -1.702146482453178e-05
2.983941013946017e+02 -1.701961923676230e-05
2.986008887136555e+02 -1.701777293128512e-05
2.988076760327093e+02 -1.701592612704157e-05
2.990144633517630e+02 -1.701407843174254e-05
2.992212506708168e+02 -1.701223005549618e-05
2.994280379898706e+02 -1.701038118955073e-05
2.996348253089244e+02 -1.700853136815016e-05
2.998416126279782e+02 -1.700668108427547e-05
3.000483999470320e+02 -1.700482988566518e-05
3.002551872660857e+02 -1.700297824113420e-05
3.004619745851395e+02 -1.700112556190187e-05
3.006687619041933e+02 -1.699927244242836e-05
3.008755492232470e+02 -1.699741851240623e-05
3.010823365423008e+02 -1.699556386598566e-05
3.012891238613546e+02 -1.699370863853954e-05
3.014959111804084e+02 -1.699185253069129e-05
3.017026984994621e+02 -1.698999596616622e-05
3.019094858185159e+02 -1.698813834663754e-05
3.021162731375697e+02 -1.698628026527345e-05
3.023230604566235e+02 -1.698442140816528e-05
3.025298477756773e+02 -1.698256172946591e-05
3.027366350947311e+02 -1.698070158150922e-05
3.029434224137848e+02 -1.697884057141103e-05
3.031502097328386e+02 -1.697697893702189e-05
3.033569970518924e+02 -1.697511655129807e-05
3.035637843709462e+02 -1.697325338476099e-05
3.037705716899999e+02 -1.697138959423340e-05
3.039773590090537e+02 -1.696952492382329e-05
3.041841463281075e+02 -1.696765970119936e-05
3.043909336471613e+02 -1.696579367488896e-05
3.045977209662150e+02 -1.696392705402862e-05
3.048045082852688e+02 -1.696205956489487e-05
3.050112956043226e+02 -1.696019154088249e-05
3.052180829233764e+02 -1.695832261802361e-05
3.054248702424302e+02 -1.695645304804080e-05
3.056316575614840e+02 -1.695458269838218e-05
3.058384448805377e+02 -1.695271168948144e-05
3.060452321995915e+02 -1.695083993000330e-05
3.062520195186453e+02 -1.694896739912883e-05
3.064588068376991e+02 -1.694709436587732e-05
3.066655941567528e+02 -1.694522033055660e-05
3.068723814758066e+02 -1.694334585427953e-05
3.070791687948604e+02 -1.694147037923610e-05
3.072859561139142e+02 -1.693959449466806e-05
3.074927434329679e+02 -1.693771743408947e-05
3.076995307520217e+02 -1.693584012455608e-05
3.079063180710755e+02 -1.693396167165806e-05
3.081131053901292e+02 -1.693208277838348e-05
3.083198927091831e+02 -1.693020298020122e-05
3.085266800282369e+02 -1.692832268410777e-05
3.087334673472906e+02 -1.692644132853591e-05
3.089402546663444e+02 -1.692455965345695e-05
3.091470419853982e+02 -1.692267684862073e-05
3.093538293044519e+02 -1.692079351905500e-05
3.095606166235057e+02 -1.691890941835232e-05
3.097674039425595e+02 -1.691702455269266e-05
3.099741912616133e+02 -1.691513885548918e-05
3.101809785806670e+02 -1.691325274917525e-05
3.103877658997208e+02 -1.691136549230006e-05
3.105945532187746e+02 -1.690947777402261e-05
3.108013405378284e+02 -1.690758934134738e-05
3.110081278568822e+02 -1.690569994724120e-05
3.112149151759360e+02 -1.690381008417765e-05
3.114217024949897e+02 -1.690191928602736e-05
3.116284898140435e+02 -1.690002793431198e-05
3.118352771330973e+02 -1.689813555363738e-05
3.120420644521511e+02 -1.689624273976106e-05
3.122488517712048e+02 -1.689434894948631e-05
3.124556390902586e+02 -1.689245449669489e-05
3.126624264093124e+02 -1.689055937568747e-05
3.128692137283662e+02 -1.688866343360440e-05
3.130760010474199e+02 -1.688676686824907e-05
3.132827883664737e+02 -1.688486936408175e-05
3.134895756855275e+02 -1.688297130407261e-05
3.136963630045813e+02 -1.688107235042289e-05
3.139031503236351e+02 -1.687917259663270e-05
3.141099376426889e+02 -1.687727233598465e-05
3.143167249617426e+02 -1.687537109767677e-05
3.145235122807964e+02 -1.687346933159570e-05
3.147302995998502e+02 -1.687156672367119e-05
3.149370869189040e+02 -1.686966336473635e-05
3.151438742379577e+02 -1.686775930907271e-05
3.153506615570115e+02 -1.686585432116480e-05
3.155574488760653e+02 -1.686394874932634e-05
3.157642361951191e+02 -1.686204233875308e-05
3.159710235141728e+02 -1.686013519363956e-05
3.161778108332267e+02 -1.685822734014068e-05
3.163845981522804e+02 -1.685631878294160e-05
3.165913854713342e+02 -1.685440936296266e-05
3.167981727903880e+02 -1.685249928063232e-05
3.170049601094418e+02 -1.685058838490969e-05
3.172117474284955e+02 -1.684867675385088e-05
3.174185347475494e+02 -1.684676433171071e-05
3.176253220666031e+02 -1.684485118755615e-05
3.178321093856568e+02 -1.684293735915079e-05
3.180388967047106e+02 -1.684102262162681e-05
3.182456840237644e+02 -1.683910735369313e-05
3.184524713428182e+02 -1.683719112576941e-05
3.186592586618719e+02 -1.683527435807562e-05
3.188660459809257e+02 -1.683335652849293e-05
3.190728332999795e+02 -1.683143832791434e-05
3.192796206190333e+02 -1.682951895219306e-05
3.194864079380871e+02 -1.682759915827661e-05
3.196931952571409e+02 -1.682567838593326e-05
3.198999825761946e+02 -1.682375708494043e-05
3.201067698952484e+02 -1.682183473762201e-05
3.203135572143022e+02 -1.681991203850601e-05
3.205203445333560e+02 -1.681798811711237e-05
3.207271318524097e+02 -1.681606377477201e-05
3.209339191714635e+02 -1.681413846116467e-05
3.211407064905173e+02 -1.681221246132105e-05
3.213474938095711e+02 -1.681028557428007e-05
3.215542811286248e+02 -1.680835826916512e-05
3.217610684476787e+02 -1.680642970713028e-05
3.219678557667324e+02 -1.680450086429283e-05
3.221746430857862e+02 -1.680257106412385e-05
3.223814304048400e+02 -1.680064038414360e-05
3.225882177238938e+02 -1.679870922260856e-05
3.227950050429475e+02 -1.679677707652180e-05
3.230017923620014e+02 -1.679484429062781e-05
3.232085796810551e+02 -1.679291059891923e-05
3.234153670001088e+02 -1.679097634496572e-05
3.236221543191626e+02 -1.678904107575227e-05
3.238289416382164e+02 -1.678710516900414e-05
3.240357289572702e+02 -1.678516852846830e-05
3.242425162763240e+02 -1.678323106810478e-05
3.244493035953777e+02 -1.678129289978681e-05
3.246560909144315e+02 -1.677935395495088e-05
3.248628782334853e+02 -1.677741426430481e-05
3.250696655525391e+02 -1.677547373822833e-05
3.252764528715929e+02 -1.677353237610925e-05
3.254832401906467e+02 -1.677159045749923e-05
3.256900275097004e+02 -1.676964746805817e-05
3.258968148287542e+02 -1.676770405414786e-05
3.261036021478080e+02 -1.676575968434404e-05
3.263103894668617e+02 -1.676381465734319e-05
3.265171767859155e+02 -1.676186885628477e-05
3.267239641049693e+02 -1.675992214586699e-05
3.269307514240231e+02 -1.675797482867478e-05
3.271375387430768e+02 -1.675602658654510e-05
3.273443260621307e+02 -1.675407756694505e-05
3.275511133811845e+02 -1.675212795214052e-05
3.277579007002382e+02 -1.675017739473512e-05
3.279646880192920e+02 -1.674822616676941e-05
3.281714753383458e+02 -1.674627417983466e-05
3.283782626573995e+02 -1.674432139507097e-05
3.285850499764533e+02 -1.674236781370790e-05
3.287918372955071e+02 -1.674041350161270e-05
3.289986246145608e+02 -1.673845839538479e-05
3.292054119336146e+02 -1.673650253992615e-05
3.294121992526684e+02 -1.673454585013090e-05
3.296189865717222e+02 -1.673258852456490e-05
3.298257738907760e+02 -1.673063028691759e-05
3.300325612098297e+02 -1.672867141311964e-05
3.302393485288835e+02 -1.672671162031609e-05
3.304461358479373e+02 -1.672475126891253e-05
3.306529231669911e+02 -1.672278985541564e-05
3.308597104860449e+02 -1.672082795557439e-05
3.310664978050987e+02 -1.671886506648911e-05
3.312732851241524e+02 -1.671690161161337e-05
3.314800724432062e+02 -1.671493716406684e-05
3.316868597622600e+02 -1.671297229339058e-05
3.318936470813138e+02 -1.671100622724220e-05
3.321004344003675e+02 -1.670903975115554e-05
3.323072217194213e+02 -1.670707221504417e-05
3.325140090384751e+02 -1.670510401107873e-05
3.327207963575289e+02 -1.670313492828523e-05
3.329275836765827e+02 -1.670116530777803e-05
3.331343709956365e+02 -1.669919451528549e-05
3.333411583146902e+02 -1.669722346103674e-05
3.335479456337440e+02 -1.669525131902530e-05
3.337547329527978e+02 -1.669327840980453e-05
3.339615202718516e+02 -1.669130499496982e-05
3.341683075909053e+02 -1.668933051706308e-05
3.343750949099591e+02 -1.668735540376794e-05
3.345818822290128e+02 -1.668537951233375e-05
3.347886695480666e+02 -1.668340284291324e-05
3.349954568671204e+02 -1.668142530224572e-05
3.352022441861742e+02 -1.667944705289501e-05
3.354090315052280e+02 -1.667746805635126e-05
3.356158188242817e+02 -1.667548818613221e-05
3.358226061433355e+02 -1.667350763462376e-05
3.360293934623893e+02 -1.667152637455318e-05
3.362361807814431e+02 -1.666954421541918e-05
3.364429681004969e+02 -1.666756139867016e-05
3.366497554195507e+02 -1.666557763835762e-05
3.368565427386044e+02 -1.666359332066138e-05
3.370633300576582e+02 -1.666160787157928e-05
3.372701173767120e+02 -1.665962206269406e-05
3.374769046957658e+02 -1.665763518992025e-05
3.376836920148195e+02 -1.665564776141225e-05
3.378904793338733e+02 -1.665365950331156e-05
3.380972666529271e+02 -1.665167041230296e-05
3.383040539719809e+02 -1.664968069135786e-05
3.385108412910347e+02 -1.664768996670892e-05
3.387176286100885e+02 -1.664569855174922e-05
3.389244159291422e+02 -1.664370648662435e-05
3.391312032481960e+02 -1.664171334306313e-05
3.393379905672498e+02 -1.663971975153608e-05
3.395447778863036e+02 -1.663772521214737e-05
3.397515652053573e+02 -1.663572996163473e-05
3.399583525244111e+02 -1.663373389631375e-05
3.401651398434648e+02 -1.663173716589673e-05
3.403719271625186e+02 -1.662973952987068e-05
3.405787144815724e+02 -1.662774122816244e-05
3.407855018006262e+02 -1.662574207522646e-05
3.409922891196800e+02 -1.662374223083226e-05
3.411990764387338e+02 -1.662174151354645e-05
3.414058637577875e+02 -1.661974011164581e-05
3.416126510768413e+02 -1.661773788642461e-05
3.418194383958951e+02 -1.661573494781091e-05
3.420262257149490e+02 -1.661373112989263e-05
3.422330130340027e+02 -1.661172669030119e-05
3.424398003530564e+02 -1.660972132374714e-05
3.426465876721102e+02 -1.660771534814328e-05
3.428533749911640e+02 -1.660570843569842e-05
3.430601623102178e+02 -1.660370103866253e-05
3.432669496292715e+02 -1.660169253406845e-05
3.434737369483253e+02 -1.659968358168336e-05
3.436805242673790e+02 -1.659767359903628e-05
3.438873115864329e+02 -1.659566290373838e-05
3.440940989054866e+02 -1.659365140230263e-05
3.443008862245405e+02 -1.659163917638257e-05
3.445076735435942e+02 -1.658962599728675e-05
3.447144608626480e+02 -1.658761239060050e-05
3.449212481817017e+02 -1.658559775869782e-05
3.451280355007556e+02 -1.658358241482054e-05
3.453348228198093e+02 -1.658156655584047e-05
3.455416101388631e+02 -1.657954955968188e-05
3.457483974579168e+02 -1.657753203348633e-05
3.459551847769707e+02 -1.657551375551714e-05
3.461619720960244e+02 -1.657349452579388e-05
3.463687594150783e+02 -1.657147469089129e-05
3.465755467341320e+02 -1.656945396345232e-05
3.467823340531858e+02 -1.656743257382176e-05
3.469891213722395e+02 -1.656541023151947e-05
3.471959086912934e+02 -1.656338730263601e-05
3.474026960103471e+02 -1.656136360153267e-05
3.476094833294009e+02 -1.655933898443249e-05
3.478162706484547e+02 -1.655731387577265e-05
3.480230579675084e+02 -1.655528769654848e-05
3.482298452865622e+02 -1.655326104173453e-05
3.484366326056160e+02 -1.655123321767501e-05
3.486434199246698e+02 -1.654920506627157e-05
3.488502072437235e+02 -1.654717577321031e-05
3.490569945627773e+02 -1.654514599735321e-05
3.492637818818311e+02 -1.654311537587274e-05
3.494705692008849e+02 -1.654108399375391e-05
3.496773565199387e+02 -1.653905196553653e-05
3.498841438389925e+02 -1.653701893133318e-05
3.500909311580462e+02 -1.653498535057692e-05
3.502977184771000e+02 -1.653295092489132e-05
3.505045057961538e+02 -1.653091551824537e-05
3.507112931152076e+02 -1.652887974448831e-05
3.509180804342614e+02 -1.652684283831368e-05
3.511248677533151e+02 -1.652480537326878e-05
3.513316550723688e+02 -1.652276708148069e-05
3.515384423914227e+02 -1.652072813178171e-05
3.517452297104765e+02 -1.651868824993770e-05
3.519520170295303e+02 -1.651664784334467e-05
3.521588043485840e+02 -1.651460649368856e-05
3.523655916676378e+02 -1.651256450374065e-05
3.525723789866915e+02 -1.651052165483599e-05
3.527791663057454e+02 -1.650847811360783e-05
3.529859536247992e+02 -1.650643378501567e-05
3.531927409438529e+02 -1.650438868058367e-05
3.533995282629067e+02 -1.650234285562115e-05
3.536063155819604e+02 -1.650029627548013e-05
3.538131029010142e+02 -1.649824888636013e-05
3.540198902200680e+02 -1.649620084502326e-05
3.542266775391218e+02 -1.649415190415193e-05
3.544334648581755e+02 -1.649210246881363e-05
3.546402521772293e+02 -1.649005199109334e-05
3.548470394962831e+02 -1.648800106170245e-05
3.550538268153369e+02 -1.648594918405920e-05
3.552606141343907e+02 -1.648389653908445e-05
3.554674014534445e+02 -1.648184321342634e-05
3.556741887724982e+02 -1.647978897521510e-05
3.558809760915520e+02 -1.647773403740146e-05
3.560877634106058e+02 -1.647567841112920e-05
3.562945507296596e+02 -1.647362198189661e-05
3.565013380487134e+02 -1.647156478854010e-05
3.567081253677671e+02 -1.646950712547797e-05
3.569149126868209e+02 -1.646744828995484e-05
3.571217000058747e+02 -1.646538907810017e-05
3.573284873249285e+02 -1.646332902474249e-05
3.575352746439823e+02 -1.646126800101418e-05
3.577420619630360e+02 -1.645920661361946e-05
3.579488492820898e+02 -1.645714410755096e-05
3.581556366011436e+02 -1.645508113617736e-05
3.583624239201973e+02 -1.645301713053501e-05
3.585692112392512e+02 -1.645095264170336e-05
3.587759985583049e+02 -1.644888726424901e-05
3.589827858773587e+02 -1.644682108488472e-05
3.591895731964124e+02 -1.644475446871547e-05
3.593963605154663e+02 -1.644268671676058e-05
3.596031478345200e+02 -1.644061862728291e-05
3.598099351535738e+02 -1.643854934301377e-05
3.600167224726275e+02 -1.643647977291228e-05
3.602235097916814e+02 -1.643440901881462e-05
3.604302971107351e+02 -1.643233784172380e-05
3.606370844297889e+02 -1.643026582860390e-05
3.608438717488427e+02 -1.642819308535906e-05
3.610506590678965e+02 -1.642611971301238e-05
3.612574463869502e+02 -1.642404541775418e-05
3.614642337060041e+02 -1.642197066266334e-05
3.616710210250578e+02 -1.641989489088978e-05
3.618778083441116e+02 -1.641781843206130e-05
3.620845956631654e+02 -1.641574146929018e-05
3.622913829822191e+02 -1.641366334934370e-05
3.624981703012729e+02 -1.641158482662514e-05
3.627049576203267e+02 -1.640950542328416e-05
3.629117449393805e+02 -1.640742534104979e-05
3.631185322584342e+02 -1.640534443105893e-05
3.633253195774880e+02 -1.640326305694614e-05
3.635321068965418e+02 -1.640118067921510e-05
3.637388942155956e+02 -1.639909780648587e-05
3.639456815346493e+02 -1.639701406131305e-05
3.641524688537032e+02 -1.639492965549492e-05
3.643592561727569e+02 -1.639284448106172e-05
3.645660434918107e+02 -1.639075854952564e-05
3.647728308108644e+02 -1.638867198631554e-05
3.649796181299183e+02 -1.638658460215768e-05
3.651864054489720e+02 -1.638449654592453e-05
3.653931927680258e+02 -1.638240780928018e-05
3.655999800870795e+02 -1.638031820282800e-05
3.658067674061334e+02 -1.637822815388656e-05
3.660135547251871e+02 -1.637613705708113e-05
3.662203420442409e+02 -1.637404560035979e-05
3.664271293632947e+02 -1.637195323294756e-05
3.666339166823485e+02 -1.636986011825557e-05
3.668407040014022e+02 -1.636776646209536e-05
3.670474913204561e+02 -1.636567176472569e-05
3.672542786395098e+02 -1.636357658852384e-05
3.674610659585636e+02 -1.636148050077691e-05
3.676678532776174e+02 -1.635938387007924e-05
3.678746405966712e+02 -1.635728635592109e-05
3.680814279157249e+02 -1.635518848444669e-05
3.682882152347787e+02 -1.635308945280354e-05
3.684950025538325e+02 -1.635099018265779e-05
3.687017898728863e+02 -1.634888994820517e-05
3.689085771919400e+02 -1.634678889471813e-05
3.691153645109939e+02 -1.634468756841857e-05
3.693221518300476e+02 -1.634258498474159e-05
3.695289391491013e+02 -1.634048218592043e-05
3.697357264681551e+02 -1.633837828280175e-05
3.699425137872089e+02 -1.633627398466294e-05
3.701493011062627e+02 -1.633416874665453e-05
3.703560884253164e+02 -1.633206285719652e-05
3.705628757443703e+02 -1.632995648671603e-05
3.707696630634240e+02 -1.632784902595829e-05
3.709764503824778e+02 -1.632574135414517e-05
3.711832377015315e+02 -1.632363248582331e-05
3.713900250205854e+02 -1.632152341199151e-05
3.715968123396391e+02 -1.631941314431126e-05
3.718035996586929e+02 -1.631730254669541e-05
3.720103869777467e+02 -1.631519111161979e-05
3.722171742968005e+02 -1.631307896491942e-05
3.724239616158542e+02 -1.631096625405016e-05
3.726307489349081e+02 -1.630885273276621e-05
3.728375362539618e+02 -1.630673873409381e-05
3.730443235730156e+02 -1.630462372665588e-05
3.732511108920694e+02 -1.630250833167468e-05
3.734578982111232e+02 -1.630039218950831e-05
3.736646855301769e+02 -1.629827510488019e-05
3.738714728492307e+02 -1.629615768992863e-05
3.740782601682845e+02 -1.629403931910942e-05
3.742850474873383e+02 -1.629192031124281e-05
3.744918348063920e+02 -1.628980063208337e-05
3.746986221254458e+02 -1.628768041591699e-05
3.749054094444996e+02 -1.628555927637325e-05
3.751121967635534e+02 -1.628343778759496e-05
3.753189840826071e+02 -1.628131541769809e-05
3.755257714016609e+02 -1.627919246814859e-05
3.757325587207147e+02 -1.627706880211722e-05
3.759393460397685e+02 -1.627494442626984e-05
3.761461333588223e+02 -1.627281946990712e-05
3.763529206778761e+02 -1.627069370926258e-05
3.765597079969298e+02 -1.626856740462666e-05
3.767664953159835e+02 -1.626644042205082e-05
3.769732826350374e+02 -1.626431262431965e-05
3.771800699540911e+02 -1.626218447974852e-05
3.773868572731449e+02 -1.626005523193387e-05
3.775936445921987e+02 -1.625792581516517e-05
3.778004319112525e+02 -1.625579542155759e-05
3.780072192303062e+02 -1.625366444212299e-05
3.782140065493601e+02 -1.625153301187187e-05
3.784207938684138e+02 -1.624940051471034e-05
3.786275811874676e+02 -1.624726771953283e-05
3.788343685065214e+02 -1.624513391523493e-05
3.790411558255752e+02 -1.624299975032965e-05
3.792479431446289e+02 -1.624086462709005e-05
3.794547304636827e+02 -1.623872928237515e-05
3.796615177827365e+02 -1.623659283364763e-05
3.798683051017903e+02 -1.623445623860059e-05
3.800750924208440e+02 -1.623231863672457e-05
3.802818797398978e+02 -1.623018045042356e-05
3.804886670589516e+02 -1.622804192322470e-05
3.806954543780054e+02 -1.622590219311107e-05
3.809022416970591e+02 -1.622376244086955e-05
3.811090290161129e+02 -1.622162155591398e-05
3.813158163351667e+02 -1.621948036492905e-05
3.815226036542205e+02 -1.621733830819629e-05
3.817293909732743e+02 -1.621519569252975e-05
3.819361782923280e+02 -1.621305256053451e-05
3.821429656113818e+02 -1.621090847481066e-05
3.823497529304356e+02 -1.620876424404145e-05
3.825565402494894e+02 -1.620661887202313e-05
3.827633275685431e+02 -1.620447340149823e-05
3.829701148875969e+02 -1.620232676985387e-05
3.831769022066507e+02 -1.620017996064055e-05
3.833836895257045e+02 -1.619803227846319e-05
3.835904768447583e+02 -1.619588397543386e-05
3.837972641638121e+02 -1.619373519762668e-05
3.840040514828658e+02 -1.619158569273747e-05
3.842108388019196e+02 -1.618943563859599e-05
3.844176261209734e+02 -1.618728485764048e-05
3.846244134400272e+02 -1.618513372264583e-05
3.848312007590809e+02 -1.618298174380273e-05
3.850379880781347e+02 -1.618082918303024e-05
3.852447753971884e+02 -1.617867625104845e-05
3.854515627162423e+02 -1.617652236479173e-05
3.856583500352961e+02 -1.617436800746577e-05
3.858651373543498e+02 -1.617221305821370e-05
3.860719246734036e+02 -1.617005746519732e-05
3.862787119924574e+02 -1.616790117909688e-05
3.864854993115111e+02 -1.616574458848892e-05
3.866922866305649e+02 -1.616358717538769e-05
3.868990739496188e+02 -1.616142930931701e-05
3.871058612686725e+02 -1.615927083452265e-05
3.873126485877263e+02 -1.615711169288929e-05
3.875194359067800e+02 -1.615495206009672e-05
3.877262232258338e+02 -1.615279168488017e-05
3.879330105448876e+02 -1.615063088991107e-05
3.881397978639414e+02 -1.614846945511010e-05
3.883465851829951e+02 -1.614630731855747e-05
3.885533725020489e+02 -1.614414494528667e-05
3.887601598211027e+02 -1.614198143895564e-05
3.889669471401565e+02 -1.613981800508006e-05
3.891737344592103e+02 -1.613765345419278e-05
3.893805217782641e+02 -1.613548862227460e-05
3.895873090973178e+02 -1.613332333127260e-05
3.897940964163716e+02 -1.613115707816034e-05
3.900008837354254e+02 -1.612899069610325e-05
3.902076710544792e+02 -1.612682332932521e-05
3.904144583735329e+02 -1.612465569289180e-05
3.906212456925867e+02 -1.612248716814957e-05
3.908280330116405e+02 -1.612031850654278e-05
3.910348203306942e+02 -1.611814885439919e-05
3.912416076497481e+02 -1.611597911853292e-05
3.914483949688018e+02 -1.611380847086679e-05
3.916551822878556e+02 -1.611163744791703e-05
3.918619696069093e+02 -1.610946597302114e-05
3.920687569259632e+02 -1.610729355149650e-05
3.922755442450169e+02 -1.610512115718564e-05
3.924823315640708e+02 -1.610294770356796e-05
3.926891188831245e+02 -1.610077405005380e-05
3.928959062021783e+02 -1.609859970553026e-05
3.931026935212320e+02 -1.609642482178794e-05
3.933094808402859e+02 -1.609424950806125e-05
3.935162681593396e+02 -1.609207340195724e-05
3.937230554783934e+02 -1.608989717213104e-05
3.939298427974471e+02 -1.608771994521284e-05
3.941366301165010e+02 -1.608554271540558e-05
3.943434174355547e+02 -1.608336442876737e-05
3.945502047546086e+02 -1.608118615036160e-05
3.947569920736623e+02 -1.607900695994126e-05
3.949637793927161e+02 -1.607682737968827e-05
3.951705667117698e+02 -1.607464738860368e-05
3.953773540308237e+02 -1.607246674165303e-05
3.955841413498774e+02 -1.607028555881535e-05
3.957909286689312e+02 -1.606810400263531e-05
3.959977159879849e+02 -1.606592189610877e-05
3.962045033070387e+02 -1.606373918748436e-05
3.964112906260925e+02 -1.606155614917933e-05
3.966180779451462e+02 -1.605937268139281e-05
3.968248652642001e+02 -1.605718843127296e-05
3.970316525832538e+02 -1.605500396278271e-05
3.972384399023076e+02 -1.605281886232184e-05
3.974452272213613e+02 -1.605063316549861e-05
3.976520145404152e+02 -1.604844704010123e-05
3.978588018594689e+02 -1.604626054958987e-05
3.980655891785228e+02 -1.604407341313920e-05
3.982723764975765e+02 -1.604188596585495e-05
3.984791638166303e+02 -1.603969806608486e-05
3.986859511356840e+02 -1.603750955799808e-05
3.988927384547379e+02 -1.603532074337220e-05
3.990995257737916e+02 -1.603313124920222e-05
3.993063130928454e+02 -1.603094149387682e-05
3.995131004118991e+02 -1.602875116385500e-05
3.997198877309530e+02 -1.602656032405882e-05
3.999266750500067e+02 -1.602436935242827e-05
4.001334623690606e+02 -1.602217732662143e-05
4.003402496881143e+02 -1.601998560474800e-05
4.005470370071681e+02 -1.601779265809160e-05
4.007538243262218e+02 -1.601559981475201e-05
4.009606116452757e+02 -1.601340641203934e-05
4.011673989643294e+02 -1.601121228592622e-05
4.013741862833832e+02 -1.600901788319505e-05
4.015809736024370e+02 -1.600682329151943e-05
4.017877609214907e+02 -1.600462813985927e-05
4.019945482405445e+02 -1.600243233304968e-05
4.022013355595982e+02 -1.600023638846385e-05
4.024081228786521e+02 -1.599803966455506e-05
4.026149101977058e+02 -1.599584292154085e-05
4.028216975167596e+02 -1.599364547750250e-05
4.030284848358133e+02 -1.599144780230629e-05
4.032352721548672e+02 -1.598924967102225e-05
4.034420594739209e+02 -1.598705096172499e-05
4.036488467929748e+02 -1.598485220028150e-05
4.038556341120285e+02 -1.598265261611783e-05
4.040624214310823e+02 -1.598045294526522e-05
4.042692087501360e+02 -1.597825279884116e-05
4.044759960691899e+02 -1.597605213762923e-05
4.046827833882436e+02 -1.597385128119257e-05
4.048895707072975e+02 -1.597164977117668e-05
4.050963580263512e+02 -1.596944818464023e-05
4.053031453454050e+02 -1.596724584465677e-05
4.055099326644587e+02 -1.596504356305229e-05
4.057167199835125e+02 -1.596284043559780e-05
4.059235073025662e+02 -1.596063748295272e-05
4.061302946216201e+02 -1.595843365425955e-05
4.063370819406738e+02 -1.595622979428202e-05
4.065438692597276e+02 -1.595402553316763e-05
4.067506565787814e+02 -1.595182077136277e-05
4.069574438978352e+02 -1.594961564553326e-05
4.071642312168889e+02 -1.594741041357419e-05
4.073710185359427e+02 -1.594520439980763e-05
4.075778058549965e+02 -1.594299836191792e-05
4.077845931740503e+02 -1.594079189564278e-05
4.079913804931041e+02 -1.593858513735654e-05
4.081981678121578e+02 -1.593637792213555e-05
4.084049551312116e+02 -1.593417072647532e-05
4.086117424502654e+02 -1.593196285614177e-05
4.088185297693192e+02 -1.592975470684270e-05
4.090253170883730e+02 -1.592754628577301e-05
4.092321044074268e+02 -1.592533746852914e-05
4.094388917264805e+02 -1.592312829131372e-05
4.096456790455343e+02 -1.592091892765938e-05
4.098524663645881e+02 -1.591870930916428e-05
4.100592536836419e+02 -1.591649921059170e-05
4.102660410026957e+02 -1.591428908444225e-05
4.104728283217495e+02 -1.591207834525481e-05
4.106796156408032e+02 -1.590986758477742e-05
4.108864029598570e+02 -1.590765633618747e-05
4.110931902789108e+02 -1.590544485434855e-05
4.112999775979645e+02 -1.590323334097952e-05
4.115067649170182e+02 -1.590102100939720e-05
4.117135522360721e+02 -1.589880917706746e-05
4.119203395551258e+02 -1.589659616833150e-05
4.121271268741796e+02 -1.589438364373318e-05
4.123339141932334e+02 -1.589217046321411e-05
4.125407015122872e+02 -1.588995693645389e-05
4.127474888313409e+02 -1.588774362739241e-05
4.129542761503947e+02 -1.588552953506397e-05
4.131610634694485e+02 -1.588331551049874e-05
4.133678507885023e+02 -1.588110109947997e-05
4.135746381075561e+02 -1.587888653366536e-05
4.137814254266098e+02 -1.587667153506994e-05
4.139882127456636e+02 -1.587445659665292e-05
4.141950000647174e+02 -1.587224123277323e-05
4.144017873837712e+02 -1.587002577321497e-05
4.146085747028250e+02 -1.586781003803581e-05
4.148153620218788e+02 -1.586559409259788e-05
4.150221493409325e+02 -1.586337801237235e-05
4.152289366599863e+02 -1.586116152832267e-05
4.154357239790401e+02 -1.585894505502387e-05
4.156425112980939e+02 -1.585672834290647e-05
4.158492986171477e+02 -1.585451125749233e-05
4.160560859362015e+02 -1.585229428904186e-05
4.162628732552552e+02 -1.585007681052518e-05
4.164696605743090e+02 -1.584785940301842e-05
4.166764478933628e+02 -1.584564157239334e-05
4.168832352124165e+02 -1.584342385635367e-05
4.170900225314703e+02 -1.584120562876768e-05
4.172968098505241e+02 -1.583898770951678e-05
4.175035971695778e+02 -1.583676910350841e-05
4.177103844886316e+02 -1.583455086825758e-05
4.179171718076854e+02 -1.583233222803574e-05
4.181239591267391e+02 -1.583011343209069e-05
4.183307464457930e+02 -1.582789456833393e-05
4.185375337648467e+02 -1.582567572443359e-05
4.187443210839005e+02 -1.582345614556381e-05
4.189511084029543e+02 -1.582123720399934e-05
4.191578957220081e+02 -1.581901747390326e-05
4.193646830410618e+02 -1.581679789133865e-05
4.195714703601157e+02 -1.581457821862962e-05
4.197782576791694e+02 -1.581235872380119e-05
4.199850449982232e+02 -1.581013871205948e-05
4.201918323172770e+02 -1.580791894041641e-05
4.203986196363308e+02 -1.580569892785579e-05
4.206054069553845e+02 -1.580347871444772e-05
4.208121942744384e+02 -1.580125846761361e-05
4.210189815934921e+02 -1.579903815901454e-05
4.212257689125459e+02 -1.579681785156765e-05
4.214325562315997e+02 -1.579459730611382e-05
4.216393435506535e+02 -1.579237706414818e-05
4.218461308697072e+02 -1.579015634709658e-05
4.220529181887611e+02 -1.578793595508511e-05
4.222597055078148e+02 -1.578571520790392e-05
4.224664928268685e+02 -1.578349458836560e-05
4.226732801459223e+02 -1.578127406259917e-05
4.228800674649761e+02 -1.577905311346128e-05
4.230868547840298e+02 -1.577683284472750e-05
4.232936421030836e+02 -1.577461167849165e-05
4.235004294221374e+02 -1.577239132812451e-05
4.237072167411911e+02 -1.577017036365396e-05
4.239140040602450e+02 -1.576794951601048e-05
4.241207913792987e+02 -1.576572905394610e-05
4.243275786983525e+02 -1.576350798625193e-05
4.245343660174063e+02 -1.576128743353229e-05
4.247411533364601e+02 -1.575906671745250e-05
4.249479406555138e+02 -1.575684597020808e-05
4.251547279745677e+02 -1.575462528210445e-05
4.253615152936214e+02 -1.575240475497858e-05
4.255683026126752e+02 -1.575018413680931e-05
4.257750899317290e+02 -1.574796365652725e-05
4.259818772507828e+02 -1.574574323716395e-05
4.261886645698365e+02 -1.574352293792492e-05
4.263954518888904e+02 -1.574130258452598e-05
4.266022392079441e+02 -1.573908238433145e-05
4.268090265269979e+02 -1.573686229078520e-05
4.270158138460517e+02 -1.573464227553274e-05
4.272226011651055e+02 -1.573242221535029e-05
4.274293884841592e+02 -1.573020257330600e-05
4.276361758032131e+02 -1.572798267451734e-05
4.278429631222668e+02 -1.572576312546382e-05
4.280497504413206e+02 -1.572354355994774e-05
4.282565377603743e+02 -1.572132423909063e-05
4.284633250794281e+02 -1.571910485902804e-05
4.286701123984818e+02 -1.571688596190207e-05
4.288768997175357e+02 -1.571466673697556e-05
4.290836870365894e+02 -1.571244827428381e-05
4.292904743556431e+02 -1.571022949097190e-05
4.294972616746970e+02 -1.570801113367943e-05
4.297040489937507e+02 -1.570579300680075e-05
4.299108363128045e+02 -1.570357500910007e-05
4.301176236318583e+02 -1.570135680619736e-05
4.303244109509121e+02 -1.569913903486672e-05
4.305311982699658e+02 -1.569692162365190e-05
4.307379855890197e+02 -1.569470448058414e-05
4.309447729080734e+02 -1.569248725591373e-05
4.311515602271272e+02 -1.569027047747673e-05
4.313583475461810e+02 -1.568805368358202e-05
4.315651348652348e+02 -1.568583764436357e-05
4.317719221842885e+02 -1.568362145065298e-05
4.319787095033424e+02 -1.568140558604782e-05
4.321854968223961e+02 -1.567918999641183e-05
4.323922841414499e+02 -1.567697457458970e-05
4.325990714605037e+02 -1.567475950768077e-05
4.328058587795575e+02 -1.567254457499128e-05
4.330126460986112e+02 -1.567033030682640e-05
4.332194334176651e+02 -1.566811587235198e-05
4.334262207367188e+02 -1.566590221586832e-05
4.336330080557726e+02 -1.566368845132807e-05
4.338397953748263e+02 -1.566147527074061e-05
4.340465826938801e+02 -1.565926239684740e-05
4.342533700129338e+02 -1.565704963261369e-05
4.344601573319876e+02 -1.565483777738860e-05
4.346669446510414e+02 -1.565262553816316e-05
4.348737319700952e+02 -1.565041442622520e-05
4.350805192891490e+02 -1.564820299290430e-05
4.352873066082027e+02 -1.564599217611212e-05
4.354940939272565e+02 -1.564378189639827e-05
4.357008812463103e+02 -1.564157118070131e-05
4.359076685653641e+02 -1.563936055466049e-05
4.361144558844179e+02 -1.563715741352136e-05
4.363212432034717e+02 -1.563494574431307e-05
4.365280305225254e+02 -1.563273705726007e-05
4.367348178415792e+02 -1.563052900687274e-05
4.369416051606330e+02 -1.562832141591969e-05
4.371483924796868e+02 -1.562611440233528e-05
4.373551797987406e+02 -1.562390790026781e-05
4.375619671177944e+02 -1.562170190528266e-05
4.377687544368481e+02 -1.561949622458582e-05
4.379755417559019e+02 -1.561729132883131e-05
4.381823290749557e+02 -1.561508672963789e-05
4.383891163940095e+02 -1.561288271419592e-05
4.385959037130633e+02 -1.561067917531897e-05
4.388026910321171e+02 -1.560847634623973e-05
4.390094783511708e+02 -1.560627375980883e-05
4.392162656702246e+02 -1.560407192715826e-05
4.394230529892783e+02 -1.560187058860685e-05
4.396298403083321e+02 -1.559966980238702e-05
4.398366276273858e+02 -1.559746952470053e-05
4.400434149464396e+02 -1.559527009573850e-05
4.402502022654934e+02 -1.559307082054206e-05
4.404569895845472e+02 -1.559087277649441e-05
4.406637769036010e+02 -1.558867468529547e-05
4.408705642226547e+02 -1.558647779654941e-05
4.410773515417085e+02 -1.558428137823020e-05
4.412841388607623e+02 -1.558208558892045e-05
4.414909261798161e+02 -1.557989039428428e-05
4.416977134988699e+02 -1.557769665169633e-05
4.419045008179237e+02 -1.557550201002866e-05
4.421112881369774e+02 -1.557330846862934e-05
4.423180754560312e+02 -1.557111634038768e-05
4.425248627750850e+02 -1.556892448548343e-05
4.427316500941388e+02 -1.556673340935680e-05
4.429384374131926e+02 -1.556454343254338e-05
4.431452247322464e+02 -1.556235373935723e-05
4.433520120513001e+02 -1.556016516768345e-05
4.435587993703539e+02 -1.555797721571514e-05
4.437655866894077e+02 -1.555578992709053e-05
4.439723740084615e+02 -1.555360350254017e-05
4.441791613275153e+02 -1.555141773733674e-05
4.443859486465691e+02 -1.554923308481504e-05
4.445927359656228e+02 -1.554704883674038e-05
4.447995232846766e+02 -1.554486593842198e-05
4.450063106037303e+02 -1.554268340383633e-05
4.452130979227841e+02 -1.554050205349487e-05
4.454198852418378e+02 -1.553832142165604e-05
4.456266725608916e+02 -1.553614158169730e-05
4.458334598799455e+02 -1.553396303733712e-05
4.460402471989992e+02 -1.553178485599748e-05
4.462470345180530e+02 -1.552960822571321e-05
4.464538218371067e+02 -1.552743192302037e-05
4.466606091561605e+02 -1.552525685044035e-05
4.468673964752143e+02 -1.552308269352355e-05
4.470741837942682e+02 -1.552090872387833e-05
4.472809711133219e+02 -1.551873524853212e-05
4.474877584323757e+02 -1.551657116969814e-05
4.476945457514294e+02 -1.551439764402562e-05
4.479013330704832e+02 -1.551222808863361e-05
4.481081203895370e+02 -1.551005965084659e-05
4.483149077085909e+02 -1.550789240806293e-05
4.485216950276446e+02 -1.550572636176975e-05
4.487284823466984e+02 -1.550356138369957e-05
4.489352696657521e+02 -1.550139750563534e-05
4.491420569848059e+02 -1.549923462447532e-05
4.493488443038597e+02 -1.549707321943497e-05
4.495556316229136e+02 -1.549491255786545e-05
4.497624189419673e+02 -1.549275326978915e-05
4.499692062610211e+02 -1.549059515876511e-05
4.501759935800748e+02 -1.548843818689331e-05
4.503827808991286e+02 -1.548628231232740e-05
4.505895682181823e+02 -1.548412774004725e-05
4.507963555372361e+02 -1.548197436689524e-05
4.510031428562899e+02 -1.547982214093428e-05
4.512099301753436e+02 -1.547767115166335e-05
4.514167174943975e+02 -1.547552173453551e-05
4.516235048134512e+02 -1.547337304237410e-05
4.518302921325050e+02 -1.547122638394411e-05
4.520370794515587e+02 -1.546908018817813e-05
4.522438667706126e+02 -1.546693617451696e-05
4.524506540896663e+02 -1.546479293890791e-05
4.526574414087202e+02 -1.546265133856904e-05
4.528642287277739e+02 -1.546051119620794e-05
4.530710160468277e+02 -1.545837259960089e-05
4.532778033658814e+02 -1.545623515940614e-05
4.534845906849353e+02 -1.545409540694237e-05
4.536913780039890e+02 -1.545196347179291e-05
4.538981653230429e+02 -1.544982983195511e-05
4.541049526420966e+02 -1.544769844113404e-05
4.543117399611504e+02 -1.544556827210878e-05
4.545185272802041e+02 -1.544343940405117e-05
4.547253145992580e+02 -1.544131254883716e-05
4.549321019183117e+02 -1.543918692968728e-05
4.551388892373656e+02 -1.543706289523941e-05
4.553456765564193e+02 -1.543494049842752e-05
4.555524638754731e+02 -1.543281955310071e-05
4.557592511945268e+02 -1.543070043837660e-05
4.559660385135806e+02 -1.542858266921576e-05
4.561728258326343e+02 -1.542646705675405e-05
4.563796131516881e+02 -1.542435269242749e-05
4.565864004707419e+02 -1.542224042584248e-05
4.567931877897956e+02 -1.542012972560964e-05
4.569999751088495e+02 -1.541802084031206e-05
4.572067624279032e+02 -1.541591410755547e-05
4.574135497469570e+02 -1.541380898584769e-05
4.576203370660107e+02 -1.541170647340942e-05
4.578271243850646e+02 -1.540960591753152e-05
4.580339117041183e+02 -1.540750847244178e-05
4.582406990231722e+02 -1.540541495123237e-05
4.584474863422259e+02 -1.540332896916816e-05
4.586542736612797e+02 -1.540128086609496e-05
4.588610609803334e+02 -1.539900249498868e-05
4.590678482993873e+02 -1.539700602944787e-05
4.592746356184410e+02 -1.539489912458708e-05
4.594814229374949e+02 -1.539282560732262e-05
4.596882102565486e+02 -1.539074527806351e-05
4.598949975756024e+02 -1.538866478771986e-05
4.601017848946561e+02 -1.538658527105080e-05
4.603085722137100e+02 -1.538450731066026e-05
4.605153595327637e+02 -1.538243105700442e-05
4.607221468518176e+02 -1.538035695496951e-05
4.609289341708713e+02 -1.537828436739911e-05
4.611357214899251e+02 -1.537621420710221e-05
4.613425088089788e+02 -1.537414609677089e-05
4.615492961280326e+02 -1.537207991001121e-05
4.617560834470863e+02 -1.537001606266383e-05
4.619628707661402e+02 -1.536795430453665e-05
4.621696580851939e+02 -1.536589478700353e-05
4.623764454042476e+02 -1.536383740839662e-05
4.625832327233015e+02 -1.536178227206099e-05
4.627900200423552e+02 -1.535972990471169e-05
4.629968073614090e+02 -1.535767901590437e-05
4.632035946804627e+02 -1.535563160765885e-05
4.634103819995166e+02 -1.535358541315428e-05
4.636171693185703e+02 -1.535154273378991e-05
4.638239566376242e+02 -1.534950147877331e-05
4.640307439566779e+02 -1.534746353817151e-05
4.642375312757317e+02 -1.534542749891434e-05
4.644443185947854e+02 -1.534339418308440e-05
4.646511059138393e+02 -1.534136368027572e-05
4.648578932328930e+02 -1.533933592190963e-05
4.650646805519469e+02 -1.533731046940933e-05
4.652714678710006e+02 -1.533528568969599e-05
4.654782551900544e+02 -1.533326633883327e-05
4.656850425091081e+02 -1.533124840508049e-05
4.658918298281620e+02 -1.532923346298097e-05
4.660986171472157e+02 -1.532722147739349e-05
4.663054044662696e+02 -1.532521194917453e-05
4.665121917853233e+02 -1.532320541449449e-05
4.667189791043771e+02 -1.532120168940994e-05
4.669257664234308e+02 -1.531920063232477e-05
4.671325537424846e+02 -1.531720256763027e-05
4.673393410615383e+02 -1.531520718777603e-05
4.675461283805922e+02 -1.531321508508104e-05
4.677529156996459e+02 -1.531122555370036e-05
4.679597030186997e+02 -1.530923933948269e-05
4.681664903377535e+02 -1.530725591072343e-05
4.683732776568072e+02 -1.530527547919025e-05
4.685800649758610e+02 -1.530329823854835e-05
4.687868522949148e+02 -1.530132372391006e-05
4.689936396139686e+02 -1.529935253311092e-05
4.692004269330224e+02 -1.529738397759350e-05
4.694072142520762e+02 -1.529541812434623e-05
4.696140015711299e+02 -1.529345380990557e-05
4.698207888901837e+02 -1.529148717889432e-05
4.700275762092375e+02 -1.528948705985171e-05
4.702343635282913e+02 -1.528775616166563e-05
4.704411508473451e+02 -1.528580754835970e-05
4.706479381663989e+02 -1.528364059558141e-05
4.708547254854526e+02 -1.528174710534646e-05
4.710615128045064e+02 -1.527981866023533e-05
4.712683001235602e+02 -1.527788789248451e-05
4.714750874426140e+02 -1.527595888434337e-05
4.716818747616678e+02 -1.527403281371382e-05
4.718886620807216e+02 -1.527210993253539e-05
4.720954493997753e+02 -1.527019059428839e-05
4.723022367188291e+02 -1.526827439833949e-05
4.725090240378829e+02 -1.526636227742184e-05
4.727158113569366e+02 -1.526445360729413e-05
4.729225986759903e+02 -1.526254839451316e-05
4.731293859950442e+02 -1.526064724611140e-05
4.733361733140979e+02 -1.525874942293723e-05
4.735429606331517e+02 -1.525685530834653e-05
4.737497479522055e+02 -1.525496465257175e-05
4.739565352712592e+02 -1.525307735386856e-05
4.741633225903130e+02 -1.525119397316938e-05
4.743701099093668e+02 -1.524931237352261e-05
4.745768972284206e+02 -1.524743505761312e-05
4.747836845474744e+02 -1.524555758911702e-05
4.749904718665282e+02 -1.524368129002896e-05
4.751972591855819e+02 -1.524179908306961e-05
4.754040465046357e+02 -1.523990092348214e-05
4.756108338236895e+02 -1.523793467290058e-05
4.758176211427433e+02 -1.523472404174302e-05
4.760244084617971e+02 -1.523487993712734e-05
4.762311957808509e+02 -1.523283711014728e-05
4.764379830999046e+02 -1.523094570282648e-05
4.766447704189584e+02 -1.522909037388055e-05
4.768515577380122e+02 -1.522725168791447e-05
4.770583450570660e+02 -1.522542266597099e-05
4.772651323761198e+02 -1.522360248091084e-05
4.774719196951736e+02 -1.522178883371517e-05
4.776787070142273e+02 -1.521998142083019e-05
4.778854943332810e+02 -1.521818020653809e-05
4.780922816523349e+02 -1.521638466882091e-05
4.782990689713886e+02 -1.521459461910894e-05
4.785058562904424e+02 -1.521281026618012e-05
4.787126436094962e+02 -1.521103132844669e-05
4.789194309285499e+02 -1.520925819733556e-05
4.791262182476037e+02 -1.520749046245761e-05
4.793330055666575e+02 -1.520572875545929e-05
4.795397928857112e+02 -1.520397272196653e-05
4.797465802047651e+02 -1.520222257869772e-05
4.799533675238188e+02 -1.520047873411278e-05
4.801601548428726e+02 -1.519874093273247e-05
4.803669421619264e+02 -1.519701008139389e-05
4.805737294809802e+02 -1.519528630756839e-05
4.807805168000339e+02 -1.519357057646370e-05
4.809873041190878e+02 -1.519186443242995e-05
4.811940914381415e+02 -1.519017102296684e-05
4.814008787571953e+02 -1.518849906418645e-05
4.816076660762491e+02 -1.518688064729327e-05
4.818144533953029e+02 -1.518567453805040e-05
4.820212407143566e+02 -1.518285461434640e-05
4.822280280334105e+02 -1.518146531891387e-05
4.824348153524642e+02 -1.517984422274664e-05
4.826416026715180e+02 -1.517820767256016e-05
4.828483899905718e+02 -1.517656435239925e-05
4.830551773096256e+02 -1.517492198379307e-05
4.832619646286793e+02 -1.517328339015611e-05
4.834687519477330e+02 -1.517165018462908e-05
4.836755392667869e+02 -1.517002304699692e-05
4.838823265858406e+02 -1.516840331628207e-05
4.840891139048944e+02 -1.516679078239198e-05
4.842959012239482e+02 -1.516518632592577e-05
4.845026885430019e+02 -1.516359102011925e-05
4.847094758620557e+02 -1.516200462873853e-05
4.849162631811095e+02 -1.516042868172115e-05
4.851230505001632e+02 -1.515886406248929e-05
4.853298378192171e+02 -1.515731227965625e-05
4.855366251382708e+02 -1.515577651010674e-05
4.857434124573246e+02 -1.515425825547597e-05
4.859501997763784e+02 -1.515276725866426e-05
4.861569870954322e+02 -1.515130895252514e-05
4.863637744144859e+02 -1.514990789608236e-05
4.865705617335398e+02 -1.514860592863348e-05
4.867773490525935e+02 -1.514753470904394e-05
4.869841363716473e+02 -1.514725375767992e-05
4.871909236907011e+02 -1.516116941307212e-05
4.873977110097549e+02 -1.513764679781739e-05
4.876044983288086e+02 -1.513825734452428e-05
4.878112856478625e+02 -1.513738009526670e-05
4.880180729669162e+02 -1.513618758539185e-05
4.882248602859700e+02 -1.513488101538886e-05
4.884316476050238e+02 -1.513352277421310e-05
4.886384349240776e+02 -1.513214041189743e-05
4.888452222431313e+02 -1.513074499267801e-05
4.890520095621850e+02 -1.512934501356983e-05
4.892587968812389e+02 -1.512794430902870e-05
4.894655842002927e+02 -1.512654543985449e-05
4.896723715193464e+02 -1.512515019612312e-05
4.898791588384002e+02 -1.512376005536333e-05
4.900859461574539e+02 -1.512237562624456e-05
4.902927334765077e+02 -1.512099785720575e-05
4.904995207955615e+02 -1.511962709545616e-05
4.907063081146152e+02 -1.511826413188373e-05
4.909130954336691e+02 -1.511690904450968e-05
4.911198827527228e+02 -1.511556210245181e-05
4.913266700717766e+02 -1.511422398710057e-05
4.915334573908304e+02 -1.511289419171828e-05
4.917402447098842e+02 -1.511157368581807e-05
4.919470320289379e+02 -1.511026224501907e-05
4.921538193479918e+02 -1.510896004452409e-05
4.923606066670455e+02 -1.510766735755626e-05
4.925673939860993e+02 -1.510639588257945e-05
4.927741813051531e+02 -1.510511618132116e-05
4.929809686242069e+02 -1.510385558825679e-05
4.931877559432606e+02 -1.510260989496381e-05
4.933945432623145e+02 -1.510139001493355e-05
4.936013305813682e+02 -1.510042608945288e-05
4.938081179004220e+02 -1.509878654272833e-05
4.940149052194758e+02 -1.509761795523578e-05
4.942216925385295e+02 -1.509642563664959e-05
4.944284798575833e+02 -1.509523586473798e-05
4.946352671766371e+02 -1.509405300527877e-05
4.948420544956909e+02 -1.509287840593928e-05
4.950488418147447e+02 -1.509171231874077e-05
4.952556291337984e+02 -1.509055507102399e-05
4.954624164528522e+02 -1.508940569084748e-05
4.956692037719059e+02 -1.508826434992704e-05
4.958759910909597e+02 -1.508713035860739e-05
4.960827784100135e+02 -1.508600184270900e-05
4.962895657290672e+02 -1.508487796960285e-05
4.964963530481211e+02 -1.508375611656730e-05
4.967031403671748e+02 -1.508263278478735e-05
4.969099276862286e+02 -1.508150367068503e-05
4.971167150052824e+02 -1.508035916342092e-05
4.973235023243362e+02 -1.507919018034755e-05
4.975302896433899e+02 -1.507796798333768e-05
4.977370769624438e+02 -1.507665295087100e-05
4.979438642814975e+02 -1.507513878169226e-05
4.981506516005513e+02 -1.507313782627809e-05
4.983574389196051e+02 -1.506937358165498e-05
4.985642262386589e+02 -1.503169950270672e-05
4.987710135577126e+02 -1.508138873822319e-05
4.989778008767665e+02 -1.510996744809735e-05
4.991845881958202e+02 -1.507516225987274e-05
4.993913755148740e+02 -1.507332306304145e-05
4.995981628339278e+02 -1.507199107465771e-05
4.998049501529815e+02 -1.507086019169165e-05
5.000117374720353e+02 -1.506984085386441e-05
5.002185247910891e+02 -1.506889265608023e-05
5.004253121101429e+02 -1.506799755009632e-05
5.006320994291967e+02 -1.506714324336229e-05
5.008388867482504e+02 -1.506632331781575e-05
5.010456740673042e+02 -1.506553334942217e-05
5.012524613863579e+02 -1.506477062616631e-05
5.014592487054117e+02 -1.506403278578030e-05
5.016660360244655e+02 -1.506331867287292e-05
5.018728233435193e+02 -1.506262732657573e-05
5.020796106625731e+02 -1.506195815598315e-05
5.022863979816268e+02 -1.506131067585651e-05
5.024931853006806e+02 -1.506068443706391e-05
5.026999726197344e+02 -1.506007992294811e-05
5.029067599387882e+02 -1.505949588887523e-05
5.031135472578420e+02 -1.505893365602881e-05
5.033203345768958e+02 -1.505839257211657e-05
5.035271218959495e+02 -1.505787343537847e-05
5.037339092150033e+02 -1.505737892347178e-05
5.039406965340571e+02 -1.505685744811612e-05
5.041474838531109e+02 -1.505645748658909e-05
5.043542711721647e+02 -1.505587621529766e-05
5.045610584912185e+02 -1.505555175855804e-05
5.047678458102722e+02 -1.505516912525265e-05
5.049746331293260e+02 -1.505480243830929e-05
5.051814204483798e+02 -1.505445600648042e-05
5.053882077674335e+02 -1.505413061826305e-05
5.055949950864874e+02 -1.505383068536904e-05
5.058017824055411e+02 -1.505355033342063e-05
5.060085697245949e+02 -1.505329302655960e-05
5.062153570436487e+02 -1.505305890287940e-05
5.064221443627024e+02 -1.505284792934884e-05
5.066289316817562e+02 -1.505266036232114e-05
5.068357190008099e+02 -1.505249582141688e-05
5.070425063198637e+02 -1.505235517584719e-05
5.072492936389175e+02 -1.505223796169409e-05
5.074560809579713e+02 -1.505214373987501e-05
5.076628682770251e+02 -1.505207282295038e-05
5.078696555960788e+02 -1.505202427144576e-05
5.080764429151326e+02 -1.505199702157810e-05
5.082832302341864e+02 -1.505199010542406e-05
5.084900175532402e+02 -1.505200070585471e-05
5.086968048722940e+02 -1.505202820485909e-05
5.089035921913478e+02 -1.505206260231864e-05
5.091103795104015e+02 -1.505210066221870e-05
5.093171668294553e+02 -1.505212179554765e-05
5.095239541485091e+02 -1.505209171028095e-05
5.097307414675629e+02 -1.505193279589143e-05
5.099375287866167e+02 -1.505139132061075e-05
5.101443161056705e+02 -1.504925491045059e-05
5.103511034247242e+02 -1.519533582041152e-05
5.105578907437780e+02 -1.505933416110387e-05
5.107646780628318e+02 -1.505747729135832e-05
5.109714653818855e+02 -1.505713594535645e-05
5.111782527009394e+02 -1.505720600198511e-05
5.113850400199931e+02 -1.505746096313670e-05
5.115918273390469e+02 -1.505782341594798e-05
5.117986146581007e+02 -1.505826168330994e-05
5.120054019771544e+02 -1.505875731539921e-05
5.122121892962082e+02 -1.505930141977484e-05
5.124189766152620e+02 -1.505988704987603e-05
5.126257639343157e+02 -1.506050929177022e-05
5.128325512533695e+02 -1.506116303168005e-05
5.130393385724233e+02 -1.506184359438055e-05
5.132461258914770e+02 -1.506254519273057e-05
5.134529132105308e+02 -1.506325991715045e-05
5.136597005295847e+02 -1.506397760626646e-05
5.138664878486384e+02 -1.506468260429932e-05
5.140732751676923e+02 -1.506535243126067e-05
5.142800624867459e+02 -1.506594785516561e-05
5.144868498057998e+02 -1.506640682932024e-05
5.146936371248536e+02 -1.506660831957853e-05
5.149004244439074e+02 -1.506630522628494e-05
5.151072117629611e+02 -1.506488141682488e-05
5.153139990820149e+02 -1.506063037702436e-05
5.155207864010687e+02 -1.503999221832446e-05
5.157275737201225e+02 -1.518897961925943e-05
5.159343610391762e+02 -1.510378719347035e-05
5.161411483582300e+02 -1.509546487256633e-05
5.163479356772838e+02 -1.509333089877358e-05
5.165547229963375e+02 -1.509307324396160e-05
5.167615103153913e+02 -1.509366149827297e-05
5.169682976344451e+02 -1.509472629784345e-05
5.171750849534990e+02 -1.509610144369592e-05
5.173818722725526e+02 -1.509770377474910e-05
5.175886595916064e+02 -1.509948719033875e-05
5.177954469106602e+02 -1.510142417409696e-05
5.180022342297140e+02 -1.510349872854840e-05
5.182090215487677e+02 -1.510570090382531e-05
5.184158088678215e+02 -1.510802594739540e-05
5.186225961868753e+02 -1.511047039524028e-05
5.188293835059291e+02 -1.511303393113066e-05
5.190361708249828e+02 -1.511571773751718e-05
5.192429581440367e+02 -1.511852344821552e-05
5.194497454630904e+02 -1.512145391184617e-05
5.196565327821443e+02 -1.512451290450840e-05
5.198633201011979e+02 -1.512770570383111e-05
5.200701074202518e+02 -1.513103750171652e-05
5.202768947393056e+02 -1.513451263849489e-05
5.204836820583594e+02 -1.513814118351173e-05
5.206904693774131e+02 -1.514192750425079e-05
5.208972566964669e+02 -1.514587142008161e-05
5.211040440155207e+02 -1.514998328958769e-05
5.213108313345745e+02 -1.515424063069532e-05
5.215176186536282e+02 -1.515860659696354e-05
5.217244059726820e+02 -1.516286994468106e-05
5.219311932917358e+02 -1.516584507585635e-05
5.221379806107896e+02 -1.518847625560537e-05
5.223447679298433e+02 -1.518350042780110e-05
5.225515552488971e+02 -1.518855123029031e-05
5.227583425679510e+02 -1.519469944899802e-05
5.229651298870047e+02 -1.520150935162482e-05
5.231719172060584e+02 -1.520893179903979e-05
5.233787045251122e+02 -1.521700314075294e-05
5.235854918441660e+02 -1.522580413552220e-05
5.237922791632197e+02 -1.523544667725293e-05
5.239990664822735e+02 -1.524608100073666e-05
5.242058538013273e+02 -1.525790340392141e-05
5.244126411203811e+02 -1.527117484357939e-05
5.246194284394348e+02 -1.528624582883317e-05
5.248262157584887e+02 -1.530359751334097e-05
5.250330030775424e+02 -1.532391129786317e-05
5.252397903965963e+02 -1.534817860696103e-05
5.254465777156499e+02 -1.537790651236069e-05
5.256533650347038e+02 -1.541549323148955e-05
5.258601523537576e+02 -1.546501927552414e-05
5.260669396728114e+02 -1.553400298015698e-05
5.262737269918651e+02 -1.563803911034087e-05
5.264805143109189e+02 -1.581555578340517e-05
5.266873016299727e+02 -1.619382370059861e-05
5.268940889490265e+02 -1.759677291785194e-05
5.271008762680802e+02 -8.666397427418403e-06
5.273076635871340e+02 -1.379327890833154e-05
5.275144509061878e+02 -1.440934482319707e-05
5.277212382252416e+02 -1.465221833298551e-05
5.279280255442953e+02 -1.478331858881820e-05
5.281348128633491e+02 -1.486641283998613e-05
5.283416001824030e+02 -1.492450989340031e-05
5.285483875014567e+02 -1.496795750397329e-05
5.287551748205104e+02 -1.500209408076256e-05
5.289619621395642e+02 -1.502995583182287e-05
5.291687494586180e+02 -1.505339283812419e-05
5.293755367776718e+02 -1.507359946720968e-05
5.295823240967255e+02 -1.509137820720810e-05
5.297891114157793e+02 -1.510728936935845e-05
5.299958987348331e+02 -1.512173335797515e-05
5.302026860538869e+02 -1.513500567632468e-05
5.304094733729407e+02 -1.514732659068151e-05
5.306162606919944e+02 -1.515886286073322e-05
5.308230480110483e+02 -1.516974286376173e-05
5.310298353301019e+02 -1.518006470458023e-05
5.312366226491558e+02 -1.518990681049613e-05
5.314434099682096e+02 -1.519932312642431e-05
5.316501972872634e+02 -1.520836097980281e-05
5.318569846063172e+02 -1.521704594254086e-05
5.320637719253709e+02 -1.522540429224056e-05
5.322705592444247e+02 -1.523335469874709e-05
5.324773465634785e+02 -1.524212419021242e-05
5.326841338825323e+02 -1.524906052969501e-05
5.328909212015860e+02 -1.525616626366332e-05
5.330977085206398e+02 -1.526298077998194e-05
5.333044958396936e+02 -1.526946209869136e-05
5.335112831587473e+02 -1.527554325370916e-05
5.337180704778011e+02 -1.528121712400494e-05
5.339248577968550e+02 -1.528638713252532e-05
5.341316451159087e+02 -1.529099792688211e-05
5.343384324349624e+02 -1.529495219221011e-05
5.345452197540162e+02 -1.529813966376301e-05
5.347520070730700e+02 -1.530042082542409e-05
5.349587943921238e+02 -1.530162482793452e-05
5.351655817111775e+02 -1.530153559206453e-05
5.353723690302313e+02 -1.529988288765920e-05
5.355791563492851e+02 -1.529632168198065e-05
5.357859436683389e+02 -1.529040894199057e-05
5.359927309873927e+02 -1.528156498493642e-05
5.361995183064464e+02 -1.526901991366868e-05
5.364063056255003e+02 -1.525173461552575e-05
5.366130929445540e+02 -1.522826553518415e-05
5.368198802636078e+02 -1.519656082452789e-05
5.370266675826616e+02 -1.515359523980660e-05
5.372334549017154e+02 -1.509473539963213e-05
5.374402422207692e+02 -1.501249111700885e-05
5.376470295398228e+02 -1.489395638492132e-05
5.378538168588767e+02 -1.471481831039390e-05
5.380606041779305e+02 -1.442323086458294e-05
5.382673914969843e+02 -1.388555119505469e-05
5.384741788160380e+02 -1.261813000731493e-05
5.386809661350918e+02 -6.532093391047330e-06
5.388877534541456e+02 -2.667687290569075e-05
5.390945407731994e+02 -1.937255124219291e-05
5.393013280922531e+02 -1.801131995581819e-05
5.395081154113070e+02 -1.745049135294393e-05
5.397149027303607e+02 -1.715291575480093e-05
5.399216900494145e+02 -1.697454026433660e-05
5.401284773684682e+02 -1.686044617835069e-05
5.403352646875220e+02 -1.678515705854894e-05
5.405420520065758e+02 -1.673524956483257e-05
5.407488393256295e+02 -1.670299445059268e-05
5.409556266446833e+02 -1.668363040101029e-05
5.411624139637371e+02 -1.667407627064211e-05
5.413692012827909e+02 -1.667225578962744e-05
5.415759886018448e+02 -1.667672934038173e-05
5.417827759208984e+02 -1.668647275483386e-05
5.419895632399523e+02 -1.670074660766573e-05
5.421963505590060e+02 -1.671901469953908e-05
5.424031378780599e+02 -1.674088735650074e-05
5.426099251971136e+02 -1.676609700585993e-05
5.428167125161674e+02 -1.679446193421797e-05
5.430234998352212e+02 -1.682593053689716e-05
5.432302871542748e+02 -1.686056428936928e-05
5.434370744733287e+02 -1.689874641491301e-05
5.436438617923825e+02 -1.694115939960772e-05
5.438506491114363e+02 -1.698134163648278e-05
5.440574364304900e+02 -1.709783564998618e-05
5.442642237495438e+02 -1.702026568487272e-05
5.444710110685976e+02 -1.709189574935637e-05
5.446777983876514e+02 -1.714959006160501e-05
5.448845857067051e+02 -1.720690102155418e-05
5.450913730257590e+02 -1.726597994859057e-05
5.452981603448127e+02 -1.732752342996886e-05
5.455049476638665e+02 -1.739194599080768e-05
5.457117349829202e+02 -1.745949585084352e-05
5.459185223019740e+02 -1.753041963848413e-05
5.461253096210278e+02 -1.760494288313984e-05
5.463320969400816e+02 -1.768330524004620e-05
5.465388842591353e+02 -1.776575665354693e-05
5.467456715781891e+02 -1.785257360245304e-05
5.469524588972429e+02 -1.794405473795908e-05
5.471592462162968e+02 -1.804053085687510e-05
5.473660335353504e+02 -1.814236386459698e-05
5.475728208544043e+02 -1.824995535168457e-05
5.477796081734580e+02 -1.836375487326366e-05
5.479863954925119e+02 -1.848425410564887e-05
5.481931828115656e+02 -1.861201067195779e-05
5.483999701306193e+02 -1.874764104754869e-05
5.486067574496732e+02 -1.889184380816025e-05
5.488135447687268e+02 -1.904537958104577e-05
5.490203320877807e+02 -1.920901088137741e-05
5.492271194068345e+02 -1.938439011477774e-05
5.494339067258883e+02 -1.957174566853794e-05
5.496406940449421e+02 -1.977282806577966e-05
5.498474813639958e+02 -1.998908956947057e-05
5.500542686830496e+02 -2.022230869558441e-05
5.502610560021034e+02 -2.047368943816371e-05
5.504678433211571e+02 -2.074526877864722e-05
5.506746306402110e+02 -2.104633110548705e-05
5.508814179592647e+02 -2.136997711393955e-05
5.510882052783185e+02 -2.172515089480924e-05
5.512949925973722e+02 -2.211597422973192e-05
5.515017799164260e+02 -2.254788178669611e-05
5.517085672354798e+02 -2.302759474621983e-05
5.519153545545336e+02 -2.356336941372366e-05
5.521221418735873e+02 -2.416553547902273e-05
5.523289291926411e+02 -2.484709121688518e-05
5.525357165116949e+02 -2.562469856768597e-05
5.527425038307488e+02 -2.652002480296877e-05
5.529492911498024e+02 -2.756179660232701e-05
5.531560784688563e+02 -2.878891366661020e-05
5.533628657879100e+02 -3.025539307510706e-05
5.535696531069639e+02 -3.203852396328004e-05
5.537764404260176e+02 -3.425285483684507e-05
5.539832277450713e+02 -3.707582033990903e-05
5.541900150641252e+02 -4.079754892636235e-05
5.543968023831789e+02 -4.592778120940370e-05
5.546035897022327e+02 -5.345087486746111e-05
5.548103770212865e+02 -6.554816399438978e-05
5.550171643403403e+02 -8.820738124441140e-05
5.552239516593941e+02 -1.459556705887002e-04
5.554307389784478e+02 -5.974241587725299e-04
5.556375262975016e+02 2.271145559195693e-04
5.558443136165554e+02 8.638117427896806e-05
5.560511009356092e+02 4.948841998439073e-05
5.562578882546630e+02 3.248703819169172e-05
5.564646755737167e+02 2.270730896662026e-05
5.566714628927705e+02 1.635465619157531e-05
5.568782502118243e+02 1.189696370462576e-05
5.570850375308780e+02 8.596675238383850e-06
5.572918248499318e+02 6.055214638091409e-06
5.574986121689856e+02 4.038073470343436e-06
5.577053994880393e+02 2.398385116911766e-06
5.579121868070931e+02 1.039429312199069e-06
5.581189741261469e+02 -1.050545074697131e-07
5.583257614452008e+02 -1.082002964297164e-06
5.585325487642544e+02 -1.925585650981758e-06
5.587393360833083e+02 -2.661274587597977e-06
5.589461234023620e+02 -3.308439980020294e-06
5.591529107214159e+02 -3.882076440908716e-06
5.593596980404697e+02 -4.393981278407890e-06
5.595664853595233e+02 -4.853542546536558e-06
5.597732726785772e+02 -5.268337865832429e-06
5.599800599976309e+02 -5.644537240047825e-06
5.601868473166847e+02 -5.987172192235091e-06
5.603936346357385e+02 -6.299513762632375e-06
5.606004219547923e+02 -6.589671794628308e-06
5.608072092738461e+02 -6.854601574366327e-06
5.610139965928998e+02 -7.099333836251311e-06
5.612207839119536e+02 -7.326390065875966e-06
5.614275712310074e+02 -7.537372752984112e-06
5.616343585500612e+02 -7.733892488151630e-06
5.618411458691151e+02 -7.917248134234829e-06
5.620479331881687e+02 -8.089242815591088e-06
5.622547205072225e+02 -8.250159505009085e-06
5.624615078262763e+02 -8.401360195399863e-06
5.626682951453300e+02 -8.543638171283350e-06
5.628750824643838e+02 -8.677752380351043e-06
5.630818697834376e+02 -8.804359252335446e-06
5.632886571024914e+02 -8.924065657300344e-06
5.634954444215451e+02 -9.037397450750203e-06
5.637022317405989e+02 -9.144845026396056e-06
5.639090190596528e+02 -9.246838453358523e-06
5.641158063787065e+02 -9.343772668467503e-06
5.643225936977603e+02 -9.436003692114440e-06
5.645293810168140e+02 -9.523855215544297e-06
5.647361683358678e+02 -9.607623389423898e-06
5.649429556549217e+02 -9.687574159611206e-06
5.651497429739753e+02 -9.763957189841119e-06
5.653565302930292e+02 -9.836994322415115e-06
5.655633176120829e+02 -9.906898633135894e-06
5.657701049311368e+02 -9.973844423356415e-06
5.659768922501905e+02 -1.003801130548716e-05
5.661836795692443e+02 -1.009950576800409e-05
5.663904668882981e+02 -1.015835481612968e-05
5.665972542073519e+02 -1.021393633981785e-05
5.668040415264056e+02 -1.025262904823451e-05
5.670108288454594e+02 -1.034285122917148e-05
5.672176161645132e+02 -1.050915058645851e-05
5.674244034835671e+02 -1.040817159369236e-05
5.676311908026207e+02 -1.046229829425203e-05
5.678379781216745e+02 -1.050958889123373e-05
5.680447654407283e+02 -1.055417214561964e-05
5.682515527597820e+02 -1.059682668918264e-05
5.684583400788358e+02 -1.063786557210779e-05
5.686651273978896e+02 -1.067743342684832e-05
5.688719147169434e+02 -1.071565179792729e-05
5.690787020359971e+02 -1.075260529530895e-05
5.692854893550509e+02 -1.078837400656276e-05
5.694922766741048e+02 -1.082302767253304e-05
5.696990639931585e+02 -1.085663511767361e-05
5.699058513122123e+02 -1.088926531155546e-05
5.701126386312660e+02 -1.092098868636228e-05
5.703194259503198e+02 -1.095188383973035e-05
5.705262132693737e+02 -1.098204406045487e-05
5.707330005884273e+02 -1.101158951638507e-05
5.709397879074812e+02 -1.104068891564102e-05
5.711465752265349e+02 -1.106961362177202e-05
5.713533625455888e+02 -1.109886563577524e-05
5.715601498646425e+02 -1.112953805803966e-05
5.717669371836963e+02 -1.116473716642580e-05
5.719737245027501e+02 -1.121852361622772e-05
5.721805118218039e+02 -1.169115505426590e-05
5.723872991408576e+02 -1.111922520725740e-05
5.725940864599114e+02 -1.118324234285203e-05
5.728008737789652e+02 -1.121816289097014e-05
5.730076610980190e+02 -1.124518908957993e-05
5.732144484170727e+02 -1.126902372518470e-05
5.734212357361265e+02 -1.129103784214834e-05
5.736280230551803e+02 -1.131181282776878e-05
5.738348103742341e+02 -1.133164788821573e-05
5.740415976932878e+02 -1.135070729165935e-05
5.742483850123416e+02 -1.136910354048373e-05
5.744551723313954e+02 -1.138690657069798e-05
5.746619596504491e+02 -1.140417335760941e-05
5.748687469695029e+02 -1.142094204396754e-05
5.750755342885568e+02 -1.143724970375989e-05
5.752823216076105e+02 -1.145312185844152e-05
5.754891089266644e+02 -1.146858422037708e-05
5.756958962457180e+02 -1.148365801121700e-05
5.759026835647718e+02 -1.149836282912895e-05
5.761094708838257e+02 -1.151271721439482e-05
5.763162582028793e+02 -1.152673665110368e-05
5.765230455219332e+02 -1.154043935485174e-05
5.767298328409869e+02 -1.155383931411725e-05
5.769366201600408e+02 -1.156695421214238e-05
5.771434074790945e+02 -1.157980105666673e-05
5.773501947981483e+02 -1.159238979483928e-05
5.775569821172021e+02 -1.160474220180973e-05
5.777637694362559e+02 -1.161689347983308e-05
5.779705567553096e+02 -1.162886689973560e-05
5.781773440743634e+02 -1.164074863469638e-05
5.783841313934172e+02 -1.165284896848864e-05
5.785909187124710e+02 -1.167905015060396e-05
5.787977060315247e+02 -1.167237706942904e-05
5.790044933505785e+02 -1.168424717898499e-05
5.792112806696323e+02 -1.169536958937573e-05
5.794180679886861e+02 -1.170629710586533e-05
5.796248553077398e+02 -1.171710946045108e-05
5.798316426267936e+02 -1.172786513876809e-05
5.800384299458474e+02 -1.173860329644458e-05
5.802452172649012e+02 -1.174937610952048e-05
5.804520045839549e+02 -1.176023280674147e-05
5.806587919030088e+02 -1.177123739766407e-05
5.808655792220625e+02 -1.178246539761447e-05
5.810723665411163e+02 -1.179401328924394e-05
5.812791538601700e+02 -1.180600564495068e-05
5.814859411792238e+02 -1.181860455752639e-05
5.816927284982777e+02 -1.183203281983669e-05
5.818995158173313e+02 -1.184660008041369e-05
5.821063031363852e+02 -1.186275387856231e-05
5.823130904554389e+02 -1.188116723179782e-05
5.825198777744928e+02 -1.190290322812317e-05
5.827266650935466e+02 -1.192975071930422e-05
5.829334524126003e+02 -1.196495979468475e-05
5.831402397316541e+02 -1.201516179551238e-05
5.833470270507079e+02 -1.209624571916566e-05
5.835538143697617e+02 -1.225830262981678e-05
5.837606016888154e+02 -1.278486403724656e-05
5.839673890078692e+02 -6.345573215978923e-06
5.841741763269230e+02 -1.110094723790910e-05
5.843809636459767e+02 -1.144465432762587e-05
5.845877509650305e+02 -1.157283852232246e-05
5.847945382840843e+02 -1.164141420517683e-05
5.850013256031381e+02 -1.168507706589288e-05
5.852081129221918e+02 -1.171593464652607e-05
5.854149002412456e+02 -1.173931894899474e-05
5.856216875602994e+02 -1.175794338202227e-05
5.858284748793532e+02 -1.177333567590335e-05
5.860352621984069e+02 -1.178642237531776e-05
5.862420495174608e+02 -1.179779731705462e-05
5.864488368365145e+02 -1.180786146108149e-05
5.866556241555683e+02 -1.181689211605954e-05
5.868624114746220e+02 -1.182509117732756e-05
5.870691987936758e+02 -1.183260667112920e-05
5.872759861127297e+02 -1.183955147693414e-05
5.874827734317834e+02 -1.184601314364129e-05
5.876895607508372e+02 -1.185206074168728e-05
5.878963480698909e+02 -1.185775309530975e-05
5.881031353889448e+02 -1.186313976550205e-05
5.883099227079986e+02 -1.186827534705037e-05
5.885167100270523e+02 -1.187324397689941e-05
5.887234973461061e+02 -1.187838038206511e-05
5.889302846651599e+02 -1.187448277773476e-05
5.891370719842137e+02 -1.188500410018050e-05
5.893438593032674e+02 -1.188938505066010e-05
5.895506466223212e+02 -1.189335219384831e-05
5.897574339413750e+02 -1.189710382000564e-05
5.899642212604288e+02 -1.190068794800602e-05
5.901710085794825e+02 -1.190413693765172e-05
5.903777958985363e+02 -1.190747092939838e-05
5.905845832175901e+02 -1.191066990319635e-05
5.907913705366439e+02 -1.191377444584521e-05
5.909981578556976e+02 -1.191679018214127e-05
5.912049451747514e+02 -1.191972394455691e-05
5.914117324938052e+02 -1.192258421646280e-05
5.916185198128589e+02 -1.192538421121763e-05
5.918253071319127e+02 -1.192813268639563e-05
5.920320944509665e+02 -1.193084421024797e-05
5.922388817700203e+02 -1.193353290004988e-05
5.924456690890740e+02 -1.193621753688356e-05
5.926524564081278e+02 -1.193892106910032e-05
5.928592437271817e+02 -1.194167109449758e-05
5.930660310462354e+02 -1.194450766537580e-05
5.932728183652893e+02 -1.194748259308164e-05
5.934796056843429e+02 -1.195067196481240e-05
5.936863930033968e+02 -1.195418858381768e-05
5.938931803224506e+02 -1.195821048902408e-05
5.940999676415043e+02 -1.196303562557955e-05
5.943067549605581e+02 -1.196920474112299e-05
5.945135422796119e+02 -1.197782363007664e-05
5.947203295986657e+02 -1.199154192823672e-05
5.949271169177194e+02 -1.201875684242091e-05
5.951339042367732e+02 -1.210750542560516e-05
5.953406915558270e+02 -1.110407590221863e-05
5.955474788748808e+02 -1.182954345913837e-05
5.957542661939345e+02 -1.188430284261729e-05
5.959610535129883e+02 -1.190578698049920e-05
5.961678408320421e+02 -1.191708445276786e-05
5.963746281510959e+02 -1.192423537827308e-05
5.965814154701496e+02 -1.192924339750440e-05
5.967882027892034e+02 -1.193298792323575e-05
5.969949901082572e+02 -1.193591591694935e-05
5.972017774273110e+02 -1.193827977983859e-05
5.974085647463647e+02 -1.194023165875141e-05
5.976153520654185e+02 -1.194187047746864e-05
5.978221393844723e+02 -1.194326243868418e-05
5.980289267035261e+02 -1.194445327170680e-05
5.982357140225798e+02 -1.194547714674882e-05
5.984425013416336e+02 -1.194635826541260e-05
5.986492886606874e+02 -1.194711584196381e-05
5.988560759797413e+02 -1.194776417013942e-05
5.990628632987949e+02 -1.194831453894318e-05
5.992696506178488e+02 -1.194877675924000e-05
5.994764379369026e+02 -1.194915669891381e-05
5.996832252559564e+02 -1.194946128838178e-05
5.998900125750101e+02 -1.194969379577055e-05
6.000967998940639e+02 -1.194985612230164e-05
6.003035872131177e+02 -1.194994905544839e-05
6.005103745321715e+02 -1.194989804687289e-05
6.007171618512252e+02 -1.195044626328088e-05
6.009239491702790e+02 -1.195010858715019e-05
6.011307364893328e+02 -1.194997036868180e-05
6.013375238083865e+02 -1.194980346986073e-05
6.015443111274403e+02 -1.194959765726079e-05
6.017510984464941e+02 -1.194934929857736e-05
6.019578857655479e+02 -1.194906024876792e-05
6.021646730846016e+02 -1.194872676543558e-05
6.023714604036554e+02 -1.194835620760483e-05
6.025782477227092e+02 -1.194794437067473e-05
6.027850350417630e+02 -1.194749404662328e-05
6.029918223608167e+02 -1.194700659722202e-05
6.031986096798705e+02 -1.194648122133835e-05
6.034053969989243e+02 -1.194592003279855e-05
6.036121843179781e+02 -1.194532285849925e-05
6.038189716370318e+02 -1.194469121272688e-05
6.040257589560856e+02 -1.194402570709459e-05
6.042325462751394e+02 -1.194332615247702e-05
6.044393335941933e+02 -1.194259472838616e-05
6.046461209132469e+02 -1.194183031333398e-05
6.048529082323008e+02 -1.194103443042527e-05
6.050596955513546e+02 -1.194020701204103e-05
6.052664828704084e+02 -1.193934879321900e-05
6.054732701894621e+02 -1.193845755148731e-05
6.056800575085159e+02 -1.193755621777467e-05
6.058868448275697e+02 -1.193660293987577e-05
6.060936321466235e+02 -1.193562657005887e-05
6.063004194656772e+02 -1.193462311229309e-05
6.065072067847310e+02 -1.193359040499727e-05
6.067139941037848e+02 -1.193256862464029e-05
6.069207814228386e+02 -1.193148161723501e-05
6.071275687418923e+02 -1.193025752446919e-05
6.073343560609461e+02 -1.192916984321795e-05
6.075411433799999e+02 -1.192800999478571e-05
6.077479306990537e+02 -1.192682074548091e-05
6.079547180181074e+02 -1.192560374463548e-05
6.081615053371612e+02 -1.192436091519329e-05
6.083682926562150e+02 -1.192309210188047e-05
6.085750799752687e+02 -1.192179847953263e-05
6.087818672943225e+02 -1.192047886141145e-05
6.089886546133763e+02 -1.191913479474216e-05
6.091954419324301e+02 -1.191776522589159e-05
6.094022292514838e+02 -1.191637041949739e-05
6.096090165705376e+02 -1.191495032179029e-05
6.098158038895914e+02 -1.191350420978652e-05
6.100225912086453e+02 -1.191203186404234e-05
6.102293785276989e+02 -1.191053197429760e-05
6.104361658467528e+02 -1.190900332750424e-05
6.106429531658065e+02 -1.190744400009710e-05
6.108497404848604e+02 -1.190584961029527e-05
6.110565278039142e+02 -1.190421613053007e-05
6.112633151229679e+02 -1.190253380488570e-05
6.114701024420217e+02 -1.190078993743008e-05
6.116768897610755e+02 -1.189897232678601e-05
6.118836770801292e+02 -1.189725336954888e-05
6.120904643991830e+02 -1.189121468169838e-05
6.122972517182368e+02 -1.188132825701779e-05
6.125040390372907e+02 -1.190119072302502e-05
6.127108263563443e+02 -1.189473588148445e-05
6.129176136753981e+02 -1.189186446818418e-05
6.131244009944519e+02 -1.188961126563292e-05
6.133311883135057e+02 -1.188756429118592e-05
6.135379756325594e+02 -1.188559955824498e-05
6.137447629516132e+02 -1.188367600982681e-05
6.139515502706670e+02 -1.188176633433221e-05
6.141583375897208e+02 -1.187986204826042e-05
6.143651249087745e+02 -1.187795556113348e-05
6.145719122278283e+02 -1.187604197834761e-05
6.147786995468821e+02 -1.187411966554200e-05
6.149854868659359e+02 -1.187218594780806e-05
6.151922741849896e+02 -1.187024051024515e-05
6.153990615040434e+02 -1.186828205791743e-05
6.156058488230973e+02 -1.186630991580153e-05
6.158126361421510e+02 -1.186432473620583e-05
6.160194234612048e+02 -1.186232459258289e-05
6.162262107802585e+02 -1.186031061236818e-05
6.164329980993124e+02 -1.185828168610495e-05
6.166397854183662e+02 -1.185623817235177e-05
6.168465727374199e+02 -1.185417891247085e-05
6.170533600564737e+02 -1.185210291599448e-05
6.172601473755275e+02 -1.184999163413352e-05
6.174669346945813e+02 -1.184795594880801e-05
6.176737220136350e+02 -1.184582338688753e-05
6.178805093326888e+02 -1.184369028384184e-05
6.180872966517427e+02 -1.184154543337713e-05
6.182940839707964e+02 -1.183938783519763e-05
6.185008712898501e+02 -1.183721121249377e-05
6.187076586089039e+02 -1.183502727405783e-05
6.189144459279577e+02 -1.183282686061512e-05
6.191212332470114e+02 -1.183061343421538e-05
6.193280205660652e+02 -1.182838538973763e-05
6.195348078851190e+02 -1.182614402573474e-05
6.197415952041728e+02 -1.182388847582638e-05
6.199483825232265e+02 -1.182161978073378e-05
6.201551698422803e+02 -1.181933650134830e-05
6.203619571613341e+02 -1.181704038287808e-05
6.205687444803879e+02 -1.181472970810348e-05
6.207755317994416e+02 -1.181240550315344e-05
6.209823191184954e+02 -1.181006713302697e-05
6.211891064375493e+02 -1.180771447762527e-05
6.213958937566030e+02 -1.180534733800761e-05
6.216026810756568e+02 -1.180296497762883e-05
6.218094683947105e+02 -1.180056698553072e-05
6.220162557137644e+02 -1.179815213041691e-05
6.222230430328182e+02 -1.179571812139988e-05
6.224298303518719e+02 -1.179326297172178e-05
6.226366176709257e+02 -1.179078007508869e-05
6.228434049899795e+02 -1.178825998418718e-05
6.230501923090333e+02 -1.178567961617501e-05
6.232569796280870e+02 -1.178297786611024e-05
6.234637669471408e+02 -1.177991581694500e-05
6.236705542661947e+02 -1.177375940892485e-05
6.238773415852484e+02 -1.177930150224612e-05
6.240841289043021e+02 -1.177498742197864e-05
6.242909162233559e+02 -1.177203169745977e-05
6.244977035424096e+02 -1.176930063317083e-05
6.247044908614635e+02 -1.176664623969589e-05
6.249112781805172e+02 -1.176401947857154e-05
6.251180654995710e+02 -1.176140608833825e-05
6.253248528186248e+02 -1.175879345168062e-05
6.255316401376786e+02 -1.175618005163439e-05
6.257384274567323e+02 -1.175356195197369e-05
6.259452147757861e+02 -1.175093727793274e-05
6.261520020948399e+02 -1.174830576569495e-05
6.263587894138936e+02 -1.174566580193894e-05
6.265655767329474e+02 -1.174301777464996e-05
6.267723640520013e+02 -1.174036064847363e-05
6.269791513710550e+02 -1.173769470482752e-05
6.271859386901089e+02 -1.173502012496599e-05
6.273927260091625e+02 -1.173233578639555e-05
6.275995133282164e+02 -1.172964290067946e-05
6.278063006472702e+02 -1.172694037252791e-05
6.280130879663240e+02 -1.172422886350773e-05
6.282198752853777e+02 -1.172150777530764e-05
6.284266626044315e+02 -1.171877772986140e-05
6.286334499234853e+02 -1.171603149642987e-05
6.288402372425390e+02 -1.171332032147764e-05
6.290470245615928e+02 -1.171066679519534e-05
6.292538118806467e+02 -1.170771274293299e-05
6.294605991997004e+02 -1.170496062165381e-05
6.296673865187541e+02 -1.170218127055103e-05
6.298741738378079e+02 -1.169938892480607e-05
6.300809611568616e+02 -1.169658659940820e-05
6.302877484759155e+02 -1.169377407796213e-05
6.304945357949692e+02 -1.169095296602139e-05
6.307013231140230e+02 -1.168812208603934e-05
6.309081104330768e+02 -1.168528276670867e-05
6.311148977521306e+02 -1.168243417219410e-05
6.313216850711843e+02 -1.167957724368287e-05
6.315284723902381e+02 -1.167671090329411e-05
6.317352597092919e+02 -1.167383674020249e-05
6.319420470283457e+02 -1.167095304772180e-05
6.321488343473994e+02 -1.166806136533283e-05
6.323556216664533e+02 -1.166516070260732e-05
6.325624089855070e+02 -1.166225166449632e-05
6.327691963045609e+02 -1.165933398846426e-05
6.329759836236145e+02 -1.165640775696622e-05
6.331827709426684e+02 -1.165347309912746e-05
6.333895582617222e+02 -1.165052976132060e-05
6.335963455807760e+02 -1.164757757519648e-05
6.338031328998297e+02 -1.164461692739413e-05
6.340099202188835e+02 -1.164164634709788e-05
6.342167075379373e+02 -1.163866610320949e-05
6.344234948569911e+02 -1.163567359725368e-05
6.346302821760448e+02 -1.163266380231874e-05
6.348370694950987e+02 -1.162961659147191e-05
6.350438568141524e+02 -1.162629460019675e-05
6.352506441332062e+02 -1.162396576100862e-05
6.354574314522599e+02 -1.162079371094754e-05
6.356642187713136e+02 -1.161772909821885e-05
6.358710060903675e+02 -1.161467622332352e-05
6.360777934094211e+02 -1.161162345130383e-05
6.362845807284750e+02 -1.160856567089586e-05
6.364913680475288e+02 -1.160550340045881e-05
6.366981553665826e+02 -1.160243352637547e-05
6.369049426856363e+02 -1.159935793414945e-05
6.371117300046901e+02 -1.159627527835722e-05
6.373185173237439e+02 -1.159318549104619e-05
6.375253046427977e+02 -1.159008909781949e-05
6.377320919618514e+02 -1.158698523821810e-05
6.379388792809053e+02 -1.158387463745817e-05
6.381456665999590e+02 -1.158075654689335e-05
6.383524539190129e+02 -1.157763172876966e-05
6.385592412380665e+02 -1.157449992068576e-05
6.387660285571204e+02 -1.157136087548687e-05
6.389728158761742e+02 -1.156821539141023e-05
6.391796031952280e+02 -1.156506259367298e-05
6.393863905142817e+02 -1.156190306963768e-05
6.395931778333355e+02 -1.155873637565286e-05
6.397999651523893e+02 -1.155556305184628e-05
6.400067524714431e+02 -1.155238217622317e-05
6.402135397904968e+02 -1.154919432184927e-05
6.404203271095507e+02 -1.154599168371653e-05
6.406271144286044e+02 -1.154280166591184e-05
6.408339017476582e+02 -1.153957894021156e-05
6.410406890667119e+02 -1.153639287979327e-05
6.412474763857656e+02 -1.153316913240412e-05
6.414542637048195e+02 -1.152994169693729e-05
6.416610510238731e+02 -1.152670788263558e-05
6.418678383429270e+02 -1.152346833042988e-05
6.420746256619808e+02 -1.152022191682067e-05
6.422814129810346e+02 -1.151696962328519e-05
6.424882003000884e+02 -1.151371068228398e-05
6.426949876191421e+02 -1.151044573400725e-05
6.429017749381959e+02 -1.150717413521531e-05
6.431085622572497e+02 -1.150389689091543e-05
6.433153495763034e+02 -1.150061267300402e-05
6.435221368953573e+02 -1.149732293621558e-05
6.437289242144110e+02 -1.149402645810670e-05
6.439357115334649e+02 -1.149072419448797e-05
6.441424988525185e+02 -1.148741550709133e-05
6.443492861715724e+02 -1.148410091258375e-05
6.445560734906262e+02 -1.148078020804184e-05
6.447628608096800e+02 -1.147745340050448e-05
6.449696481287338e+02 -1.147412061689095e-05
6.451764354477875e+02 -1.147078205055561e-05
6.453832227668413e+02 -1.146743720438632e-05
6.455900100858951e+02 -1.146408673306555e-05
6.457967974049488e+02 -1.146073055396561e-05
6.460035847240027e+02 -1.145736785545827e-05
6.462103720430564e+02 -1.145399979747500e-05
6.464171593621102e+02 -1.145062573099192e-05
6.466239466811639e+02 -1.144724595308715e-05
6.468307340002176e+02 -1.144386048226309e-05
6.470375213192715e+02 -1.144046911274153e-05
6.472443086383252e+02 -1.143707221791372e-05
6.474510959573790e+02 -1.143366965566677e-05
6.476578832764328e+02 -1.143026121623364e-05
6.478646705954866e+02 -1.142684760909768e-05
6.480714579145404e+02 -1.142342767692149e-05
6.482782452335941e+02 -1.142000280825054e-05
6.484850325526479e+02 -1.141657213654273e-05
6.486918198717017e+02 -1.141313593194623e-05
6.488986071907555e+02 -1.140969452363034e-05
6.491053945098093e+02 -1.140624736252084e-05
6.493121818288630e+02 -1.140279497398382e-05
6.495189691479169e+02 -1.139933678994463e-05
6.497257564669706e+02 -1.139587349322183e-05
6.499325437860244e+02 -1.139240457162791e-05
6.501393311050782e+02 -1.138893032903980e-05
6.503461184241320e+02 -1.138545099576337e-05
6.505529057431858e+02 -1.138196613694112e-05
6.507596930622395e+02 -1.137847613536143e-05
6.509664803812933e+02 -1.137498075033653e-05
6.511732677003471e+02 -1.137148014247423e-05
6.513800550194009e+02 -1.136797389148260e-05
6.515868423384546e+02 -1.136446250215470e-05
6.517936296575084e+02 -1.136094212431514e-05
6.520004169765622e+02 -1.135742470512733e-05
6.522072042956160e+02 -1.135389478233588e-05
6.524139916146696e+02 -1.135037330482452e-05
6.526207789337235e+02 -1.134683470529507e-05
6.528275662527772e+02 -1.134329264593221e-05
6.530343535718310e+02 -1.133974547033399e-05
6.532411408908848e+02 -1.133619374766488e-05
6.534479282099386e+02 -1.133263669956997e-05
6.536547155289924e+02 -1.132907501565906e-05
6.538615028480461e+02 -1.132550816143774e-05
6.540682901670999e+02 -1.132193653419949e-05
6.542750774861537e+02 -1.131835990504818e-05
6.544818648052075e+02 -1.131477865340573e-05
6.546886521242614e+02 -1.131119211286367e-05
6.548954394433150e+02 -1.130760125200024e-05
6.551022267623689e+02 -1.130400499692257e-05
6.553090140814226e+02 -1.130040436663911e-05
6.555158014004764e+02 -1.129679849410709e-05
6.557225887195302e+02 -1.129318820441152e-05
6.559293760385840e+02 -1.128957288074375e-05
6.561361633576378e+02 -1.128595289486991e-05
6.563429506766915e+02 -1.128232821224832e-05
6.565497379957453e+02 -1.127869881194502e-05
6.567565253147991e+02 -1.127506458645922e-05
6.569633126338529e+02 -1.127142589855328e-05
6.571700999529066e+02 -1.126778272029912e-05
6.573768872719604e+02 -1.126413451271017e-05
6.575836745910142e+02 -1.126047971885872e-05
6.577904619100680e+02 -1.125682372832632e-05
6.579972492291216e+02 -1.125316198418117e-05
6.582040365481755e+02 -1.124949543481915e-05
6.584108238672292e+02 -1.124582430360949e-05
6.586176111862831e+02 -1.124214868838388e-05
6.588243985053368e+02 -1.123846849279162e-05
6.590311858243906e+02 -1.123478377407120e-05
6.592379731434444e+02 -1.123109472882296e-05
6.594447604624982e+02 -1.122740079610488e-05
6.596515477815519e+02 -1.122370282487819e-05
6.598583351006057e+02 -1.122000007646307e-05
6.600651224196595e+02 -1.121629304973662e-05
6.602719097387134e+02 -1.121258167285004e-05
6.604786970577670e+02 -1.120886583146199e-05
6.606854843768209e+02 -1.120514569814805e-05
6.608922716958746e+02 -1.120142099875076e-05
6.610990590149285e+02 -1.119769211695293e-05
6.613058463339822e+02 -1.119395860325708e-05
6.615126336530360e+02 -1.119022090836102e-05
6.617194209720898e+02 -1.118647889838352e-05
6.619262082911436e+02 -1.118273255384731e-05
6.621329956101973e+02 -1.117898201029791e-05
6.623397829292511e+02 -1.117522721576791e-05
6.625465702483049e+02 -1.117146809455095e-05
6.627533575673586e+02 -1.116770467353813e-05
6.629601448864124e+02 -1.116393710902487e-05
6.631669322054662e+02 -1.116016503606818e-05
6.633737195245200e+02 -1.115638880351604e-05
6.635805068435736e+02 -1.115260898653404e-05
6.637872941626275e+02 -1.114882545098118e-05
6.639940814816812e+02 -1.114503653139673e-05
6.642008688007351e+02 -1.114124393425873e-05
6.644076561197888e+02 -1.113744694592968e-05
6.646144434388426e+02 -1.113364609350295e-05
6.648212307578964e+02 -1.112984089305897e-05
6.650280180769502e+02 -1.112603175475881e-05
6.652348053960039e+02 -1.112221838413486e-05
6.654415927150577e+02 -1.111840100323323e-05
6.656483800341115e+02 -1.111457961969266e-05
6.658551673531654e+02 -1.111075418223860e-05
6.660619546722190e+02 -1.110692466688499e-05
6.662687419912729e+02 -1.110309137301544e-05
6.664755293103266e+02 -1.109925369960548e-05
6.666823166293805e+02 -1.109541241914523e-05
6.668891039484342e+02 -1.109156669122202e-05
6.670958912674880e+02 -1.108771743837466e-05
6.673026785865418e+02 -1.108386378770313e-05
6.675094659055956e+02 -1.108000648371824e-05
6.677162532246493e+02 -1.107614514526114e-05
6.679230405437031e+02 -1.107227983799561e-05
6.681298278627569e+02 -1.106841063021803e-05
6.683366151818107e+02 -1.106453755286745e-05
6.685434025008644e+02 -1.106066064944170e-05
6.687501898199182e+02 -1.105677958755731e-05
6.689569771389720e+02 -1.105289474057254e-05
6.691637644580256e+02 -1.104900598700458e-05
6.693705517770795e+02 -1.104511432352198e-05
6.695773390961332e+02 -1.104121762090674e-05
6.697841264151871e+02 -1.103731748591438e-05
6.699909137342408e+02 -1.103341341813984e-05
6.701977010532946e+02 -1.102950566672696e-05
6.704044883723484e+02 -1.102559399915345e-05
6.706112756914022e+02 -1.102167877616263e-05
6.708180630104559e+02 -1.101775944132727e-05
6.710248503295097e+02 -1.101383672710950e-05
6.712316376485635e+02 -1.100990984877286e-05
6.714384249676174e+02 -1.100597953312915e-05
6.716452122866710e+02 -1.100204528390387e-05
6.718519996057249e+02 -1.099810748683775e-05
6.720587869247786e+02 -1.099416590163606e-05
6.722655742438325e+02 -1.099022061438937e-05
6.724723615628862e+02 -1.098627168736947e-05
6.726791488819400e+02 -1.098231887980599e-05
6.728859362009938e+02 -1.097836250036020e-05
6.730927235200476e+02 -1.097440234840320e-05
6.732995108391013e+02 -1.097043857702345e-05
6.735062981581551e+02 -1.096647117081736e-05
6.737130854772089e+02 -1.096250018533810e-05
6.739198727962627e+02 -1.095852549520221e-05
6.741266601153164e+02 -1.095454727929616e-05
6.743334474343702e+02 -1.095056534455159e-05
6.745402347534240e+02 -1.094657979499818e-05
6.747470220724776e+02 -1.094259067776781e-05
6.749538093915315e+02 -1.093859799155736e-05
6.751605967105852e+02 -1.093460173022829e-05
6.753673840296391e+02 -1.093060181380573e-05
6.755741713486929e+02 -1.092659851395005e-05
6.757809586677466e+02 -1.092259146968261e-05
6.759877459868004e+02 -1.091858105652161e-05
6.761945333058542e+02 -1.091456695123361e-05
6.764013206249080e+02 -1.091054937222965e-05
6.766081079439617e+02 -1.090652818182064e-05
6.768148952630155e+02 -1.090250350863898e-05
6.770216825820694e+02 -1.089847538644762e-05
6.772284699011230e+02 -1.089444365285518e-05
6.774352572201769e+02 -1.089040863802957e-05
6.776420445392306e+02 -1.088637008428960e-05
6.778488318582845e+02 -1.088232798277184e-05
6.780556191773383e+02 -1.087828263507083e-05
6.782624064963920e+02 -1.087423346592988e-05
6.784691938154458e+02 -1.087018125626465e-05
6.786759811344996e+02 -1.086612511806224e-05
6.788827684535534e+02 -1.086206599082935e-05
6.790895557726071e+02 -1.085800316789258e-05
6.792963430916609e+02 -1.085393699757662e-05
6.795031304107147e+02 -1.084986746130745e-05
6.797099177297684e+02 -1.084579445572217e-05
6.799167050488222e+02 -1.084171810191374e-05
6.801234923678760e+02 -1.083763818026017e-05
6.803302796869297e+02 -1.083355537282827e-05
6.805370670059835e+02 -1.082946839815388e-05
6.807438543250372e+02 -1.082537931896567e-05
6.809506416440911e+02 -1.082128565882213e-05
6.811574289631449e+02 -1.081718918480560e-05
6.813642162821986e+02 -1.081308905653813e-05
6.815710036012524e+02 -1.080898589015546e-05
6.817777909203062e+02 -1.080487904709897e-05
6.819845782393600e+02 -1.080076931606564e-05
6.821913655584137e+02 -1.079665583798926e-05
6.823981528774675e+02 -1.079253951072371e-05
6.826049401965214e+02 -1.078841942790283e-05
6.828117275155751e+02 -1.078429644388175e-05
6.830185148346289e+02 -1.078016978633815e-05
6.832253021536826e+02 -1.077604019734295e-05
6.834320894727365e+02 -1.077190708972287e-05
6.836388767917903e+02 -1.076777087468800e-05
6.838456641108440e+02 -1.076363138760424e-05
6.840524514298979e+02 -1.075948855624644e-05
6.842592387489515e+02 -1.075534251588333e-05
6.844660260680054e+02 -1.075119315519817e-05
6.846728133870591e+02 -1.074704055180184e-05
6.848796007061128e+02 -1.074288471273563e-05
6.850863880251667e+02 -1.073872567028164e-05
6.852931753442205e+02 -1.073456340971464e-05
6.854999626632742e+02 -1.073039800424307e-05
6.857067499823280e+02 -1.072622928393037e-05
6.859135373013817e+02 -1.072205747513154e-05
6.861203246204356e+02 -1.071788237725799e-05
6.863271119394893e+02 -1.071370411079783e-05
6.865338992585430e+02 -1.070952265536875e-05
6.867406865775969e+02 -1.070533800785089e-05
6.869474738966506e+02 -1.070115026812173e-05
6.871542612157045e+02 -1.069695925150708e-05
6.873610485347581e+02 -1.069276522231172e-05
6.875678358538120e+02 -1.068856790913023e-05
6.877746231728657e+02 -1.068436748674844e-05
6.879814104919196e+02 -1.068016384592189e-05
6.881881978109733e+02 -1.067595711137846e-05
6.883949851300271e+02 -1.067174719297377e-05
6.886017724490810e+02 -1.066753410353694e-05
6.888085597681347e+02 -1.066331812455803e-05
6.890153470871884e+02 -1.065909880039567e-05
6.892221344062423e+02 -1.065487656313398e-05
6.894289217252960e+02 -1.065065121413680e-05
6.896357090443497e+02 -1.064642257753332e-05
6.898424963634035e+02 -1.064219112641853e-05
6.900492836824574e+02 -1.063795615831189e-05
6.902560710015111e+02 -1.063371856245768e-05
6.904628583205648e+02 -1.062947749362438e-05
6.906696456396187e+02 -1.062523358258149e-05
6.908764329586725e+02 -1.062098657086164e-05
6.910832202777262e+02 -1.061673641916850e-05
6.912900075967800e+02 -1.061248325129035e-05
6.914967949158337e+02 -1.060822695239553e-05
6.917035822348876e+02 -1.060396783265780e-05
6.919103695539413e+02 -1.059970522203204e-05
6.921171568729950e+02 -1.059544031988092e-05
6.923239441920489e+02 -1.059117166031103e-05
6.925307315111027e+02 -1.058690041892043e-05
6.927375188301565e+02 -1.058262580722063e-05
6.929443061492101e+02 -1.057834848244980e-05
6.931510934682640e+02 -1.057406768253135e-05
6.933578807873178e+02 -1.056978443455056e-05
6.935646681063716e+02 -1.056549762331427e-05
6.937714554254253e+02 -1.056120836233050e-05
6.939782427444791e+02 -1.055691566451838e-05
6.941850300635330e+02 -1.055262035504350e-05
6.943918173825867e+02 -1.054832165889096e-05
6.945986047016404e+02 -1.054402035761805e-05
6.948053920206943e+02 -1.053971573511941e-05
6.950121793397481e+02 -1.053540837452637e-05
6.952189666588017e+02 -1.053109801764740e-05
6.954257539778555e+02 -1.052678463829898e-05
6.956325412969094e+02 -1.052246835972716e-05
6.958393286159632e+02 -1.051814909644567e-05
6.960461159350168e+02 -1.051382679486804e-05
6.962529032540707e+02 -1.050950159093549e-05
6.964596905731245e+02 -1.050517336743773e-05
6.966664778921782e+02 -1.050084229400699e-05
6.968732652112320e+02 -1.049650821888612e-05
6.970800525302857e+02 -1.049217125404715e-05
6.972868398493396e+02 -1.048783143053700e-05
6.974936271683933e+02 -1.048348856471608e-05
6.977004144874470e+02 -1.047914287980206e-05
6.979072018065009e+02 -1.047479421678185e-05
6.981139891255547e+02 -1.047044263488548e-05
6.983207764446086e+02 -1.046608820312178e-05
6.985275637636621e+02 -1.046173077572571e-05
6.987343510827160e+02 -1.045737059904750e-05
6.989411384017698e+02 -1.045300737518490e-05
6.991479257208237e+02 -1.044864135914313e-05
6.993547130398773e+02 -1.044427234923233e-05
6.995615003589311e+02 -1.043990054602721e-05
6.997682876779850e+02 -1.043552568073969e-05
6.999750749970387e+02 -1.043114807156872e-05
7.001818623160924e+02 -1.042676763704547e-05
7.003886496351463e+02 -1.042238414568642e-05
7.005954369542001e+02 -1.041799811463200e-05
7.008022242732537e+02 -1.041360903322592e-05
7.010090115923075e+02 -1.040921711019420e-05
7.012157989113614e+02 -1.040482246464785e-05
7.014225862304152e+02 -1.040042466559455e-05
7.016293735494688e+02 -1.039602437925397e-05
7.018361608685227e+02 -1.039162084282625e-05
7.020429481875765e+02 -1.038721480595420e-05
7.022497355066303e+02 -1.038280578540274e-05
7.024565228256840e+02 -1.037839392001576e-05
7.026633101447377e+02 -1.037397926563802e-05
7.028700974637916e+02 -1.036956176160629e-05
7.030768847828454e+02 -1.036514142709430e-05
7.032836721018990e+02 -1.036071817819865e-05
7.034904594209529e+02 -1.035629241655641e-05
7.036972467400067e+02 -1.035186351141138e-05
7.039040340590606e+02 -1.034743207597635e-05
7.041108213781141e+02 -1.034299764864747e-05
7.043176086971680e+02 -1.033856055570756e-05
7.045243960162218e+02 -1.033412031770975e-05
7.047311833352757e+02 -1.032967777236564e-05
7.049379706543293e+02 -1.032523184180836e-05
7.051447579733831e+02 -1.032078370371157e-05
7.053515452924370e+02 -1.031633238954644e-05
7.055583326114908e+02 -1.031187858368649e-05
7.057651199305444e+02 -1.030742175125807e-05
7.059719072495983e+02 -1.030296239009601e-05
7.061786945686521e+02 -1.029849994774388e-05
7.063854818877057e+02 -1.029403494551581e-05
7.065922692067595e+02 -1.028956715065414e-05
7.067990565258134e+02 -1.028509649318691e-05
7.070058438448672e+02 -1.028062324530925e-05
7.072126311639208e+02 -1.027614718058876e-05
7.074194184829747e+02 -1.027166826880592e-05
7.076262058020285e+02 -1.026718672029811e-05
7.078329931210823e+02 -1.026270223916436e-05
7.080397804401360e+02 -1.025821517070722e-05
7.082465677591897e+02 -1.025372515308460e-05
7.084533550782436e+02 -1.024923260617871e-05
7.086601423972974e+02 -1.024473722530468e-05
7.088669297163510e+02 -1.024023910640500e-05
7.090737170354049e+02 -1.023573833921220e-05
7.092805043544587e+02 -1.023123478716791e-05
7.094872916735126e+02 -1.022672847339464e-05
7.096940789925661e+02 -1.022221952490830e-05
7.099008663116200e+02 -1.021770772549142e-05
7.101076536306738e+02 -1.021319337268681e-05
7.103144409497277e+02 -1.020867611676988e-05
7.105212282687813e+02 -1.020415632281288e-05
7.107280155878351e+02 -1.019963365535546e-05
7.109348029068890e+02 -1.019510842355996e-05
7.111415902259428e+02 -1.019058022170727e-05
7.113483775449964e+02 -1.018604961091750e-05
7.115551648640503e+02 -1.018151607558781e-05
7.117619521831041e+02 -1.017697986905304e-05
7.119687395021577e+02 -1.017244121370807e-05
7.121755268212115e+02 -1.016789960874370e-05
7.123823141402654e+02 -1.016335549364829e-05
7.125891014593192e+02 -1.015880869490472e-05
7.127958887783728e+02 -1.015425903531955e-05
7.130026760974267e+02 -1.014970692491227e-05
7.132094634164805e+02 -1.014515180428423e-05
7.134162507355343e+02 -1.014059434562451e-05
7.136230380545881e+02 -1.013603397767582e-05
7.138298253736417e+02 -1.013147101947453e-05
7.140366126926956e+02 -1.012690543039160e-05
7.142434000117494e+02 -1.012233712441176e-05
7.144501873308030e+02 -1.011776606196380e-05
7.146569746498569e+02 -1.011319246110322e-05
7.148637619689107e+02 -1.010861613800975e-05
7.150705492879646e+02 -1.010403716466010e-05
7.152773366070181e+02 -1.009945558636081e-05
7.154841239260720e+02 -1.009487140180937e-05
7.156909112451258e+02 -1.009028447264460e-05
7.158976985641797e+02 -1.008569482009823e-05
7.161044858832333e+02 -1.008110276219497e-05
7.163112732022871e+02 -1.007650757008891e-05
7.165180605213410e+02 -1.007191025854296e-05
7.167248478403947e+02 -1.006730995844805e-05
7.169316351594484e+02 -1.006270721903160e-05
7.171384224785023e+02 -1.005810180778459e-05
7.173452097975561e+02 -1.005349379955000e-05
7.175519971166098e+02 -1.004888301943927e-05
7.177587844356635e+02 -1.004426971510265e-05
7.179655717547174e+02 -1.003965376329576e-05
7.181723590737712e+02 -1.003503503607141e-05
7.183791463928249e+02 -1.003041396593267e-05
7.185859337118787e+02 -1.002579010563599e-05
7.187927210309325e+02 -1.002116364287149e-05
7.189995083499863e+02 -1.001653469561338e-05
7.192062956690401e+02 -1.001190289522272e-05
7.194130829880937e+02 -1.000726868813675e-05
7.196198703071476e+02 -1.000263158529437e-05
7.198266576262014e+02 -9.997992171029399e-06
7.200334449452550e+02 -9.993349895715539e-06
7.202402322643089e+02 -9.988705169199070e-06
7.204470195833627e+02 -9.984057836748857e-06
7.206538069024166e+02 -9.979407897419170e-06
7.208605942214701e+02 -9.974755301854733e-06
7.210673815405240e+02 -9.970100242413933e-06
7.212741688595778e+02 -9.965442409653725e-06
7.214809561786317e+02 -9.960782156761013e-06
7.216877434976853e+02 -9.956119122075662e-06
7.218945308167391e+02 -9.951453693989040e-06
7.221013181357930e+02 -9.946785486017780e-06
7.223081054548467e+02 -9.942114860982817e-06
7.225148927739004e+02 -9.937441389447522e-06
7.227216800929543e+02 -9.932765682663495e-06
7.229284674120081e+02 -9.928086978445854e-06
7.231352547310618e+02 -9.923405976245434e-06
7.233420420501155e+02 -9.918722410322854e-06
7.235488293691694e+02 -9.914036081704434e-06
7.237556166882232e+02 -9.909347434372216e-06
7.239624040072769e+02 -9.904656123263756e-06
7.241691913263307e+02 -9.899962169625108e-06
7.243759786453845e+02 -9.895265789503018e-06
7.245827659644383e+02 -9.890566609572995e-06
7.247895532834921e+02 -9.885865124526663e-06
7.249963406025457e+02 -9.881160821895866e-06
7.252031279215996e+02 -9.876454119196066e-06
7.254099152406534e+02 -9.871744874406067e-06
7.256167025597071e+02 -9.867032961837433e-06
7.258234898787609e+02 -9.862318495336217e-06
7.260302771978147e+02 -9.857601593242564e-06
7.262370645168685e+02 -9.852881892789797e-06
7.264438518359221e+02 -9.848159878808564e-06
7.266506391549760e+02 -9.843435159894613e-06
7.268574264740298e+02 -9.838708108901745e-06
7.270642137930837e+02 -9.833978278040612e-06
7.272710011121374e+02 -9.829246075540160e-06
7.274777884311911e+02 -9.824511303353224e-06
7.276845757502450e+02 -9.819773692216229e-06
7.278913630692987e+02 -9.815033942850026e-06
7.280981503883525e+02 -9.810291308756054e-06
7.283049377074063e+02 -9.805546306173812e-06
7.285117250264601e+02 -9.800798857795072e-06
7.287185123455138e+02 -9.796048741028350e-06
7.289252996645675e+02 -9.791296163033096e-06
7.291320869836214e+02 -9.786541026135785e-06
7.293388743026752e+02 -9.781783349490094e-06
7.295456616217289e+02 -9.777022988475313e-06
7.297524489407828e+02 -9.772260391293899e-06
7.299592362598365e+02 -9.767494996409379e-06
7.301660235788903e+02 -9.762727244158361e-06
7.303728108979441e+02 -9.757957034086271e-06
7.305795982169977e+02 -9.753184095645457e-06
7.307863855360516e+02 -9.748408863174512e-06
7.309931728551054e+02 -9.743630814793045e-06
7.311999601741591e+02 -9.738850536749104e-06
7.314067474932129e+02 -9.734067428051786e-06
7.316135348122667e+02 -9.729282037815551e-06
7.318203221313205e+02 -9.724494052345361e-06
7.320271094503742e+02 -9.719703583429856e-06
7.322338967694280e+02 -9.714910559357817e-06
7.324406840884818e+02 -9.710115167323588e-06
7.326474714075357e+02 -9.705317073899740e-06
7.328542587265894e+02 -9.700516632632252e-06
7.330610460456431e+02 -9.695713547387736e-06
7.332678333646970e+02 -9.690908078253118e-06
7.334746206837507e+02 -9.686099966870739e-06
7.336814080028045e+02 -9.681289479205480e-06
7.338881953218583e+02 -9.676476313055138e-06
7.340949826409121e+02 -9.671660913245509e-06
7.343017699599658e+02 -9.666842593119228e-06
7.345085572790196e+02 -9.662022196289526e-06
7.347153445980734e+02 -9.657199074317070e-06
7.349221319171272e+02 -9.652373429970228e-06
7.351289192361809e+02 -9.647545522820296e-06
7.353357065552348e+02 -9.642714960337541e-06
7.355424938742885e+02 -9.637881927394071e-06
7.357492811933423e+02 -9.633046497558198e-06
7.359560685123961e+02 -9.628208409927413e-06
7.361628558314497e+02 -9.623368006171010e-06
7.363696431505036e+02 -9.618524897470236e-06
7.365764304695574e+02 -9.613679499063798e-06
7.367832177886111e+02 -9.608831578531358e-06
7.369900051076650e+02 -9.603981046176256e-06
7.371967924267187e+02 -9.599128201741407e-06
7.374035797457725e+02 -9.594272798669859e-06
7.376103670648262e+02 -9.589414752016242e-06
7.378171543838801e+02 -9.584554482398933e-06
7.380239417029338e+02 -9.579691487240703e-06
7.382307290219877e+02 -9.574826267651276e-06
7.384375163410414e+02 -9.569958355468167e-06
7.386443036600951e+02 -9.565088212866083e-06
7.388510909791490e+02 -9.560215449463867e-06
7.390578782982027e+02 -9.555340085100198e-06
7.392646656172565e+02 -9.550462536673159e-06
7.394714529363102e+02 -9.545582138983320e-06
7.396782402553641e+02 -9.540699496538395e-06
7.398850275744178e+02 -9.535814436313780e-06
7.400918148934716e+02 -9.530926739923632e-06
7.402986022125255e+02 -9.526036784843836e-06
7.405053895315792e+02 -9.521144247994030e-06
7.407121768506329e+02 -9.516249253254762e-06
7.409189641696868e+02 -9.511351695954776e-06
7.411257514887405e+02 -9.506451858702036e-06
7.413325388077943e+02 -9.501549289447409e-06
7.415393261268481e+02 -9.496644499645700e-06
7.417461134459018e+02 -9.491737214445778e-06
7.419529007649556e+02 -9.486827357689521e-06
7.421596880840094e+02 -9.481915254387326e-06
7.423664754030631e+02 -9.477000427162255e-06
7.425732627221170e+02 -9.472083385531061e-06
7.427800500411707e+02 -9.467163605624739e-06
7.429868373602245e+02 -9.462241584103874e-06
7.431936246792782e+02 -9.457317011394328e-06
7.434004119983321e+02 -9.452389997796670e-06
7.436071993173858e+02 -9.447460542782712e-06
7.438139866364397e+02 -9.442528730968152e-06
7.440207739554934e+02 -9.437594309144381e-06
7.442275612745472e+02 -9.432657566159002e-06
7.444343485936010e+02 -9.427718324420226e-06
7.446411359126547e+02 -9.422776604160720e-06
7.448479232317085e+02 -9.417832452142583e-06
7.450547105507623e+02 -9.412885844231201e-06
7.452614978698161e+02 -9.407936757711157e-06
7.454682851888698e+02 -9.402985317178745e-06
7.456750725079236e+02 -9.398031184278937e-06
7.458818598269775e+02 -9.393074972467069e-06
7.460886471460312e+02 -9.388115984831987e-06
7.462954344650849e+02 -9.383154681483415e-06
7.465022217841388e+02 -9.378191079747169e-06
7.467090091031926e+02 -9.373224827432640e-06
7.469157964222463e+02 -9.368256263201356e-06
7.471225837413001e+02 -9.363285292429012e-06
7.473293710603538e+02 -9.358311754124190e-06
7.475361583794077e+02 -9.353335903413674e-06
7.477429456984614e+02 -9.348357449592465e-06
7.479497330175151e+02 -9.343376745883241e-06
7.481565203365690e+02 -9.338393496554096e-06
7.483633076556227e+02 -9.333407749996787e-06
7.485700949746765e+02 -9.328419829643297e-06
7.487768822937302e+02 -9.323429171836568e-06
7.489836696127841e+02 -9.318436190266899e-06
7.491904569318378e+02 -9.313440839151264e-06
7.493972442508915e+02 -9.308442872279320e-06
7.496040315699454e+02 -9.303442647250230e-06
7.498108188889992e+02 -9.298439899335093e-06
7.500176062080531e+02 -9.293434846001630e-06
7.502243935271067e+02 -9.288427300697135e-06
7.504311808461605e+02 -9.283417244981247e-06
7.506379681652143e+02 -9.278405005191083e-06
7.508447554842681e+02 -9.273389916042165e-06
7.510515428033218e+02 -9.268372734053166e-06
7.512583301223756e+02 -9.263353001843215e-06
7.514651174414295e+02 -9.258330786567844e-06
7.516719047604832e+02 -9.253306342003777e-06
7.518786920795369e+02 -9.248279358377439e-06
7.520854793985908e+02 -9.243249964865031e-06
7.522922667176446e+02 -9.238218142901499e-06
7.524990540366983e+02 -9.233183918220807e-06
7.527058413557521e+02 -9.228147124749733e-06
7.529126286748058e+02 -9.223108084090134e-06
7.531194159938597e+02 -9.218066541892946e-06
7.533262033129134e+02 -9.213022552626536e-06
7.535329906319671e+02 -9.207976310292516e-06
7.537397779510210e+02 -9.202927427965089e-06
7.539465652700748e+02 -9.197876343415542e-06
7.541533525891285e+02 -9.192822607623948e-06
7.543601399081822e+02 -9.187766617808741e-06
7.545669272272361e+02 -9.182708144161600e-06
7.547737145462899e+02 -9.177647214343143e-06
7.549805018653435e+02 -9.172583958469885e-06
7.551872891843974e+02 -9.167518294219487e-06
7.553940765034512e+02 -9.162450118762123e-06
7.556008638225051e+02 -9.157379632123574e-06
7.558076511415587e+02 -9.152306749672633e-06
7.560144384606125e+02 -9.147231276843944e-06
7.562212257796663e+02 -9.142153615331609e-06
7.564280130987202e+02 -9.137073326201724e-06
7.566348004177738e+02 -9.131990768552178e-06
7.568415877368276e+02 -9.126905695688921e-06
7.570483750558815e+02 -9.121818204361263e-06
7.572551623749353e+02 -9.116728457830192e-06
7.574619496939889e+02 -9.111636055146378e-06
7.576687370130428e+02 -9.106541424706969e-06
7.578755243320966e+02 -9.101444439896000e-06
7.580823116511503e+02 -9.096344821220474e-06
7.582890989702040e+02 -9.091243038464642e-06
7.584958862892578e+02 -9.086138757271624e-06
7.587026736083117e+02 -9.081032010789183e-06
7.589094609273654e+02 -9.075922958284486e-06
7.591162482464191e+02 -9.070811371528659e-06
7.593230355654730e+02 -9.065697532896671e-06
7.595298228845268e+02 -9.060581122651798e-06
7.597366102035805e+02 -9.055462369090393e-06
7.599433975226342e+02 -9.050341399984700e-06
7.601501848416881e+02 -9.045217637088375e-06
7.603569721607419e+02 -9.040091846201602e-06
7.605637594797955e+02 -9.034963427104493e-06
7.607705467988494e+02 -9.029832608246244e-06
7.609773341179032e+02 -9.024699424574463e-06
7.611841214369571e+02 -9.019563870150312e-06
7.613909087560107e+02 -9.014425848079725e-06
7.615976960750645e+02 -9.009285560332734e-06
7.618044833941183e+02 -9.004142702508688e-06
7.620112707131722e+02 -8.998997727997666e-06
7.622180580322258e+02 -8.993849900486917e-06
7.624248453512796e+02 -8.988700105093071e-06
7.626316326703335e+02 -8.983547581866766e-06
7.628384199893873e+02 -8.978392779740666e-06
7.630452073084409e+02 -8.973235635586356e-06
7.632519946274948e+02 -8.968076056184623e-06
7.634587819465486e+02 -8.962914067929308e-06
7.636655692656024e+02 -8.957749764127436e-06
7.638723565846560e+02 -8.952582951425129e-06
7.640791439037098e+02 -8.947413759838253e-06
7.642859312227637e+02 -8.942242187706261e-06
7.644927185418175e+02 -8.937068186518702e-06
7.646995058608711e+02 -8.931891775044600e-06
7.649062931799250e+02 -8.926713082923996e-06
7.651130804989788e+02 -8.921531815233247e-06
7.653198678180325e+02 -8.916348366067046e-06
7.655266551370862e+02 -8.911162290336729e-06
7.657334424561401e+02 -8.905973987249813e-06
7.659402297751939e+02 -8.900783222739333e-06
7.661470170942475e+02 -8.895589999344309e-06
7.663538044133014e+02 -8.890394529749458e-06
7.665605917323552e+02 -8.885196585658749e-06
7.667673790514091e+02 -8.879996209593235e-06
7.669741663704627e+02 -8.874793542719111e-06
7.671809536895165e+02 -8.869588487346442e-06
7.673877410085703e+02 -8.864380812870861e-06
7.675945283276242e+02 -8.859171127923839e-06
7.678013156466778e+02 -8.853958629465332e-06
7.680081029657316e+02 -8.848744058230790e-06
7.682148902847855e+02 -8.843526835459527e-06
7.684216776038393e+02 -8.838307390188974e-06
7.686284649228929e+02 -8.833085479245767e-06
7.688352522419468e+02 -8.827861127433333e-06
7.690420395610006e+02 -8.822634498375891e-06
7.692488268800544e+02 -8.817405496614267e-06
7.694556141991080e+02 -8.812173900724771e-06
7.696624015181618e+02 -8.806940245439677e-06
7.698691888372157e+02 -8.801703938143454e-06
7.700759761562695e+02 -8.796465326950137e-06
7.702827634753231e+02 -8.791224360162580e-06
7.704895507943769e+02 -8.785980911690180e-06
7.706963381134308e+02 -8.780735190579917e-06
7.709031254324846e+02 -8.775486900941386e-06
7.711099127515382e+02 -8.770236396307800e-06
7.713167000705921e+02 -8.764983501088879e-06
7.715234873896459e+02 -8.759727946645222e-06
7.717302747086995e+02 -8.754470457095247e-06
7.719370620277534e+02 -8.749210142868263e-06
7.721438493468072e+02 -8.743947660495943e-06
7.723506366658611e+02 -8.738682698211214e-06
7.725574239849147e+02 -8.733415429172066e-06
7.727642113039685e+02 -8.728145604429687e-06
7.729709986230223e+02 -8.722873672155049e-06
7.731777859420762e+02 -8.717599062121501e-06
7.733845732611298e+02 -8.712322421634627e-06
7.735913605801836e+02 -8.707042944372582e-06
7.737981478992375e+02 -8.701761549388235e-06
7.740049352182913e+02 -8.696477319282604e-06
7.742117225373449e+02 -8.691190965413974e-06
7.744185098563988e+02 -8.685902119303281e-06
7.746252971754526e+02 -8.680610946560784e-06
7.748320844945064e+02 -8.675317328963515e-06
7.750388718135600e+02 -8.670021462247363e-06
7.752456591326138e+02 -8.664723048475731e-06
7.754524464516677e+02 -8.659422374000155e-06
7.756592337707215e+02 -8.654119205114518e-06
7.758660210897751e+02 -8.648813710780769e-06
7.760728084088289e+02 -8.643505768114364e-06
7.762795957278828e+02 -8.638195529849916e-06
7.764863830469365e+02 -8.632882761303620e-06
7.766931703659902e+02 -8.627567811469283e-06
7.768999576850441e+02 -8.622250205906962e-06
7.771067450040979e+02 -8.616930462909964e-06
7.773135323231515e+02 -8.611608176209961e-06
7.775203196422054e+02 -8.606283513101962e-06
7.777271069612592e+02 -8.600956596701683e-06
7.779338942803131e+02 -8.595627181416131e-06
7.781406815993668e+02 -8.590295374852302e-06
7.783474689184205e+02 -8.584961315940142e-06
7.785542562374743e+02 -8.579624770629443e-06
7.787610435565282e+02 -8.574285711727781e-06
7.789678308755819e+02 -8.568944658668328e-06
7.791746181946356e+02 -8.563600691488036e-06
7.793814055136895e+02 -8.558254797113426e-06
7.795881928327433e+02 -8.552906168165920e-06
7.797949801517969e+02 -8.547555376944355e-06
7.800017674708508e+02 -8.542202014371623e-06
7.802085547899046e+02 -8.536846369685500e-06
7.804153421089584e+02 -8.531488330670622e-06
7.806221294280120e+02 -8.526127944915643e-06
7.808289167470658e+02 -8.520765022510564e-06
7.810357040661197e+02 -8.515400061585988e-06
7.812424913851735e+02 -8.510032318690343e-06
7.814492787042271e+02 -8.504662469814796e-06
7.816560660232809e+02 -8.499290121565900e-06
7.818628533423348e+02 -8.493915372629747e-06
7.820696406613885e+02 -8.488538309413571e-06
7.822764279804422e+02 -8.483158715403699e-06
7.824832152994961e+02 -8.477776955319452e-06
7.826900026185499e+02 -8.472392623141306e-06
7.828967899376036e+02 -8.467005880117894e-06
7.831035772566574e+02 -8.461617049004383e-06
7.833103645757112e+02 -8.456225380651943e-06
7.835171518947651e+02 -8.450831679170685e-06
7.837239392138187e+02 -8.445435413434343e-06
7.839307265328725e+02 -8.440036819835701e-06
7.841375138519263e+02 -8.434635731034133e-06
7.843443011709802e+02 -8.429232502669756e-06
7.845510884900339e+02 -8.423826578877852e-06
7.847578758090876e+02 -8.418418642047626e-06
7.849646631281415e+02 -8.413007923581632e-06
7.851714504471953e+02 -8.407595243685450e-06
7.853782377662490e+02 -8.402179742940809e-06
7.855850250853028e+02 -8.396762161188539e-06
7.857918124043566e+02 -8.391342000431902e-06
7.859985997234104e+02 -8.385919563086765e-06
7.862053870424641e+02 -8.380494645530916e-06
7.864121743615178e+02 -8.375067491673207e-06
7.866189616805717e+02 -8.369637806544870e-06
7.868257489996255e+02 -8.364205865139690e-06
7.870325363186791e+02 -8.358771425010986e-06
7.872393236377329e+02 -8.353334694372912e-06
7.874461109567868e+02 -8.347895483564918e-06
7.876528982758405e+02 -8.342453971707210e-06
7.878596855948942e+02 -8.337009966614265e-06
7.880664729139481e+02 -8.331563734984743e-06
7.882732602330019e+02 -8.326114827555197e-06
7.884800475520556e+02 -8.320663873913184e-06
7.886868348711095e+02 -8.315210206492118e-06
7.888936221901632e+02 -8.309754341643003e-06
7.891004095092171e+02 -8.304296096639573e-06
7.893071968282707e+02 -8.298835408326242e-06
7.895139841473245e+02 -8.293372326086900e-06
7.897207714663783e+02 -8.287907032012919e-06
7.899275587854322e+02 -8.282439103246724e-06
7.901343461044859e+02 -8.276968865346663e-06
7.903411334235396e+02 -8.271496461697545e-06
7.905479207425935e+02 -8.266021191872755e-06
7.907547080616473e+02 -8.260544048394582e-06
7.909614953807010e+02 -8.255064134926673e-06
7.911682826997549e+02 -8.249582022283140e-06
7.913750700188086e+02 -8.244097380836052e-06
7.915818573378624e+02 -8.238610448788122e-06
7.917886446569161e+02 -8.233121050827967e-06
7.919954319759698e+02 -8.227629328441027e-06
7.922022192950237e+02 -8.222135127384226e-06
7.924090066140775e+02 -8.216638813108445e-06
7.926157939331312e+02 -8.211139698896539e-06
7.928225812521849e+02 -8.205638621304383e-06
7.930293685712388e+02 -8.200134849272893e-06
7.932361558902925e+02 -8.194628808618735e-06
7.934429432093463e+02 -8.189120370328890e-06
7.936497305284001e+02 -8.183609461951771e-06
7.938565178474539e+02 -8.178096350729158e-06
7.940633051665076e+02 -8.172580586588629e-06
7.942700924855615e+02 -8.167062622857530e-06
7.944768798046152e+02 -8.161542289795673e-06
7.946836671236691e+02 -8.156019284396912e-06
7.948904544427227e+02 -8.150494221502004e-06
7.950972417617766e+02 -8.144966553638898e-06
7.953040290808303e+02 -8.139436509523488e-06
7.955108163998842e+02 -8.133904119753736e-06
7.957176037189379e+02 -8.128369381352595e-06
7.959243910379917e+02 -8.122832091657802e-06
7.961311783570455e+02 -8.117292670150266e-06
7.963379656760993e+02 -8.111750579482377e-06
7.965447529951530e+02 -8.106206400409312e-06
7.967515403142069e+02 -8.100659510109665e-06
7.969583276332606e+02 -8.095110476066400e-06
7.971651149523144e+02 -8.089558866602837e-06
7.973719022713681e+02 -8.084004956060374e-06
7.975786895904220e+02 -8.078448562862133e-06
7.977854769094757e+02 -8.072889901400919e-06
7.979922642285295e+02 -8.067328731526950e-06
7.981990515475832e+02 -8.061765242583999e-06
7.984058388666369e+02 -8.056199337782582e-06
7.986126261856908e+02 -8.050631055873344e-06
7.988194135047445e+02 -8.045060345700530e-06
7.990262008237983e+02 -8.039487293902109e-06
7.992329881428522e+02 -8.033911798825108e-06
7.994397754619059e+02 -8.028333989372408e-06
7.996465627809596e+02 -8.022753552707360e-06
7.998533501000135e+02 -8.017171072802862e-06
8.000601374190672e+02 -8.011585721166091e-06
8.002669247381211e+02 -8.005998370665857e-06
8.004737120571747e+02 -8.000408418012224e-06
8.006804993762286e+02 -7.994816151275309e-06
8.008872866952823e+02 -7.989221448978711e-06
8.010940740143362e+02 -7.983624551628760e-06
8.013008613333899e+02 -7.978024911328516e-06
8.015076486524437e+02 -7.972423161514011e-06
8.017144359714976e+02 -7.966818964300384e-06
8.019212232905513e+02 -7.961212079009287e-06
8.021280106096050e+02 -7.955603257461103e-06
8.023347979286589e+02 -7.949991657069338e-06
8.025415852477126e+02 -7.944377814319385e-06
8.027483725667664e+02 -7.938761557303394e-06
8.029551598858201e+02 -7.933142854193664e-06
8.031619472048740e+02 -7.927521728923755e-06
8.033687345239277e+02 -7.921898238712799e-06
8.035755218429814e+02 -7.916272312281829e-06
8.037823091620352e+02 -7.910644136965306e-06
8.039890964810889e+02 -7.905013273626872e-06
8.041958838001428e+02 -7.899380441362167e-06
8.044026711191965e+02 -7.893744778394267e-06
8.046094584382503e+02 -7.888106990036328e-06
8.048162457573042e+02 -7.882466675919341e-06
8.050230330763579e+02 -7.876823957460343e-06
8.052298203954116e+02 -7.871178952758283e-06
8.054366077144655e+02 -7.865531327397553e-06
8.056433950335193e+02 -7.859881569134706e-06
8.058501823525731e+02 -7.854229215140357e-06
8.060569696716267e+02 -7.848574409393721e-06
8.062637569906806e+02 -7.842917393508584e-06
8.064705443097344e+02 -7.837257769797177e-06
8.066773316287882e+02 -7.831595751218331e-06
8.068841189478419e+02 -7.825931490508359e-06
8.070909062668957e+02 -7.820264632833087e-06
8.072976935859496e+02 -7.814595472457176e-06
8.075044809050033e+02 -7.808923938669734e-06
8.077112682240570e+02 -7.803249904961458e-06
8.079180555431109e+02 -7.797573603357986e-06
8.081248428621647e+02 -7.791894732024997e-06
8.083316301812185e+02 -7.786213602432986e-06
8.085384175002721e+02 -7.780529943282509e-06
8.087452048193260e+02 -7.774843925787579e-06
8.089519921383798e+02 -7.769155446119958e-06
8.091587794574334e+02 -7.763464646623008e-06
8.093655667764873e+02 -7.757771333510650e-06
8.095723540955411e+02 -7.752075658345851e-06
8.097791414145950e+02 -7.746377628121424e-06
8.099859287336486e+02 -7.740677072454181e-06
8.101927160527024e+02 -7.734974216294683e-06
8.103995033717563e+02 -7.729268901797971e-06
8.106062906908101e+02 -7.723561224333225e-06
8.108130780098637e+02 -7.717851122601311e-06
8.110198653289175e+02 -7.712138515691462e-06
8.112266526479714e+02 -7.706423745439710e-06
8.114334399670250e+02 -7.700706068519009e-06
8.116402272860788e+02 -7.694986494667993e-06
8.118470146051325e+02 -7.689264087981167e-06
8.120538019241864e+02 -7.683539515248407e-06
8.122605892432401e+02 -7.677812434592811e-06
8.124673765622938e+02 -7.672083136186520e-06
8.126741638813476e+02 -7.666351092836857e-06
8.128809512004015e+02 -7.660617024449856e-06
8.130877385194552e+02 -7.654880266305924e-06
8.132945258385089e+02 -7.649141026751919e-06
8.135013131575628e+02 -7.643399697755409e-06
8.137081004766166e+02 -7.637655586794373e-06
8.139148877956704e+02 -7.631909250497777e-06
8.141216751147241e+02 -7.626160551904717e-06
8.143284624337779e+02 -7.620409246455261e-06
8.145352497528318e+02 -7.614655638712817e-06
8.147420370718853e+02 -7.608899557143287e-06
8.149488243909392e+02 -7.603141057584689e-06
8.151556117099930e+02 -7.597380177932432e-06
8.153623990290469e+02 -7.591616774220071e-06
8.155691863481005e+02 -7.585851236490664e-06
8.157759736671543e+02 -7.580082885504545e-06
8.159827609862082e+02 -7.574312474717196e-06
8.161895483052620e+02 -7.568539406137676e-06
8.163963356243156e+02 -7.562763988656479e-06
8.166031229433695e+02 -7.556986200209832e-06
8.168099102624233e+02 -7.551205863035515e-06
8.170166975814772e+02 -7.545423323855707e-06
8.172234849005307e+02 -7.539638127351488e-06
8.174302722195846e+02 -7.533850608893208e-06
8.176370595386384e+02 -7.528060709366556e-06
8.178438468576923e+02 -7.522268211970051e-06
8.180506341767459e+02 -7.516473349614959e-06
8.182574214957997e+02 -7.510676200247827e-06
8.184642088148536e+02 -7.504876330005756e-06
8.186709961339074e+02 -7.499074355368958e-06
8.188777834529610e+02 -7.493269742864894e-06
8.190845707720149e+02 -7.487462819258479e-06
8.192913580910687e+02 -7.481653435140977e-06
8.194981454101226e+02 -7.475841602793314e-06
8.197049327291761e+02 -7.470027399586072e-06
8.199117200482300e+02 -7.464210687094474e-06
8.201185073672838e+02 -7.458391589487013e-06
8.203252946863374e+02 -7.452570018348584e-06
8.205320820053913e+02 -7.446746095259600e-06
8.207388693244451e+02 -7.440919616268008e-06
8.209456566434990e+02 -7.435090806958128e-06
8.211524439625526e+02 -7.429259581288721e-06
8.213592312816064e+02 -7.423425758671361e-06
8.215660186006603e+02 -7.417589727949186e-06
8.217728059197141e+02 -7.411751076219117e-06
8.219795932387677e+02 -7.405910158877956e-06
8.221863805578215e+02 -7.400066702352418e-06
8.223931678768754e+02 -7.394220883968189e-06
8.225999551959291e+02 -7.388372708012921e-06
8.228067425149828e+02 -7.382521748278268e-06
8.230135298340365e+02 -7.376668825568766e-06
8.232203171530904e+02 -7.370812938774541e-06
8.234271044721442e+02 -7.364954974444221e-06
8.236338917911978e+02 -7.359094415110382e-06
8.238406791102516e+02 -7.353231577590190e-06
8.240474664293055e+02 -7.347366095046171e-06
8.242542537483592e+02 -7.341498512465664e-06
8.244610410674129e+02 -7.335628162079220e-06
8.246678283864668e+02 -7.329755442948510e-06
8.248746157055206e+02 -7.323880469487510e-06
8.250814030245745e+02 -7.318002697221914e-06
8.252881903436281e+02 -7.312122776509567e-06
8.254949776626819e+02 -7.306240393454105e-06
8.257017649817358e+02 -7.300355390235344e-06
8.259085523007893e+02 -7.294468150858694e-06
8.261153396198432e+02 -7.288578336672937e-06
8.263221269388970e+02 -7.282686083436537e-06
8.265289142579509e+02 -7.276791389659599e-06
8.267357015770045e+02 -7.270894261938120e-06
8.269424888960583e+02 -7.264994773518594e-06
8.271492762151122e+02 -7.259092634725602e-06
8.273560635341660e+02 -7.253188351783381e-06
8.275628508532196e+02 -7.247281350436188e-06
8.277696381722735e+02 -7.241372020815952e-06
8.279764254913273e+02 -7.235460262873886e-06
8.281832128103812e+02 -7.229545978192850e-06
8.283900001294347e+02 -7.223629387415662e-06
8.285967874484886e+02 -7.217710206060990e-06
8.288035747675424e+02 -7.211788678343274e-06
8.290103620865963e+02 -7.205864688898314e-06
8.292171494056499e+02 -7.199938088792124e-06
8.294239367247037e+02 -7.194009184978397e-06
8.296307240437576e+02 -7.188077800527393e-06
8.298375113628114e+02 -7.182143773771692e-06
8.300442986818650e+02 -7.176207645200009e-06
8.302510860009189e+02 -7.170268722225646e-06
8.304578733199727e+02 -7.164327625523216e-06
8.306646606390266e+02 -7.158383902589808e-06
8.308714479580801e+02 -7.152437814645689e-06
8.310782352771340e+02 -7.146489263370179e-06
8.312850225961878e+02 -7.140538178996177e-06
8.314918099152414e+02 -7.134584733723154e-06
8.316985972342953e+02 -7.128628725665929e-06
8.319053845533491e+02 -7.122670384770036e-06
8.321121718724030e+02 -7.116709413078659e-06
8.323189591914567e+02 -7.110746198386688e-06
8.325257465105104e+02 -7.104780384086844e-06
8.327325338295643e+02 -7.098812074763494e-06
8.329393211486181e+02 -7.092841486638189e-06
8.331461084676718e+02 -7.086868178599340e-06
8.333528957867255e+02 -7.080892657525745e-06
8.335596831057794e+02 -7.074914493227976e-06
8.337664704248331e+02 -7.068934061553268e-06
8.339732577438868e+02 -7.062951093642046e-06
8.341800450629405e+02 -7.056965549654583e-06
8.343868323819944e+02 -7.050977840135875e-06
8.345936197010482e+02 -7.044987193241608e-06
8.348004070201018e+02 -7.038994444332157e-06
8.350071943391556e+02 -7.032999024847290e-06
8.352139816582095e+02 -7.027001246595392e-06
8.354207689772633e+02 -7.021000949295208e-06
8.356275562963169e+02 -7.014998368030857e-06
8.358343436153708e+02 -7.008993117902758e-06
8.360411309344246e+02 -7.002985459057350e-06
8.362479182534782e+02 -6.996975457433508e-06
8.364547055725321e+02 -6.990962611658653e-06
8.366614928915859e+02 -6.984947700997933e-06
8.368682802106398e+02 -6.978930097431736e-06
8.370750675296933e+02 -6.972910047802135e-06
8.372818548487472e+02 -6.966887655205760e-06
8.374886421678010e+02 -6.960862704950385e-06
8.376954294868549e+02 -6.954835223176430e-06
8.379022168059086e+02 -6.948805352621188e-06
8.381090041249623e+02 -6.942772971802018e-06
8.383157914440162e+02 -6.936738092123081e-06
8.385225787630700e+02 -6.930700746268610e-06
8.387293660821236e+02 -6.924661039611422e-06
8.389361534011775e+02 -6.918618676091472e-06
8.391429407202313e+02 -6.912573939361379e-06
8.393497280392852e+02 -6.906526751355252e-06
8.395565153583387e+02 -6.900476973458563e-06
8.397633026773926e+02 -6.894424853468468e-06
8.399700899964464e+02 -6.888370198243449e-06
8.401768773155003e+02 -6.882313081860595e-06
8.403836646345540e+02 -6.876253535484108e-06
8.405904519536077e+02 -6.870191319698786e-06
8.407972392726616e+02 -6.864126861194854e-06
8.410040265917154e+02 -6.858059674003430e-06
8.412108139107690e+02 -6.851990067927733e-06
8.414176012298229e+02 -6.845918137002401e-06
8.416243885488767e+02 -6.839843440996567e-06
8.418311758679304e+02 -6.833766586446727e-06
8.420379631869841e+02 -6.827686999496359e-06
8.422447505060380e+02 -6.821605097082670e-06
8.424515378250918e+02 -6.815520643912453e-06
8.426583251441455e+02 -6.809433632986358e-06
8.428651124631994e+02 -6.803344287960801e-06
8.430718997822531e+02 -6.797252235940781e-06
8.432786871013070e+02 -6.791157913773577e-06
8.434854744203607e+02 -6.785060860532518e-06
8.436922617394144e+02 -6.778961638534756e-06
8.438990490584683e+02 -6.772859610869318e-06
8.441058363775221e+02 -6.766755320909059e-06
8.443126236965758e+02 -6.760648489521121e-06
8.445194110156295e+02 -6.754539018675491e-06
8.447261983346834e+02 -6.748427258905804e-06
8.449329856537371e+02 -6.742312796036093e-06
8.451397729727909e+02 -6.736196065731646e-06
8.453465602918445e+02 -6.730076695566365e-06
8.455533476108984e+02 -6.723954914804198e-06
8.457601349299522e+02 -6.717830740725599e-06
8.459669222490058e+02 -6.711703775985274e-06
8.461737095680596e+02 -6.705574585255504e-06
8.463804968871135e+02 -6.699442683332739e-06
8.465872842061673e+02 -6.693308343555695e-06
8.467940715252209e+02 -6.687171545528973e-06
8.470008588442748e+02 -6.681032280087129e-06
8.472076461633286e+02 -6.674890507969189e-06
8.474144334823823e+02 -6.668746184699326e-06
8.476212208014362e+02 -6.662599536823194e-06
8.478280081204899e+02 -6.656449969850097e-06
8.480347954395438e+02 -6.650298376084138e-06
8.482415827585974e+02 -6.644143840434217e-06
8.484483700776512e+02 -6.637987110090433e-06
8.486551573967050e+02 -6.631827755129506e-06
8.488619447157589e+02 -6.625666030303108e-06
8.490687320348126e+02 -6.619501572476633e-06
8.492755193538663e+02 -6.613334895691999e-06
8.494823066729202e+02 -6.607165460345447e-06
8.496890939919740e+02 -6.600993581406649e-06
8.498958813110277e+02 -6.594819279561157e-06
8.501026686300816e+02 -6.588642384810732e-06
8.503094559491353e+02 -6.582462988097684e-06
8.505162432681892e+02 -6.576281091933469e-06
8.507230305872428e+02 -6.570096753497467e-06
8.509298179062966e+02 -6.563909709859988e-06
8.511366052253504e+02 -6.557720379363423e-06
8.513433925444043e+02 -6.551528440930117e-06
8.515501798634580e+02 -6.545333968576153e-06
8.517569671825117e+02 -6.539137126386205e-06
8.519637545015656e+02 -6.532937525540167e-06
8.521705418206194e+02 -6.526735714362148e-06
8.523773291396731e+02 -6.520530986199477e-06
8.525841164587270e+02 -6.514324061510560e-06
8.527909037777807e+02 -6.508114472872771e-06
8.529976910968344e+02 -6.501902304670412e-06
8.532044784158882e+02 -6.495687850022417e-06
8.534112657349420e+02 -6.489470628613813e-06
8.536180530539958e+02 -6.483251115681565e-06
8.538248403730495e+02 -6.477028946120022e-06
8.540316276921034e+02 -6.470804253821036e-06
8.542384150111571e+02 -6.464577173787804e-06
8.544452023302110e+02 -6.458347287115859e-06
8.546519896492647e+02 -6.452115173515470e-06
8.548587769683185e+02 -6.445880223726031e-06
8.550655642873722e+02 -6.439643103169197e-06
8.552723516064261e+02 -6.433403064586192e-06
8.554791389254798e+02 -6.427160958061370e-06
8.556859262445336e+02 -6.420915979880380e-06
8.558927135635874e+02 -6.414668625394785e-06
8.560995008826411e+02 -6.408418739563563e-06
8.563062882016949e+02 -6.402166189750459e-06
8.565130755207485e+02 -6.395911267905769e-06
8.567198628398024e+02 -6.389653676741755e-06
8.569266501588562e+02 -6.383393710281372e-06
8.571334374779099e+02 -6.377131200912249e-06
8.573402247969636e+02 -6.370866058615649e-06
8.575470121160175e+02 -6.364598537872381e-06
8.577537994350713e+02 -6.358328304197291e-06
8.579605867541250e+02 -6.352055574262481e-06
8.581673740731788e+02 -6.345780335115328e-06
8.583741613922326e+02 -6.339502542499246e-06
8.585809487112863e+02 -6.333222304077286e-06
8.587877360303402e+02 -6.326939401000462e-06
8.589945233493939e+02 -6.320654228695698e-06
8.592013106684478e+02 -6.314366061342259e-06
8.594080979875014e+02 -6.308075845895490e-06
8.596148853065553e+02 -6.301782538953951e-06
8.598216726256090e+02 -6.295487183694851e-06
8.600284599446629e+02 -6.289188888904622e-06
8.602352472637166e+02 -6.282888518765017e-06
8.604420345827704e+02 -6.276585093036007e-06
8.606488219018242e+02 -6.270279703734469e-06
8.608556092208780e+02 -6.263971212134760e-06
8.610623965399317e+02 -6.257660517659158e-06
8.612691838589856e+02 -6.251347216944186e-06
8.614759711780393e+02 -6.245031220882418e-06
8.616827584970932e+02 -6.238712863384941e-06
8.618895458161468e+02 -6.232391823349910e-06
8.620963331352007e+02 -6.226068376887962e-06
8.623031204542544e+02 -6.219742116862747e-06
8.625099077733083e+02 -6.213413652868739e-06
8.627166950923620e+02 -6.207082381113870e-06
8.629234824114158e+02 -6.200748635195107e-06
8.631302697304696e+02 -6.194412484494939e-06
8.633370570495233e+02 -6.188073513394467e-06
8.635438443685771e+02 -6.181732311659004e-06
8.637506316876310e+02 -6.175388127931519e-06
8.639574190066847e+02 -6.169041829352797e-06
8.641642063257384e+02 -6.162692590543466e-06
8.643709936447922e+02 -6.156340989170028e-06
8.645777809638461e+02 -6.149986883598370e-06
8.647845682828998e+02 -6.143630033102598e-06
8.649913556019535e+02 -6.137270891970299e-06
8.651981429210074e+02 -6.130908962796482e-06
8.654049302400612e+02 -6.124544622075298e-06
8.656117175591150e+02 -6.118177714095484e-06
8.658185048781687e+02 -6.111808048167647e-06
8.660252921972225e+02 -6.105436090734514e-06
8.662320795162763e+02 -6.099061237326780e-06
8.664388668353301e+02 -6.092684116286670e-06
8.666456541543838e+02 -6.086304101967921e-06
8.668524414734376e+02 -6.079922004450829e-06
8.670592287924915e+02 -6.073536839067233e-06
8.672660161115451e+02 -6.067149587722263e-06
8.674728034305989e+02 -6.060759464292988e-06
8.676795907496526e+02 -6.054366846526504e-06
8.678863780687064e+02 -6.047971666836751e-06
8.680931653877602e+02 -6.041573826546059e-06
8.682999527068139e+02 -6.035173527185603e-06
8.685067400258677e+02 -6.028770628970856e-06
8.687135273449215e+02 -6.022365167271685e-06
8.689203146639752e+02 -6.015957221128214e-06
8.691271019830290e+02 -6.009546575632765e-06
8.693338893020829e+02 -6.003133408486346e-06
8.695406766211366e+02 -5.996717592830813e-06
8.697474639401903e+02 -5.990299262387103e-06
8.699542512592442e+02 -5.983878345637538e-06
8.701610385782980e+02 -5.977454799774291e-06
8.703678258973518e+02 -5.971028945897354e-06
8.705746132164054e+02 -5.964600076217991e-06
8.707814005354593e+02 -5.958169093976559e-06
8.709881878545131e+02 -5.951735007882858e-06
8.711949751735669e+02 -5.945298807408564e-06
8.714017624926206e+02 -5.938859512258848e-06
8.716085498116744e+02 -5.932418334676031e-06
8.718153371307283e+02 -5.925973783059021e-06
8.720221244497820e+02 -5.919527512179140e-06
8.722289117688357e+02 -5.913077809008168e-06
8.724356990878896e+02 -5.906626213898209e-06
8.726424864069434e+02 -5.900171658202852e-06
8.728492737259971e+02 -5.893714502464863e-06
8.730560610450508e+02 -5.887254992067745e-06
8.732628483641047e+02 -5.880792629255933e-06
8.734696356831585e+02 -5.874327904327084e-06
8.736764230022123e+02 -5.867860299999946e-06
8.738832103212660e+02 -5.861390509972398e-06
8.740899976403198e+02 -5.854917701839152e-06
8.742967849593737e+02 -5.848442581218812e-06
8.745035722784273e+02 -5.841964869695148e-06
8.747103595974811e+02 -5.835484365341831e-06
8.749171469165350e+02 -5.829001537862766e-06
8.751239342355888e+02 -5.822515775843563e-06
8.753307215546424e+02 -5.816027789347159e-06
8.755375088736962e+02 -5.809536781288565e-06
8.757442961927501e+02 -5.803043511454920e-06
8.759510835118039e+02 -5.796547535268687e-06
8.761578708308575e+02 -5.790048853539040e-06
8.763646581499114e+02 -5.783547860064860e-06
8.765714454689652e+02 -5.777043938275242e-06
8.767782327880191e+02 -5.770537747019505e-06
8.769850201070727e+02 -5.764028731066620e-06
8.771918074261265e+02 -5.757517265637268e-06
8.773985947451803e+02 -5.751002977714413e-06
8.776053820642342e+02 -5.744486072291683e-06
8.778121693832878e+02 -5.737966707453147e-06
8.780189567023416e+02 -5.731444554361320e-06
8.782257440213955e+02 -5.724920059172867e-06
8.784325313404491e+02 -5.718392557331006e-06
8.786393186595029e+02 -5.711863057825191e-06
8.788461059785566e+02 -5.705330412523660e-06
8.790528932976105e+02 -5.698795519199440e-06
8.792596806166642e+02 -5.692257829192159e-06
8.794664679357179e+02 -5.685717503956680e-06
8.796732552547717e+02 -5.679174600524947e-06
8.798800425738256e+02 -5.672629060811330e-06
8.800868298928792e+02 -5.666080929751421e-06
8.802936172119330e+02 -5.659530266807314e-06
8.805004045309869e+02 -5.652976901121355e-06
8.807071918500407e+02 -5.646421019272175e-06
8.809139791690943e+02 -5.639862331366014e-06
8.811207664881482e+02 -5.633301240510410e-06
8.813275538072020e+02 -5.626737259402811e-06
8.815343411262559e+02 -5.620170852436005e-06
8.817411284453094e+02 -5.613601908035048e-06
8.819479157643633e+02 -5.607030033569940e-06
8.821547030834171e+02 -5.600455955642143e-06
8.823614904024710e+02 -5.593878836980382e-06
8.825682777215246e+02 -5.587299381417806e-06
8.827750650405784e+02 -5.580716939531004e-06
8.829818523596323e+02 -5.574132403175781e-06
8.831886396786861e+02 -5.567544509575693e-06
8.833954269977397e+02 -5.560954958145686e-06
8.836022143167936e+02 -5.554361749822414e-06
8.838090016358474e+02 -5.547766879279515e-06
8.840157889549012e+02 -5.541168680961893e-06
8.842225762739548e+02 -5.534568110722555e-06
8.844293635930087e+02 -5.527965020212931e-06
8.846361509120625e+02 -5.521358994400389e-06
8.848429382311164e+02 -5.514750626108402e-06
8.850497255501700e+02 -5.508139348481467e-06
8.852565128692238e+02 -5.501525793377066e-06
8.854633001882777e+02 -5.494909134390424e-06
8.856700875073313e+02 -5.488290290873964e-06
8.858768748263851e+02 -5.481668588260421e-06
8.860836621454389e+02 -5.475044220520405e-06
8.862904494644928e+02 -5.468417363444031e-06
8.864972367835464e+02 -5.461787676733119e-06
8.867040241026002e+02 -5.455155516286263e-06
8.869108114216541e+02 -5.448520459559877e-06
8.871175987407079e+02 -5.441883041649450e-06
8.873243860597615e+02 -5.435242828647378e-06
8.875311733788154e+02 -5.428599924845060e-06
8.877379606978692e+02 -5.421954679938687e-06
8.879447480169231e+02 -5.415306393606854e-06
8.881515353359767e+02 -5.408655965264407e-06
8.883583226550305e+02 -5.402002568739450e-06
8.885651099740843e+02 -5.395348332377435e-06
8.887718972931382e+02 -5.388686806654672e-06
8.889786846121918e+02 -5.382025844357453e-06
8.891854719312456e+02 -5.375361936757855e-06
8.893922592502995e+02 -5.368695285231113e-06
8.895990465693532e+02 -5.362025912118907e-06
8.898058338884069e+02 -5.355353781309740e-06
8.900126212074606e+02 -5.348679408083452e-06
8.902194085265145e+02 -5.342001839383032e-06
8.904261958455683e+02 -5.335322198536101e-06
8.906329831646219e+02 -5.328639539057603e-06
8.908397704836757e+02 -5.321954294691579e-06
8.910465578027296e+02 -5.315266392785183e-06
8.912533451217832e+02 -5.308575749033360e-06
8.914601324408370e+02 -5.301882471759081e-06
8.916669197598909e+02 -5.295186604066226e-06
8.918737070789447e+02 -5.288488011385115e-06
8.920804943979983e+02 -5.281786908866267e-06
8.922872817170522e+02 -5.275082890772067e-06
8.924940690361060e+02 -5.268376569751246e-06
8.927008563551598e+02 -5.261667031813060e-06
8.929076436742134e+02 -5.254955342964275e-06
8.931144309932673e+02 -5.248240718108150e-06
8.933212183123211e+02 -5.241523356569377e-06
8.935280056313750e+02 -5.234803671704078e-06
8.937347929504286e+02 -5.228080970263516e-06
8.939415802694824e+02 -5.221355739505554e-06
8.941483675885363e+02 -5.214627741708721e-06
8.943551549075901e+02 -5.207897270462823e-06
8.945619422266437e+02 -5.201163611211078e-06
8.947687295456976e+02 -5.194428150755684e-06
8.949755168647514e+02 -5.187688987260364e-06
8.951823041838052e+02 -5.180948208477854e-06
8.953890915028588e+02 -5.174203876712979e-06
8.955958788219127e+02 -5.167457380532630e-06
8.958026661409665e+02 -5.160708103850708e-06
8.960094534600202e+02 -5.153955916773875e-06
8.962162407790740e+02 -5.147201351837439e-06
8.964230280981278e+02 -5.140443854749946e-06
8.966298154171817e+02 -5.133683908460151e-06
8.968366027362354e+02 -5.126920943987343e-06
8.970433900552891e+02 -5.120155748162468e-06
8.972501773743429e+02 -5.113387499929825e-06
8.974569646933968e+02 -5.106616740259033e-06
8.976637520124505e+02 -5.099843287027428e-06
8.978705393315042e+02 -5.093067107207043e-06
8.980773266505581e+02 -5.086288177844294e-06
8.982841139696119e+02 -5.079506578049785e-06
8.984909012886656e+02 -5.072722340541665e-06
8.986976886077194e+02 -5.065935366310658e-06
8.989044759267732e+02 -5.059145660482459e-06
8.991112632458271e+02 -5.052353590549152e-06
8.993180505648807e+02 -5.045558420926984e-06
8.995248378839345e+02 -5.038761198258913e-06
8.997316252029883e+02 -5.031961139186412e-06
8.999384125220422e+02 -5.025163986633854e-06
9.001451998410959e+02 -5.018348496840113e-06
9.003519871601496e+02 -5.011541485339818e-06
9.005587744792035e+02 -5.004730526074919e-06
9.007655617982572e+02 -4.997916801992977e-06
9.009723491173110e+02 -4.991100055144402e-06
9.011791364363646e+02 -4.984280766177350e-06
9.013859237554185e+02 -4.977458755590571e-06
9.015927110744723e+02 -4.970633748207978e-06
9.017994983935259e+02 -4.963806615596214e-06
9.020062857125797e+02 -4.956976327089357e-06
9.022130730316336e+02 -4.950143529666835e-06
9.024198603506873e+02 -4.943308043931017e-06
9.026266476697410e+02 -4.936469631488331e-06
9.028334349887949e+02 -4.929628629152346e-06
9.030402223078487e+02 -4.922784870322429e-06
9.032470096269024e+02 -4.915938387879630e-06
9.034537969459562e+02 -4.909089347503756e-06
9.036605842650100e+02 -4.902237357298017e-06
9.038673715840638e+02 -4.895383086450061e-06
9.040741589031174e+02 -4.888525394411855e-06
9.042809462221713e+02 -4.881665752877517e-06
9.044877335412251e+02 -4.874802749959486e-06
9.046945208602790e+02 -4.867937243170424e-06
9.049013081793327e+02 -4.861069260481099e-06
9.051080954983864e+02 -4.854198166498081e-06
9.053148828174403e+02 -4.847324609138420e-06
9.055216701364941e+02 -4.840448275768754e-06
9.057284574555478e+02 -4.833569120009314e-06
9.059352447746016e+02 -4.826687117958665e-06
9.061420320936554e+02 -4.819802930676969e-06
9.063488194127092e+02 -4.812915178636599e-06
9.065556067317629e+02 -4.806025685893610e-06
9.067623940508167e+02 -4.799132592867439e-06
9.069691813698705e+02 -4.792237384970910e-06
9.071759686889242e+02 -4.785339184639849e-06
9.073827560079781e+02 -4.778438147128268e-06
9.075895433270318e+02 -4.771534641040015e-06
9.077963306460857e+02 -4.764628162971656e-06
9.080031179651394e+02 -4.757719061745313e-06
9.082099052841932e+02 -4.750807120163974e-06
9.084166926032469e+02 -4.743892689476554e-06
9.086234799223008e+02 -4.736975211047148e-06
9.088302672413545e+02 -4.730055272927042e-06
9.090370545604083e+02 -4.723132468956556e-06
9.092438418794621e+02 -4.716206994304363e-06
9.094506291985159e+02 -4.709278563932201e-06
9.096574165175696e+02 -4.702347637350872e-06
9.098642038366235e+02 -4.695413719011378e-06
9.100709911556772e+02 -4.688477200582211e-06
9.102777784747311e+02 -4.681537816198777e-06
9.104845657937847e+02 -4.674596002377937e-06
9.106913531128386e+02 -4.667650988496750e-06
9.108981404318923e+02 -4.660703748378176e-06
9.111049277509462e+02 -4.653753258211069e-06
9.113117150699999e+02 -4.646800502133954e-06
9.115185023890537e+02 -4.639844559735850e-06
9.117252897081075e+02 -4.632886440376327e-06
9.119320770271612e+02 -4.625924921318931e-06
9.121388643462150e+02 -4.618960990656239e-06
9.123456516652686e+02 -4.611994093535713e-06
9.125524389843225e+02 -4.605024702334110e-06
9.127592263033763e+02 -4.598052204383216e-06
9.129660136224300e+02 -4.591077029782912e-06
9.131728009414837e+02 -4.584099426371942e-06
9.133795882605376e+02 -4.577118682595728e-06
9.135863755795913e+02 -4.570135500026217e-06
9.137931628986451e+02 -4.563149609408396e-06
9.139999502176989e+02 -4.556160621443780e-06
9.142067375367527e+02 -4.549169203864607e-06
9.144135248558064e+02 -4.542174739442980e-06
9.146203121748603e+02 -4.535177648711273e-06
9.148270994939140e+02 -4.528177862130900e-06
9.150338868129678e+02 -4.521175182905754e-06
9.152406741320215e+02 -4.514170181324913e-06
9.154474614510754e+02 -4.507161764591088e-06
9.156542487701291e+02 -4.500151502557703e-06
9.158610360891830e+02 -4.493137678820840e-06
9.160678234082367e+02 -4.486121673029149e-06
9.162746107272905e+02 -4.479103288398092e-06
9.164813980463443e+02 -4.472082121823476e-06
9.166881853653981e+02 -4.465060219313214e-06
9.168949726844518e+02 -4.458041873749118e-06
9.171017600035055e+02 -4.450911764345596e-06
9.173085473225594e+02 -4.443948772259072e-06
9.175153346416132e+02 -4.436918472570671e-06
9.177221219606669e+02 -4.429881381919463e-06
9.179289092797208e+02 -4.422841279200202e-06
9.181356965987745e+02 -4.415797260658268e-06
9.183424839178282e+02 -4.408750790166906e-06
9.185492712368821e+02 -4.401701135808163e-06
9.187560585559359e+02 -4.394648587050915e-06
9.189628458749897e+02 -4.387593415993286e-06
9.191696331940434e+02 -4.380535173059159e-06
9.193764205130972e+02 -4.373474177092116e-06
9.195832078321509e+02 -4.366410452602787e-06
9.197899951512048e+02 -4.359343861323316e-06
9.199967824702585e+02 -4.352274412523236e-06
9.202035697893123e+02 -4.345202357520007e-06
9.204103571083662e+02 -4.338127369623911e-06
9.206171444274199e+02 -4.331049698248687e-06
9.208239317464736e+02 -4.323968986112426e-06
9.210307190655275e+02 -4.316885817045070e-06
9.212375063845813e+02 -4.309799376231708e-06
9.214442937036351e+02 -4.302710478198610e-06
9.216510810226887e+02 -4.295618545901601e-06
9.218578683417426e+02 -4.288524141356296e-06
9.220646556607963e+02 -4.281426520749539e-06
9.222714429798502e+02 -4.274326603668001e-06
9.224782302989039e+02 -4.267223459668875e-06
9.226850176179577e+02 -4.260117794785422e-06
9.228918049370116e+02 -4.253009070805048e-06
9.230985922560652e+02 -4.245897839795419e-06
9.233053795751190e+02 -4.238783687202817e-06
9.235121668941727e+02 -4.231666438006555e-06
9.237189542132264e+02 -4.224546914516388e-06
9.239257415322803e+02 -4.217424477003959e-06
9.241325288513340e+02 -4.210298856465825e-06
9.243393161703877e+02 -4.203170731181340e-06
9.245461034894416e+02 -4.196039759991170e-06
9.247528908084953e+02 -4.188905805841789e-06
9.249596781275491e+02 -4.181769409283376e-06
9.251664654466030e+02 -4.174630266028523e-06
9.253732527656567e+02 -4.167488000119388e-06
9.255800400847104e+02 -4.160343520884111e-06
9.257868274037643e+02 -4.153195711490671e-06
9.259936147228181e+02 -4.146045538010208e-06
9.262004020418718e+02 -4.138892514217679e-06
9.264071893609255e+02 -4.131736824165884e-06
9.266139766799794e+02 -4.124578872581353e-06
9.268207639990331e+02 -4.117417852698591e-06
9.270275513180870e+02 -4.110255316518349e-06
9.272343386371407e+02 -4.103089738713971e-06
9.274411259561945e+02 -4.095923061950754e-06
9.276479132752484e+02 -4.088755682982437e-06
9.278547005943021e+02 -4.081589045799940e-06
9.280614879133558e+02 -4.074432058922125e-06
9.282682752324096e+02 -4.067325084724006e-06
9.284750625514635e+02 -4.059396694450897e-06
9.286818498705171e+02 -4.052720491156697e-06
9.288886371895709e+02 -4.045573042859377e-06
9.290954245086248e+02 -4.038395419280650e-06
9.293022118276785e+02 -4.031207719441008e-06
9.295089991467322e+02 -4.024013414196299e-06
9.297157864657861e+02 -4.016814976612171e-06
9.299225737848399e+02 -4.009612566227125e-06
9.301293611038938e+02 -4.002406621372082e-06
9.303361484229473e+02 -3.995197632252997e-06
9.305429357420012e+02 -3.987985218972026e-06
9.307497230610550e+02 -3.980769848059728e-06
9.309565103801089e+02 -3.973551580152538e-06
9.311632976991625e+02 -3.966330039158174e-06
9.313700850182163e+02 -3.959105801012541e-06
9.315768723372702e+02 -3.951878569905631e-06
9.317836596563239e+02 -3.944648416299526e-06
9.319904469753776e+02 -3.937415438291912e-06
9.321972342944315e+02 -3.930179397059783e-06
9.324040216134853e+02 -3.922940761366421e-06
9.326108089325392e+02 -3.915698702246692e-06
9.328175962515927e+02 -3.908454211376959e-06
9.330243835706466e+02 -3.901206494250685e-06
9.332311708897004e+02 -3.893956251325675e-06
9.334379582087543e+02 -3.886702861114049e-06
9.336447455278079e+02 -3.879447703047543e-06
9.338515328468617e+02 -3.872185417564969e-06
9.340583201659156e+02 -3.864924708507189e-06
9.342651074849692e+02 -3.857660040449231e-06
9.344718948040230e+02 -3.850392333106262e-06
9.346786821230767e+02 -3.843121712141463e-06
9.348854694421304e+02 -3.835848152918346e-06
9.350922567611843e+02 -3.828571959601078e-06
9.352990440802380e+02 -3.821292636380431e-06
9.355058313992918e+02 -3.814010373001155e-06
9.357126187183457e+02 -3.806725419831438e-06
9.359194060373993e+02 -3.799437268563349e-06
9.361261933564531e+02 -3.792146251161520e-06
9.363329806755070e+02 -3.784852558466308e-06
9.365397679945607e+02 -3.777555946035271e-06
9.367465553136144e+02 -3.770256206307895e-06
9.369533426326682e+02 -3.762954200995949e-06
9.371601299517221e+02 -3.755648523253888e-06
9.373669172707758e+02 -3.748340550680946e-06
9.375737045898295e+02 -3.741029271129929e-06
9.377804919088834e+02 -3.733715219847873e-06
9.379872792279372e+02 -3.726398492744050e-06
9.381940665469911e+02 -3.719078406734703e-06
9.384008538660447e+02 -3.711756235533683e-06
9.386076411850985e+02 -3.704430289731605e-06
9.388144285041524e+02 -3.697102104484663e-06
9.390212158232061e+02 -3.689771034510332e-06
9.392280031422598e+02 -3.682436300447856e-06
9.394347904613136e+02 -3.675100323888873e-06
9.396415777803675e+02 -3.667760397690065e-06
9.398483650994211e+02 -3.660419632963710e-06
9.400551524184749e+02 -3.653083336361162e-06
9.402619397375288e+02 -3.645689899794865e-06
9.404687270565826e+02 -3.638358549601364e-06
9.406755143756362e+02 -3.631006987792643e-06
9.408823016946901e+02 -3.623650266696871e-06
9.410890890137439e+02 -3.616290273203879e-06
9.412958763327978e+02 -3.608927079317826e-06
9.415026636518513e+02 -3.601560617236454e-06
9.417094509709052e+02 -3.594191434017487e-06
9.419162382899590e+02 -3.586818916337722e-06
9.421230256090129e+02 -3.579443641735955e-06
9.423298129280665e+02 -3.572065396920053e-06
9.425366002471203e+02 -3.564683868822405e-06
9.427433875661742e+02 -3.557299807002058e-06
9.429501748852280e+02 -3.549912444727312e-06
9.431569622042816e+02 -3.542522323856017e-06
9.433637495233355e+02 -3.535129231180271e-06
9.435705368423893e+02 -3.527733144908340e-06
9.437773241614432e+02 -3.520334293603961e-06
9.439841114804967e+02 -3.512932058626168e-06
9.441908987995506e+02 -3.505527320805919e-06
9.443976861186044e+02 -3.498119250265727e-06
9.446044734376583e+02 -3.490708651046972e-06
9.448112607567119e+02 -3.483295169976308e-06
9.450180480757657e+02 -3.475881682058460e-06
9.452248353948196e+02 -3.468450603306298e-06
9.454316227138733e+02 -3.461035223450087e-06
9.456384100329270e+02 -3.453603212516348e-06
9.458451973519807e+02 -3.446175954252414e-06
9.460519846710345e+02 -3.438744430524160e-06
9.462587719900883e+02 -3.431309466483436e-06
9.464655593091420e+02 -3.423871672683715e-06
9.466723466281958e+02 -3.416430391310063e-06
9.468791339472497e+02 -3.408986400568772e-06
9.470859212663033e+02 -3.401539214115617e-06
9.472927085853571e+02 -3.394088684666419e-06
9.474994959044110e+02 -3.386635221007031e-06
9.477062832234648e+02 -3.379178649805040e-06
9.479130705425184e+02 -3.371718913088077e-06
9.481198578615722e+02 -3.364255996005490e-06
9.483266451806261e+02 -3.356790456954985e-06
9.485334324996799e+02 -3.349321034794850e-06
9.487402198187335e+02 -3.341849172921145e-06
9.489470071377874e+02 -3.334373552804651e-06
9.491537944568412e+02 -3.326894950321008e-06
9.493605817758951e+02 -3.319413250138885e-06
9.495673690949487e+02 -3.311927838066005e-06
9.497741564140025e+02 -3.304439995925775e-06
9.499809437330564e+02 -3.296947898333827e-06
9.501877310521101e+02 -3.289453224787070e-06
9.503945183711638e+02 -3.281954983349111e-06
9.506013056902176e+02 -3.274452510757870e-06
9.508080930092715e+02 -3.266948226017301e-06
9.510148803283251e+02 -3.259438279766727e-06
9.512216676473789e+02 -3.251926536680845e-06
9.514284549664328e+02 -3.244410167667509e-06
9.516352422854866e+02 -3.236890190274806e-06
9.518420296045402e+02 -3.229366607143344e-06
9.520488169235941e+02 -3.221838964915331e-06
9.522556042426479e+02 -3.214307121658647e-06
9.524623915617018e+02 -3.206771215035648e-06
9.526691788807553e+02 -3.199230920866324e-06
9.528759661998092e+02 -3.191685654024760e-06
9.530827535188630e+02 -3.184135842684136e-06
9.532895408379169e+02 -3.176580310192523e-06
9.534963281569705e+02 -3.169019398712302e-06
9.537031154760243e+02 -3.161452033820156e-06
9.539099027950782e+02 -3.153877591362129e-06
9.541166901141320e+02 -3.146295657156378e-06
9.543234774331856e+02 -3.138704233351456e-06
9.545302647522395e+02 -3.131102535133886e-06
9.547370520712933e+02 -3.123487871353275e-06
9.549438393903472e+02 -3.115857285002988e-06
9.551506267094007e+02 -3.108206147675285e-06
9.553574140284546e+02 -3.100526933396337e-06
9.555642013475084e+02 -3.092808529957675e-06
9.557709886665621e+02 -3.085029853407799e-06
9.559777759856159e+02 -3.077152596578186e-06
9.561845633046697e+02 -3.069091224952359e-06
9.563913506237236e+02 -3.060618749863264e-06
9.565981379427773e+02 -3.050846749895837e-06
9.568049252618310e+02 -3.029611777760938e-06
9.570117125808847e+02 -3.052552580771903e-06
9.572184998999385e+02 -3.037762592026944e-06
9.574252872189924e+02 -3.028468664648895e-06
9.576320745380460e+02 -3.020112008087192e-06
9.578388618570998e+02 -3.012082094484595e-06
9.580456491761537e+02 -3.004202571507723e-06
9.582524364952073e+02 -2.996404553283405e-06
9.584592238142611e+02 -2.988654083284460e-06
9.586660111333150e+02 -2.980933831033457e-06
9.588727984523688e+02 -2.973233553654528e-06
9.590795857714224e+02 -2.965546447462994e-06
9.592863730904762e+02 -2.957868489142337e-06
9.594931604095301e+02 -2.950196824984020e-06
9.596999477285839e+02 -2.942529640466461e-06
9.599067350476375e+02 -2.934864716463466e-06
9.601135223666914e+02 -2.927202058863286e-06
9.603203096857452e+02 -2.919539655946292e-06
9.605270970047991e+02 -2.911877621244772e-06
9.607338843238527e+02 -2.904215328811186e-06
9.609406716429065e+02 -2.896551728793356e-06
9.611474589619604e+02 -2.888888010876348e-06
9.613542462810140e+02 -2.881221753951338e-06
9.615610336000678e+02 -2.873554998874555e-06
9.617678209191216e+02 -2.865885984167662e-06
9.619746082381755e+02 -2.858214467768981e-06
9.621813955572292e+02 -2.850542519337008e-06
9.623881828762829e+02 -2.842865954483981e-06
9.625949701953368e+02 -2.835189596240164e-06
9.628017575143906e+02 -2.827509074926662e-06
9.630085448334443e+02 -2.819826951429256e-06
9.632153321524981e+02 -2.812142300438520e-06
9.634221194715519e+02 -2.804454996681751e-06
9.636289067906058e+02 -2.796765123925755e-06
9.638356941096594e+02 -2.789072799144321e-06
9.640424814287132e+02 -2.781377842791117e-06
9.642492687477670e+02 -2.773679914728515e-06
9.644560560668209e+02 -2.765979736967259e-06
9.646628433858746e+02 -2.758276325737258e-06
9.648696307049283e+02 -2.750570577224045e-06
9.650764180239822e+02 -2.742861698131161e-06
9.652832053430360e+02 -2.735150168856816e-06
9.654899926620897e+02 -2.727435883745169e-06
9.656967799811435e+02 -2.719718433791524e-06
9.659035673001973e+02 -2.711998441596157e-06
9.661103546192512e+02 -2.704275388660723e-06
9.663171419383048e+02 -2.696549531136240e-06
9.665239292573586e+02 -2.688820841023012e-06
9.667307165764124e+02 -2.681089143097871e-06
9.669375038954661e+02 -2.673354700296786e-06
9.671442912145200e+02 -2.665617042293728e-06
9.673510785335737e+02 -2.657876584481660e-06
9.675578658526276e+02 -2.650132934000804e-06
9.677646531716813e+02 -2.642386726933637e-06
9.679714404907351e+02 -2.634636493664568e-06
9.681782278097887e+02 -2.626881554539189e-06
9.683850151288425e+02 -2.619133863759154e-06
9.685918024478964e+02 -2.611377293056210e-06
9.687985897669500e+02 -2.603610944141170e-06
9.690053770860038e+02 -2.595847021636649e-06
9.692121644050577e+02 -2.588079636213548e-06
9.694189517241114e+02 -2.580309383320520e-06
9.696257390431651e+02 -2.572536286021518e-06
9.698325263622190e+02 -2.564759889864402e-06
9.700393136812728e+02 -2.556980736083854e-06
9.702461010003265e+02 -2.549198581444044e-06
9.704528883193802e+02 -2.541413100300977e-06
9.706596756384341e+02 -2.533624691254969e-06
9.708664629574879e+02 -2.525833190813666e-06
9.710732502765416e+02 -2.518038655593222e-06
9.712800375955954e+02 -2.510240877761407e-06
9.714868249146492e+02 -2.502440345072006e-06
9.716936122337031e+02 -2.494636379486365e-06
9.719003995527568e+02 -2.486829334947287e-06
9.721071868718105e+02 -2.479019234472438e-06
9.723139741908644e+02 -2.471205171235459e-06
9.725207615099180e+02 -2.463388697410647e-06
9.727275488289719e+02 -2.455566883009439e-06
9.729343361480256e+02 -2.447741960243611e-06
9.731411234670795e+02 -2.439909086591811e-06
9.733479107861332e+02 -2.432059400930692e-06
9.735546981051870e+02 -2.423909657126083e-06
9.737614854242408e+02 -2.416503736958077e-06
9.739682727432946e+02 -2.408634552919225e-06
9.741750600623483e+02 -2.400783312873190e-06
9.743818473814022e+02 -2.392935785598551e-06
9.745886347004559e+02 -2.385086732757167e-06
9.747954220195098e+02 -2.377235463607633e-06
9.750022093385634e+02 -2.369381854575276e-06
9.752089966576173e+02 -2.361525554294975e-06
9.754157839766710e+02 -2.353666377134934e-06
9.756225712957249e+02 -2.345804117783358e-06
9.758293586147786e+02 -2.337939291516912e-06
9.760361459338324e+02 -2.330070977024204e-06
9.762429332528862e+02 -2.322200072544973e-06
9.764497205719400e+02 -2.314325743990122e-06
9.766565078909937e+02 -2.306448727498624e-06
9.768632952100476e+02 -2.298568399975301e-06
9.770700825291013e+02 -2.290685038725265e-06
9.772768698481552e+02 -2.282798676013751e-06
9.774836571672088e+02 -2.274909135328281e-06
9.776904444862627e+02 -2.267016499810908e-06
9.778972318053164e+02 -2.259120895206783e-06
9.781040191243701e+02 -2.251222141289782e-06
9.783108064434240e+02 -2.243320373660932e-06
9.785175937624778e+02 -2.235415423915698e-06
9.787243810815316e+02 -2.227507379240947e-06
9.789311684005853e+02 -2.219596139046262e-06
9.791379557196391e+02 -2.211682097116136e-06
9.793447430386927e+02 -2.203764195808552e-06
9.795515303577465e+02 -2.195844582748146e-06
9.797583176768004e+02 -2.187920464197544e-06
9.799651049958541e+02 -2.179993920629057e-06
9.801718923149078e+02 -2.172064673659688e-06
9.803786796339617e+02 -2.164131850925052e-06
9.805854669530154e+02 -2.156195446743832e-06
9.807922542720692e+02 -2.148256559550937e-06
9.809990415911230e+02 -2.140314033887429e-06
9.812058289101768e+02 -2.132368626380188e-06
9.814126162292305e+02 -2.124420269298895e-06
9.816194035482843e+02 -2.116468804385643e-06
9.818261908673381e+02 -2.108514005370260e-06
9.820329781863919e+02 -2.100556352260914e-06
9.822397655054456e+02 -2.092595389535736e-06
9.824465528244995e+02 -2.084631306586729e-06
9.826533401435532e+02 -2.076664170743412e-06
9.828601274626069e+02 -2.068693979305332e-06
9.830669147816608e+02 -2.060720745549691e-06
9.832737021007146e+02 -2.052744329634298e-06
9.834804894197684e+02 -2.044765235061614e-06
9.836872767388220e+02 -2.036782493242598e-06
9.838940640578759e+02 -2.028797954176247e-06
9.841008513769297e+02 -2.020808982446994e-06
9.843076386959835e+02 -2.012819324030163e-06
9.845144260150372e+02 -2.004825792103281e-06
9.847212133340910e+02 -1.996831876098678e-06
9.849280006531449e+02 -1.988840005535662e-06
9.851347879721986e+02 -1.980863775527392e-06
9.853415752912523e+02 -1.971706094799692e-06
9.855483626103062e+02 -1.964732241127379e-06
9.857551499293600e+02 -1.956744131313678e-06
9.859619372484138e+02 -1.948735012644462e-06
9.861687245674674e+02 -1.940718249578346e-06
9.863755118865213e+02 -1.932696903491252e-06
9.865822992055751e+02 -1.924671277117155e-06
9.867890865246289e+02 -1.916642013816752e-06
9.869958738436826e+02 -1.908609234785760e-06
9.872026611627364e+02 -1.900573304284525e-06
9.874094484817903e+02 -1.892533676443365e-06
9.876162358008440e+02 -1.884491101538606e-06
9.878230231198977e+02 -1.876444959427291e-06
9.880298104389516e+02 -1.868395941641502e-06
9.882365977580054e+02 -1.860343267703866e-06
9.884433850770590e+02 -1.852287779613231e-06
9.886501723961128e+02 -1.844228784946344e-06
9.888569597151667e+02 -1.836166732009769e-06
9.890637470342205e+02 -1.828101265908162e-06
9.892705343532741e+02 -1.820032825801146e-06
9.894773216723280e+02 -1.811961025327682e-06
9.896841089913818e+02 -1.803886089789620e-06
9.898908963104357e+02 -1.795808041147934e-06
9.900976836294893e+02 -1.787726597596331e-06
9.903044709485431e+02 -1.779642156453896e-06
9.905112582675968e+02 -1.771554386199063e-06
9.907180455866505e+02 -1.763462919676519e-06
9.909248329057044e+02 -1.755369621799177e-06
9.911316202247581e+02 -1.747271359386865e-06
9.913384075438119e+02 -1.739171738036867e-06
9.915451948628657e+02 -1.731067694150799e-06
9.917519821819194e+02 -1.722961057773027e-06
9.919587695009732e+02 -1.714850475500033e-06
9.921655568200271e+02 -1.706737550751697e-06
9.923723441390808e+02 -1.698620218352551e-06
9.925791314581345e+02 -1.690500585162717e-06
9.927859187771883e+02 -1.682377385605259e-06
9.929927060962422e+02 -1.674251150254600e-06
9.931994934152959e+02 -1.666121559505248e-06
9.934062807343496e+02 -1.657989068181689e-06
9.936130680534035e+02 -1.649853005941734e-06
9.938198553724573e+02 -1.641713812873128e-06
9.940266426915109e+02 -1.633571421584987e-06
9.942334300105648e+02 -1.625425636714266e-06
9.944402173296186e+02 -1.617276873237929e-06
9.946470046486725e+02 -1.609124512244958e-06
9.948537919677260e+02 -1.600969423413992e-06
9.950605792867799e+02 -1.592810423054091e-06
9.952673666058337e+02 -1.584649118048135e-06
9.954741539248876e+02 -1.576483068928925e-06
9.956809412439412e+02 -1.568315611045535e-06
9.958877285629950e+02 -1.560142647100209e-06
9.960945158820489e+02 -1.551967473035578e-06
9.963013032011027e+02 -1.543787483083832e-06
9.965080905201563e+02 -1.535598621166395e-06
9.967148778392102e+02 -1.527631723029762e-06
9.969216651582640e+02 -1.519252435313831e-06
9.971284524773179e+02 -1.511056531072541e-06
9.973352397963714e+02 -1.502860063290340e-06
9.975420271154253e+02 -1.494661420601740e-06
9.977488144344791e+02 -1.486460481910012e-06
9.979556017535330e+02 -1.478255940667696e-06
9.981623890725866e+02 -1.470048561743926e-06
9.983691763916404e+02 -1.461837993384709e-06
9.985759637106943e+02 -1.453624288872909e-06
9.987827510297481e+02 -1.445407209042451e-06
9.989895383488017e+02 -1.437187063797396e-06
9.991963256678556e+02 -1.428963548982919e-06
9.994031129869094e+02 -1.420736960077147e-06
9.996099003059630e+02 -1.412506772171529e-06
9.998166876250168e+02 -1.404273912868043e-06
1.000023474944071e+03 -1.396037209778213e-06
1.000230262263124e+03 -1.387797739338658e-06
1.000437049582178e+03 -1.379554568481907e-06
1.000643836901232e+03 -1.371308523991772e-06
1.000850624220286e+03 -1.363058896017435e-06
1.001057411539340e+03 -1.354806165100518e-06
1.001264198858393e+03 -1.346550363515806e-06
1.001470986177447e+03 -1.338290988214386e-06
1.001677773496501e+03 -1.330028929438409e-06
1.001884560815555e+03 -1.321764170074226e-06
1.002091348134608e+03 -1.313487432888454e-06
1.002298135453662e+03 -1.305219730264960e-06
1.002504922772716e+03 -1.296943500039363e-06
1.002711710091770e+03 -1.288665957760505e-06
1.002918497410823e+03 -1.280383251749998e-06
1.003125284729877e+03 -1.272098365923179e-06
1.003332072048931e+03 -1.263809352941044e-06
1.003538859367985e+03 -1.255517864938142e-06
1.003745646687039e+03 -1.247221674494877e-06
1.003952434006092e+03 -1.238923540861411e-06
1.004159221325146e+03 -1.230621117347869e-06
1.004366008644200e+03 -1.222315924933313e-06
1.004572795963254e+03 -1.214007289079615e-06
1.004779583282307e+03 -1.205695647181832e-06
1.004986370601361e+03 -1.197380367888971e-06
1.005193157920415e+03 -1.189062039233288e-06
1.005399945239469e+03 -1.180740302207342e-06
1.005606732558523e+03 -1.172415122816615e-06
1.005813519877576e+03 -1.164086915062387e-06
1.006020307196630e+03 -1.155754950986040e-06
1.006227094515684e+03 -1.147420279203649e-06
1.006433881834738e+03 -1.139081701312009e-06
1.006640669153792e+03 -1.130740527053517e-06
1.006847456472845e+03 -1.122395126028906e-06
1.007054243791899e+03 -1.114047901213386e-06
1.007261031110953e+03 -1.105695493629558e-06
1.007467818430007e+03 -1.097341500509608e-06
1.007674605749060e+03 -1.088983220268513e-06
1.007881393068114e+03 -1.080621337292731e-06
1.008088180387168e+03 -1.072257348983341e-06
1.008294967706222e+03 -1.063888339345852e-06
1.008501755025275e+03 -1.055517497932679e-06
1.008708542344329e+03 -1.047142504764703e-06
1.008915329663383e+03 -1.038764186824794e-06
1.009122116982437e+03 -1.030383178866575e-06
1.009328904301491e+03 -1.021997953524040e-06
1.009535691620544e+03 -1.013610034001308e-06
1.009742478939598e+03 -1.005218583215591e-06
1.009949266258652e+03 -9.968237975614263e-07
1.010156053577706e+03 -9.884257509399179e-07
1.010362840896760e+03 -9.800243166888183e-07
1.010569628215813e+03 -9.716196406966910e-07
1.010776415534867e+03 -9.632114880210381e-07
1.010983202853921e+03 -9.547999357967321e-07
1.011189990172975e+03 -9.463854742400047e-07
1.011396777492028e+03 -9.379670160669087e-07
1.011603564811082e+03 -9.295459597078323e-07
1.011810352130136e+03 -9.211209194805617e-07
1.012017139449190e+03 -9.126930763900141e-07
1.012223926768244e+03 -9.042614174376724e-07
1.012430714087297e+03 -8.958267086113294e-07
1.012637501406351e+03 -8.873888067694999e-07
1.012844288725405e+03 -8.789471846606141e-07
1.013051076044459e+03 -8.705031002434129e-07
1.013257863363512e+03 -8.620555536899174e-07
1.013464650682566e+03 -8.536033125846659e-07
1.013671438001620e+03 -8.451575740013986e-07
1.013878225320674e+03 -8.366740533392586e-07
1.014085012639727e+03 -8.282220456475684e-07
1.014291799958781e+03 -8.197577323703551e-07
1.014498587277835e+03 -8.112907605394567e-07
1.014705374596889e+03 -8.028192211823814e-07
1.014912161915943e+03 -7.943447164805625e-07
1.015118949234996e+03 -7.858657524172995e-07
1.015325736554050e+03 -7.773845770868651e-07
1.015532523873104e+03 -7.688986793853208e-07
1.015739311192158e+03 -7.604101928005367e-07
1.015946098511212e+03 -7.519180448918307e-07
1.016152885830265e+03 -7.434226891042347e-07
1.016359673149319e+03 -7.349237815897112e-07
1.016566460468373e+03 -7.264217606974185e-07
1.016773247787427e+03 -7.179161457082687e-07
1.016980035106480e+03 -7.094071530719854e-07
1.017186822425534e+03 -7.008948805174379e-07
1.017393609744588e+03 -6.923788652438753e-07
1.017600397063642e+03 -6.838599467561527e-07
1.017807184382696e+03 -6.753371265141545e-07
1.018013971701749e+03 -6.668113334360711e-07
1.018220759020803e+03 -6.582818618537725e-07
1.018427546339857e+03 -6.497496575620664e-07
1.018634333658911e+03 -6.412129697849229e-07
1.018841120977964e+03 -6.326742925328152e-07
1.019047908297018e+03 -6.241311453827147e-07
1.019254695616072e+03 -6.155846031489648e-07
1.019461482935126e+03 -6.070355998963235e-07
1.019668270254179e+03 -5.984815609846776e-07
1.019875057573233e+03 -5.899256356920411e-07
1.020081844892287e+03 -5.813653765697786e-07
1.020288632211341e+03 -5.728018218488892e-07
1.020495419530395e+03 -5.642354901706798e-07
1.020702206849448e+03 -5.556646931929540e-07
1.020908994168502e+03 -5.470914186466046e-07
1.021115781487556e+03 -5.385142163100088e-07
1.021322568806610e+03 -5.299336741784393e-07
1.021529356125664e+03 -5.213499213009015e-07
1.021736143444717e+03 -5.127624970567926e-07
1.021942930763771e+03 -5.041719707688375e-07
1.022149718082825e+03 -4.955775894333542e-07
1.022356505401879e+03 -4.869800912228715e-07
1.022563292720933e+03 -4.783791793303695e-07
1.022770080039986e+03 -4.697744042544186e-07
1.022976867359040e+03 -4.611669435812222e-07
1.023183654678094e+03 -4.525553240150240e-07
1.023390441997148e+03 -4.439408920586207e-07
1.023597229316201e+03 -4.353224666951133e-07
1.023804016635255e+03 -4.267009616663329e-07
1.024010803954309e+03 -4.180759627568787e-07
1.024217591273363e+03 -4.094470970185052e-07
1.024424378592416e+03 -4.008156275266783e-07
1.024631165911470e+03 -3.921797133800321e-07
1.024837953230524e+03 -3.835409307483275e-07
1.025044740549578e+03 -3.748978377705288e-07
1.025251527868631e+03 -3.662543195419033e-07
1.025458315187685e+03 -3.576052122492348e-07
1.025665102506739e+03 -3.489512055768391e-07
1.025871889825793e+03 -3.402960807849263e-07
1.026078677144847e+03 -3.316365203273269e-07
1.026285464463900e+03 -3.229737052595468e-07
1.026492251782954e+03 -3.143072573846181e-07
1.026699039102008e+03 -3.056378185095556e-07
1.026905826421062e+03 -2.969639359138382e-07
1.027112613740115e+03 -2.882873397955289e-07
1.027319401059169e+03 -2.796069300729428e-07
1.027526188378223e+03 -2.709230824745244e-07
1.027732975697277e+03 -2.622358715190943e-07
1.027939763016331e+03 -2.535452889909658e-07
1.028146550335385e+03 -2.448511067278300e-07
1.028353337654438e+03 -2.361535793620535e-07
1.028560124973492e+03 -2.274525017381890e-07
1.028766912292546e+03 -2.187478432525520e-07
1.028973699611600e+03 -2.100399220544083e-07
1.029180486930653e+03 -2.013281743056979e-07
1.029387274249707e+03 -1.926131175442547e-07
1.029594061568761e+03 -1.838947689578863e-07
1.029800848887815e+03 -1.751727335296675e-07
1.030007636206868e+03 -1.664472519930924e-07
1.030214423525922e+03 -1.577188577878871e-07
1.030421210844976e+03 -1.489863851866585e-07
1.030627998164030e+03 -1.402502597783436e-07
1.030834785483084e+03 -1.315115910852579e-07
1.031041572802137e+03 -1.227675870057828e-07
1.031248360121191e+03 -1.140212264847286e-07
1.031455147440245e+03 -1.052731486406439e-07
1.031661934759299e+03 -9.651891930944545e-08
1.031868722078352e+03 -8.776228108421379e-08
1.032075509397406e+03 -7.900124413079537e-08
1.032282296716460e+03 -7.023780345777435e-08
1.032489084035514e+03 -6.147008807982351e-08
1.032695871354568e+03 -5.269913297985039e-08
1.032902658673621e+03 -4.392486679825497e-08
1.033109445992675e+03 -3.514672941215916e-08
1.033316233311729e+03 -2.636557871133501e-08
1.033523020630783e+03 -1.758031151517808e-08
1.033729807949837e+03 -8.792142778815350e-09
