0.6051513498759765, 0.6051513498759772, 0.6031267067181403, 0.049460407398719375
0.6088931005496445, 0.6014051984882889, 0.6031300677378036, 0.04925035415914145
0.6125987243141756, 0.5976865217790183, 0.6031400368482105, 0.04862197787361612
0.6162369116805739, 0.5940270717740715, 0.6031562760643745, 0.04758061379243127
0.6197770301152699, 0.5904582018811944, 0.6031782348228519, 0.046135103826886494
0.6231893750158239, 0.587010591477177, 0.6032051686454173, 0.04429772172228273
0.6264454095967433, 0.5837139729773615, 0.6032361643767462, 0.042084069161343954
0.6295179920710124, 0.5805968641215659, 0.6032701711409134, 0.03951294365328413
0.6323815887143606, 0.5776863082629782, 0.6033060359676369, 0.036606179299298464
0.6350124715951491, 0.5750076254581058, 0.6033425428808373, 0.033388461753942215
0.6373888999388555, 0.5725841771235771, 0.603378454124559, 0.029887118921855277
0.6394912842691306, 0.5704371469477275, 0.6034125521286955, 0.02613188913866322
0.6413023326246636, 0.5685853406206944, 0.6034436807916853, 0.022154668781611174
0.642807178291002, 0.5670450067767638, 0.6034707846803172, 0.01798924143747812
0.6439934886082773, 0.5658296813286467, 0.6034929448172509, 0.013670990920476614
0.6448515545196688, 0.5649500571181608, 0.6035094098424345, 0.009236600579122426
0.6453743606124133, 0.5644138805155003, 0.6035196214913929, 0.004723741456518783
0.6455576354751326, 0.5642258762750294, 0.603523233526065, 0.0001707519713982817
0.6453998822546667, 0.5643877016053277, 0.6035201234759331, -0.004383688133902804
0.6449023893456476, 0.5648979300418424, 0.6035103967910961, -0.008900886778779841
0.6440692211901827, 0.5657520653292586, 0.6034943832663708, -0.013342468635744998
0.642907189207108, 0.5669425851352938, 0.6034726258577562, -0.017670701499605326
0.6414258029141054, 0.5684590140357912, 0.6034458622706874, -0.021848817131705993
0.6396372013554681, 0.5702880248404689, 0.6034149999447339, -0.02584132382816326
0.6375560650068945, 0.5724135669768005, 0.6033810852833557, -0.029614308037991283
0.6351995083996205, 0.5748170203230842, 0.6033452681724889, -0.03313572245816901
0.6325869537919745, 0.5774773725868927, 0.6033087629914012, -0.03637565815652426
0.6297399863190185, 0.580371418066951, 0.6032728074380854, -0.03930659841809556
0.6266821911713689, 0.5834739754192375, 0.6032386205653942, -0.041903652174447435
0.6234389734928694, 0.5867581218747338, 0.6032073614507029, -0.044144765056216936
0.6200373618427995, 0.5901954412285982, 0.6031800899002151, -0.046010906304864665
0.6165057962401848, 0.5937562828391914, 0.6031577305198904, -0.04748622998810018
0.6128739019930115, 0.5974100288397478, 0.6031410413707068, -0.04855820918271854
0.6091722507104065, 0.6011253667738163, 0.6031305882704864, -0.04921774201668366
0.6054321100970005, 0.6048705649150825, 0.603126725613084, -0.04945922869740422
0.6016851843309817, 0.6086137476191164, 0.6031295843548417, -0.0492806188935667
0.5979633470254895, 0.6123231681744508, 0.6031390675753473, -0.04868342908204171
0.5942983689613559, 0.6159674767680486, 0.6031548537629037, -0.047672729717761514
0.5907216429519583, 0.6195159813501436, 0.6031764077133893, -0.046257102331663594
0.5872639083523061, 0.6229388993698318, 0.60320299867325, -0.04444856690838995
0.5839549778488415, 0.6262075985498258, 0.6032337251118791, -0.04226248014000831
0.5808234692586034, 0.629294825070808, 0.6032675452839742, -0.0397174053930996
0.5778965451217564, 0.6321749177374588, 0.6033033125461666, -0.03683495546256556
0.5751996628861904, 0.6348240068946556, 0.6033398142309913, -0.03363960941477194
0.5727563384539773, 0.6372201970493154, 0.6033758127605354, -0.030158505043354183
0.5705879257850395, 0.6393437323274058, 0.6034100876060237, -0.026421208671249093
0.5687134151326638, 0.6411771440541723, 0.6034414766707247, -0.022459464230260663
0.5671492523188909, 0.6427053798868838, 0.603468915692947, -0.018306923732635906
0.5659091812469473, 0.643915914052539, 0.6034914743328338, -0.013998861415616331
0.5650041115956622, 0.644798838348203, 0.6035083877190144, -0.009571873987693632
0.5644420133511057, 0.6453469336498071, 0.6035190823850141, -0.0050635695323790085
0.5642278395086523, 0.6455557217482695, 0.6035231957155723, -0.0005122477299411455
0.5643634779301719, 0.6454234973920383, 0.6035205882431233, 0.004043425861754551
0.5648477329728716, 0.6449513404657929, 0.6035113483772491, 0.008564748670665527
0.565676337125695, 0.6441431082794989, 0.6034957894066427, 0.01301331029213294
0.5668419925038076, 0.6430054079840878, 0.6034744388752926, 0.017351319159482632
0.5683344416693547, 0.6415475491736501, 0.6034480206933459, 0.021541923898112533
0.570140566875027, 0.6397814767829261, 0.6034174305895591, 0.025549526607234495
0.5722445164734701, 0.6377216844467106, 0.6033837057381041, 0.029340085388556245
0.5746278569070083, 0.6353851085576704, 0.6033479895900238, 0.03288140354056859
0.5772697483947483, 0.6327910033436813, 0.6033114931021866, 0.036143402959294184
0.5801471421730693, 0.6299607973870518, 0.6032754536786187, 0.039098379429630695
0.5832349969250753, 0.626917932127081, 0.6032410932165029, 0.041721237653882616
0.5865065118578489, 0.6236876830246243, 0.603209576679305, 0.0439897040436775
0.5899333737552358, 0.6202969642220928, 0.6031819726014341, 0.045884515496115205
0.5934860152490883, 0.6167741177030834, 0.6031592168631942, 0.04738958258260882
0.5971338815128702, 0.6131486881401736, 0.6031420809637771, 0.0484921257974036
0.6008457025866655, 0.6094511848140652, 0.6031311458674984, 0.049182783740263684
0.6045897685891377, 0.6057128321881191, 0.6031267823095031, 0.04945569234245979
0.608334205156289, 0.6019653109247277, 0.6031291382282638, 0.049308534485272164
0.6120472465643991, 0.5982404913285921, 0.6031381337506653, 0.04874255960414223
0.6156975041403195, 0.5945701613912815, 0.6031534638995941, 0.04776257311787707
0.6192542277307299, 0.5909857517855654, 0.6031746089322904, 0.04637689576949134
0.6226875581873349, 0.5875180603111785, 0.603200851959191, 0.04459729321196117
0.625968769021424, 0.5841969784202374, 0.6032313032462914, 0.042438876416943994
0.6290704955830392, 0.581051222545276, 0.6032649303775338, 0.03991997372590874
0.6319669503218616, 0.5781080730111263, 0.6033005932550927, 0.037061975599569356
0.6346341228838718, 0.5753931233297233, 0.603337082751342, 0.033889153351340434
0.6370499639856749, 0.5729300426513517, 0.603373161702396, 0.030428453371952338
0.6391945521834788, 0.5707403540748595, 0.6034076068535476, 0.02670926856345085
0.6410502428134983, 0.5688432314021186, 0.6034392503345022, 0.022763188899561505
0.6426017985231158, 0.5672553167587913, 0.6034670192580395, 0.01862373321372772
0.6438365009366659, 0.5659905612958539, 0.6034899720992088, 0.014326064483944887
0.6447442431062165, 0.5650600909370357, 0.6035073306211869, 0.009906691032745465
0.6453176024871574, 0.5644720988503221, 0.6035185062648674, 0.0054031561893856635
0.6455518942524356, 0.5642317660018161, 0.6035231201069458, 0.0008537190676634456
0.6454452048204177, 0.5643412108035395, 0.6035210157094056, -0.003702970804680966
0.6449984055225803, 0.5647994684997921, 0.6035122644244536, -0.008228202211606434
0.6442151463820162, 0.5656025005567338, 0.6034971629749072, -0.012683531504629487
0.6431018300158845, 0.5667432339345795, 0.6034762233921355, -0.01703110955910131
0.64166756571828, 0.5682116297389427, 0.603450155652939, -0.02123400362267283
0.6399241038283828, 0.569994780375161, 0.6034198436044435, -0.025256511295499884
0.6378857505457861, 0.5720770339743214, 0.6033863149937411, -0.02906446395499251
0.6355692634237966, 0.5744401445290663, 0.6033507066189304, -0.03262551703552199
0.6329937278549144, 0.5770634458773077, 0.6033142257835653, -0.03590942469403697
0.6301804149626663, 0.5799240474080488, 0.6032781093617545, -0.03888829653430331
0.627152621431697, 0.5829970491399123, 0.6032435818620226, -0.04153683422357597
0.6239354919438977, 0.5862557736428944, 0.6032118139118038, -0.04383254601390101
0.6205558250418187, 0.5896720121392732, 0.6031838825699809, -0.045755937373844674
0.6170418634102822, 0.5932162820313696, 0.6031607348127682, -0.04729067614315734
0.6134230697505111, 0.5968580930614142, 0.6031431554304832, -0.04842373084065971
0.6097298896151155, 0.6005662193107129, 0.603131740423171, -0.04914548098253378
0.6059935027728279, 0.604308974288815, 0.6031268767965893, -0.04944979850237184
0.6022455648743226, 0.6080544864450015, 0.6031287294431361, -0.04933409960406498
0.5985179413895844, 0.6117709725496412, 0.6031372355522223, -0.04879936662230022
0.5948424359774613, 0.6154270065368008, 0.6031521067394606, -0.047850139711577214
0.5912505156235233, 0.6189917815664563, 0.6031728388225414, -0.04649447843181846
0.5877730350372575, 0.6224353632489388, 0.6031987289125719, -0.04474389354542163
0.584439962928388, 0.6257289321700703, 0.6032288992417829, -0.0426132495855754
0.5812801128794003, 0.6288450140570614, 0.6032623269202052, -0.040120638997357634
0.5783208815924925, 0.6317576961272695, 0.603297878612936, -0.037287228890009114
0.5755879973101614, 0.6344428283593967, 0.6033343489627401, -0.03413708166915902
0.573105281186415, 0.6368782086153455, 0.6033705014556588, -0.030696951039890348
0.5708944243180536, 0.6390437507171236, 0.6034051103443138, -0.026996055083466683
0.5689747830316796, 0.640921634744172, 0.6034370022075511, -0.023065828310286408
0.5673631948622853, 0.6424964389603957, 0.6034650957372232, -0.0189396547771176
0.5660738174548944, 0.6437552529060651, 0.6034884384028354, -0.014652584525786879
0.565117992374463, 0.6446877712976012, 0.6035062387505297, -0.010241035751189254
0.5645041355248699, 0.6452863684689061, 0.6035178932408125, -0.005742485236783592
0.5642376555602603, 0.6455461531630183, 0.6035230067146011, -0.0011951497038467606
0.564320901327082, 0.6454650035448878, 0.603521405793265, 0.0033623391948869154
0.5647531390094432, 0.6450435823578887, 0.6035131447580255, 0.007891263447234034
0.5655305592712033, 0.6442853321918535, 0.6034985037092353, 0.012353147995836339
0.5666463143030491, 0.6431964508726065, 0.6034779790679933, 0.016710087964352034
0.5680905842995012, 0.6417858470260936, 0.6034522667423545, 0.020925070984805352
0.5698506725170792, 0.6400650759180903, 0.6034222385292556, 0.024962291861173398
0.5719111277081774, 0.6380482557267468, 0.6033889125527183, 0.028787456875669568
0.5742538923924873, 0.6357519644731215, 0.6033534187411154, 0.03236807514001307
0.5768584751253819, 0.6331951179171158, 0.6033169605144638, 0.0356737345128514
0.5797021446558761, 0.6303988288248958, 0.6032807739811047, 0.03867635974474094
0.5827601436400236, 0.6273862481302548, 0.6032460860274206, 0.04135045067180357
0.586005919392203, 0.6241823886468966, 0.603214072721608, 0.04367329845634578
0.5894113690187023, 0.6208139321408194, 0.603185819441669, 0.04562517806525969
0.5929470961862933, 0.6173090207404852, 0.6031622840791767, 0.04718951538282429
0.5965826767326865, 0.6136970338449589, 0.6031442645659504, 0.04835302757154613
0.6002869303244125, 0.6100083518835349, 0.603132371824138, 0.04910583552095634
0.6040281954082227, 0.6062741084806033, 0.6031270090563261, 0.049441547457967125
0.6077746047809818, 0.6025259327819776, 0.6031283580774028, 0.049357313031760455
0.6114943592159191, 0.5987956838984757, 0.6031363731512795, 0.04885384742962588
0.6151559967249767, 0.5951151796135784, 0.6031507825412761, 0.047935425326171066
0.6187286552024307, 0.5915159216787946, 0.6031710977216558, 0.046609844715467044
0.6221823263781434, 0.5880288201769956, 0.6031966299382038, 0.0448883609225401
0.6254880992039678, 0.5846839195648931, 0.6032265135567388, 0.04278559133578098
0.6286183909981994, 0.5815101291056536, 0.6032597354084079, 0.04031939164383785
0.631547164875142, 0.5785349604666346, 0.6032951691373211, 0.03751070459784894
0.634250132184837, 0.57578427528135, 0.6033316133864631, 0.03438338255080434
0.6367049388774367, 0.5732820454558655, 0.6033678325275824, 0.030963985248617924
0.6388913348839219, 0.5710501289357248, 0.6034025985543626, 0.02728155456025633
0.6407913257670494, 0.5691080635391894, 0.6034347327185542, 0.023367368035001966
0.6423893060416546, 0.567472881306181, 0.6034631454972843, 0.01925467336155177
0.6436721736906762, 0.5661589456111966, 0.6034868735361664, 0.014978405974074323
0.6446294255124599, 0.5651778130452221, 0.6035051123152452, 0.010574892202488886
0.6452532330267593, 0.5645381217899781, 0.6035172434297406, 0.006081540496121926
0.645538498743101, 0.5642455078925858, 0.6035228555601555, 0.0015365233597232715
0.6454828926580322, 0.5643025505056087, 0.6035217584203104, -0.00302154727299718
0.6450868689002796, 0.5647087467930616, 0.6035139892100886, -0.00755394844189825
0.6443536624883699, 0.5654605168244957, 0.6034998113539592, -0.012022175517211445
0.6432892662075387, 0.5665512383942839, 0.603479705568076, -0.016388269679871427
0.6419023876556823, 0.5679713113195228, 0.6034543535590294, -0.02061514071223148
0.6402043865555069, 0.569708250395272, 0.6034246149073129, -0.024666882329915128
0.6382091924855394, 0.5717468058276278, 0.6033914979197178, -0.02850907735505401
0.6359332032496137, 0.5740691096304333, 0.603356125439418, -0.032109090125208226
0.6333951641855318, 0.5766548461664943, 0.6033196967734153, -0.03543634364947133
0.6306160288109919, 0.5794814447445618, 0.6032834470285767, -0.038462579161962954
0.627618801319898, 0.582524291953463, 0.6032486052352036, -0.04116209588123723
0.6244283615753321, 0.5857569612280032, 0.6032163526780134, -0.0435119689600673
0.6210712733963819, 0.589151456999795, 0.6031877828471821, -0.0454922438015201
0.6175755771033725, 0.5926784706909671, 0.603163864367012, -0.04708610512211589
0.6139705674675994, 0.5963076457595085, 0.6031454081586934, -0.048280019359114024
0.6102865584043099, 0.6000078490004089, 0.6031330399500042, -0.04906384924461804
0.6065546359475512, 0.6037474453442715, 0.6031271790634906, -0.04943093960238472
0.6028064012479801, 0.607494573471229, 0.6031280242018697, -0.049378173662224356
0.5990737055346959, 0.6112174196685012, 0.6031355467122709, -0.048905999430069756
0.5953883791740543, 0.6148844874998332, 0.6031494915575285, -0.04801842589765985
0.5917819571364563, 0.6184648610188989, 0.6031693859616161, -0.04672298912288238
0.5882854033404813, 0.6219284594408343, 0.6031945554363091, -0.045030688458744444
0.5849288364767439, 0.6252462813805172, 0.6032241466460553, -0.04295589345427174
0.5817412600161773, 0.6283906369673115, 0.6032571563362885, -0.040516222192923584
0.5787502991742768, 0.6313353663482972, 0.6032924653448919, -0.03773239207181017
0.5759819476300538, 0.6340560432904477, 0.6033288765441367, -0.03462804425646375
0.5734603267828707, 0.6365301627824362, 0.603365155427089, -0.0312295432693859
0.5712074602696459, 0.6387373117149855, 0.6034000719626581, -0.027565753384174774
0.5692430663580805, 0.6406593218820744, 0.603432442300275, -0.023667793698738906
0.5675843706785861, 0.6422804046918665, 0.6034611689101126, -0.019568773948860224
0.5662459415597351, 0.6435872671048244, 0.603485277797608, -0.015303513295072676
0.5652395499918651, 0.6445692084270029, 0.6035039515301356, -0.010908244469405137
0.5645740559644958, 0.6452181976796353, 0.6035165569555676, -0.006420305802010241
0.5642553226102919, 0.6455289313434549, 0.6035226666724358, -0.0018778237592365502
0.5642861592470513, 0.6454988713399712, 0.6035220735233021, 0.002680611287297659
0.564666294046174, 0.645128263165076, 0.6035147976196172, 0.007216273277916527
0.5653923766783866, 0.644420134136286, 0.6035010856597274, 0.011690629848332391
0.5664580109027288, 0.6433802717573056, 0.6034814025631609, 0.016065670048326302
0.56785381668074, 0.6420171822463453, 0.6034564157050369, 0.02030422758028727
0.5695675210221387, 0.6403420293215546, 0.6034269722854753, 0.024370296784176106
0.5715840764086003, 0.6383685533917315, 0.6033940706017524, 0.0282293386630936
0.5738858053055268, 0.6361129713664373, 0.6033588261977213, 0.031848574335886115
0.5764525689643629, 0.6335938573796063, 0.6033224340386713, 0.03519726341874496
0.5792619584455816, 0.6308320048168533, 0.6032861279944799, 0.038246964974913394
0.5822895055594728, 0.6278502701503443, 0.6032511390050184, 0.04097177882853592
0.5855089112317992, 0.6246733992169218, 0.6032186533462888, 0.04334856521337142
0.5888922886564679, 0.6213278367247774, 0.6031897724121501, 0.045357140917456656
0.5924104184987001, 0.6178415199401704, 0.603165475374956, 0.04698045028875079
0.5960330133595659, 0.6142436576862579, 0.6031465859906628, 0.04820470968226054
0.5997289887048941, 0.6105644959780583, 0.6031337446733812, 0.049019524154155475
0.6034667374960401, 0.6068350718170473, 0.6031273867856732, 0.04941797544107378
0.6072144058333894, 0.6030869568713391, 0.6031277278802031, 0.049396680501442
0.6109401670315739, 0.5993519929677424, 0.6031347563927821, 0.04895582013856317
0.6146124916832695, 0.5956620215146944, 0.6031482340343798, 0.04809913747094741
0.6182004114306824, 0.5920486091543385, 0.6031677038688157, 0.04683390626241225
0.6216737743447504, 0.5885427721020628, 0.6031925058024493, 0.04517086937146747
0.6250034900058159, 0.5851747017669208, 0.6032217989610502, 0.0431241478250001
0.6281617625803259, 0.5819734943511485, 0.6032545901956233, 0.04071112126384194
0.6311223103904905, 0.5789668871966253, 0.6032897677512101, 0.037952280745898556
0.6338605706727546, 0.5761810046764531, 0.6033261389576293, 0.034871055124513564
0.6363538884118745, 0.5736401164175156, 0.6033624706646588, 0.03149361244387236
0.6385816883166612, 0.5713664105826534, 0.6033975310509816, 0.027848638007640588
0.6405256291680284, 0.5693797848377153, 0.6034301313894629, 0.023967090979697167
0.6421697399178445, 0.5676976574791837, 0.603459166352616, 0.019881941564692363
0.643500537047061, 0.5663348010035397, 0.6034836514914458, 0.01562789098914144
0.6445071228034394, 0.5653032001623617, 0.603502756616547, 0.011241076658775086
0.6451812640335979, 0.5646119362709616, 0.6035158339491936, 0.006758765002909315
0.6455174514025213, 0.5642670992277758, 0.6035224400874569, 0.0022190346298375232
0.6455129388583948, 0.5642717283623945, 0.6035223510421486, -0.002339547492940868
0.6451677632544432, 0.5646257828684578, 0.6035155698324516, -0.006878254054787921
0.6444847440858142, 0.56532614220083, 0.6035023263835387, -0.011358526796125439
0.6434694633420548, 0.5663666364319395, 0.603483069729647, -0.015742304449664485
0.6421302255183142, 0.5677381061777892, 0.6034584527871478, -0.01999234641120203
0.6404779978748899, 0.5694284913276, 0.60342931021422, -0.02407254936251054
0.6385263310888266, 0.5714229474499185, 0.6033966301082472, -0.027948254134569077
0.6362912605063031, 0.5737039884093519, 0.6033615205010308, -0.03158654018983303
0.6337911882833709, 0.5762516534183572, 0.6033251717882786, -0.03495650521607968
0.6310467467974573, 0.5790436964732952, 0.6032888163675997, -0.0380295274599603
0.6280806438243554, 0.5820557958878735, 0.6032536868537222, -0.040779508583902585
0.6249174901058964, 0.5852617814437415, 0.6032209742877425, -0.04318309500343316
0.6215836100817994, 0.5886338765296363, 0.6031917877572048, -0.04521987585125464
0.6181068367242192, 0.5921429525383501, 0.6031671167958251, -0.046872555917410776
0.6145162915930938, 0.5957587927347493, 0.6031477978372706, -0.048127102129547794
0.6108421514216358, 0.5994503627969445, 0.6031344858598896, -0.04897286236164358
0.6071154027403564, 0.6031860852641154, 0.6031276321832597, -0.049402655591752054
0.6033675862504201, 0.6069341151951108, 0.603127469168896, -0.049412832667547646
0.5996305328578208, 0.610662614447614, 0.6031340023434975, -0.04900330718111777
0.59593609347333, 0.6143400221234979, 0.6031470102115999, -0.04817755620000945
0.5923158648636605, 0.6179353188866085, 0.6031660517639814, -0.04694259084854388
0.5888009140009717, 0.6214182830389439, 0.6031904814274346, -0.04530889698044917
0.5854215034950028, 0.6247597364341566, 0.60321947094937, -0.04329034642952617
0.5822068207993603, 0.6279317785077738, 0.6032520374757161, -0.04090407956789828
0.5791847139559169, 0.6309080069059854, 0.6032870768706496, -0.03817036013988591
0.5763814366746529, 0.6336637233941621, 0.6033234011489454, -0.03511240357205369
0.5738214055372675, 0.6361761239179772, 0.6033597787522287, -0.03175618018476442
0.5715269720590693, 0.6384244718702348, 0.6033949763038472, -0.02813019494576076
0.5695182122437523, 0.640390253782281, 0.603427800426778, -0.024265245609907945
0.5678127361195409, 0.6420573168080347, 0.6034571382066595, -0.020194161279210185
0.5664255195539435, 0.6434119875000053, 0.6034819949278009, -0.015951523591452656
0.5653687604102785, 0.6444431714898627, 0.6035015278023401, -0.011573372902249256
0.5646517608357157, 0.6451424337817895, 0.6035150745484913, -0.007096901961881322
0.5642808371623768, 0.6455040594463903, 0.6035221758484294, -0.0025601397032408374
0.5642592585656484, 0.6455250945685878, 0.6035225909239336, 0.0019983721511897846
0.5645872152636423, 0.6452053673574607, 0.6035163057013417, 0.006539906888443516
0.5652618166657895, 0.6445474893727762, 0.6035035332888042, 0.011025882194129664
0.5662771194943426, 0.6435568368656144, 0.603484706749628, 0.015418188300398872
0.5676241855179109, 0.6422415122729592, 0.6034604644169184, 0.01967951207340856
0.5692911681587338, 0.6406122859521551, 0.6034316282477383, 0.023773654258919148
0.571263426872884, 0.6386825182945616, 0.6033991759511459, 0.027665837168475125
0.5735236678619932, 0.6364680624218155, 0.6033642078355911, 0.03132300017726816
0.5760521093629978, 0.6339871477458378, 0.6033279095002029, 0.034714080516916074
0.5788266694844115, 0.6312602447672956, 0.6032915116353215, 0.03781027698042279
0.5818231743184968, 0.6283099115982107, 0.6032562482954992, 0.04058529431066884
0.5850155838620321, 0.6251606228235096, 0.603223315059828, 0.043015566215941554
0.5883762331265978, 0.6218385814633067, 0.6031938284980723, 0.04508045514416277
0.5918760857136909, 0.6183715149615434, 0.6031687883166442, 0.04676242714951638
0.5954849970705175, 0.6147884563051984, 0.6031490434674517, 0.048047200399047835
0.5991719846278896, 0.6111195115687601, 0.6031352633682078, 0.048923866090510956
0.6029055020499714, 0.6073956153772747, 0.6031279152094615, 0.04938498078439227
0.606653714893435, 0.6036482759835992, 0.6031272481172802, 0.049426629390883034
0.6103847750768006, 0.5999093118565071, 0.6031332847081973, 0.049048458294955515
0.6140670916944718, 0.5962105818704773, 0.6031458203225407, 0.04825367834809343
0.617669595868961, 0.592583711369681, 0.6031644299621278, 0.047049037702172516
0.6211619975132635, 0.5890598165419594, 0.6031884826972637, 0.04544476470807253
0.6245150320675383, 0.5856692296777783, 0.6032171630549105, 0.04345448134741664
0.6277006954743419, 0.5824412279988113, 0.6032494986633139, 0.04109508790893644
0.630692465859145, 0.579403768815976, 0.6032843932163059, 0.03838661985982731
0.6334655105825874, 0.5765832338132015, 0.6033206636401324, 0.035352078095477184
0.635996877523339, 0.5740041852474489, 0.6033570802030975, 0.03201723397637646
0.6382656696316412, 0.5716891368051135, 0.6033924082084003, 0.0284104107769913
0.6402532019605438, 0.5696583417585028, 0.6034254498566963, 0.02456224337593181
0.6419431405323163, 0.5679296009234025, 0.603455084858978, 0.020505418207818975
0.6433216225301889, 0.5665180927308093, 0.6034803084225525, 0.016274395672746834
0.6443773574201409, 0.5654362274949388, 0.6035002653218282, 0.011905117357066687
0.64510170870437, 0.5646935276889918, 0.6035142788982624, 0.007434700557377608
0.645488756088787, 0.5642965357343939, 0.6035218740057325, 0.0029011227162187812
0.6455353379134575, 0.5642487504737943, 0.6035227931229036, -0.0016571015286249201
0.6452410737501967, 0.5645505931393856, 0.6035170050859553, -0.006201247910461545
0.644608367118723, 0.5651994032530451, 0.60350470614537, -0.01069271190172619
0.6436423883156638, 0.5661894645109791, 0.603486313310934, -0.01509333705285704
0.6423510373930048, 0.5675120603206294, 0.6034624502107481, -0.01936573948081972
0.6407448873682401, 0.5691555582793971, 0.6034339259440067, -0.023473625722157332
0.6388371078012108, 0.571105522520841, 0.6034017076449886, -0.027382101227367756
0.636643368935817, 0.5733448525115477, 0.6033668876889667, -0.031057966860234494
0.6341817266813834, 0.5758539465674187, 0.6033306466524078, -0.03447000087616766
0.6314724888007959, 0.5786108880774111, 0.6032942132837078, -0.037589223986064096
0.6285380627821691, 0.5815916521805761, 0.6032588228419344, -0.04038914526484562
0.6254027859985373, 0.5847703304422915, 0.6032256752162121, -0.0428459868347121
0.6220927389057551, 0.5881193709203836, 0.6031958942456318, -0.04493888544016937
0.618635542191418, 0.5916098309027548, 0.6031704896186971, -0.04665006923296958
0.6150601389651882, 0.5952116395352344, 0.6031503226436985, -0.047965008298153616
0.6113965632706237, 0.5988938675406472, 0.6031360770500876, -0.04887253767542103
0.6076756963967598, 0.6026250012553093, 0.6031282358103152, -0.049364951861174566
0.6039290126699027, 0.60637321827415, 0.6031270647675069, -0.04943807001401955
0.6001883166073918, 0.6101066620963822, 0.603132603623718, -0.04909127132860121
0.596485473509986, 0.613793713295282, 0.6031446645940878, -0.048327500287881145
0.592852135752345, 0.6174032548929063, 0.6031628387724971, -0.04715324175083284
0.5893194671959315, 0.6209049297978072, 0.6031865099930511, -0.04557846607966087
0.5859178682898672, 0.6242693883551578, 0.6032148757177404, -0.043616544756607006
0.582676704537296, 0.627468524258394, 0.6032469742425189, -0.0412841371837616
0.5796240410827698, 0.6304756972739917, 0.6032817172999025, -0.0386010495985412
0.5767863862156064, 0.6332659414310607, 0.6033179269531872, -0.03559006727100365
0.5741884465817105, 0.6358161575205693, 0.6033543755318382, -0.03227676137523171
0.5718528968493346, 0.6381052889311584, 0.603389827254343, -0.028689272143763014
0.5698001664813063, 0.6401144800166098, 0.6034230801274443, -0.024858070119522225
0.5680482461270085, 0.6418272163417864, 0.6034530067011237, -0.02081569751186214
0.5666125159627866, 0.6432294462878907, 0.603478592297303, -0.016596491840054774
0.5655055980816124, 0.6443096836138003, 0.6034989694157572, -0.01223629420679748
0.5647372347650366, 0.6450590906684464, 0.6035134471502338, -0.007772144683994387
0.5643141941671364, 0.6454715420310457, 0.6035215346169279, -0.0032419674113635766
0.5642402046067676, 0.6455436684235649, 0.603522957600506, 0.001315751896381805
0.5645159183071851, 0.6452748807957851, 0.6035176678529297, 0.005862293267311013
0.5651389050480368, 0.6446673745310612, 0.6035058447295866, 0.010359031803394574
0.5661036758112785, 0.6437261137639032, 0.603487889107213, 0.014767766194457688
0.5674017361174626, 0.6424587958427462, 0.6034644097899713, 0.019051043592130945
0.5690216683698743, 0.6408757960165412, 0.6034362028648844, 0.02317247805507093
0.5709492421587716, 0.6389900924758911, 0.6034042247070174, 0.027097059836737332
0.5731675511336699, 0.6368171719417381, 0.6033695595501524, 0.03079145287201528
0.5756571747348711, 0.6343749160701414, 0.6033333827229652, 0.03422427792768559
0.5783963627920106, 0.6316834690327564, 0.6032969207976046, 0.03736637901260925
0.5813612407521782, 0.6287650867409388, 0.6032614100021133, 0.040191070794697574
0.5845260330969629, 0.6256439683077796, 0.603228054306862, 0.04267436494132129
0.5878633023491422, 0.622346070486734, 0.6031979846059904, 0.04479517348570133
0.5913442009572015, 0.6188989059869301, 0.6031722203775834, 0.04653548752191926
0.5949387332795301, 0.6153313267417896, 0.6031516351221, 0.04788052974341265
0.5986160248690853, 0.6116732933965011, 0.6031369267503766, 0.04881887956217543
0.6023445962814268, 0.6079556324775562, 0.6031285939246858, 0.04934256977646031
0.6060926386911676, 0.6042097829096451, 0.6031269191545304, 0.04944715399180434
0.6098282887000728, 0.600467533746723, 0.6031319592199178, 0.04913174424199988
0.6135198998495666, 0.5967607551796785, 0.6031435432466, 0.048399018501675856
0.6171363085059256, 0.5931211250669115, 0.6031612784984796, 0.04725519802895384
0.62064709196239, 0.5895798534005674, 0.6031845636909366, 0.045709994723799816
0.624022816792906, 0.586167407264316, 0.6032126093739947, 0.0437765289337865
0.6272352756915077, 0.5829132389529809, 0.6032444646946773, 0.04147121838258612
0.6302577112337836, 0.5798455200049567, 0.6032790496316776, 0.038813639136112514
0.6330650251973429, 0.5769908839408472, 0.6033151916099408, 0.035826359755235675
0.6356339722719502, 0.5743741805024996, 0.6033516652541825, 0.03253475001066719
0.6379433371731056, 0.572018244143024, 0.6033872339338198, 0.028966765753129675
0.6399740943420941, 0.5699436794288893, 0.6034206916908926, 0.025152711738312947
0.6417095495685466, 0.5681686658793926, 0.6034509041293719, 0.021124984399342038
0.6431354630069636, 0.5667087845875437, 0.6034768468792946, 0.016917796737444632
0.6442401531758964, 0.5655768687416826, 0.6034976403312402, 0.012566887662109057
0.6450145816279876, 0.5647828799022061, 0.6035125794630085, 0.008109218253253602
0.6454524180620772, 0.5643338115869527, 0.6035211577467315, 0.003582657537876153
0.6455500857171271, 0.5642336213874117, 0.6035230843253733, -0.0009743395293609998
0.645306786944476, 0.5644831924822632, 0.6035182938758796, -0.005523059119567252
0.644724508903148, 0.5650803250416807, 0.6035069488243369, -0.010024857807941014
0.6438080093661975, 0.5660197576328099, 0.6034894338379772, -0.014441491246956727
0.6425647826682374, 0.5672932183516078, 0.603466342780919, -0.01873543941009074
0.6410050058692007, 0.5688895050265056, 0.6034384585761934, -0.022870225613897007
0.6391414652608459, 0.5707945934728668, 0.6034067266572665, -0.026810726584346578
0.6369894634039233, 0.5729917724310916, 0.6033722229096673, -0.030523470916514306
0.6345667069583724, 0.5754618035021962, 0.6033361171901566, -0.03397692338368627
0.6318931756587557, 0.5781831041085962, 0.6032996336607417, -0.03714175268122495
0.6289909728941302, 0.5811319512596056, 0.6032640092827198, -0.0399910803402795
0.6258841584765553, 0.5842827036946893, 0.6032304518781404, -0.04250070871470372
0.6225985643254931, 0.5876080398154946, 0.6032000991805665, -0.04464932612928408
0.6191615939555404, 0.5910792087016615, 0.6031739802632907, -0.04641868747648714
0.6156020068304314, 0.5946662914356392, 0.6031529806524001, -0.04779376876032197
0.6119496888343627, 0.5983384699373582, 0.603137812307057, -0.04876289430757873
0.6082354103088272, 0.602064300528559, 0.6031289894842884, -0.04931783559672817
0.6044905733050746, 0.6058119895058791, 0.6031268113061122, -0.04945388089136712
0.6007469499040645, 0.6095496680974242, 0.6031313516196647, -0.04916987510659429
0.5970364136520139, 0.6132456643049116, 0.6031424564938871, -0.048468229581550726
0.5933906663446193, 0.6168687692872454, 0.6031597494375786, -0.047354901678077516
0.5898409625609672, 0.6203884961159949, 0.6031826441620286, -0.045839344372622576
0.5864178344932318, 0.6237753289228564, 0.6032103644558091, -0.043934426254749
0.5831508197350092, 0.6270009606579958, 0.6032419704983002, -0.04165632258944217
0.5800681947744587, 0.6300385178805729, 0.6032763907202958, -0.03902437834036368
0.5771967169839065, 0.632862771203522, 0.6033124581319653, -0.03606094428568378
0.5745613779015449, 0.6354503302090736, 0.6033489498869251, -0.032791187585408874
0.5721851705606553, 0.6377798218355286, 0.603384628741329, -0.02924287837738809
0.5700888735357514, 0.6398320514061676, 0.6034182850024759, -0.025446154186476277
0.5682908542427103, 0.6415901456254818, 0.6034487775446495, -0.021433264125611355
0.5668068938520358, 0.6430396770046631, 0.6034750725013515, -0.017238295046740557
0.5656500359528452, 0.6441687692968903, 0.6034962783217123, -0.01289688196150754
0.5648304608431015, 0.6449681836237527, 0.6035116760020398, -0.008445905194358332
0.5643553870232917, 0.6454313850583379, 0.6035207434670029, -0.003923176852328872
0.5642290011414711, 0.6455545895000431, 0.6035231732733346, 0.0006328807054647211
0.5644524172834887, 0.6453367907337091, 0.603518883035423, 0.005183561641154754
0.5650236661302187, 0.6447797676144122, 0.603508018219075, 0.009690205847753491
0.5659377141210641, 0.643888071362743, 0.6034909472086585, 0.01411452776572251
0.567186512377662, 0.6426689929975059, 0.6034682488149888, 0.018418941980802052
0.568759074761344, 0.6411325109773622, 0.6034406926477963, 0.022566882807597007
0.5706415840701285, 0.6392912191737461, 0.6034092130186487, 0.0265231151196008
0.5728175250331746, 0.6371602353579795, 0.6033748772596522, 0.03025403376766919
0.5752678424393324, 0.6347570904588531, 0.6033388495325664, 0.03372794903421278
0.5779711224476927, 0.632101598935586, 0.6033023513558292, 0.03691535569803332
0.5809037948768289, 0.6292157107167257, 0.6032666201881256, 0.039789183433007316
0.5840403540597187, 0.6261233452792053, 0.6032328674728845, 0.042325026430783355
0.5873535956859237, 0.6228502085834826, 0.6032022375661626, 0.04450135032123716
0.5908148669331102, 0.61942359373965, 0.603175768940254, 0.046299674662530106
0.594394327116768, 0.615872166453835, 0.6031543589780437, 0.04770472948315829
0.5980612160592758, 0.612225736491492, 0.6031387335512817, 0.04870458457933898
0.6017841273952526, 0.6085150165907879, 0.6031294224137058, 0.04929075050054489
0.6055312840865397, 0.6047713704610198, 0.6031267412428222, 0.04945825039216244
0.6092708135132254, 0.6010265517029441, 0.6031307809388183, 0.04920566210543888
0.6129710196322671, 0.5973124356847342, 0.6031414045431709, 0.04853513022953242
0.6166006498472745, 0.5936607465933237, 0.6031582518813531, 0.04745234794711014
0.6201291544062483, 0.5901027820502847, 0.6031807517723418, 0.0459665088621284
0.6235269363327689, 0.5866691378283941, 0.6032081413912443, 0.0440902291947753
0.626765590094448, 0.5833894353240913, 0.6032394921289832, 0.041839440982625216
0.6298181274147866, 0.5802920545270195, 0.6032737410727638, 0.039233257167355345
0.6326591888356365, 0.5774038752762944, 0.60330972704049, 0.0362938096813208
0.6352652398325107, 0.5747500296003424, 0.6033462299478476, 0.03304606187617444
0.6376147504699071, 0.5723536679003157, 0.6033820121736464, 0.029517596854724555
0.6396883577553043, 0.5702357416545409, 0.6034158605211205, 0.025738383475409153
0.6414690100060527, 0.5684148051925539, 0.603446627352474, 0.02174052199409239
0.642942092681486, 0.5669068389127544, 0.6034732695018311, 0.017557971488269472
0.644095535252532, 0.5657250960992952, 0.6034948836468975, 0.013226261372103757
0.6449198987832149, 0.564879975234679, 0.6035107369396098, 0.008782189454973253
0.6454084439838036, 0.5643789194087456, 0.603520291856742, 0.0042635091194544025
0.6455571795659081, 0.5642263440975622, 0.6035232244274282, -0.00029139170480634296
0.6453648907881722, 0.5644235942332768, 0.6035194352192121, -0.004843817018561141
0.6448331481304603, 0.5649689311150535, 0.6035090527098783, -0.009355091878027268
0.6439662960782188, 0.5658575493292193, 0.6034924289306721, -0.01378689133897866
0.6427714220407506, 0.5670816234613216, 0.6034701275287214, -0.018101566392989186
0.641258305471413, 0.5686303840017932, 0.6034429046536812, -0.022262464097154447
0.6394393473079746, 0.5704902214779479, 0.6034116833170456, -0.02623423915288227
0.6373294799111007, 0.5726448174954349, 0.6033775220939579, -0.0299831542688272
0.6349460577512462, 0.5750753010487955, 0.6033415792291797, -0.033477366746557935
0.6323087291816597, 0.5777604281694034, 0.6033050733646492, -0.03668719885358701
0.6294392897395259, 0.5806767827248962, 0.6032692422204801, -0.03958538969518799
0.6263615175395768, 0.5837989959712858, 0.6032353006304894, -0.042147326462062915
0.6231009914648694, 0.5870999822901333, 0.6032043993550346, -0.04435125311332566
0.6196848930171529, 0.590551188420215, 0.6031775860674131, -0.04617845475135671
0.6161417928625974, 0.5941228534164318, 0.6031557698362152, -0.04761341615476233
0.612501423295086, 0.5977842765376369, 0.6031396903073883, -0.048643953155921
0.6087944380353257, 0.6015040902777032, 0.6031298926303836, -0.04926131577848958
0.6050521609855242, 0.6052505358076168, 0.6031267089780145, -0.04946026228596489
0.6013063257615001, 0.6089917381868679, 0.6031302472861874, -0.049239103533265105
0.5975888080215159, 0.6126959788253348, 0.603140387595026, -0.04859971725773707
0.5939313527981465, 0.61633196282702, 0.6031567861153451, -0.047547532192527955
0.5903652992103635, 0.61986907901886, 0.6031788868827044, -0.04609148213245562
0.5869213050818755, 0.623277650655564, 0.6032059406041831, -0.04424393032897091
0.5836290741131018, 0.6265291749892403, 0.6032370300592952, -0.04202056483509406
0.5805170883427745, 0.6295965500947746, 0.6032711011943146, -0.0394402656618455
0.5776123486865811, 0.6324542875432629, 0.6033069988562829, -0.03652494484309576
0.5749401263506393, 0.6350787097114364, 0.603343505955595, -0.03329936073423781
0.5725237278841473, 0.6374481307008243, 0.6033793847297109, -0.02979090808982533
0.5703842765564417, 0.6395430200129973, 0.6034134187091413, -0.026029385674383235
0.568540512618282, 0.6413461482840566, 0.6034444539628602, -0.022046743356961565
0.5670086148359945, 0.6428427145209734, 0.6034714382245455, -0.017876810821573934
0.5658020454719257, 0.6440204544037123, 0.6034934565727478, -0.013555010190349631
0.564931420628389, 0.6448697293204659, 0.6035097624547928, -0.0091180550019777
0.5644044075791156, 0.6453835958899194, 0.6035198030020711, -0.004603638112907958
0.5642256503871707, 0.6455578557960154, 0.6035232377779058, -5.011119105458759e-05
0.5643967247575156, 0.6453910858198528, 0.6035199503219574, 0.0045038414500772
0.5649161227025998, 0.6448846480031721, 0.6035100520994858, 0.00901953187601611
0.565779267217927, 0.6440426799219301, 0.6034938787214765, 0.0134585975870732
0.5669785567791019, 0.6428720650905274, 0.6034719785638739, 0.017783327777290713
0.5685034390902703, 0.6413823835612217, 0.6034450941720548, 0.021956983994897445
0.5703405131437154, 0.6395858428329126, 0.6034141370814151, 0.025944112454908647
0.5724736582991017, 0.6374971892423993, 0.6033801569082652, 0.02971084533214551
0.5748841887651873, 0.6351336000824713, 0.6033443057594983, 0.03322518846471072
0.5775510315728754, 0.6325145567774247, 0.603307799168173, 0.036457293022366936
0.5804509258713616, 0.6296616995496045, 0.6032718748798215, 0.03937970883957448
0.5835586411630124, 0.6265986641315143, 0.6032377508870097, 0.04196761727723888
0.5868472119204249, 0.6233509012170632, 0.603206584134983, 0.04419904165843935
0.5902881859026966, 0.619945479501989, 0.6031794312982891, 0.04605503351947279
0.5938518834078101, 0.6164108733357679, 0.6031572129579013, 0.047519833126352884
0.5975076646635855, 0.6127767361928609, 0.6031406823929496, 0.04858100292643056
0.6012242025691185, 0.6090736613666269, 0.6031304000446648, 0.0492295328331087
0.604969758049158, 0.6053329314904821, 0.6031267145178388, 0.04945991647689537
0.6087124553717264, 0.601586258693123, 0.6031297507635209, 0.049270197796579596
0.6124205548999676, 0.5978655173926113, 0.603139405843352, 0.04866198758853891
0.6160627208975104, 0.5942024719221128, 0.6031553524190315, 0.04764044987861494
0.6196082821770761, 0.5906285013523644, 0.6031770498486969, 0.046214258228186825
0.6230274835688101, 0.5871743240266535, 0.6032037625142561, 0.0443955223326369
0.6262917263820564, 0.5838697244476664, 0.6032345847586889, 0.04219968551490328
0.6293737962363668, 0.5807432852468052, 0.6032684715883083, 0.03964539395777997
0.6322480768391128, 0.5778221270209141, 0.6033042740995459, 0.036754338754478644
0.6348907484832731, 0.5751316588349165, 0.6033407784295753, 0.033551072086024036
0.6372799702256571, 0.5726953421587777, 0.6033767469105248, 0.030062799054516316
0.6393960448794948, 0.5705344709315544, 0.6034109600321476, 0.026319146911224636
0.6412215661134079, 0.5686679703233409, 0.6034422577902352, 0.022351913615863278
0.6427415470895423, 0.567112216598117, 0.6034695790186886, 0.018194797846154114
0.643943530196338, 0.5658808802685243, 0.6034919973713804, 0.013883112742801516
0.6448176775361334, 0.5649847944802975, 0.6035087527334023, 0.009453485822243349
0.6453568419155654, 0.5644318502734669, 0.6035192769961993, 0.004943547616053838
0.6455566181593633, 0.5642269200446309, 0.6035232133222099, 0.0003916116999006349
0.6454153746280885, 0.5643718101854749, 0.603520428245422, -0.004163651145012286
0.6449342648708003, 0.5648652435041281, 0.6035110161973131, -0.008683541840258463
0.6441172193879553, 0.5657028716550863, 0.603495296304602, -0.013129662161721792
0.6429709175219481, 0.5668773174180494, 0.6034738015674677, -0.017464241305526918
0.641504739536376, 0.5683782462838514, 0.6034472607853966, -0.021650457063796633
0.63973069899422, 0.5701924664344056, 0.6034165738438528, -0.025652748856066568
0.6376633556032332, 0.5723040558506511, 0.6033827812001517, -0.02943711993796641
0.6353197087670779, 0.5746945149546865, 0.6033470286036168, -0.03297142620877848
0.6327190721657775, 0.5773429428957525, 0.6033105282466396, -0.03622564916225586
0.6298829297907617, 0.5802262353297057, 0.6032745176641547, -0.03917215066889425
0.6268347739793532, 0.5833193013223023, 0.6032402177752372, -0.0417859074407894
0.6235999261312429, 0.5865952968310734, 0.6032087914894237, -0.04404472321024247
0.6202053409447029, 0.5900258720906876, 0.6031813042810446, -0.04592941684829627
0.6166793951814393, 0.593581430143096, 0.6031586880679395, -0.04742398485730916
0.6130516621536627, 0.5972313937159542, 0.6031417096188052, -0.04851573689046606
0.6093526733218031, 0.6009444776590637, 0.6031309445598045, -0.04919540317883811
0.605613668592285, 0.6046889641961545, 0.603126757861246, -0.049457212981414395
0.6018663371071136, 0.6084329783345421, 0.6031292914655012, -0.04929894341372819
0.5981425505155138, 0.6121447608935761, 0.603138459475353, -0.04872193825470458
0.5944740909068135, 0.6157929367592261, 0.6031539510657916, -0.04773109657766591
0.5908923757574182, 0.6193467761411373, 0.6031752410206063, -0.04633483129861879
0.5874281823972449, 0.6227764467942094, 0.6032016075367829, -0.0445449979816043
0.5841113746267744, 0.6260532553634087, 0.6032321566934372, -0.04237679448560028
0.5809706342097241, 0.6291498762124347, 0.6032658527561648, -0.039848632278748866
0.5780332000235687, 0.6320405662986337, 0.6033015532898457, -0.036981980481972085
0.5753246176668895, 0.6347013648533283, 0.6033380478898853, -0.0338011839336711
0.5728685022957729, 0.6371102768142503, 0.6033740992190805, -0.030333256788370726
0.5706863173892915, 0.6392474391315159, 0.6034084849589748, -0.026607653372962004
0.5687971720256049, 0.641095269227902, 0.6034400392533816, -0.0226560182225932
0.5672176390858207, 0.6426385950362891, 0.6034676922387878, -0.01851191740218016
0.5659615965939833, 0.6438647661611852, 0.6034905063210491, -0.014210553386855434
0.5650400941512316, 0.6447637458172825, 0.6035077079679807, -0.009788465923386995
0.5644612461342036, 0.6453281832870039, 0.6035187139394295, -0.005283221422728041
0.5642301530071333, 0.6455534667126526, 0.6035231510650011, -0.000733093539622991
0.564348851749745, 0.6454377560996164, 0.6035208688984677, 0.003823262322931438
0.5648162960356315, 0.6449819964580664, 0.6035119448195128, 0.008347137789824616
0.5656283664156441, 0.6441899110552858, 0.6034966814097261, 0.012800100745272134
0.5667779103754743, 0.643067974792861, 0.6034755961918703, 0.017144322189987016
0.5682548117539458, 0.641625367766413, 0.6034494040805533, 0.021342897916781046
0.5700460886361958, 0.6398739091141104, 0.6034189931396937, 0.025360162245762662
0.5721360184813706, 0.6378279713175207, 0.6033853944691955, 0.029161991134208448
0.5745062889145631, 0.635504375187601, 0.6033497472423246, 0.03271609207442348
0.5771361723136494, 0.6329222658524626, 0.6033132600796544, 0.035992278314025614
0.5800027220587733, 0.630102970163962, 0.6032771700695448, 0.03896272507539118
0.5830809880897446, 0.6270698360583901, 0.603242700824778, 0.04160220561257473
0.5863442492377092, 0.6238480545428665, 0.6032110209974542, 0.043888305122836924
0.5897642596641033, 0.6204644651329879, 0.6031832046585368, 0.0458016107238858
0.5933115066528587, 0.6169473457373182, 0.6031601948850539, 0.047325875914966925
0.5969554769606282, 0.6133261881680651, 0.6031427717890809, 0.04844815815798372
0.6006649289328285, 0.6096314606515113, 0.6031315260719692, 0.04915892844193884
0.6044081676379123, 0.6058943589124554, 0.6031268389999637, 0.04945215192832858
0.6081533203548043, 0.6021465476093233, 0.6031288694796962, 0.04932533901497337
0.6118686098645253, 0.5984198940955968, 0.603137548671469, 0.04877956639954095
0.6155226231415215, 0.594746196673043, 0.6031525823228215, 0.0478194679702046
0.6190845732077315, 0.5911569096772568, 0.6031734607433274, 0.04645319559804916
0.6225245520970847, 0.5876828678903233, 0.6031994760826636, 0.04469235015258625
0.6258137730741594, 0.584354012903376, 0.6032297463265165, 0.04255188330663991
0.6289248004524447, 0.5811991241482418, 0.6032632451972395, 0.040049970938459946
0.6318317655596024, 0.5782455573774796, 0.6032988369459887, 0.03720785917564026
0.6345105675944344, 0.5755189933920049, 0.6033353148571939, 0.034049684355610614
0.6369390583086073, 0.5730431997920915, 0.6033714421602571, 0.03060226839933606
0.639097209621987, 0.5708398084587814, 0.6034059939615913, 0.026894891306494702
0.6409672634409932, 0.5689281113577198, 0.603437798775354, 0.02295904267980163
0.6425338630928191, 0.567324877096431, 0.6034657782446399, 0.01882815437122552
0.643784165913768, 0.5660441904605162, 0.6034889837060894, 0.01453731651150407
0.6447079366373303, 0.5650973169069268, 0.603506628357763, 0.010122979334543812
0.6452976213178391, 0.5644925937071421, 0.6035181139391389, 0.005622643338022265
0.6455484016002954, 0.5642353491147295, 0.6035230510181613, 0.0010745404290089875
0.6454582292086231, 0.5643278505861675, 0.6035212721970759, -0.0034826912128707852
0.6450278405762565, 0.5647692827176869, 0.6035128377890157, -0.008010335763541664
0.6442607515879699, 0.5655557551813866, 0.6034980337727335, -0.01246992904994455
0.6431632324440453, 0.5666803405586778, 0.6034773620948779, -0.016823585682692016
0.641744262701059, 0.5681331415859605, 0.603451523648837, -0.021034321216030154
0.6400154665916372, 0.569901386954071, 0.6034213945076231, -0.02506636657175026
0.6379910287820745, 0.5719695544469113, 0.6033879962170983, -0.02888547203573387
0.6356875907949396, 0.5743195198726841, 0.6033524611572352, -0.032459198232276665
0.6331241284064875, 0.5769307299396093, 0.6033159941463173, -0.03575719160080118
0.6303218104277896, 0.5797803969621931, 0.6032798315902391, -0.03875144204034531
0.627303839395382, 0.5828437130585117, 0.6032451995621775, -0.04141652054741651
0.6240952748322001, 0.586094081316691, 0.6032132722339659, -0.04372979485040356
0.620722839892243, 0.5895033612719932, 0.6031851320684154, -0.04567162123664693
0.6172147123713081, 0.5930421259453832, 0.6031617331219357, -0.04722551097439208
0.6136003012489744, 0.5966799276498773, 0.6031438687012493, -0.04837826994914057
0.6099100101205779, 0.6003855697707635, 0.6031321444702789, -0.0491201103604104
0.6061749890782812, 0.6041273817673962, 0.6031269579185171, -0.049444733558775225
0.6024268768028014, 0.6078734947241105, 0.6031284848865631, -0.049349383342550276
0.5986975348267694, 0.6115921148915168, 0.6031366736053602, -0.04883486927702233
0.5950187761214489, 0.6152517928020287, 0.6031512464510967, -0.0479055598451792
0.5914220903348513, 0.618821685709423, 0.6031717093563048, -0.04656934548603914
0.5879383681653441, 0.6222718112858422, 0.6031973685583059, -0.04483757182350673
0.5845976274849839, 0.6255732907050222, 0.6032273541175192, -0.04272494363377581
0.5814287439257435, 0.6286985794420044, 0.6032606494087286, -0.04024940034118945
0.5784591887047817, 0.63162168432171, 0.6032961255859165, -0.03743196406961448
0.5757147764879362, 0.63431836554657, 0.603332579852628, -0.034296561507123735
0.5732194260705288, 0.6367663226225475, 0.603368776240698, -0.030869821064336417
0.5709949365892603, 0.6389453632797423, 0.603403487514979, -0.027180847019236162
0.5690607818674391, 0.6408375546455415, 0.6034355367833666, -0.023260972541672646
0.5674339253381689, 0.642427356073034, 0.603463837401205, -0.019143493676974987
0.5661286577878709, 0.6437017331541816, 0.6034874298168345, -0.014863386538068336
0.5651564599181739, 0.6446502525559364, 0.6035055141086081, -0.010457010107116613
0.5645258914415956, 0.6452651574089586, 0.6035174771097322, -0.005961797179043795
0.5642425081103394, 0.6455414230543965, 0.6035229132007586, -0.0014159360885060259
0.5643088077337737, 0.6454767930167765, 0.6035216380643327, 0.0031419540525763016
0.5647242058753227, 0.645071795123299, 0.6035136949355333, 0.00767315181924165
0.5654850415407404, 0.6443297377352384, 0.6034993531357371, 0.012139162817095824
0.5665846127846871, 0.6432566860993812, 0.6034790989397492, 0.016502047074681038
0.5680132417789702, 0.6418614188704427, 0.6034536190860689, 0.020724741672288518
0.5697583685114371, 0.6401553649029521, 0.6034237774897314, 0.024771375839478957
0.5718046719268466, 0.6381525204669014, 0.6033905859477459, 0.02860757582373795
0.5741342169870235, 0.6358693471086992, 0.6033551698308512, 0.032200756927371746
0.5767266258235771, 0.6333246504605122, 0.6033187299252947, 0.03552040022754541
0.5795592708878192, 0.6305394403988782, 0.6032825017187436, 0.03853831163361167
0.5826074877737629, 0.6275367730690085, 0.6032477135109847, 0.04122886109469439
0.5858448052044876, 0.624341575424819, 0.6032155447697067, 0.04356919994686128
0.5892431895319102, 0.6209804530861105, 0.6031870861431778, 0.045539454581056835
0.5927733010060318, 0.6174814824820801, 0.6031633024852914, 0.047122894818173056
0.5964047590217179, 0.6138739884322277, 0.6031450001461686, 0.0483060755941564
0.6001064135476418, 0.6101883085086162, 0.603132799636832, 0.04907895078392338
0.6038466199806035, 0.6064555457234546, 0.6031271145942431, 0.0494349582262265
0.6075935147455509, 0.6027073112884389, 0.6031281377594434, 0.0493710752507421
0.611315289072992, 0.5989754593921216, 0.6031358344438891, 0.04888784425193591
0.6149804585260864, 0.595291816133181, 0.6031499437053445, 0.04798936810017881
0.6185581260141076, 0.5916879049250534, 0.6031699871934945, 0.04668327542769811
0.6220182362114524, 0.5881946708451654, 0.6031952853655733, 0.04498065607385057
0.6253318194960713, 0.5848422065342738, 0.6032249805225939, 0.04289596721947346
0.628471223722403, 0.5816594823528588, 0.6032580658856019, 0.040446910982255335
0.6314103323461444, 0.5786740835673484, 0.6032934197266406, 0.037654284482623326
0.634124767616488, 0.5759119573650839, 0.6033298433977111, 0.03454180362092364
0.6365920777413795, 0.5733971724801702, 0.6033661019687553, 0.031135902029901727
0.6387919071092418, 0.5711516941504736, 0.6034009660970838, 0.02746550687978517
0.6407061488135769, 0.569195177017969, 0.6034332537087539, 0.023561793414631715
0.6423190788729463, 0.5675447784304397, 0.6034618700785804, 0.01945792028596368
0.6436174716669536, 0.5662149944035436, 0.6034858449495915, 0.015188747920960425
0.6445906962189016, 0.5652175202609635, 0.603504365432988, 0.010790542315556425
0.6452307930484752, 0.564561137690444, 0.6035168035726409, 0.006300666775707063
0.6455325313947493, 0.5642516296397564, 0.6035227376390665, 0.0017572642410179685
0.6454934466732668, 0.5642917241347182, 0.6035219664304619, -0.0028010670877089026
0.6451138580838562, 0.5646810677378848, 0.6035145160956064, -0.007335602032975074
0.6443968663316395, 0.5654162289885687, 0.6035006392471362, -0.011807817816448718
0.6433483314660301, 0.5664907317799852, 0.6034808063952739, -0.01617972169526274
0.6419768308853245, 0.5678951182453884, 0.6034556899926614, -0.02041417404414482
0.6402935976015796, 0.5696170403497329, 0.6034261416316024, -0.024475204111406586
0.6383124389155237, 0.5716413790242322, 0.6033931631673002, -0.028328315745100842
0.6360496357175566, 0.5739503893451733, 0.6033578727466582, -0.031940780478541965
0.6335238227112544, 0.5765238699518669, 0.603321466894908, -0.035281915480504904
0.6307558499523567, 0.5793393546271584, 0.6032851799459024, -0.038323344013120694
0.627768626210359, 0.5823723237320481, 0.6032502421918287, -0.04103923619790546
0.6245869447921271, 0.5855964329970546, 0.6032178381713386, -0.04340652806548745
0.621237292617025, 0.5889837570292684, 0.603189066510213, -0.04540511705534861
0.6177476434996495, 0.5925050447965906, 0.6031649026758675, -0.04701803233617219
0.6141472367771923, 0.5961299842992527, 0.603146165908087, -0.04823157853313364
0.6104663426106502, 0.5998274736320065, 0.6031334914466938, -0.0490354516737098
0.60673601548871, 0.603565895675917, 0.6031273089972575, -0.04942282639645012
0.6029878376656237, 0.6073133937330794, 0.6031278281645167, -0.04939041370591185
0.5992536544645866, 0.6110381455265207, 0.6031350313470543, -0.04893848879998515
0.5955653035705488, 0.6147086331261515, 0.6031486743339597, -0.04807088874160542
0.5919543406152485, 0.6182939065244565, 0.6031682945832666, -0.04679497999392411
0.5884517635166936, 0.6217638387669296, 0.6031932269016795, -0.04512159608497006
0.5850877381697078, 0.6250893707362583, 0.6032226259943314, -0.04306494591328067
0.5818913281880588, 0.6282427438901661, 0.6032554951204835, -0.04064249344844728
0.5788902314673521, 0.6311977194551807, 0.6032907198841166, -0.0378748098184786
0.5761105263670951, 0.6339297827773431, 0.6033271060142386, -0.034785399007693486
0.5735764302968688, 0.6364163317215727, 0.6033634198543737, -0.03140049861275375
0.5713100734330995, 0.6386368481902863, 0.6033984301887081, -0.027748857318553793
0.5693312901883327, 0.6405730519960567, 0.6034309499868733, -0.023861490958010215
0.5676574309041321, 0.6422090364704784, 0.6034598766519171, -0.01977141920827184
0.566303196043023, 0.6435313853208987, 0.6034842294065872, -0.015513385148403605
0.5652804949166637, 0.6445292703580656, 0.6035031825499539, -0.011123560058100985
0.5645983307102402, 0.6451945298116707, 0.6035160934563122, -0.006639235971484679
0.5642627132516796, 0.6455217270288213, 0.6035225243665732, -0.0020985086126611005
0.5642766006342415, 0.6455081894148418, 0.6035222572328581, 0.002460046571090854
0.5646398704389275, 0.6451540275294037, 0.6035153011126606, 0.006997702498265794
0.5653493209259938, 0.6444621342971687, 0.6035018918616963, 0.011475909845360566
0.5663987021802663, 0.6434381643346122, 0.6034824841358726, 0.01585662491130474
0.5677787768106572, 0.6420904934373192, 0.6034577359737312, 0.020102633137349342
0.5694774094280602, 0.6404301583186831, 0.6034284864824385, 0.02417786550635108
0.5714796837651805, 0.63847077674529, 0.6033957273843372, 0.02804770511177842
0.5737680459638699, 0.6362284482796131, 0.6033605693892664, 0.03167928127785591
0.5763224722466423, 0.6337216359198834, 0.6033242045332768, 0.035041748726696145
0.5791206589148145, 0.6309710290222822, 0.6032878657610388, 0.03810654942441842
0.582138232380717, 0.6279993880034029, 0.6032527851225508, 0.040847654894261995
0.5853489767492265, 0.6248313714518677, 0.6032201520015702, 0.04324178695857837
0.5887250763167173, 0.6214933464267577, 0.6031910727919174, 0.045268615061236965
0.5922373702546311, 0.618013182885945, 0.60316653338855, 0.04691092852531814
0.5958556166900288, 0.614420033367362, 0.6031473657647239, 0.048154782315919034
0.599548763385523, 0.6107440992377269, 0.6031342197679513, 0.04898961510249453
0.6032852222534651, 0.6070163850224491, 0.6031275410904875, 0.04940833864751232
0.6070331450108852, 0.6032684425328726, 0.6031275561608082, 0.049407397786576684
0.610760697388191, 0.599532106707576, 0.6031342644679774, 0.04898680050793377
0.6144363294412103, 0.5958392252776568, 0.6031474385789689, 0.04815011788488852
0.6180290396773497, 0.5922213845459798, 0.6031666318483487, 0.04690445386168633
0.6215086308867944, 0.5887096337314909, 0.603191193559113, 0.045260385140433346
0.6248459557629087, 0.5853342104661241, 0.6032202909816741, 0.04323187166223828
0.6280131505965918, 0.5821242701382187, 0.6032529376035503, 0.04083613841849788
0.6309838555317584, 0.579107621847795, 0.6032880265731382, 0.03809352956660264
0.6337334200683158, 0.5763104737713554, 0.6033243682241668, 0.03502733605666537
0.6362390926904224, 0.5737571907236888, 0.6033607304089748, 0.031663598200431235
0.6384801936777263, 0.5714700666491456, 0.6033958802733985, 0.02803088482843489
0.6404382703226219, 0.5694691146737152, 0.6034286260570013, 0.024160050884749415
0.6420972339252663, 0.5677718772019041, 0.6034578575013249, 0.02008397549825988
0.6434434780689595, 0.5663932583500044, 0.6034825834958747, 0.01583728274319185
0.6444659777911991, 0.565345380772167, 0.6035019656850578, 0.011456047457552548
0.6451563693609398, 0.5646374686612953, 0.603515346896148, 0.00697748862419613
0.6455090104517492, 0.5642757583977317, 0.6035222734239394, 0.0024396529335584693
0.6455210205658455, 0.5642634379806162, 0.6035225104160616, -0.002118908761911987
0.6451923016183131, 0.5646006160160857, 0.6035160498369928, -0.0066594693253249765
0.6445255386373936, 0.5652843206602003, 0.6035031107405492, -0.011143454728052893
0.6435261805793784, 0.5663085285301768, 0.6034841318416139, -0.015532772126484332
0.6422024012991124, 0.567664223212926, 0.6034597566391315, -0.019790133804091566
0.6405650407633295, 0.5693394826228034, 0.6034308115951075, -0.02387937419880094
0.638627526647681, 0.5713195940984264, 0.6033982781098995, -0.02776575730015182
0.6364057765227451, 0.573587195788509, 0.6033632592444734, -0.03141627179001087
0.6339180809124142, 0.5761224425653916, 0.6033269423183887, -0.03479991141334747
0.6311849676020752, 0.5789031944279254, 0.6032905586520281, -0.03788793820016149
0.6282290476854625, 0.5819052251173283, 0.6032553418182773, -0.04065412631424434
0.6250748439686269, 0.585102448474094, 0.6032224858192154, -0.04307498447706219
0.6217486024969544, 0.5884671599135034, 0.6031931046057529, -0.04512995510359524
0.618278088135385, 0.5919702902928637, 0.6031681943124161, -0.046801588489350024
0.6146923653109578, 0.5955816693853865, 0.6031485994873129, -0.04807569060191635
0.6110215652175424, 0.5992702961623346, 0.603134984461749, -0.04894144325437861
0.6072966409813878, 0.6030046131144845, 0.6031278108296949, -0.04939149566973158
0.6035491124884875, 0.6067527819127645, 0.6031273218001961, -0.04942202668343209
0.5998108027756426, 0.6104829578119991, 0.6031335339528965, -0.0490327770737015
0.5961135680810654, 0.6141635603361908, 0.6031462366760123, -0.04822705175464986
0.5924890238316055, 0.617763537943317, 0.6031649993057955, -0.04701169181425785
0.5889682690064187, 0.6212526245465446, 0.6031891857255948, -0.045397016626323644
0.5855816114553607, 0.6246015859612276, 0.6032179759298681, -0.04339673651124388
0.5823582968592178, 0.6277824545472894, 0.6032503938224779, -0.04102783666350644
0.5793262440930769, 0.6307687505190598, 0.603285340307277, -0.03831043330250898
0.5765117897895154, 0.6335356885942234, 0.6033216305495509, -0.03526760323615394
0.5739394448913884, 0.6360603688457032, 0.6033580341453982, -0.03192518825187275
0.5716316659323782, 0.6383219508011606, 0.6033933168373916, -0.02831157596542825
0.5696086436858326, 0.6403018100013373, 0.6034262823622834, -0.024457458962065207
0.5678881116784938, 0.6419836763784454, 0.6034558130118329, -0.02039557425526487
0.5664851768766399, 0.6433537539480432, 0.6034809075313111, -0.01616042526341223
0.5654121746200731, 0.644400821421882, 0.6035007150703414, -0.011787988662020129
0.5646785496077842, 0.6451163134457097, 0.6035145640345077, -0.007315408606764375
0.5642907644324892, 0.6454943822463004, 0.6035219848590122, -0.0027806809386029165
0.5642522368251041, 0.6455319395382267, 0.6035227259317848, 0.0017776699249673208
0.5645633064109692, 0.6452286785959138, 0.6035167621258207, 0.006320918640295619
0.5652212314042627, 0.6445870764435678, 0.6035042956512593, 0.010810468314868475
0.5662202152830704, 0.6436123761583685, 0.6034857491982896, 0.015208178780565827
0.5675514631027425, 0.6423125493246659, 0.6034617516035357, 0.01947669094230374
0.5692032667272626, 0.6406982387227379, 0.6034331165262303, 0.023579744418251045
0.5711611178949042, 0.6387826813886062, 0.6034008148575897, 0.027482485750401152
0.5734078476926758, 0.6365816122449441, 0.6033659417993553, 0.031151764551750137
0.5759237907004088, 0.634113148580088, 0.6033296797281831, 0.03455641506736481
0.5786869717856078, 0.6313976557449409, 0.6032932581053747, 0.03766752075963703
0.581673313289058, 0.6284575945476721, 0.6032579117914851, 0.04045865968117808
0.5848568601423925, 0.6253173509543332, 0.6032248391792547, 0.04290612857013788
0.5882100203048383, 0.6220030488496667, 0.6031951615642881, 0.044989143790158184
0.591703817798491, 0.6185423467754309, 0.6031698851307572, 0.0466900174385868
0.5953081555598047, 0.6149642197415072, 0.603149866840602, 0.04799430715992439
0.5989920853084069, 0.611298727395041, 0.6031357853822678, 0.04889093842474697
0.6027240816606731, 0.6075767700311716, 0.6031281181634375, 0.0493722982656579
0.6064723177814917, 0.6038298341311887, 0.6031271251273583, 0.04943429969940342
0.6102049399692379, 0.6000897293151208, 0.6031328399410939, 0.049076416306486334
0.6138903387013754, 0.5963883187904351, 0.6031450688542564, 0.04830168668489623
0.6174974138259779, 0.5927572455609373, 0.6031633972668894, 0.0471166887414777
0.6209958317621261, 0.5892276568242655, 0.6031872037839698, 0.04553148403156765
0.6243562727637989, 0.5858299291268605, 0.6032156812803399, 0.04355953260344367
0.6275506665017172, 0.5825933969565148, 0.6032478642623116, 0.041217579047392
0.6305524144200833, 0.5795460875295362, 0.6032826615987522, 0.038525510688312795
0.6333365975251424, 0.5767144645679972, 0.6033188935124194, 0.03550618909411987
0.6358801684553333, 0.5741231838588791, 0.6033553315777811, 0.03218525629802782
0.6381621268646415, 0.5717948633387322, 0.6033907403695019, 0.02859091734929447
0.6401636773184444, 0.5697498703532902, 0.6034239193496378, 0.02475370101213859
0.6418683690524497, 0.568006128601016, 0.6034537435733103, 0.020706200624323483
0.643262217078866, 0.5665789470837713, 0.6034792018324946, 0.016482797303193946
0.644333804239397, 0.5654808731588552, 0.6034994309442955, 0.012119367845687927
0.6450743639023824, 0.5647215715178482, 0.6035137450206866, 0.007652979807996672
0.6454778430828666, 0.5643077306135208, 0.6035216587268313, 0.0031215763682444515
0.6455409458315822, 0.5642429977219285, 0.6035229037389443, -0.0014363463298691678
0.645263156794577, 0.5645279434690584, 0.6035174378433311, -0.005982066584471216
0.6446467448927571, 0.5651600562769689, 0.6035054463678893, -0.010476966481503772
0.6436967471135837, 0.5661337668007679, 0.6034873358974993, -0.014882860348652082
0.6424209324494358, 0.5674405020427498, 0.60346372048654, -0.019162319494938587
0.640829746062543, 0.5690687684512877, 0.6034354008362983, -0.02327899044851241
0.6389362338087092, 0.5710042629473272, 0.6034033371436971, -0.0271979039658532
0.6367559473146648, 0.573230010477669, 0.6033686165424013, -0.03088577217125403
0.634306829879765, 0.5757265263782777, 0.6033324162406932, -0.03431127129477153
0.6316090835643018, 0.5784720015483998, 0.6032959636063524, -0.037445307608254666
0.6286850179354527, 0.5814425081921157, 0.603260494552141, -0.04026126431078293
0.6255588810687638, 0.5846122236818866, 0.603227211632958, -0.042735227284884394
0.6222566735478895, 0.5879536699412616, 0.6031972432753101, -0.04484618783119532
0.6188059463671572, 0.5914379656325588, 0.6031716055211739, -0.04657622068966674
0.6152355838184435, 0.5950350883702493, 0.6031511675829367, -0.047910635867945105
0.6115755726330371, 0.5987141441608749, 0.6031366223767884, -0.04883810302014675
0.6078567588470132, 0.6024436412935402, 0.6031284630331086, -0.04935074735002155
0.6041105940607607, 0.6061917659681771, 0.603126966179788, -0.04944421624966522
0.6003688729647766, 0.6099266570478706, 0.6031321825648897, -0.04911771612685463
0.5966634641991732, 0.6136166774517935, 0.6031439353363615, -0.04837401911917978
0.5930260367978772, 0.6172306798614564, 0.6031618260370822, -0.04721943963997943
0.5894877846343696, 0.6207382645893763, 0.6031852481121278, -0.0456637809482307
0.5860791514282816, 0.6241100276500691, 0.6032134074706083, -0.04372025218059204
0.5828295589857359, 0.6273177972726999, 0.6032453494053645, -0.041405356527313794
0.5797671414260088, 0.6303348572972027, 0.6032799909583205, -0.03873875147320859
0.576918488188512, 0.6331361560960024, 0.6033161576346546, -0.03574308225870103
0.5743083986137042, 0.6356984998570139, 0.6033526232214387, -0.032443789942437254
0.5719596508467389, 0.6380007292463588, 0.6033881513610024, -0.02886889566417978
0.5698927877219535, 0.6400238786380905, 0.6034215374696396, -0.02504876291277999
0.568125922149272, 0.6417513172507819, 0.6034516495803528, -0.021015839796868496
0.566674564341176, 0.6431688716657691, 0.6034774667246636, -0.016804383493431475
0.5655514729930394, 0.6442649293185921, 0.603498113551771, -0.012450169209559148
0.5647665322637027, 0.6450305226542431, 0.6035128900108448, -0.00799018613334224
0.564326656101419, 0.6454593937194162, 0.6035212950895695, -0.003462322969254779
0.5642357211282316, 0.6455480390331537, 0.6035230438036187, 0.0010949542502829905
0.5644945289395955, 0.6452957346337646, 0.6035180768606581, 0.005642929313538348
0.5651007983026429, 0.6447045412479356, 0.6035065626709972, 0.010142965128264458
0.5660491873533144, 0.6437792895711324, 0.6034888916366674, 0.014556832340460131
0.5673313455073778, 0.6425275456905637, 0.6034656629126937, 0.01884703444927059
0.5689359944209126, 0.640959556727033, 0.6034376640897176, 0.02297712662704577
0.5708490369697669, 0.6390881768236546, 0.6034058444872554, 0.026912025512352583
0.5730536928720353, 0.6369287736711567, 0.60337128296358, 0.030618307327554294
0.5755306592593594, 0.6344991158342975, 0.6033351513341159, 0.03406449178017055
0.5782582942177115, 0.6318192412342127, 0.6032986746390769, 0.03722130933706152
0.5812128210711573, 0.6289113072489633, 0.6032630896077702, 0.04006194961074507
0.5843685509767641, 0.6257994230200381, 0.6032296027279581, 0.042562288765893734
0.5876981212380209, 0.6225094646960937, 0.6031993493418943, 0.04470109403920733
0.5911727466293227, 0.6190688745058169, 0.6031733551556395, 0.04646020366531065
0.594762480955531, 0.6155064447276931, 0.6031525014663082, 0.047824680713015
0.5984364860474036, 0.6118520878128263, 0.6031374952857288, 0.048782939558188784
0.6021633054137732, 0.6081365941143211, 0.6031288453729601, 0.04932684394970526
0.6059111398316448, 0.6043913788786922, 0.6031268449878002, 0.049451775861684616
0.6096481222519288, 0.6006482203564593, 0.6031315619496381, 0.04915667456685586
0.6133425895266449, 0.5969389910850923, 0.6031428363384721, 0.048444045610782555
0.6169633486178366, 0.5932953845820775, 0.6031602859159815, 0.047319939613444224
0.6204799351235121, 0.5897486398532722, 0.6031833190829825, 0.045793901071837145
0.6238628621458627, 0.5863292662661268, 0.6032111549342501, 0.04387888758343596
0.6270838577259834, 0.5830667714532789, 0.6032428497311783, 0.0415911601541169
0.6301160892717581, 0.5799893949943987, 0.60327732889523, 0.03895014549397374
0.6329343736062211, 0.5771238506685944, 0.603313423437948, 0.03597827143876911
0.6355153714579007, 0.574495080072523, 0.6033499095928162, 0.032700776861838546
0.6378377653983567, 0.5721260203579626, 0.6033855503055842, 0.029145497659264823
0.6398824204020832, 0.5700373887553277, 0.6034191371764828, 0.025342630598115812
0.6416325263578189, 0.5682474864160738, 0.6034495314322609, 0.021324477011448933
0.6430737219965699, 0.5667720239278269, 0.6034757025386835, 0.017125168502531526
0.6441941998197774, 0.5656239706333985, 0.6034967631439799, 0.012780376982223243
0.644984791711405, 0.5648134296217627, 0.603511999168022, 0.008327011505674295
0.6454390350014882, 0.56434753995986, 0.6035208940165662, 0.0038029044955178153
0.6455532188178694, 0.5642304074040643, 0.6035231460990943, -0.0007535099631350013
0.645326410620112, 0.5644630644754989, 0.6035186790559403, -0.0053035229967892126
0.6447604628581188, 0.5650434604109922, 0.6035076443477075, -0.009808480179289729
0.6438599997414062, 0.5659664811187557, 0.6034904161191222, -0.014230110299563918
0.6426323841471017, 0.5672239988825583, 0.60346757851159, -0.01853085083616399
0.6410876647394214, 0.5688049511780079, 0.6034399058549056, -0.022674167344260098
0.6392385034244391, 0.570695447597247, 0.6034083364101397, -0.026624864017597505
0.6371000833248185, 0.5728789035311073, 0.6033739405544362, -0.030349382769912232
0.6346899975329251, 0.5753361989372832, 0.6033378844869041, -0.03381608828617051
0.632028118989798, 0.5780458602352767, 0.6033013906865955, -0.036995536622221346
0.629136451943577, 0.5809842631187079, 0.6032656964635392, -0.03986072508025252
0.6260389655651271, 0.5841258538670261, 0.6032320120083166, -0.042387321254866994
0.6227614104407652, 0.5874433865744375, 0.6032014793624544, -0.04455386932858653
0.6193311188214106, 0.5909081735956035, 0.6031751337005355, -0.04634197189404843
0.615776789682277, 0.5944903464356546, 0.6031538682363743, -0.04773644579100063
0.6121282598348067, 0.5981591242855326, 0.6031384039426436, -0.048725450667412615
0.608416262529343, 0.6018830874205914, 0.6031292651100885, -0.0493005892036812
0.6046721751888358, 0.6056304527378004, 0.6031267615745033, -0.04945697817522984
0.6009277581157624, 0.6093693488008906, 0.6031309782136745, -0.04919328977010192
0.5972148862110651, 0.6130680878886939, 0.6031417720701391, -0.048511762822866594
0.5935652759295859, 0.6166954326945763, 0.6031587771972509, -0.047418183872821054
0.5900102098653444, 0.6202208554985699, 0.6031814170643552, -0.04592183820165728
0.5865802615063551, 0.6236147878228577, 0.6032089241007753, -0.04403543125206706
0.5833050228169, 0.6268488587797434, 0.6032403657163916, -0.04177498107274613
0.5802128373902363, 0.6298961205236048, 0.6032746759170899, -0.03915968267544
0.5773305419621204, 0.6327312594192895, 0.6033106914436671, -0.03621174542445574
0.5746832190815911, 0.635330791734237, 0.6033471912093659, -0.032956204806741794
0.57229396369743, 0.6376732428462085, 0.6033829376992391, -0.02942071014938568
0.5701836663349386, 0.6397393091296207, 0.603416718927884, -0.025635290059249492
0.5683708154075612, 0.6415120018385837, 0.6034473895329526, -0.021632097554423635
0.5668713210321481, 0.64297677244238, 0.6034739096109792, -0.017445137037134018
0.5656983624971399, 0.6441216189885896, 0.6034953799784457, -0.01310997542059824
0.5648622612727634, 0.6449371731707204, 0.6035110726621091, -0.008663439866046034
0.5643703811556491, 0.6454167678621464, 0.603520455584317, -0.004143304708792782
0.5642270568123592, 0.6455564849483445, 0.6035232106058788, 0.0004120297478485711
0.5644335516332702, 0.6453551833474813, 0.6035192443143595, 0.004963863816364263
0.564988045436942, 0.6448145071584592, 0.6035086911917701, 0.009473527581807858
0.5658856521829088, 0.6439388739192244, 0.6034919090541762, 0.013902709802668407
0.5671184674654269, 0.642735443000198, 0.6034694669179601, 0.018213783729371623
0.5686756451799219, 0.6412140642020734, 0.6034421257043988, 0.022370127042843274
0.5705435023853304, 0.6393872066776664, 0.6034108124371873, 0.026336433170507254
0.5727056510365425, 0.6372698683575169, 0.6033765888082198, 0.03007901131722844
0.5751431549384426, 0.6348794661316397, 0.6033406151779038, 0.03356607265284245
0.5778347099826052, 0.6322357071276525, 0.6033041112310156, 0.03676800022452216
0.5807568454745757, 0.6293604415303221, 0.6032683146223784, 0.03965760030955922
0.5838841441478759, 0.6262774975103298, 0.6032344390146381, 0.042210333090237716
0.5871894782932768, 0.6230124989709174, 0.6032036329308449, 0.044404520715302556
0.5906442593101375, 0.6195926669792239, 0.6031769408167327, 0.04622153100997049
0.5942186979111607, 0.6160466059228697, 0.6031552676325193, 0.04764593530641739
0.5978820721820209, 0.6124040756190626, 0.6031393481742663, 0.04866563908717524
0.6016030007110907, 0.6086957507997626, 0.6031297221644486, 0.0492719843629687
0.6053497180589843, 0.6049529695980169, 0.6031267159557879, 0.04945982294239887
0.6090903499290543, 0.6012074728626446, 0.6031304314682856, 0.0492275599918666
0.6127931855236699, 0.5974911363256539, 0.603140742734274, 0.048577167528643155
0.616426944721936, 0.5938356978334717, 0.6031573001685469, 0.047514167736563
0.6199610378868642, 0.5902724820234083, 0.6031795424188953, 0.04604758624101027
0.6233658162980767, 0.5868321249749868, 0.6032067153955325, 0.0441898757262882
0.626612811404114, 0.5835443014862958, 0.6032378978346326, 0.04195681052267357
0.6296749612906778, 0.5804374577132267, 0.6032720325297493, 0.03936735303097948
0.6325268229623829, 0.5775385519598258, 0.6033079621727337, 0.03644349308769196
0.6351447692310016, 0.5748728064172318, 0.603344468589418, 0.03321006160201819
0.6375071691887069, 0.5724634726140532, 0.6033803140401314, 0.02969452001566645
0.6395945514170163, 0.5703316132606958, 0.6034142831849494, 0.0259267273449328
0.6413897492385168, 0.5684959030435102, 0.6034452242908429, 0.021938686760667153
0.6428780274574225, 0.5669724507522598, 0.6034720882834245, 0.017764273842845894
0.6440471901558553, 0.5657746449080864, 0.6034939643189079, 0.013438948810686073
0.6448876692156892, 0.5649130248018709, 0.6035101106697667, 0.008999455174462209
0.6453925933219389, 0.564395178558767, 0.6035199798764141, 0.0044835073794949176
0.645557837274889, 0.56422566951891, 0.6035232373116605, -7.052988556046377e-05
0.6453820514970109, 0.5644059918729003, 0.6035197725281174, -0.004623967966472106
0.6448666716703448, 0.564934556120475, 0.6035097030035542, -0.009138123305366175
0.644015908483977, 0.5658067045391305, 0.6034933701571363, -0.013574646458857354
0.6428367175132907, 0.567014756464031, 0.6034713277717032, -0.017895848244806736
0.6413387492967514, 0.5685480827991294, 0.6034443232148993, -0.022065020217063157
0.6395342797258363, 0.5703932088097103, 0.6034132720962553, -0.026046746720558747
0.6374381209229198, 0.5725339438958605, 0.6033792272199521, -0.029807205857421012
0.6350675128535579, 0.5749515367214846, 0.603343342886422, -0.03331445679714494
0.6324419960062636, 0.577624853780439, 0.603306835753588, -0.03653871098885397
0.6295832655763435, 0.5805305792252792, 0.6032709435850676, -0.03945258497951834
0.626515007711775, 0.5836434335691197, 0.6032368832841567, -0.04203133270676523
0.6232627185186249, 0.5869364087001263, 0.6032058096364415, -0.04425305531655847
0.6198535066804017, 0.5903810165229469, 0.6031787761596716, -0.04609888675244961
0.6163158807184068, 0.59394754846249, 0.6031566993879287, -0.04755315357221943
0.6126795221059967, 0.5976053430322067, 0.603140327800572, -0.04860350766751029
0.6089750456453535, 0.6013230586796107, 0.6031302164489079, -0.04924103079056546
0.6052337487167007, 0.6050689491733502, 0.6031267081403683, -0.04946031002762162
0.6014873512121052, 0.608811138884933, 0.6031299218177383, -0.049259483599159035
0.5977677281637834, 0.6125178954396744, 0.6031397485271593, -0.04864025661151636
0.594106637264497, 0.6161578973604086, 0.6031558551115153, -0.04760788663084145
0.5905354436493968, 0.6197004944984484, 0.6031776955040654, -0.046171139197546604
0.5870848444587443, 0.6231159592333784, 0.6032045292396827, -0.044342213645961734
0.583784595823718, 0.6263757266207095, 0.603235446556481, -0.04213663983830948
0.5806632450078393, 0.6294526218685538, 0.6032693992372555, -0.0395731466629739
0.577747870489853, 0.6323210737259573, 0.6033052361455743, -0.036673503382732536
0.5750638327863419, 0.6349573125615502, 0.6033417422521331, -0.03346233514747517
0.5726345387810883, 0.6373395520975508, 0.6033776798285542, -0.02996691420614034
0.5704812222513028, 0.6394481539374369, 0.6034118304121427, -0.026216928562227102
0.5686227431576835, 0.6412657741832591, 0.6034430361188157, -0.02224423001426512
0.5670754080962661, 0.6427774915788604, 0.6034702389033232, -0.018082563704964708
0.5658528140968972, 0.643970916737466, 0.603492516435314, -0.013767281468318595
0.5649657176988345, 0.6448362821163794, 0.6035091133744312, -0.009335041410640468
0.5644219309424471, 0.645366512488863, 0.603519466983563, -0.004823496287466007
0.5642262455923741, 0.6455572757355179, 0.6035232262113388, -0.00027097334165104966
0.5643803865578023, 0.6454070138371759, 0.6035202635964786, 0.004283851652622581
0.5648829951064925, 0.6449169540015065, 0.6035106795901074, 0.008802283341075901
0.5657296420881144, 0.6440910998997794, 0.6034947991493744, 0.013245935908855404
0.5669128709970583, 0.642936203032306, 0.6034731607179634, 0.017577059539829083
0.5684222703228973, 0.6414617142848535, 0.6034464979673572, 0.021758861412084326
0.5702445742658195, 0.6396797157876295, 0.6034157149183091, 0.025755818477139807
0.5723637905420008, 0.637604833246824, 0.6033818552865166, 0.029533979346820075
0.5747613536768199, 0.6352541289892929, 0.6033460670923192, 0.03306125271236529
0.5774163018882126, 0.6326469760464152, 0.6033095637347832, 0.03630767984370037
0.5803054754034673, 0.6298049137053441, 0.6032735828503023, 0.039245688861129564
0.5834037338345581, 0.6267514850759005, 0.6032393443507904, 0.04185032863514154
0.5866841900627681, 0.6235120573595415, 0.6032080090641856, 0.04409948035046156
0.5901184579546921, 0.6201136256624908, 0.6031806393793858, 0.04597404496587748
0.5936769111493259, 0.6165846013666504, 0.6031581632295926, 0.047458105009604214
0.5973289501193487, 0.6129545862569171, 0.6031413426347625, 0.04853905936900228
0.6010432747170806, 0.6092541337985867, 0.6031307478692123, 0.049207729961391763
0.6047881594642175, 0.6055144991596131, 0.6031267381297277, 0.0494584394076758
0.6085317289306168, 0.60176737977481, 0.6031294493592022, 0.04928905907081077
0.6122422306665712, 0.5980446484473746, 0.6031387896383593, 0.04870102706524163
0.6158883033001376, 0.5943780811717456, 0.6031544423016887, 0.04769933608977361
0.6194392375805584, 0.5907990820349708, 0.6031758766720252, 0.0462924911835421
0.6228652283349347, 0.5873384077056552, 0.603202366050075, 0.04449243775136831
0.6261376155021456, 0.5840258941445599, 0.6032330123493455, 0.04231446044942315
0.6292291126100066, 0.5808901882638597, 0.6032667765417287, 0.039777053763294545
0.6321140212633442, 0.5779584873182689, 0.6033025138819961, 0.03690176534669057
0.6347684304072516, 0.5752562888268704, 0.6033390127173849, 0.033713013418441254
0.6371703993170232, 0.5728071537965659, 0.6033750355668197, 0.030237879736379883
0.639300123440619, 0.5706324859446288, 0.6034093610771812, 0.02650587987717445
0.6411400823784134, 0.5687513294981439, 0.6034408254341362, 0.022548712749219928
0.6426751694266041, 0.5671801879825076, 0.6034683618233404, 0.018399991449213737
0.6438928022342314, 0.5659328662012553, 0.6034910366037695, 0.01409495773991529
0.6447830142293327, 0.5650203373581095, 0.6035080809662882, 0.009670182574785179
0.6453385265583182, 0.564450636983232, 0.6035189170035786, 0.0051632552227579625
0.6455548003559498, 0.5642287850042589, 0.6035231773070396, 0.0006124636515539342
0.6454300692238326, 0.5643567369547275, 0.6035207174258111, -0.003943531090842004
0.6449653518461073, 0.5648333649446607, 0.6035116207652131, -0.00846602370083708
0.6441644447156093, 0.5656544686376667, 0.6034961957584055, -0.012916593824269795
0.643033894985843, 0.5668128160935509, 0.603474965407228, -0.017257432812509507
0.6415829535076468, 0.5682982139529347, 0.6034486495470813, -0.021451665223261668
0.6398235081581843, 0.570097606068421, 0.6034181404375423, -0.025463662308877734
0.6377699976274801, 0.5721951993328621, 0.603384472506787, -0.0292593448095375
0.6354393058973238, 0.5745726151261169, 0.6033487872761396, -0.032806472467535285
0.6328506377316061, 0.5772090645035138, 0.6033122946544298, -0.036074917800605996
0.6300253755980474, 0.5800815449873511, 0.6032762319148316, -0.03903692181506219
0.6269869185599473, 0.5831650566013861, 0.6032418217452673, -0.04166732950157347
0.6237605038134256, 0.5864328346105545, 0.6032102307946955, -0.04394380313566702
0.6203730116999993, 0.5898565962960347, 0.6031825301206012, -0.04584701159937367
0.6168527551947798, 0.5934067990099484, 0.6031596588783883, -0.04736079414778932
0.6132292550546538, 0.5970529067139788, 0.6031423924833283, -0.0484722972626332
0.6095330020052632, 0.6007636622103723, 0.6031313163240253, -0.04917208346220787
0.6057952075463908, 0.6045073623194387, 0.6031268059181376, -0.04945421117167488
0.6020475451577558, 0.6082521333411609, 0.6031290141827517, -0.049316284997534696
0.5983218838860097, 0.6119662042553915, 0.6031378662506971, -0.04875947599405448
0.5946500164832854, 0.6156181752603416, 0.6031530620084405, -0.04778851175562004
0.5910633844421758, 0.6191772794170682, 0.6031740862695677, -0.04641163641616376
0.587592802425691, 0.622613635352717, 0.6032002262391644, -0.044640540883537805
0.584268184717967, 0.625898489171552, 0.6032305956773597, -0.04249026388153623
0.5811182764169761, 0.6290044439245613, 0.6032641649432471, -0.039979064613754244
0.5781703921496177, 0.6319056751903499, 0.6032997959010673, -0.03712826810004474
0.5754501651083243, 0.6345781315171264, 0.603336280505631, -0.033962084466323886
0.5729813091837487, 0.636999718663673, 0.6033723817591301, -0.030507403690100496
0.5707853968981189, 0.6391504667526001, 0.6034068756509177, -0.026793567515441218
0.5688816557276068, 0.6410126796093197, 0.6034385926583404, -0.022852120450129944
0.5672867852398493, 0.6425710657031316, 0.6034664574014005, -0.018716541942449604
0.5660147972660896, 0.6438128502317466, 0.6034895251064512, -0.01442196200321338
0.5650768810790067, 0.6447278679974706, 0.6035070136421968, -0.010004862688334365
0.5644812952610505, 0.6453086368130582, 0.6035183300413278, -0.0055027679863894965
0.5642332876289318, 0.6455504112496108, 0.6035230906080824, -0.0009539247625215785
0.5643350442337033, 0.6454512166002676, 0.6035211339295683, 0.003603022506917936
0.5647856680892799, 0.6450118629848403, 0.6035125263493949, 0.008129360416593564
0.5655811879025081, 0.6442359395654494, 0.6034975597179093, 0.012586635906862247
0.5667145966926387, 0.643129788885361, 0.6034767414953632, 0.016936983300924795
0.5681759198050703, 0.6417024613865014, 0.603450777543796, 0.02114344629546451
0.5699523114512296, 0.6399656502093755, 0.6034205481914472, 0.02517029214299834
0.5720281785508685, 0.6379336064359098, 0.6033870783817064, 0.02898331533686625
0.5743853303218193, 0.6356230350043541, 0.6033515029191993, 0.032550128206876194
0.5770031517615537, 0.6330529716084462, 0.603315027991802, 0.035840435953671514
0.5798587989001335, 0.6302446409926289, 0.6032788902735431, 0.0388262937912046
0.5829274134795988, 0.6272212971724365, 0.6032443149952156, 0.04148234402739077
0.5861823545337906, 0.624008046244653, 0.6032124744043521, 0.043786031091048755
0.5895954442070039, 0.6206316526049424, 0.6031844480228143, 0.04571779270652164
0.5931372250605926, 0.6171203295599645, 0.6031611860491489, 0.04726122562381578
0.5967772260732538, 0.6135035155041532, 0.6031434771461057, 0.04840322452965426
0.600484234541657, 0.6098116370251299, 0.6031319217049712, 0.04913409299155612
0.6042265711307612, 0.6060758605022099, 0.6031269114926866, 0.04944762552108172
0.6079723654039588, 0.6023278339649053, 0.6031286163713772, 0.04934116008200973
0.6116898292777223, 0.5985994211775699, 0.6031369785402516, 0.048815600612825735
0.6153475259887313, 0.5949224301068045, 0.6031517144949698, 0.047875409379010005
0.6189146323279315, 0.5913283381040665, 0.6031723246380887, 0.046528569217762786
0.6223611920799709, 0.5878480162913804, 0.6031981102149712, 0.04478651598460846
0.6256583588020853, 0.5845114557674306, 0.6032281970013365, 0.042664041756344535
0.6287786262780424, 0.5813474983493414, 0.6032615649397938, 0.04017916958658917
0.6316960451848389, 0.5783835746274474, 0.6032970827210593, 0.037353000847176826
0.6343864247074741, 0.5756454521322586, 0.6033335461378602, 0.03420953641919872
0.6368275180259851, 0.5731569963915756, 0.6033697189115259, 0.030775473219796665
0.6389991907754282, 0.5709399475891821, 0.6034043746072851, 0.027079977762996178
0.6408835717408118, 0.5690137154237719, 0.6034363382171859, 0.023154438652902898
0.6424651851932937, 0.5673951946079551, 0.6034645260006504, 0.019032200093406
0.6437310644002446, 0.5660986032437864, 0.6034879822315807, 0.014748278668036106
0.6446708459499989, 0.5651353460658387, 0.6035059116056793, 0.010339065794745231
0.6452768446231438, 0.5645139042592967, 0.6035177062087316, 0.00584201839114268
0.6455441086176293, 0.5642397532436234, 0.6035229661309915, 0.0012953403943339172
0.6454704549972432, 0.5643153094679665, 0.6035215130283179, -0.003262342135600001
0.6450564852850202, 0.5647399068991467, 0.6035133961699566, -0.00779230953954319
0.6443055811684267, 0.5655098035040679, 0.6034988907677812, -0.012256077887774584
0.6432238803253646, 0.5666182176432678, 0.6034784886436761, -0.016615726282405985
0.6418202324231185, 0.5680553939089122, 0.6034528815517044, -0.02083421932235363
0.6401061353900895, 0.5698086975665112, 0.6034229377208835, -0.024875721964637686
0.6380956521162282, 0.5718627364025157, 0.6033896724143587, -0.028705904086632504
0.6358053078056778, 0.5741995084466436, 0.6033542135036548, -0.032292232149196846
0.6332539682870649, 0.5767985737346253, 0.6033177632256873, -0.035604245479002844
0.6304626996851654, 0.5796372480094321, 0.603281557419525, -0.03861381482816889
0.6274546099736498, 0.5826908160313806, 0.6032468236252101, -0.041295381028610155
0.624254673062733, 0.5859327619831046, 0.6032147394653358, -0.04362617173532579
0.620889536227388, 0.5893350143163478, 0.6031863927203133, -0.045586394445060324
0.6173873118499396, 0.5928682022947879, 0.603162744450668, -0.047159404182306824
0.613777354633083, 0.5965019214402956, 0.6031445964162659, -0.04833184446141487
0.6100900256325069, 0.6002050050877497, 0.6031325638966111, -0.04909376035966071
0.6063564446584307, 0.6039457992931826, 0.6031270548332373, -0.04943868276967962
0.6026082327978413, 0.6076924384181109, 0.6031282560009241, -0.049363683138923455
0.5988772470088969, 0.6114131188251009, 0.6031361266762808, -0.048869398247175594
0.5951953089302704, 0.6150763682609244, 0.6031504000182099, -0.04796002481912496
0.5915939302253593, 0.6186513086686269, 0.6031705921134866, -0.04664328401612565
0.5881040369384432, 0.6221079103526914, 0.6031960183809728, -0.04493035609814318
0.5847556954714017, 0.6254172356164405, 0.603225816778654, -0.04283578579209783
0.5815778428901608, 0.6285516701921211, 0.6032589770271413, -0.04037735914489777
0.578598024334862, 0.6314851409863222, 0.6032943748593308, -0.03757595287686605
0.575842140332786, 0.6341933188615009, 0.6033308101354762, -0.03445535748235501
0.5733342067951241, 0.6366538053640528, 0.6033670475317797, -0.031042075547333924
0.5710961304156049, 0.6388463024868839, 0.6034018584232101, -0.027365096966743482
0.5691475020796783, 0.6407527647169827, 0.6034340625405799, -0.02345565294542503
0.5675054107375772, 0.6423575327641206, 0.6034625679893997, -0.019346950853392882
0.5661842799944086, 0.6436474484944441, 0.603486408273381, -0.015073892177015151
0.5651957294280704, 0.6446119507022999, 0.6035047750668963, -0.010672775960233999
0.5645484623649074, 0.6452431514458801, 0.6035170456247613, -0.006180990262313592
0.564248181528437, 0.6455358927488213, 0.603522803899515, -0.0016366942689323562
0.5642975336339016, 0.6454877835330249, 0.6035218546497803, 0.0029215062198478933
0.5646960836374233, 0.6450992167006583, 0.6035142300610425, 0.007454887139394433
0.5654403189702846, 0.6443733663289336, 0.6035001886542144, 0.011924935526800972
0.5665236837039387, 0.6433161649835756, 0.6034802065190161, 0.016293677072832188
0.5679366422075265, 0.6419362611997496, 0.603454961169608, 0.020523999045702485
0.5696667714847067, 0.6402449572264881, 0.6034253085702103, 0.024579965816197355
0.5716988810179435, 0.6382561271859541, 0.6033922541101098, 0.028427124282590692
0.5740151586131047, 0.6359861158655333, 0.6033569185126509, 0.03203279658733314
0.5765953404315851, 0.633453618441507, 0.6033204998345327, 0.03536635763419964
0.5794169031267284, 0.6306795415300745, 0.6032842328442111, 0.03839949505283309
0.582455275770526, 0.627686846076111, 0.6032493471569125, 0.04110644941553513
0.585684069068839, 0.6245003727228255, 0.6032170255457528, 0.04346423268672342
0.5890753192209115, 0.621146650456009, 0.6031883638422908, 0.04545282307660996
0.5925997436827282, 0.6176536894835853, 0.6031643337857959, 0.047055334675261615
0.5962270060435548, 0.6140507594924325, 0.6031457500803895, 0.048258160459224916
0.5999259872194732, 0.6103681546169057, 0.60313324277649, 0.04905108748835992
0.6036650602043199, 0.6066369466532269, 0.6031272359124503, 0.049427383343574896
0.6074123656938102, 0.602888728256409, 0.6031279331400973, 0.04938385309504555
0.6111360860084132, 0.5991553480564362, 0.6031353108212022, 0.04892086633361667
0.614804714879868, 0.5954686398225716, 0.6031491188287847, 0.04804235404391094
0.6183873208296096, 0.5918601479830675, 0.6031688890260984, 0.046755775344754946
0.6218538020491058, 0.5883608519664124, 0.6031939511360187, 0.045072054369476436
0.6251751308863637, 0.5850008919638898, 0.6032234554631527, 0.04300548780400878
0.6283235862438682, 0.5818092988162623, 0.6032564016987347, 0.04057362384310946
0.6312729723955481, 0.5788137307950588, 0.603291672832202, 0.03779711356281419
0.6339988229289538, 0.5760402200770749, 0.6033280730201701, 0.03469953593887238
0.6364785887092508, 0.5735129316960634, 0.6033643681292645, 0.031307197964572486
0.6386918089401892, 0.5712539376959473, 0.603399327578474, 0.027648911535188544
0.6406202645609385, 0.5692830091040451, 0.6034317660624456, 0.02375574896826327
0.642248113364624, 0.5676174281908368, 0.6034605837410006, 0.019660779217029252
0.6435620063534043, 0.5662718232859189, 0.6034848035319738, 0.015398787006348377
0.6445511849558342, 0.5652580281804757, 0.603503604242561, 0.011005977274552105
0.6452075588257672, 0.564584967868454, 0.6035163484153736, 0.006519667438500308
0.6455257640196902, 0.56425857206637, 0.6035226039445815, 0.001977970111212758
0.6455032014134329, 0.564281717610992, 0.6035221587288061, -0.0025805310100393544
0.6451400552725586, 0.5646542004715173, 0.6035150278636348, -0.0071171093035830805
0.6444392919367712, 0.565372737735418, 0.6035014531297147, -0.011593224611619723
0.6434066386211155, 0.5664309995424474, 0.6034818947938039, -0.015970851025883588
0.642050542379425, 0.5678196705571161, 0.6034570160009521, -0.02021280025467883
0.6403821093222805, 0.5695265401940471, 0.6034276602873425, -0.024283037796659503
0.638415024236322, 0.5715366204504939, 0.6033948229766751, -0.02814698921377744
0.6361654508174569, 0.5738322898630227, 0.6033596174303939, -0.03177183388754669
0.6336519128101289, 0.5763934617973168, 0.6033232372965255, -0.03512678375780404
0.6308951564405458, 0.57919777500679, 0.6032869160374608, -0.03818334467984415
0.6279179946450545, 0.5822208041618312, 0.6032518851091506, -0.0409155581923176
0.6247451337262449, 0.5854362878604238, 0.6032193322097122, -0.04330022166259692
0.621402983218618, 0.5888163714849908, 0.6031903610129151, -0.04531708496636025
0.617919449911491, 0.5923318621706114, 0.6031659537514997, -0.046949022061809606
0.6143237171571047, 0.5959524930961475, 0.6031469379185169, -0.04818217603417782
0.610646010783642, 0.5996471943009959, 0.603133958215178, -0.049006076410999355
0.60691735313222, 0.6033843672637577, 0.603127454695813, -0.049413727781161695
0.6031693069393588, 0.6071321605516992, 0.6031276478504697, -0.049401668989263674
0.599433710986889, 0.610858743957273, 0.6031345311305903, -0.048970002419661714
0.5957424096341701, 0.6145325786752418, 0.6031478711709973, -0.04812239313025656
0.5921269785271422, 0.6181226812357342, 0.6031672157006699, -0.04686603784311548
0.5886184489392622, 0.6215988790891273, 0.6031919088742907, -0.0452116040460262
0.5852470333350727, 0.6249320559321444, 0.6032211135050883, -0.043173139704629285
0.582041854852681, 0.6280943850652811, 0.6032538394456401, -0.04076795432742153
0.57903068347188, 0.6310595492740708, 0.6032889771549013, -0.03801647236413862
0.5762396816658591, 0.6338029459257278, 0.6033253353138635, -0.0349420601501665
0.5736931623231162, 0.6363018761638887, 0.6033616812148994, -0.03157082783396069
0.57141336166996, 0.6385357172637134, 0.6033967825556722, -0.0279314079390737
0.5694202298216325, 0.6404860773745503, 0.6034294492206909, -0.02405471241533791
0.5677312414415278, 0.6421369320255959, 0.6034585736338237, -0.019973670222946514
0.5663612287944136, 0.6434747419003644, 0.6034831683133614, -0.015722947666527577
0.5653222392433038, 0.644488551498026, 0.6035023993559321, -0.01133865385173216
0.564623418964235, 0.6451700683944289, 0.6035156147135119, -0.006858033772360913
0.564270924343334, 0.6455137228943978, 0.6035223663043097, -0.00231915164978894
0.564267862181768, 0.645516707931855, 0.6035224252073981, 0.0022394327632084972
0.5646142594729594, 0.6451789991283788, 0.6035157894255857, 0.006778992136517943
0.5653070631398565, 0.6445033549672563, 0.6035026839531438, 0.011260960957052996
0.5663401697356307, 0.6434952970826653, 0.6034835531460881, 0.015647263532322497
0.5677044847267023, 0.6421630707061604, 0.6034590456538893, 0.019900637785152116
0.5693880106001807, 0.6405175853589776, 0.6034299924238239, 0.02398495206092761
0.5713759626762853, 0.638572335932585, 0.6033973785241942, 0.027865512233891845
0.5736509111670522, 0.6363433043646342, 0.6033623097422309, 0.03150935648894995
0.5761929477122173, 0.6338488421959911, 0.6033259750896675, 0.034885535268775136
0.5789798743471218, 0.6311095343889782, 0.603289606487629, 0.03796537401114658
0.5819874126205142, 0.6281480448988992, 0.603254436997979, 0.04072271645654382
0.5851894303857695, 0.624988944620969, 0.6032216590173747, 0.04313414647907842
0.5885581836397072, 0.62165852248271, 0.6031923838513639, 0.045179186582781944
0.5920645706800082, 0.6181845806165298, 0.603167604038885, 0.04684047140798971
0.5956783957952162, 0.6145962147265127, 0.6031481597041511, 0.048103894806998795
0.5993686396891956, 0.6109235809544555, 0.603134710076254, 0.048958729272350815
0.6031037338724172, 0.607197650749111, 0.603127711141604, 0.049397716733111566
0.606851836322257, 0.6034499554449905, 0.6031274001864362, 0.04941712997264437
0.6105811058194253, 0.5997123224578591, 0.6031337877531103, 0.04901680416395423
0.6142599725028811, 0.5960166051977449, 0.6031466572827425, 0.0482001382641927
0.6178574023457146, 0.592394408981116, 0.6031655724562662, 0.04697406625690177
0.6213431534338467, 0.5888768153860399, 0.6031898919852066, 0.045348998477627925
0.6246880221221357, 0.5854941076319068, 0.6032187913510274, 0.04333873350424708
0.6278640773428399, 0.5822754996732405, 0.6032512907564336, 0.040960341336256
0.6308448815438423, 0.5792488717703603, 0.603286288341451, 0.03823401882588594
0.6336056969335007, 0.5764405153339495, 0.6033225975385981, 0.03518291855655502
0.6361236759008845, 0.5738748898325265, 0.6033589873010459, 0.03183295258914843
0.6383780346606845, 0.5715743944989976, 0.6033942238401138, 0.028212572712034593
0.6403502093382093, 0.569559157473599, 0.6034271124571179, 0.024352529034616426
0.6420239938594059, 0.5678468448754093, 0.6034565380511846, 0.02028560895451452
0.6433856591425913, 0.5664524921043547, 0.6034815029293759, 0.016046358703090638
0.6444240532021578, 0.5653883594424418, 0.603501160636782, 0.011670789830859557
0.6451306818705574, 0.5646638137503716, 0.6035148446590988, 0.007196073131397649
0.6454997699247605, 0.5642852377481827, 0.6035220910240287, 0.002660222617782664
0.6455283024692947, 0.564255968031766, 0.6035226540347546, -0.001898227742256273
0.6452160464827275, 0.5645762626172953, 0.6035165146016866, -0.006440551758799082
0.6445655524813639, 0.5652432984299408, 0.6035038808898092, -0.010928160404299619
0.6435821362966507, 0.5662511987691213, 0.6034851812596522, -0.015322930019246216
0.642273841005184, 0.5675910903978134, 0.6034610497413996, -0.019587526518973615
0.640651379096163, 0.5692511895257989, 0.6034323045349561, -0.023685722819139353
0.6387280550143253, 0.5712169155937835, 0.6033999202653695, -0.027582706760646024
0.636519668280245, 0.5734710314241969, 0.6033649949347856, -0.03124537690289931
0.6340443974672455, 0.5759938079916678, 0.6033287126919123, -0.034642623665930086
0.6313226654074046, 0.5787632117873976, 0.6032923036816995, -0.03774559343547598
0.628376986109713, 0.5817551125116133, 0.6032570023368036, -0.04052793339878559
0.6252317940021418, 0.5849435086306406, 0.6032240055250662, -0.042966015050689255
0.6219132562559979, 0.5883007681823631, 0.6031944319719228, -0.04503913449730299
0.6184490691144207, 0.5917978821071992, 0.6031692843332729, -0.04672968788649241
0.6148682393251735, 0.5954047273212655, 0.6031494152043174, -0.048023320507855946
0.6112008519681251, 0.5990903367329962, 0.6031354982163448, -0.048909048328493195
0.6074778261663181, 0.6028231734319031, 0.6031280052009131, -0.049379350962325486
0.6037306603718022, 0.6065714063451533, 0.6031271901952048, -0.04943023530845628
0.5999911691185091, 0.6103031847601176, 0.6031330808304893, -0.049061269336363594
0.5962912133288528, 0.613986909244175, 0.603145477395462, -0.048275585741058544
0.5926624264427487, 0.6175914966515387, 0.6031639596061936, -0.047079855438273206
0.5891359388014937, 0.6210866370849737, 0.6031879008533164, -0.04548423111683582
0.5857421028587393, 0.6244430408722356, 0.6032164894437306, -0.04350226131125209
0.5825102219011433, 0.6276326738170273, 0.6032487561170753, -0.04115077570068633
0.5794682850372843, 0.6306289791867729, 0.603283606904534, -0.03844974257951577
0.5766427112507513, 0.633407085099334, 0.6033198602163987, -0.03542209967779411
0.574058105308534, 0.6359439961634128, 0.6033562869013708, -0.0320935597355724
0.5717370282664432, 0.6382187684088841, 0.6033916519196914, -0.028492392451228636
0.569699785217868, 0.6402126667105651, 0.6034247562173003, -0.024649184628779523
0.5679642327905153, 0.6419093040597873, 0.6034544773812294, -0.020596580540538974
0.5665456087088124, 0.6432947621712085, 0.6034798076975745, -0.01636900469734451
0.5654563855095968, 0.6443576930272465, 0.6034998883213126, -0.012002369376815048
0.5647061502289217, 0.6450894010598346, 0.6035140383989692, -0.007533769398712949
0.5643015115727537, 0.6454839057502157, 0.6035217781562273, -0.003001166753586623
0.5642460357494963, 0.6455379844943793, 0.6035228451672368, 0.0015569322151873758
0.564540211783978, 0.6452511956372136, 0.6035172032536512, 0.0061018043064612875
0.5651814467577887, 0.644625881625827, 0.6035050437114672, 0.010594838820191282
0.5661640910371052, 0.6436671522753892, 0.6034867788240338, 0.014997865949363375
0.5674794931641848, 0.642382848183136, 0.6034630278813321, 0.019273481383278182
0.5691160837102758, 0.6407834843717373, 0.6034345961798558, 0.023385364336000105
0.571059487023385, 0.6388821742957499, 0.6034024477155358, 0.027298586275137204
0.5732926594613497, 0.636694534407813, 0.6033676724960463, 0.030979907712412293
0.5757960523855281, 0.6342385695575277, 0.6033314495812611, 0.03439806052741084
0.5785477979089162, 0.6315345395879266, 0.6032950071053834, 0.03752401342787996
0.5815239151494135, 0.6286048076036872, 0.6032595806364832, 0.04033121830217868
0.584698534538055, 0.6254736705125806, 0.6032263712853752, 0.04279583538997951
0.588044137575823, 0.6221671725869526, 0.6031965049840803, 0.044896935384012196
0.5915318093225498, 0.618712902954303, 0.6031709943142908, 0.04661667677643102
0.5951315008375271, 0.6151397781033038, 0.6031507041796418, 0.04794045697619941
0.5988122987727308, 0.6114778106810841, 0.6031363224851897, 0.048857035946721764
0.6025426993438671, 0.6077578660556021, 0.6031283368176856, 0.049358631343913925
0.6062908839686288, 0.6040114083191286, 0.6031270179168294, 0.04944098437222165
0.6100249939614979, 0.6002702376102046, 0.6031324104975315, 0.04910339581810688
0.6137134018054832, 0.5965662208265697, 0.6031443317341423, 0.048348731965692865
0.6173249766779191, 0.5929310179846725, 0.6031623774579952, 0.04718340034611392
0.6208293420843233, 0.5893958066467126, 0.6031859358582946, 0.045617295519249895
0.6241971236454006, 0.5859910069779243, 0.6032142082221303, 0.04366371533252628
0.6274001852818774, 0.5827460101095577, 0.6032462360108763, 0.04133924834488882
0.630411852244319, 0.5796889125617436, 0.6032809333554552, 0.03866363334340977
0.6332071196352984, 0.5768462595207803, 0.6033171238692274, 0.035659592113640885
0.6357628452645687, 0.5742427997638418, 0.6033535805307977, 0.03235263685106693
0.6380579258603525, 0.5719012549781254, 0.6033890672848305, 0.028770853817989158
0.6400734558282781, 0.5698421061294939, 0.6034223809505384, 0.024944665055913546
0.6417928679016333, 0.5680833993974581, 0.6034523920168974, 0.02090657015598682
0.643202055161037, 0.5666405740097067, 0.6034780829412102, 0.01669087026711685
0.6442894740179278, 0.5655263140824606, 0.6034985826521289, 0.012333376681046306
0.6450462278548618, 0.5647504263059718, 0.6035131960868543, 0.007871106473794031
0.6454661310977974, 0.5643197450118893, 0.6035214277605495, 0.0033419678016556307
0.6455457535633868, 0.5642380658263959, 0.6035229985683798, -0.0012155624543190831
0.6452844449805262, 0.5645061087562554, 0.6035178552501419, -0.0057627659301895395
0.6446843396332603, 0.5651215111811119, 0.6035061721963607, -0.010261012096421574
0.64375034111526, 0.566078850842072, 0.6034883455345752, -0.01467208682024214
0.6424900872282784, 0.5673696985314394, 0.6034649796964585, -0.018958517349759556
0.6409138951021768, 0.568982699809294, 0.6034368669215172, -0.023083890930091257
0.6390346866659888, 0.5709036847069887, 0.6034049603927263, -0.027013164321193786
0.6368678946615398, 0.5731158040328087, 0.6033703419154255, -0.030712961571555203
0.6344313494663334, 0.5755996905776093, 0.6033341852358179, -0.03415185751011934
0.6317451470831318, 0.5783336432340361, 0.6032977162431721, -0.03730064454920534
0.6288314987615912, 0.581293831796848, 0.6032621714053739, -0.040132580541966584
0.6257145628432713, 0.5844545200076637, 0.6032287558471902, -0.04262361560713232
0.6224202595653345, 0.5877883042478731, 0.6031986024925492, -0.0447525960193277
0.6189760697192916, 0.5912663651698519, 0.6031727336558752, -0.04650144346307553
0.6154108182374054, 0.5948587294892993, 0.6031520263843398, -0.047855308160564484
0.6117544439680308, 0.5985345391394833, 0.6031371827256145, -0.04880269460542108
0.6080377570987012, 0.602262325009362, 0.6031287059286856, -0.04933555886514098
0.6042921858877862, 0.6060102825488551, 0.6031268833841542, -0.04944937665173127
0.6005495145671658, 0.6097465466219901, 0.6031317768820479, -0.049143181601834986
0.5968416144741413, 0.6134394631175302, 0.6031432205172266, -0.048419573452590375
0.5932001706550294, 0.6170578549817093, 0.603160826313343, -0.047284696046257554
0.5896564063497475, 0.6205712805132563, 0.6031839973748159, -0.045748185343807035
0.5862408079104284, 0.6239502819511235, 0.6032119481212027, -0.04382308787379975
0.582982852822199, 0.6271666225844877, 0.6032437309183671, -0.04152575028655907
0.5799107435756854, 0.6301935108170328, 0.603278268204009, -0.03887568092334491
0.5770511501841791, 0.6330058098180692, 0.6033143890188597, -0.035895384544380154
0.5744289641400933, 0.6355802315870069, 0.6033508687053927, -0.032610171586439765
0.5720670665627479, 0.6378955144410741, 0.6033864704283908, -0.029047943538445642
0.5699861132010343, 0.6399325831057491, 0.603419987109773, -0.02523895623016937
0.5682043388197447, 0.6416746907407747, 0.6034502823558537, -0.021215563022677582
0.566737383318061, 0.6431075423704258, 0.6034763289891882, -0.01701194006747467
0.5655981417049074, 0.6442193993043376, 0.6034972438782233, -0.012663795962307165
0.5647966397917714, 0.6450011642350912, 0.6035123178833904, -0.008208068273266707
0.564339937163502, 0.6454464467821152, 0.603521039903828, -0.0036826095132679055
0.5642320586568217, 0.64555160932027, 0.6035231142089462, 0.0008741347355192435
0.564473955221088, 0.6453157929885013, 0.6035184704668428, 0.005423452794562616
0.5650634946630642, 0.644740923822274, 0.6035072661293115, 0.009926696148802
0.5659954823945986, 0.6438316989968663, 0.6034898810925347, 0.014345608163585953
0.5672617119168109, 0.6425955532107084, 0.6034669048146032, 0.018642649433970235
0.5688510443945006, 0.6410426052827882, 0.6034391163269502, 0.022781316973200526
0.5707495163075937, 0.6391855850893955, 0.6034074578178187, 0.026726454504742543
0.5729404738198285, 0.6370397410266554, 0.6033730026839164, 0.030444551204854522
0.5754047321851776, 0.6346227282594118, 0.603336919133949, 0.033904026349177
0.5781207582256405, 0.6319544781065269, 0.6033004305784907, 0.03707549744561068
0.5810648736649273, 0.6290570490192432, 0.6032647741494719, 0.03993202958507018
0.5842114768951495, 0.6259544597338723, 0.6032311587558286, 0.04244936390959381
0.5875332805906014, 0.6226725053227273, 0.6032007240973829, 0.04460612328168996
0.5910015624656948, 0.6192385570270488, 0.603174502026375, 0.04638399343761266
0.5945864264033065, 0.6156813469308589, 0.6031533815662958, 0.047767878118399304
0.5982570711544476, 0.6120307387225441, 0.603138078773587, 0.048746026893963235
0.6019820638282021, 0.6083174859879602, 0.6031291124635256, 0.04931013462539284
0.6057296154493127, 0.6045729796807178, 0.6031267866228228, 0.04945541174708444
0.6094678559556913, 0.6008289866171209, 0.6031311801048432, 0.04918062479174366
0.6131651061348312, 0.5971173810396446, 0.6031421439565873, 0.04848810682608333
0.6167901441513566, 0.593469871478133, 0.6031593064679933, 0.04738373771173783
0.6203124644921648, 0.5899177253062619, 0.6031820857724928, 0.04587689435309851
0.6237025273449492, 0.586491493536464, 0.6032097095718875, 0.04398037134003231
0.6269319966245738, 0.5832207385139402, 0.603241241317205, 0.04171027263735594
0.6299739650641545, 0.5801337672544902, 0.6032756119583761, 0.03908587521299585
0.6328031649885553, 0.577257373217252, 0.6033116561867713, 0.03612946573138022
0.6353961635826112, 0.5746165893083583, 0.6033481519422447, 0.03286615166607661
0.637731541650688, 0.572234454872323, 0.603383861845542, 0.029323648404171884
0.6397900550348706, 0.5701317993429278, 0.6034175751514662, 0.02553204412244905
0.6415547780137727, 0.5683270450940917, 0.6034481488003745, 0.021523544410003065
0.6430112281410841, 0.5668360318542532, 0.6034745461759594, 0.017332198791470514
0.6441474721019859, 0.5656718648271707, 0.6034958722548791, 0.012993611467424528
0.6449542122667439, 0.5648447884008354, 0.6035114039560373, 0.008544638731676359
0.6454248537053188, 0.5643620870286064, 0.6035206146600202, 0.004023075647314015
0.645555551496668, 0.5642280145380124, 0.603523192066884, -0.0005326653374158089
0.6453452382241818, 0.5644437527690447, 0.6035190487864394, -0.0050838810772683846
0.6447956315975807, 0.5650074000720693, 0.6035083253017214, -0.009591906916489111
0.6439112221851847, 0.5659139898131046, 0.6034913852051023, -0.014018445544478605
0.6426992412825493, 0.5671555386488317, 0.6034688028686752, -0.01832589269459224
0.6411696089879465, 0.5687211239531379, 0.6034413439672301, -0.022477656889624154
0.6393348626058314, 0.570596989408876, 0.6034099395145998, -0.026438470493148097
0.6372100655597392, 0.5727666774301402, 0.6033756542941628, -0.030174689406677294
0.6348126970691274, 0.5752111867584313, 0.6033396507543592, -0.03365457885735217
0.6321625229329416, 0.5779091532865714, 0.6033031495937794, -0.03684858284804536
0.6292814478679571, 0.5808370519121462, 0.6032673883725018, -0.03972957498962261
0.6261933499731992, 0.5839694170116073, 0.6032335795531225, -0.04227308860166805
0.6229238980330586, 0.5872790789597543, 0.6032028693940548, -0.044457524151220194
0.6195003525303294, 0.5907374139988053, 0.6031762990886181, -0.046264332296869395
0.6159513514145031, 0.5943146046870367, 0.6031547694671252, -0.047678171015857085
0.6123066818576841, 0.5979799081282624, 0.6031390104582676, -0.04868703551256862
0.6085970394269501, 0.6017019291983036, 0.6031295563447017, -0.04928235983610986
0.6048537763036242, 0.605448896040138, 0.6031267276512953, -0.049459089370692155
0.6011086403819449, 0.6091889351917333, 0.6031306202797173, -0.049215723603647524
0.5973935072766219, 0.6128903438350682, 0.6031411022575046, -0.048554328820485146
0.5937401074550951, 0.616521856806302, 0.6031578182117482, -0.047480520623001184
0.5901797508801492, 0.6200529061798999, 0.6031802014158265, -0.04600341641364976
0.5867430516960872, 0.6234538714279364, 0.6032074930010269, -0.044135558235757766
0.5834596556113852, 0.6266963183539653, 0.6032387676821044, -0.04189280660330644
0.5803579727175188, 0.629753225203149, 0.6032729651250494, -0.03929420619439782
0.5774649185329777, 0.6325991945514758, 0.6033089258940598, -0.036361824517610254
0.5748056660696087, 0.6352106497721164, 0.6033454307593907, -0.03312056488850862
0.5724034116826007, 0.6375660150621535, 0.6033812420336953, -0.029597955272798567
0.5702791573838714, 0.6396458781847421, 0.6034151455355367, -0.025823914761058303
0.5684515121707469, 0.641433135237682, 0.6034459917572913, -0.02183049963561407
0.5669365147482737, 0.6429131168978903, 0.603472734841472, -0.017651631170857274
0.5657474798060396, 0.6440736957116151, 0.6034944680436348, -0.013322807472035172
0.5648948697520748, 0.6449053741027134, 0.6035104544790533, -0.008880801802240396
0.5643861935113796, 0.6454013528570499, 0.6035201521101959, -0.004363349971057874
0.5642259336700757, 0.6455575799119029, 0.6035232321273237, 0.00019117054063410362
0.564415502894216, 0.6453727793378607, 0.6035195900986282, 0.004744066968345639
0.564953230181663, 0.6448484604500851, 0.6035093495115919, 0.009256660361237906
0.5658343771236318, 0.643988907029705, 0.6034928575854346, 0.013690614560655689
0.5670511839670507, 0.642801146678139, 0.6034706734967117, 0.018008262232732292
0.5685929448877002, 0.6412949003713307, 0.603443549417549, 0.022172925155492455
0.5704461115147874, 0.6394825123309446, 0.6034124050098202, 0.026149226014574048
0.5725944233975049, 0.6373788603890503, 0.6033782962405212, 0.02990338904063508
0.5750190637800066, 0.6350012470948359, 0.6033423795761539, 0.033403526924511436
0.5776988387590996, 0.6323692718989451, 0.6033058727705528, 0.036619911571752824
0.5806103776439132, 0.6295046848549959, 0.6032700135759664, 0.03952522640452878
0.5837283521229505, 0.626431222399716, 0.6032360177774636, 0.042094798084136326
0.5870257116741268, 0.6231744259131262, 0.6032050379734927, 0.04430680570940262
0.5904739325294245, 0.6197614439175428, 0.6031781244999372, 0.046142465743062036
0.5940432774281067, 0.6162208189472167, 0.6031561898221792, 0.04758619112761249
0.5977030633603762, 0.6125822603066005, 0.6031399776019996, 0.048625723272192764
0.601421934515056, 0.6088764041310971, 0.6031300374875717, 0.04925223582074344
0.6051681376975045, 0.6051345623656055, 0.6031267064808118, 0.04946040934730483
0.6089097975736775, 0.6013884624783076, 0.6031300975134105, 0.04924847636507866
0.6126151892185084, 0.5976699799247349, 0.6031400956186022, 0.04861823628025974
0.6162530055964259, 0.5940108655644787, 0.6031563618283818, 0.04757504016814519
0.6197926177732485, 0.590442470404177, 0.6031783446641217, 0.046127745496225926
0.6232043258461675, 0.5869954701898292, 0.6032052988312767, 0.04428864116545499
0.6264595987761501, 0.5836995924934762, 0.6032363104847419, 0.0420733434852395
0.6295313015092845, 0.5805833490286861, 0.6032703282087357, 0.03950066393843874
0.6323939079749819, 0.577673775981548, 0.6033061986613528, 0.036592449828186754
0.6350236987447665, 0.5749961851552082, 0.603342705675725, 0.033373399127009026
0.6373989423214544, 0.5725739286935124, 0.6033786114924216, 0.02987085106865533
0.6395000592014161, 0.5704281800712117, 0.6034126987252942, 0.02611455423238842
0.641309768009842, 0.5685777339138209, 0.603443811637943, 0.022136414066136357
0.6428132131487352, 0.5670388270399971, 0.6034708953311467, 0.017970221976833033
0.6439980735190891, 0.5658249829050641, 0.6034930315122796, 0.013651368281352431
0.6448546519825067, 0.5649468813689363, 0.6035094696335168, 0.00921654145762974
0.6453759453144269, 0.5644122554192299, 0.6035196523425813, 0.004703416260927332
0.6455576944730165, 0.5642258161559912, 0.6035232343826497, 0.00015033337299596937
0.645398415067165, 0.5643892069941493, 0.6035200943002086, -0.004404026669395532
0.6448994079570156, 0.56490098767036, 0.6035103385636382, -0.008920972466624396
0.6440647499646069, 0.5657566482596411, 0.6034942979527862, -0.013362130841744875
0.6429012647142544, 0.5669486530217646, 0.6034725163420267, -0.017689773191186607
0.6414184736661922, 0.568466513515605, 0.6034457322573757, -0.021867136298064565
0.6396285274564838, 0.5702968900491697, 0.6034148538333632, -0.025858734857314408
0.6375461177148799, 0.5724237201812696, 0.6033809280192292, -0.029630663038956166
0.6351883696032754, 0.5748283726644857, 0.6033451050790064, -0.033150882517038044
0.6325747154032779, 0.5774898249243876, 0.6033085995895627, -0.03638949451574015
0.6297267495840406, 0.5803848619119819, 0.6032726492592992, -0.0393189935689904
0.6266680659020413, 0.5834882939493073, 0.603238472963939, -0.04191450085384159
0.6234240772231385, 0.586773191014934, 0.6032072294222006, -0.044153975138731816
0.6200218189133205, 0.5902111307886643, 0.6031799779122695, -0.046018399583508174
0.6164897368165217, 0.593772457693614, 0.6031576423606311, -0.04749194283664203
0.6128574610231559, 0.5974265501383965, 0.6031409800203704, -0.04856209309437612
0.6091555668283231, 0.6011420931706724, 0.6031305558003875, -0.049219764014677064
0.6054153244798179, 0.604887353802986, 0.6031267231154004, -0.049459371614004766
0.6016684395183405, 0.608630456358895, 0.6031296119055904, -0.049278881515350356
0.5979467857104325, 0.6123396553074029, 0.6031391242318089, -0.048679826160155856
0.5942821327629596, 0.6159836032014678, 0.6031549375955771, -0.047667291843121795
0.5907058711806342, 0.6195316115063768, 0.6031765158714015, -0.04624987567610299
0.5872487367793222, 0.6229539022902213, 0.6032031274809991, -0.044439612833883146
0.5839405374920977, 0.6262218489457833, 0.6032338701936366, -0.04225187467918291
0.5808098851970364, 0.6293082043151818, 0.6032677017122265, -0.039705238605315205
0.5778839353509032, 0.6321873147902412, 0.6033034750086674, -0.036821330670884354
0.575188137227414, 0.6348353191579491, 0.6033399772108632, -0.033624642330154095
0.5727459975296181, 0.6372303311472715, 0.6033759707233128, -0.03014232278337661
0.570578860071334, 0.6393526048076129, 0.6034102351872996, -0.02640394868156211
0.5687057041016184, 0.6411846820076353, 0.6034416088580402, -0.022441273117850997
0.5671429636794463, 0.6427115214843172, 0.6034690279957462, -0.018287956020748928
0.5659043702947519, 0.6439206089952335, 0.6034915629347357, -0.013979278230896355
0.5650008206795245, 0.6448020482321241, 0.6035084496072198, -0.00955184169071601
0.5644402714628511, 0.6453486322419745, 0.6035191154524706, -0.005043258303270846
0.5642276620015865, 0.6455558951747395, 0.6035231988324248, -0.0004918301212000927
0.5643648663697497, 0.6454221442370701, 0.6035205612950287, 0.004063776392825539
0.5648506751214849, 0.6449484717819841, 0.6035112922692544, 0.008584859237299413
0.5656808070617746, 0.644138747508865, 0.6034957060324921, 0.013033010048536253
0.5668479508737125, 0.6429995907902586, 0.6034743310532108, 0.017370440753733785
0.56834183606882, 0.6415403231855471, 0.6034478920704718, 0.02156030489505103
0.5701493323553243, 0.6397729012505355, 0.6034172855182747, 0.025567010869151023
0.5722545761658888, 0.637711829809835, 0.6033835491284515, 0.029356524401884448
0.5746391227578733, 0.6353740559288986, 0.6033478267432164, 0.03289665767727752
0.5772821220019293, 0.6327788439072294, 0.6033113295308645, 0.03615734266227521
0.5801605157138555, 0.629947631715613, 0.6032752949199397, 0.03911088631205922
0.5832492541644024, 0.6269038694194067, 0.6032409446444096, 0.04173220550330132
0.5865215292251708, 0.6236728402672053, 0.6032094433223308, 0.04399903972238839
0.5899490214778536, 0.620281465279044, 0.6031818589722263, 0.04589213973036878
0.5935021585294694, 0.6167580923391318, 0.6031591268055284, 0.04739543063403401
0.5971503817374203, 0.6131322709825007, 0.6031420175222538, 0.048496148011123535
0.6008624185535286, 0.6094345142596418, 0.6031311111843305, 0.04918494596517615
0.6046065577429041, 0.6056960492640857, 0.6031267775518995, 0.049455976220227696
0.6083509248179313, 0.6019485581102586, 0.6031291635488597, 0.04930693760565047
0.6120637551453711, 0.5982239113475761, 0.6031381882823506, 0.04873909552537087
0.6157136623304389, 0.5945538959859499, 0.6031535457849051, 0.0477572712519712
0.6192698996502772, 0.5909699404819504, 0.6031747153863772, 0.04636980113336877
0.6227026124946535, 0.5875028391879049, 0.603200979364222, 0.04458846604644892
0.6259830799682022, 0.5841824788926572, 0.6032314472740978, 0.04242839167679324
0.6290839440103655, 0.5810375701772958, 0.6032650861363383, 0.03990792044502081
0.6319794245910348, 0.5780953863672542, 0.603300755455349, 0.037048456136679384
0.6346455197368235, 0.5753815128798462, 0.6033372458850674, 0.033874282522417073
0.6370601893306574, 0.5729196097405344, 0.6033733202299116, 0.030412357476542022
0.6392035218024438, 0.5707311899700421, 0.6034077553913024, 0.026692084313114567
0.6410578829882561, 0.5688354164269579, 0.6034393838376091, 0.022745062257410506
0.6426080465779658, 0.5672489195270577, 0.6034671331913342, 0.018604818154855336
0.6438413056957061, 0.5659856380527689, 0.6034900625910279, 0.014306521687262711
0.6447475652639821, 0.56505668501674, 0.6035073945946531, 0.009886686515356104
0.6453194148915931, 0.5644702402562896, 0.6035185415422252, 0.005382859895151575
0.645552182099516, 0.5642314711155422, 0.6035231254834111, 0.0008333034220556204
0.6454439657599753, 0.5643424822252212, 0.6035209909940208, -0.003723332361056599
0.6449956496751099, 0.564802295023043, 0.6035122104465616, -0.008248336698206876
0.6442108962664221, 0.5656068572776608, 0.6034970815560292, -0.012703267872218217
0.6430961203883223, 0.566749082493818, 0.6034761172842017, -0.017050280144394768
0.6416604433224459, 0.568218918693551, 0.6034500284449706, -0.02125244557390303
0.6399156270578402, 0.5700034456956424, 0.6034196996008508, -0.025274067956678678
0.6378759890191986, 0.5720869996604997, 0.6033861590683682, -0.029080986197045466
0.6355582974742705, 0.5744513233371235, 0.6033505440497942, -0.03264086452294951
0.63298164793507, 0.5770757401490302, 0.6033140620738942, -0.03592346707634901
0.6301673209675436, 0.5799373499922331, 0.6032779500534008, -0.03890091455215379
0.6271386219421646, 0.583011244394972, 0.6032434323475689, -0.04154792072028338
0.6239207033938845, 0.5862707385090075, 0.6032116792517361, -0.0438420068438773
0.6205403708134172, 0.589687617267914, 0.6031837673211285, -0.04576369220035105
0.6170258728615571, 0.5932323929597672, 0.6031606428738207, -0.04729665911875845
0.6134066771817025, 0.5968745714194025, 0.6031430899098242, -0.0484278911647434
0.6097132331798063, 0.6005829240475293, 0.6031317035335043, -0.04914778333129809
0.605976723341556, 0.6043257629077, 0.6031268697799299, -0.04945022332774266
0.6022288048590226, 0.6080712162338886, 0.6031287525287098, -0.04933264329909133
0.5985013435381072, 0.6117875017968054, 0.603137287948692, -0.048796041551671124
0.5948261421482647, 0.6154431957210491, 0.6031521866617545, -0.0478449741070108
0.591234665551349, 0.6190074945122181, 0.6031729435523636, -0.04648751615317975
0.5877577651012629, 0.6224504682374805, 0.603198854890551, -0.044735193709528095
0.5844254049347074, 0.6257433029989455, 0.6032290421881343, -0.04260288606573978
0.5812663928704673, 0.6288585310408216, 0.6032624819798209, -0.04010869979779025
0.5783081186956379, 0.6317702470333485, 0.6032980405199786, -0.03727381540024907
0.5755763026380127, 0.6344543092739627, 0.6033345122191708, -0.03412230780471924
0.5730947568014092, 0.6368885247347211, 0.6033706605176422, -0.030680942276273507
0.570885162272978, 0.6390528170611369, 0.6034052598101813, -0.02697894739163191
0.5689668644975392, 0.6409293767884837, 0.6034371370009511, -0.02304776700251291
0.5673566893539783, 0.6425027931854529, 0.6034652112792447, -0.018920793273005023
0.5660687821641702, 0.6437601672608538, 0.6034885307672713, -0.014633083048850252
0.5651144716184385, 0.6446912055768134, 0.6035063047970111, -0.010221059967137087
0.5645021603170319, 0.6452882946025026, 0.6035179307212968, -0.0057222048451033
0.5642372433093997, 0.6455465554174874, 0.6035230143496051, -0.0011747369947525115
0.5643220556679955, 0.6454638786357293, 0.603521383315252, 0.00338271080576533
0.5647558497675792, 0.6450409394730907, 0.6035130929204781, 0.007911420893834759
0.5655348025617035, 0.6442811929263051, 0.6034984242611041, 0.012372920033643747
0.5666520527629126, 0.6431908490735885, 0.6034778746943885, 0.016729306626721195
0.5680977674498991, 0.6417788285501821, 0.6034521409734948, 0.020943573011129563
0.5698592372512049, 0.6400566983000447, 0.6034220956207597, 0.024979920084656576
0.5719209988984698, 0.638038587761227, 0.6033887573413028, 0.028804061558838086
0.5742649836096401, 0.6357410857104124, 0.6033532564805929, 0.03238351524658517
0.576870689460272, 0.6331831180744445, 0.6033167966976034, 0.0356878789051638
0.5797153756344348, 0.6303858071154049, 0.6032806141533958, 0.03868908829660306
0.5827742762201603, 0.6273723125122574, 0.6032459355990578, 0.04136165528740807
0.5860208310311604, 0.6241676549966827, 0.6032139367840652, 0.04368288398669173
0.5894269307987197, 0.6207985233530038, 0.6031857025950887, 0.04563306311443829
0.592963173986136, 0.6172930657606701, 0.6031621902764194, 0.04719563299746482
0.5965991324325008, 0.6136806666403326, 0.6031441969785896, 0.04835732580771451
0.6003036230314581, 0.6099917103579146, 0.6031323327349453, 0.04910827788382853
0.6040449826913, 0.6062573333413297, 0.6031269997818883, 0.04944211321066076
0.607791343901806, 0.6025091663669794, 0.6031283789234916, 0.049355997370790154
0.6115109083462669, 0.5987790689726901, 0.6031364234024839, 0.04885066152554299
0.6151722161391269, 0.5950988581447617, 0.6031508604852562, 0.0479303962290565
0.6187444084351965, 0.5915000336034828, 0.6031712007071871, 0.04660301512605007
0.6221974813396588, 0.5880135021680454, 0.6031967544650536, 0.04487978883082043
0.6255025292432675, 0.5846693038125382, 0.6032266553943242, 0.04277534953012237
0.6286319759085486, 0.58149634212439, 0.6032598897392145, 0.04030756709457535
0.6315597918349669, 0.5785221219404434, 0.6032953307202242, 0.03749739772050334
0.6342616966289836, 0.5757724969597867, 0.6033317767344171, 0.034368706355012185
0.6367153452943001, 0.5732714301133536, 0.6033679920936528, 0.030948064379863575
0.638900497534754, 0.5710407694060019, 0.6034027489197936, 0.027264524242420148
0.6407991693244415, 0.5691000418362613, 0.6034348687764971, 0.023349372922605936
0.6423957661448034, 0.56746626784233, 0.6034632626259551, 0.019235866311387073
0.643677197415572, 0.5661537985216041, 0.6034869677555635, 0.014958946746617158
0.6446329717555745, 0.565174177627571, 0.6035051804221061, 0.010554946104149561
0.6452552728012009, 0.5645360300660791, 0.6035172831061647, 0.006061276973914305
0.6455390153865002, 0.564244978297573, 0.6035228654522033, 0.001516114560381011
0.6454818819516883, 0.5643035877086798, 0.6035217381839177, -0.003041927967098513
0.6450843390993057, 0.564711341652055, 0.603513939522733, -0.007574127887438874
0.6443496342627748, 0.5654646464748915, 0.6034997338916877, -0.01204198228256982
0.643283772494364, 0.5665568664714786, 0.6034796029486664, -0.016407535503056472
0.6418954734225276, 0.5679783883115394, 0.6034542292532248, -0.02063370193158655
0.6401961084759812, 0.5697167141214016, 0.603424473121128, -0.024684581275331297
0.6381996185274711, 0.5717565820369619, 0.6033913434518202, -0.028525763687796538
0.6359224121771646, 0.5740801127127915, 0.6033559635184141, -0.03212462211493389
0.6333832449767713, 0.5766669799669784, 0.6033195328805664, -0.03545058937758902
0.6306030799929523, 0.5794946034718343, 0.603283286711952, -0.03847541764115612
0.6276049302236965, 0.5825383611709204, 0.603248453921577, -0.041173418081716116
0.6244136835145734, 0.5857718189162724, 0.6032162154888766, -0.04352167873394341
0.6210559107727754, 0.5891669746784564, 0.603187664425114, -0.045500258697584
0.6175596584442814, 0.5926945145870841, 0.6031637687182893, -0.04709235708424342
0.6139542264010726, 0.5963240780104211, 0.603145338517476, -0.04828445530251695
0.6102699325780406, 0.6000245288783279, 0.6031329986686974, -0.0490664315051837
0.6065378658991006, 0.6037642304904676, 0.603127167533001, -0.04943164625540764
0.6027896292345148, 0.60751132112803, 0.6031280428044556, -0.04937699870791282
0.5990570743313699, 0.6112339878978773, 0.6031355948085839, -0.0489029528443075
0.5953720308509955, 0.6149007363780326, 0.6031495675082864, -0.04801353354760629
0.5917660318250785, 0.618480653797375, 0.603169487183172, -0.046716292548103285
0.5882700380004985, 0.6219436636645579, 0.603194678488237, -0.04502224451966715
0.5849141636757917, 0.6252607699556442, 0.6032242873477793, -0.04294577385085177
0.5817274067343317, 0.6284042891711, 0.6032573099088068, -0.04050451285748641
0.578737385645972, 0.6313480687750549, 0.6032926265727923, -0.037719192441082044
0.5759700862359317, 0.6340676907281713, 0.6033290399524134, -0.03461346642882694
0.5734496210039202, 0.6365406590156281, 0.6033653154667653, -0.031213711054372414
0.5711980037156192, 0.6387465702499017, 0.6034002231989228, -0.02754880125214476
0.5692349418815942, 0.6406672665913522, 0.6034325795967571, -0.02364986563956359
0.5675776495855154, 0.6422869703760921, 0.603461287603038, -0.0195500222492346
0.5662406829255461, 0.6435923999691441, 0.6034853738539394, -0.015284097244814299
0.5652358000923476, 0.6445728664713308, 0.6035040216843289, -0.010888329007739228
0.564571847828037, 0.6452203510013916, 0.6035165988203053, -0.006400060115390376
0.5642546756973637, 0.6455295623520829, 0.6035226788195817, -0.0018574198426993143
0.564287079260997, 0.6454979748827385, 0.6035220555323292, 0.002701000092907248
0.5646687728777222, 0.645125846563891, 0.6035147500918698, 0.007236473760285657
0.5653963924846022, 0.6444162171354461, 0.6035010101980277, 0.01171047039691598
0.566463528319387, 0.6433748863822891, 0.6034813017174572, 0.016084982113816565
0.5678607871654013, 0.6420103725739533, 0.6034562928859339, 0.020322847107785348
0.5695758833235536, 0.6403338511619369, 0.6034268316485827, 0.024388065607779792
0.5715937571565022, 0.638359073883091, 0.6033939169067726, 0.02824610584997398
0.5738967197134336, 0.6361022684835458, 0.6033586646470576, 0.03186419746839197
0.5764646216366999, 0.6335820193576448, 0.6033222701010315, 0.03521160980364056
0.579275044279307, 0.630819129492566, 0.6032859672194558, 0.038259912769515875
0.5823035107294349, 0.6278364642230434, 0.6032509868349297, 0.040983218074261016
0.5855237142483047, 0.6246587774325079, 0.6032185149316677, 0.04335839876801596
0.5889077614829977, 0.6213125209866548, 0.6031896524371266, 0.04536528527843025
0.592426427717368, 0.6178256383517126, 0.6031653778984603, 0.046986836300410006
0.5960494213717774, 0.6142273435303077, 0.6031465143088226, 0.04820928312148496
0.5997456549547379, 0.6105478866398452, 0.6031337012077869, 0.04902224618933301
0.6034835197041718, 0.6068183076577853, 0.6031273730012866, 0.04941882296071705
0.6072311612295883, 0.6030701800606901, 0.6031277442356962, 0.04939564630973835
0.6109567535747082, 0.599335346284212, 0.6031348023249901, 0.048952913016255206
0.6146287692580727, 0.5956456471238593, 0.6031483079773916, 0.04809438210104518
0.6182162430115239, 0.5920326473755695, 0.6031678033070548, 0.04682734302134539
0.6216890271174274, 0.5885273601750812, 0.6031926273559514, 0.045162553987389775
0.6250180364392736, 0.5851599726300538, 0.6032219385000438, 0.043114150906052015
0.628175481441123, 0.5819595754435516, 0.6032547429805301, 0.04069952770025401
0.6311350876937348, 0.578953899296966, 0.6032899285933249, 0.03793918899087328
0.6338723005640968, 0.5761690607905876, 0.6033263023950294, 0.03485657635984486
0.6363644739759939, 0.5736293207275438, 0.6033626311473835, 0.03147786963724551
0.6385910423084361, 0.5713568574693705, 0.6033976831292025, 0.027831764869490773
0.6405336746632911, 0.5693715579879134, 0.6034302698982641, 0.023949230828382927
0.6421764108812427, 0.5676908290884928, 0.6034592865871217, 0.019863246109552056
0.6435057788150865, 0.5663294310845152, 0.6034837493663523, 0.01560851904173699
0.6445108924811479, 0.5652993359663856, 0.6035028288046511, 0.011221192783277401
0.6451835308039253, 0.5646096118311985, 0.6035158779942164, 0.006738538117137894
0.6455181967474289, 0.5642663350289726, 0.6035224544873371, 0.002198636568922393
0.6455121566913262, 0.5642725311417285, 0.603522335299978, -0.0023599434379594224
0.645165459963809, 0.5646281455499907, 0.6035155244733261, -0.006898474610872101
0.644480938489409, 0.5653300439644043, 0.6035022529367512, -0.011378400181997502
0.6434641865525033, 0.5663720429156337, 0.6034829706768281, -0.015761661836743362
0.6421235207198371, 0.5677449698113369, 0.6034583314781141, -0.02001102335917341
0.6404699200119027, 0.5694367517925207, 0.6034291707533829, -0.024090387217222335
0.6385169464671516, 0.571432532260534, 0.6033964772154371, -0.027965101376293763
0.6362806463080896, 0.5737148136074092, 0.6033613593514557, -0.031602253720397905
0.6337794319972166, 0.5762636243726679, 0.6033250078370518, -0.03497095157392477
0.6310339455656727, 0.5790567087746438, 0.6032886551647771, -0.03804258395283711
0.6280669037098691, 0.582069736328496, 0.6032535338561307, -0.04079106432966455
0.6249029252819164, 0.5852765290698986, 0.6032208346739729, -0.04319305187018269
0.6215683419480531, 0.5886493037552515, 0.6031916662520458, -0.045228149288990535
0.6180909929543624, 0.5921589263073251, 0.6031670175100845, -0.04687907567425677
0.6145000051187215, 0.5957751757194238, 0.6031477241284181, -0.04813181284662754
0.6108255593591926, 0.5994670146202102, 0.6031344402182386, -0.04897572404168987
0.607098645268157, 0.6032028637329303, 0.6031276161475473, -0.049403643937593375
0.6033508054438897, 0.6069508775335526, 0.6031274832741212, -0.04941193928769247
0.5996138714919603, 0.6106792185181655, 0.6031340461027873, -0.049000539660751075
0.5959196938022415, 0.6143563276259076, 0.6031470821327113, -0.04817293803682002
0.5922998673877492, 0.6179511885244567, 0.6031661493998879, -0.046936161253907906
0.5887854562331086, 0.6214335836448692, 0.6031906014592785, -0.045300710547599994
0.5854067187374832, 0.6247743400455846, 0.6032196092989714, -0.0432804726714338
0.582192836943901, 0.6279455633859009, 0.6032521894438252, -0.040892602328663014
0.5791716523191738, 0.6309208584916671, 0.6032872372962566, -0.03815737688450414
0.5763694108817976, 0.6336755351952401, 0.6033235645842526, -0.03509802456044071
0.5738105204660228, 0.6361867983234093, 0.6033599396473496, -0.03174052753690478
0.5715173228562606, 0.6384339208871723, 0.6033951291949747, -0.028113401605795847
0.5695098834258743, 0.6403983996929381, 0.6034279401214379, -0.024247454217854333
0.5678058007680928, 0.6420640927438308, 0.6034572599597712, -0.02017552295981718
0.5664200386153236, 0.6434173379310025, 0.6034820946025725, -0.01593219667045205
0.5653647821088952, 0.644447052627993, 0.6035016020105446, -0.01155352156090653
0.5646493202076573, 0.645144813896746, 0.6035151207653568, -0.007076694841321108
0.5642799557155467, 0.6455049190933958, 0.6035221924982566, -0.0025397484704849484
0.5642599440706894, 0.6455244267275044, 0.6035225774335263, 0.002018774263177723
0.5645894616783355, 0.6452031774829468, 0.6035162625194478, 0.006560146554171923
0.5652656041938905, 0.6445437953553687, 0.6035034618708948, 0.011045787469787256
0.566282414778106, 0.6435516689038335, 0.6034846095085442, 0.015437590086188013
0.5676309419618265, 0.6422349126566976, 0.6034603446410489, 0.019698245551444924
0.5692993263803517, 0.6406043087578583, 0.6034314899895137, 0.023791560294367436
0.5712729152750132, 0.6386732289929493, 0.6033990238896237, 0.02768276366193305
0.5735344033190993, 0.6364575373992187, 0.6033640471177982, 0.0313388033568609
0.576063998013301, 0.6339754737406085, 0.6033277455666163, 0.034728626159116455
0.5788396076180212, 0.6312475182231974, 0.6032913500354026, 0.0378234415492578
0.5818370493509456, 0.6282962379372432, 0.6032560944995414, 0.04059696600570607
0.585030275381786, 0.6251461156412305, 0.6032231742734939, 0.043025645920256594
0.5883916140045469, 0.6218233616504207, 0.6031937054859077, 0.04508885726436319
0.5918920232622531, 0.6183557097562904, 0.6031686872405525, 0.046769080340832124
0.5955013542398251, 0.6147721982819025, 0.6031489677456029, 0.04805204816947668
0.5991886212265604, 0.6111029375687791, 0.6031352155591628, 0.04892686727903062
0.6029222759781857, 0.6073788653894868, 0.6031278969254397, 0.04938610990930109
0.6066704833764246, 0.6036314919824732, 0.6031272599695062, 0.04942587686540925
0.61040139588739, 0.5998926366066896, 0.603133326286182, 0.049045830508366695
0.6140834243539717, 0.596194157707677, 0.6031458902079944, 0.048249197611641745
0.6176855028164773, 0.5925676789684127, 0.6031645257770405, 0.04704274206031891
0.6211773452343121, 0.589044313681379, 0.6031886011845171, 0.045436707616536544
0.6245296921737433, 0.5856543900174129, 0.6032173001886937, 0.043444731220695074
0.6277145457268999, 0.5824271798764017, 0.6032496497856001, 0.041083727541013554
0.6307053911296379, 0.5793906340798993, 0.6032845531947656, 0.038373745722858114
0.6334774037456153, 0.5765711267020166, 0.6033208270421316, 0.035337799522252175
0.6360076402762745, 0.5739932113289813, 0.6033572414798829, 0.03200167223336599
0.6382752132375935, 0.5716793919871695, 0.6033925618832277, 0.028393698035711297
0.6402614479113296, 0.5696499113827613, 0.6034255907105227, 0.024544521591259586
0.6419500211288727, 0.5679225589533019, 0.6034552081074236, 0.020486837912710373
0.6433270813784122, 0.5665125010432965, 0.603480409878128, 0.016255114699553
0.6443813498406105, 0.5654321352848293, 0.6035003415359271, 0.011885299496314866
0.6451042020548136, 0.5646909709933895, 0.6035143272781021, 0.007414514165449762
0.6454897299984675, 0.5642955370831834, 0.6035218929022748, 0.0028807392838351917
0.6455347844289407, 0.5642493186706611, 0.6035227818867763, -0.0016775088348465964
0.645238997392168, 0.5645527231761591, 0.6035169640894705, -0.006221505720849396
0.6446047848497458, 0.5652030763584753, 0.6035046367699004, -0.010712648118142246
0.643637329418938, 0.5661946483333129, 0.6034862179000705, -0.015112782312357107
0.6423445432623868, 0.5675187092416442, 0.6034623319908259, -0.01938452859581305
0.6407370112100045, 0.5691636138558863, 0.6034337889147023, -0.023491599084715445
0.6388279142482898, 0.5711149140479539, 0.6034015564436949, -0.027399106165665155
0.6366329335755617, 0.5733554977009143, 0.6033667274335476, -0.031073858935545796
0.6341701354982728, 0.5758657523316538, 0.6033304827676662, -0.03448464510939203
0.6314598375359676, 0.5786237514114136, 0.6032940513174528, -0.0376024960033857
0.6285244562121791, 0.581605461129056, 0.6032586682768841, -0.040400932352866764
0.625388337136364, 0.584784965142147, 0.6032255332841066, -0.042856188896195815
0.6220775681277644, 0.588134704705978, 0.6031957697498659, -0.044947415842401736
0.6186197762947578, 0.5916257314617362, 0.6031703867714764, -0.046656855541677415
0.6150439101609133, 0.5952279701023795, 0.6031502449232414, -0.04796999289089289
0.611380008118724, 0.5989104881172214, 0.6031360270827159, -0.04887567822936953
0.6076589546901573, 0.6026417698416389, 0.6031282152814225, -0.04936622171131089
0.6039122262753999, 0.6063899921034803, 0.6031270743644263, -0.04943745837874729
0.6001716282724374, 0.6101232988586187, 0.603132643012421, -0.04908878340096734
0.5964690256449817, 0.6138100723398612, 0.60314473243051, -0.048323157191642124
0.5928360691989867, 0.6174191984007925, 0.6031629327480978, -0.04714708036172771
0.5893039199927895, 0.6209203239134534, 0.6031866269130735, -0.04557053871335666
0.5859029744469526, 0.6242841042701288, 0.6032150116095095, -0.04360691872587634
0.5826625928318196, 0.6274824392392774, 0.6032471244901194, -0.04127289422853727
0.5796108338885406, 0.6304886956281053, 0.6032818768006635, -0.03858828519354915
0.5767741983786151, 0.6332779154043623, 0.6033180902906738, -0.03557588981670751
0.5741773843543319, 0.6358270081230142, 0.6033545371594885, -0.03226129127881506
0.5718430568952676, 0.6381149266855322, 0.6033899816835189, -0.028672640797821433
0.5697916349628558, 0.6401228256275897, 0.6034232221135307, -0.024840418787030024
0.568041097885575, 0.6418342012826079, 0.6034531314213532, -0.0207971761268054
0.5666068138025213, 0.6432350133025819, 0.6034786955142867, -0.01657725773387698
0.5655013921650681, 0.6443137871333982, 0.6034990476211676, -0.012216510771473635
0.5647345621283695, 0.6450616971400274, 0.6035134976837707, -0.007751979983130066
0.5643130783609852, 0.6454726301587341, 0.6035215557565308, -0.003221592751192374
0.5642406554673767, 0.6455432293209452, 0.6035229486207483, 0.0013361634238539173
0.5645179318607075, 0.6452729180493917, 0.6035176290496195, 0.0058825682565076115
0.5651424635492419, 0.6446639041748038, 0.6035057774097345, 0.010378998010065626
0.566108747916168, 0.6437211641644837, 0.6034877955447115, 0.01478725400059475
0.5674082771875788, 0.6424524074963109, 0.6034642931484863, 0.019069887448318078
0.5690296209044164, 0.6408680212570317, 0.6034360670905764, 0.023190517887899276
0.5709585363490359, 0.6389809950958026, 0.60340407439473, 0.02711414240923734
0.5731781055328549, 0.636806826726315, 0.6033693997876095, 0.030807433085494718
0.575668897034934, 0.6343634082463979, 0.6033332189182635, 0.034239020053899685
0.5784091506980708, 0.6316708936351576, 0.6032967584958419, 0.03737975784582133
0.5813749829439736, 0.6287515478961146, 0.6032612546973866, 0.0402029727139083
0.5845406102660294, 0.6256295784412322, 0.6032279112559932, 0.04268468887374291
0.5878785882998024, 0.6223309494552006, 0.6031978586503062, 0.04480383176341736
0.5913600637590352, 0.618883180140817, 0.6031721157787878, 0.046542406624595994
0.5949550364588031, 0.6153151279229074, 0.6031515554177979, 0.047885650920902245
0.598632628626628, 0.6116567578772075, 0.603136874634149, 0.048822159331866066
0.6023613587246365, 0.6079388998483136, 0.6031285711547802, 0.049343980291277525
0.6061094170681717, 0.6041929949228928, 0.6031269264942568, 0.049446683275839114
0.6098449406246101, 0.6004508331258805, 0.603131996411775, 0.04912939629183242
0.6135362845057745, 0.5967442844029257, 0.6031436090210034, 0.048394813252564284
0.6171522878229797, 0.5931050251361982, 0.6031613706167985, 0.047249171186164576
0.6206625317497587, 0.5895642626069975, 0.6031846790213823, 0.0457021974604621
0.6240375878278649, 0.5861524599616265, 0.6032127439977872, 0.04376702745775079
0.6272492547514534, 0.5828990643512809, 0.6032446140388923, 0.04146009337584833
0.6302707820668069, 0.579832240997175, 0.6032792086242752, 0.038800985071429206
0.6330770794253907, 0.5769786159744233, 0.6033153548517192, 0.035812284095586414
0.635644910221762, 0.574363030508771, 0.6033518272018276, 0.0325193722982173
0.6379530686308997, 0.5720083095364612, 0.6033873890878496, 0.028950216595296896
0.6399825392286966, 0.5699350471878204, 0.603420834782118, 0.025135131699437503
0.64171663853231, 0.5681614117191588, 0.6034510302975575, 0.021106522807293235
0.6431411379323826, 0.5667029722361071, 0.6034769518379595, 0.016898610415255234
0.6442443676063112, 0.565572549326611, 0.6034977205130051, 0.012547139595407398
0.6450173011011769, 0.5647800914566932, 0.6035126321405645, 0.008089076204848788
0.6454536203578792, 0.5643325786811036, 0.6035211811253225, 0.003562292621338952
0.6455497610165033, 0.5642339548894931, 0.6035230776036571, -0.0009947543048987022
0.6453049378996658, 0.564485089452968, 0.6035182572731025, -0.00554335032090191
0.6447211506187647, 0.5650837687627666, 0.6035068835728982, -0.01004485305293197
0.6438031692913051, 0.5660247177697425, 0.603489342141639, -0.014461020670626382
0.6425585003996367, 0.5672996512481203, 0.6034662277400741, -0.018754337109096793
0.6409973328663721, 0.5688973541273151, 0.6034383240827332, -0.022888331056985282
0.6391324644732356, 0.5708037898691767, 0.6034065772626093, -0.02682788597670969
0.6369792088115793, 0.5730022355220304, 0.6033720636704283, -0.03053953850640855
0.6345552830272844, 0.5754734417639707, 0.6033359534966918, -0.033991762700188694
0.6318806767127045, 0.5781958159619444, 0.6032994710543818, -0.03715523769263941
0.6289775024053679, 0.5811456260251143, 0.6032638532678913, -0.040003096523412704
0.6258698282782396, 0.5842972226247125, 0.6032303077357447, -0.04251115402602476
0.6225834937494737, 0.5876232771907853, 0.6031999717889409, -0.044658111869842504
0.6191459088998578, 0.5910950329804174, 0.6031738739328245, -0.04642573904338305
0.6155858387616983, 0.594682566442451, 0.6031528989794096, -0.04779902627849506
0.6119331737310649, 0.5983550560795368, 0.6031377580518703, -0.0487663131366933
0.6082186875524777, 0.6020810560274986, 0.6031289644776703, -0.04931938670897912
0.6044737845270673, 0.6058287716314645, 0.6031268163872049, -0.04945355111710191
0.6007302377969614, 0.609566334393987, 0.6031313866075411, -0.04916766724573701
0.5970199207548644, 0.6132620737978828, 0.6031425201936849, -0.04846416237991477
0.5933745338126979, 0.6168847836603825, 0.6031598396810038, -0.04734900966876116
0.5898253289310287, 0.6204039808498863, 0.6031827578808597, -0.04583167758378696
0.586402834455967, 0.6237901543862793, 0.6032104977859066, -0.043925049786176534
0.5831365829268395, 0.627015003144603, 0.6032421189106036, -0.041645316061357025
0.5800548446010987, 0.6300516605842961, 0.6032765491743638, -0.039011835219060584
0.5771843694882338, 0.6328749051269583, 0.6033126212468576, -0.03604697109154559
0.5745501406882421, 0.6354613549999812, 0.6033491121236334, -0.03277590298989248
0.5721751417898011, 0.6377896465473439, 0.6033847845905735, -0.029226412196513417
0.5700801409970564, 0.6398405951791937, 0.6034184291714993, -0.025428646279252343
0.56828349452139, 0.6415973382860417, 0.6034489051366767, -0.02141486320667245
0.5668009715964214, 0.6430454595800896, 0.6034751791816267, -0.017219157423230238
0.5656456032527465, 0.6441730944447086, 0.6034963604644851, -0.012877170204932238
0.5648275567266777, 0.6449710159738329, 0.6035117308135117, -0.008425786758725476
0.5643540370787761, 0.645432701467126, 0.6035207690800658, -0.0039028226503795625
0.5642292172685583, 0.6455543792162707, 0.603523168810884, 0.0006532977557308479
0.5644541975775722, 0.6453350554752144, 0.6035188486401015, 0.005203868087185818
0.5650269949009572, 0.6447765215559079, 0.6035079550484364, 0.009710229177746237
0.5659425620450397, 0.6438833410345514, 0.6034908573959127, 0.014134097875836887
0.5671928367831722, 0.6426628170954839, 0.6034681353966651, 0.018437892621685235
0.5687668200416847, 0.6411249400844372, 0.6034405594607738, 0.022585052997806748
0.5706506822201239, 0.6392823153937394, 0.6034090645700526, 0.026540350513825056
0.5728278963022011, 0.6371500718626872, 0.6033747185740242, 0.030270187968059303
0.5752793960927164, 0.6347457509497169, 0.603338685981496, 0.03374288483366913
0.5779837576271531, 0.6320891770217225, 0.6033021884758227, 0.036928946244901395
0.5809174015495959, 0.629202309211593, 0.6032664634928918, 0.03980131330735007
0.5840548140451186, 0.6261090754187785, 0.6032327222663958, 0.04233559262318118
0.5873687837475892, 0.6228351891694913, 0.6032021087628361, 0.04451026310592296
0.5908306519245312, 0.6194079502121725, 0.6031756608983437, 0.04630685835758387
0.594410573167687, 0.6158560298983571, 0.6031542753518911, 0.047710123091452145
0.5980777837903944, 0.6122092425864027, 0.6031386771674337, 0.0487081423049339
0.6018008751488914, 0.6084983045021811, 0.6031293951750969, 0.04929244213628395
0.6055480691612204, 0.6047545816925723, 0.6031267440642661, 0.049458061575275235
0.6092874933906455, 0.6010098289095451, 0.6031308137159977, 0.04920359443906068
0.6129874531857581, 0.5972959214593982, 0.6031414661561735, 0.04853120126914215
0.6166166985215639, 0.5936445822377188, 0.6031583402326347, 0.04744659105199833
0.620144683359168, 0.5900871063399256, 0.6031808638578312, 0.045958972913111996
0.6235418155304152, 0.5866540857841445, 0.6032082734021809, 0.04408097818047574
0.6267796953522038, 0.5833751370020812, 0.6032396395810341, 0.041828553457710596
0.6298313413775206, 0.580278633839394, 0.6032738989580465, 0.039220825587214236
0.6326714018912899, 0.577391448855333, 0.6033098899973519, 0.03627993961867169
0.6352763509541256, 0.5747387057184214, 0.6033463924426415, 0.033030871126117474
0.6376246679819608, 0.5723435454579268, 0.603382168688346, 0.029501214435699873
0.6396970000209375, 0.5702269092480929, 0.6034160057404087, 0.025720948534431062
0.6414763060324484, 0.5684073402730249, 0.6034467563439689, 0.021722182625471473
0.6429479826412228, 0.5669008070453545, 0.6034733778833298, 0.017538883475806427
0.6440999709192418, 0.5657205503332524, 0.6034949677349704, 0.013206586865427992
0.6449228438802845, 0.5648769555909946, 0.6035107938745019, 0.008762095591300222
0.6454098744452152, 0.5643774524923826, 0.6035203196993476, 0.0042431666025383365
0.6455570837085954, 0.5642264428389945, 0.6035232222250481, -0.0003118100563520539
0.6453632693955048, 0.5644252577627021, 0.6035194030378588, -0.004864137741116109
0.6448300144466808, 0.5649721447708882, 0.603508991632038, -0.009375142338360084
0.6439616757138421, 0.5658622848007608, 0.6034923410185965, -0.013806501202504932
0.6427653527891276, 0.567087839063751, 0.6034700157544962, -0.018120569072278048
0.6412508370368659, 0.5686380250799988, 0.6034427727984433, -0.022280698168254384
0.6394305409461587, 0.5704992209340402, 0.6034115358427674, -0.026251549727336267
0.6373194079825396, 0.5726550964333111, 0.6033773639921489, -0.029999394309659293
0.6349348031893463, 0.5750867695277327, 0.6033414158516386, -0.03349239831702844
0.6322963848769276, 0.5777729860574292, 0.6033049102420024, -0.0367008942881235
0.6294259578422379, 0.5806903206416456, 0.6032690848746654, -0.039597632682603134
0.626347308683719, 0.5838133963091892, 0.6032351543875397, -0.04215801303194862
0.6230860239168485, 0.5871151203021329, 0.6032042691645103, -0.04436029251736495
0.6196692917535137, 0.5905669333617535, 0.6031774763346021, -0.046185770232206755
0.6161256885817923, 0.5941390697292209, 0.6031556842727877, -0.047618945596126026
0.6124849513692073, 0.5978008250626777, 0.6031396318055724, -0.04864764960843134
0.6087777374085939, 0.6015208294851708, 0.6031298631649203, -0.049263147857072614
0.6050353730272404, 0.605267323031555, 0.6031267095392143, -0.04946021443541469
0.6012895930820722, 0.6090084308531218, 0.6031302778463622, -0.049237176159852264
0.5975722732610224, 0.6127124356617567, 0.6031404471094268, -0.04859592672577285
0.5939151573977196, 0.6163480450457159, 0.6031568725575781, -0.047541910685911196
0.5903495821773826, 0.6198846514610505, 0.6031789973134224, -0.04608407738233766
0.5869062017605843, 0.6232925828905064, 0.6032060712707297, -0.044234805209772084
0.5836147149727191, 0.6265433423595462, 0.6032371765229192, -0.04200979683219273
0.5805035977955006, 0.6296098347013768, 0.6032712584806487, -0.03942794621532783
0.5775998439480341, 0.6324665791641707, 0.6033071616239842, -0.03651117857299366
0.5749287163552099, 0.6350899066492771, 0.6033436686774336, -0.033284264553688186
0.5725135122675054, 0.6374581405549713, 0.6033795418799656, -0.02977461021354472
0.5703753447169726, 0.6395517603728257, 0.60341356495095, -0.026012024530761825
0.5685329428685685, 0.6413535473405327, 0.6034445843291741, -0.022028466412927467
0.5670024736545888, 0.6428487115943669, 0.6034715482865507, -0.017857773330156455
0.5657973868645952, 0.6440250003857156, 0.6034935425900361, -0.013535373871566317
0.5649282856068002, 0.6448727870294465, 0.6035098215021983, -0.009097986668276867
0.5644028237635116, 0.6453851403383645, 0.6035198330688623, -0.004583308250909908
0.5642256317380961, 0.6455578743695274, 0.6035232378359683, -2.9692511737344916e-05
0.5643982714400202, 0.6453895783673009, 0.6035199203606608, 0.0045241754803049174
0.5649192210846588, 0.6448816268377999, 0.6035099931260434, 0.009039608510734785
0.5657838900030969, 0.6440381697334177, 0.6034937927267887, 0.013478246269083588
0.5669846632717143, 0.642866102768194, 0.6034718684550162, 0.017802381589032926
0.5685109755897667, 0.6413750179287668, 0.6034449636736999, 0.02197528107761073
0.5703494134631114, 0.6395771342953221, 0.6034139906095323, 0.02596149738437659
0.5724838444010465, 0.6374872093459407, 0.6033799994203802, 0.029727170439273382
0.5748955715076987, 0.6351224309890598, 0.603344142586598, 0.03324031508969027
0.5775635115555822, 0.6325022906550457, 0.6033076358339488, 0.036471092691787284
0.5804643943720369, 0.6296484378809996, 0.6032717169133883, 0.03939206435653417
0.5835729811532965, 0.6265845169439048, 0.6032376036354458, 0.04197842371528758
0.5868622991489795, 0.6233359862363577, 0.6032064525820476, 0.04420820725102535
0.5903038900335597, 0.6199299212356525, 0.6031793198954623, 0.04606248043747885
0.5938680692014724, 0.6163948020893388, 0.603157125473475, 0.047525498137264394
0.5975241931882491, 0.6127602870259526, 0.6031406217842812, 0.04858483792968297
0.6012409324297437, 0.6090569729951496, 0.6031303683579251, 0.04923150526720167
0.6049865466222039, 0.6053161451427176, 0.6031267128186472, 0.04946000959492623
0.6087291600339786, 0.6015695169281997, 0.6031297791008243, 0.049268410807935446
0.6124370342404334, 0.5978489628907769, 0.6031394632477638, 0.048658335665586486
0.616078835902097, 0.5941862462570315, 0.6031554369356932, 0.047634964028333365
0.6196238973765602, 0.5906127437563811, 0.603177158603546, 0.04620698502979484
0.6230424681414746, 0.5871591701605885, 0.6032038918114552, 0.044386523543366724
0.6263059552032693, 0.5838553051871928, 0.6032347302059153, 0.04218903754716107
0.629387150868279, 0.5807297254977802, 0.6032686282456572, 0.039633187232001696
0.632260446454558, 0.5778095445762071, 0.6033044366470035, 0.036740676933032734
0.6349020307187949, 0.5751201632852199, 0.603340941347382, 0.03353607119451982
0.6372900719594142, 0.5726850338696703, 0.6033769046663185, 0.03004658649784161
0.6394048829305277, 0.570525440098634, 0.6034111072685386, 0.026301860392550547
0.6412290678594282, 0.5686602961165957, 0.6034423895064567, 0.022333699967706726
0.6427476510009892, 0.567105966405853, 0.6034696907401582, 0.018175811783370174
0.6439481862849598, 0.5658761090501244, 0.6034920853014272, 0.013863515548081542
0.6448208477167783, 0.5649815442358613, 0.603508813882007, 0.009433443975309212
0.6453585002802286, 0.564430149637011, 0.6035193092813873, 0.004923231378255225
0.6455567511628232, 0.5642267840060087, 0.6035232156406495, 0.00037119366633636935
0.6454139811847218, 0.5643732399445797, 0.6035204005098422, -0.004183997513425544
0.6449313563623573, 0.5648682264592374, 0.6035109593394612, -0.008703643692158898
0.6441128195822875, 0.565707381525504, 0.6034952122436469, -0.013149348725435401
0.6429650624028567, 0.5668833144994716, 0.6034736931449204, -0.01748334534132935
0.6414974770449576, 0.5683856778331833, 0.6034471316687561, -0.021668816285838943
0.6397220886823218, 0.5702012671791375, 0.6034164284022423, -0.02567020731178434
0.6376534681999187, 0.5723141486163708, 0.6033826243561676, -0.02945352933318493
0.6353086256593519, 0.574705811402902, 0.6033468656664175, -0.03298664716722717
0.632706884795226, 0.5773553443629522, 0.603310364731929, -0.036239552408803444
0.6298697389682696, 0.5802396337575016, 0.603274359107171, -0.03918461812650331
0.6268206891206318, 0.5833335802676243, 0.603240069543083, -0.0417968332319594
0.6235850644165576, 0.5866103325446932, 0.6032086585991074, -0.04405401455455098
0.6201898264069222, 0.5900415346518696, 0.6031811912293914, -0.045936994848551294
0.616663357727329, 0.5935975846379078, 0.6031585986791445, -0.04742978516778312
0.6130352365241978, 0.5972479014466984, 0.6031416469147912, -0.04851971026168182
0.6093359979981633, 0.6009611973724138, 0.6031309106577812, -0.049197515874415655
0.6055968846551038, 0.6047057533178827, 0.6031267539019391, -0.04945744706354989
0.6018495870574488, 0.608449694199174, 0.6031293175744821, -0.04929729689496301
0.5981259770668917, 0.6121612619579226, 0.6031385147587821, -0.04871842511474095
0.5944578357585015, 0.6158090837894391, 0.6031540336407195, -0.04772574664509124
0.5908765783598214, 0.6193624333637374, 0.6031753480788036, -0.046327689998507185
0.5874129787209496, 0.6227914830023951, 0.6032017354399358, -0.04453612595106589
0.5840968959472566, 0.6260675449708556, 0.6032323010964884, -0.0423662670604374
0.5809570059200823, 0.6291633002476973, 0.6032660087546143, -0.03983653885544819
0.578020540487808, 0.6320530133341555, 0.6033017155860226, -0.036968423760307796
0.5753130371262611, 0.6347127318639341, 0.6033382109725532, -0.03378627904620299
0.5728581018404615, 0.6371204699608076, 0.6033742575502914, -0.030317130324091293
0.5706771880073034, 0.6392563744661973, 0.6034086331618331, -0.026590442303263493
0.5687893937400877, 0.6411028733181593, 0.6034401722943541, -0.022637868738583
0.5672112801912015, 0.6426448055052482, 0.6034678055983782, -0.018492983673161885
0.5659567130002803, 0.6438695321426777, 0.6034905961470453, -0.014190996250501261
0.5650367288446945, 0.6447670283241755, 0.6035077712060811, -0.009768451518748776
0.5644594287610604, 0.6453299554918428, 0.6035187484368134, -0.005262919777759173
0.5642298995857292, 0.6455537141399361, 0.6035231556433307, -0.0007126771253046947
0.5643501645147496, 0.6454364767292701, 0.6035208433938469, 0.003843620059454564
0.5648191634163127, 0.6449792007398921, 0.6035118900880454, 0.008367263900499123
0.5656327631484872, 0.644185621834354, 0.6034965992984838, 0.012819824252099866
0.5667837977497004, 0.6430622271460047, 0.603475489476259, 0.017163475539059322
0.5682621379867832, 0.6416182087501819, 0.6034492763701977, 0.02136131840290255
0.5700547893731324, 0.6398653974247811, 0.6034188487560379, 0.02537769339545791
0.5721460174150745, 0.6378181768640405, 0.603385238298969, 0.029178484035291444
0.5745174985147437, 0.6354933785786793, 0.6033495845718444, 0.03273140664080226
0.5771484946588741, 0.6329101577994408, 0.6033130964155842, 0.0360062844750048
0.5800160497601651, 0.6300898508015814, 0.6032770109521906, 0.038975303879417965
0.5830952052955778, 0.6270558141861376, 0.6032425516402453, 0.04161325023613571
0.5863592327072342, 0.6238332467902473, 0.6032108867950434, 0.04389772177605105
0.5897798798984226, 0.6204489950527808, 0.6031830899795592, 0.04580931944523669
0.5933276290704057, 0.6169313428316827, 0.6031601036088782, 0.047331811248571797
0.5969719631046989, 0.6133097868531995, 0.6031427070016199, 0.048452269707792636
0.6006816376987427, 0.609614799167465, 0.6031314899610692, 0.04916118129829458
0.604424956507653, 0.6058775781855934, 0.6031268327812372, 0.04945252696337806
0.6081700466274502, 0.6021297900758567, 0.6031288933553173, 0.049323833044507014
0.6118851318713531, 0.5984033024954459, 0.603137601823316, 0.04877619220993308
0.615538801435386, 0.5947299128241478, 0.6031526629402122, 0.04781425421023451
0.6191002717171049, 0.5911410732411734, 0.6031735660844002, 0.04644618653648913
0.6225396392359945, 0.5876676151405821, 0.6031996025673227, 0.04468360530354382
0.6258281228001709, 0.5843394755085927, 0.6032298896577991, 0.042541476925733304
0.6289382932657274, 0.581185427982319, 0.6032634005069856, 0.04003799139397628
0.6318442894370253, 0.5782328213694178, 0.6032989989598794, 0.037194408199874046
0.6345220188535011, 0.575507328427843, 0.6033354780735682, 0.0340348761825931
0.636949342396851, 0.5730327076812798, 0.6033716010366369, 0.03058622879613712
0.6391062418282109, 0.5708305809768905, 0.6034061431025991, 0.026877756506202527
0.6409749695254223, 0.5689202293767699, 0.6034379331156517, 0.02294095822514678
0.642540179833819, 0.5673184098132882, 0.6034658932206795, 0.01880927387860932
0.6437890415693217, 0.5660391947328077, 0.603489075410854, 0.014517800365907867
0.6447113313198973, 0.5650938367047142, 0.6035066936732499, 0.010102993326422428
0.6452995072815931, 0.5644906596872487, 0.6035181506420915, 0.005602357253818281
0.645548763440035, 0.5642349783231155, 0.6035230578554595, 0.0010541266073537253
0.6454570639699059, 0.5643290462921577, 0.6035212489282309, -0.003503059346884411
0.6450251577765173, 0.5647720343821718, 0.6035127851943242, -0.008030485173424012
0.6442565731485816, 0.5655600385594115, 0.6034979536268185, -0.012489688559533505
0.6431575925334588, 0.5666861179350946, 0.6034772571065098, -0.016842787431890063
0.6417372074893689, 0.5681403621411277, 0.6034513973690772, -0.02105280208805746
0.6400070539171554, 0.5699099872549496, 0.6034212512094131, -0.025083969579682217
0.6379813277307538, 0.5719794590573463, 0.6033878407503674, -0.028902047656471662
0.6356766811938457, 0.5743306420752562, 0.6033522987844522, -0.032474605676581544
0.6331121002329075, 0.5769429725601509, 0.6033158303640561, -0.03577130000860856
0.6303087631360628, 0.5797936532869763, 0.6032796719428158, -0.03876413159124906
0.6272898811640882, 0.5828578678331824, 0.6032450494536725, -0.041427683476972836
0.6240805217349974, 0.5861090118153265, 0.6032131367450094, -0.04373933636373341
0.6207074149963582, 0.5895189384241343, 0.6031850157839405, -0.04567946031171086
0.6171987447684846, 0.5930582155086067, 0.6031616399757451, -0.04723158104826235
0.6135839250245153, 0.5966963914153599, 0.6031438018426565, -0.04838251948158867
0.6098933632670169, 0.6004022667893982, 0.6031321061573479, -0.049122503270159976
0.6061582123611159, 0.6041441695842861, 0.6031269494415179, -0.049445249528832655
0.6024101125866242, 0.6078902306097039, 0.6031285065242309, -0.04934801799210641
0.5986809258710164, 0.6116086570582318, 0.6031367246154479, -0.04883163419851678
0.5950024643558057, 0.6152680015959002, 0.6031513250955357, -0.047900482506223155
0.5914062156251106, 0.618837424767102, 0.6031718129601227, -0.04656246899700051
0.5879230670811505, 0.6222869486481232, 0.6031974936003082, -0.04482895457266328
0.584583032081415, 0.6255876998789653, 0.6032274963496567, -0.04271465879303281
0.5814149805510486, 0.6287121404046351, 0.6032608040001086, -0.04023753524643312
0.5784463768467937, 0.6316342844591711, 0.6032962872865791, -0.03741861948082099
0.5757030276716776, 0.634329900523472, 0.603332743171535, -0.034281850754359404
0.5732088428193408, 0.6367766971770787, 0.6033689356318978, -0.03085386908676032
0.5709856114613986, 0.6389544919408747, 0.6034036375656439, -0.027163789305143016
0.5690527965794628, 0.6408453623693395, 0.6034356723973187, -0.023242953978479725
0.5674273499856557, 0.6424337787956921, 0.6034639539717144, -0.019124667320857158
0.566123550172976, 0.6437067182599354, 0.603487523382823, -0.014843912313666136
0.565152864992382, 0.6446537592584505, 0.6035055814889684, -0.010437053448377512
0.5645238408706549, 0.6452671570451511, 0.6035175160111962, -0.005941527622796785
0.5642420199668944, 0.6455418992899843, 0.6035229222956631, -0.001395525832806647
0.564309886321624, 0.6454757419630661, 0.6035216170356409, 0.0031623316129651574
0.5647268416875588, 0.645069225364979, 0.6035136444875874, 0.00769332356765384
0.5654892113522894, 0.6443256702691033, 0.6034992749703723, 0.012158957387375421
0.5665902798780841, 0.6432511541841218, 0.6034789956985831, 0.01652129630855179
0.568020356300463, 0.6418544677878312, 0.6034534942609251, 0.02074328204916738
0.5697668679528847, 0.6401470516309763, 0.6034236353042335, 0.02478904986647893
0.571814481727323, 0.6381429132656778, 0.6033904312140976, 0.028624233373975235
0.5741452512466083, 0.6358585250203347, 0.6033550077866696, 0.03221625651516928
0.5767387881205173, 0.6333127027244633, 0.6033185660560156, 0.03553461020970151
0.5795724551891431, 0.63052646578486, 0.6032823415716371, 0.038551111326571005
0.5826215794284898, 0.6275228791300422, 0.6032475625070762, 0.0412401417982103
0.5858596820078465, 0.6243268776736562, 0.6032154080199859, 0.043578865865564614
0.5892587228484621, 0.6209650740989882, 0.6031869682753257, 0.04554742363623682
0.5927893569392627, 0.6174655509345409, 0.6031632074867939, 0.0471290993430205
0.5964211996175687, 0.6138576380725849, 0.6031449312291407, 0.048310462906712565
0.6001230980195091, 0.6101716770755248, 0.603132759129127, 0.04908148363300672
0.6038634059436184, 0.6064387738149559, 0.6031271038605407, 0.049435615106667774
0.6076102594483599, 0.6026905411907488, 0.6031281571549875, 0.049369850585341005
0.6113318506158417, 0.5989588338773181, 0.6031358833024478, 0.048884748438647235
0.6149966970546844, 0.5952754772357686, 0.6031500203617937, 0.04798442742414158
0.6185739048795341, 0.5916719927081467, 0.6031700890402625, 0.046676531838828826
0.6220334230872266, 0.588179322167683, 0.6031954089410366, 0.04497216683182351
0.62534628744438, 0.5848275538310613, 0.6032251216284266, 0.04288580440900375
0.6284848522023979, 0.5816456524400379, 0.6032582197291003, 0.040435160902676306
0.6314230081581205, 0.578661196485396, 0.6032935810832043, 0.03764104691680023
0.6341363857766227, 0.5759001252721747, 0.6033300067879718, 0.03452719098956493
0.6366025422825411, 0.5733864986081284, 0.6033662618443458, 0.031120038438307417
0.6388011318041391, 0.5711422718353156, 0.6034011170287557, 0.02744852706500241
0.6407140578172172, 0.5691870888164192, 0.6034333905704622, 0.023543841601859794
0.6423256072819771, 0.5675380953330114, 0.6034619882212916, 0.019439148963853674
0.6436225659940055, 0.5662097751537939, 0.6034859403589239, 0.015169316546184308
0.6445943147804907, 0.5652138107893564, 0.6035044348653342, 0.010770615957661295
0.6452329062654173, 0.564558970669925, 0.6035168446651583, 0.0062804147138175725
0.6455331220043339, 0.564251024168668, 0.6035227489898015, 0.0017368585243944866
0.6454925098527082, 0.5642926855511016, 0.603521947645892, -0.0028214531029104014
0.6451114014847518, 0.5646835875675482, 0.6035144678039842, -0.007355795158175433
0.6443929100253629, 0.5654202850275877, 0.6035005630771837, -0.01182764650367716
0.6433429078001737, 0.5664962883105777, 0.603480704920953, -0.016199017496088795
0.6419699842515038, 0.5679021263823961, 0.603455566645891, -0.020432773041983508
0.6402853841151347, 0.5696254385132897, 0.6034260005858819, -0.024492948314919417
0.6383029260079315, 0.5716510935326493, 0.6033930091961924, -0.028345054430775736
0.6360389016426845, 0.5739613351206165, 0.6033577110619283, -0.03195637147100545
0.6335119559669865, 0.5765359513301086, 0.6033213029698079, -0.035296226359688314
0.6307429486195937, 0.5793524662615599, 0.6032850193295983, -0.03833625323806457
0.6277547972119429, 0.5823863515809755, 0.603250090321258, -0.041050634137732384
0.6245723030748753, 0.585611255383194, 0.6032177001868774, -0.04341631792889444
0.6212219602607743, 0.5889992457587644, 0.6031889470814058, -0.04541321571085539
0.6177317487579815, 0.5925210663255951, 0.6031648058431244, -0.047024371016303586
0.614130913055357, 0.5961464009353457, 0.6031460949457118, -0.048236103416703716
0.610449727387076, 0.5998441447580145, 0.6031334487518839, -0.04903812434140113
0.6067192491874089, 0.6035826789839126, 0.6031272960088423, -0.049423624155939386
0.6029710624876892, 0.6073301464567449, 0.6031278453141827, -0.04938932978387266
0.5992370131878724, 0.6110547256606302, 0.6031350780447121, -0.04893553239939392
0.5955489383274533, 0.6147249006225951, 0.6031487489877465, -0.048066084963881366
0.5919383916592874, 0.6183097244550106, 0.6031683946535081, -0.04678836962654016
0.5884363679892137, 0.6217790744438227, 0.6031933489869846, -0.04511323525627707
0.5850730288786179, 0.6251038967824617, 0.6032227659468974, -0.04305490561737808
0.5818774324108573, 0.6282564392522552, 0.6032556481867094, -0.040630858944012915
0.578877269790948, 0.6312104703525093, 0.6032908808657582, -0.03786167990652105
0.5760986115769544, 0.6339414835821503, 0.6033272694446425, -0.034770885194213785
0.5735656663278565, 0.6364268857654635, 0.6033635801838158, -0.03138472416328436
0.571300554394034, 0.6386461684933107, 0.603398581972555, -0.027731956212476757
0.5693230994716848, 0.6405810619153024, 0.6034310880701901, -0.0238436067514336
0.5676506403915285, 0.6422156702657074, 0.603459996344253, -0.019752703815052928
0.5662978654162435, 0.643536588635311, 0.6034843266410216, -0.015493997549640672
0.5652766710826564, 0.6445330006127159, 0.6035032540209987, -0.011103664951065281
0.564596047347369, 0.6451967565124628, 0.6035161367320011, -0.006619002369517888
0.5642619904829416, 0.6455224319853108, 0.6035225379709303, -0.0020781084080167935
0.5642774448316268, 0.6455073668703428, 0.6035222406959494, 0.0024804400691386293
0.5646422741614243, 0.6451516842021161, 0.6035152549865278, 0.007017916037491955
0.5653532629920397, 0.6444582893322411, 0.6035018177016396, 0.011495771704167441
0.5664041478737077, 0.6434328491672375, 0.6034823844477074, 0.015875966359145934
0.5677856782175812, 0.6420837515671585, 0.6034576141288158, 0.02012128986945821
0.5694857059002045, 0.6404220449961436, 0.6034283466033534, 0.024195679040472453
0.5714893025040548, 0.6384613585704385, 0.6033955742050929, 0.028064524134957608
0.5737789027182713, 0.6362178027148339, 0.6033604080947825, 0.031694962931797924
0.576334472114944, 0.6337098507177797, 0.603324040583578, 0.035056159820772384
0.579133697242252, 0.6309582015707824, 0.6032877047061284, 0.03811956756605124
0.5821521957409497, 0.6279856245905799, 0.6032526324142399, 0.04085916952716008
0.5853637439986797, 0.6248167864536072, 0.6032200128086412, 0.04325170030010838
0.5887405197096692, 0.6214780614211154, 0.6031909518248906, 0.045276842931101444
0.5922533566066419, 0.617997325698807, 0.6031664347399879, 0.04691740105864421
0.5958720085771859, 0.6144037370548614, 0.6031472927704941, 0.04815944455485052
0.5995654203670092, 0.6107275010117383, 0.6031341748941382, 0.04899242746140306
0.6033020021052109, 0.6069996251263983, 0.603127525849796, 0.0494092772479983
0.607049904958452, 0.603251663075993, 0.6031275710612841, 0.04940645465950948
0.610777295327593, 0.5995154504666381, 0.6031343089957861, 0.04898398366087503
0.6144526251370446, 0.5958228344760297, 0.6031475112158126, 0.048145451234345854
0.6180448959283793, 0.5922053996206607, 0.6031667301229359, 0.046897977030752463
0.6215239146499624, 0.5886941920993984, 0.6031913141309323, 0.045252153123469516
0.6248605392276537, 0.5853194453015111, 0.6032204297542377, 0.04322195435935482
0.6280269122022387, 0.5821103091734489, 0.6032530898632664, 0.040824620043663995
0.6309966809216593, 0.5790945862099734, 0.6032881871491097, 0.03808050793427124
0.6337452029752944, 0.5762984768673486, 0.603324531663497, 0.0350129217528244
0.6362497357489112, 0.573746337185927, 0.6033608911616403, 0.03164791364497722
0.6384896091587569, 0.5714604513542512, 0.6033960328804208, 0.028014063236703322
0.6404463807885344, 0.5694608218454447, 0.6034287653355371, 0.024142235136916428
0.6421039728016351, 0.56776497960913, 0.6034579787204019, 0.020065316926146257
0.6434487901317659, 0.5663878166094999, 0.6034826825368083, 0.015817939844739903
0.6444698195677588, 0.5653414427648176, 0.6035020391811102, 0.011436184549900235
0.645158709443473, 0.5646350690690477, 0.6035153923466943, 0.006957274446836789
0.6455098297228071, 0.5642749183671391, 0.603522289279262, 0.002419259213534241
0.6455203123350727, 0.5642641649172686, 0.603522496129904, -0.0021393087704818675
0.6451900716702442, 0.5646029035125594, 0.6035160058850828, -0.006679702314839418
0.6445218051901844, 0.5652881485584499, 0.6035030386044672, -0.011163348811483578
0.6435209741545558, 0.5663138631175672, 0.6034840339585514, -0.01555215829922122
0.6421957645026244, 0.5676710175493922, 0.6034596363192438, -0.019808847381024966
0.6405570279784009, 0.569347676994966, 0.6034306729092698, -0.02389725621431767
0.638618203640234, 0.5713291165949079, 0.6033981257516665, -0.027782655859068223
0.6363952199604727, 0.5735979629892431, 0.6033630983709316, -0.031432043357918354
0.633906377798965, 0.5761343603363883, 0.603326778375294, -0.034814422035401596
0.6311722146282809, 0.5789161588118057, 0.6032903971891632, -0.03790106463799362
0.6282153505000698, 0.5819191233089618, 0.6032551883012878, -0.040665757091409856
0.6250603163716205, 0.5851171598699058, 0.6032223454443051, -0.04308502082424847
0.6217333655592537, 0.5884825572224339, 0.6031929821235177, -0.04513831179568979
0.618262269249471, 0.591986240696614, 0.6031680938667923, -0.046808194567402504
0.6146760971778181, 0.595598035735413, 0.6031485244750951, -0.04808048997401146
0.61100498477619, 0.5992869382011017, 0.6031349374174396, -0.04894439517045749
0.6072798882881207, 0.6030213887087004, 0.6031277933395863, -0.049392575066452574
0.6035323295539552, 0.6067695482867215, 0.6031273344485967, -0.049421224396239125
0.5997941323686796, 0.6104995727696755, 0.6031335763023238, -0.049030099914361455
0.5960971525090916, 0.6141798834614318, 0.6031463072820232, -0.04822252245362344
0.5924730037081731, 0.617779431768178, 0.603165095765951, -0.0470053488283759
0.5889527820171565, 0.6212679556787114, 0.6031893047609, -0.04538891381334566
0.585566791134134, 0.6246162261623157, 0.6032181134959307, -0.04338694267396977
0.5823442713867253, 0.6277962817547276, 0.6032505452466145, -0.04101643496719355
0.5793131351303605, 0.6307816498051653, 0.6032855004469228, -0.03829752057040266
0.5764997113589249, 0.6335475530569623, 0.6033217939666059, -0.03525328912896712
0.5739285023174087, 0.6360711004264583, 0.6033581952905974, -0.03190959433803834
0.5716219548543998, 0.6383314610256173, 0.6033934702384516, -0.0282948346898901
0.5696002491543962, 0.6403100206402988, 0.6034264228094428, -0.024439712522258978
0.5678811073458028, 0.6419905200260309, 0.6034559357344991, -0.020376973393760885
0.5664796242911839, 0.6433591745152653, 0.6034810083598205, -0.01614112798743754
0.5654081226340743, 0.6444047745440756, 0.6035007905773486, -0.01176815890074008
0.5646760339048831, 0.6451187668026758, 0.6035146116512047, -0.007295214817771577
0.5642898071816408, 0.6454953157943535, 0.6035220029622362, -0.0027602946755316826
0.5642528464650942, 0.6455313456536108, 0.6035227138990615, 0.0017980754714226337
0.5645654775683117, 0.6452265621292667, 0.6035167203564729, 0.006341170115430611
0.5652249449455287, 0.6445834546853217, 0.6035042255528645, 0.010830393674428535
0.5662254385009795, 0.6436072787151565, 0.6034856531389495, 0.015227608753942513
0.5675581500336269, 0.6423060179069999, 0.603461632831572, 0.01949546047190149
0.569211358595855, 0.6406903268444469, 0.6034329790600361, 0.023597694062680506
0.5711705436808108, 0.6387734539787717, 0.6034006633493701, 0.027499463039491696
0.5734185248114274, 0.636571145173393, 0.6033657813773798, 0.031167625281819752
0.575935625790652, 0.6341015280978749, 0.6033295158229006, 0.034571024525733976
0.578699861592825, 0.6313849778417097, 0.6032930962652892, 0.037680754868013436
0.5816871456352207, 0.6284439642283184, 0.603257757495035, 0.04047040604826878
0.5848715149701602, 0.6253028814380016, 0.6032246976490734, 0.04291628744464891
0.5882253707843266, 0.6219878606948125, 0.6031950375901418, 0.04499762890621392
0.5917197314842606, 0.618526566935446, 0.6031697829071655, 0.04669675674653202
0.5953244955855366, 0.6149479805562275, 0.6031497898246403, 0.04799924343644965
0.5990087116067675, 0.6112821655243283, 0.6031357361763724, 0.04889402975729849
0.602740852196071, 0.6075600253376704, 0.6031280984271863, 0.04937351840714253
0.6064890897838082, 0.6038130485202508, 0.6031271355212102, 0.04943363829027511
0.6102215711571511, 0.6000730455407997, 0.6031328801040027, 0.049073878962394124
0.6139066884845352, 0.5963718792372843, 0.6031451374159081, 0.0482972949491748
0.6175133444760592, 0.592741191012138, 0.6031634918941562, 0.04711047990287
0.6210112095436093, 0.5892121252272879, 0.60318732126, 0.04552351080867314
0.6243709690162099, 0.585815054368439, 0.6032158176136074, 0.04354986269848256
0.627564558665969, 0.5825793076591345, 0.6032480148219317, 0.041206294572956666
0.6305653870024577, 0.579532905881895, 0.6032828212714744, 0.03851270747183648
0.6333485429933353, 0.5767023052019824, 0.6033190568759773, 0.03549197586582297
0.6358909880618359, 0.574112152785489, 0.603355493084727, 0.032169753769092535
0.6381717313934998, 0.571785056955051, 0.6033908945352904, 0.02857425718796512
0.6401719877521675, 0.5697413745320971, 0.6034240609385819, 0.024736024726334647
0.6418753171564706, 0.5679990178738854, 0.6034538677761071, 0.020687658360178388
0.6432677459015147, 0.5665732839275822, 0.6034793044292981, 0.016463546569684226
0.6443378685258238, 0.5654767073945144, 0.6034995084478051, 0.01209957217618566
0.6450769304212706, 0.5647189398287472, 0.6035137947944017, 0.007632807370154921
0.645478890865099, 0.5643066561898058, 0.6035216790744531, 0.0031011985341014682
0.6455404663203079, 0.5642434900351208, 0.6035228939619001, -0.0014567564413108852
0.6452611539063432, 0.5645299981799023, 0.6035173982644614, -0.0060023355796791885
0.6446432349895789, 0.5651636552776966, 0.6035053783205008, -0.010496922167208758
0.64369175888601, 0.5661388783912367, 0.6034872416801526, -0.014902333196325238
0.6424145067108583, 0.5674470812381869, 0.6034636032851044, -0.019181144082373775
0.6408219354552177, 0.5690767574177176, 0.6034352646159188, -0.023297006866148783
0.6389271024222147, 0.5710135915591618, 0.6034031865143408, -0.027214959175802383
0.6367455702178226, 0.5732405969904553, 0.6033684566025415, -0.03090172130743294
0.6342952925674314, 0.57573827820826, 0.6033322524044369, -0.03432597889308267
0.6315964813208754, 0.5784848161493652, 0.6032958014198667, -0.03745864875638967
0.6286714551174841, 0.5814562740189989, 0.6032603395056124, -0.04027312570794915
0.6255444703096481, 0.5846268212297945, 0.603227068974454, -0.04274550820255117
0.6222415348883205, 0.5879689728479799, 0.6031971178328539, -0.04485480096682559
0.6187902063157787, 0.5914538418322123, 0.603171501539068, -0.046583092906324626
0.6152193743479552, 0.5950514012855911, 0.6031510885778779, -0.04791570881364599
0.6115590301178815, 0.5987307539216935, 0.6031365710186517, -0.04884133362183301
0.6078400229496684, 0.6024604059688664, 0.6031284410544382, -0.049352108178094795
0.6040938065745813, 0.6062085428003481, 0.6031269743170687, -0.04944369575008167
0.6003521766221999, 0.6099433036770117, 0.6031322205335811, -0.04911531871887933
0.5966470014549728, 0.6136330531199318, 0.6031440018405414, -0.04836976515799886
0.5930099485979349, 0.6172466465862316, 0.603161918813378, -0.04721336524447722
0.5894722091811205, 0.6207536882981352, 0.6031853640064426, -0.04565593769534274
0.5860642229545728, 0.6241247792660068, 0.6032135425450436, -0.0437107066687419
0.5828154065492742, 0.6273317537456231, 0.6032454990717165, -0.04139418981252561
0.5797538877368428, 0.6303479025723837, 0.6032801501336266, -0.03872605838254651
0.5769062484820938, 0.6331481820154887, 0.6033163209135174, -0.035728970586719755
0.5742972795819704, 0.6357094069885931, 0.6033527850592851, -0.0324283795373222
0.5719497496393573, 0.63801042763618, 0.6033883062620716, -0.028852317411205038
0.569884191029355, 0.6400322884836469, 0.6034216801733167, -0.025031157623606165
0.5681187053783974, 0.6417583694916261, 0.603451775239543, -0.02099735701403482
0.5666687908939171, 0.6431745084898697, 0.603477571070142, -0.016785180220152372
0.5655471936562851, 0.6442691045827484, 0.6034981930369488, -0.01243040857561206
0.564763784718597, 0.6450332022173597, 0.6035129419320311, -0.007970036008415943
0.5643254645580349, 0.6454605556877865, 0.6035213176776537, -0.003441954535612316
0.5642360960903066, 0.6455476739171742, 0.6035230362840615, 0.0011153679535946897
0.5644964671023419, 0.6452938454157355, 0.6035180394797575, 0.005663214862435425
0.5651042825849437, 0.6447011433608004, 0.6035064966875352, 0.010162950188682147
0.5660541870638909, 0.6437744107882019, 0.6034887992792253, 0.014576347134039892
0.5673378166427955, 0.6425212259264594, 0.6034655473040799, 0.018865913197088222
0.568943880091618, 0.6409518477502983, 0.6034375291410723, 0.02299520895899617
0.5708582679487552, 0.6390791418817395, 0.6034056947654295, 0.026929157830126536
0.573064188259246, 0.6369184870287755, 0.6033711235362803, 0.030634344109571946
0.5755423272535558, 0.6344876622265364, 0.6033349875980734, 0.03407929681736925
0.5782710329863957, 0.6318067152362011, 0.6032985121370658, 0.03723475688906451
0.5812265197080594, 0.628897812564444, 0.6032629338406772, 0.04007392547265194
0.5843830905356264, 0.625785071691779, 0.603229458968284, 0.042572691236728834
0.5877133758307747, 0.6224943762417559, 0.603199222454999, 0.04470983478392311
0.5911885845763505, 0.6190531749836644, 0.6031732494348001, 0.04646720846316671
0.5947787659754966, 0.6154902657373289, 0.6031524204871724, 0.04782989008612405
0.5984530784741317, 0.6118355654370217, 0.6031374417850992, 0.04878630927503515
0.602180063427846, 0.6081198678088978, 0.6031288211560204, 0.049328345399488535
0.6059279206947266, 0.6043745903183178, 0.6031268508669195, 0.049451396296412056
0.6096647835323482, 0.6006315122451241, 0.6031315977168343, 0.049154417209198775
0.6133589903053928, 0.5969225059408804, 0.6031429007724611, 0.04843992962681234
0.6169793506648822, 0.5932792635066422, 0.6031603768235777, 0.04731399995047186
0.6204954040351642, 0.5897330212971315, 0.6031834333734459, 0.04578618816268436
0.6238776684347701, 0.5863142848014745, 0.6032112887240604, 0.043869466919565475
0.6270978778562825, 0.5830525565664619, 0.6032429984756883, 0.041580111731131894
0.63012920663277, 0.5799760699104916, 0.6032774875427349, 0.038937563134059786
0.6329464794189934, 0.5771115312206118, 0.6033135866009478, 0.035964261995686767
0.6355263656097416, 0.5744838736277338, 0.6033500717306702, 0.03268545931507183
0.637847557201293, 0.5721160248134688, 0.6033857059123631, 0.029129002104884227
0.6398909292719082, 0.5700286916145869, 0.603419280967649, 0.02532509714481406
0.6416396824110437, 0.5682401639573402, 0.6034496585238496, 0.021306054591042546
0.6430794665631613, 0.5667661404745815, 0.6034758086129062, 0.017106013604985676
0.6441984858700527, 0.5656195779357559, 0.6034968445956344, 0.01276065232593845
0.644987584195866, 0.5648105663565687, 0.6035120532267431, 0.008306884654364553
0.6454403111027172, 0.5643462313557921, 0.6035209188407673, 0.0037825464335008996
0.6455529681138924, 0.5642306649965038, 0.6035231408384192, -0.0007739262850276225
0.6453246351588632, 0.5644648859943064, 0.6035186438800967, -0.005323824132200684
0.6447571771428509, 0.5650468298026333, 0.6035075804407124, -0.009828493661585499
0.643855230627076, 0.5659713687024893, 0.6034903256391526, -0.014249666108658122
0.6426261706479476, 0.5672303616386792, 0.6034674645177971, -0.018549782844324215
0.6410800577481713, 0.5688127331644658, 0.6034397722036802, -0.02269231472848654
0.6392295653438249, 0.570704580489349, 0.6034081876243451, -0.026642072626483635
0.6370898876123794, 0.5728893072775189, 0.6033737816700455, -0.03036550643331676
0.6346786281604425, 0.5753477825241706, 0.6033377208822451, -0.03383099005655464
0.6320156698191395, 0.5780585225492305, 0.6033012278999897, -0.037009089937126885
0.6291230260212495, 0.5809978938980571, 0.603265540005527, -0.03987281483610673
0.6260246743384219, 0.5841403347303133, 0.6032318671748259, -0.04239784478308699
0.622746372899071, 0.5874585921141973, 0.6032013510552557, -0.0445627372658146
0.6193154605670024, 0.590923972525153, 0.6031750262610605, -0.046349108939267275
0.6157606419357228, 0.5945066027763972, 0.6031537852985388, -0.04774179134324616
0.6121117583809792, 0.5981756985822443, 0.6031383483096586, -0.04872895933881248
0.6083995466109288, 0.601899837972332, 0.6031292386594314, -0.04930223120359174
0.604655386355141, 0.6056472368324399, 0.6031267651942732, -0.0494567395623151
0.6009110390355117, 0.6093860239417301, 0.6031310117724883, -0.0491911725702868
0.5971983794587465, 0.6130845130022902, 0.6031418344215848, -0.048507785012197976
0.5935491227556939, 0.6167114693096094, 0.6031588662187476, -0.04741237922537707
0.5899945489615914, 0.6202363688864264, 0.6031815297291085, -0.04591425600375064
0.5865652277775045, 0.6236296480914493, 0.6032090565803845, -0.044026135885088115
0.5832907461713408, 0.6268629419130001, 0.603240513510633, -0.04176405146807493
0.5801994415617192, 0.6299093093599811, 0.6032748340064782, -0.03914721164592232
0.5773181433751975, 0.6327434445635178, 0.6033108544596285, -0.03619783887797451
0.5746719257732241, 0.6353418723974003, 0.6033473536162485, -0.03294098084841633
0.5722838743069714, 0.6376831276100207, 0.603383093981995, -0.029404298079887675
0.5701748691742027, 0.6397479166315229, 0.6034168637790598, -0.02561782927762827
0.568363387622021, 0.6415192613749245, 0.6034475180326472, -0.021613736374673818
0.5668653278634005, 0.6429826244875184, 0.6034740173936628, -0.017426031428509098
0.5656938566557186, 0.6441260156282677, 0.6034954633809908, -0.013090287682359841
0.5648592824291109, 0.6449400784484506, 0.6035111288480038, -0.00864333724793771
0.564368955555672, 0.645418158037717, 0.6035204826398518, -0.004122957989026196
0.5642271970224506, 0.6455563486678276, 0.6035232076050405, 0.0004324477149125342
0.5644352564180636, 0.6453535217243632, 0.6035192113502337, 0.004984179570375242
0.5649912997713626, 0.6448113337657222, 0.6035086293733831, 0.009493568531793697
0.5658904273983704, 0.6439342146923914, 0.6034918204688892, 0.013922305694930324
0.5671247215282933, 0.6427293360515511, 0.6034693545606844, 0.018232768095295674
0.5686833230986751, 0.6412065595464584, 0.6034419933760399, 0.022388338614205944
0.5705525367412723, 0.6393783658705434, 0.6034106646157577, 0.026353717250155007
0.5727159626313534, 0.6372597640462174, 0.6033764304969984, 0.030095221093425488
0.5751546535505354, 0.6348681815211379, 0.6033404517357879, 0.033581070446097934
0.5778472952230005, 0.6322233353625986, 0.6033039481908206, 0.03678165865632325
0.580770407731974, 0.6293470849955879, 0.6032681575032453, 0.039669803383138885
0.5838985656117592, 0.6262632670529136, 0.603234293134913, 0.04222097717428983
0.5872046340432191, 0.6229975130467195, 0.6032035032277723, 0.04441351542240842
0.5906600184590569, 0.6195770507289525, 0.6031768316790729, 0.04622879996241534
0.5942349247900226, 0.616030490182145, 0.6031551827517646, 0.04765141678303999
0.5978986275534592, 0.612387595868648, 0.6031392904194993, 0.04866928654590256
0.6016197429995717, 0.6086790460627489, 0.6031296934850818, 0.04927376683472885
0.6053665045854688, 0.6049361812916867, 0.6031267173154823, 0.049459725293174925
0.609107038138594, 0.6011907436136447, 0.6031304628122811, 0.04922558305074119
0.6128096341950003, 0.5974746087579729, 0.6031408029912471, 0.048573328080785405
0.6164430151488514, 0.5938195133395172, 0.6031573872869279, 0.04750849838121454
0.6199765950219678, 0.5902567795291944, 0.6031796534364132, 0.04604013511563426
0.6233807298503746, 0.5868170397110563, 0.6032068465396347, 0.04418070609914373
0.6266269568828193, 0.583529963776465, 0.6032380446503759, 0.04194600025716599
0.6296882209884973, 0.5804239917935566, 0.6032721900308273, 0.0393549939262014
0.6325390868724451, 0.5775260748403505, 0.6033081250105219, 0.03642969010061043
0.6351559358924526, 0.5748614267989358, 0.6033446312343084, 0.033194931957766655
0.6375171464567919, 0.572453289873319, 0.6033804709690097, 0.029678192213360467
0.6396032571542095, 0.5703227165129866, 0.6034144290684593, 0.025909340067336688
0.6413971119239137, 0.5684883702973752, 0.6034453541740827, 0.021920387696884522
0.6428839867122061, 0.5669663481638907, 0.6034721977539567, 0.01774521843398108
0.6440516971831353, 0.5657700261455777, 0.6034940496563783, 0.013419298929119701
0.6448906871534388, 0.5649099305271037, 0.603510168972059, 0.008979377747986916
0.645394097508107, 0.5643936360334447, 0.6035200091580603, 0.004463172972065724
0.6455578154240497, 0.5642256923397516, 0.6035232365711682, -9.094852430447338e-05
0.6453805037881588, 0.5644075798393791, 0.6035197417819317, -0.004644297370466973
0.6448636107456472, 0.5649376952367969, 0.6035096432855002, -0.009158190767540332
0.6440113593584816, 0.5658113671504276, 0.6034932834833605, -0.013594281500024364
0.6428307173957851, 0.5670209015250209, 0.6034712170723066, -0.01791488406341439
0.6413313473221682, 0.5685556562718054, 0.603444192234577, -0.022083295107356876
0.6395255365998479, 0.5704021441850046, 0.603413125267316, -0.026064105447014506
0.637428108479653, 0.5725441628327141, 0.6033790695120268, -0.029823500973706042
0.6350563135277137, 0.5749629497953621, 0.6033431796379565, -0.03332954989837561
0.6324297022213496, 0.5776373613320945, 0.6033066724908345, -0.036552473886528235
0.6295699790512325, 0.5805440722995284, 0.6032707858347164, -0.03946490078919604
0.6265008386883861, 0.5836577949325004, 0.6032367363859589, -0.04204209683934722
0.6232477849141859, 0.5869515139256687, 0.6032056785621743, -0.044262176364863355
0.6198379331684981, 0.5903967351298186, 0.6031786653445859, -0.04610628726569538
0.61629979774382, 0.5939637450980307, 0.6031566125803898, -0.047558770711980336
0.6126630648391936, 0.5976218786838134, 0.6031402679349879, -0.048607293739723674
0.6089583528833871, 0.6013397919040864, 0.6031301855462553, -0.04924295364920228
0.6052169617381786, 0.6050857373316337, 0.6031267072396833, -0.04946035334670286
0.6014706125947963, 0.6088278393706162, 0.603129950940896, -0.04925764701088613
0.597751180574281, 0.6125343668903038, 0.6031398066781303, -0.04863655570938408
0.5940904222301885, 0.6161740008413088, 0.60315594031013, -0.047602352837707265
0.5905197003236988, 0.6197160946495982, 0.6031778048531409, -0.046163819499737545
0.5870697083911813, 0.6231309253707362, 0.6032046590232346, -0.044333170195600013
0.5837701977469055, 0.6263899337842903, 0.6032355923656962, -0.04212594942712514
0.580649709653757, 0.6294659518104588, 0.603269556119956, -0.039560900071941664
0.5777353154479374, 0.632333415832456, 0.6033053987741037, -0.03665980461291065
0.5750523674159003, 0.6349685647041731, 0.6033419051039828, -0.033447300538431854
0.5726242631902768, 0.6373496214089521, 0.6033778373735963, -0.029950671449316214
0.5704722263544817, 0.6394569575085408, 0.6034119773001321, -0.026199615617494613
0.568615105822295, 0.6412732396788581, 0.6034431673607968, -0.022225993938797053
0.5670691963895275, 0.6427835577694293, 0.6034703500407923, -0.018063559404304493
0.5658480826415553, 0.6439755339454625, 0.6034926036913996, -0.013747670380244251
0.5649625081459961, 0.6448394125757252, 0.6035091737819651, -0.00931499013302847
0.5644202715681256, 0.6453681306166574, 0.603519498485697, -0.004803175161874373
0.5642261510228715, 0.6455573683153293, 0.6035232277312922, -0.00025055500475163524
0.5643818576274429, 0.645405580113501, 0.6035202350740538, 0.004304193737332918
0.5648860188495258, 0.6449140056851907, 0.6035106219837295, 0.008822376358669927
0.5657341918648991, 0.6440866610843913, 0.603494714403592, 0.013265609162795563
0.5669189067528995, 0.642930310021638, 0.6034730516975079, 0.017596145903583892
0.5684297389762264, 0.6414544153319313, 0.6034463683599979, 0.021777198750081876
0.5702534102207871, 0.6396710707458566, 0.6034155691098063, 0.025773251022888098
0.5723739163190118, 0.6375949131341627, 0.6033816982119063, 0.029550359026417335
0.5747726806531541, 0.6352430154667387, 0.6033459040685769, 0.033076440402129315
0.5774287311396287, 0.6326347608124436, 0.6033094002805456, 0.03632154655124437
0.5803188986366086, 0.629791697808496, 0.6032734244987552, 0.03925811681990367
0.5834180343991059, 0.6267373781482577, 0.6032391964620706, 0.041861212303229436
0.5866992440316064, 0.6234971767745042, 0.6032078766436557, 0.04410872730526563
0.5901341352598739, 0.6200980956209947, 0.6031805269079423, 0.04598157668723009
0.5936930767613662, 0.6165685519167713, 0.6031580745117584, 0.047463857544801286
0.5973454652573084, 0.612938152252658, 0.6031412806697122, 0.04854298387425716
0.6010599980770279, 0.6092374538045365, 0.6031307147491014, 0.04920979311524494
0.6048049484539674, 0.6054977143090716, 0.6031267349687716, 0.04945862369296172
0.6085484408990978, 0.6017506325898733, 0.6031294762559058, 0.04928736292286748
0.6122587241167846, 0.5980280816303487, 0.6031388456721775, 0.04869746488514941
0.6159044390753745, 0.5943618363780685, 0.6031545255642303, 0.04769393812251373
0.6194548800143533, 0.590783298638558, 0.6031759843317475, 0.046285303262074244
0.6228802463560787, 0.587323221568203, 0.6032024944482695, 0.04448352090872481
0.6261518836869989, 0.5840114364008386, 0.6032331571241704, 0.0423038904020092
0.6292425121752397, 0.5808765841353579, 0.6032669327760785, 0.03976492026965044
0.6321264409931431, 0.5779458549677211, 0.6033026762701996, 0.0368881714470186
0.6347797675098832, 0.5752447382661732, 0.6033391757450844, 0.03369807456120746
0.6371805602064623, 0.5727967858603579, 0.6033751936979295, 0.030221722799269653
0.639309024439694, 0.570623391341379, 0.6034095089415886, 0.026488642090595933
0.6411476503405962, 0.5687435879499573, 0.6034409580097826, 0.022530540531406417
0.642681342274165, 0.5671738674640097, 0.6034684746065054, 0.01838103916276118
0.643897529410993, 0.5659280222868854, 0.6034911257617849, 0.014075386380298437
0.6447862570666888, 0.5650170126859357, 0.6035081434674998, 0.009650158402015451
0.6453402585535476, 0.5644488608420353, 0.6035189507201505, 0.005142948347866826
0.645555007362146, 0.5642285730491258, 0.6035231810871082, 0.0005920465900053775
0.6454287495510235, 0.5643580910547865, 0.603520691132546, -0.0039638848863982
0.6449625162733483, 0.5648362731649138, 0.6035115652814576, -0.008486141315866984
0.6441601164140222, 0.5656589053551518, 0.6034961129567389, -0.012936304353031561
0.6430281093527611, 0.566818742246339, 0.6034748580864655, -0.01727656881146695
0.6415757579122341, 0.5683055774187754, 0.6034485213373655, -0.02147006413476016
0.6398149615991299, 0.5701063421682215, 0.6034179956772469, -0.025481167842885052
0.6377601703036551, 0.5722052314526473, 0.6033843160954105, -0.02927580827164114
0.6354282786926224, 0.5745838554497077, 0.6033486245081743, -0.03282175402188295
0.6328385016156155, 0.5772214148469068, 0.6033121310398434, -0.03608888765706912
0.6300122309446758, 0.5800948977246991, 0.6032760729922503, -0.03904946133058668
0.6269728743867157, 0.5831792956715777, 0.6032416728941921, -0.04167833218644709
0.623745676944779, 0.586447836592704, 0.6032100970531198, -0.043953175556271235
0.6203575258587224, 0.5898722315416994, 0.603182416014212, -0.0458546741698877
0.6168367400264007, 0.5934229328196112, 0.6031595682671406, -0.047366681804269624
0.6132128450905643, 0.597069400545258, 0.6031423284305903, -0.04847636001388946
0.6095163355711807, 0.6007803749055329, 0.6031312809927324, -0.049174286812932996
0.6057784256236852, 0.6045241513400705, 0.6031268004974725, -0.049454536414348764
0.602030790206069, 0.6082688559983376, 0.6031290388478305, -0.04931472937070648
0.5983052986364726, 0.6119827189242243, 0.6031379201566336, -0.048756052705706494
0.5946337427124571, 0.6156343425685428, 0.6031531433189863, -0.04778324987142157
0.5910475617375627, 0.6191929633979272, 0.6031741922193586, -0.04640458061353038
0.5875775669543449, 0.6226287045537643, 0.6032003532274672, -0.04463175107351286
0.5842536680101524, 0.6259128177110629, 0.6032307393901348, -0.042479814701601476
0.5811046041772607, 0.6290179124889785, 0.6032643204993996, -0.039967044795748176
0.5781576831079028, 0.6319181719665814, 0.6032999580179225, -0.03711477971841223
0.5754385299233353, 0.6345895530545617, 0.6033364436780351, -0.03394724207293462
0.5729708494112784, 0.6370099706615514, 0.6033725404460935, -0.03049133334284326
0.5707762040359157, 0.639159464769143, 0.6034070244634843, -0.026776405708722546
0.5688738103481662, 0.6410203496896983, 0.603438726542307, -0.022834012956265186
0.5672803562215415, 0.6425773449239521, 0.6034665718086903, -0.01869764257372713
0.566009841132035, 0.643817687160249, 0.6034896161493294, -0.014402431305125604
0.565073441451916, 0.644731223064083, 0.6035070782251022, -0.009984866575094627
0.5644794024408752, 0.6453104825963042, 0.603518365965842, -0.005482476330384094
0.5642329582986878, 0.6455507326726762, 0.603523096647479, -0.0009335099497722974
0.5643362812972217, 0.6454500110387807, 0.6035211098704119, 0.003623387042888176
0.5647884606429671, 0.6450091402856349, 0.603512472998778, 0.008149501669898043
0.5655855113414788, 0.6442317219762702, 0.6034974788760847, 0.012606382770711798
0.5667204129498542, 0.6431241108956538, 0.6034766358946955, 0.016956168022768666
0.5681831777204239, 0.6416953694796481, 0.603450650756108, 0.021161905903319962
0.5699609472658779, 0.6399572025269441, 0.6034204045069006, 0.025187869830746022
0.5720381165205697, 0.6379238723547904, 0.603386922663328, 0.028999861796670863
0.5743964834416184, 0.6356120946279775, 0.6033513404379883, 0.032565502897378244
0.5770154225928841, 0.6330409151736884, 0.6033148642480074, 0.03585450829318179
0.5798720804903073, 0.6302315681944983, 0.603278730810175, 0.03883894426581231
0.5829415903627495, 0.6272073164091988, 0.6032441652101135, 0.04149346520465433
0.586197303801618, 0.6239932737866998, 0.603212339367179, 0.04379552853077194
0.5896110366371731, 0.6206162116914343, 0.6031843323031858, 0.04572558576101393
0.5931533262903359, 0.6171043494280641, 0.6031610935617161, 0.04726724812098579
0.5967936978056381, 0.6134871303565169, 0.6031434110178473, 0.048407425333283086
0.6005009357720742, 0.6097949849422146, 0.6031318841691912, 0.04913643643412756
0.6042433593814798, 0.6060590823068482, 0.6031269038133069, 0.04944809170560978
0.6079890979550121, 0.60231107204751, 0.6031286388000906, 0.049339745050386075
0.6117063643830031, 0.5985828182912164, 0.6031370303079915, 0.04881231637930791
0.6153637240668421, 0.5949061281422443, 0.6031517938379803, 0.04787028382857529
0.61893035711814, 0.5913124768554859, 0.6031724288577132, 0.046521645870160874
0.6223763117544742, 0.5878327322243585, 0.6031982357691368, 0.04477785362604744
0.6256727470266714, 0.5844968808010533, 0.6032283396246286, 0.04265371394183601
0.6287921632141551, 0.5813337586648053, 0.6032617197880573, 0.040167264017050966
0.6317086184269461, 0.5783707895156661, 0.6032972445356237, 0.037339618626441196
0.6343979301505044, 0.5756337328929935, 0.6033337094238237, 0.0341947911970876
0.6368378606584226, 0.5731464452964125, 0.6033698781240533, 0.0307594902284005
0.6390082853944096, 0.57093065692028, 0.603404524339604, 0.027062892754217572
0.640891343586261, 0.5690057665996993, 0.6034364733839112, 0.023136396746191924
0.6424715704987279, 0.5673886574071139, 0.6034646420102145, 0.019013354543409813
0.6437360108584131, 0.5660935351349187, 0.6034880751419252, 0.014728789562607076
0.6446743130919623, 0.5651317916539264, 0.6035059782579257, 0.010319098694382434
0.6452788041097729, 0.5645118948538101, 0.6035177443342984, 0.005821742921480296
0.6455445444428066, 0.5642393065545963, 0.6035229744285232, 0.0012749288037233715
0.6454693636023029, 0.5643164294337737, 0.6035214912078141, -0.0032827164410415364
0.6450538755841814, 0.5647425836481955, 0.603513344962606, -0.007812473470834238
0.644301474485163, 0.5655140134508917, 0.6034988119011666, -0.0122758601452452
0.6432183102398478, 0.5666239237177914, 0.6034783847831917, -0.016634958812495895
0.6418132445310639, 0.5680625459159472, 0.6034527562101716, -0.020852738746526378
0.6400977869735717, 0.5698172326709063, 0.6034227951394332, -0.024893370968164897
0.6380860117273028, 0.5718725797338307, 0.6033895174186188, -0.02872253275537364
0.6357944547639848, 0.5742105738157907, 0.6033540513401263, -0.03230769924298157
0.6332419920929809, 0.5768107644536354, 0.6033175993838513, -0.03561841963080034
0.6304496993505644, 0.5796504578043962, 0.6032813974457193, -0.03862657565890086
0.6274406932728784, 0.5827049300376868, 0.6032466729345829, -0.04130662016821726
0.624239955707063, 0.5859476578113723, 0.6032146031582547, -0.043635793741525694
0.620874140966908, 0.5893505631769373, 0.60318627540945, -0.045594317612126345
0.6173713675076525, 0.5928842701684522, 0.603162650104624, -0.047165561233144665
0.6137609950768069, 0.5965183702824338, 0.6031445282250343, -0.04833618311720631
0.6100733886910658, 0.6002216940538088, 0.6031325241634372, -0.04909624378237444
0.6063396709895259, 0.603962585973017, 0.6031270448965416, -0.04943928987380875
0.6025914647158969, 0.6077091800675405, 0.60312827618893, -0.04936240876989057
0.5988606272820571, 0.6114296735834824, 0.603136176295888, -0.048866253224943326
0.5951789795565525, 0.6150925963442383, 0.6031504773784915, -0.04795503584665476
0.5915780311987152, 0.6186670735283614, 0.6031706945830086, -0.04663649345343491
0.5880887050161421, 0.6221230797916609, 0.6031961424769976, -0.04492182160381211
0.5847410629546632, 0.6254316828535676, 0.6032259582852051, -0.042825579835172156
0.5815640364303419, 0.6285652748691123, 0.6032591311379278, -0.04036556839120539
0.5785851637777089, 0.6314977901100712, 0.6032945363406892, -0.037562677454817825
0.5758303376132742, 0.6342049076769256, 0.6033309735038049, -0.03444071013431666
0.5733235648952356, 0.6366642381528921, 0.603367207239454, -0.03102618067363505
0.5710867423970021, 0.6388554932887484, 0.603402009046673, -0.0273480895703166
0.5691394502026434, 0.6407606379696404, 0.6034341989642348, -0.023437677485938835
0.567498765676785, 0.6423640238606121, 0.6034626855790645, -0.01932816002054659
0.5661791001611117, 0.6436525042551532, 0.603486503033424, -0.015054445593385531
0.5651920604070977, 0.6446155297605555, 0.6035048437757249, -0.010652838824706834
0.564546336473542, 0.6452452245460409, 0.6035170859440641, -0.006160731945675759
0.5642476175027633, 0.6455364429561092, 0.6035228144535555, -0.0016162868736433098
0.564298536446623, 0.6454868063546224, 0.6035218350720482, 0.0029418893233540055
0.5646986444494857, 0.6450967201178117, 0.6035141810066825, 0.007475072787303808
0.5654444152169286, 0.6443693707399925, 0.6035001117778108, 0.011944752234738822
0.5665292793140695, 0.6433107030580828, 0.6034801044184832, 0.016312956494248
0.5679436879535971, 0.6419293776439079, 0.6034548372980953, 0.02054257740330059
0.569675205458652, 0.6402367084605436, 0.6034251671190087, 0.024597685294142517
0.5717086292271483, 0.6382465809343103, 0.6033920998665291, 0.028443834367583794
0.5740261356889501, 0.6359753506607472, 0.6033567566976927, 0.03204835534712311
0.5766074504418253, 0.6334417230437022, 0.6033203359258635, 0.035380632922670796
0.5794300404818197, 0.6306666142637877, 0.6032840723904385, 0.03841236563147023
0.5824693262130943, 0.6276729940871395, 0.6032491955894607, 0.041117805981817676
0.5856989107347359, 0.6244857111582807, 0.6032168879947203, 0.043473978800822
0.5890908237597638, 0.6211313015714888, 0.6031882449625269, 0.045460875978646044
0.592615777425568, 0.6176377816821645, 0.603164237599095, 0.04706162598633489
0.5962434312049922, 0.6140344263010097, 0.6031456798391512, 0.048262636760401684
0.5999426631219379, 0.6103515336063183, 0.6031332008534621, 0.04905371077284366
0.6036818445121642, 0.6066201783094674, 0.6031272237202957, 0.04942813133833934
0.6074291156454737, 0.6028719548111613, 0.6031279510835066, 0.0493827194492892
0.6111526596354133, 0.5991387122860456, 0.603135358283175, 0.04891786067249394
0.614820972202066, 0.5954522838253951, 0.6031491941915456, 0.04803750188709986
0.6184031250169738, 0.5918442119459029, 0.6031689897259354, 0.04674911789052874
0.6218690205410443, 0.5883454729313758, 0.6031940737501944, 0.04506364814604871
0.6251896364605826, 0.5849862026076331, 0.6032235958259323, 0.04299540419101576
0.6283372580276236, 0.5817954262538156, 0.6032565550426084, 0.04056194846716897
0.6312856968130578, 0.5788007954207967, 0.603291833949511, 0.037783945572153324
0.6340104945796061, 0.5760283344553359, 0.6033282364396587, 0.034684987163036
0.6364891111720864, 0.5735021995137956, 0.6033645283015769, 0.031291391966206714
0.6387010955008843, 0.5712444527893705, 0.6033994790643032, 0.027631982561825027
0.6406282388582296, 0.5692748545707521, 0.6034319037169587, 0.023737840812905094
0.6422547099537241, 0.5676106755979706, 0.6034607028882849, 0.019642043997147973
0.6435671711844954, 0.5662665319840811, 0.6034849001235874, 0.015379383871631822
0.644554875766185, 0.5652542447318653, 0.6035036749948108, 0.01098607105439102
0.6452097454444015, 0.5645827255964051, 0.6035163909206646, 0.006499427240751652
0.6455264285838478, 0.5642578907319944, 0.6035226167530577, 0.0019575678842293723
0.6455023384963253, 0.5642826032210496, 0.603522141397518, -0.002600921939782148
0.6451376719221411, 0.5646566452199762, 0.6035149809715584, -0.007137315705704682
0.6444354076254498, 0.5653767200794562, 0.6035013782581199, -0.01161307482522521
0.6434012851064902, 0.5664364844119154, 0.6034817944726306, -0.015990176419466026
0.6420437634763775, 0.5678266096947808, 0.6034568936230206, -0.02023143665999677
0.6403739605869279, 0.5695348726222751, 0.6034275199933042, -0.02430082690429749
0.6384055725626342, 0.5715462730584717, 0.6033946695146083, -0.02816377991845309
0.6361547739476514, 0.5738431781071618, 0.6033594559948061, -0.03178748357169163
0.6336400987603552, 0.5764054905061811, 0.6033230733522236, -0.03514115950251167
0.630882302843835, 0.5792108392807555, 0.603286755134264, -0.03819632439293406
0.627904208014054, 0.5822347903567188, 0.6032517326937248, -0.04092703164400887
0.6247305286388967, 0.585451074643606, 0.6032191934409079, -0.04331009142009988
0.6213876814306368, 0.5888318309519145, 0.6031902405868711, -0.04532526721957916
0.6179035794002806, 0.5923478610093369, 0.6031658557424374, -0.04695544733328795
0.6143074111025824, 0.595968893787366, 0.603146865640621, -0.048186789767404065
0.6106294064923262, 0.5996638563410467, 0.6031339141102467, -0.049008839432217205
0.6069005909118318, 0.6034011483984076, 0.6031274402504833, -0.049414616630883555
0.6031525289321015, 0.6071489180088491, 0.6031276635458226, -0.04940067612076578
0.5994170599704467, 0.6108753356673077, 0.6031345764258416, -0.04896713626283334
0.5957260278003149, 0.6145488644684225, 0.6031479445218298, -0.04811767802028085
0.5921110062485984, 0.6181385240067924, 0.6031673146115855, -0.04685951381456529
0.5886030235361406, 0.6216141459200619, 0.6031920299832038, -0.04520332649406331
0.5852322878527433, 0.6249466191651193, 0.6032212526973, -0.04316317891608851
0.5820279168633402, 0.6281081233184179, 0.6032539919933297, -0.040756394885640146
0.5790176739123026, 0.6310723483938375, 0.6032891378774068, -0.038003412432444275
0.5762277137238684, 0.6338146998704981, 0.6033254987533185, -0.034927610639961956
0.573682340385162, 0.6363124878140823, 0.603361841821275, -0.031555111464326144
0.5714037803418345, 0.6385450991546995, 0.6033969348749478, -0.027914558195745627
0.5694119730337944, 0.6404941523491964, 0.6034295880797793, -0.02403687241780166
0.5677243816497353, 0.6421436338039709, 0.603458694315973, -0.01995499150919358
0.5663558262854066, 0.643480015564648, 0.6034832667180907, -0.01570358890576657
0.5653183415541214, 0.6444923538911358, 0.6035024721380736, -0.011318779495994757
0.5646210604224474, 0.6451723684312687, 0.6035156593966456, -0.006837812658503901
0.5642701257340021, 0.6455145017849425, 0.6035223813647381, -0.0022987555638514737
0.56426863054538, 0.6455159593155635, 0.6035224101258166, 0.002259830546983642
0.5646165880369323, 0.6451767291196334, 0.6035157447046919, 0.006799218329452418
0.5653109313844801, 0.6444995821117371, 0.60350261110059, 0.011280843729925256
0.5663455435936114, 0.6434900522247518, 0.6034834546233582, 0.015666633976716207
0.5677113169137392, 0.6421563967676391, 0.6034589247928256, 0.019919331349712376
0.5693962410723689, 0.6405095370295756, 0.6034298533136495, 0.024002809950208946
0.5713855192085461, 0.638562979273091, 0.6033972258728506, 0.027882382757832336
0.5736617100453444, 0.6363327163237045, 0.6033621487167403, 0.0315250963514601
0.5762048945309668, 0.6338371100421168, 0.6033258111409365, 0.03490001078448858
0.5789928649021452, 0.6310967550595482, 0.6032894451656303, 0.037978462240030264
0.5820013338867551, 0.6281343242688429, 0.6032542837635806, 0.04073430624680184
0.5852041615683895, 0.6249743966940798, 0.6032215190571966, 0.043144139409595134
0.5885735972865107, 0.6216432685094555, 0.6031922619019395, 0.045187497797228984
0.5920805338428181, 0.6181687481429233, 0.6031675042260854, 0.04684703033365602
0.5956947712276698, 0.6145799365794542, 0.603148085403315, 0.04810864575238728
0.5993852870684674, 0.6109069941698286, 0.6031346637977649, 0.04896163189860614
0.6031205110326073, 0.6071808954498186, 0.6031276944457905, 0.04939874639539899
0.6068686004875744, 0.603433173677025, 0.6031274136306768, 0.04941627792867652
0.6105977148258435, 0.5996956569933891, 0.6031338308729409, 0.04901407764795553
0.6142762859975975, 0.5960001983150381, 0.6031467286076, 0.04819556042569613
0.6178732829545224, 0.5923784012318963, 0.6031656695593388, 0.04696767596487868
0.621358467887356, 0.5888613443615527, 0.6031900115657017, 0.045340849991556825
0.6247026423326691, 0.5854793067395145, 0.603218929346068, 0.04332889601482175
0.6278778814247288, 0.5822614969357827, 0.6032514424787901, 0.0409488983795121
0.6308577547707632, 0.5792357886607612, 0.6032864486384469, 0.038221067575583266
0.6336175326273578, 0.5764284656576086, 0.6033227609667974, 0.03516856900067677
0.6361343762475892, 0.573863978669898, 0.6033591483108044, 0.03181732659736678
0.638387511448959, 0.5715647172204232, 0.6033943769637381, 0.028195803001932987
0.6403583846182468, 0.5695507988379143, 0.6034272524942513, 0.024334758045342325
0.6420308005188524, 0.5678398782230905, 0.6034566602451358, 0.02026698763735508
0.6433910413978603, 0.5664469786550194, 0.6034816031284072, 0.016027045239207872
0.644427967003563, 0.5653843477053901, 0.6035012354348903, 0.011650948287080364
0.6451330952201333, 0.5646613390555388, 0.603514891511511, 0.0071758720655217415
0.6455006631059721, 0.5642843219034436, 0.6035221083334958, 0.0026398336453361164
0.6455276681881017, 0.5642566191109515, 0.603522641205715, -0.0019186314075341944
0.6452138899196945, 0.5645784748816409, 0.6035164720604634, -0.006460796778204312
0.644561891254704, 0.5652470523839699, 0.603503810070151, -0.01094807478848537
0.6435770003362798, 0.5662564613502505, 0.6034850845541153, -0.015342344590947592
0.6422672723380598, 0.5675978152972433, 0.603460930420215, -0.019606276351572707
0.6406434315433952, 0.5692593176365994, 0.6034321666351378, -0.02370364863873435
0.6387187938008125, 0.571226375580496, 0.6033997684538243, -0.02759965629962762
0.6365091695578958, 0.5734817404068051, 0.6033648343500654, -0.03126120619348577
0.6340327477532391, 0.5760056723354702, 0.6033285487699822, -0.034657198262663044
0.6313099609393853, 0.5787761279891404, 0.6032921419716267, -0.03775878955632285
0.6283633321203547, 0.5817689681712629, 0.6032568483126173, -0.04053963897522466
0.62521730391614, 0.5849581834973925, 0.603223864400167, -0.04297613067796027
0.6218980508132368, 0.5883161352628982, 0.6031943085223359, -0.04504757427687915
0.6184332754238305, 0.5918138088238271, 0.6031691827357322, -0.046736380153762504
0.6148519898546217, 0.5954210767074264, 0.6031493388946717, -0.04802820843898299
0.6111842834765647, 0.599106968653622, 0.6031354497730843, -0.048912090421438924
0.607461078585301, 0.6028399458163474, 0.6031279862577584, -0.04938052138807866
0.6037138756443942, 0.6065881764207913, 0.6031272013857267, -0.04942952412958131
0.5999744900045145, 0.610319810275241, 0.603133121766631, -0.04905868259107678
0.596274782186117, 0.6140032496694695, 0.6031455466806958, -0.048271145392143805
0.5926463839950716, 0.6176074143501803, 0.6031640548828585, -0.04707359918725478
0.5891204229043889, 0.6211019984422276, 0.6031880188825427, -0.04547621208493178
0.5857272472748206, 0.6244577173763063, 0.6032166262152359, -0.04349254758972722
0.5824961550973514, 0.6276465430838281, 0.6032489069851154, -0.04113944977430398
0.5794551290164197, 0.6306419259221758, 0.6032837667454, -0.03843690062784669
0.576630580429853, 0.6334190019933496, 0.6033200236021219, -0.0354078507601685
0.57404710545653, 0.63595478471159, 0.603356448283751, -0.032078024866452906
0.5717272555131643, 0.6382283396569932, 0.6033918058184043, -0.028475703573724656
0.569691325145998, 0.6402209419193572, 0.603424897405713, -0.024631483494913425
0.5679571596213038, 0.6419162152872412, 0.6034546010636181, -0.020578017507697458
0.5665399845914458, 0.6433002527702446, 0.6034799096717365, -0.016349737451099064
0.5654522599230001, 0.644361718057357, 0.6034999651210584, -0.011982561590960679
0.5647035595034721, 0.6450919276114735, 0.6035140874116585, -0.007513589343948447
0.5643004785379502, 0.6454849131811303, 0.6035217977113649, -0.0029807858667342136
0.5642465695120721, 0.6455374645773233, 0.6035228345931187, 0.001577340789160245
0.5645423076393008, 0.6452491526187271, 0.6035171629001446, 0.006122067187098974
0.5651850862356793, 0.6446223321959489, 0.6035049749381436, 0.010614783866230871
0.5661692420814912, 0.6436621254483688, 0.6034866839540663, 0.015017323722764956
0.5674861104442835, 0.6423763850894019, 0.6034629101227162, 0.01929228659003
0.569124109059331, 0.6407756379615942, 0.6034344595166279, 0.023403357231340627
0.5710688499993966, 0.6388730089555298, 0.6034022967726766, 0.027315614021169256
0.5733032780227596, 0.6366841254895261, 0.6033675123826577, 0.030995825676522735
0.5758078336734826, 0.6342270028234254, 0.6033312857173311, 0.03441273351045362
0.5785606391265466, 0.6315219105718389, 0.603294845038017, 0.03753731681171636
0.5815377045275812, 0.628591220891528, 0.6032594258518267, 0.040343039106894484
0.5847131523762094, 0.6254592389450276, 0.6032262290226149, 0.04280607323189804
0.5880594573460215, 0.6221520163879976, 0.603196380057822, 0.04490550332649248
0.5915476988242993, 0.6186971487901246, 0.6031708909513352, 0.04662350206636734
0.5951478233909215, 0.6151235580767466, 0.6031506258756936, 0.04794548166011505
0.5988289144373781, 0.6114612612678922, 0.6031362718863524, 0.04886021736136675
0.6025594661512991, 0.6077411269894624, 0.6031283156307616, 0.04935994247732742
0.6063076591562486, 0.603994621433474, 0.6031270268514601, 0.049440414092291954
0.6100416351966599, 0.6002535456456369, 0.6031324492421426, 0.049100948966755896
0.6137297683889263, 0.5965497662135956, 0.6031443989665055, 0.04834442931791276
0.6173409307165417, 0.5929149416122401, 0.6031624708900497, 0.047177278434191575
0.6208447496241104, 0.5893802466277307, 0.603186052313711, 0.04560940632361989
0.6242118557561902, 0.5859760974235071, 0.6032143437439862, 0.04365412584178914
0.6274141190865625, 0.5827318799241878, 0.6032463859957976, 0.04132803998861452
0.6304248718859846, 0.5796756842718016, 0.6032810927096776, 0.038650901302405984
0.6332191171766716, 0.5768340481489824, 0.6033172871812856, 0.035645444513396365
0.6357737215150124, 0.5742317117620259, 0.6033537422549923, 0.03233719384507422
0.6380675911264152, 0.571891387230513, 0.6033892219292514, 0.028754246568599613
0.6400818305845349, 0.5698335450380453, 0.6034225232632722, 0.02492703462127001
0.6417998833791886, 0.5680762200602069, 0.6034525171641028, 0.020888066292408025
0.6432076538516277, 0.5666348395020493, 0.6034781866710209, 0.016671650157063893
0.644293610092044, 0.5655220748502628, 0.6034986614388296, 0.012313603597473908
0.6450488674927042, 0.5647477196780748, 0.6035132472504365, 0.007850948392270454
0.6454672527322217, 0.5643185948381685, 0.6035214495575889, 0.0033215959721165254
0.6455453480342719, 0.5642384822459894, 0.6035229902511584, -0.0012359749639429068
0.6452825156002168, 0.5645080880989187, 0.6035178170920028, -0.005783045705967009
0.6446809021629526, 0.5651250360029723, 0.6035061054824401, -0.010280986853390314
0.6437454236523702, 0.5660838900953161, 0.6034882525182201, -0.014691586867673315
0.6424837300050454, 0.5673762078657638, 0.6034648635228176, -0.01897737703413378
0.6409061501959454, 0.5689906220012625, 0.603436731520888, -0.02310195004340661
0.6390256176218869, 0.5709129502118536, 0.6034048103472827, -0.027030269462552395
0.6368575760285647, 0.5731263316518629, 0.6033701823038456, -0.03072896745040567
0.6344198662482259, 0.5756113882327826, 0.6033340214610796, -0.03416662818006807
0.6317325941058699, 0.5783464088402653, 0.6032975538493588, -0.037314054561941035
0.628817979959855, 0.5813075542217311, 0.6032620158897026, -0.040144516011559134
0.625700190468833, 0.5844690801071025, 0.6032286124736359, -0.04263397517576366
0.6224051533210131, 0.5878035759657849, 0.6031984761133803, -0.04476129171637612
0.6189603558228729, 0.5912822166896368, 0.6031726285471536, -0.04650840145039885
0.6153946284207401, 0.5948750244245455, 0.6031519461009581, -0.04786046935779956
0.6117379144174003, 0.5985511377513942, 0.6031371299807875, -0.048806015190133084
0.6080210273434257, 0.6022790854385713, 0.6031286825019714, -0.0493370106437022
0.6042753976449746, 0.6060270620496659, 0.6031268900611305, -0.049448947297882934
0.6005328105513849, 0.609763202787572, 0.6031318134276817, -0.049140874760975
0.5968251371816483, 0.6134558550852572, 0.6031432856838423, -0.04841540871093304
0.5931840611329927, 0.61707384460856, 0.6031609178829166, -0.04727870876511777
0.5896408029615888, 0.6205867335120214, 0.6031841122341625, -0.045740426360366904
0.5862258451089999, 0.6239650689790492, 0.6032120823675143, -0.04381362307081272
0.58296865994295, 0.6271806202768749, 0.6032438799915181, -0.04151466003453134
0.5798974436622576, 0.6302066027592257, 0.6032784270411506, -0.03886305939979487
0.577038858858974, 0.6330178874501504, 0.6033145522260612, -0.0358813389358106
0.5744177885322636, 0.6355911950363647, 0.6033510307405134, -0.03259482117965378
0.5720571043057721, 0.637905273278799, 0.6033866257889822, -0.029031418708790238
0.5699774515115358, 0.6399410570235414, 0.6034201305196434, -0.025221397335186906
0.5681970536685059, 0.6416818101456923, 0.6034504089439653, -0.021197119210480047
0.5667315387032815, 0.643113248895368, 0.6034764344548225, -0.01699276800991699
0.565593789036656, 0.644223646232649, 0.6034973246368114, -0.012644058523714849
0.5647938173953195, 0.645003916838081, 0.6035123711880658, -0.008187933126061933
0.5643386699078025, 0.6454476825686157, 0.6035210639385712, -0.0036622477123264465
0.5642323577128632, 0.6455513181976519, 0.6035231081501675, 0.0008945502075642167
0.5644758179532151, 0.6453139773347825, 0.6035184345113098, 0.005443748498582613
0.565066904654662, 0.6447375984691757, 0.6035072014874785, 0.009946699664358384
0.5660004096078044, 0.6438268911238426, 0.603489789947493, 0.014365149555359474
0.5672681129842105, 0.6425893021501826, 0.603466790248054, 0.01866156269683768
0.5688588630390764, 0.6410349622370297, 0.6034389822147033, 0.022799441443561164
0.5707586838855969, 0.639176612759727, 0.6034073086983676, 0.026743636226012047
0.5729509099797498, 0.6370295131559792, 0.6033728436045457, 0.030460644235467512
0.5754163456346286, 0.6346113290894101, 0.6033367554795956, 0.0339188940019687
0.5781334475967503, 0.6319420017513245, 0.6033002678891598, 0.03708901344807042
0.581078528467846, 0.6290435987578463, 0.6032646179324045, 0.03994407915067198
0.5842259785484021, 0.6259401472242867, 0.6032310142987823, 0.04245984471119965
0.5875485035164274, 0.6226574497413471, 0.6032005962893635, 0.044614946318880425
0.5910173752380723, 0.619222884137651, 0.6031743951918901, 0.04639108379071841
0.5946026929361522, 0.6156651880883559, 0.6031532993187495, 0.04777317558297825
0.5982736519174724, 0.612014229817516, 0.603138023892786, 0.048749486490477195
0.6019988170780699, 0.6083007663388789, 0.6031290868014451, 0.04931172697988655
0.6057463984641023, 0.6045561908816879, 0.603126791040827, 0.049455123339737464
0.6094845262611529, 0.6008122713498517, 0.6031312144444858, 0.049178458071257175
0.6131815227115701, 0.597100881859236, 0.6031422070449827, 0.04848408018896412
0.616806168612806, 0.5934537295830427, 0.6031593961575757, 0.04737788534664989
0.6203279622240316, 0.5899020793035398, 0.6031821990138173, 0.04586926595155677
0.6237173685976876, 0.5864764782139263, 0.6032098425170043, 0.04397103167581293
0.6269460575513461, 0.5832064836314103, 0.6032413894501067, 0.04169930101808132
0.62998712869764, 0.5801203963665313, 0.6032757702480949, 0.039073364808416874
0.6328153221508632, 0.5772450025399327, 0.6033118192579391, 0.03611552278391443
0.6354072137233995, 0.5746053266425191, 0.6033483142573367, 0.032850894590159774
0.6377413936093864, 0.5722243985955269, 0.6033840178926207, 0.029307206781937878
0.6397986277236419, 0.570123037481807, 0.603417719631067, 0.02551455760415229
0.6415620010184917, 0.568319654488098, 0.6034482768051926, 0.021505161528439364
0.6430170422381942, 0.5668300774209329, 0.603474653357244, 0.01731307570041733
0.6441518296895807, 0.5656673989380078, 0.6034959549698926, 0.012973910614809011
0.6449570777086409, 0.5648418503754458, 0.6035114593915788, 0.008524527478773738
0.6454262035872301, 0.5643607027536621, 0.6035206409278212, 0.004002724845776115
0.64555537479386, 0.5642281962157417, 0.60352318826764, -0.0005530827985105885
0.6453435363802513, 0.5644454987985255, 0.6035190150403057, -0.005104191741873117
0.6447924185141803, 0.5650106950648413, 0.60350826274424, -0.00961193823691889
0.6439065241227145, 0.5659188047428939, 0.6034912959486931, -0.014038027348933908
0.642693096672029, 0.5671618311334705, 0.6034686899310041, -0.018344858634266832
0.6411620681544897, 0.568728838665074, 0.6034412111688795, -0.022495845852982078
0.6393259874043894, 0.5706060586090592, 0.6034097913495178, -0.026455727975259302
0.637199928924076, 0.5727770216185651, 0.6033754957772792, -0.030190868821918487
0.6348013824753518, 0.5752227154332471, 0.6033394872515421, -0.03366954278429901
0.6321501237793553, 0.5779217658024526, 0.6033029866398998, -0.036862204196000295
0.6292680667734839, 0.580850638427578, 0.6032672314837744, -0.03974173807692697
0.6261790979972508, 0.583983859513888, 0.6032334340400799, -0.04228369013673181
0.6229088938203811, 0.5872942523558901, 0.6032027401815077, -0.04446647410805805
0.6194847213851008, 0.5907531872600202, 0.6031761905486951, -0.04627155467784626
0.6159352243087742, 0.5943308420344006, 0.6031546852710523, -0.047683604495312074
0.6122901943801186, 0.597996470246904, 0.6031389534519146, -0.048690633955997015
0.6085803306787053, 0.601718674467846, 0.6031295284521075, -0.04928409269062407
0.6048369877491321, 0.6054656817693164, 0.6031267298094454, -0.04945894192355237
0.6010919146632429, 0.609205618845653, 0.6031306524067814, -0.04921369710674217
0.5973769870007495, 0.6129067842441778, 0.603141163255612, -0.04855044047974037
0.5937239339648699, 0.6165379153468844, 0.6031579060042015, -0.0474748034528069
0.5901640630193576, 0.6200684479167079, 0.6031803130175006, -0.045995918957493706
0.586727984580725, 0.6234687662104572, 0.6032076246195647, -0.04412634415536155
0.5834453394190403, 0.6267104418587024, 0.6032389148464762, -0.041881954139639035
0.5803445315073142, 0.6297664599152226, 0.6032731228371274, -0.03928180750501232
0.5774524691086054, 0.6326114306797249, 0.6033090887980642, -0.036347984895784474
0.5747943168979373, 0.6352217860927442, 0.6033455933234677, -0.033105401870675066
0.5723932618800713, 0.6375759596867615, 0.6033813987374697, -0.02958159764170713
0.5702702957824307, 0.639654549249327, 0.6034152910572821, -0.025806501453022136
0.56844401647439, 0.6414404615098354, 0.6034461211543716, -0.02181217856103278
0.5669304507903894, 0.642919038300018, 0.6034728437179326, -0.017632557957984654
0.5657429009166869, 0.6440781637584896, 0.6034945526992636, -0.01330314414465068
0.564891816243075, 0.6449083522520985, 0.6035105120348521, -0.008860715402486286
0.5643846922857111, 0.6454028167724774, 0.6035201806060065, -0.004343011139207795
0.5642259979605406, 0.6455575176369779, 0.6035232305882989, 0.00021158901730908302
0.5644171321347128, 0.645371191381701, 0.6035195585682874, 0.004764391625159937
0.5649564100127255, 0.6448453597837174, 0.6035092890503481, 0.009276718531496614
0.5658390795321571, 0.6439843189934201, 0.6034927702346335, 0.01371023584420043
0.5670573675584227, 0.6427951088000032, 0.6034705622094089, 0.0180272799450112
0.5686005552868301, 0.6412874620972595, 0.603443417958372, 0.022191177744719272
0.5704550818909735, 0.6394737346669868, 0.6034122578273128, 0.02616655843484047
0.5726046751065055, 0.6373688154568206, 0.6033781383163006, 0.029919654069246383
0.5750305071153292, 0.6349900176013926, 0.6033422162559982, 0.03341858641233078
0.5777113738032822, 0.6323569505228318, 0.6033057095831438, 0.036633637615947845
0.5806238952095284, 0.6294913735506753, 0.6032698560454385, 0.03953750243381388
0.5837427347721935, 0.6264170316232094, 0.6032358712361133, 0.042105519847383255
0.5870408348051956, 0.623159473772337, 0.603204907380998, 0.04431588215934118
0.5904896655174451, 0.6197458552514858, 0.6031780142752136, 0.04614981980770344
0.5940594848081165, 0.6162047243391835, 0.6031561036935759, 0.04759176036299135
0.5977196060398282, 0.6125657950371413, 0.6031399184809058, 0.04862946039102947
0.6014386710034612, 0.6088597070776063, 0.6031300073697233, 0.04925410909266917
0.6051849253411434, 0.6051177748561889, 0.6031267063786377, 0.04946040286735934
0.6089264937837956, 0.6013717271085255, 0.603130127421713, 0.049246590188278525
0.6126316526820204, 0.5976534393466659, 0.6031401545147326, 0.04861448642113381
0.6162690974588768, 0.5939946612583693, 0.6031564477069072, 0.04756945846524139
0.6198082027845891, 0.590426741443654, 0.6031784546048071, 0.046120379342699705
0.6232192734607657, 0.5869803520122716, 0.6032054290980798, 0.04427955310794855
0.62647378419936, 0.5836852156876144, 0.603236456652465, 0.04206261069435005
0.6295446066838019, 0.5805698381518205, 0.603270485313044, 0.03948837755513955
0.6324062225011077, 0.5776612484189225, 0.6033063613670754, 0.036578714191607034
0.6350349207295601, 0.5749847500340309, 0.6033428684577352, 0.0333583308899838
0.6374089791525529, 0.5725636858638566, 0.6033787688229577, 0.029854578208417977
0.6395088282420569, 0.5704192191656037, 0.6034128452613831, 0.0260972149646915
0.641317197212269, 0.56857013349663, 0.6034439424025594, 0.022118155671933273
0.6428192415837705, 0.5670326538569015, 0.6034710058819704, 0.017951199551432893
0.6440026518201524, 0.5658202912418081, 0.6034931180923309, 0.013631743416658255
0.6448577427027815, 0.5649437125273526, 0.6035095292985485, 0.009196480868680284
0.6453775231962433, 0.5644106373171373, 0.60351968306092, 0.004683090368473997
0.6455577466287975, 0.5642257630560411, 0.6035232351040904, 0.00012991485425509398
0.6453969410715292, 0.5643907193650914, 0.6035200649916274, -0.0044243643493803025
0.6448964198498451, 0.5649040521825075, 0.6035102802101163, -0.00894105653038976
0.6440602721650647, 0.5657612379145891, 0.6034942125242052, -0.013381790668906202
0.6428953338459392, 0.5669547274146998, 0.6034724067262691, -0.017708841769399807
0.6414111382938144, 0.5684740192268466, 0.6034456021623946, -0.02188545164299971
0.639619847734697, 0.5703057611599716, 0.603414707661451, -0.025876141389478007
0.6375361649501775, 0.5724338789073724, 0.6033807707177418, -0.029647012905599523
0.6351772257302204, 0.5748397300995324, 0.6033449419726111, -0.033166036847893536
0.6325624723767538, 0.5775022818840623, 0.6033084361996978, -0.03640332460193124
0.6297135086897052, 0.5803983098686682, 0.6032724911169662, -0.03933138195515312
0.6266539369877573, 0.5835026160461958, 0.6032383254221806, -0.041925342334269214
0.6234091778547997, 0.5867882631478177, 0.6032070974746149, -0.0441631776491987
0.620006273459243, 0.5902268227432116, 0.6031798660237173, -0.04602588498133532
0.6164736754653617, 0.5937886343256353, 0.6031575543158724, -0.047497647562526765
0.6128410187411766, 0.5974430725845709, 0.6031409187957595, -0.04856596871051019
0.6091388822627237, 0.6011588200773296, 0.6031305234629776, -0.0492217776147175
0.6053985388157385, 0.6049041425608443, 0.6031267207528704, -0.049459506101526496
0.6016516952980673, 0.6086471643321352, 0.6031296395893758, -0.04927713574849581
0.5979302256241904, 0.6123561410460449, 0.6031391810146788, -0.04867621496129641
0.594265898421493, 0.6159997276267479, 0.603155021543745, -0.047661845873452
0.5906901018805091, 0.6195472390596173, 0.6031766241300794, -0.0462426411761949
0.5872335682724947, 0.6229689020365426, 0.6032032563711711, -0.04443065123232823
0.583926100771801, 0.6262360956249247, 0.6032340153367801, -0.04224126207253862
0.5807963053123463, 0.6293215793325778, 0.6032678581787472, -0.03969306511364157
0.5778713302625212, 0.6321997071424214, 0.603303637485022, -0.036807699674198835
0.5751766167171635, 0.6348466262871676, 0.6033401401797029, -0.03360966959214211
0.5727356621759273, 0.6372404597211017, 0.6033761286505456, -0.030126135469661284
0.5705698003025332, 0.6393614714199743, 0.6034103827097241, -0.02638668428075082
0.5686979993382372, 0.6411922137983946, 0.6034417409651913, -0.02242307827443117
0.5671366815758537, 0.6427176566752053, 0.6034691401997875, -0.01826898528968954
0.5658995660894328, 0.6439252973403184, 0.6034916514226333, -0.01395969276451587
0.5649975366620781, 0.6448052513815219, 0.6035085113700408, -0.009531807868994966
0.564438536564413, 0.6453503240178287, 0.6035191483874139, -0.005022946319305116
0.5642274915138795, 0.6455560617588076, 0.6035232018141289, -0.0004714125339087043
0.5643662617963496, 0.6454207842694901, 0.6035205342137323, 0.004084126126320826
0.5648536241632117, 0.6449455963710109, 0.6035112360345201, 0.008604968237014272
0.565685283736394, 0.6441343801515537, 0.6034956225423616, 0.013052707482002955
0.5668539157684104, 0.6429937672042616, 0.6034742231298408, 0.01738955928878531
0.5683492367222216, 0.6415330910524023, 0.6034477633644364, 0.021578682122540646
0.5701581037641936, 0.6397643198710434, 0.6034171403847753, 0.02558449068341921
0.5722646414101219, 0.6377019696724286, 0.6033833924796386, 0.02937295832717593
0.5746503937359874, 0.6353629981922361, 0.6033476638816306, 0.03291190612881033
0.577294500268, 0.6327666797986646, 0.603311165969647, 0.03617127613125794
0.5801738934057725, 0.6299344618476898, 0.6032751361959066, 0.03912338646464014
0.5832635150124228, 0.6268898030270924, 0.6032407961303284, 0.041743166184200514
0.5865365496290669, 0.6236579943692478, 0.6032093100447689, 0.044008367854802846
0.5899646716404603, 0.6202659637675495, 0.6031817454411375, 0.04589975610464386
0.5935183036341664, 0.6167420650022701, 0.6031590368613621, 0.04740127057854989
0.5971668831570099, 0.6131158524660943, 0.6031419542057623, 0.048500161939844445
0.6008791350780881, 0.6094178429742804, 0.6031310766334887, 0.04918709979734813
0.604623346814488, 0.605679266245316, 0.6031267729294287, 0.04945625166877268
0.6083676437604598, 0.6019318058403085, 0.6031291890028152, 0.049305332331891286
0.6120802623786223, 0.5982073325479279, 0.6031382429410999, 0.04873562315881806
0.6157298185577879, 0.5945376323909165, 0.6031536277866768, 0.04775196127501016
0.6192855690106099, 0.590954131604129, 0.6031748219423738, 0.046362698631792244
0.6227176636697416, 0.5874876210870161, 0.603201106853157, 0.044579631327879385
0.6259973872377291, 0.5841679829597816, 0.6032315913649571, 0.04241789976013202
0.6290973882476976, 0.5810239219468616, 0.6032652419352073, 0.03989586042512986
0.6319918941937235, 0.5780827043692972, 0.6033009176713235, 0.0370349304295466
0.6346569114866936, 0.5753699075450559, 0.6033374090096308, 0.033859405997069214
0.6370704091791517, 0.5729091823703785, 0.6033734787236956, 0.030396256480936794
0.6392124855776391, 0.5707220317838391, 0.6034079038718997, 0.026674895602164322
0.6410655170206492, 0.5688276076971409, 0.6034395172620708, 0.022726931832147558
0.6426142882427225, 0.5672425288130372, 0.6034672470271613, 0.018585900022539126
0.643846103869585, 0.5659807215427797, 0.6034901529698619, 0.014286976552940553
0.6447508806955786, 0.5650532859858469, 0.6035074584434477, 0.00986668041601151
0.6453212204839166, 0.5644683886473679, 0.6035185766874525, 0.005362562788102301
0.6455524631042134, 0.5642311832485503, 0.6035231307247672, 0.0008128877396869018
0.6454427198827581, 0.5643437606384784, 0.6035209661451284, -0.0037436931778249923
0.6449928870921614, 0.5648051284485484, 0.6035121563412913, -0.008268469675121595
0.6442066395517457, 0.5656112207507674, 0.6034970000202204, -0.012723001972881936
0.6430904043521868, 0.566754937595857, 0.6034760110737492, -0.01706944772480213
0.6416533147612808, 0.5682262139242966, 0.6034499011523714, -0.021270883807838065
0.639907144416173, 0.5700121169708777, 0.6034195555333848, -0.02529162021975988
0.6378662219644999, 0.572096970928405, 0.6033860031020443, -0.02909750339758873
0.6355473263859197, 0.5744625073057894, 0.6033503814640164, -0.03265620636830921
0.6329695633090584, 0.5770880391161355, 0.6033138983724559, -0.03593750326398647
0.6301542227390189, 0.5799506567668327, 0.6032777907778747, -0.03891352587536226
0.6271246187284952, 0.583025443300437, 0.6032432828894243, -0.04155900007926021
0.6239059116615641, 0.5862857064554522, 0.6032115446695498, -0.043851460153668455
0.6205249139728584, 0.5897032248819493, 0.603183652169089, -0.04577143918809169
0.6170098802946177, 0.5932485057591276, 0.603160551047335, -0.047302634003584684
0.613390283207631, 0.5968910510199046, 0.6031430245134625, -0.04843204321474755
0.6096965759661862, 0.6005996293899275, 0.6031316667757557, -0.04915007729293387
0.6059599437677302, 0.6043425514922888, 0.603126862898338, -0.049450639724147955
0.6022120453403821, 0.608087945351139, 0.6031287757479199, -0.04933117859488066
0.5984847468205096, 0.6118040297429198, 0.6031373404728377, -0.048792708182847214
0.5948098500826635, 0.615459382988007, 0.6031522667014352, -0.04783980037575039
0.591218817859462, 0.6190232049426828, 0.6031730483853031, -0.04648054598835499
0.5877424981437501, 0.6224655701357937, 0.6031989809538819, -0.04472648629492752
0.5844108504938296, 0.6257576701903242, 0.603229185199179, -0.04259251533904349
0.5812526769595606, 0.6288720438717835, 0.6032626370812761, -0.040096753824426026
0.5782953604079264, 0.6317827933072929, 0.6032982024445888, -0.03726039562730397
0.5755646130472708, 0.6344657851166916, 0.6033346754683018, -0.03410752820109472
0.573084237926794, 0.6368988353855127, 0.6033708195477057, -0.030664928366245958
0.5708759061199423, 0.6390618775857368, 0.6034054092205914, -0.02696183518990412
0.568958952186118, 0.6409371127110608, 0.6034372717172363, -0.023029701859703648
0.5673501903449294, 0.6425091410371716, 0.6034653267251086, -0.01890192864132123
0.5660637535924348, 0.6437650750432395, 0.6034886230197674, -0.014613579178402544
0.5651109577421944, 0.6446946331385265, 0.603506370719566, -0.010201082543990173
0.5645001920892614, 0.6452902139285084, 0.6035179680700703, -0.005701923582685828
0.5642368380774058, 0.645546950829913, 0.6035230218495797, -0.0011543241906856263
0.5643232170047013, 0.6454627469059515, 0.603521360703469, 0.0034030817350431154
0.5647585674367779, 0.6450382898448135, 0.603513040954956, 0.00793157688805777
0.5655390526176978, 0.6442770470495753, 0.6034983446951329, 0.012392689860648086
0.5666577977832695, 0.6431852408498878, 0.6034777702170748, 0.016748522338662936
0.5681049568983344, 0.6417718038889362, 0.6034520151185728, 0.020962071372491224
0.5698678079659821, 0.6400483147871232, 0.6034219526467669, 0.024997543959803886
0.5719308757001375, 0.6380289142402726, 0.6033886020871767, 0.028820661247264887
0.5742760800205187, 0.6357302017781864, 0.6033530942015937, 0.0323989497544669
0.5768829085268177, 0.633171113491774, 0.6033166328871261, 0.035702017142420224
0.5797286108424987, 0.6303727811357968, 0.6032804543567143, 0.038701810189347104
0.5827884124922469, 0.6273583731308061, 0.6032457852253136, 0.04137285279641004
0.5860357457940679, 0.6241529181225497, 0.6032138009228815, 0.043692462023321076
0.5894424951094283, 0.6207831119094521, 0.6031855858440189, 0.045640940346435926
0.5929792537035087, 0.617277108717442, 0.6031620965850847, 0.04720174253784888
0.5966155894222551, 0.6136642979839924, 0.6031441295147865, 0.04836161578111567
0.6003203163919567, 0.6099750680066628, 0.6031322937772579, 0.049110711865582635
0.6040617699879819, 0.6062405580117052, 0.6031269906424441, 0.04944267053504663
0.6078080823985172, 0.6024924004007721, 0.603128399903485, 0.049354673305882286
0.6115274562223115, 0.5987624551332549, 0.6031364737819646, 0.0488474673132463
0.6151884336815678, 0.5950825383927631, 0.6031509385475343, 0.04792535898999524
0.6187601591967109, 0.5914841478628474, 0.6031713037970289, 0.046596177630089705
0.6222126332531017, 0.5879981870935391, 0.6031968790786896, 0.04487120913510404
0.6255169556850024, 0.5846546915709191, 0.6032267972982286, 0.04276510048759513
0.628645556703495, 0.5814825592014414, 0.6032600441136232, 0.040295735737044286
0.6315724141972283, 0.5785092879864061, 0.6032954923225349, 0.03748408452132918
0.6342732560327765, 0.5757607236857082, 0.6033319400769257, 0.034354024377547414
0.6367257462707389, 0.5732608202506967, 0.603368151629609, 0.03093213831872718
0.6389096543907979, 0.5710314157414591, 0.6034028992314616, 0.027247489365626234
0.6408070067810087, 0.5690920263331247, 0.6034350047588505, 0.023331373923432725
0.6424022198916567, 0.5674596608589624, 0.6034633796597736, 0.019217056079672622
0.6436822145811183, 0.5661486581365599, 0.6034870618640615, 0.014939485069892174
0.6446365112901618, 0.5651705490797361, 0.6035052484057818, 0.010534998309654325
0.6452573057728762, 0.5645339453168547, 0.6035173226512932, 0.006041012523089139
0.645539525188501, 0.5642444557206597, 0.6035228752092976, 0.0014957056078589107
0.6454808644211865, 0.5643046319114098, 0.6035217178134881, -0.003062308037638038
0.6450818025471572, 0.5647139434305755, 0.6035138897068025, -0.007594305937978679
0.6443455994141996, 0.5654687829037608, 0.6034996563106617, -0.012061786893352248
0.6432782723406917, 0.5665625011265363, 0.6034795002243508, -0.016426798430413322
0.6418885529843218, 0.5679854716231852, 0.6034541048599187, -0.020652259538486126
0.6401878244781045, 0.5697251838537901, 0.6034243312678134, -0.024702275922380397
0.6381900389869056, 0.5717663638870478, 0.6033911889394391, -0.028542445072803443
0.6359116159047502, 0.5740911210217431, 0.6033558015770817, -0.03214014854961321
0.6333713209944049, 0.5766791185351664, 0.6033193689922323, -0.03546482899056258
0.6305901268682857, 0.5795077664675043, 0.6032831264245334, -0.03848824949707223
0.6275910553249084, 0.5825524341217032, 0.6032483026608573, -0.04118473320705886
0.6243990021884422, 0.5857866797719692, 0.6032160783745535, -0.043531381040927936
0.6210405454499857, 0.5891824949329939, 0.6031875460972296, -0.04550826579842338
0.6175437376766848, 0.592710560447219, 0.6031636731799277, -0.04709860098901638
0.613937883836459, 0.5963405115986506, 0.603145268999055, -0.04828888299485707
0.6102533058788667, 0.60004120945755, 0.6031329575184591, -0.04906900539103925
0.6065210956125197, 0.6037810156981781, 0.6031271561374085, -0.04943234448118006
0.6027728576219595, 0.6075280682082788, 0.603128061541194, -0.04937581534536156
0.5990404441668211, 0.6112505549197623, 0.6031356430337564, -0.04889989794070612
0.5953556841979039, 0.614916983430199, 0.603149643578242, -0.04800863304073911
0.5917501088026607, 0.6184964441487669, 0.6031695885102237, -0.04670958804679813
0.5882546755507857, 0.621958864882511, 0.603194801628382, -0.045013792951663856
0.5848994943433421, 0.6252752549733077, 0.60322442811745, -0.042935646980898565
0.5817135574708955, 0.6284179372970735, 0.6032574635266977, -0.04049279667963181
0.5787244766526117, 0.6313607666390331, 0.6032927878219533, -0.037705986450181826
0.5759582298551273, 0.6340793331572558, 0.6033292033571173, -0.03459888277730444
0.5734389206740217, 0.6365511498368027, 0.6033654754781566, -0.031197873601252413
0.5711885529996266, 0.6387558230149204, 0.6034003743831499, -0.027531844512309455
0.5692268235816682, 0.6406752052209954, 0.6034327168192118, -0.023631933642055077
0.5675709349538351, 0.6422935297213559, 0.6034614062024558, -0.0195312673142327
0.5662354309811362, 0.6435975262874665, 0.6034854698004538, -0.015264678689648571
0.5652320570523421, 0.6445765178164062, 0.6035040917161189, -0.01086841179293787
0.5645696466605166, 0.645222497525515, 0.6035166405542042, -0.006379813442318102
0.5642540358014213, 0.6455301865202662, 0.6035226908318885, -0.0018370157147837378
0.5642880062781231, 0.6454970715981172, 0.6035220374070897, 0.002721388333022031
0.5646712586369191, 0.6451234232041392, 0.6035147024349804, 0.007256672905095559
0.5654004150819358, 0.6444122935001274, 0.6035009346166897, 0.011730308847251122
0.5664690523309523, 0.6433694945512511, 0.603481200765675, 0.016104291338213284
0.5678677639909724, 0.6420035566770753, 0.6034561699779084, 0.020341463075504426
0.5695842516565377, 0.6403256670607618, 0.6034266909429374, 0.02440583018318701
0.5716034435742554, 0.6383495887651474, 0.6033937631655403, 0.028262868136357526
0.5739076393805455, 0.6360915603704811, 0.6033585030742098, 0.031879815089757305
0.5764766791125587, 0.6335701765286957, 0.603322106166029, 0.03522595011359241
0.5792881344201171, 0.6308062498253478, 0.6032858064718005, 0.038272853976995244
0.5823175196739198, 0.6278226544542075, 0.6032508347160122, 0.04099465027665087
0.5855385204755679, 0.6246441523414307, 0.6032183765902854, 0.043368224882947295
0.5889232369304722, 0.6212972025060408, 0.6031895325549261, 0.04537342186650517
0.592442438946454, 0.6178097546097678, 0.6031652805312234, 0.046993214271998915
0.596065830768627, 0.614211027829981, 0.6031464427489738, 0.04821384832174289
0.599762321953712, 0.6105312763815102, 0.6031336578727804, 0.04902495985660646
0.6035003020217372, 0.6068015432126406, 0.6031273593516563, 0.04941966205456793
0.6072479160968379, 0.603053403603067, 0.6031277607255457, 0.04939460370589281
0.6109733389572368, 0.5993187005918539, 0.6031348483865994, 0.048949997566878886
0.6146450450526215, 0.5956292743560778, 0.6031483820404616, 0.04808961855985099
0.618232072209578, 0.5920166878399515, 0.603167902851939, 0.046820771834147595
0.6217042769267929, 0.5885119510940734, 0.6031927489990698, 0.045154230949820684
0.6250325793555506, 0.5851452469193055, 0.6032220781085861, 0.04310414669125277
0.628189196261897, 0.5819456605142791, 0.6032548958125599, 0.040687927260426734
0.6311478604692077, 0.578940915894834, 0.603290089458539, 0.03792609083763653
0.6338840254787586, 0.5761571218836395, 0.6033264658307218, 0.03484209172935622
0.6363750541567643, 0.5736185304555641, 0.6033627916036514, 0.03146212154703861
0.638600390555478, 0.5713473101666954, 0.6033978351571143, 0.027814887074908767
0.6405417141003963, 0.5693633372911444, 0.6034304083346104, 0.023931366687368255
0.6421830755233131, 0.5676840071397882, 0.6034594067294826, 0.01984454736536434
0.6435110140507778, 0.566324067840176, 0.6034838471325487, 0.015589144533906047
0.644514655469197, 0.5652954786192845, 0.6035029008711653, 0.011201307097749002
0.6451857907820738, 0.5646072943542971, 0.6035159219088921, 0.006718310187126537
0.6455189352531692, 0.5642655778456989, 0.6035224687525328, 0.0021782382384407445
0.645511367693961, 0.5642733409274217, 0.6035223194233522, -0.0023803388755772236
0.6451631499075358, 0.5646305151669552, 0.6035154789845334, -0.006918693886903023
0.6444771262473398, 0.5653339525314081, 0.6035021793694814, -0.011398271526049945
0.643458903291714, 0.566377456010957, 0.6034828715167979, -0.01578101643760043
0.6421168096777357, 0.5677518398067658, 0.6034582100787745, -0.020029696800214096
0.6404618361844391, 0.5694450183140308, 0.6034290312222073, -0.024108220874113472
0.6385075562096405, 0.5714421227698301, 0.6033963242746396, -0.027981943764996922
0.6362700268497538, 0.5737256440970363, 0.603361198177873, -0.0316179617839941
0.6337676708709316, 0.5762756001660932, 0.6033248438866101, -0.03498539189731947
0.6310211399548703, 0.5790697254215649, 0.6032884939875055, -0.03805563389506217
0.6280531597150938, 0.5820836805846672, 0.6032533809079891, -0.040802613064231455
0.6248883571101532, 0.5852912799499995, 0.6032206951318759, -0.04320300132475571
0.6215530710286516, 0.5886647336467646, 0.6031915448383516, -0.04523641497652754
0.6180751469861571, 0.5921749021330356, 0.6031669183325007, -0.046885587408703355
0.6144837170537746, 0.5957915601360055, 0.6031476505407474, -0.04813651533723325
0.6108089663294709, 0.5994836672404116, 0.6031343947066855, -0.04897857736104044
0.6070818874623518, 0.6032196423591056, 0.6031276002464375, -0.04940462385950561
0.6033340249424989, 0.6069676393906847, 0.6031274975138913, -0.04941103749219791
0.599597211069632, 0.610695821475062, 0.6031340899920017, -0.04899776380448728
0.5959032957072272, 0.6143726313939354, 0.6031471541747224, -0.04816831168825347
0.5922838721090828, 0.6179670558239367, 0.6031662471435709, -0.04692972369391873
0.588770001266795, 0.62144888133009, 0.6031907215821214, -0.04529251643706267
0.5853919373635403, 0.6247889401802886, 0.6032197477197082, -0.04327059158852401
0.5821788570264943, 0.6279593442619932, 0.6032523414607931, -0.040881118179697945
0.579158595142327, 0.6309337055848034, 0.6032873977467891, -0.038144387193180015
0.5763573900332193, 0.6336873420518322, 0.6033237280197064, -0.0350836396413564
0.5737996407814465, 0.6361974673744136, 0.6033601005178333, -0.03172486956024661
0.5715076794363494, 0.6384433641848091, 0.6033952820375158, -0.02809660356099708
0.569501560737195, 0.640406539567193, 0.6034280797452091, -0.024229658784926222
0.5677988718389027, 0.6420708623762188, 0.6034573816220948, -0.020156881297864936
0.5664145643359577, 0.6434226818436214, 0.6034821941697361, -0.01591286713363043
0.5653608106454024, 0.6444509270863559, 0.603501676097968, -0.011533668352726761
0.5646468865360302, 0.6451471872252811, 0.6035151668523635, -0.007056486618785636
0.5642790812824323, 0.6455057719028159, 0.6035222090135491, -0.002519356909989433
0.5642606365849112, 0.6455237520535214, 0.6035225638084709, 0.0020391759258811815
0.5645917150358903, 0.6452009808360241, 0.6035162192073564, 0.0065803849974120365
0.5652693985373889, 0.6445400946814108, 0.6035033903316539, 0.0110656907601493
0.5662877166898868, 0.6435464944558886, 0.6034845121591076, 0.01545698914075793
0.5676377047882739, 0.642228306777955, 0.6034602247734795, 0.01971697557556406
0.5693074906832745, 0.640596325576435, 0.603431351659351, 0.023809462182568908
0.5712824094043664, 0.6386639340292238, 0.6033988717783633, 0.027699685350074086
0.5735451440998746, 0.6364470070867889, 0.6033638863741533, 0.03135460111391532
0.5760758915380707, 0.6339637948623261, 0.6033275816319392, 0.034743165807645346
0.5788525501354771, 0.6312347872641969, 0.6032911884591918, 0.037836599604222684
0.5818509282397825, 0.6282825603574137, 0.6032559407512863, 0.040608630722020866
0.5850449701985125, 0.6251316050702048, 0.6032230335572388, 0.04303571824028339
0.5884069975932205, 0.6218081390088483, 0.6031935825638223, 0.045097251657432544
0.5919079629137708, 0.6183399023079308, 0.6031685862714858, 0.046775725527800315
0.5955177128882416, 0.6147559386219086, 0.6031488921440963, 0.04805688772631476
0.599205258669936, 0.611086362554409, 0.6031351678796973, 0.04892986011446001
0.6029390501116844, 0.6073621150203883, 0.603127878775841, 0.04938723061254434
0.6066872514257711, 0.6036147082385885, 0.6031272719564412, 0.049425115921198456
0.6104180156313314, 0.5998759622527207, 0.6031333679945929, 0.049043194377448106
0.6140997553250478, 0.5961777350738969, 0.6031459602151714, 0.04824470867611668
0.6177014074701568, 0.5925516487183768, 0.6031646217008462, 0.04703643843426796
0.6211926900774013, 0.5890288135777865, 0.603188719764141, 0.045428642823480095
0.6245443488438434, 0.5856395536979159, 0.6032174373951927, 0.0434349737405373
0.6277283920155966, 0.5824131356515779, 0.6032498009584812, 0.04107236023019807
0.6307183119430197, 0.5793775037658674, 0.6032847131999834, 0.03836086511252093
0.6334892919965817, 0.5765590245002244, 0.6033209904461445, 0.035323515000184616
0.6360183977039514, 0.5739822427655923, 0.603357402733869, 0.03198610511659114
0.6382847511499412, 0.5716696529241259, 0.6033927155112145, 0.028376980541418448
0.6402696878477476, 0.5696414871120817, 0.603425731495056, 0.024526795714730064
0.6419568954402328, 0.5679155233854141, 0.603455331266472, 0.02046825422168886
0.6433325337225133, 0.5665069159992773, 0.6034805112272329, 0.016235831055266894
0.6443853355915117, 0.565428049901288, 0.6035004176300914, 0.011865479712006992
0.6451066886249047, 0.5646884212474439, 0.6035143755286086, 0.007394326613862252
0.6454906970724608, 0.56429454544353, 0.6035219116644707, 0.0028603554655524726
0.6455342241092354, 0.564249893879185, 0.6035227705158435, -0.0016979157499234746
0.6452369142552739, 0.5645548601628836, 0.6035169229622926, -0.006241762366374292
0.6446011959136398, 0.5652067562909368, 0.6035045672722814, -0.01073258240588392
0.6436322640214243, 0.5661998387997303, 0.603486122379741, -0.015132224895773283
0.6423380428507238, 0.5675253645655344, 0.6034622136778327, -0.019403314310069898
0.6407291290422736, 0.5691716755381041, 0.6034336518118768, -0.023509568350800952
0.6388187150072465, 0.5711243113305616, 0.6034014051909216, -0.0274161063465819
0.6366224928960159, 0.5733661482457997, 0.6033665671504354, -0.031089745633010084
0.6341585394094238, 0.5758775630054831, 0.6033303188799567, -0.03449928339001192
0.6314471818205707, 0.5786366191673388, 0.6032938893730557, -0.03761576154393165
0.6285108456849515, 0.5816192739745938, 0.6032585137577743, -0.0404127124949725
0.6253738848446563, 0.5847996031818643, 0.6032253914204665, -0.04286638360163323
0.6220623944782073, 0.5881500412470143, 0.6031956453427691, -0.04495593854094054
0.6186040081103594, 0.5916416341698152, 0.6031702840301206, -0.04666363386447214
0.6150276796739176, 0.5952443021957903, 0.6031501673222565, -0.047974969283316744
0.6113634519053968, 0.5989271095862565, 0.6031359772443722, -0.04887881043823193
0.6076422125545805, 0.602658538681193, 0.6031281948867391, -0.04936748314244688
0.6038954400902512, 0.6064067655468822, 0.6031270840961853, -0.049436838322041654
0.6001549407856318, 0.6101399346012953, 0.6031326825320236, -0.04908628712096877
0.596452579261895, 0.6138264297420828, 0.6031448003894522, -0.04831880588302412
0.5928200047507708, 0.6174351396595095, 0.603163026833686, -0.047140910969961786
0.5892883755019661, 0.6209357151940471, 0.6031867439268198, -0.04556260362206662
0.5858880839020596, 0.6242988167897996, 0.6032151475755613, -0.04359728531344102
0.5826484849832962, 0.6274963502946833, 0.6032472747900429, -0.04126164429758837
0.5795976310783102, 0.6305016895607714, 0.6032820363300128, -0.038575514278071606
0.5767620154159109, 0.6332898844982733, 0.6033182536320448, -0.03556170637248082
0.5741663274501955, 0.635837853429633, 0.603354698766187, -0.032245815763923893
0.5718332226678368, 0.6381245587722767, 0.6033901360676177, -0.028656004650914176
0.5697831095250431, 0.6401311652465258, 0.6034233640319416, -0.02482276331189206
0.5680339560260054, 0.6418411799567447, 0.6034532560536033, -0.020778651292643308
0.5666011182696714, 0.6432405738277156, 0.6034787986259692, -0.016558020901462377
0.5654971930634414, 0.6443178839939407, 0.6034991257075254, -0.012196725355966076
0.5647318964342499, 0.6450642968376439, 0.6035135480885406, -0.007731814064976689
0.5643119695638916, 0.6454737114529508, 0.6035215767620175, -0.0032012176469810444
0.5642411133417792, 0.6455427833811669, 0.6035229395060719, 0.00135657461833935
0.5645199523709313, 0.6452709485179902, 0.603517590115162, 0.005902842138521892
0.5651460288887784, 0.6446604271411476, 0.6035057099669546, 0.010398962344774686
0.5661138266808822, 0.6437162080499536, 0.6034877018716691, 0.014806739185910054
0.5674148246806006, 0.6424460128505592, 0.603464176412595, 0.019088727957110772
0.5690375795688137, 0.6408602404659383, 0.6034359312411967, 0.023208553675223613
0.5709678363227878, 0.6389718920018491, 0.6034039240292506, 0.027131220272518908
0.5731886653191504, 0.6367964761623952, 0.6033692399955582, 0.030823407966073864
0.5756806242794821, 0.6343518954844629, 0.6033330551087356, 0.03425375626885924
0.5784219430639171, 0.6316583137515354, 0.6032965962140995, 0.037393130239659816
0.5813887290733109, 0.628738005055867, 0.6032610994368459, 0.04021486772034093
0.5845551908176885, 0.6256151851045282, 0.6032277682719777, 0.0426950054787097
0.5878938770504933, 0.6223158255093607, 0.6031977327818765, 0.044812482361243244
0.5913759287560106, 0.6188674519624476, 0.6031720112846888, 0.046549317760173584
0.5949713412114305, 0.6152989273753657, 0.6031514758320845, 0.0478907639117416
0.5986492333243505, 0.6116402212495045, 0.6031368226463812, 0.048825430764871385
0.602378121469005, 0.6079221667424599, 0.6031285485188501, 0.049345382390159474
0.6061261951069862, 0.604176207097605, 0.603126933968932, 0.04944620413614424
0.6098615915767251, 0.6004341333054505, 0.6031320337349775, 0.049127039981662075
0.6135526675657702, 0.5967278150609204, 0.6031436749186947, 0.04839059977815821
0.6171682649356385, 0.5930889272644368, 0.6031614628461687, 0.04724313632263079
0.6206779687451166, 0.5895486744809472, 0.6031847944468769, 0.04569439244904007
0.6240523555084876, 0.5861375159139522, 0.6032128786974023, 0.043757518572092605
0.6272632299244871, 0.582884893565713, 0.6032447634371332, 0.041448961360885266
0.6302838485142515, 0.5798189663351321, 0.6032793676472702, 0.03878832445945239
0.6330891288069445, 0.576966352846942, 0.6033155180992341, 0.035798202405203094
0.635655842905423, 0.5743518858061868, 0.6033519891303537, 0.032503989122840055
0.6379627944472958, 0.571998380627985, 0.603387544198551, 0.028933662588773345
0.6399909781458508, 0.5699264210026612, 0.6034209778072741, 0.02511754746732428
0.6417237212481827, 0.5681541639201196, 0.6034511563791733, 0.021088057713109794
0.6431468063831006, 0.5666971664956751, 0.6034770566924881, 0.01687942131181311
0.6442485753884831, 0.5655682367144638, 0.6034978005765979, 0.012527389491987022
0.6450200138070927, 0.5647773099462684, 0.6035126846899186, 0.008068932881581769
0.6454548158227328, 0.5643313527814605, 0.6035212043700278, 0.0035419272026398253
0.6455494294770584, 0.5642342954071528, 0.6035230707469108, -0.0010151688056257418
0.6453030820640123, 0.5644869933867793, 0.6035182205387287, -0.005563640472789722
0.6447177856470155, 0.5650872193331453, 0.6035068181977578, -0.010064846482764666
0.6437983226872759, 0.5660296845819118, 0.603489250333687, -0.014480547528863165
0.6425522118137357, 0.5673060905872523, 0.6034661126034877, -0.018773231514211654
0.6409896538101493, 0.568905209381806, 0.603438189512649, -0.02290643250573251
0.6391234579462829, 0.5708129920766846, 0.6034064278130429, -0.026845040708242417
0.6369689488417813, 0.5730127040314097, 0.6033719043998556, -0.030555600808604727
0.6345438541257843, 0.5754850850048844, 0.6033357897965306, -0.03400659614706936
0.6318681732453881, 0.5782085323127302, 0.6032993084661901, -0.03716871630239047
0.6289640278831901, 0.5811593047684656, 0.6032636972954798, -0.040015105827235574
0.6258554945693169, 0.5843117449799048, 0.6032301636585742, -0.042521592038832746
0.6225684202165553, 0.5876385174105694, 0.6031998444831373, -0.04466688995468134
0.6191302214675226, 0.5911108595002634, 0.6031737677058674, -0.046432782662374605
0.6155696689184638, 0.5946988430696412, 0.6031528174241058, -0.0478042756240744
0.6119166574724417, 0.5983716432095795, 0.6031377039245558, -0.048769723637921814
0.6082019642719171, 0.6020978118755281, 0.6031289396047753, -0.049320929408762496
0.6044569958626386, 0.605845553466625, 0.6031268216033367, -0.04945321291721389
0.6007135264425095, 0.6095829997653237, 0.6031314217271946, -0.04916545101763883
0.5970034292452397, 0.6132784817408765, 0.6031425840175301, -0.04846008694046273
0.5933584032934561, 0.616900795874016, 0.6031599300365406, -0.04734310962100122
0.5898096979236976, 0.6204194628349512, 0.6031828716960639, -0.045824003024140234
0.5863878376305691, 0.6238049765364986, 0.6032106311933713, -0.043915665880419674
0.5831223498938078, 0.6270290417830545, 0.6032422673786447, -0.04163430249288289
0.5800414987350154, 0.6300647989385199, 0.6032767076606507, -0.03899928551397115
0.5771720267959312, 0.6328870342370274, 0.6033127843693563, -0.036032991826160696
0.5745389087337334, 0.6354723745546614, 0.6033492743430776, -0.03276061288726009
0.5721651186882116, 0.6377994656442579, 0.6033849403982667, -0.029209941119458308
0.5700714144892521, 0.6398491330056455, 0.6034185732760927, -0.025411134128403075
0.5682761411402872, 0.6416045247177945, 0.6034490326435789, -0.021396458732741427
0.5667950559350794, 0.6430512356959708, 0.6034752857589684, -0.01720001696358893
0.5656411773432468, 0.6441774129554034, 0.6034964424900048, -0.012857456355205667
0.5648246595375437, 0.6449738415636425, 0.6035117854973864, -0.008405666990723551
0.5643526941372702, 0.6454340110478024, 0.6035207945595126, -0.0038824678881762636
0.5642294404126621, 0.6455541620923285, 0.6035231642133281, 0.0006737145893696009
0.5644559848408216, 0.6453333134203532, 0.6035188141127666, 0.005224173541549698
0.5650303305316106, 0.6447732688003788, 0.603507891753351, 0.009730250749465421
0.5659474166593349, 0.6438786041634987, 0.6034907674705062, 0.014153665476024323
0.5671991676506994, 0.6426566348584715, 0.6034680218812858, 0.018456840022332516
0.5687745714992329, 0.6411173631165906, 0.6034404261955908, 0.022603219245023985
0.570659786208746, 0.6392734058491828, 0.6034089160648406, 0.026557581295824452
0.5728382730207376, 0.6371399029612392, 0.6033745598552432, 0.030286336926201033
0.5752909547596563, 0.6347344064381873, 0.603338522421859, 0.03375781480541169
0.5779963973414912, 0.6320767505515735, 0.6033020256121261, 0.03694253042811682
0.5809310122403184, 0.6291889036352503, 0.6032663068382894, 0.03981343633617388
0.5840692774981052, 0.6260948020074691, 0.6032325771234818, 0.042346151546351365
0.5873839746980821, 0.622820166756159, 0.6032019800438718, 0.04451916825942072
0.5908464392028925, 0.6193923042637699, 0.6031755529587218, 0.046314034124303155
0.5944268208859406, 0.6158398915226301, 0.603154191842485, 0.04771550854159479
0.5980943525570265, 0.61219274747914, 0.6031386209108317, 0.04871169171183558
0.6018176232995459, 0.6084815918418012, 0.6031293680699181, 0.049294125363420864
0.6055648539932685, 0.6047377929898279, 0.6031267470208009, 0.04945786433127056
0.609304172390093, 0.6009931068210148, 0.6031308466253478, 0.049201518398599486
0.6130038852355897, 0.5972794085743085, 0.6031415278939439, 0.048527264058804156
0.6166327450813525, 0.5936284198484332, 0.6031584286970514, 0.04744082610112427
0.6201602096065839, 0.5900714332071438, 0.6031809760409867, 0.045951429170925595
0.6235566914561547, 0.5866390369084653, 0.6032084054920023, 0.044071719701781774
0.6267937968007475, 0.5833608424140393, 0.6032397870905132, 0.04181765886057649
0.629844551027044, 0.5802652174203796, 0.6032740568773538, 0.03920838738710535
0.6326836101669313, 0.5773790272019389, 0.6033100529636799, 0.0362660634445503
0.6352874568696836, 0.5747273870626907, 0.603346554922022, 0.03301567482501585
0.637634579905874, 0.5723334286557056, 0.6033823251632743, 0.029484827073235846
0.6397056363631504, 0.5702180828472231, 0.6034161508969162, 0.025703509299639556
0.6414835958494133, 0.5683998816724268, 0.6034468852518011, 0.021703839649167493
0.6429538661568723, 0.566894781755172, 0.6034734861631199, 0.017519792572466338
0.6441043999602554, 0.5657160113451488, 0.6034950517067357, 0.013186910209265094
0.6449257822243989, 0.5648739428664592, 0.6035108506824309, 0.008742000337811334
0.6454112980816682, 0.5643759925754885, 0.60352034740864, 0.004222823467299093
0.6455569810100812, 0.5642265485985364, 0.6035232198875236, -0.00033222824946807267
0.6453616412012609, 0.5644269282670098, 0.603519370724111, -0.004884457529835041
0.6448268740565275, 0.5649753652969228, 0.603508930429042, -0.009395191097391922
0.6439570487931837, 0.565867026977376, 0.6034922529928474, -0.013826108611733948
0.6427592771851185, 0.5670940611472781, 0.6034699038819334, -0.01813956856514498
0.6412433625061534, 0.5686456723586358, 0.6034426408635374, -0.022298928347902664
0.6394217287948565, 0.5705082262559038, 0.6034113883101916, -0.026268855738395065
0.6373093306193788, 0.5726653808515048, 0.6033772058553889, -0.030015629153946954
0.6349235435933108, 0.5750982430544035, 0.6033412524636768, -0.0335074241019753
0.6322840359811094, 0.577785548517559, 0.6033047471338182, -0.036714583397325834
0.6294126218361467, 0.5807038626162794, 0.6032689275677063, -0.039609868858621326
0.6263330962368823, 0.5838278001569414, 0.6032350082065205, -0.04216869236224306
0.6230710533271996, 0.5871302612471687, 0.6032041390568906, -0.04436932431511571
0.6196536880248058, 0.5905826806359865, 0.6031773667028575, -0.046193077804674104
0.6161095824350928, 0.5941552877562359, 0.6031555988251619, -0.04762446689417368
0.6124684781943793, 0.5978173746708451, 0.6031395734303667, -0.048651337751841627
0.6087610361625693, 0.6015375691375752, 0.6031298338325823, -0.04926497153132347
0.6050185850867948, 0.6052841100606784, 0.6031267102355418, -0.049460158156657524
0.6012728610597101, 0.6090251226887126, 0.6031303085390856, -0.04923524040591688
0.5975557397934481, 0.6127288910409256, 0.6031405067493026, -0.04859212793212574
0.5938989639171725, 0.6163641251950299, 0.603156959113957, -0.04753628110660074
0.5903338676768392, 0.6199002212412033, 0.6031791078430874, -0.046076664817065155
0.5868911015644281, 0.6233075118950067, 0.6032062020176684, -0.04422567259932748
0.5836003595249666, 0.6265575059597767, 0.6032373230456538, -0.041999021725581134
0.5804901114779762, 0.6296231150312719, 0.6032714158028075, -0.03941562011297903
0.5775873439410302, 0.6324788660386577, 0.6033073244030094, -0.03649740615148733
0.5749173115531205, 0.6351010984114843, 0.6033438313857109, -0.0332691627784321
0.5725033022616643, 0.6374681448480048, 0.6033796989922317, -0.02975830734680362
0.5703664188574772, 0.639560494832665, 0.6034137111316308, -0.025994659043345705
0.5685253794161904, 0.6413609402072429, 0.6034447146132932, -0.022010185808693343
0.5669963390330198, 0.6428547022394273, 0.6034716582480787, -0.01783873289325551
0.5657927350222094, 0.6440295397537553, 0.6034936284919719, -0.01351573534706408
0.5649251574958776, 0.6448758379930996, 0.603509880423287, -0.009077916887381176
0.564401246943487, 0.6453866779653163, 0.603519863002653, -0.00456297771255041
0.5642256201078757, 0.6455578861011196, 0.6035232377588584, -9.27393264589263e-06
0.5643998251027789, 0.6453880641082772, 0.603519890266602, 0.0045445086345709575
0.5649223263468641, 0.6448785989570159, 0.6035099340267487, 0.009059683501205293
0.5657885195077653, 0.6440336529755065, 0.6034937066174251, 0.013497892552542735
0.566990776264189, 0.6428601340763749, 0.6034717582465473, 0.017821432268318296
0.568518518312618, 0.6413676461791881, 0.6034448330941753, 0.021993574320597863
0.5703583196751403, 0.6395684199435803, 0.6034138440776721, 0.025978877799495863
0.5724940360138527, 0.6374772239866932, 0.6033798418957437, 0.02974349039580783
0.57490695933188, 0.6351112568300097, 0.6033439794014165, 0.03325543597161162
0.5775759961474024, 0.6324900199069987, 0.6033074725123296, 0.036484886074492934
0.5804778669703325, 0.6296351720661931, 0.6032715589840183, 0.03940441309654258
0.5835873246955252, 0.6265703661253902, 0.6032374564441458, 0.04198922294372505
0.5868773893546411, 0.6233210681718817, 0.6032063211105329, 0.04421736526258338
0.5903195965427651, 0.6199143604602233, 0.6031792085924522, 0.046069919467429415
0.5938842567561762, 0.6163787289314623, 0.6031570381038769, 0.047531155020081386
0.5975407228436109, 0.6127438365633847, 0.6031405613015594, 0.04858866463382247
0.6012576627832168, 0.6090402839568968, 0.6031303368039789, 0.04923346930163079
0.605003335048273, 0.605299358764934, 0.603126711254594, 0.049460094284060306
0.6087458639129243, 0.6015527757725151, 0.6031298075710279, 0.049266615432726375
0.6124535121701266, 0.597832409634477, 0.6031395207783317, 0.04865467546960754
0.6160949488825239, 0.5941700224653028, 0.6031555215674896, 0.04762947008880926
0.6196395099576018, 0.5905969886475755, 0.6031772674586046, 0.04619970399463437
0.6230574495253169, 0.5871440193760734, 0.6032040211905403, 0.04437751723635468
0.6263201802937219, 0.5838408895778332, 0.603234875713927, 0.04217838244455456
0.6294005012601894, 0.5807161699394398, 0.60326878494063, 0.03962097381484445
0.6322728113573944, 0.5777969668267887, 0.6033045992076462, 0.03672700892054244
0.6349133078093459, 0.5751086728957581, 0.6033411042534882, 0.03352106466491267
0.6373001681593417, 0.5726747311617211, 0.6033770623859208, 0.030030368903921786
0.6394137151052744, 0.5705164152197885, 0.6034112544454746, 0.026284569480306347
0.6412365634356312, 0.5686526281852786, 0.6034425211419742, 0.02231548260700665
0.642753748500153, 0.5670997227557217, 0.6034698023624104, 0.0181568227206357
0.6439528357716521, 0.5658713445833379, 0.6034921731171058, 0.013843916091515194
0.6448240111600269, 0.5649783008932627, 0.6035088749049696, 0.009413400623869382
0.6453601518271732, 0.564428455991896, 0.6035193414339187, 0.004902914406088373
0.6455568773239538, 0.5642266549866334, 0.6035232178239165, 0.00035077567478850437
0.6454125809302916, 0.5643746766889582, 0.6035203726411555, -0.004204343063794002
0.6449284411297629, 0.564871216304092, 0.6035109023550802, -0.008723743956942868
0.6441084131943987, 0.5657118981295064, 0.6034951280670305, -0.013169032946458558
0.6429592008974664, 0.5668893180991929, 0.6034735846215009, -0.017502446298789838
0.6414902084157337, 0.5683931156284799, 0.6034470024694514, -0.021687171720064215
0.6397134725318729, 0.570210073843069, 0.6034162828989769, -0.025687661302415794
0.6376435753058779, 0.5723242469232215, 0.6033824674736287, -0.029469933624007162
0.6352975374547191, 0.5747171129664737, 0.6033467027150691, -0.03300186242535761
0.6326946927646429, 0.5773677504760503, 0.6033102012279536, -0.03625344940755635
0.6298565439623788, 0.5802530363224588, 0.6032742005854412, -0.03919707884193124
0.6268066005912606, 0.5833478628068223, 0.6032399213695069, -0.041807751843843735
0.6235701995761188, 0.5866253712793572, 0.603208525788706, -0.044063298343455355
0.620174309316158, 0.5900571996369378, 0.603181078276279, -0.04594456498145591
0.616647318316324, 0.5936137409405036, 0.6031585094041735, -0.047435577365773814
0.6130188095524378, 0.5972644103556668, 0.6031415843360247, -0.04852367534416994
0.6093193219603118, 0.6009779176265099, 0.6031308768881833, -0.049199620175400874
0.6055801006400597, 0.6047225423404881, 0.6031267500777436, -0.049457672716503295
0.6018328375691804, 0.6084664093279055, 0.6031293438166796, -0.04929564198399343
0.5981094048163744, 0.6121777616580569, 0.6031385701690164, -0.04871490369080478
0.5944415824369385, 0.6158252288408224, 0.6031541163317414, -0.04772038860711399
0.5908607834040361, 0.6193780880116245, 0.6031754552384456, -0.04632054084038986
0.5873977780824804, 0.6228065160635377, 0.603201863426445, -0.04452724637665109
0.5840824208771691, 0.6260818308870422, 0.6032324455619803, -0.04235573246959978
0.5809433817818617, 0.6291767200798697, 0.6032661647924716, -0.03982443870554324
0.5780078856108573, 0.632065455691108, 0.6033018778972368, -0.03695486080825734
0.5753014617125146, 0.6347240937604776, 0.6033383740453775, -0.03377136847750739
0.5728477069363949, 0.6371306576010818, 0.6033744158471103, -0.03030099877602541
0.5706680645532004, 0.6392653039485717, 0.6034087813069162, -0.026573226790431614
0.5687816217077841, 0.6411104712588356, 0.6034403052561271, -0.022619715489865126
0.5672049278206893, 0.6426510095782715, 0.6034679188600294, -0.018474046889871525
0.5659518361445284, 0.6438742915345814, 0.6034906858596821, -0.01417143679628331
0.5650333704308292, 0.6447703041019185, 0.6035078343192448, -0.009748435552367865
0.564457618374678, 0.6453317208830557, 0.6035187828019182, -0.005242617340452295
0.5642296531836215, 0.6455539547247994, 0.6035231600865238, -0.0006922606947933317
0.5643514842697082, 0.645435190543589, 0.6035208177558137, 0.0038639770358871563
0.5648220376960058, 0.644976398289146, 0.6035118352294121, 0.008387388481263363
0.5656371666286782, 0.6441813260186916, 0.6034965170706343, 0.01283954547220849
0.5667896916603519, 0.6430564730963406, 0.6034753826585515, 0.01718262586405036
0.5682694704879001, 0.6416110435757569, 0.6034491485757184, 0.021379735153295783
0.5700634960555584, 0.6398568798727835, 0.6034187043090825, 0.025395220129541016
0.572156021919922, 0.6378083768921623, 0.6033850820884114, 0.029194971878417547
0.5745287132637311, 0.6354823768418318, 0.6033494218853689, 0.03274671554987285
0.5771608216865723, 0.6328980450522548, 0.6033129327603967, 0.03602028442740533
0.5800293816380747, 0.6300767272188128, 0.6032768518682939, 0.03898787597635291
0.5831094261370602, 0.6270417886036742, 0.6032424025126106, 0.04162428771107603
0.5863742192416099, 0.623818435870049, 0.6032107526710402, 0.04390713089984206
0.5897955026020734, 0.620433522375833, 0.6031829753978418, 0.04581702032031426
0.5933437533424128, 0.6169153379238136, 0.6031600124455163, 0.04733773848568809
0.5969884504744876, 0.6132933841494858, 0.6031426423387005, 0.04845637297965068
0.600698347053296, 0.609598136921821, 0.6031314539822151, 0.04916342576552563
0.6044417453261541, 0.6058607973330495, 0.6031268266975849, 0.04945289356935785
0.6081867722116587, 0.6021130330559364, 0.6031289173644586, 0.04932231867659237
0.6119016525606138, 0.5983867120459305, 0.6031376551026028, 0.048772809725796895
0.6155549777958633, 0.5947136307553276, 0.6031527436746417, 0.047809032329083664
0.6191159676956354, 0.591125239201435, 0.6031736715281414, 0.04643916959605622
0.6225547232698065, 0.5876523653848147, 0.6031997291367991, 0.04467485288484552
0.6258424688746098, 0.584324941681398, 0.6032300330531711, 0.04253106334867847
0.62895178191304, 0.5811717359283682, 0.6032635558579189, 0.04002600508797889
0.6318568086701473, 0.5782200899834757, 0.6032991609906588, 0.03718095095467242
0.6345334650296601, 0.5754956685569719, 0.6033356412819572, 0.03402006228549007
0.6369596210066181, 0.5730222210915377, 0.603371759880427, 0.030570184062848473
0.639115268206383, 0.5708213593964143, 0.6034062921875194, 0.026860617213421714
0.6409826694807949, 0.568912353626519, 0.6034380673782643, 0.02292286995379587
0.642546490195528, 0.5673119490359113, 0.6034660081000691, 0.0187903902775413
0.6437939106479317, 0.56603420572906, 0.6034891670032798, 0.014498281846537255
0.6447147192818692, 0.5650903633856699, 0.6035067588645177, 0.01008300569939214
0.6453013864361256, 0.564488732649193, 0.6035181872131558, 0.005582070319340703
0.6455491184375779, 0.5642346145505039, 0.6035230645576716, 0.001033712711293132
0.6454558919118943, 0.5643302489924393, 0.6035212255256809, -0.0035234267788012297
0.6450224682360931, 0.5647747929545963, 0.6035127324718416, -0.008050633110677989
0.6442523881022539, 0.5655643286982149, 0.6034978733633587, -0.012509445838486573
0.6431519462038475, 0.5666919018657414, 0.6034771520148272, -0.016861986211414492
0.6417301460993792, 0.5681475889865829, 0.6034512710037372, -0.021071279276625797
0.6399986353561569, 0.5699185935273173, 0.6034211078462575, -0.025101568221688998
0.6379716211336196, 0.5719893692686684, 0.6033876852415264, -0.02891861826593504
0.6356657664340459, 0.5743417694598387, 0.6033521363938207, -0.03249000750686009
0.6331000673312492, 0.5769552198995173, 0.6033156665888131, -0.03578540224735101
0.6302957115871589, 0.579806913827437, 0.6032795123270387, -0.03877681447047161
0.6272759191832018, 0.5828720262851077, 0.6032448994003691, -0.041438839288915924
0.6240657654285472, 0.5861239454224823, 0.6032130013329363, -0.04374887037398132
0.620691987460104, 0.5895345180909424, 0.6031848995954235, -0.045687291561953204
0.6171827751181881, 0.5930743069728852, 0.6031615469413326, -0.04723764304202507
0.613567547364726, 0.596712856454003, 0.6031437351078722, -0.048386760747257514
0.6098767156045174, 0.6004189644445482, 0.6031320679760588, -0.04912488779665252
0.6061414354704623, 0.6041609573978307, 0.6031269410995292, -0.04944575707033447
0.6023933488361283, 0.6079069658543669, 0.6031285282957006, -0.04934664423937049
0.5986643180183848, 0.6116251979540993, 0.6031367757535917, -0.04882839081532217
0.5949861543234878, 0.6152842085019299, 0.603151403857943, -0.04789539703069474
0.5913903432661436, 0.6188531613379393, 0.6031719166678221, -0.046555584608597
0.5879077689469435, 0.6223020829474076, 0.6031976187285819, -0.04482032972674499
0.5845684402034282, 0.6256021054412038, 0.6032276386475296, -0.04270436672601088
0.581401221248685, 0.6287256972386196, 0.6032609586344592, -0.04022566335557602
0.5784335695740167, 0.6316468799868238, 0.6032964490059903, -0.03740526858384169
0.5756912839148784, 0.6343414304488652, 0.6033329064843311, -0.03426713423492449
0.5731982650587873, 0.6367870662812039, 0.603369094992334, -0.0308379119330362
0.5709762922081982, 0.6389636147984858, 0.6034037875619341, -0.027146727049420456
0.5690448174993713, 0.6408531639848929, 0.6034358079351289, -0.023224931546785094
0.5674207811202518, 0.6424401951560004, 0.6034640704468951, -0.01910583780225696
0.5661184492677259, 0.6437116968016954, 0.6034876168375293, -0.014824435659693332
0.5651492769399216, 0.6446572592492351, 0.6035056487458645, -0.01041709511364209
0.5645217972762883, 0.64526914987684, 0.6035175547811991, -0.005921257158382803
0.5642415388418133, 0.6455423686839117, 0.6035229312555662, -0.0013751154444948972
0.5643109719077618, 0.6454746840864154, 0.6035215958729858, 0.0031827085292827134
0.5647294844163256, 0.6450666488581716, 0.6035135939112578, 0.007713493900788175
0.5654933879377191, 0.6443215961841252, 0.6034991966865544, 0.012178749783206716
0.5665959535431996, 0.6432456158339213, 0.6034788923529116, 0.016540542627295787
0.568027477133948, 0.6418475105071044, 0.6034533693487659, 0.020761818795030064
0.5697753733915332, 0.640138732448913, 0.6034234930521588, 0.02480671957744668
0.5718242971581613, 0.63813330049149, 0.6033902764365695, 0.028640885959857424
0.5741562907211621, 0.6358476977427344, 0.6033548457227906, 0.03223175053248779
0.5767509551724125, 0.6333007502266557, 0.6033184021918896, 0.0355488140625986
0.5795856437451095, 0.6305134868770886, 0.6032821814543581, 0.03856390438357594
0.5826356748019086, 0.6275089814022906, 0.6032474115566577, 0.04125141541545771
0.5858745619632562, 0.624312176671743, 0.6032152713456039, 0.043588524307883444
0.5892742587249088, 0.6209496924280106, 0.6031868505021059, 0.04555538488841911
0.5928054148200689, 0.6174496172944074, 0.6031631125990135, 0.04713529580452576
0.5964376415339782, 0.6138412862312194, 0.6031448624351594, 0.04831484196405457
0.6001397831757522, 0.6101550447862115, 0.6031327187526261, 0.04908400810509985
0.6038801919511975, 0.6064220016851894, 0.6031270932617505, 0.04943626355946908
0.6076270035577895, 0.6026737715108692, 0.603128176684579, 0.04936861751320462
0.6113484109346359, 0.5989422094180848, 0.6031359322896432, 0.04888164431090503
0.6150129337410865, 0.595259140024863, 0.603150097137107, 0.047979478596528874
0.6185896813022446, 0.5916560827963393, 0.6031701909920913, 0.04666978033047987
0.6220486069422564, 0.5881639763960658, 0.6031955326041957, 0.04496366996966544
0.6253607518210282, 0.5848129046112623, 0.6032252628016157, 0.04287563434246986
0.6284984765912685, 0.5816318265597162, 0.6032583736173313, 0.04042340399273432
0.6314356793949978, 0.5786483139515272, 0.6032937424603604, 0.03762780300434275
0.6341479989168831, 0.5758882982046479, 0.6033301701739848, 0.03451257254922674
0.6366130014016183, 0.5733758301960155, 0.6033664216909925, 0.031104169624754745
0.6388103507203143, 0.5711328553677774, 0.6034012679077687, 0.027431542659667473
0.6407219607337062, 0.5691790067996338, 0.6034335273575809, 0.02352588586896623
0.6423321293458928, 0.5675314187037158, 0.6034621062700107, 0.019420374425382667
0.6436276537703124, 0.5662045625990376, 0.6034860356580475, 0.01514988268615816
0.6445979266395201, 0.5652101081808977, 0.6035045041749914, 0.01075068786676307
0.6452350126828821, 0.5645568106203669, 0.6035168856266663, 0.006260161685911689
0.6455337057731062, 0.5642504257149544, 0.6035227602056485, 0.0017164526169587697
0.6454915662058719, 0.5642936539694162, 0.6035219287271285, -0.0028418385320959244
0.6451089381296617, 0.5646861143219845, 0.6035144193834119, -0.007375986925514865
0.6443889470886404, 0.56542434785325, 0.603500486787897, -0.011847473072747715
0.6433374776837516, 0.5665018514300479, 0.60348060334096, -0.016218310436473326
0.6419631314000345, 0.5679091408527859, 0.6034554432106919, -0.02045136846142122
0.6402771646953037, 0.5696338426994633, 0.6034258594719744, -0.02451068825249797
0.6382934075004807, 0.5716608137006257, 0.6033928551794503, -0.02836178819925089
0.636028162348287, 0.5739722861437307, 0.6033575493556629, -0.03197195693680238
0.6335000844275012, 0.5765480374992041, 0.603321139048002, -0.03531053114971036
0.6307300429567028, 0.5793655821893622, 0.603284858741305, -0.038349155863096646
0.6277409643857287, 0.5824003831898525, 0.6032499385024629, -0.041062025022972806
0.6245576580655257, 0.5856260809647629, 0.6032175622762014, -0.0434261003429699
0.621206625177312, 0.5890147370932615, 0.603188827745892, -0.04542130658555928
0.6177158518787004, 0.5925370898486026, 0.6031647091200193, -0.0470307016502417
0.6141145878054812, 0.596162818939334, 0.6031460241056003, -0.048240620057017514
0.6104331112600441, 0.5998608166162296, 0.6031334061878181, -0.049040788638768
0.6067024826170796, 0.6035994623843844, 0.6031272831552181, -0.04942441348910588
0.6029542876796828, 0.6073468986346142, 0.6031278625981168, -0.04938823745105565
0.5992203729191351, 0.6110713046175392, 0.603135124871562, -0.04893256767498133
0.595532574723973, 0.6147411663225795, 0.6031488237612682, -0.048061273019967814
0.5919224449626502, 0.6183255399870955, 0.6031684948299684, -0.04678175131994009
0.5884209753233468, 0.6217943071423707, 0.6031934711613898, -0.04510486678276116
0.5850583230286107, 0.6251184192972191, 0.6032229059684231, -0.043044858035973285
0.5818635406261337, 0.6282701305609361, 0.6032558012994168, -0.040619217575280794
0.5788643126252837, 0.6312232167096655, 0.6032910418698259, -0.037848543609784915
0.576086701777878, 0.6339531793989531, 0.603327432872655, -0.034756365529724595
0.5735549077878029, 0.6364374344158431, 0.6033637404861285, -0.03136894444629719
0.5712910411752598, 0.6386554830426784, 0.6033987337054552, -0.027715050467145348
0.5693149149163756, 0.6405890657687694, 0.603431226080468, -0.023825718573304094
0.5676438563277602, 0.6422222977333452, 0.6034601159439338, -0.019733985151749546
0.5662925414694743, 0.6435417854125279, 0.6034844237663248, -0.015474607410068586
0.565272854101275, 0.6445367241742843, 0.6035033253701364, -0.011083768054104038
0.564593770949499, 0.6451989764191169, 0.6035161798771405, -0.00659876774373305
0.5642612747302402, 0.6455231301021509, 0.6035225514405206, -0.0020577079543708052
0.5642782960342395, 0.6455065374965443, 0.6035222240246246, 0.00250083303925278
0.5646446848165936, 0.6451493341116588, 0.6035152087308873, 0.007038128276338379
0.5653572118571548, 0.6444544377255729, 0.603501743421373, 0.011515631501207584
0.5664096001728581, 0.643427527533972, 0.6034822846527058, 0.015895305001367387
0.5677925859789634, 0.6420770034601063, 0.6034574921940593, 0.02013994307595235
0.5694940084200835, 0.640413925717197, 0.6034282066544674, 0.024213488358961824
0.5714989269314074, 0.6384519347690979, 0.6033954209784532, 0.02808133828832783
0.5737897647527895, 0.6362071519004865, 0.603360246776915, 0.03171063910315039
0.5763464768097658, 0.633698060687229, 0.6033238766353004, 0.035070564866076556
0.5791467399016438, 0.6309453697529895, 0.6032875436773948, 0.03813257914413145
0.5821661629022151, 0.6279718573111368, 0.6032524797559734, 0.040870677137492345
0.5853785144867969, 0.6248021981220692, 0.6032198736879266, 0.04326160621971772
0.5887559657526126, 0.621462773645046, 0.6031908309497976, 0.04528506304273186
0.5922693449989983, 0.6179814663291494, 0.6031663361999628, 0.04692386556331253
0.5958884018795222, 0.6143874391680876, 0.6031472198977237, 0.048164098562879606
0.5995820781285127, 0.6107109018351119, 0.6031341301505888, 0.048995231457054825
0.6033187820973561, 0.6069828649135851, 0.603127510743756, 0.04941020742388323
0.6070666644078485, 0.6032348839411563, 0.6031275860962338, 0.049405503118025745
0.6107938921367227, 0.5994987951860501, 0.6031343536533309, 0.04898115848102651
0.6144689190822609, 0.5958064452670627, 0.6031475839732555, 0.04814077640339151
0.6180607498253169, 0.5921894169087933, 0.6031668285048962, 0.046891492241246654
0.6215391954773407, 0.5886787532845396, 0.6031914347932573, 0.045243913437357244
0.6248751192013491, 0.5853046835354946, 0.6032205685973705, 0.04321202974188003
0.6280406697923975, 0.5820963521609505, 0.6032532421712224, 0.04081309477092611
0.631009501806538, 0.5790815550453355, 0.6032883477493551, 0.038067479879322755
0.6337569809263824, 0.5762864849198512, 0.603324695102312, 0.034998501556223915
0.6362603734427241, 0.5737354890458942, 0.6033610518890175, 0.031632223776698234
0.6384990189114711, 0.5714508418520386, 0.6033961854382384, 0.02799723695723732
0.640454485210329, 0.5694525351547882, 0.6034289045426204, 0.02412441536628923
0.6421107053682354, 0.567758088445579, 0.6034580998482, 0.02004665503038119
0.643454095671234, 0.5663823815336959, 0.6034827814697304, 0.01579859435004127
0.6444736546610275, 0.5653375115992345, 0.6035021125560808, 0.01141631979548543
0.645161042737522, 0.5646326764354973, 0.6035154376671921, 0.006937059187906344
0.6455106421556933, 0.5642740853508968, 0.6035223049999789, 0.00239886518633036
0.6455195972722922, 0.564264898862098, 0.603522481709147, -0.0021597083092262095
0.6451878349521323, 0.5646051979492627, 0.6035159618031432, -0.006699934061518068
0.6445180650902452, 0.5652919832678603, 0.603502966347333, -0.011183240889637899
0.6435157612488164, 0.5663192043271751, 0.6034839359675166, -0.015571541721294702
0.6421891214502914, 0.5676778182610834, 0.6034595159081253, -0.019827557485298776
0.640549009214322, 0.5693558774396887, 0.6034305341520346, -0.02391513406470635
0.6386088749799338, 0.5713386448085156, 0.6033979733442904, -0.027799549595799545
0.6363846581188407, 0.5736087355022907, 0.6033629374721653, -0.0314478094875756
0.6338946698240719, 0.5761462829693462, 0.6033266144317481, -0.03482892664936203
0.6311594572522415, 0.5789291275659934, 0.6032902357506352, -0.037914184548945476
0.6282016494094242, 0.5819330253425377, 0.6032550348325972, -0.04067738087836503
0.6250457854003231, 0.5851318745474701, 0.603222205140017, -0.0430950497772784
0.6217181258080541, 0.5884979572262329, 0.6031928597318328, -0.04514666075248833
0.6182464481362491, 0.5920021931869701, 0.6031679935285758, -0.046814792634714913
0.6146598274242621, 0.5956144035478513, 0.6031484495834996, -0.04808528112794972
0.6109884033370798, 0.5993035810676749, 0.603134890502877, -0.04894733873074515
0.607263135230385, 0.603038164491246, 0.6031277759839491, -0.04939364604069481
0.6035155468935753, 0.6067863142101703, 0.6031273472316334, -0.04942041369139075
0.5997774628744019, 0.6105161866440717, 0.6031336187819871, -0.0490274144136591
0.5960807384827527, 0.6141962048819868, 0.6031463780094538, -0.04821798495835159
0.5924569857522198, 0.617795323283443, 0.6031651923345925, -0.04699899786494422
0.5889372978006173, 0.6212832839177903, 0.6031894238880795, -0.045380803307258084
0.5855519741688561, 0.6246308629129207, 0.6032182511341394, -0.04337714149336236
0.5823302498261077, 0.6278101049847904, 0.6032506967207222, -0.04100502633969747
0.5793000306030555, 0.630794544621614, 0.6032856606126702, -0.038284601378145
0.5764876378500473, 0.6335594125961583, 0.6033219573850077, -0.03523896908754979
0.573917565109665, 0.6360818266716243, 0.6033583564123424, -0.03189399506632295
0.5716122495412106, 0.6383409655473664, 0.6033936235920497, -0.02827808867835898
0.5695918607365474, 0.6403182252570837, 0.6034265631867415, -0.024421962008607224
0.5678741094224053, 0.6419973573819622, 0.6034560583672733, -0.020358369155194678
0.5664740783547879, 0.6433645885733048, 0.6034811090814544, -0.016121828059899958
0.5654040774786416, 0.6444087209930737, 0.6035008659641192, -0.011748327235946113
0.5646735251540297, 0.6451212133771217, 0.6035146591383803, -0.007275019889503685
0.5642888569431085, 0.6454962425060249, 0.6035220209310449, -0.0027399080471149726
0.5642534631158631, 0.6455307449345918, 0.6035227017315865, 0.0018184806061852597
0.564567655673096, 0.6452244388860127, 0.603516678456605, 0.006361420405335463
0.5652286653097092, 0.6445798262636608, 0.6035041553326063, 0.010850317085300695
0.5662306683572882, 0.6436021747762998, 0.6034855569705335, 0.015247036031745773
0.5675648433601914, 0.6422994802148259, 0.6034615139670193, 0.019514226581963112
0.5692194565615387, 0.6406824089645421, 0.6034328415208781, 0.023615639592687265
0.5711799752122153, 0.638764220889984, 0.6034005117902849, 0.027516435554253458
0.5734292072744348, 0.636560672792939, 0.6033656209283598, 0.03118348061824
0.5759474657780669, 0.6340899027214517, 0.6033293519153112, 0.03458562801697633
0.5787127558084987, 0.6313722955004921, 0.6032929344477126, 0.03769398248649497
0.5817009818640585, 0.6284303299652685, 0.6032576032451457, 0.04048214545783953
0.5848861731226221, 0.6252884085065302, 0.6032245561879251, 0.042926438953121794
0.588240724003443, 0.6219726696835269, 0.6031949137051604, 0.04500610631028166
0.5917356473028096, 0.6185107848234787, 0.6031696807898462, 0.046703488062037474
0.5953408371208571, 0.6149317397044752, 0.6031497129284553, 0.04800417150795588
0.5990253387807001, 0.6112656026087974, 0.6031356870996969, 0.048897112741923085
0.602757622967738, 0.6075432802320252, 0.6031280788252154, 0.04937473012867242
0.6065058613833196, 0.6037962631355771, 0.6031271460498505, 0.04943296846065376
0.6102382013088484, 0.6000563626314727, 0.6031329203976377, 0.04907133326876431
0.6139230366090432, 0.5963554411826876, 0.6031452060997924, 0.04829289500576443
0.6175292728611714, 0.5927251385847607, 0.603163586631017, 0.04710426306811456
0.6210265844748619, 0.5891965963584082, 0.6031874388292684, 0.04551552986907401
0.6243856618588859, 0.5858001829231759, 0.6032159540205968, 0.04354018542179598
0.6275784468911634, 0.5825652222330626, 0.6032481654332559, 0.04119500313438912
0.6305783551507659, 0.5795197286316949, 0.6032829809721291, 0.0384998977579822
0.6333604835705771, 0.5766901507226592, 0.603319220242749, 0.03547775666210682
0.6359018023620961, 0.5741011270465914, 0.603355654570059, 0.03215424583747484
0.6381813302455337, 0.5717752563079942, 0.6033910486553684, 0.02855759224260892
0.6401802921859431, 0.5697328848001744, 0.6034242024592688, 0.02471834431582664
0.6418822589872495, 0.567991913535812, 0.6034539918904127, 0.02066911266572001
0.6432732682294429, 0.5665676274044933, 0.6034794069203762, 0.016444293129420515
0.6443419261494644, 0.5654725484492121, 0.6034995858319403, 0.012079774546507598
0.6450794901639205, 0.56471631508471, 0.6035138444391399, 0.0076126337353871745
0.6454799318130602, 0.564305588776036, 0.6035216992878681, 0.003080820276463562
0.6455399799725542, 0.564243989361356, 0.6035228840499682, -0.0014771661992134478
0.6452591442352552, 0.5645320598450669, 0.6035173585545971, -0.006022603447319801
0.6446397184126146, 0.5651672611127674, 0.6035053101504527, -0.010516875960907553
0.6436867641483707, 0.5661439966359716, 0.6034871473526392, -0.014921803403643685
0.6424080746794041, 0.5674536668494533, 0.603463485989729, -0.019199965303558827
0.6408141188240976, 0.5690847525054782, 0.6034351283210106, -0.023315019220263068
0.6389179653309358, 0.5710229259445928, 0.6034030358323941, -0.02723200965950575
0.6367351877827884, 0.5732511888791877, 0.6033682966338125, -0.03091766509481962
0.6342837503283585, 0.5757500349703958, 0.6033320885640101, -0.034340680565517354
0.6315838746039383, 0.5784976351967326, 0.6032956392540505, -0.03747198345192344
0.6286578883175707, 0.5814700437691133, 0.6032601845038918, -0.040284980180616145
0.625530056094716, 0.5846414221451889, 0.6032269263833758, -0.04275578178264791
0.6222263933295337, 0.5879842785389642, 0.6031969924781555, -0.044863406414142104
0.6187744639478624, 0.5914697202107279, 0.6031713976620767, -0.04658995714922273
0.615203163165029, 0.5950677157576374, 0.6031510096917262, -0.04792077356785533
0.6115424865109055, 0.5987473646058163, 0.6031365197891806, -0.04884455588385265
0.6078232865925344, 0.6024771709283988, 0.6031284192098314, -0.04935346058913704
0.6040770192667785, 0.606225319277445, 0.603126982589266, -0.0494431668275676
0.6003354810968933, 0.6099599493170569, 0.6031322586334659, -0.049112912953588106
0.5966305401621796, 0.6136494271755343, 0.6031440684677438, -0.04836550297607556
0.5929938624732585, 0.6172626110907715, 0.6031620117003541, -0.04720728283460939
0.5894566364112145, 0.6207691091996546, 0.6031854799953428, -0.04564808670252207
0.5860492977510721, 0.6241395275131151, 0.603213677694763, -0.04370115375712475
0.5828012579433666, 0.6273457063179888, 0.6032456487914991, -0.04138301610098794
0.5797406384069341, 0.6303609434492935, 0.6032803093386971, -0.03871335875758974
0.5768940136271079, 0.6331602030768382, 0.6033164841974678, -0.03571485289841603
0.5742861658527249, 0.6357203088435169, 0.6033529468773697, -0.032412963684982116
0.5719398541401529, 0.6380201203753153, 0.6033884611191984, -0.028835734326399305
0.5698756004014093, 0.6400406923517536, 0.6034218228103618, -0.02501354815906868
0.5681114949760269, 0.6417654154779212, 0.6034519008116688, -0.02097887074780312
0.5666630240634689, 0.6431801388340033, 0.6034776753110759, -0.016765974185060446
0.5655429211267001, 0.6442732731948256, 0.6034982724036455, -0.012410645924924168
0.5647610441112222, 0.645035875010822, 0.6035129937248163, -0.007949884628973397
0.5643242800218707, 0.6454617108242997, 0.6035213401317697, -0.0034215856203492255
0.5642364780673351, 0.6455473019629442, 0.6035230286295115, 0.0011357813615341045
0.5644984122259366, 0.6452919494089082, 0.6035180019674153, 0.00568349934147851
0.5651077737126683, 0.6446977387898045, 0.60350643058064, 0.010182933413862517
0.5660591934442618, 0.6437695254810744, 0.6034887068105435, 0.014595859342606503
0.5673442942138683, 0.6425148998513922, 0.6034654316001895, 0.01888478863209958
0.5689517719075877, 0.64094413272786, 0.6034373941163448, 0.023013287278516342
0.5708675047291505, 0.6390701012094681, 0.6034055449892942, 0.026946285469960463
0.573074689053826, 0.6369081950191559, 0.6033709640782844, 0.030650375587906533
0.5755540002146442, 0.6344762036597321, 0.6033348238559879, 0.03409409597022143
0.5782837762392089, 0.6317941847293607, 0.6032983496538683, 0.03724819802606459
0.5812402223085571, 0.6288843138599175, 0.6032627781166169, 0.04008589444340751
0.5843976335046056, 0.6257707168671909, 0.6032293152744014, 0.042583086398808555
0.5877286332523022, 0.6224792848455555, 0.6031990956544234, 0.04471856786436266
0.5912044247482227, 0.619037473100534, 0.6031731438178811, 0.04647420530631971
0.5947950525992117, 0.6154740849886484, 0.6031523396260324, 0.04783509128165607
0.5984696718718605, 0.6118190419224573, 0.6031373884125404, 0.048789670660869755
0.6021968217740559, 0.6081031409960705, 0.6031287970728829, 0.049329838435562545
0.6059447012504886, 0.604357801888431, 0.6031268568810363, 0.04945100830616952
0.6096814438708466, 0.6006148049033059, 0.6031316336156451, 0.0491521514868426
0.6133753895178063, 0.5969060222008696, 0.6031429653302196, 0.04843580540943529
0.6169953505365413, 0.5932631444602283, 0.6031604678429018, 0.047308052255295115
0.620510870182709, 0.5897174053794609, 0.6031835477598065, 0.045778467490736906
0.6238924713959187, 0.5862993065639313, 0.6032114225906856, 0.043860038828236456
0.6271118941247106, 0.5830383454692658, 0.6032431472753265, 0.0415690562791108
0.630142319631512, 0.5799627491474494, 0.6032776462218101, 0.038924974203243104
0.6329585804066714, 0.5770992165885677, 0.6033137497708889, 0.03595024649566299
0.6355373545147601, 0.57447267245317, 0.603350233850601, 0.03267013627679448
0.6378573433799442, 0.5721060349484259, 0.6033858614769603, 0.02911250167109643
0.6398994321870554, 0.5700200005135803, 0.6034194246938044, 0.02530755946568551
0.6416468322286972, 0.5682328478462397, 0.6034497855298019, 0.021287628634316567
0.643085204664832, 0.5667602636215257, 0.6034759145837706, 0.017086855890696834
0.6442027652792558, 0.5656151920330722, 0.6034969259297123, 0.012740925596441188
0.6449903699175626, 0.5648077100214249, 0.6035121071576548, 0.008286756491005479
0.6454415803748135, 0.5643449297558691, 0.6035209435312602, 0.0037621878317578754
0.6455527105702031, 0.564230929605456, 0.6035231354426681, -0.0007943423697313128
0.64532285290318, 0.5644667144801421, 0.6035186085723893, -0.0053441242555246436
0.6447538847339529, 0.5650502060504395, 0.6035075164095371, -0.009848505365502296
0.643850454974716, 0.5659762629712158, 0.6034902350468963, -0.014269219388206024
0.6426199508200365, 0.5672367308499655, 0.6034673504274178, -0.018568711593282
0.641072444689591, 0.5688205213198202, 0.603439638474843, -0.022710458151567935
0.6392206215075539, 0.5707137192103874, 0.6034080387825442, -0.02665927660596064
0.6370796865039133, 0.5728997164624631, 0.6033736227531521, -0.03038162483840289
0.6346672537968538, 0.5753593711124524, 0.6033375572696872, -0.03384588598440552
0.6320032161045572, 0.5780711893848307, 0.6033010651303571, -0.037022636874936704
0.6291095960410547, 0.5810115286811847, 0.6032653835887833, -0.03988489773448925
0.626010379575055, 0.5841548190461943, 0.6032317224054996, -0.04240836103171827
0.6227313323730218, 0.5874738005271126, 0.6032012228329406, -0.044571597563172916
0.6192997999073029, 0.5909397737254339, 0.6031749189243105, -0.0463562380492229
0.615744492385076, 0.5945228607678742, 0.6031537024777875, -0.04774712873222349
0.6120952557415243, 0.5981922738976226, 0.6031382928041454, -0.04873245968825715
0.6083828301375405, 0.6019165889041421, 0.6031292123423111, -0.049303864793520724
0.6046385976040601, 0.6056640206675473, 0.6031267689491182, -0.04945649252279763
0.6008943206770074, 0.6094026981878865, 0.6031310454633343, -0.049189046998793236
0.5971818740633736, 0.6131009365958445, 0.6031418968975419, -0.04850379895585578
0.5935329715644967, 0.6167275037942227, 0.6031589553530141, -0.04740656652827817
0.589978890651323, 0.6202518795534535, 0.6031816424910673, -0.045906666020562925
0.586550197232521, 0.6236445050735244, 0.6032091891383379, -0.0440168330633187
0.5832764732742962, 0.6268770212232667, 0.6032406613617001, -0.04175311480242163
0.5801860500154766, 0.6299224938703082, 0.6032749921292474, -0.03913473400921254
0.5773057495684949, 0.6327556249159323, 0.6033110174843929, -0.036183926234226615
0.5746606377025709, 0.6353529478438293, 0.6033475160070566, -0.032925751354561314
0.5722737905669668, 0.6376930067762211, 0.6033832502243441, -0.029387881083643298
0.5701660780279948, 0.6397565182018082, 0.6034170085668648, -0.025600364219922664
0.5683559661629389, 0.6415265146949717, 0.6034476464481531, -0.021595371605855562
0.5668593412779028, 0.6429884700830917, 0.6034741250741952, -0.01740692294834924
0.5656893575967169, 0.6441304056381967, 0.6034955466668851, -0.013070597814539429
0.5648563105074913, 0.6449429769706259, 0.6035111849067026, -0.008623233260312318
0.5643675369564226, 0.6454195413871999, 0.6035205095619575, -0.004102610671456497
0.564227344250273, 0.6455562055464591, 0.6035232044690635, 0.00045286550298011675
0.5644369681757262, 0.645351853301496, 0.6035191782538405, 0.005004494370111724
0.5649945609723559, 0.6448081536699017, 0.6035085674300845, 0.009513607760342449
0.5658952093136984, 0.6439295489140061, 0.6034917317702806, 0.013941899113232264
0.5671309820655207, 0.6427232227566523, 0.6034692421055192, 0.018251749255775513
0.5686910072096573, 0.6411990488021718, 0.603441860968541, 0.022406546275896874
0.5705615769533966, 0.6393695192827328, 0.603410516736621, 0.026370996749144598
0.5727262796955974, 0.637249654310356, 0.6033762721514591, 0.03011142565691876
0.5751661571982855, 0.6348568918877041, 0.6033402882839057, 0.03359606243891125
0.5778598850223443, 0.6322109590187424, 0.6033037851657409, 0.03679531074923894
0.5807839740331443, 0.6293337243653215, 0.6032680004235962, 0.03968199963325256
0.5839129905705538, 0.626249033018675, 0.603234147317702, 0.04223161400826624
0.5872197927105708, 0.6229825240958247, 0.6032033736081228, 0.04442250251441476
0.5906757799244972, 0.6195614320292008, 0.6031767226429163, 0.04623606099941452
0.5942511533665336, 0.616014372591645, 0.6031550979871512, 0.04765689011109133
0.5979151839911918, 0.6123711148858043, 0.6031392327915742, 0.04867292569212676
0.601636485716048, 0.6086623407232277, 0.603129664938957, 0.04927554090063481
0.605383290900231, 0.6049193930201019, 0.6031267188102993, 0.049459619216115885
0.6091237255007401, 0.6011740150385962, 0.6031304942886989, 0.04922359773135582
0.612826081392666, 0.5974580824999305, 0.6031408633734533, 0.0485694803753791
0.6164590834904274, 0.5938033307818492, 0.6031574745191053, 0.04750282095914352
0.6199921494796584, 0.590241079583365, 0.6031797645524323, 0.0460326761828609
0.6233956401575624, 0.5868019575876068, 0.6032069777636038, 0.04417152899023123
0.6266410985776054, 0.5835156297738717, 0.6032381915246433, 0.04193518289906609
0.629701476396696, 0.5804105301173692, 0.6032723475671015, 0.03934262817825619
0.6325513460242017, 0.5775136024651494, 0.6033082878589839, 0.0364158809762274
0.6351670973675037, 0.5748500523855897, 0.603344793864988, 0.03317979673423027
0.6375271181541983, 0.5724431127537668, 0.6033806278592745, 0.029661859437203703
0.6396119569831177, 0.5703138257543021, 0.6034145748902598, 0.02589194846360275
0.6414044684125793, 0.5684808438562107, 0.6034454839746102, 0.021902084991455878
0.6428899395330749, 0.5669602521415058, 0.6034723071235782, 0.017726160098926365
0.6440561975922925, 0.5657654141526124, 0.6034941348781606, 0.013399646861703588
0.6448936983431527, 0.5649068431660074, 0.6035102271478069, 0.008959298894592299
0.6453955948715456, 0.564392100505084, 0.6035200383065958, 0.004442837908784712
0.6455577867315325, 0.5642257221791921, 0.6035232356955123, -0.00011136704225321879
0.6453789492745525, 0.5644091747842205, 0.6035197109031112, -0.0046646258780461145
0.6448605431087191, 0.5649408412297564, 0.6035095834418364, -0.009178256565301633
0.6440068036682112, 0.5658160364761312, 0.6034931966952595, -0.013613914122936471
0.6428247109148247, 0.5670270530792471, 0.6034711062737446, -0.017933916730489743
0.6413239392378557, 0.5685632359597387, 0.6034440611736096, -0.022101566139639525
0.6395167876684131, 0.5704110854434422, 0.6034129783789868, -0.026081459641782663
0.6374180905835474, 0.5725543872696375, 0.6033789117679794, -0.029839790923151747
0.6350451091473526, 0.5749743679389179, 0.60334301637786, -0.03334463724153328
0.6324174038229783, 0.5776498734797852, 0.6033065092413356, -0.03656623048383155
0.6295566883931273, 0.5805575694573559, 0.6032706281220553, -0.03947720980974079
0.6264866660481933, 0.5836721598329492, 0.6032365895486079, -0.042052853751714095
0.6232328482408616, 0.5869666221127432, 0.6032055475698473, -0.044271289823203684
0.6198223571630528, 0.5904124560989003, 0.6031785546297546, -0.046113679883691985
0.6162837128738774, 0.5939799434780667, 0.6031565258880189, -0.04756437971825733
0.6126466062932316, 0.5976384154493033, 0.6031402081955805, -0.04861107150928436
0.6089416594714199, 0.6013565256044741, 0.60313015477651, -0.04924486810651496
0.6052001747465459, 0.60510252532603, 0.6031267064741309, -0.04946038823712045
0.6014538746036239, 0.6088445390562515, 0.6031299801968277, -0.04925580203817306
0.5977346342470548, 0.6125508369137275, 0.6031398649550148, -0.04863284653822362
0.5940742090856723, 0.6161901022820607, 0.6031560256235291, -0.047596810961168565
0.5905039595011711, 0.619731692166891, 0.603177914301979, -0.046156491972788274
0.587054575420569, 0.6231458883045546, 0.6032047888881441, -0.04432411923685042
0.5837558033358784, 0.6264041372032086, 0.6032357382351057, -0.04211525189207707
0.5806361785041637, 0.6294792774993813, 0.6032697130396449, -0.03954864680208425
0.5777227651141233, 0.632345753214388, 0.6033055614151621, -0.036646099666044894
0.5750409072173943, 0.6349798116909798, 0.6033420679434757, -0.033432260306614114
0.572613993191102, 0.6373596851768735, 0.6033779948818144, -0.029934423671773368
0.5704632364208916, 0.6394657551949732, 0.603412124128078, -0.026182298296775867
0.5686074747700812, 0.6412806989975808, 0.6034432985215508, -0.022207754169277776
0.5670629912311843, 0.6427896175420343, 0.6034704610786035, -0.01804455212293739
0.5658433579425453, 0.6439801445472679, 0.603492690832775, -0.013728057050154775
0.5649593054981251, 0.6448425362948641, 0.6035092340636266, -0.009294937371161147
0.5644186191866539, 0.6453697419253921, 0.6035195298550625, -0.00478285332241192
0.564226063472488, 0.6455574540529483, 0.6035232291160826, -0.00023013673043866583
0.5643833356805938, 0.645404139580377, 0.6035202064186533, 0.0043245349835307366
0.5648890494789233, 0.6449110506478041, 0.6035105642510719, 0.008842467768956279
0.5657387483703012, 0.6440822156913056, 0.6034946295425074, 0.013285280054302195
0.5669249490205337, 0.6429244106306035, 0.6034729425766361, 0.0176152291698694
0.5684372138675393, 0.6414471102485032, 0.6034462386705135, 0.02179553228191354
0.5702622520855757, 0.639662419874148, 0.6034154232402542, 0.025790679086135495
0.5723840476264652, 0.637584987540639, 0.6033815410993902, 0.029566733585285943
0.5747840127329477, 0.6352318968583192, 0.6033457410313575, 0.033091622376463445
0.5774411650239506, 0.6326225409305761, 0.6033092368377159, 0.03633540699723112
0.5803323259929444, 0.6297784777413864, 0.6032732661831138, 0.03927053802419975
0.5834323385427171, 0.6267232675640031, 0.6032390486325363, 0.041872088781304585
0.5867143010059673, 0.6234822930785431, 0.6032077443035844, 0.04411796669559927
0.5901498149728516, 0.6200825630420194, 0.6031804145355015, 0.04598910053390349
0.5937092441646759, 0.6165525005260523, 0.6031579859081133, 0.04746960196198588
0.5973619815566995, 0.6129217169225792, 0.6031412188301655, 0.048546900087101455
0.6010767219607961, 0.6092207731130338, 0.6031306817615543, 0.04921184787270025
0.6048217373276844, 0.6054809293975718, 0.6031267319429444, 0.049458799549152666
0.6085651521149255, 0.6017338859832376, 0.6031295032857211, 0.04928565838469871
0.6122752161863294, 0.5980115160281866, 0.603138901832576, 0.04869389442493863
0.6159205728557587, 0.5943455934276083, 0.60315460894253, 0.04768853205554796
0.6194705198579771, 0.5907675176999894, 0.6031760920924804, 0.04627810749009169
0.6228952612154102, 0.5873080384840313, 0.6032026229293024, 0.044474596531427074
0.6261661481666271, 0.5839969822812826, 0.6032333019608516, 0.04229331319979568
0.6292559075243309, 0.5808629841721569, 0.6032670890492043, 0.039752780061837995
0.6321388560323359, 0.5779332272888802, 0.603302838672784, 0.03687457133085181
0.6347910994875215, 0.5752331928441516, 0.6033393387622812, 0.03368313003797508
0.637190715579875, 0.572786423485974, 0.6033753517940073, 0.030205560794810078
0.6393179195779796, 0.5706143026752788, 0.6034096567476225, 0.026471399878389985
0.6411552121460377, 0.5687358526628449, 0.6034410905056926, 0.022512364567311385
0.6426875087200036, 0.5671675534760001, 0.6034685872912734, 0.01836208384122614
0.6439022499937954, 0.5659231851153078, 0.6034912148060789, 0.014055812722607952
0.6447894931719725, 0.5650136949096874, 0.6035082058435213, 0.00963013268772547
0.645341983733697, 0.5644470916892335, 0.6035189843043064, 0.005122640701120347
0.6455552075259462, 0.5642283681132874, 0.6035231847320245, 0.0005716295328324578
0.645427423064382, 0.564359452143162, 0.6035206647059748, -0.003984237901383941
0.6449596739709877, 0.5648391882809217, 0.6035115096707617, -0.00850625738076978
0.6441557815221202, 0.5656633488151382, 0.6034960300388008, -0.01295601257529267
0.6430223173227001, 0.5668246749291636, 0.6034747506640417, -0.017295701767164877
0.6415685561658261, 0.5683129471450254, 0.6034483930440442, -0.021488459292118338
0.639806409185924, 0.5701150842042358, 0.6034178508542372, -0.025498668943790877
0.6377503374712054, 0.5722152691329848, 0.6033841596443366, -0.029292266659369764
0.6354172463709518, 0.5745951009102978, 0.6033484617248732, -0.03283702990371512
0.6328263608175173, 0.5772337698598607, 0.6033119674348031, -0.03610285129108602
0.6299990820839833, 0.580108254624669, 0.6032759141037726, -0.03906199412660921
0.6269588265172492, 0.5831935383626676, 0.6032415241006209, -0.04168932771185256
0.62373084692333, 0.5864628416242342, 0.6032099633904979, -0.04396254043825915
0.6203420374361638, 0.5898878692406444, 0.6031823020055497, -0.045862328886667345
0.6168207228718059, 0.5934390684672466, 0.6031594777690786, -0.047372561358595695
0.6131964337540753, 0.5970858955854784, 0.6031422645026598, -0.048480414483372584
0.6094996683922461, 0.6007970881724151, 0.6031312457936384, -0.04917648177258695
0.605761643592198, 0.6045409402925477, 0.6031267952119145, -0.049454853227898554
0.6020140357848411, 0.6082855779503089, 0.6031290636463434, -0.049313165348268226
0.5982887145543497, 0.6119992322590095, 0.6031379741898061, -0.048752621126545506
0.5946174707382027, 0.6156505079272998, 0.6031532247462571, -0.04777797987160333
0.5910317414453696, 0.6192086448324428, 0.6031742982714073, -0.04639751693938372
0.5875623344924792, 0.622643770634893, 0.6032004803000925, -0.04462295370292798
0.5842391548847241, 0.6259271425849777, 0.603230883166438, -0.04246935833627392
0.5810909360634705, 0.6290313768743079, 0.6032644760961307, -0.03995501822855209
0.5781449787012878, 0.6319306640864013, 0.6033001201510316, -0.037101285081131676
0.5754268998435239, 0.6346009694980783, 0.6033366068418157, -0.03393239397059408
0.57296039517056, 0.6370202171711266, 0.603372699099849, -0.030475257881849217
0.5707670170845013, 0.6391684569490619, 0.6034071732193845, -0.026759239426947835
0.5688659712074018, 0.6410280136337658, 0.6034388603480697, -0.02281590166406876
0.5672739337155017, 0.6425836177595965, 0.6034666861188884, -0.018678740115692857
0.5660048917269065, 0.6438225175073352, 0.6034897070795203, -0.014382898253016464
0.5650700087113737, 0.6447345714070728, 0.6035071426835454, -0.009964868863144155
0.5644775166042997, 0.6453123215687672, 0.603518401758339, -0.005462183844576571
0.5642326359875715, 0.6455510472534597, 0.6035231025517791, -0.0009130950831884317
0.5643375253535198, 0.6454487986593918, 0.6035210856776593, 0.0036437508562665193
0.5647912601014603, 0.6450064108486048, 0.6035124195205961, 0.00816964143032903
0.565589841536503, 0.6442274977844588, 0.603497397917051, 0.012626127384102341
0.5667262357550297, 0.6431184264926476, 0.6034765301911493, 0.016975349755706325
0.5681904419183086, 0.6416882714015948, 0.6034505238833584, 0.021180361809237977
0.5699695890428464, 0.6399487489664176, 0.6034202607579926, 0.02520544313500116
0.5720480600806652, 0.6379141327375407, 0.6033867669034707, 0.02901640322869417
0.5744076417317119, 0.6356011491037682, 0.6033511779395863, 0.03258087195854756
0.5770276981302095, 0.6330288540228336, 0.6033147005118926, 0.035868574449651205
0.5798853662823357, 0.6302184911521885, 0.6032785713790965, 0.0388515880562118
0.5829557709084661, 0.6271933319102823, 0.6032440154808151, 0.041504579253332646
0.586212256162547, 0.623978498134223, 0.603212204407432, 0.043805018458089456
0.5896266315659995, 0.6206007681529738, 0.603184216679979, 0.04573337098308782
0.5931694294046792, 0.617088367264678, 0.6031610011864321, 0.04727326253224279
0.5968101707944272, 0.6134707437899783, 0.6031433450136618, 0.04841161786616767
0.6005176376220963, 0.609778332067093, 0.6031318467652009, 0.04913877149135083
0.6042601476119329, 0.606042303954894, 0.6031268962689642, 0.04944854946138255
0.6080058298483498, 0.6022943106127137, 0.6031286613625105, 0.04933832161816391
0.6117228982009284, 0.5985662165247795, 0.6031370822035744, 0.04880902384467366
0.6153799202410171, 0.5948898279275362, 0.6031518732986363, 0.04786515014698957
0.6189460794059574, 0.5912966179737913, 0.6031725331807968, 0.04651471463041822
0.6223914283511023, 0.5878174511228774, 0.6031983614090668, 0.04476918368137743
0.625687131625462, 0.5844823093751138, 0.6032284823130813, 0.04264337891168015
0.6288056960084288, 0.5813200230666214, 0.6032618746786684, 0.040155351663619256
0.6317211870470516, 0.5783580090021526, 0.6032974063682872, 0.03732623011119927
0.6344094305309259, 0.5756220187251587, 0.6033338727030229, 0.034180040223341604
0.63684819783053, 0.5731358997026561, 0.6033700373051816, 0.030743502077120545
0.6390173742011971, 0.5709213721355124, 0.6034046740169546, 0.027045803221164462
0.6408991093161073, 0.5689978239915943, 0.6034366084739616, 0.02311835098927721
0.6424779494358221, 0.5673821266999969, 0.6034647579239965, 0.018994505850016916
0.643740950748007, 0.5660884737407768, 0.6034881679406269, 0.014709298047318558
0.6446777735190581, 0.5651282441188437, 0.6035060447864543, 0.010299129938192292
0.6452807567902262, 0.5645098924267806, 0.6035177823282672, 0.00580146656410631
0.6455449734261295, 0.5642388668841818, 0.6035229825910385, 0.0012545171010682828
0.6454682653857058, 0.5643175563964794, 0.6035214692534533, -0.003303090081906385
0.6450512591376065, 0.5647452673107611, 0.603513293627096, -0.007832635966578978
0.6442973611872586, 0.5655182301669891, 0.6034987329164365, -0.01229564020840846
0.643212733725011, 0.5666296363578761, 0.6034782808186405, -0.016654188408178235
0.6418062504478929, 0.5680697042273258, 0.6034526307821478, -0.020871254521144397
0.640089432655292, 0.5698257737634359, 0.6034226524919997, -0.024911015638021058
0.6380763657750048, 0.5718824286851101, 0.603389362379642, -0.028739156443170474
0.6357835965438431, 0.5742216443882774, 0.6033538891575725, -0.03232316075088859
0.6332300111490397, 0.5768229599148498, 0.6033174355478467, -0.035632587639261276
0.6304366947351352, 0.5796636718402489, 0.6032812375024033, -0.03863932984104147
0.6274267727971728, 0.5827190477480559, 0.60324652229807, -0.04131785221046673
0.6242252351153106, 0.5859625567763208, 0.6032144669270769, -0.043645408261893504
0.6208587430379422, 0.5893661145814506, 0.603186158193706, -0.045602232968468784
0.6173554210887198, 0.592900339973263, 0.6031625558696903, -0.04717171021470151
0.6137446340552077, 0.596534820428391, 0.6031444601571367, -0.048340513513682154
0.6100567509101187, 0.6002383836873396, 0.6031324845616399, -0.04909871882586865
0.6063228971162458, 0.6039793726804935, 0.6031270350948104, -0.04943988854995956
0.6025746970686892, 0.6077259211067939, 0.6031282965109126, -0.04936112599567785
0.5988440086276036, 0.6114462271012805, 0.6031362260439425, -0.04886309989169366
0.5951626518858999, 0.6151088225692322, 0.6031505548573357, -0.04795003872789687
0.5915621344933253, 0.618682835929791, 0.6031707971571882, -0.046629694978358865
0.5880733760153135, 0.6221382461949583, 0.6031962666602267, -0.04491327949819117
0.584726433936257, 0.6254461265048861, 0.6032260998585509, -0.04281536663269544
0.5815502340171173, 0.6285788754417213, 0.6032592852928345, -0.040353770819246224
0.578572307781779, 0.6315104346464564, 0.6032946978419967, -0.037549395699711705
0.5758185399312084, 0.6342164914612978, 0.6033311368672355, -0.03442605699224065
0.5733129284661498, 0.6366746655096402, 0.6033673669175489, -0.031010280594158335
0.5710773602355991, 0.638864678303129, 0.6034021596168777, -0.02733107760061907
0.5691314045185684, 0.6407685051276947, 0.603434335312758, -0.02341969812456693
0.5674921270908582, 0.6423705086059002, 0.6034628030742711, -0.01930936599037475
0.5661739270280133, 0.643657553460439, 0.6034865976828857, -0.01503499654417893
0.5651883982528997, 0.6446191021130144, 0.6035049123615974, -0.010632899976319811
0.5645442175551493, 0.645247290844952, 0.6035171261322051, -0.006140472683463965
0.5642470604948424, 0.6455369863222891, 0.6035228248726755, -0.001595879308109518
0.5642995462600158, 0.6454858223511253, 0.6035218153602111, 0.00296227182032656
0.5647012121834362, 0.6450942167816337, 0.6035141318235809, 0.0074952570570590215
0.5654485182457331, 0.64436536852471, 0.6035000347823931, 0.011964566804622262
0.5665348815070396, 0.6433052346875497, 0.6034800022126992, 0.016332233035891805
0.5679507400255162, 0.6419224878773258, 0.603454713338664, 0.02056115216389766
0.5696836454462568, 0.6402284537694514, 0.6034250256002008, 0.024615400488442025
0.571718383085618, 0.638237029092318, 0.6033919455779472, 0.02846053951870467
0.5740371180009329, 0.6359645802471463, 0.6033565948618637, 0.03206390856475447
0.5766195652302546, 0.6334298228625108, 0.6033201720211615, 0.03539490210780051
0.579443182116635, 0.6306536826802349, 0.603283911965336, 0.03842522959744791
0.5824833804010524, 0.6276591382841663, 0.6032490440744108, 0.041129155482306556
0.5857137555807512, 0.6244710463162604, 0.603216750518044, 0.043483717456017076
0.589106330887694, 0.6211159499750897, 0.6031881261765525, 0.0454689210920239
0.5926318131460195, 0.6176218717590509, 0.6031641415224372, 0.04706790924514256
0.5962598577176117, 0.6140180915979262, 0.6031456097204781, 0.04826710481408393
0.5999593397397208, 0.610334911708979, 0.6031331590613671, 0.04905632568463483
0.6036986288955676, 0.6066034097135726, 0.603127211663003, 0.04942887090630313
0.6074458650345388, 0.6028551817527791, 0.6031279691611346, 0.0493815773941714
0.6111692320686672, 0.5991220775404682, 0.6031354058741726, 0.04891484669084827
0.6148372277116534, 0.5954359294844227, 0.6031492696737623, 0.048032641569252035
0.6184189267902429, 0.5918282781842571, 0.6031690905316109, 0.04674245250404978
0.6218842360396641, 0.5883300967736099, 0.6031941964530025, 0.045055234286513146
0.6252041384891535, 0.5849715167074394, 0.6032237362571339, 0.042985313302913386
0.6283509257446516, 0.5817815576980125, 0.603256708432374, 0.04055026623891352
0.6312984166780605, 0.5787878645704939, 0.6032919950886251, 0.03777077121018502
0.6340221612310003, 0.5760164538368137, 0.603328399856127, 0.03467043255103529
0.6364996282313218, 0.5734914727714575, 0.6033646884461455, 0.03127558071641669
0.6387103762990722, 0.5712349737127695, 0.6033996304986057, 0.02761504896641229
0.6406362070821974, 0.5692667062071046, 0.6034320412979098, 0.023719928704164686
0.6422613002090494, 0.5676039294607887, 0.6034608219424662, 0.01962330552616398
0.643572329473613, 0.566261247367579, 0.6034849966057131, 0.01535997821573774
0.6445585598801139, 0.5652504681396292, 0.6035037456248995, 0.010966163064418735
0.6452119252670201, 0.5645804902914934, 0.6035164332952636, 0.0064791860396111595
0.6455270863079541, 0.5642572164141584, 0.6035226294267432, 0.0019371654288086525
0.6455014687509958, 0.5642834958352003, 0.6035221239319107, -0.002621312321063743
0.6451352818111034, 0.5646590968983468, 0.6035149339501895, -0.007157520787130504
0.6444315166763891, 0.5653807092182025, 0.6035013032666414, -0.011632922957132167
0.6433959251314002, 0.5664419758811741, 0.6034816940450483, -0.016009498988050444
0.6420369783432496, 0.5678335551794849, 0.6034567711557627, -0.020250069521039995
0.6403658059033144, 0.5695432110893895, 0.6034273796300504, -0.02431861177852041
0.6383961152718794, 0.5715559313447364, 0.6033945160057834, -0.028180565736564647
0.6361440918389062, 0.5738540716199789, 0.6033592945365028, -0.03180312775766199
0.6336282798938891, 0.5764175240289877, 0.6033229094100193, -0.035155529184164536
0.6308694448936227, 0.5792239078730758, 0.603286594257906, -0.038209297529612045
0.6278904175301643, 0.5822487803381444, 0.6032515803289685, -0.040938498061807486
0.6247159202328358, 0.5854658646501959, 0.6032190547448866, -0.043319953745983714
0.6213723768875147, 0.588847293052953, 0.6031901202532564, -0.04533344170657631
0.6178877067224342, 0.5923638618720523, 0.6031657578423155, -0.046961864569899134
0.6142911034901407, 0.5959852958770744, 0.6031467934844835, -0.048191395265349296
0.6106128012670625, 0.5996805191442388, 0.6031338701357645, -0.04901159408766759
0.6068838283915677, 0.6034179296565402, 0.6031274259398705, -0.04941549705538273
0.6031357512638269, 0.6071656749510146, 0.6031276793755923, -0.04939967483912399
0.5994004099312037, 0.6108919262305013, 0.6031346218506525, -0.048964261776371455
0.5957096475757332, 0.6145651484947998, 0.6031480179929728, -0.04811295473490662
0.592095036199737, 0.618154364408089, 0.6031674136294826, -0.046852981834270876
0.5885876009659554, 0.6216294098001799, 0.6031921511821414, -0.04519504128153644
0.585217545784045, 0.6249611788927796, 0.6032213919595276, -0.043153210823224694
0.5820139828405015, 0.6281218575426767, 0.6032541445886539, -0.040744828557819926
0.579004668839205, 0.6310851429961717, 0.6032892986235509, -0.037990346091494445
0.576215750750624, 0.6338264488480407, 0.603325662191614, -0.034913155251742434
0.5736715238559996, 0.6363230940894217, 0.6033620024017312, -0.031539389797869036
0.5713942048161751, 0.6385544753084257, 0.6033970871444234, -0.027897703781807733
0.569403722391982, 0.6405022212720802, 0.6034297268668749, -0.024019028415572553
0.5677175282941245, 0.642150329266289, 0.6034588149063773, -0.019936309490713316
0.5663504304465392, 0.6434852827007064, 0.603483365014434, -0.015684227568345026
0.5653144507105725, 0.6444961495975045, 0.6035025447988633, -0.011298903313576521
0.5646187088416151, 0.6451746616776357, 0.6035157039495764, -0.0068175904834823385
0.5642693341396475, 0.6455152738368031, 0.6035223962905275, -0.002278359191292294
0.5642694059161578, 0.6455152038682312, 0.6035223949097247, 0.002280227840398694
0.5646189235384951, 0.6451744523432835, 0.6035156998539772, 0.006819443259214878
0.5653148064360233, 0.6444958026073816, 0.6035025381273071, 0.011300724477556146
0.5663509240680072, 0.6434848008912419, 0.6034833559930831, 0.01568600165102256
0.5677181554686945, 0.6421497165799822, 0.6034588038410493, 0.019938021422895146
0.5694044776083771, 0.640501482729073, 0.6034297141326708, 0.024020663656509483
0.5713950814478416, 0.6385536169700731, 0.6033970731730104, 0.027899248442751757
0.5736725142246037, 0.6363221230139563, 0.6033619876667049, 0.031540830760043694
0.5762168461991827, 0.6338253730384718, 0.6033256471924443, 0.034914480277724765
0.5790058598139504, 0.6310839713405898, 0.6032892838686458, 0.037991543929064855
0.5820152589805075, 0.6281205997471967, 0.6032541305781238, 0.04074588903540534
0.5852188960175604, 0.6249598454074038, 0.6032213791682289, 0.043154124936132826
0.5885890136123478, 0.6216280117379345, 0.6031921400435798, 0.04519580126826216
0.59209649907591, 0.6181529134578482, 0.6031674045211175, 0.04685358124223793
0.595711148105867, 0.6145636568282988, 0.6031480112234219, 0.04811338847510171
0.5994019352586794, 0.610890406404109, 0.6031346176492293, 0.04896452616641828
0.6031372883642097, 0.6071641398029299, 0.6031276778845343, 0.049399767634443564
0.6068853641855593, 0.6034163922001498, 0.6031274272095164, 0.04941541746818336
0.6106143227323919, 0.5996789924584632, 0.6031338741228494, 0.049011342793609344
0.6142925977714114, 0.5959837929945997, 0.6031468000536043, 0.04819097439782821
0.6178891612380245, 0.5923623956664191, 0.6031657667705206, 0.0469612777019979
0.6213737794327016, 0.588845876125537, 0.6031901312376031, 0.04533269382082959
0.6247172590783976, 0.585464509218163, 0.6032190674127124, 0.04331905119220633
0.6278916815157877, 0.5822474981244982, 0.6032515942505208, 0.04093744850333212
0.6308706235155428, 0.5792227099999457, 0.6032866089609126, 0.03820810987838072
0.6336293633862531, 0.5764164209153028, 0.6033229243956983, 0.03515421352521124
0.6361450712484372, 0.5738530728846608, 0.603359309296472, 0.031801695263614885
0.6383969825254868, 0.5715550457165219, 0.6033945300392952, 0.028179028572881668
0.6403665538683634, 0.5695424463243356, 0.603427392460971, 0.024316983000253783
0.6420376008802517, 0.5678329179871363, 0.6034567823487134, 0.020248362961999264
0.643396417138952, 0.5664414718603008, 0.6034817032201694, 0.01600772914330243
0.6444318741282125, 0.5653803428028927, 0.603501310112471, 0.011631104859835841
0.6451355017850888, 0.5646588713151341, 0.6035149382342236, 0.007155669880757028
0.6455015494501769, 0.5642834130717708, 0.603522125508489, 0.0026194443280948593
0.6455270270733602, 0.5642572772000284, 0.6035226282419872, -0.0019390346405790244
0.6452117265823818, 0.5645806940909117, 0.6035164293889033, -0.006481040592023955
0.644558223368413, 0.565250813156793, 0.6035037391289272, -0.010967987203985839
0.6435718578854777, 0.566261730564094, 0.6034849877399052, -0.015361756447606362
0.6422606974030314, 0.5676045465851575, 0.6034608110069353, -0.0196250227458601
0.6406354779969615, 0.569267451835855, 0.6034320286629249, -0.02372157032598437
0.6387095269175778, 0.5712358413027115, 0.6033996165920374, -0.0276166010473637
0.6364986655370926, 0.5734924547224118, 0.603364673738961, -0.03127703007465531
0.6340210931566111, 0.5760175415640312, 0.6033283848464197, -0.03467176687778463
0.6312972520460189, 0.5787890485858869, 0.603291980284729, -0.03777197917419616
0.6283496742008946, 0.5817828276992211, 0.6032566943356279, -0.040551337582581864
0.625202810429444, 0.5849728616736906, 0.603223723344886, -0.04298623892924592
0.621882842529226, 0.5883315050672683, 0.6031941851624272, -0.04505600633621912
0.6184174794770547, 0.5918297376569401, 0.6031690812448897, -0.04674306442211347
0.614835738733884, 0.5954374275865257, 0.6031492627051275, -0.04803308816043531
0.6111677139568263, 0.5991236014329591, 0.603135401459255, -0.048915124163664926
0.607444330608999, 0.6028567184201378, 0.6031279674489778, -0.04938168339297122
0.603697091160186, 0.6066049460767833, 0.6031272127110098, -0.049428804531202
0.599957811772382, 0.6103364347375324, 0.6031331628333535, -0.04905608749912728
0.5962583525585882, 0.6140195884198579, 0.6031456160879016, -0.04826669684027671
0.5926303436851089, 0.6176233297680942, 0.6031641502687518, -0.047067334946646805
0.5891049097511697, 0.6211173569341165, 0.6031881370045507, -0.04546818534464757
0.5857123950192009, 0.6244723904562518, 0.6032167630599305, -0.04348282650649712
0.582482092179225, 0.62766040839804, 0.6032490579042715, -0.04112811689542062
0.5794419774064371, 0.6306548682109439, 0.6032839266135751, -0.03842405219194307
0.5766184545080469, 0.6334309139849045, 0.6033201869904221, -0.035393595881668106
0.5740361109502611, 0.6359655679431601, 0.6033566096438876, -0.03206248461047302
0.5717174885064887, 0.6382379052191369, 0.6033919596708075, -0.028459009929159146
0.569682871172018, 0.6402292111203508, 0.6034250385253199, -0.024613778254307803
0.5679500928483274, 0.6419231202349506, 0.6034547246570374, -0.020559451063353967
0.5665343671128473, 0.643305736869454, 0.6034800115397827, -0.016330467517597834
0.5654481411595447, 0.6443657364210073, 0.6035000418011398, -0.011962751864949817
0.5647009757255844, 0.6450944473846596, 0.6035141362951927, -0.0074934081126281915
0.5642994525139595, 0.6454859137770323, 0.6035218171322349, -0.0029604045769344627
0.5642471102869207, 0.6455369378245264, 0.6035228238841733, 0.0015977489890436872
0.5645444104465426, 0.6452471028195984, 0.6035171224158218, 0.0061423289197910964
0.5651887325439018, 0.6446187760959522, 0.6035049060424504, 0.010634727000231464
0.566174399774564, 0.6436570921163812, 0.6034865889743255, 0.015036778836294725
0.5674927341331191, 0.6423699157092857, 0.6034627922706459, 0.019311088411696195
0.5691321405211778, 0.6407677855354977, 0.6034343227794319, 0.023421346045165145
0.5710782187391005, 0.6388638379196565, 0.6034021457778439, 0.027332637023955976
0.5733139019489415, 0.6366737112434011, 0.603367352241052, 0.031011738275980097
0.5758196198812534, 0.6342154311740836, 0.6033311218498971, 0.03442740055303256
0.5785734847771933, 0.6315092770947985, 0.6032946829919777, 0.03755061372976136
0.5815514978146703, 0.6285776302109444, 0.6032592711126052, 0.04035485297542982
0.5847277735667498, 0.6254448039360383, 0.6032260868278577, 0.04281630372617311
0.588074779884733, 0.6221368573049518, 0.6031962552198287, 0.044914063572278826
0.5915635904886455, 0.6186813923251608, 0.6031707876939135, 0.046630319375927924
0.5951641474843881, 0.6151073363540029, 0.6031505476909699, 0.047950498147743326
0.5988455310084795, 0.6114447107794999, 0.6031362214163885, 0.04886339043341022
0.6025762332260132, 0.6077243874803812, 0.6031282945779903, 0.04936124519266049
0.6063244339719422, 0.6039778347431312, 0.6031270359209753, 0.04943983539027658
0.6100582754260896, 0.6002368545152194, 0.6031324881177971, 0.04909849376082122
0.6137461333435511, 0.5965333130687059, 0.6031444663216277, 0.04834011845398678
0.6173568825191339, 0.5928988673314033, 0.6031625644324172, 0.047171148514325405
0.6208601543414773, 0.5893646893079276, 0.6031861688632539, 0.045601509396249795
0.6242265844837049, 0.5859611911544969, 0.6032144793405912, 0.04364452896117901
0.6274280489770943, 0.5827177535837963, 0.6032465360335568, 0.04131682464710244
0.6304378871167381, 0.579662460354634, 0.6032812520930346, 0.03863816274013937
0.6332311098483195, 0.5768218416411013, 0.6033174504977871, 0.03563129091127089
0.6357845924783508, 0.5742206290740324, 0.6033539039587873, 0.03232174540758491
0.6380772507325612, 0.5718815252011575, 0.6033893765291227, 0.028737634504261252
0.640090199355397, 0.5698249900199763, 0.6034226655088171, 0.024909400029155288
0.6418068925955941, 0.5680690470987512, 0.6034526422237569, 0.020869558964182015
0.643213246057042, 0.5666291116169877, 0.6034782902958867, 0.016652427304647874
0.644297739510301, 0.5655178424294581, 0.6034987401067506, 0.012293828517144072
0.6450515003585685, 0.564745019990529, 0.6035132982854312, 0.007830789076577771
0.6454683675339387, 0.56431745167266, 0.6035214712205932, 0.003301223681494484
0.645544935667535, 0.5642389056798909, 0.6035229817989993, -0.0012563871576405402
0.6452805794332132, 0.5645100744001541, 0.6035177788025997, -0.005803324391495354
0.6446774580123467, 0.5651285676663703, 0.6035060386453786, -0.010300959755058726
0.6437404996702802, 0.5660889360128968, 0.603488159391024, -0.01471108431053131
0.6424773664772446, 0.5673827236287671, 0.6034647472543928, -0.018996233386810862
0.6408983992517561, 0.568998550330066, 0.6034365960447456, -0.02312000512623064
0.63901654285647, 0.5709222215083255, 0.603404660248158, -0.027047369908893035
0.636847252038621, 0.5731368646672085, 0.6033700226622363, -0.030744968009623508
0.6344083780824967, 0.5756230908425982, 0.603333857680981, -0.03418139295098449
0.6317200366322672, 0.5783591789173173, 0.6032973914750367, -0.03732745814637638
0.6288044571515706, 0.5813212805959715, 0.6032618604177138, -0.040156444578203894
0.625685814612392, 0.5844836436016183, 0.6032284691664737, -0.04264432742544413
0.6223900441499094, 0.587818850496765, 0.6031983498210617, -0.04476997974064021
0.6189446395811913, 0.5912980704180377, 0.6031725235427959, -0.04651535147627059
0.6153784368619837, 0.5948913209469372, 0.6031518659359165, -0.047865622372525826
0.6117213837446105, 0.5985677373174699, 0.6031370773642628, -0.048809327440759956
0.6080042970975873, 0.6022958461829987, 0.6031286592091736, -0.04933845400736525
0.6042586095495892, 0.6060438412262984, 0.6031268968730965, -0.04944850951976988
0.6005161073220145, 0.6097798579945795, 0.6031318501048032, -0.04913855955800953
0.5968086613100584, 0.6134722454703403, 0.6031433509739851, -0.04841123574032896
0.5931679536563401, 0.6170898320441907, 0.6031610095638676, -0.04727271345806249
0.58962520222778, 0.6206021837314518, 0.603184227188962, -0.045732659622196366
0.5862108855499347, 0.623979852664716, 0.603212216690118, -0.04380415085013847
0.5829544708678114, 0.6271946140937319, 0.6032440291192139, -0.04150356276486329
0.579884148083288, 0.6302196903264375, 0.6032785859092403, -0.03885043131826578
0.5770265723622772, 0.6330299602454704, 0.6033147154395642, -0.03586728728464142
0.574406618206088, 0.6356021532283662, 0.6033511927570749, -0.03257946529699562
0.5720471477384276, 0.6379150264829176, 0.6033867811067832, -0.02901488901652995
0.5699687958706072, 0.6399495249786175, 0.6034202738639429, -0.025203834232201315
0.5681897748723073, 0.641688923308341, 0.6034505354459485, -0.02117867188065664
0.5667257006945963, 0.6431189489500798, 0.6034765398166901, -0.01697359315502099
0.565589443167711, 0.644227886516006, 0.603497405277514, -0.012624319031860745
0.5647910019316654, 0.645006662675879, 0.6035124243647334, -0.008167796687134993
0.564337409657368, 0.645448911525028, 0.6035210878395247, -0.003641885392189742
0.5642326637848999, 0.645551020235845, 0.603523101956353, 0.0009149654218605292
0.56447768765022, 0.645312154888628, 0.6035183984240741, 0.005464043170101161
0.565070321498662, 0.6447342664259067, 0.6035071367217414, 0.009966701381441297
0.5660053435006651, 0.6438220767176852, 0.6034896986905477, 0.014384688397982511
0.5672745204999133, 0.6425830447671962, 0.6034666755853955, 0.01868047268155547
0.5688666878442288, 0.6410273131315912, 0.6034388480253996, 0.022817561934647672
0.5707678572828383, 0.63916763468335, 0.6034071595235247, 0.026760813300715367
0.5729613515672207, 0.6370192798994574, 0.6033726844933266, 0.030476731991722843
0.5754279640733097, 0.6345999249396413, 0.6033365918180165, 0.033933755797441956
0.5781461414762757, 0.6319295208646086, 0.6033001052174711, 0.03710252306002848
0.5810921872603689, 0.6290301444519694, 0.6032644617572487, 0.03995612184688904
0.5842404836392624, 0.6259258311923009, 0.6032308699064961, 0.04247031822289782
0.5875637292997491, 0.6226423911906385, 0.6032004685667572, 0.0446237617075636
0.5910331902649875, 0.6192072088586321, 0.6031742884605744, 0.04639816620167814
0.5946189611031487, 0.6156490274579479, 0.6031532171886314, 0.04777846487921876
0.5982902336823382, 0.6119977197434344, 0.6031379691396912, 0.04875293776182138
0.6020155706910871, 0.6082840461516476, 0.6031290612730194, 0.04931331092306701
0.6057631812024888, 0.6045394021822037, 0.6031267955939029, 0.04945482650635018
0.6095011956552537, 0.6007955568212263, 0.6031312489160383, 0.04917628298154395
0.6131979377519238, 0.5970843840524901, 0.6031422702576534, 0.04848004531049159
0.6168221909279599, 0.593437589687037, 0.6031594859595862, 0.04737202493805941
0.6203434572197893, 0.5898864359102195, 0.6031823123519111, 0.04586162977266628
0.6237322065493481, 0.5864614660905582, 0.6032099755399505, 0.043961684566448146
0.6269601146414, 0.5831922325119437, 0.603241537639259, 0.04168832234910089
0.6300002879922866, 0.5801070297745072, 0.6032759285705785, 0.039060847809457684
0.6328274745096054, 0.5772326366554799, 0.6033119823372749, 0.03610157375342069
0.6354182586368284, 0.5745940692259066, 0.6033484765557219, 0.03283563199425818
0.6377512399610537, 0.5722143479794567, 0.6033841738986849, 0.0292907602496765
0.6398071944726538, 0.5701142816441483, 0.6034178640467369, 0.02549706682752269
0.6415692178001121, 0.5683122702160734, 0.60344840472533, 0.021486775076440257
0.6430228498803189, 0.5668241295768764, 0.6034747604359687, 0.01729394975718532
0.6441561806434309, 0.5656629398357241, 0.6034960375679448, 0.012954207652526285
0.6449599363924413, 0.5648389192749516, 0.6035115146997234, 0.0085044148766582
0.645427546641983, 0.5643593254806822, 0.6035206670621084, 0.003982373466955737
0.6455551912506078, 0.5642283849108006, 0.6035231843332922, -0.0005735000600463444
0.6453418277384544, 0.5644472517988414, 0.6035189811620598, -0.005124501431773463
0.6447891987310418, 0.5650139969205378, 0.603508200062117, -0.00963196781578819
0.6439018195134749, 0.5659236263673233, 0.6034912065793393, -0.014057606659783495
0.6426869457214431, 0.5671681300857165, 0.6034685768959148, -0.018363821349496073
0.6411545212399081, 0.5687365595610243, 0.6034410782919409, -0.022514030888473167
0.6393171064311102, 0.5706151336558258, 0.6034096431273407, -0.026472980859477923
0.6371897868739392, 0.5727873712655314, 0.6033753372267289, -0.030207043008328435
0.6347900628698966, 0.5752342491316397, 0.6033393237396286, -0.03368450089592022
0.632137720059299, 0.577934382864128, 0.6033028237018028, -0.03687581919155669
0.6292546815967939, 0.5808642289726741, 0.6032670746351707, -0.03975389432873677
0.626164842458677, 0.5839983054961488, 0.6032332885901429, -0.04229428441127783
0.6228938865959754, 0.587309428653819, 0.6032026110529088, -0.04447541644102941
0.6194690878060135, 0.590768962821596, 0.603176082110716, -0.046278769136359726
0.6159190953694208, 0.594347081062854, 0.6031546011914632, -0.0476890298209869
0.6122737056866705, 0.5980130334150272, 0.6031388965726354, -0.04869422408356627
0.6085636213447587, 0.6017354201484642, 0.6031295006928686, -0.049285817137809176
0.604820199246311, 0.6054824672698931, 0.6031267321027113, -0.0494587860489963
0.601075189635394, 0.6092223016354835, 0.6031306846661415, -0.04921166223388569
0.5973604680512455, 0.6129232231632478, 0.6031412243787085, -0.04854654388562625
0.5937077624273444, 0.6165539717862097, 0.6031579939100997, -0.047469078221904035
0.5901483777229036, 0.6200839869607729, 0.6031804247172301, -0.04598841370173865
0.5867129206211918, 0.6234836577332465, 0.6032077563174426, -0.04411712260271361
0.5834310269485369, 0.6267245615657231, 0.6032390620687836, -0.04187109459453316
0.5803310945543191, 0.6297796903248104, 0.6032732805837713, -0.039269402185156385
0.5774400244412308, 0.6326236620378345, 0.6033092517120936, -0.03633413915078919
0.5747829729428158, 0.6352329172162593, 0.6033457558726876, -0.033090233289004185
0.5723831177090902, 0.6375858987311781, 0.6033815554020083, -0.029565235053396782
0.5702614401790508, 0.6396632143973865, 0.6034154365167433, -0.025789083836523098
0.5684365270906221, 0.6414477815783493, 0.6034462504682306, -0.021793853863373458
0.5669243934046161, 0.6429249532627037, 0.6034729524930565, -0.01761348183822531
0.5657383288014537, 0.6440826251831349, 0.603494637238876, -0.01328347865129081
0.5648887696507277, 0.6449113236507914, 0.603510569463888, -0.008840627596089475
0.5643831980583627, 0.6454042738639885, 0.6035202089686061, -0.004322671672012393
0.5642260692693253, 0.6455574485206667, 0.6035232289141315, 0.0002320073526269925
0.564418768351659, 0.6453695966225552, 0.6035195269054551, 0.004784715365116073
0.5649595967168978, 0.6448422524083519, 0.6035092284637555, 0.009296775017193285
0.5658437886499799, 0.6439797243970322, 0.6034926827698761, 0.013729854689805527
0.5670635576363889, 0.6427890645644897, 0.6034704508234052, 0.01804629448670505
0.5686081718931074, 0.6412800177208983, 0.603443286419096, 0.02220942645767627
0.5704640581408031, 0.6394649512063294, 0.6034121105860244, 0.026183886306109534
0.5726149323047771, 0.637358765081743, 0.6033779803566107, 0.029935913914804713
0.5750419555083349, 0.6349787830645928, 0.6033420529248866, 0.0334336401270971
0.5777239134304206, 0.6323446245455063, 0.6033055464096633, 0.03664735734615247
0.5806374168446806, 0.6294780581265976, 0.6032696985532511, 0.03954977166182254
0.5837571209436312, 0.6264028372440263, 0.603235724756215, 0.042116234379850556
0.5870559608822269, 0.6231445185775699, 0.6032047768709828, 0.04432495101041932
0.5905054008515509, 0.6197302641074569, 0.6031779041512008, 0.046157165969943834
0.5940756939160864, 0.6161886278519016, 0.6031560176804989, 0.047597321459538766
0.5977361498163642, 0.6125493285050375, 0.6031398594862374, 0.04863318920371554
0.6014554079508616, 0.6088430093908987, 0.6031299773849127, 0.049255973961652
0.6052017128040054, 0.6051009873505746, 0.6031267064116038, 0.04946038795902437
0.6089431891771483, 0.6013549923817803, 0.6031301574626761, 0.0492446956292029
0.6126481147019218, 0.5976369000476159, 0.6031402135365471, 0.04861072829701657
0.6162851872652212, 0.5939784588584902, 0.6031565336998784, 0.04756386868480813
0.6198237851466915, 0.5904110150022891, 0.6031785646448193, 0.046113005367696705
0.6232342178571443, 0.5869652369470597, 0.6032055594457232, 0.04427045755144122
0.6264879658640431, 0.5836708425621995, 0.6032366028797999, 0.042051870790627756
0.6295579075923962, 0.5805563314932386, 0.6032706424537142, 0.03947608450559654
0.6324185322907502, 0.5776487255771994, 0.6033065240846781, 0.03656497239200876
0.6350461375477343, 0.5749733200964748, 0.6033430312267386, 0.033343257045534355
0.6374190104305637, 0.5725534486362994, 0.6033789261160423, 0.029838300344006974
0.639517591389685, 0.5704102642323653, 0.6034129917368445, 0.02607987133860786
0.641324620230806, 0.5685625393703415, 0.6034440730854277, 0.02209989360218321
0.642825263595208, 0.5670264872284447, 0.6034711163326983, 0.017932174164577645
0.6440072235108096, 0.5658156063395816, 0.6034932045573304, 0.0136121163297847
0.644860826680083, 0.5649405505938417, 0.6035095888374737, 0.00917641881572641
0.6453790942577028, 0.5644090262093782, 0.6035197136463729, 0.004662763782643887
0.6455577919425667, 0.5642257169750573, 0.6035232356903716, 0.0001094964186633931
0.6453954602681038, 0.5643922387177581, 0.6035200355501966, -0.004444701170395955
0.6448934250247293, 0.5649071235776173, 0.6035102217305593, -0.008961138966671044
0.6440557877923929, 0.5657658342931687, 0.603494126980676, -0.013401448113909352
0.6428893966032346, 0.5669608083129063, 0.6034722970105458, -0.01772790723103871
0.6414037967982745, 0.5684815311680778, 0.6034454719858217, -0.02190376316344575
0.6396111621916302, 0.5703146381712029, 0.6034145614290864, -0.025893543421755143
0.6375262067145181, 0.5724440431532204, 0.6033806133789916, -0.029663357635213765
0.6351660767823806, 0.5748510926261364, 0.6033447788534056, -0.03318118544824224
0.6325502247145061, 0.5775147434636477, 0.6033082728219088, -0.03641714841283959
0.6297002636382811, 0.5804117619345834, 0.6032723330111865, -0.039343763574580186
0.6266398044309328, 0.5835169417073399, 0.603238177940213, -0.04193617661399818
0.6233942753903976, 0.586803338270709, 0.6032069656080302, -0.04417237258617156
0.619990725483219, 0.590242517089474, 0.6031797542346302, -0.046033362497198596
0.6164576121894425, 0.5938048127324238, 0.6031574663856704, -0.047503344164914876
0.6128245751498758, 0.5974595961754, 0.6031408576969135, -0.04856983603059649
0.6091221970164504, 0.6011755474909011, 0.6031304912582767, -0.049223782816600635
0.6053817531076207, 0.6049209311857809, 0.6031267185254949, -0.04945963216008653
0.6016349516730136, 0.6086638715359944, 0.6031296674061789, -0.04927538159344065
0.5979136667695837, 0.6123726253875926, 0.6031392379239198, -0.0486725954862178
0.5942496659397224, 0.6160158500411881, 0.6031551056073542, -0.04765639180981718
0.5906743350542668, 0.6195628640072668, 0.6031767324893539, -0.04623539883330584
0.5872184028344036, 0.6229838986063237, 0.6032033853436856, -0.04442168210538171
0.5839116676904026, 0.6262503385849206, 0.6032341605412197, -0.042230642322008044
0.5807827296068323, 0.629334950120828, 0.6032680146834386, -0.039680884920270915
0.5778587298587348, 0.6322120947920064, 0.603303799975127, -0.036794062474942095
0.5751651013573706, 0.6348579282805112, 0.6033403031374075, -0.03359469120338951
0.5727253323946265, 0.6372505827692142, 0.6033762865421356, -0.03010994310505962
0.5705607464801306, 0.6393703321631157, 0.6034105301732061, -0.02636941547184021
0.5686903008437729, 0.6411997394253052, 0.603441872992099, -0.022404879703174133
0.5671304060091117, 0.6427237854586393, 0.6034692523050051, -0.018250011542751576
0.5658947686317262, 0.6439299790871291, 0.6034917397964784, -0.013940105019861974
0.5649942595437873, 0.6448084477959776, 0.6035085730074461, -0.009511772525981756
0.56443680865598, 0.645352008977201, 0.6035191811898315, -0.005002633583968119
0.5642273280454411, 0.6455562215005556, 0.6035232046606902, -0.0004509949715587135
0.5643676642096039, 0.64541941748963, 0.6035205069992591, 0.0041044750587730956
0.5648565800974108, 0.644942714233453, 0.6035111796730902, 0.00862507566639677
0.5656897671486433, 0.6441300062083863, 0.6034955389363114, 0.013072402589202812
0.5668598871867333, 0.6429879372271569, 0.603474115105259, 0.01740867476141817
0.5683566436281425, 0.641525852775503, 0.6034476345753272, 0.021597055577500766
0.5701668810999834, 0.6397557326459569, 0.6034169951891571, 0.0256019660471229
0.572274712204299, 0.6376921040362078, 0.603383235791768, 0.029389387161703927
0.5746616698392804, 0.6353519353495964, 0.6033475010053736, 0.03292714889265279
0.5773068831907102, 0.6327545110200841, 0.603311002418642, 0.0361852033639619
0.5801872752464088, 0.6299212877855433, 0.6032749775066216, 0.03913587988534621
0.5832777794665868, 0.6268757329525477, 0.6032406476743537, 0.04175411969482311
0.5865515730668723, 0.6236431453332905, 0.6032091768467004, 0.04401768843944867
0.5899803242403001, 0.6202504596902567, 0.6031816320082345, 0.0459073646177659
0.5935344505603571, 0.6167260356952345, 0.6031589470307452, 0.047407102415289296
0.5971833857687752, 0.6130994325937571, 0.6031418910143339, 0.04850416758301404
0.6008958521574623, 0.6094011709608255, 0.6031310422149836, 0.049189245236546636
0.6046401358010169, 0.6056624831346745, 0.6031267684420819, 0.049456518688183515
0.608384361981033, 0.6019150541177352, 0.6031292145900998, 0.049303718664404236
0.6120967682613668, 0.5981907549324754, 0.6031382977268639, 0.048732142505210685
0.6157459728196621, 0.5945213706089566, 0.6031537099048443, 0.04774664318803237
0.6193012358091257, 0.5909383251547975, 0.6031749286001992, 0.04635558826610242
0.6227327117101189, 0.5874724060111047, 0.6032012344259011, 0.04457078905788407
0.6260116908276671, 0.5841534906240773, 0.6032317355187656, 0.04240740066886902
0.6291108282928579, 0.5810102778562898, 0.6032653977740302, 0.039883793668405346
0.632004359127925, 0.5780700270193995, 0.603301079902902, 0.037021398480582925
0.6346682981316712, 0.5753583073273056, 0.6033375721249196, 0.0338445237779308
0.6370806235295523, 0.5728987605426279, 0.6033736371836408, 0.030380150387970352
0.639221443507676, 0.5707128795177676, 0.6034080522952413, 0.02665770243360951
0.6410731449095158, 0.5688198052139434, 0.603439650607801, 0.022708797626932092
0.642620523516461, 0.5672361446177542, 0.6034673607654517, 0.018566978820061752
0.6438508954576194, 0.5659758117666485, 0.6034902432356599, 0.014267429084356227
0.6447541894005692, 0.5650498938448484, 0.6035075221675394, 0.009846672738155968
0.6453230192639405, 0.5644665440237732, 0.6035186117005387, 0.005342264871719673
0.6455527372665903, 0.5642309024007787, 0.6035231358310247, 0.0007924720240472785
0.6454414671890777, 0.5643450460429721, 0.6035209411627604, -0.0037640532515178194
0.6449901177742927, 0.5648079687756942, 0.6035121021086934, -0.008288601138933548
0.6442023762387877, 0.565615590975171, 0.6034969183675505, -0.012742733803283706
0.6430846819085156, 0.5667607992395536, 0.6034759047608641, -0.017088612297095025
0.6416461800360523, 0.5682335154297867, 0.6034497737752413, -0.02128931832138557
0.6398986559048682, 0.5700207941992379, 0.6034194114021555, -0.02530916808181331
0.637856449383387, 0.5721069477761882, 0.6033858470948869, -0.029114015553879054
0.6355363501606401, 0.5744736964330122, 0.60335021886172, -0.032671542569067985
0.6329574739789586, 0.5771003427763876, 0.6033137346793735, -0.035951533254647956
0.6301411202793378, 0.5799639677294477, 0.6032776315352949, -0.03892613050187879
0.6271106117930846, 0.5830396458537667, 0.6032431334876998, -0.04157007229872531
0.6238911167494627, 0.5863006774795699, 0.6032114101653445, -0.043860905941777203
0.6205094545227803, 0.5897188349786275, 0.6031835371139475, -0.04577917833586586
0.6169938857121919, 0.5932646204266294, 0.6031604593333785, -0.047308600796742
0.6133738878310926, 0.5969075318600545, 0.6031429592414453, -0.04843618699009269
0.6096799179770976, 0.6006163353350238, 0.6031316301499531, -0.04915236286718108
0.605943164054213, 0.6043593400397022, 0.6031268561518188, -0.049451047691649236
0.6021952863212604, 0.6081046737939042, 0.6031287991007509, -0.049329705491815486
0.5984681512396226, 0.61182055638519, 0.6031373931246223, -0.04878936651652904
0.5947935597834348, 0.6154755683349563, 0.6031523468584447, -0.04783461851880858
0.5912029725505624, 0.6190389128552317, 0.6031731533212841, -0.046473567938659976
0.5877272341673172, 0.62248066894138, 0.6031991071024727, -0.044717771303227766
0.5843962996082265, 0.6257720337418473, 0.6032293282748108, -0.042582137407372926
0.5812389651490061, 0.6288855525477475, 0.6032627922244568, -0.04008480107941417
0.5782826067315147, 0.6317953349470781, 0.6032983643866472, -0.037246969573567275
0.5755529285399023, 0.6344772558857482, 0.6033348387100115, -0.03409274286090251
0.5730737245643283, 0.6369091405660892, 0.6033709785457307, -0.030648909312626704
0.57086665586048, 0.6390709322895083, 0.6034055585754311, -0.026944718481280324
0.5689510460987092, 0.6409448425107138, 0.6034374063563026, -0.023011632885008182
0.5673436978361793, 0.6425154825145972, 0.6034654420747241, -0.01888306088534151
0.5660587317404658, 0.6437699762525089, 0.6034887151602485, -0.014594072917817086
0.5651074507462376, 0.6446980539822735, 0.6035064365181367, -0.010181103485190652
0.5644982308417885, 0.6452921264467046, 0.603518005287094, -0.005681641453013137
0.5642364398642297, 0.6455473394003266, 0.6035230292145058, -0.001133911295138275
0.5643243853368743, 0.6454616083558378, 0.6035213379579191, 0.0034234519792473578
0.5647612920164398, 0.64503563347359, 0.6035129888614831, 0.007951731426479093
0.5655433094383188, 0.6442728945624421, 0.6034982650113655, 0.012412457473503464
0.5666635493629917, 0.6431796262025211, 0.6034776656361133, 0.01676773509693792
0.5681121526434296, 0.6417647730436057, 0.603451889177666, 0.02098056606578491
0.5698763846597954, 0.6400399253807972, 0.603421809607366, 0.025015163483670284
0.5719407581113425, 0.6380192351655652, 0.6033884467904367, 0.02883725593819062
0.574287181623081, 0.6357193126783236, 0.6033529319042198, 0.032414378661107565
0.5768951323227917, 0.633159104171169, 0.6033164690831367, 0.03571614922230075
0.5797418502776754, 0.6303597508883044, 0.6032802945911626, 0.038714525420903326
0.5828025524537489, 0.6273444299882859, 0.603245634906286, 0.041384043197007545
0.5860506636782712, 0.6241381780270135, 0.6032136651381453, 0.043702032564714915
0.5894580619480785, 0.6207676978127921, 0.603185469188536, 0.04564880976002953
0.5929953353355922, 0.6172611496135217, 0.603162003005236, 0.0472078440030595
0.5966320476990847, 0.6136479278787295, 0.6031440621745884, 0.048365897491146614
0.6003370104030212, 0.6099584248326165, 0.6031322549511027, 0.04911313746593485
0.6040785572953854, 0.6062237824945905, 0.6031269816380013, 0.04944321943116245
0.6078248202682598, 0.6024756348862156, 0.6031284210173713, 0.049353340837395815
0.6115440028412493, 0.5987458423830031, 0.6031365242896902, 0.04884426479341307
0.6152046493495732, 0.5950662203603659, 0.6031510167280627, 0.047920313609977075
0.618775907484344, 0.5914682644595947, 0.6031714069911156, 0.04658933222887977
0.6222277821159603, 0.5879828749560827, 0.6031970037790316, 0.044862621836977985
0.6255313785267979, 0.5846400828425168, 0.6032269392683596, 0.04275484421006623
0.6286591333808215, 0.5814687803391433, 0.6032601985315345, 0.04028389757337558
0.6315850319598827, 0.5784964586066905, 0.6032956539441482, 0.03747076500270333
0.6342848103943618, 0.5757489554610942, 0.6033321034138833, 0.03433933662101268
0.6367361418051029, 0.5732502158696681, 0.6033683111353487, 0.030916207068015053
0.6389188054506206, 0.5710220679436464, 0.6034030494892719, 0.027230449932860862
0.6408148381355452, 0.5690840170310912, 0.6034351406655305, 0.023313371040623115
0.6424086672812437, 0.5674530603571384, 0.6034634965986684, 0.019198242669677013
0.6436872251865855, 0.5661435244568626, 0.603487155861604, 0.014920020947267916
0.6446400441157369, 0.565166927402244, 0.603505316266231, 0.010515048822443095
0.6452593319415504, 0.5645318675425569, 0.6035173620651035, 0.006020747147128572
0.6455400281491176, 0.5642439401618183, 0.6035228848314333, 0.0014752965056515543
0.6454798400667925, 0.5643056831134943, 0.6035216973090368, -0.0030826874811384214
0.6450792592443477, 0.5647165521280416, 0.6035138397623305, -0.007614482590087233
0.644341557943404, 0.5654729261102523, 0.6034995786109327, -0.01208158934620413
0.6432727657475188, 0.5665681423583424, 0.6034793973951947, -0.01644605845869188
0.641881626342294, 0.5679925612530949, 0.6034539803791895, -0.02067081352981224
0.6401795345633282, 0.5697336595908324, 0.6034241893474567, -0.024719966268103077
0.638180453865508, 0.5717761513760587, 0.6033910343826705, -0.028559121507299445
0.6359008144342349, 0.5741021345552549, 0.60335563961552, -0.032155669426678433
0.6333593922404839, 0.5766912618688398, 0.6033192051085137, -0.03547906248605356
0.6305771694392134, 0.5795209337291864, 0.6032829661664175, -0.03850107472762202
0.6275771766259081, 0.5825665108032826, 0.603248151453134, -0.041196041255443
0.6243843175994478, 0.5858015437924454, 0.6032159413351237, -0.043541075879480765
0.621025177430637, 0.5891980177606634, 0.6031874278635962, -0.04551626510279355
0.6175278148032997, 0.5927266082685542, 0.6031635777519779, -0.04710483683549592
0.6139215397765468, 0.5963569465213333, 0.6031451996034642, -0.04829330243550932
0.6102366783096254, 0.6000578907351897, 0.603132916499305, -0.04907157090187883
0.6065043250906706, 0.603797800964521, 0.6031271448767095, -0.04943303427971762
0.6027560864131767, 0.6075448147091208, 0.6031280804120609, -0.049374623574907545
0.5990238150438888, 0.6112671207313538, 0.6031356913877458, -0.04889683471992137
0.5953393392175709, 0.6149332286536059, 0.6031497197673357, -0.048003724378027135
0.5917341880719204, 0.6185122320704445, 0.6031696899426955, -0.04670287562024045
0.5882393159939622, 0.6219740630921813, 0.6031949248566543, -0.045005333756302
0.5848848284818928, 0.6252897364311325, 0.6032245689549677, -0.042925512846260214
0.5816997122282224, 0.6284315813430137, 0.6032576171898548, -0.04048107366147316
0.5787115721963827, 0.6313734599381857, 0.6032929490922643, -0.03769277410146993
0.5759463784896407, 0.6340909705758444, 0.6033293667581382, -0.0345842933044839
0.573428225794969, 0.6365616352443055, 0.6033656354611563, -0.03118203091281855
0.5711791081232377, 0.6387650700086014, 0.6034005255152394, -0.027514883167642792
0.5692187114596361, 0.640683137769789, 0.603432853967551, -0.023613997709343415
0.5675642267846277, 0.642300082726678, 0.6034615247082925, -0.01951250914711404
0.5662301857273251, 0.643602646059053, 0.6034855656370945, -0.015245257632936684
0.5652283208723992, 0.644580162461737, 0.6035041616254686, -0.010848492828435315
0.5645674524622082, 0.6452246372517605, 0.6035166821572464, -0.006359565786271583
0.564253402922461, 0.6455308038480115, 0.6035227027093606, -0.0018166113789825167
0.5642889402981475, 0.6454961614863646, 0.6035220191476086, 0.0027417760041648104
0.5646737513232067, 0.6451209930863269, 0.6035146546489943, 0.007276870708914135
0.5654044444695586, 0.6444083632310804, 0.6035008589157767, 0.011750145195980093
0.5664745829363322, 0.6433640962651805, 0.6034810997078933, 0.01612359771826152
0.567874747156108, 0.641996734556931, 0.6034560469810539, 0.020360075480320053
0.569592626019508, 0.640317477019474, 0.6034265501686463, 0.024423590507430606
0.5716131356600546, 0.638340098039559, 0.6033936093781725, 0.028279625519459395
0.5739185643048517, 0.6360808470291037, 0.6033583414793012, 0.03189542719740324
0.5764887413897394, 0.6335583288948041, 0.6033219422337869, 0.03524028434624924
0.5793012288656445, 0.6307933658174139, 0.6032856457516336, 0.03828578859524788
0.5823315323904161, 0.6278088408462056, 0.6032506826483797, 0.0410060754338674
0.585553329910954, 0.6246295239461945, 0.6032182383222445, 0.0433780435566085
0.588938714996158, 0.6212818812855555, 0.6031894127656379, 0.04538155068041865
0.5924584521831512, 0.6177938687170516, 0.6031651832733189, 0.04699958420255951
0.5960822415472589, 0.6141947105880655, 0.6031463713111709, 0.04821840528238955
0.5997789896989353, 0.6105146652058882, 0.6031336146683944, 0.04902766515564949
0.6035170844458555, 0.6067847784844738, 0.6031273458367931, 0.04942049272262142
0.6072646704322817, 0.6030366275013322, 0.6031277773497401, 0.049393552690221734
0.6109899231763521, 0.5993020558935069, 0.6031348945775766, 0.04894707379106919
0.6146613190641812, 0.595612903214142, 0.6031484562235364, 0.048084846848313184
0.6182478990222047, 0.5920007305502036, 0.6031680025033967, 0.04681419270207239
0.6217195237703222, 0.5884965448616613, 0.603192870731717, 0.04514590026030838
0.6250471187522592, 0.5851305246371775, 0.6032222177865767, 0.04309413518243213
0.6282029070404149, 0.5819317495656903, 0.6032550486916026, 0.04067631994645582
0.6311606287148482, 0.5789279369924236, 0.6032902503467358, 0.03791298628853216
0.6338957454148669, 0.5761451879576185, 0.603326629264588, 0.034827601235619926
0.6363856289525143, 0.5736077456033815, 0.6033629520333457, 0.03144636817603065
0.6386097330563283, 0.5713377686762112, 0.6033979871346051, 0.02779800462685649
0.6405497474781076, 0.5693551227487519, 0.6034305466983968, 0.023913498559772834
0.6421897338430504, 0.5676771916341622, 0.6034595267796052, 0.01982584533538018
0.6435162427533683, 0.5663187112713522, 0.6034839447899552, 0.01556976746900344
0.6445184117670646, 0.5652916281216194, 0.6035029728160263, 0.011181419605620187
0.6451880439677703, 0.5646049838405431, 0.6035159656931767, 0.006698081216351669
0.6455196669197205, 0.5642648276779628, 0.6035224828830204, 0.0021578396418855837
0.6455105718665285, 0.564274157719204, 0.6035223034122688, -0.0024007338023145242
0.6451608330861021, 0.5646328917188058, 0.6035154333660917, -0.006938911879443487
0.644473307360331, 0.5653378679010265, 0.6035021056817671, -0.011418140824917485
0.6434536135606496, 0.5663828757168311, 0.6034827722496106, -0.015800368248971054
0.6421100923932053, 0.5677587161627448, 0.6034580885891991, -0.020048366731187726
0.6404537463939177, 0.5694532908905592, 0.6034288916207758, -0.024126050330202473
0.638498160317927, 0.5714517189760117, 0.6033961712859492, -0.027998781297877313
0.6362594021331297, 0.5737364798762297, 0.6033610369803825, -0.031633664378024354
0.6337559049065369, 0.5762875807964404, 0.6033246799370562, -0.034999826183892524
0.6310083299672444, 0.5790827464116981, 0.6032883328358877, -0.03806867728451035
0.6280394118423795, 0.5820976286538806, 0.6032532280093971, -0.04081415478574237
0.6248737855930929, 0.5853060340814138, 0.6032205556615434, -0.04321294336557124
0.6215377973261992, 0.5886801662014455, 0.6031914235162041, -0.045244672912578054
0.618059298822303, 0.5921908800126755, 0.6031668192631416, -0.04689209111976694
0.6144674274010256, 0.5958079459816358, 0.6031475770743091, -0.04814120960069381
0.6107923723352939, 0.5995003206546633, 0.6031343493252623, -0.04898142231934211
0.6070651293257932, 0.6032364211397566, 0.6031275844799437, -0.04940559535745668
0.6033172447491044, 0.606984400763645, 0.6031275118881994, -0.049410127281353196
0.5995805515936712, 0.6107124233154883, 0.6031341340111145, -0.04899497961293453
0.5958868991910766, 0.6143889334248369, 0.6031472263375884, -0.04816367715523173
0.5922678790303797, 0.6179829207823961, 0.6031663449949679, -0.046923278169803954
0.5887545491046547, 0.6214641760920679, 0.6031908417958854, -0.045284314650360244
0.5853771593756798, 0.6248035368358645, 0.6032198862114908, -0.04326070318260243
0.5821648810495049, 0.6279731211337999, 0.6032524935265222, -0.04086962712307592
0.57914554242758, 0.6309465481833163, 0.6032875582221454, -0.03813139106823614
0.5763453741309399, 0.6336991439620483, 0.6033238914552045, -0.03506924881735354
0.5737887664853583, 0.6362081310693016, 0.6033602613635805, -0.03170920625755108
0.5714980418009356, 0.6384528017616699, 0.6033954348313773, -0.028079800814310326
0.56949324417908, 0.6404146734037945, 0.6034282192980077, -0.02421185931422941
0.5677919493330889, 0.6420776257041816, 0.6034575031935601, -0.02013823629659297
0.5664090967167044, 0.6434280192370838, 0.6034822936292346, -0.015893534984333154
0.5653568460203914, 0.6444547948644186, 0.6035017500645702, -0.011513813281132757
0.5646444598211511, 0.6451495537671113, 0.603515212809489, -0.007036277297746234
0.5642782138630739, 0.6455066178746188, 0.6035222253943043, -0.002498965025244369
0.5642613361080762, 0.6455230705468573, 0.6035225500487843, 0.002059577135820776
0.564593975335794, 0.6451987774171609, 0.6035161757651044, 0.00660062221472478
0.5652731996955006, 0.644536387351616, 0.6035033186711358, 0.011085592061846436
0.5662930252286387, 0.643541313522734, 0.6034844147013895, 0.015476385460837648
0.5676444739959546, 0.6422216946379189, 0.6034601048142957, 0.019735702142621114
0.5693156610659621, 0.6405883364092969, 0.6034312132573463, 0.023827359920531636
0.5712919092591783, 0.6386546334050116, 0.6033987196174692, 0.027716602230084545
0.573555890202345, 0.6364364714863554, 0.6033637256047657, 0.03137039344581974
0.5760877899351438, 0.6339521111130096, 0.6033274176962833, 0.034757699460115414
0.5788654970344458, 0.6312220518924866, 0.6032910269067988, 0.037849751143174556
0.5818648109825264, 0.6282688788610725, 0.6032557870508377, 0.040620288457732884
0.5850596683096059, 0.6251170911129226, 0.603222892911158, 0.04304578317442023
0.588422383889911, 0.6217929135411985, 0.6031934597318991, 0.045105638322061235
0.5919239046654586, 0.6183240926191717, 0.6031684854095123, 0.04678236270941448
0.5955340730129297, 0.614739677328, 0.6031488166629828, 0.048061719068867075
0.5992218969551514, 0.6110697865284866, 0.6031351203298433, 0.048932844596421846
0.6029558244475982, 0.6073453642728452, 0.6031278607606774, 0.04938834289406531
0.6067040190386267, 0.6035979247548171, 0.6031272840780776, 0.04942434655851513
0.6104346343058242, 0.5998592887974556, 0.6031334098334058, 0.04904054990278352
0.6141160846049669, 0.5961613139719476, 0.6031460303440279, 0.04824021154241609
0.6177173098273568, 0.5925356206223158, 0.6031647177334845, 0.04703012682522417
0.6212080320400013, 0.5890133162338322, 0.603188838436061, 0.045420570330403975
0.6245590020754402, 0.58562472072182, 0.6032175746743216, 0.04342520890872775
0.6277422343381862, 0.5823990953267344, 0.6032499521818636, 0.041060985978543074
0.6307312282972123, 0.5793643778761125, 0.6032848732318614, 0.03834797803111989
0.6335011753335924, 0.5765469272098752, 0.6033211538520724, 0.03530922453181039
0.6360291498046738, 0.5739712795591294, 0.6033575639649599, 0.031970532628797864
0.6382942833672006, 0.5716599196176118, 0.6033928690922729, 0.02836025829704547
0.6402779217685355, 0.5696330689478584, 0.6034258722102172, 0.024509065749437738
0.6419637634653648, 0.5679084942208851, 0.6034554543360566, 0.020449667137984705
0.6433379795616979, 0.5665013375996374, 0.6034806124698153, 0.01621654474322702
0.6443893146722945, 0.565423971344933, 0.6035004936042871, 0.011845658007561592
0.6451091684143417, 0.5646858784514988, 0.6035144236497682, 0.007374137906084683
0.6454916573107139, 0.5642935608154983, 0.6035219302923265, 0.002839971264861938
0.6455336569545403, 0.5642504760991536, 0.6035227590101327, -0.0017183222703723209
0.6452348243399622, 0.5645570040990698, 0.6035168817044685, -0.006262017843590935
0.6445976003110974, 0.5652104430496669, 0.6035044976525773, -0.010752514761572792
0.6436271921240567, 0.5662050359092047, 0.6034860267500284, -0.01515166479982312
0.6423315361591839, 0.5675320262910177, 0.6034620952718658, -0.019422096620431598
0.6407212408664409, 0.5691797433245265, 0.6034335146356394, -0.023527533517405906
0.6388095100796893, 0.5711337143669132, 0.6034012538867873, -0.027433101767286357
0.6366120468989919, 0.5733768041442412, 0.6033664068397544, -0.03110562694999589
0.6341469384168382, 0.575889378586751, 0.6033301549894052, -0.03451391571561865
0.6314345216567793, 0.578649491342856, 0.6032937274506378, -0.037629020605536107
0.6284972312028186, 0.5816330907147083, 0.6032583592847206, -0.04042448568925869
0.625359429125888, 0.5848142445588351, 0.6032252496253987, -0.04287657094939777
0.622047217959677, 0.5881653805407794, 0.6031955210244341, -0.04496445353445054
0.6185882376409159, 0.5916575390241992, 0.6031701813947071, -0.04667040420032145
0.6150114475069706, 0.5952606358126181, 0.6031500898408013, -0.0479799374747044
0.6113468946334669, 0.5989437319448739, 0.603135927535094, -0.048881934301604854
0.6076254699928859, 0.602675307771088, 0.6031281746262805, -0.04936873615449973
0.6038786541173208, 0.6064235386014906, 0.6031270939627777, -0.049436209844141515
0.6001382541498216, 0.6101565693215885, 0.6031327221824961, -0.04908378248916398
0.5964361343635316, 0.6138427854991912, 0.6031448684708646, -0.048314446362900484
0.5928039424104345, 0.6174510786663902, 0.6031631210291908, -0.04713473357671555
0.5892728337261085, 0.6209511036370331, 0.6031868610342033, -0.04555466080726892
0.5858731966577211, 0.6243135259117469, 0.6032152836157966, -0.04358764452106443
0.5826343809941203, 0.6275102574223373, 0.6032474251421795, -0.0412503873929483
0.5795844326543137, 0.6305146790698843, 0.6032821958878348, -0.03856273685439509
0.5767498373295493, 0.6333018487108727, 0.6033184169771824, -0.03554751694084329
0.574155275871156, 0.6358486934387013, 0.6033548603518165, -0.03223033483328998
0.5718233941686782, 0.6381341851898783, 0.6033902904065264, -0.028639363705961825
0.5697745901692719, 0.6401394988721293, 0.6034235058825739, -0.024805103697192896
0.5680268205494564, 0.641848152363139, 0.6034533805977834, -0.0207601230125981
0.5665954293651358, 0.643246127862473, 0.6034789016322758, -0.016538781346143533
0.5654930007773642, 0.644321974194855, 0.6034992036747744, -0.01217693796368926
0.5647292376830365, 0.6450668897609717, 0.6035135983645071, -0.007711646933001741
0.5643108677759374, 0.6454747859136236, 0.6035215976333729, -0.0031808421022206726
0.5642415782297799, 0.6455423306044091, 0.6035229302564844, 0.001376985476353218
0.5645219798373871, 0.6452689722020116, 0.603517551049588, 0.005923114909904778
0.5651496010659035, 0.644656943430769, 0.6035056424012964, 0.010418924804137752
0.566118912104414, 0.6437112454212315, 0.6034876080881543, 0.014826221747113504
0.5674213785952656, 0.6424396119066446, 0.6034640595823826, 0.019107565115340897
0.5690455443615614, 0.6408524536446423, 0.6034357953168447, 0.023226585414024743
0.5709771420782931, 0.6389627831956278, 0.603403773610689, 0.027148293423737316
0.5731992304906101, 0.6367861202517804, 0.6033690801741151, 0.030839377511106693
0.575692356466376, 0.6343403777863297, 0.6033328912945018, 0.03426848657013924
0.5784347398872344, 0.6316457293840575, 0.6032964339524964, 0.03740649619194142
0.5814024791377229, 0.6287244582225239, 0.6032609442206076, 0.04022675581207262
0.584569774749344, 0.6256007883001378, 0.6032276253549248, 0.04270531475457545
0.5879091685985118, 0.6223006986518064, 0.6031976070007992, 0.04482112527782352
0.5913917959453435, 0.6188517214545157, 0.6031719068953706, 0.046556220927598826
0.5949876475345702, 0.6152827251019384, 0.6031513963650271, 0.04789586871518857
0.5986658389593784, 0.6116236835162217, 0.6031367707871224, 0.048828693860766534
0.602394884511651, 0.607905433162858, 0.6031285260169241, 0.04934677607300241
0.6061429728047466, 0.6041594194366521, 0.6031269415785634, 0.04944571657293789
0.6098782415535975, 0.6004174342882893, 0.6031320711895138, 0.04912467531202716
0.6135690490268011, 0.5967113471564826, 0.6031437409396456, 0.04838637807931155
0.6171842398412375, 0.5930728314543827, 0.6031615551865438, 0.04723709343951473
0.620693402945908, 0.5895330890250826, 0.6031849099673581, 0.045686579690994364
0.6240671198323509, 0.5861225751238481, 0.6032130134727663, 0.043748002278558726
0.6272772012083339, 0.5828707265986943, 0.6032449128893166, 0.041437822339715054
0.630296910574008, 0.5798056960210852, 0.6032795267005715, 0.0387756573024543
0.6331011733400789, 0.576954094560482, 0.6033156813523926, 0.03578411468659283
0.635666770321205, 0.5743407463966264, 0.6033521510396683, 0.03248860048725624
0.637972514620777, 0.5719884574192592, 0.6033876992658371, 0.0289171037364706
0.639999411092263, 0.569917800874844, 0.6034211207662833, 0.025099959045050697
0.6417307977151016, 0.5681469224834609, 0.6034512823741525, 0.021069589120008836
0.6431524683582936, 0.566691367367176, 0.603477161442828, 0.016860229430447717
0.6442527765218332, 0.565563930905902, 0.6034978805219818, 0.012507637355261461
0.6450227197454039, 0.5647745353713193, 0.6035127371110522, 0.008048788286920983
0.6454560044565574, 0.5643301338881335, 0.6035212274808487, 0.0035215612852729696
0.6455490910989634, 0.5642346429402223, 0.6035230637551552, -0.0010355830280520993
0.6453012194379371, 0.5644889042832514, 0.6035181836727987, -0.005583929571774512
0.6447144139885702, 0.5650906767520997, 0.603506752698975, -0.010084838094046379
0.6437934695550218, 0.5660346580683361, 0.6034891584141988, -0.014500071818366687
0.6425459169116817, 0.5673125363677662, 0.6034659973712523, -0.018792122622255242
0.6409819687019064, 0.5689130707884971, 0.6034380548660453, -0.022924529957105803
0.6391144456815786, 0.5708222000936791, 0.6034062783086809, -0.026862190776084875
0.6369586834963262, 0.5730231779573055, 0.6033717450980698, -0.030571657820440107
0.6345324202558612, 0.5754967332228186, 0.6033356260897966, -0.03402142372188513
0.6318556652589725, 0.5782212531586597, 0.6032991458962885, -0.03718218850827546
0.628950549329921, 0.5811729874872094, 0.6032635413655999, -0.04002710824980472
0.6258411573522557, 0.5843262707576863, 0.6032300196467366, -0.042532022751459925
0.6225533437293286, 0.5876537604721589, 0.6031997172632511, -0.0446756603824226
0.6191145316612277, 0.5911266882584282, 0.6031736615824994, -0.04643981833238525
0.6155534973034998, 0.5947151213143785, 0.6031527359865501, -0.047809516796293916
0.6119001400613239, 0.5983882313246217, 0.6031376499251568, -0.04877312581081489
0.608185240470011, 0.6021145680697734, 0.6031289148656263, -0.049322463695949614
0.6044402073146663, 0.6058623350085042, 0.6031268269545119, -0.04945286629189603
0.6006968158435732, 0.6095996642086191, 0.6031314569786104, -0.04916322642281289
0.5969869391259645, 0.6132948881311397, 0.6031426479653875, -0.04845600326402355
0.5933422747896541, 0.6169168059254785, 0.6031600205041354, -0.04733720153593515
0.5897940695416466, 0.6204349420686301, 0.6031829856075736, -0.045816320695118914
0.5863728440196011, 0.6238197953710858, 0.6032107646781245, -0.043906274539201644
0.5831081206383434, 0.6270430765710696, 0.6032424159023368, -0.0416232818860153
0.5800281571784798, 0.6300779329411283, 0.6032768661790625, -0.038986729227346
0.5771596889090919, 0.6328991585317952, 0.6033129474993659, -0.03601900649201594
0.574527682039914, 0.6354833888713752, 0.6033494365451626, -0.032745317280213355
0.5721551012575682, 0.6378092791247425, 0.6033850961643207, -0.029193465149116603
0.570062694013789, 0.639857664884217, 0.6034187173161778, -0.025393617736989713
0.568268794100608, 0.6416117049196652, 0.603449160065291, -0.021378050707021024
0.5667891468689585, 0.6430570053514696, 0.6034753922333258, -0.01718087367113367
0.5656367582250286, 0.6441817248283821, 0.6034965243982389, -0.012837740415730967
0.5648217692761098, 0.6449766603928372, 0.603511840053651, -0.008385545893812544
0.5643513581989085, 0.6454353138002729, 0.6035208199053507, -0.0038621125692065213
0.5642296705736384, 0.6455539381283726, 0.6035231594806952, 0.0006941312028955482
0.5644577790728156, 0.6453315645695308, 0.603518779453467, 0.0052444780007926284
0.5650336730214859, 0.6447700093484787, 0.6035078283338878, 0.00975027055951838
0.5659522779629895, 0.6438738607504803, 0.603490677432525, 0.014173230562982152
0.5672055049790257, 0.6426504462875975, 0.6034679082689517, 0.018475784179559203
0.5687823291325262, 0.6411097800751794, 0.6034402928523614, 0.02262138154620903
0.5706688960343014, 0.6392644905416507, 0.6034087675031361, 0.026574807462730117
0.5728486551868768, 0.6371297286554167, 0.6033744011034393, 0.03030248063942083
0.5753025184380484, 0.6347230569262379, 0.6033383588537878, 0.03377273894698478
0.5780090415884265, 0.6320643195272896, 0.6033018627648699, 0.03695610824546274
0.5809446269465611, 0.6291754939900102, 0.603266150224445, 0.03982555251751936
0.58408374441611, 0.6260805250477337, 0.6032324320442609, 0.0423567031986089
0.5873991685347247, 0.6228051413460667, 0.6032018514093761, 0.044528065780333755
0.5908622287654304, 0.6193766558971268, 0.6031754451214798, 0.046321201961591535
0.594443070268704, 0.6158237513294205, 0.6031541084498985, 0.0477208858327994
0.5981109223563112, 0.6121762511725298, 0.6031385647815288, 0.04871523279957355
0.6018343718443462, 0.6084648786125124, 0.6031293410982032, 0.04929580018180529
0.6055816385798279, 0.6047210043556628, 0.6031267501124383, 0.04945765866031936
0.6093208505087493, 0.6009763854402165, 0.6031308796668586, 0.04919943398454618
0.6130203157790071, 0.5972628970322937, 0.6031415897564536, 0.048523318599325224
0.6166487895239704, 0.593612259428235, 0.6031585172745559, 0.04743505309560395
0.6201757331459323, 0.5900557626546216, 0.6031810883217446, 0.04594387763698454
0.6235715641075513, 0.5866239912039308, 0.6032085376606316, 0.0440624537603965
0.626807894437791, 0.5833465515624071, 0.6032399346573329, 0.04180675719319905
0.6298577563612322, 0.5802518052722625, 0.6032742148305903, 0.03919594256926115
0.6326958136606178, 0.5773666103182227, 0.6033102159393758, 0.03625218116142656
0.6352985575774357, 0.574716073635064, 0.6033467173858907, 0.033000472975556035
0.637644486240105, 0.5723233174953516, 0.6033824815983363, 0.02946843477021275
0.6397142667806192, 0.5702092624533993, 0.6034162959905545, 0.025686065774084263
0.6414908794558528, 0.5683924293919844, 0.6034470140758933, 0.021685493068373543
0.6429597432275768, 0.5668887630431744, 0.6034735943411376, 0.017500698781558657
0.64410882237496, 0.565711479135688, 0.6034951355621478, 0.013167231407012765
0.6449287138151939, 0.5648709370615043, 0.6035109073633704, 0.008721903697963516
0.6454127148930471, 0.5643745396582178, 0.6035203749846113, 0.004202479717223628
0.6455568714705006, 0.5642266613760647, 0.6035232174148676, -0.00035264628066713035
0.645360006205826, 0.5644286057457997, 0.6035193382780034, -0.004904776381259857
0.6448237269606341, 0.5649785926924854, 0.6035088691009456, -0.009415238151723643
0.6439524153171196, 0.565871775858127, 0.6034921648534988, -0.013845713563354381
0.6427531952298358, 0.5671002897107088, 0.603469791911124, -0.018158564868394213
0.6412358818806169, 0.5686533258362652, 0.6034425088490686, -0.022317154633046225
0.6394129108556277, 0.5705172374418679, 0.603411240719434, -0.026286157183174487
0.6372992478233838, 0.572675670748129, 0.6033770476838007, -0.030031858798999302
0.6349122789650998, 0.5751097216267222, 0.6033410890654208, -0.03352244409892387
0.6322716824963425, 0.5777981155475286, 0.6033045840402225, -0.03672826617895644
0.6293992817235508, 0.5807174086463747, 0.6032687702997231, -0.03962209822126077
0.6263188802015102, 0.5838422075119845, 0.603234862087544, -0.042179364451237156
0.6230560796984915, 0.5871454051225713, 0.6032040090322764, -0.04437834850515608
0.6196380818337038, 0.5905984302401575, 0.6031772571722668, -0.046200377467636056
0.616093474425258, 0.5941715074946579, 0.6031555134934091, -0.04762998004809134
0.6124520037734235, 0.5978339253592841, 0.603139515181825, -0.04865501758565348
0.6087443343001133, 0.6015543092320496, 0.6031298046334048, -0.049266786801063604
0.6050017971670634, 0.6053008968921313, 0.6031267110670111, -0.04946009344983619
0.6012561296972788, 0.6090418136908188, 0.6031303393643497, -0.04923329627192171
0.5975392076216225, 0.612745344960079, 0.6031405665146251, -0.04858832087757475
0.5938827723592768, 0.6163802032722836, 0.6031570457844365, -0.04753064345568535
0.5903181557114203, 0.6199157883567439, 0.6031792184716377, -0.04606924443802733
0.5868760044959872, 0.6233224376666168, 0.6032063328449251, -0.044216532499315106
0.5835860077722954, 0.6265716657876298, 0.6032374696274163, -0.041988239517211756
0.5804766293924993, 0.6296363910823204, 0.6032715731607012, -0.03940328735700948
0.5775748486676928, 0.6324911481647632, 0.6033074871932649, -0.036483627581026495
0.5749059119462993, 0.63511228499629, 0.6033439940803321, -0.03325405541113746
0.5724930978683407, 0.6374781435783655, 0.6033798560664194, -0.02974199949246572
0.5703574989794432, 0.6395692233911737, 0.6034138572511012, -0.025977289215170035
0.5685178222623926, 0.6413683268830742, 0.603444844815145, -0.021991901547440025
0.5669902109722792, 0.6428606864552809, 0.6034717681090727, -0.01781968951417061
0.5657880899454943, 0.6440340725071998, 0.6034937142785143, -0.013496094620233177
0.5649220362960751, 0.6448788822110384, 0.603509939218035, -0.009057845662742536
0.5643996771192215, 0.6453882087706408, 0.6035198928034413, -0.00454264650131388
0.5642256154964096, 0.6455578909909073, 0.6035232375465915, 1.1144542732501397e-05
0.564401385745413, 0.6453865430431447, 0.6035198600398141, 0.004564840909414962
0.5649254384885645, 0.6448755643614307, 0.6035098748016545, 0.009079756844023614
0.5657931557310144, 0.6440291296490516, 0.6034936203934569, 0.013517536434131991
0.5669968957553502, 0.6428541590161615, 0.6034716479385547, 0.01784047981194161
0.5685260672574018, 0.6413602683138071, 0.6034447024335817, 0.022011863720794472
0.5703672317781475, 0.6395596997792288, 0.6034136974859458, 0.025996253697368875
0.5725042331356478, 0.637467233166405, 0.6033796843344729, 0.029759805199042505
0.5749183522356593, 0.6351000776072637, 0.6033438162040746, 0.0332705511079827
0.5775884853460853, 0.6324777445354085, 0.6033073092034371, 0.036498673168227344
0.5804913436638415, 0.6296219021074765, 0.6032714010918304, 0.03941675505759808
0.5836016717871563, 0.6265562116784104, 0.6032373093132226, 0.042000014960821404
0.5868924825347549, 0.6233061470262039, 0.6032061897205419, 0.04422651569166974
0.5903353054275693, 0.6198987971783771, 0.6031790973893484, 0.04607735060817916
0.5939004460691139, 0.6163626538648996, 0.6031569508491798, 0.04753680377396712
0.5975572536268218, 0.6127273848079803, 0.6031405009448367, 0.04859248303832745
0.6012743936266752, 0.6090235942547334, 0.60313030538286, 0.04923542493619415
0.6050201233245117, 0.6052825723600116, 0.6031267098256924, 0.0494601705444168
0.6087625670057459, 0.6015360352289432, 0.6031298361741256, 0.04926481167139207
0.6124699886862875, 0.5978158576265536, 0.6031395784350309, 0.04865100700135845
0.6161110598361118, 0.5941538005497117, 0.6031556063143777, 0.047623968061109155
0.619655119917625, 0.5905812360286523, 0.6031773764138136, 0.046192415124073155
0.623072427717885, 0.5871288716757066, 0.6032041506514393, 0.04436850341325833
0.6263344016511067, 0.5838264776220582, 0.6032350212826421, 0.04216772020901726
0.6294138474099507, 0.5807026185741004, 0.6032689416731368, 0.039608753708501025
0.6322851715456529, 0.5777843937748035, 0.6033047617813817, 0.03671333471944112
0.6349245797531494, 0.5750971876684833, 0.6033412671478013, 0.03350605249985608
0.6373102588238708, 0.5726644340366719, 0.6033772200692451, 0.030014146275608042
0.6394225414023843, 0.5705073962965321, 0.6034114015628765, 0.02626727417751641
0.6412440528408923, 0.5686449665306617, 0.6034426526967197, 0.022297261536935106
0.6427598395861465, 0.5670934856487422, 0.6034699138853924, 0.018137830661243803
0.6439574786557706, 0.5658665868689211, 0.6034922608183813, 0.013824314376488334
0.644827167865484, 0.5649750644529888, 0.6035089358022762, 0.009393355771373728
0.6453617965562549, 0.5644267693383339, 0.6035193734538009, 0.004882596703037975
0.6455569966428615, 0.5642265329864384, 0.6035232198720389, 0.0003303577287468391
0.6454111738651558, 0.5643761204182679, 0.6035203446394115, -0.004224687792652559
0.6449255191736246, 0.5648742130380775, 0.6035108452442409, -0.00874384263119958
0.6441040002251393, 0.5657164214662114, 0.6034950437748418, -0.013188714821463578
0.642953333006865, 0.5668953282160732, 0.603473475997315, -0.01752154417469199
0.6414829336500216, 0.5684005596683542, 0.6034468731876024, -0.021705523363394742
0.6397048505444117, 0.5702188864245794, 0.6034161373341883, -0.025705110825047988
0.6376336769228561, 0.5723343507693631, 0.6033823105526726, -0.029486332807709487
0.6352864441551216, 0.5747284196433606, 0.6033465397497128, -0.03301707198065837
0.632682496076152, 0.577380161232825, 0.6033100377348548, -0.0362673401562369
0.6298433447753786, 0.5802664430221962, 0.6032740420991044, -0.03920953281315336
0.6267925083936757, 0.5833621489373756, 0.6032397732546386, -0.041818663274687605
0.6235553316124911, 0.5866404130324291, 0.603208393058337, -0.04407257457548576
0.620158789675084, 0.590072867043165, 0.6031809654218102, -0.04595212724583768
0.6166312769511861, 0.5936298990480903, 0.6031584202431133, -0.0474413614504162
0.613002381241212, 0.5972809204400267, 0.6031415218825752, -0.0485276321373799
0.6093026452111188, 0.6009946384185004, 0.6031308432510587, -0.04920171608156233
0.6055633165500438, 0.6047393312611288, 0.6031267463886874, -0.049457889940364326
0.6018160886451932, 0.6084831237179262, 0.6031293701921002, -0.04929397868122945
0.598092833766816, 0.612194259991224, 0.6031386257060413, -0.048711373983623046
0.5944253309449233, 0.6158413719106994, 0.6031541991388227, -0.04771502246477213
0.590844990892783, 0.6193937400822251, 0.6031755624994825, -0.04631338382560672
0.5873825804844548, 0.6228215459751849, 0.6032019914962454, -0.04451835925999041
0.5840679494190026, 0.6260961131096574, 0.6032325900898369, -0.04234519071499494
0.5809297617974021, 0.6291901357067983, 0.6032663208696514, -0.039812331831202044
0.5779952353948852, 0.632077893367514, 0.6033020402233986, -0.036941291628231024
0.575289891427627, 0.6347354505411733, 0.6033385371082679, -0.033756452230216547
0.5728373175853403, 0.6371408397334923, 0.60337457410945, -0.03028486214700482
0.5706589470285229, 0.6392742275772756, 0.6034089293941437, -0.026556006837473594
0.5687738559299916, 0.6411180630487933, 0.6034404381386296, -0.022601558479596724
0.5671985819753271, 0.6426572072544561, 0.6034680320236824, -0.018455107055589108
0.5659469660275084, 0.6438790443362362, 0.6034907754589178, -0.014151875027576689
0.5650300189101465, 0.6447735731500982, 0.603507897307449, -0.009728418027685752
0.5644558149752923, 0.6453334794604794, 0.6035188170347419, -0.005222314114285952
0.5642294138007677, 0.6455541884673301, 0.6035231643945985, -0.0006718442515748681
0.564352811014301, 0.6454338975429109, 0.603520791984407, 0.003884333248765238
0.5648249188741172, 0.6449735891064141, 0.6035117802436731, 0.008407511528704881
0.5656415768553542, 0.6441770236091283, 0.6034964347262559, 0.012859264402266441
0.5667955921063065, 0.6430507126449361, 0.6034752757388436, 0.017201773161737564
0.5682768092559257, 0.6416038722444358, 0.6034490206972252, 0.0213981481648746
0.5700722086818663, 0.639848356459635, 0.6034185597989477, 0.02541274244508862
0.5721660319940864, 0.6377985714036138, 0.6033849258376524, 0.029211454660850806
0.5745399331594966, 0.6354713699789838, 0.6033492591830326, 0.032762018799110296
0.5771731533945309, 0.6328859276130112, 0.6033127691142265, 0.03603427816893449
0.5800427176901277, 0.6300635994179308, 0.6032766928179872, 0.03900044136415497
0.5831236506116765, 0.6270277593134229, 0.603242253441999, 0.04163531803562367
0.5863892088382059, 0.6238036217848272, 0.6032106186255617, 0.04391653249272186
0.58981112777233, 0.6204180471048082, 0.6031828609134859, 0.04582471334792683
0.5933598794660851, 0.6168993310164622, 0.6031599213950525, 0.04734365762543074
0.5970049390671563, 0.613276980059743, 0.6031425778003889, 0.048460467972987045
0.6007150569936334, 0.6095814739174438, 0.6031314181354548, 0.04916566184338003
0.6044585340905665, 0.6058440163577079, 0.6031268207490333, 0.049453251746337065
0.608203497104613, 0.6020962765524444, 0.6031289415071281, 0.04932079591161904
0.6119181719295457, 0.5983701227499049, 0.6031377085093182, 0.0487694189478393
0.6155711522202694, 0.5946973504693833, 0.6031528245260803, 0.047803802327770255
0.6191316611407394, 0.5911094075607656, 0.6031737770745054, 0.04643214477807127
0.6225698041960571, 0.5876371186256429, 0.6031998557910321, 0.04466609289810368
0.6258568112951531, 0.5843104114242886, 0.6032301765125605, 0.04252064257736571
0.6289652663922174, 0.581158047988738, 0.6032637112499595, 0.04001401202262003
0.6318693232569782, 0.5782073632218317, 0.603299323038242, 0.03716748744243117
0.6345449061211137, 0.5754840137813823, 0.6033358044822779, 0.03400524266692065
0.6369698941363182, 0.57301174002465, 0.6033719186915503, 0.030554134202290525
0.6391242887551276, 0.5708121437189111, 0.6034064412162802, 0.026843473431149675
0.640990363305961, 0.5689044841082855, 0.6034382015631293, 0.02290477786889835
0.64255279417703, 0.5673054947653658, 0.6034661228827591, 0.01877150357129577
0.6437987731489234, 0.5660292234500761, 0.6034892584833328, 0.01447876095676372
0.6447181005228175, 0.5650868969503272, 0.6035068239315498, 0.010063016456892913
0.6453032587812582, 0.5644868125932326, 0.6035182236523342, 0.00556178253806852
0.6455494665929953, 0.564234257796873, 0.6035230711248187, 0.0010132987443157073
0.6454547130349098, 0.5643314586867133, 0.6035212019894667, -0.003543793505152895
0.6450197719555535, 0.5647775584343874, 0.603512679621629, -0.008070779571884975
0.6442481964498, 0.5655686255969553, 0.603497792982433, -0.012529200883463671
0.6431462934562636, 0.5666976923495162, 0.6034770468199261, -0.016881182018032046
0.6417230785323726, 0.5681548221209733, 0.6034511445529257, -0.02108975277863666
0.6399902109101452, 0.5699272057695844, 0.6034209644182751, -0.02511916249483308
0.6379619089923871, 0.5719992850790668, 0.6033875296907023, -0.028935183861372456
0.6356548465174557, 0.5743529020244191, 0.6033519739854739, -0.03250540372057004
0.6330880297036122, 0.576967471955511, 0.6033155028207224, -0.03579949831471713
0.6302826557833457, 0.5798201785812146, 0.603279352743039, -0.03878949067595196
0.6272619534551398, 0.5828861884117846, 0.6032447494023899, -0.04144998798145254
0.6240510059153989, 0.5861388821355366, 0.6032128659978591, -0.04375839687963738
0.6206765572861422, 0.5895501002697013, 0.6031847835029638, -0.04569511498616022
0.6171668034231718, 0.5930904003354338, 0.6031614540187821, -0.047243696954772624
0.613551168272429, 0.5967293227629765, 0.6031436684969624, -0.04839099374555336
0.6098600671359465, 0.6004356627333627, 0.6031320299264568, -0.04912726393961312
0.606124658409209, 0.6041777452051842, 0.6031269328925762, -0.049446256183326875
0.6023765855541989, 0.6079237004552814, 0.6031285502009762, -0.04934526208470935
0.5986477112717328, 0.6116417375763533, 0.6031368270197752, -0.048825139128123175
0.5949698460273012, 0.6153004135174268, 0.6031514827382836, -0.04789030341959043
0.5913744732606776, 0.61886889541934, 0.6031720204793493, -0.046548692322128174
0.5878924737653496, 0.62231721418122, 0.6031977439430587, -0.0448116972873437
0.5845538518535267, 0.6256165073894008, 0.6032277810110582, -0.042694067434580915
0.5813874660210087, 0.6287392499417775, 0.6032611133116921, -0.040213784670752
0.5784207668886372, 0.6316594709026603, 0.6032966107440569, -0.037391911381055395
0.5756795452195363, 0.6343529553209316, 0.6033330697909233, -0.034252411951422645
0.5731876927906588, 0.6367974299333086, 0.6033692543219176, -0.03082194960597039
0.5709669788312266, 0.6389727318511784, 0.6034039375037693, -0.02712966025505372
0.5690368446284928, 0.6408609594910296, 0.6034359433967268, -0.02320690524972734
0.5674142187430347, 0.6424466051530219, 0.603464186826691, -0.019087005124439664
0.5661133550729338, 0.6437166687787644, 0.6034877101809115, -0.014804956579513999
0.5651456957613349, 0.6446607525278379, 0.6035057158792723, -0.01039713510634464
0.5645197606587647, 0.645271135903823, 0.6035175934197375, -0.005900985789277418
0.5642410647350884, 0.6455428312362282, 0.6035229400804867, -0.0013547049270582034
0.5643120644919003, 0.6454736193871224, 0.6035215745764054, 0.003203084798059549
0.5647321340610604, 0.645064065603421, 0.6035135432066004, 0.007733662815222687
0.5654975712961999, 0.6443175154810946, 0.6034991182843601, 0.012198540001244504
0.5666016337789415, 0.6432400710498075, 0.6034787889028268, 0.016559786027673027
0.5680346042780825, 0.6418405470295211, 0.6034532443496966, 0.020780351906769204
0.5697838848258031, 0.640130407358243, 0.6034233507336249, 0.0248243849694339
0.5718341182175593, 0.6381236821460289, 0.6033901216152862, 0.028657533578620407
0.5741673354086775, 0.6358368652777885, 0.6033546836393442, 0.032247238976770884
0.5767631269770694, 0.6332887929691635, 0.6033182383330468, 0.0355630117839095
0.5795988365533594, 0.6305005036778075, 0.6032820213670341, 0.0385766908025483
0.5826497738915177, 0.6274950798881503, 0.6032472606598509, 0.04126268194462514
0.5858894450680947, 0.6242974724216099, 0.6032151347466721, 0.04359817527228815
0.5892897971585321, 0.620934308075821, 0.6031867328236161, 0.04556333833636904
0.5928214746456602, 0.6174336815644147, 0.6031630178220316, 0.04714148420175951
0.5964540847681103, 0.6138249329109382, 0.6031447937642894, 0.04831921276556627
0.6001564690135144, 0.610138411643532, 0.6031326785073748, 0.049086524199905404
0.6038969780004878, 0.6064052293370348, 0.603127082797898, 0.04943690358465404
0.6076437470710129, 0.6026570022516788, 0.6031281963482212, 0.049367376034677196
0.6113649700266007, 0.5989255860172766, 0.603135981405459, 0.04887853186937158
0.6150291685825922, 0.595242804503269, 0.6031501740312486, 0.04797452161831519
0.6186054552796365, 0.5916401751923627, 0.6031702930489293, 0.04666302090392958
0.6220637877740575, 0.5881486335329471, 0.6031956563549837, 0.044955165488947735
0.6253752126236675, 0.5847982588773869, 0.6032254040420819, 0.042865457021722994
0.6285120968868227, 0.5816180047142595, 0.6032585275502076, 0.040411640254544995
0.6314483460547572, 0.5786354359679399, 0.6032939038580156, 0.0376145527476127
0.6341596070354388, 0.5758764761645153, 0.6033303335556561, 0.03449794830249708
0.6366234550969825, 0.5733651672456372, 0.6033665815086032, 0.031088295592035933
0.6388195638563535, 0.5711234447494414, 0.6034014187340364, 0.027414553666753022
0.6407298575618546, 0.5691709309689577, 0.603433664070033, 0.02350792621907897
0.6423386450637376, 0.567524748543648, 0.6034622242246739, 0.01940159667380735
0.643632734995162, 0.5661993567401098, 0.6034861308469154, 0.015130446344239774
0.6446015317955237, 0.565206412436154, 0.6035045733619312, 0.010730758046291837
0.6452371123006526, 0.5645546575420611, 0.6035169264571558, 0.006239907695462808
0.6455342827011004, 0.56424983427863, 0.6035227712866188, 0.0016960465221978697
0.6454906157330423, 0.564294629389399, 0.603521909674203, -0.0028622233717944187
0.6451064680191188, 0.5646886480006553, 0.6035143708339414, -0.007396177331568095
0.6443849775222488, 0.5654284174647484, 0.6035004103793468, -0.011867297520309811
0.643332041117778, 0.566507421137325, 0.6034805016553813, -0.016237600513168943
0.6419562723321632, 0.567916161655236, 0.603455319687166, -0.02046996029934132
0.6402689393435554, 0.5696422529066935, 0.6034257182899934, -0.02452842392118315
0.638283883394852, 0.5716705395263786, 0.6033927011171966, -0.02837851704774959
0.6360174178362448, 0.5739832424125277, 0.6033573876279915, -0.03198753687336188
0.6334882080948641, 0.5765601284569773, 0.6033209751296202, -0.03532482984822779
0.6307171329659196, 0.5793787024082231, 0.6032846981811502, -0.03836205188612141
0.6277271277341075, 0.5824144185561947, 0.603249786735568, -0.04107340885179682
0.6245430097666048, 0.585640909739155, 0.6032174244394267, -0.043435875306164724
0.6211912873692789, 0.5890302310300551, 0.6031887085037755, -0.04542938967820545
0.6176999528645389, 0.5925531153628351, 0.6031646125066408, -0.047037024237036276
0.6140982610303709, 0.5961792383083923, 0.603145953387825, -0.0482451284534372
0.6104164942324095, 0.5998774892038032, 0.6031333637545505, -0.04904344456549052
0.6066857157806039, 0.6036162458744869, 0.6031272704364211, -0.04942519439595025
0.6029375132444879, 0.6073636502638665, 0.6031278800163349, -0.049387136707782
0.5992037336612344, 0.6110878823944765, 0.6031351718275998, -0.04892959462738633
0.5955162127629201, 0.6147574302234075, 0.6031488986545035, -0.04805645291081613
0.591906500528075, 0.6183413531181076, 0.6031685951126087, -0.04677512507537938
0.5884055855217343, 0.6218095368600866, 0.6031935934248422, -0.045096490665971566
0.5850436206222079, 0.6251329382781794, 0.6032230460588442, -0.043034803170895836
0.5818496528362656, 0.6282838178140109, 0.6032559544585313, -0.04060756934434555
0.578851359972572, 0.631235958524623, 0.6032912028962402, -0.03783540093061245
0.576074796971894, 0.633964870225913, 0.6033275962981959, -0.03474184001679556
0.5735441546785325, 0.6364479776710747, 0.6033639007612353, -0.03135315946456774
0.5712815337783794, 0.6386647918369648, 0.6033988853873372, -0.02769814008551725
0.5693067365237711, 0.6405970635552566, 0.6034313640176456, -0.023807826426736376
0.5676370787139442, 0.6422289188724247, 0.6034602354509115, -0.019715263221607094
0.5662872242035734, 0.6435469756518234, 0.6034845207824651, -0.015455214733035802
0.5652690439731088, 0.6445404410422896, 0.6035033965973525, -0.011063869370640123
0.5645915015169441, 0.6452011895313983, 0.6035162228917327, -0.006578532097598575
0.5642605659936113, 0.6455238213793557, 0.6035225647753653, -0.0020373072552075655
0.5642791542418389, 0.6455057012937105, 0.6035222072189251, 0.002521225477962546
0.5646471024039201, 0.6451469772585442, 0.6035151623457993, 0.007058339211377591
0.5653611675205553, 0.6444505794779211, 0.603501669020976, 0.011535489233125834
0.5664150590766721, 0.6434221994358127, 0.6034821847509638, 0.015914640834714597
0.5677995000935065, 0.6420702491173916, 0.6034573701695715, 0.020158592753705667
0.5695023169861608, 0.6404058004832954, 0.6034280666359018, 0.024231293458848155
0.5715085570454793, 0.6384425053429343, 0.6033952677045488, 0.02809814756909844
0.5738006320654593, 0.6361964958384391, 0.6033600854358006, 0.031726309789326515
0.5763584863289524, 0.6336862658302844, 0.6033237126885801, 0.035084963860247335
0.5791597868906658, 0.6309325335711282, 0.6032873826749707, 0.03814558415654329
0.5821801338620423, 0.6279580861674509, 0.603252327147876, 0.04088217772340661
0.585393288210982, 0.6247876064597672, 0.6032197346395402, 0.043271504715833374
0.5887714144428529, 0.6214474831011811, 0.6031907101667408, 0.04529327539484799
0.5922853354289315, 0.6179656047796998, 0.6031662377685613, 0.04693032203834655
0.5959047965942185, 0.6143711397098415, 0.6031471471464808, 0.048168744339341374
0.5995987366671879, 0.6106943017106994, 0.6031340855373512, 0.048998027089102406
0.6033355622270531, 0.6069661043868874, 0.6031274957723939, 0.049411129175139956
0.6070834233562501, 0.6032181051312427, 0.603127601265662, 0.04940454316241879
0.6108104878128021, 0.5994821408686708, 0.6031343984405958, 0.04897832496899962
0.6144852112741515, 0.5957900576535692, 0.6031476568512633, 0.04813609339294975
0.6180766013655475, 0.5921734364131204, 0.6031669269941776, 0.04688499949439831
0.6215544733664297, 0.5886633172895618, 0.6031915555460221, 0.04523566608362096
0.6248896956816291, 0.5852899251706039, 0.6032207075109952, 0.0432020978116198
0.6280544233648551, 0.5820823991031115, 0.6032533945273324, 0.0408015626023564
0.6310223181843528, 0.5790685283561069, 0.6032885083737851, 0.03805444540407829
0.6337687539197236, 0.5762744979309051, 0.6033248585405212, 0.03498407546941412
0.6362710057702052, 0.5737246463054304, 0.6033612125910196, 0.03161652859835192
0.6385084229344256, 0.5714412381441281, 0.6033963379467714, 0.027980405992978755
0.6404625835867848, 0.5694442546031309, 0.6034290436781812, 0.024106591575968946
0.6421174316240793, 0.5677512037123881, 0.6034582208846628, 0.020027989814198496
0.6434593946866152, 0.566376953123471, 0.6034828802946022, 0.01577924626243503
0.6444774830705012, 0.5653335872760289, 0.6035021858099486, 0.011396453197724143
0.6451633692428325, 0.564630290760983, 0.6035154828576422, 0.006916842850868833
0.6455114477504037, 0.5642732593490677, 0.6035223205861122, 0.0023784708554293954
0.6455188753777518, 0.5642656398148904, 0.6035224671538343, -0.002180107374673357
0.6451855914644727, 0.5646074993257059, 0.6035159175912377, -0.006720164561929973
0.6445143183383164, 0.5652958247876719, 0.6035028939692298, -0.011203130959154784
0.6435105418631415, 0.5663245521579793, 0.6034838378686125, -0.015590922389442097
0.6421824721433277, 0.5676846253467254, 0.6034593954058937, -0.019846264113776605
0.6405409844725316, 0.5693640839554571, 0.6034303953235325, -0.023933007746983495
0.6385995406684307, 0.5713481787375084, 0.6033978208879085, -0.027816438507540474
0.6363740909997013, 0.5736195133257024, 0.6033627765483174, -0.03146357017637924
0.6338829569897745, 0.5761582104621249, 0.6033264504878948, -0.034843425252849294
0.6311466954761688, 0.5789421006881783, 0.6032900743365853, -0.037927297930881725
0.6281879444158927, 0.5819469312155974, 0.6032548814123403, -0.040688997673236846
0.6250312510572379, 0.5851465925042026, 0.6032220649064755, -0.04310507133455698
0.621702883245976, 0.5885133599222137, 0.6031927374308087, -0.04515500197268752
0.618230624798437, 0.5920181477611681, 0.6031678932978611, -0.046821382690286475
0.6146435560530836, 0.5956307728198846, 0.6031483748126026, -0.04809006406304141
0.6109718209030593, 0.5993202247592108, 0.6031348437181182, -0.04895027393486885
0.6072463818110589, 0.6030549404592763, 0.6031277587628208, -0.0493947085924058
0.6034987645102329, 0.6068030796802885, 0.6031273601493243, -0.04941959456915512
0.5997607942956762, 0.6105327994324111, 0.6031336613918843, -0.0490247205721808
0.5960643260048726, 0.6142125245951482, 0.6031464488582833, -0.04821343926973415
0.5924409699665023, 0.6178112124864956, 0.6031652890116818, -0.046992638925168397
0.588921816359465, 0.621298609261277, 0.6031895431070788, -0.04537268510956213
0.5855371605620753, 0.6246454962106716, 0.6032183888444279, -0.043367332971205944
0.5823162321797749, 0.6278239242352587, 0.6032508482447252, -0.04099361078307044
0.5792869305134092, 0.6308074349663544, 0.6032858208044364, -0.03827167572803862
0.5764755692649464, 0.6335712672099431, 0.6033221208046696, -0.0352246431144352
0.5739066332700175, 0.6360925475795303, 0.6033585175105459, -0.031878390439469106
0.5716025499944526, 0.6383504643649488, 0.6033937768981045, -0.02826133793376347
0.569583478433693, 0.6403264238504539, 0.6034267034941057, -0.024404207424199693
0.5678671179094605, 0.6420041884452323, 0.6034561809100941, -0.020339761542791136
0.5664685390683528, 0.6433699961213936, 0.6034812096961657, -0.016102525484132112
0.565400039154411, 0.6444126607683546, 0.603500941230625, -0.011728493671050284
0.5646710233555864, 0.6451236531687742, 0.6035147064960256, -0.007254823825423009
0.5642879137169794, 0.645497162381293, 0.603522038765451, -0.00271952105683591
0.5642540867772197, 0.6455301373813983, 0.6035226894293922, 0.0018388853257808382
0.5645698407248557, 0.6452223088666287, 0.6035166364262695, 0.006381669506574139
0.5652323924960678, 0.6445761911793085, 0.6035040849905569, 0.010870238544116374
0.5662359048509973, 0.6435970643427624, 0.6034854606931325, 0.01526646061070324
0.5675715430811809, 0.6422929362493388, 0.603461395009982, 0.01953298926933982
0.5692275606228159, 0.6406744850844439, 0.6034327039088724, 0.023633581005273192
0.5711894124873921, 0.6387549821238765, 0.6034003601804585, 0.02753340329186469
0.5734398950797626, 0.6365501951054192, 0.6033654604524268, 0.031199330558389506
0.5759593106605271, 0.6340782724528456, 0.6033291880055498, 0.034600225538693026
0.5787256544303313, 0.6313596087234892, 0.6032927726527784, 0.03770720361292556
0.581714821973124, 0.62841669176088, 0.6032574490419457, 0.04049387790799523
0.5849008345972022, 0.6252739321624157, 0.6032244147959293, 0.04293658309393855
0.5882560799595067, 0.6219574758184256, 0.6031947899094502, 0.045014576001034125
0.5917515652513781, 0.6184950004422424, 0.6031695787788911, 0.046710211384077806
0.5953571801629509, 0.6149154971890409, 0.6031496361521215, 0.04800909137372828
0.5990419668273582, 0.6112490386512912, 0.6031356381522958, 0.048900187378222396
0.602774393972823, 0.6075265347171107, 0.6031280593575594, 0.04937593343016941
0.6065226325771951, 0.6037794779800508, 0.6031271567132942, 0.04943229021078213
0.6102548304215416, 0.6000396805900048, 0.6031329608219936, 0.04906877922615844
0.6139393830721768, 0.5963390046294671, 0.6031452749058839, 0.04828848685554054
0.6175451989786798, 0.5927090882815604, 0.603163681477428, 0.04709803823839334
0.6210419565533609, 0.589181070220291, 0.6031875564917166, 0.04550754121424888
0.6244003512894329, 0.5857853147936198, 0.6032160905012355, 0.043530500775146586
0.6275923311750579, 0.5825511406807107, 0.6032483160962036, 0.041183704733721405
0.6305913188629321, 0.5795065557811876, 0.6032831407006304, 0.03848708154903398
0.6333724192549753, 0.5766780011320999, 0.6033193836126471, 0.03546353148548821
0.6359126113544182, 0.5740901066440578, 0.6033558160336895, 0.03213873250590288
0.6381909234192576, 0.5717654613992159, 0.603391202729654, 0.0285409225161423
0.6401885906185059, 0.5697244011589421, 0.603424343911624, 0.024700659783694606
0.641889194543753, 0.5679848155879693, 0.6034541159161662, 0.020650563544165914
0.6432787840618568, 0.5665619775154206, 0.6034795093056837, 0.016425036985730425
0.6443459771097697, 0.5654683963235982, 0.603499663096673, 0.012059974960063084
0.6450820431300313, 0.5647136972861126, 0.603513893954891, 0.007592458907155493
0.6454809659267001, 0.5643045283723108, 0.6035217193670863, 0.0030604415988158625
0.6455394867885231, 0.5642444957004569, 0.6035228740031803, -0.0014975756000981469
0.6452571277817647, 0.5645341284640992, 0.6035173187137897, -0.006042870183950602
0.6446361951625605, 0.565170873781455, 0.603505241857814, -0.01053682785922314
0.6436817629016032, 0.566149121533983, 0.6034870529150451, -0.014941270967324512
0.6424016363562454, 0.5674602588753059, 0.6034633686005154, -0.019218783155333086
0.6408062961705808, 0.5690927537130839, 0.6034349919516887, -0.023333027507843492
0.6389088225364865, 0.5710322661019062, 0.6034028850979811, -0.02724905541412602
0.6367248000113801, 0.5732617861419408, 0.6033681366363439, -0.030933603530775212
0.6342722031645546, 0.575761796662567, 0.6033319247195442, -0.03435537630965779
0.6315712634156743, 0.5785104586882106, 0.6032954771090334, -0.03748531169267977
0.6286443175380553, 0.5814838174400155, 0.6032600295471031, -0.040296827726867546
0.6255156384264524, 0.5846560264254983, 0.6032267838598396, -0.04276604802353429
0.6222112488741367, 0.5879995870115385, 0.6031968672113197, -0.044872004171794586
0.6187587192661158, 0.5914856007653477, 0.6031712938902888, -0.04659681341731221
0.6151869502724511, 0.5950840317835732, 0.603150930924552, -0.04792583012983459
0.6115259418149548, 0.5987639762103999, 0.6031364686884295, -0.04884776980578398
0.6078065497784894, 0.6024939361692875, 0.603128397499322, -0.04935480458304671
0.6040602321402381, 0.6062420953966349, 0.6031269909963914, -0.04944262948234214
0.6003187863917294, 0.6099765939652166, 0.6031322968645368, -0.049110498831519314
0.5966140803236267, 0.6136657996158779, 0.6031441352179426, -0.048361232574263065
0.5929777784266169, 0.6172785733724415, 0.6031621046979673, -0.04720119241153642
0.5894410663273316, 0.6207845272914094, 0.6031855960787699, -0.04564022797122662
0.5860343758203446, 0.624154272388997, 0.6032138129196939, -0.043691593447483634
0.5827871131704395, 0.6273596549875461, 0.6032457985646273, -0.04137183539471411
0.5797273934385497, 0.6303739799258468, 0.60328046857344, -0.038700652600604867
0.5768817836256424, 0.6331722192781496, 0.603316647486412, -0.03570072919629057
0.5742750574278562, 0.6357312054200809, 0.6033531086756003, -0.03239754238813043
0.5719299643507985, 0.6380298074622703, 0.603388615932296, -0.028819146412665947
0.5698670158395545, 0.6400490902411359, 0.6034219653806951, -0.024995934522235898
0.5681042909433522, 0.6417724552086225, 0.6034520262966627, -0.020960381001380764
0.5666572638507656, 0.6431857626973626, 0.6034777794474129, -0.016746765391474856
0.5655386554049533, 0.6442774351542605, 0.6034983516518273, -0.012390881260898164
0.5647583104419751, 0.6450385410343166, 0.6035130453891873, -0.007929731998472004
0.5643231024930478, 0.6454628591288939, 0.6035213624519264, -0.00340121622694788
0.5642368670591609, 0.6455469231706522, 0.6035230208399986, 0.0011561944706231307
0.5645003643099487, 0.6452900466137219, 0.6035179643236847, 0.005703782747223482
0.5651112716851153, 0.6446943275356345, 0.6035063643503856, 0.010202914800424904
0.5660642064934611, 0.6437646336506774, 0.6034886142307132, 0.01461536896287155
0.5673507782193769, 0.6425085674665258, 0.6034653158011322, 0.018903660751136437
0.5689596698673579, 0.640936411661108, 0.6034372590156575, 0.023031361582585216
0.5708767473092605, 0.6390610548084479, 0.6034053951589823, 0.02696340842900611
0.5730851952538707, 0.6368978976441112, 0.6033708045897326, 0.03066640175990707
0.5755656781405275, 0.634464740135891, 0.6033346601080041, 0.03410888923629594
0.5782965239738799, 0.6317816497158744, 0.6032981871896298, 0.03726163274587084
0.5812539288702266, 0.628870811137727, 0.6032626224357301, 0.04009785652107958
0.5844121798811475, 0.6257563585487591, 0.6032291716464429, 0.042593474250476215
0.5877438934999413, 0.622464190510099, 0.6031989689402879, 0.0447272932791584
0.5912202671421934, 0.6190217688591333, 0.6031730383049874, 0.046481194193702946
0.5948113408238744, 0.6154579024844405, 0.6031522588829772, 0.047840284298854285
0.5984862662377547, 0.6118025172719798, 0.6031373351681226, 0.04879302371525206
0.6022135804495605, 0.6080864136787226, 0.6031287731235995, 0.04933132305780691
0.6059614814961046, 0.6043410135919257, 0.6031268630301818, 0.049450611891157514
0.609698103264639, 0.6005980983338854, 0.6031316696460828, 0.049149877400307115
0.6133917871611657, 0.5968895398679034, 0.6031430300117401, 0.048431672959486215
0.6170113482301804, 0.5932470274456152, 0.6031605589739274, 0.04730209652905669
0.6205263335636214, 0.5897017921029518, 0.6031836622420215, 0.04577073905743563
0.6239072710269125, 0.5862843315560766, 0.6032115565340693, 0.043850603311175546
0.6271259065290173, 0.5830241381641341, 0.6032432961300244, 0.04155799380005162
0.6301554282658997, 0.5799494327075595, 0.6032778049323806, 0.038912378703776125
0.6329706765673517, 0.5770869067745715, 0.6033139129476934, 0.03593622494118527
0.635548338171248, 0.5744614765507428, 0.6033503959525303, 0.032654807749708095
0.6378671239328115, 0.5720960507645304, 0.6033860169993026, 0.02909599636079411
0.6399079291462474, 0.570011315453774, 0.6034195683548845, 0.025290017563789548
0.6416539758097327, 0.5682255380839951, 0.6034499124500652, 0.021269199144471437
0.6430909363007713, 0.5667543933696235, 0.6034760204512365, 0.01706769536297891
0.6442070380468189, 0.5656108129260464, 0.603497007146189, 0.012721196797130557
0.6449931488761736, 0.5648048606167583, 0.6035121609607508, 0.008266627019052657
0.6454428428177047, 0.564343635160241, 0.6035209680880567, 0.003741828693771619
0.6455524461869807, 0.5642312012307952, 0.6035231299118746, -0.0008147582137656749
0.6453210638534917, 0.5644685499326045, 0.6035185731328724, -0.005364423363312654
0.6447505856321003, 0.5650535891537374, 0.6035074522542548, -0.009868515287653031
0.6438456727852436, 0.5659811639239962, 0.6034901443424435, -0.014288770134910585
0.6426137246645192, 0.5672431065152208, 0.603467236240557, -0.01858763707985844
0.6410648255650558, 0.5688283156426303, 0.6034395046685108, -0.022728597610470497
0.6392116719172172, 0.5707228637586901, 0.6034078898848628, -0.02667647595316549
0.6370694800012173, 0.5729101310840539, 0.603373463803888, -0.030397737982502754
0.6346558744441498, 0.5753709647000473, 0.6033373936493668, -0.033860776067273134
0.6319907578482186, 0.5780838607398195, 0.6033009023778325, -0.037036177433439385
0.6290961620053205, 0.5810251674656778, 0.6032652272134391, -0.03989697377344599
0.6259960812774972, 0.5841693068121244, 0.6032315777004609, -0.042418869999080705
0.6227162888652139, 0.5874890118105308, 0.6032010946956218, -0.04458045021926945
0.6192841368450123, 0.5909555771937087, 0.6031748116903842, -0.046363359222823086
0.6157283410331177, 0.5945391204072864, 0.6031536197742005, -0.04775245795714922
0.6120787519192838, 0.5982088502288336, 0.6031382374261666, -0.048735951715278926
0.6083661131120575, 0.6019333402131786, 0.6031291861587719, -0.04930548997332021
0.6046218089384845, 0.6056808042402928, 0.6031267728390618, -0.049456237056850455
0.6008776030431304, 0.6094193715365691, 0.6031310792862177, -0.049186913056113876
0.5971653700277932, 0.6131173586666314, 0.6031419594979995, -0.04849980465464787
0.5935168223587817, 0.616743536145777, 0.6031590446000237, -0.04740074578264111
0.5899632349372398, 0.6202673874971179, 0.603181755350188, -0.0458990682535098
0.5865351698739953, 0.6236593587666763, 0.6032093217745792, -0.044007522788461366
0.5832622041282248, 0.6268910967082827, 0.6032408092695272, -0.041742171077761486
0.5801726627538104, 0.6299356740524864, 0.6032751502853243, -0.03912224976754168
0.5772933605441384, 0.6327678004746133, 0.603311180517884, -0.03617000749568011
0.5746493548715608, 0.6353640180717998, 0.6033476783817147, -0.03291051632786081
0.5722637124791301, 0.6377028803432906, 0.6033834064262136, -0.02937145916352994
0.5701572928977979, 0.6397651138391762, 0.6034171532912341, -0.025582894889179156
0.5683485510315553, 0.6415337617976555, 0.603447774779419, -0.02157700325115835
0.5668533612766382, 0.6429943092282657, 0.6034742326525387, -0.017387811599959696
0.5656848653208518, 0.6441347890177849, 0.6034956298361068, -0.013050905820530131
0.5648533455083499, 0.6449458687369024, 0.603511240838202, -0.008603127906621976
0.5643661253580694, 0.6454209179105007, 0.60352053635065, -0.004082262759565248
0.5642274984957169, 0.6455560555843947, 0.6035232011979833, 0.00047328310856981743
0.5644386869058723, 0.6453501780792832, 0.6035191450252354, 0.005024808212121975
0.5649978290392635, 0.6448049668716491, 0.6035085053619492, 0.009533645264061311
0.5658999979279692, 0.6439248765849618, 0.6034916429584436, 0.013961490054269502
0.5671372490759291, 0.6427171031166309, 0.6034691295525736, 0.018270727207622364
0.5686986975114451, 0.6411915319705719, 0.6034417284820254, 0.022424750024870287
0.5705706230200494, 0.6393606669158117, 0.6034103687999108, 0.02638827166459931
0.5727366022274057, 0.637239539151717, 0.603376113771741, 0.030127625005024933
0.5751776658796269, 0.634845597233317, 0.6033401248223993, 0.03361104862881542
0.5778724793783938, 0.6321985780982415, 0.6033036221559175, 0.03680895650103948
0.5807975443756883, 0.6293203596418429, 0.6032678433835671, 0.03969418905792635
0.5839274190217261, 0.626234795410078, 0.6032340015631312, 0.04224224359046555
0.5872349542926879, 0.6229675321208226, 0.6032032440720113, 0.04443148198990713
0.590691543703727, 0.6195458108826631, 0.603176613708363, 0.046243314119852455
0.5942673836379003, 0.6159982531541487, 0.6031550133387618, 0.04766235528976434
0.5979317414923873, 0.6123546326733705, 0.6031391752905536, 0.04867655652535603
0.601653228857676, 0.6086456347840751, 0.6031296365261158, 0.04927730656051416
0.6054000770004416, 0.6049026047861541, 0.6031267204402614, 0.049459504711370325
0.6091404120127015, 0.6011572871403819, 0.6031305258975419, 0.04922160403417873
0.6128425271139353, 0.5974415575543731, 0.6031409238808743, 0.04856562441320796
0.6164751497440162, 0.5937871501632557, 0.6031575618650434, 0.047497135471442464
0.6200077012573951, 0.5902253821886266, 0.6031798757669025, 0.04602520944408256
0.6234105472172241, 0.5867868786072372, 0.6032071090673753, 0.04416234440123089
0.6266552364861993, 0.5835012994809826, 0.6032383384573596, 0.041924358450327597
0.6297147275131636, 0.5803970726869783, 0.6032725051384898, 0.03933025578935452
0.6325636004157215, 0.5775011348363627, 0.6033084507180357, 0.0364020657169918
0.6351782536544183, 0.57483868317914, 0.6033449564813741, 0.033164655934075665
0.6375370842793949, 0.5724329412571292, 0.6033807847108469, 0.029645521690057675
0.6396206509024294, 0.5703049409861477, 0.603414720650282, 0.025874552536763178
0.6414118187034306, 0.5684733237212791, 0.6034456136923677, 0.021883778647558423
0.6428958859191803, 0.566954162686111, 0.6034724163922439, 0.017707098840976803
0.6440606913827192, 0.5657608089299313, 0.6034942199842256, 0.013379992611822603
0.6448967027844692, 0.5649037627190522, 0.6035102851970002, 0.00893921861772459
0.6453970854121419, 0.56439057197388, 0.6035200673220311, 0.00442250219313013
0.645557751197474, 0.5642257590371473, 0.6035232346847229, -0.00013178543592640916
0.6453773879565785, 0.5644107767070647, 0.6035196798917076, -0.004684953485756385
0.6448574687601953, 0.5649439940987228, 0.6035095234726364, -0.00919832069525354
0.6440022414140429, 0.5658207125153447, 0.6034931097929251, -0.013633544324282314
0.6428186980715229, 0.5670332111255548, 0.6034709953761255, -0.017952946242835208
0.641316525045157, 0.5685708218615311, 0.603443930032122, -0.022119833310854167
0.6395080329330939, 0.5704200325833922, 0.6034128314314031, -0.0260988093019729
0.6374080672363716, 0.5725646172047827, 0.603378753987953, -0.029856075703059183
0.6350338997144378, 0.5749857911501064, 0.6033428531062809, -0.033359718824133064
0.6324051008132915, 0.577662390221286, 0.6033063460052388, -0.03657998077851407
0.6295433936043325, 0.5805710706963783, 0.6032704704472275, -0.03948951203915664
0.6264724897936473, 0.5836865282679455, 0.6032364427722386, -0.04206360344214077
0.6232179085012297, 0.5869817332587158, 0.6032054166595833, -0.04428039569014011
0.6198067786667498, 0.5904281794274685, 0.6031784440152858, -0.046121064605297996
0.6162676261113484, 0.5939961435998108, 0.6031564393109077, -0.04756998059021626
0.6126301464709443, 0.5976549533258514, 0.6031401485824237, -0.04861484097567271
0.6089249654123259, 0.6013732597779349, 0.6031301241397259, -0.04924677416230272
0.6051833877446917, 0.6051193131537094, 0.6031267058437425, -0.04946041469899425
0.6014371372414711, 0.6088612379390443, 0.6031300095855453, -0.04925394868145924
0.5977180891849566, 0.6125673055072105, 0.6031399233578059, -0.04862912909879026
0.5940579978337438, 0.6162062016800103, 0.6031561110516866, -0.047591261002290136
0.5904882211845277, 0.6197472870477754, 0.6031780238505372, -0.04614915661806408
0.5870394455495171, 0.6231608480324069, 0.6032049188343553, -0.04431506077136722
0.5837414125931172, 0.6264183368751804, 0.6032358841646417, -0.04210454723509463
0.5806226515613896, 0.6294925989331984, 0.6032698699962475, -0.039536386855589585
0.5777102194905674, 0.6323580858698075, 0.6033057240686698, -0.03663238854456323
0.5750294521927871, 0.6349910535202161, 0.6033422307705315, -0.0334172144546694
0.5726037287853161, 0.6373697433997658, 0.6033781523531315, -0.029918170876356447
0.5704542524520579, 0.6394745469954032, 0.6034122708959107, -0.026164976603088495
0.5685998500023253, 0.6412881521383224, 0.6034434296010169, -0.022189510708871873
0.5670567926222657, 0.6427956708958069, 0.6034705720167098, -0.018025541864148335
0.5658386400006328, 0.6439847485422564, 0.6034927778594095, -0.013708441481427518
0.5649561097557142, 0.644845653273415, 0.6035092942194008, -0.009274883128479468
0.5644169737982496, 0.645371346414936, 0.6035195610916643, -0.004762530772553819
0.5642259829411631, 0.6455575329484942, 0.6035232303657346, -0.00020971852219196086
0.5643848207169186, 0.6454026922381734, 0.6035201776303223, 0.004344875387761269
0.5648920869940763, 0.6449080888899644, 0.6035105063921999, 0.008862557568534497
0.5657433116034456, 0.6440777637213833, 0.6034945445662038, 0.013304948580058214
0.5669309977988293, 0.6429185048603014, 0.603472833355448, 0.017634309335480366
0.5684446949954578, 0.6414397990358971, 0.6034461088990176, 0.021813862004512737
0.5702710998585715, 0.6396537631740488, 0.6034152773097747, 0.025808102663980273
0.5723941844625302, 0.6375750564680074, 0.6033813839490986, 0.02958310302071356
0.5747953499141693, 0.6352207731659834, 0.6033455779807949, 0.033106798632867654
0.577453603538967, 0.6326103164029433, 0.6033090734064287, 0.03634926117939426
0.5803457574701036, 0.6297652535063113, 0.6032731079035094, 0.039282952472004425
0.5834466462628827, 0.6267091533255799, 0.6032389008623122, 0.041882958067623655
0.5867293609832257, 0.6234674062742291, 0.6032076120440856, 0.044127198520003894
0.5901654970909105, 0.6200670279282449, 0.6031803022621647, 0.04599661650473637
0.5937254133564756, 0.6165364471972622, 0.6031578974187446, 0.047475338260303826
0.5973784990147034, 0.6129052802695156, 0.6031411571161936, 0.048550808006995225
0.6010934463655491, 0.6092040917269547, 0.6031306489066226, 0.04921389423353647
0.6048385260825411, 0.6054641444280086, 0.6031267290522784, 0.04945896697634815
0.6085818625753059, 0.6017171399577929, 0.6031295304486617, 0.049283945456723904
0.6122917068724699, 0.5979949516437488, 0.6031389581195513, 0.04869031568534525
0.6159367046386344, 0.5943293523231701, 0.6031546924365664, 0.047683117889922216
0.6194861571088749, 0.5907517392219888, 0.6031761999541856, 0.046270903868941504
0.6229102729104956, 0.5872928584557588, 0.6032027514931209, 0.04446566462111164
0.626180408938738, 0.583982531788383, 0.6032334468593259, 0.04228272884469495
0.6292692986551477, 0.5808493883765979, 0.6032672453610363, 0.03974063314202918
0.6321512663789655, 0.5779206042839158, 0.603303001089675, 0.036860965000603325
0.6348024263384009, 0.5752216525627836, 0.6033395017689009, 0.03366817985137821
0.6372008654357015, 0.5727760666751834, 0.6033755098549844, 0.030189393725834048
0.639326808854132, 0.5706052199478712, 0.6034098044952216, 0.026454153243564003
0.6411627677936199, 0.5687281236381072, 0.6034412229218146, 0.022494184860090975
0.6426936687632375, 0.5671612460195266, 0.6034686998776072, 0.01834312548788693
0.6439069639819972, 0.565918354687306, 0.6034913037366295, 0.014036236770216166
0.6447927225447873, 0.565010384029877, 0.6035082680943474, 0.009610105435352945
0.6453437020986187, 0.5644453295250635, 0.6035190177560609, 0.005102332285992443
0.6455554008474533, 0.5642281701967028, 0.6035231882418224, 0.0005512124835156725
0.6454260897642596, 0.5643608202195356, 0.6035206381461501, -0.004004590132341741
0.6449568249396233, 0.5648421102920922, 0.6035114539331966, -0.00852637189214029
0.6441514400407431, 0.5656677990167662, 0.6034959470046793, -0.012975718487729025
0.6430165188967369, 0.5668306141409061, 0.6034746431400607, -0.017314831676388656
0.6415613482697312, 0.5683203231303197, 0.6034482646672361, -0.021506850692258613
0.6397978509200943, 0.5701238321748638, 0.6034177059686411, -0.02551616560868076
0.6377404991318669, 0.5722253123720545, 0.6033840031536992, -0.029308719969996674
0.6354062089342446, 0.5746063515058663, 0.6033482989263741, -0.03285230011051596
0.6328142153394262, 0.5772461295401721, 0.6033118038394453, -0.03611680870037301
0.62998592901825, 0.5801216156848955, 0.6032757552495298, -0.03907452020109763
0.6269447749539767, 0.5832077846721505, 0.603241375364677, -0.041700316076026436
0.623716013751638, 0.5864778497025235, 0.6032098298069424, -0.04397189778015141
0.6203265464349927, 0.5899035093901561, 0.603182188094712, -0.04586997574852968
0.6168047037337546, 0.5934552059500741, 0.6031593873842842, -0.04737843280989101
0.613180021048013, 0.5971023918318167, 0.6031422006996001, -0.0484844606705199
0.6094830004713272, 0.6008138020081757, 0.6031312107267844, -0.04917866834092527
0.6057448614548158, 0.6045577291740335, 0.603126790061483, -0.04945516161240048
0.6019972818969546, 0.6083022991942707, 0.6031290885782885, -0.049311592930616
0.5982721316424959, 0.6120157442569994, 0.6031380283501944, -0.04874918125728431
0.5946012005633222, 0.615666671333942, 0.6031533062902131, -0.047772701757188556
0.5910159235683167, 0.6192243237180425, 0.6031744044256553, -0.04639044539504886
0.5875471050427109, 0.6226588335936502, 0.6032006074569671, -0.044614148773398754
0.5842246453441728, 0.6259414637909834, 0.6032310270061845, -0.04245889478744583
0.5810772720779479, 0.6290448370783952, 0.6032646317333484, -0.03994298491431905
0.5781322789319435, 0.6319431515478303, 0.6033002823002982, -0.03708778419059868
0.5754152748708712, 0.6346123808458883, 0.6033367699968774, -0.033917540161920105
0.5729499464633654, 0.6370304581908136, 0.6033728577203044, -0.030459177309936043
0.5707578360454216, 0.6391774432909876, 0.6034073219185331, -0.02674206867311068
0.5688581383066186, 0.6410356714403783, 0.6034389940755525, -0.02279778657668485
0.567267517722783, 0.6425898842091557, 0.6034668003319337, -0.01865983457161483
0.5659999490514958, 0.6438273412723384, 0.6034897978969811, -0.014363362850250017
0.5650665828579022, 0.6447379130260192, 0.6035072070175032, -0.009944869555914448
0.5644756377515706, 0.6453141537302765, 0.6035184374188162, -0.005441890532436599
0.5642323206955536, 0.6455513549920426, 0.6035231083210023, -0.0008926801662482182
0.5643387764022926, 0.6454475794624331, 0.6035210613513532, 0.0036641139435957624
0.5647940664641804, 0.6450036746743297, 0.6035123659149123, 0.008189779694479912
0.5655941784867339, 0.6442232669908392, 0.6034973168408907, 0.01264586974370684
0.5667320651070576, 0.6431127356774022, 0.6034764243848231, 0.01699452849651851
0.5681977123973685, 0.641681167153632, 0.6034503969256614, 0.02119881401013475
0.5699782367805449, 0.6399402895293085, 0.6034201169448505, 0.02522301205284152
0.572058009229345, 0.6379043875858826, 0.6033866111022708, 0.029032939630200146
0.5744188051900876, 0.6355901984336456, 0.6033510154241353, 0.032596235387857594
0.5770399783713336, 0.6330167881579833, 0.6033145367835997, 0.03588263442078419
0.5798986562738592, 0.6302054098679685, 0.6032784119804462, 0.038864225160357924
0.5829699551142479, 0.6271793436781059, 0.6032438658074525, 0.04151568617164851
0.5862272116139587, 0.6239637192897719, 0.6032120695252318, 0.043814500871506956
0.589642228990772, 0.6205853219922216, 0.6031841011533023, 0.04574114837154508
0.5931855344008404, 0.6170723830725559, 0.6031609089233876, 0.04727926885669417
0.5968266450367948, 0.613454355807355, 0.6031432791336218, 0.048415802127728835
0.6005343400888777, 0.6097616784026274, 0.6031318094930532, 0.04914109816296528
0.6042769358192833, 0.6060255254492328, 0.6031268888596922, 0.049448998788460125
0.6080225610811657, 0.6022775496633991, 0.6031286840586509, 0.04933688978572341
0.6117394307287457, 0.5985496158811149, 0.603137134226994, 0.04880572300961997
0.6153961145085783, 0.5948735294654814, 0.6031519528769106, 0.04786000833526072
0.6189617991888043, 0.5912807614617059, 0.6031726376072944, 0.04650777549984486
0.6224065418673941, 0.5878021729895582, 0.6031984871346997, 0.04476050615219955
0.6257015125961365, 0.5844677414921099, 0.6032286250666221, 0.04263303666775595
0.6288192246587002, 0.5813062915571405, 0.6032620296115453, 0.04014343252843471
0.6317337510431651, 0.5783452330890876, 0.6032975682189612, 0.03731283530383524
0.6344209258469377, 0.5756103096307461, 0.6033340359753675, 0.0341652835005684
0.6368585295407102, 0.573125359612091, 0.603370196454823, 0.030727508768765833
0.6390264571944073, 0.5709120932364382, 0.6034048236392529, 0.02702870916682322
0.6409068689291917, 0.5689898876007757, 0.6034367434872622, 0.02310030138529746
0.6424843220036512, 0.5673756024876715, 0.6034648737419336, 0.018975654016491428
0.6437458840683415, 0.566083419062166, 0.6034882606276387, 0.014689804125532231
0.6446812272308474, 0.5651247034611269, 0.6035061111912353, 0.010279159529605602
0.6452827026643135, 0.5645078969784701, 0.6035178201906273, 0.005781189322491507
0.6455453955676578, 0.564238434232365, 0.6035229906185465, 0.0012341052898499484
0.6454671603477605, 0.5643186903557901, 0.6035214471652639, -0.0033234630547324183
0.645048635945853, 0.5647479578862777, 0.6035132421634753, -0.007852797023363826
0.6442932412755136, 0.5655224536515255, 0.6034986538136572, -0.012315418073928316
0.6432071507818905, 0.5666353555624255, 0.6034781767501033, -0.016673415066222837
0.6417992501748727, 0.5680768688417027, 0.6034525052677286, -0.02088976664311069
0.640081072436741, 0.5698343208425205, 0.6034225097786913, -0.024928655971268775
0.6380667142610338, 0.5718922832545529, 0.6033892072975435, -0.02875577514727029
0.63577273314715, 0.5742327201620986, 0.6033537269561127, -0.03233861667037295
0.6332180254573218, 0.5768351601160775, 0.6033172717177929, -0.03564674950207018
0.6304236858411272, 0.5796768901146355, 0.603281077589694, -0.03865207737252428
0.6274128485489323, 0.5827331691599912, 0.6032463717157817, -0.041329077153558554
0.6242105112900083, 0.5859774588753337, 0.6032143307719037, -0.04365501529491109
0.6208433424431352, 0.5893816685271761, 0.6031860410731695, -0.0456101405128642
0.6173394725958764, 0.5929164117064373, 0.6031624617459392, -0.04717785112605903
0.6137282715710898, 0.5965512718753377, 0.6031443922126283, -0.04834483565023669
0.6100401122925162, 0.6002550739854916, 0.6031324450912552, -0.04910118548985576
0.6063061230414634, 0.6039961594127645, 0.6031270254280593, -0.04944047879816465
0.6025579298590883, 0.6077426615330502, 0.6031283169668671, -0.04935983481663769
0.5988273910483787, 0.6114627793757241, 0.6031362759204194, -0.04885993824809613
0.5951463259211043, 0.61512504693321, 0.6031506324546998, -0.04794503346383204
0.5915462401119068, 0.6186985958703183, 0.6031708998359673, -0.046622888592181416
0.5880580499385756, 0.6221534095601047, 0.6031963909305884, -0.04490472978285625
0.5847118084186776, 0.625460566568054, 0.6032262414986076, -0.042805146186522106
0.5815364356528353, 0.6285924719077632, 0.6032594394917699, -0.04034196643113751
0.5785594563492541, 0.6315230745934666, 0.6032948593631584, -0.03753610761390983
0.5758067472885818, 0.6342280702127938, 0.6033313002256718, -0.034411398058713905
0.5733022975096526, 0.6366850874326736, 0.6033675265659701, -0.030994375311693148
0.571067983932959, 0.6388738575286166, 0.6034023101337368, -0.027314061060619413
0.5691233650287788, 0.6407763661899608, 0.6034344715860723, -0.023401714864431766
0.5674854949808723, 0.6423769869990341, 0.6034629204749563, -0.01929056876612717
0.566168760595927, 0.6436625961095889, 0.6034866922217168, -0.015015545032745
0.5651847429660215, 0.6446226677592092, 0.6035049808244826, -0.010612959418494067
0.5645421056100004, 0.6452493503423945, 0.6035171661891723, -0.006120212479141523
0.5642465105046685, 0.6455375228473919, 0.6035228351568825, -0.0015754715758072744
0.5643005630737972, 0.6454848315228137, 0.6035217955142969, 0.002982653707305804
0.5647037868387174, 0.6450917066926506, 0.603514082511784, 0.007515439945246564
0.5654526280558724, 0.6443613596838568, 0.6034999576680262, 0.011984379233113303
0.5665404902817638, 0.6432997598729853, 0.6034798999017459, 0.016351506694529318
0.5679577984219483, 0.6419155919012418, 0.603454589291409, 0.020579723324390474
0.5696920914459488, 0.6402201931546729, 0.603424884013893, 0.024633111396150063
0.5717281425915569, 0.6382274716616474, 0.6033917912444765, 0.02847723973318999
0.5740481055470525, 0.6359538046265999, 0.6033564330052803, 0.03207945623766987
0.5766316847946868, 0.6334179178999868, 0.6033200081205435, 0.03540916518725902
0.5794563280288233, 0.6306407467816387, 0.6032837515690169, 0.03843808694868361
0.5824974383319044, 0.6276452786695647, 0.6032488926118673, 0.04114049791518415
0.5857286036042687, 0.6244563781992714, 0.6032166131158175, 0.043493448650771566
0.5891218406019889, 0.6211005956694317, 0.6031880074844478, 0.04547695841549956
0.5926478508412963, 0.6176059597169572, 0.6031640455558863, 0.04707418445074432
0.596276285578579, 0.6140017553859672, 0.6031455397244163, 0.04827156461964341
0.5999760170699644, 0.6103182889277202, 0.6031331174002303, 0.04905893222342229
0.6037154133516741, 0.6065866408683994, 0.6031271997405767, 0.04942960204747478
0.6074626138581757, 0.6028384090841188, 0.6031279873729644, 0.049380426930020066
0.6111858033053967, 0.5991054438225378, 0.6031354535941585, 0.04891182438932462
0.6148534814059262, 0.5954195768024411, 0.603149345275381, 0.04802777309132371
0.6184347261468082, 0.5918123467008436, 0.6031691914430534, 0.04673577918657726
0.6218994485424731, 0.588314723495731, 0.6031943192443572, 0.045046812792421495
0.6252186369697207, 0.584956834265804, 0.6032238767566592, 0.042975215141532776
0.6283645893927502, 0.5817676931512041, 0.6032568618679243, 0.040538577160437905
0.6313111319885264, 0.5787749382463369, 0.6032921562494324, 0.03775759047925016
0.6340338228812921, 0.5760045782235079, 0.603328563269461, 0.034655872105437434
0.6365101398853142, 0.5734807514708441, 0.6033648485628591, 0.031259764217973766
0.6387196513333244, 0.5712255004677185, 0.6033997818812776, 0.02759811075190252
0.6406441692316356, 0.5692585640144395, 0.6034321788052046, 0.023702012645150067
0.6422678841296235, 0.5675971897803779, 0.6034609409034619, 0.019604563807314845
0.6435774812200197, 0.5662559694372393, 0.603485092978284, 0.015340570042005501
0.6445622372971299, 0.5652466984043282, 0.6035038161327804, 0.010946253308048314
0.6452140982933788, 0.5645782619540054, 0.6035164755391443, 0.0064589438385362265
0.6455277371920143, 0.5642565491128718, 0.6035226419656323, 0.001916762748423031
0.6455005921776978, 0.5642843954531771, 0.6035221063319992, -0.002641702150426117
0.6451328849399448, 0.5646615555060877, 0.6035148867995622, -0.007177724544446246
0.6444276190903341, 0.5653847051508488, 0.6035012281553349, -0.01165276900399918
0.643390558696828, 0.5664474739491535, 0.6034815935111295, -0.01602881872839676
0.6420301869812539, 0.567840507009907, 0.6034566485992652, -0.020268698834697334
0.6403576452728752, 0.5695515555938314, 0.6034272391976805, -0.02433639241637231
0.638386652365704, 0.5715655953075052, 0.6033943624503085, -0.02819734666533663
0.6361334044930677, 0.5738649703994859, 0.6033591330555983, -0.031818766442886226
0.6336164562127625, 0.5764295623635602, 0.6033227454700282, -0.03516989280041681
0.6308565825921127, 0.5792369807814076, 0.6032864334085011, -0.03822226408777797
0.6278766231957423, 0.5822627741036208, 0.6032514280149911, -0.040949957443876916
0.6247013085105542, 0.5854806578775837, 0.6032189161217482, -0.04332980863869098
0.621357069591857, 0.5888627577853963, 0.6031900000121564, -0.04534160842608634
0.6178718318806529, 0.5923798647559739, 0.6031656600512058, -0.0469682737706809
0.614274794322553, 0.5960016993624404, 0.603146721450159, -0.048195992527362244
0.6105961951106733, 0.5996971827077145, 0.6031338262917656, -0.0490143403770157
0.6068670655742764, 0.6034347110352978, 0.6031274117639881, -0.04941636905464371
0.6031189739373868, 0.6071824313753641, 0.6031276953397721, -0.04939866514464214
0.59938376087199, 0.6109085156440707, 0.6031346674049967, -0.04896137896089661
0.5956932689632084, 0.6145814307516618, 0.6031480915843803, -0.048108223275065906
0.5920790683832714, 0.6181702024370059, 0.603167512754298, -0.04684644190346772
0.5885721812313272, 0.6216446707269797, 0.6031922724710279, -0.045186748409974345
0.5852028071314805, 0.6249757351127587, 0.6032215312916845, -0.043143235427846774
0.5820000527865251, 0.6281355877358425, 0.6032542972315159, -0.04073325534603478
0.578991668254782, 0.6310979330790263, 0.6032894593932291, -0.037977273343610285
0.5762037927481369, 0.6338381928564935, 0.6033258256286429, -0.034898693988057033
0.5736607127374388, 0.6363336949882447, 0.6033621629561636, -0.0315236628373446
0.5713846350945726, 0.6385638457234423, 0.6033972393640006, -0.027880844700198127
0.5693954778975518, 0.6405102841419756, 0.6034298655818886, -0.024001180411746592
0.5677106813758048, 0.6421570184115567, 0.6034589354049611, -0.019917624170733308
0.5663450412786616, 0.6434905433077839, 0.6034834632023306, -0.015664863657594598
0.56531056671324, 0.6444999386166206, 0.6035026173382579, -0.011279025307884948
0.5646163642220476, 0.6451769481332668, 0.6035157483722794, -0.006797367250750451
0.5642685495603031, 0.6455160390499649, 0.6035224110816721, -0.002257962535582914
0.5642701882938583, 0.645514441590093, 0.6035223795591367, 0.002300624639994312
0.5646212659771295, 0.6451721687998102, 0.6035156548734747, 0.006839666922387385
0.5653186882936976, 0.644492016454914, 0.6035024650333463, 0.011320603196598236
0.5663563111577693, 0.6434795430830995, 0.6034832572553325, 0.015705366551992964
0.5677250003902659, 0.6421430301443841, 0.6034586827986428, 0.01995670800157858
0.5694127202066617, 0.6404934224588854, 0.6034295748809796, 0.02403851317686055
0.5714046493924038, 0.6385442490251589, 0.6033969204247741, 0.02791610928585985
0.5736833237028561, 0.6363115244372187, 0.603361826592232, 0.03155655971211262
0.5762288027147038, 0.6338136311870741, 0.6033254832443019, 0.03492894374611969
0.5790188590802086, 0.6310711832342936, 0.6032891225967852, 0.03800461907613034
0.5820291878992963, 0.6281068713363066, 0.6032539774417129, 0.04075746482049635
0.5852336337306818, 0.6249452907634239, 0.6032212393505664, 0.04316410305711144
0.5886044326145186, 0.6216127521707467, 0.6031920182763673, 0.04520409699459263
0.5921124663765064, 0.6181370765640014, 0.6031673049240482, 0.04686012413274875
0.5957275264269786, 0.6145473754758177, 0.6031479371645211, 0.048118122974465924
0.5994185842569759, 0.6108738176601203, 0.6031345716306779, 0.04896741207542765
0.6031540658643674, 0.6071473838112982, 0.6031276614578475, 0.04940078045020507
0.6069021274133787, 0.6033996110172238, 0.6031274409229495, 0.04941454859144448
0.6106309295362852, 0.5996623288559212, 0.6031339175028112, 0.04900859960151224
0.6143089078216069, 0.5959673892392253, 0.6031468716207127, 0.048186380181497644
0.6179050371935959, 0.5923463922874108, 0.6031658640897514, 0.046954871469472595
0.6213890880673709, 0.5888304106806252, 0.6031902510008355, 0.04532452996695366
0.6247318723569412, 0.5854497150703671, 0.6032192055508732, 0.04330919903818999
0.6279054776137876, 0.5822335032417619, 0.6032517460715288, 0.04092599170977168
0.6308834877761214, 0.5792096357901277, 0.603286769308746, 0.03819514573658278
0.6336411892083103, 0.576404381109062, 0.6033230878251965, 0.03513985213269241
0.6361557609017501, 0.573842172478643, 0.6033594702579461, 0.03178605859063479
0.6384064478888013, 0.5715453799889038, 0.6033946830666894, 0.028162249427807495
0.6403747170873152, 0.5695340999342392, 0.6034275323571914, 0.02429920390243763
0.6420443949425928, 0.5678259641686771, 0.6034569043618464, 0.020229734931667787
0.6434017863650942, 0.566435971721071, 0.6034818032046075, 0.01598841041870145
0.6444357745755781, 0.5653763447355553, 0.6035013846694867, 0.011611259552531169
0.6451379015651433, 0.5646564105294912, 0.6035149848272185, 0.007135466580558039
0.6455024289573432, 0.5642825112532218, 0.60352214254901, 0.002599054669533302
0.6455263791252864, 0.5642579422987762, 0.6035226151435917, -0.0019594374379260484
0.6452095564712539, 0.5645829202446128, 0.6035163865870472, -0.006501283196832474
0.6445545488231994, 0.5652545807476439, 0.6035036680661963, -0.010987897647443845
0.6435667089451915, 0.5662670064096232, 0.6034848908170976, -0.01538116558596231
0.6422541162012767, 0.5676112842602733, 0.6034606915016487, -0.019643765698699987
0.6406275184582618, 0.5692755921220412, 0.6034318906184156, -0.02373948787790467
0.6387002543662363, 0.5712453127586808, 0.6033994646801177, -0.02763354100104616
0.636488156219652, 0.5735031743690586, 0.6033645131015856, -0.03129284854380024
0.6340094336793668, 0.5760294156752024, 0.6033282209213399, -0.03468632950890978
0.6312845387294842, 0.5788019735753189, 0.6032918186211184, -0.03778516228695354
0.6283360123536669, 0.5817966910930198, 0.6032565404059398, -0.04056302921897566
0.6251883135445251, 0.58498754315694, 0.6032235823593174, -0.04299633980294167
0.6218676314065569, 0.588346877592778, 0.6031940618922792, -0.04506443067400882
0.6184016812767847, 0.5918456686037664, 0.6031689798608131, -0.0467497406905329
0.6148194859657273, 0.5954537799557382, 0.603149186635734, -0.04803795967151056
0.6111511434117335, 0.5991402350681547, 0.6031353532748888, -0.04891814955478505
0.6074275822402658, 0.6028734912404179, 0.6031279487745821, -0.04938283697693611
0.6036803069220377, 0.6066217153102934, 0.6031272241710441, -0.04942807651357094
0.5999411344249528, 0.6103530581442003, 0.6031332040306253, -0.049053484061085215
0.5962419244490647, 0.6140359254926164, 0.6031456856170289, -0.048262240086340225
0.5926143055155919, 0.6176392429026464, 0.6031642457638058, -0.047061062717637735
0.5890893993444762, 0.6211327125581185, 0.6031882552192577, -0.04546015089746676
0.5856975460944053, 0.6244870601096817, 0.6032168999777199, -0.0434730980633279
0.58246803314915, 0.6276742697574225, 0.6032492088744398, -0.04111677706607024
0.5794288302095626, 0.6306678060510043, 0.6032840865089503, -0.038411197274089565
0.5766063334873779, 0.6334428210721085, 0.6033203503811878, -0.03537933504480849
0.5740251217915726, 0.6359763458564315, 0.6033567709816718, -0.03204693897035815
0.5717077272480455, 0.6382474650938336, 0.6033921134767986, -0.028442311520444186
0.5696744232973245, 0.6402374743122858, 0.6034251795760279, -0.02459606891003683
0.567943032472737, 0.6419300189018864, 0.6034548481614078, -0.020540881210718513
0.5665287562739091, 0.6433112144680444, 0.6034801133016482, -0.016311194900159323
0.5654440292198563, 0.6443697481176484, 0.6035001183615097, -0.011942940202181167
0.5646983988956109, 0.6450969603790899, 0.6035141850495432, -0.007473225708202114
0.5642984335008596, 0.64548690753787, 0.6035218364188303, -0.00294002288765967
0.564247658073844, 0.6455364042361865, 0.6035228130404153, 0.0016181568113725403
0.5645465202052316, 0.645245046240274, 0.6035170818007192, 0.006162589501109461
0.5651923856817156, 0.6446152133265306, 0.6035048370244451, 0.010654668218830772
0.5661795641153203, 0.6436520522803614, 0.6034864938848878, 0.01505623128668513
0.567499364229434, 0.6423634400439535, 0.6034626743252126, 0.019329886845131698
0.5691401780943182, 0.6407599270948399, 0.6034341859683726, 0.023439330774477914
0.5710875932407714, 0.6388546611897362, 0.6034019947311515, 0.02734965528067647
0.5733245312379602, 0.6366632916712467, 0.6033671920713496, 0.031027645508162165
0.575831411006713, 0.6342038546115009, 0.6033309579790822, 0.034442061652746415
0.5785863348585567, 0.631496639158979, 0.6032945209673877, 0.03756390417985503
0.581565295008231, 0.6285640355642687, 0.6032591164189354, 0.04036665990588445
0.5847423981070976, 0.6254303654880838, 0.6032259447012103, 0.04282652687118032
0.5880901051892727, 0.6221216953404056, 0.6031961304701942, 0.044922616120036334
0.5915794843128244, 0.618665633562102, 0.6031706845421045, 0.04663712870407874
0.5951804731151071, 0.6150911129378407, 0.6031504696255319, 0.04795550643835987
0.5988621484831835, 0.6114281592187295, 0.6031361710753387, 0.04886655516244367
0.6025930005651523, 0.6077076475312135, 0.6031282736593916, 0.049362539489823984
0.60634120841287, 0.6039610482509615, 0.6031270451253725, 0.049439248266406444
0.6100749146469893, 0.6002201642217964, 0.6031325271244709, 0.04909603020085184
0.6137624966666253, 0.5965168613947045, 0.6031445337994649, 0.048335799374777305
0.6173728320830522, 0.5928827951448994, 0.6031626580850357, 0.04716501058768379
0.6208755562338918, 0.5893491346899512, 0.6031862855068453, 0.04559360473860431
0.6242413098255413, 0.585946288173427, 0.6032146150118527, 0.043634924692444524
0.6274419749512161, 0.5827036310907784, 0.6032466861240495, 0.04130560232237018
0.6304508979344885, 0.5796492408124763, 0.6032814115054147, 0.03862541765887944
0.6332430976483334, 0.5768096399991932, 0.6033176138186169, 0.03561713130976653
0.6357954581528736, 0.57420955170172, 0.6033540656420704, 0.03230629154131271
0.638086904677288, 0.5718716688916994, 0.6033895310843357, 0.02872101762787608
0.6400985621395809, 0.5698164410766937, 0.6034228076870712, 0.024891761282634962
0.6418138955497953, 0.5680618805142514, 0.60345276719577, 0.02085104817451195
0.643218831776463, 0.5666233903554253, 0.6034783938157331, 0.016633201713182375
0.6443018622721258, 0.5655136168206847, 0.6034988186558347, 0.012274051443452925
0.6450541264521302, 0.5647423272437013, 0.6035133491918, 0.007810628530165591
0.6454694755028741, 0.5643163155154558, 0.603521492749545, 0.003280850933263319
0.6455445164633523, 0.564239336127916, 0.6035229732119061, -0.0012767990319438106
0.6452786364799391, 0.5645120676595009, 0.6035177403819552, -0.005823601983341208
0.6446740071821134, 0.5651321061705753, 0.6035059716852191, -0.010320930798057779
0.6437355691699, 0.5660939885938193, 0.6034880661530464, -0.01473057914553993
0.64247099664602, 0.5673892458192004, 0.6034646308912597, -0.019015086404635353
0.6408906422709788, 0.5690064847942141, 0.6034364604931794, -0.023138056175555314
0.6390074623713232, 0.5709314985946861, 0.6034045100954505, -0.027064465657380885
0.6368369226934975, 0.5731474030769165, 0.603369862990702, -0.030760963246571044
0.634396884971125, 0.5756347984049333, 0.6033336938956302, -0.03419615182045044
0.631707474664477, 0.5783719534628944, 0.6032972291203124, -0.03734085530033314
0.6287909303390491, 0.5813350109171174, 0.6032617049895076, -0.04016836623998124
0.6256714352764001, 0.5844982104886297, 0.6032283259257953, -0.04265467235452919
0.6223749320545968, 0.587834127838127, 0.6031982236156741, -0.044778660090764096
0.6189289209969218, 0.591313926352287, 0.6031724186428684, -0.046522293539634954
0.6153622435638897, 0.5949076190536486, 0.6031517858892631, -0.04787076720399662
0.6117048519524744, 0.5985843378348547, 0.6031370248760726, -0.048812631356870397
0.6079875663640325, 0.6023126072397794, 0.6031286360503036, -0.049339888956017826
0.6042418216044879, 0.6060606200759068, 0.6031269038200451, -0.04944806331760032
0.600499404881896, 0.6097965122402057, 0.6031318869133837, -0.0491362359934651
0.5967921868621744, 0.6134886342700372, 0.6031434163876074, -0.0484070545416186
0.5931518482278122, 0.6171058172859477, 0.603161101356133, -0.04726671012623904
0.5896096041509732, 0.6206176311690024, 0.6031843422391358, -0.04572488513073995
0.5861959292357721, 0.6239946330057077, 0.6032123510889225, -0.043794671213506386
0.582940285599187, 0.6272086040327898, 0.603244178301353, -0.04149245847955442
0.5798708568410225, 0.6302327735165645, 0.6032787448081692, -0.03883779668101024
0.5770142906961575, 0.6330420282021078, 0.6033148786592575, -0.03585322959335933
0.574395453163437, 0.6356131061612853, 0.6033513547549667, -0.032564103941164865
0.5720371968623699, 0.6379247740519131, 0.6033869363816882, -0.028998354464554413
0.5699601462796718, 0.6399579869696789, 0.6034204171425732, -0.025186266924267637
0.5681825024323267, 0.641696030227651, 0.603450661861716, -0.021160221036401916
0.5667198692929281, 0.643124642533729, 0.6034766450747199, -0.01695441550609389
0.5655851040987296, 0.644232120153819, 0.6034974858002772, -0.012604577490136359
0.5647881934011945, 0.6450094017481425, 0.6035124774133583, -0.008147658959932934
0.5643361564123079, 0.6454501336512584, 0.6035211116066731, -0.0036215225563309902
0.5642329768727661, 0.6455507154350064, 0.6035230956275085, 0.0009353803749382126
0.5644795643116622, 0.6453103256504445, 0.6035183622051618, 0.005484336805681213
0.5650737451943522, 0.644730927693118, 0.6035070718321447, 0.009986701296675875
0.5660102840722041, 0.643817255779285, 0.6034896073217598, 0.01440422468817103
0.567280934462688, 0.6425767810628732, 0.6034665608267034, 0.01869937938495824
0.5688745188084834, 0.6410196579678221, 0.6034387137591273, 0.022835678443439998
0.5707770364976147, 0.6391586508618304, 0.6034070102933884, 0.02677798572600352
0.5729717985803249, 0.6370090412588606, 0.603372525350363, 0.03049281447096676
0.5754395874991105, 0.6345885158120678, 0.6033364281493179, 0.033948611733160605
0.5781588398619316, 0.6319170354485191, 0.6032999425635298, 0.037116026279287305
0.5811058500400568, 0.6290166861039128, 0.6032643056241043, 0.03996815767178104
0.5842549921651604, 0.6259115116403581, 0.6032307255790614, 0.042480784443021447
0.5875789579378883, 0.6226273296731661, 0.6032003409296433, 0.04463256944636031
0.5910490075436792, 0.6191915311926605, 0.6031741818324944, 0.046405240669411624
0.5946352309014771, 0.6156328650423855, 0.6031531351759919, 0.04778374600634919
0.5983068164461922, 0.6119812085031093, 0.6031379145143339, 0.04875638070753918
0.6020323246643913, 0.6082673254291121, 0.60312903587826, 0.04931488645479651
0.6057799636616256, 0.6045226135851237, 0.603126800282042, 0.0494545212471049
0.609517864135186, 0.6007788430340902, 0.6031312835194713, 0.04917409952310489
0.6132143512531472, 0.5970678876222166, 0.6031423335945517, 0.04847600219148075
0.616838211094159, 0.5934214517928649, 0.6031595758739594, 0.04736615648708908
0.6203589494768852, 0.5898707951289633, 0.6031824257866927, 0.04585398581784752
0.6237470411975059, 0.5864464571689116, 0.6032101086406322, 0.04395233001364422
0.6269741678924574, 0.5831779851579593, 0.6032416858845583, 0.04167733663239208
0.6300134429459792, 0.5800936674806813, 0.6032760869257165, 0.03904832421835029
0.6328396220628474, 0.5772202755659807, 0.6033121454246655, 0.03608761864236683
0.63542929832116, 0.5745828170604138, 0.6033486388372902, 0.03282036388105457
0.6377610807041596, 0.5722043030257913, 0.6033843298636298, 0.029274308810262543
0.6398157552805933, 0.570105531831399, 0.6034180083983777, 0.025479571795602535
0.6415764283575502, 0.5683048922792228, 0.6034485325607009, 0.021468385057189888
0.6430286510666119, 0.5668181883230342, 0.6034748674120631, 0.01727482096507344
0.6441605249629326, 0.5656584875210057, 0.603496120048983, 0.01293450258396197
0.6449627883177874, 0.5648359950997669, 0.6035115698804372, 0.008484300928773243
0.6454288828694703, 0.5643579552098068, 0.6035206930628699, 0.003962021514325162
0.6455550008670562, 0.564228580623054, 0.6035231802638513, -0.0005939171185514213
0.6453401122991852, 0.5644490117695815, 0.6035189471517336, -0.0051448101435282115
0.644785972248805, 0.5650173056384759, 0.6035081372554043, -0.009651995649715528
0.643897108358347, 0.565928454685444, 0.6034911170971103, -0.014077183473734604
0.6426807884319073, 0.567174435504364, 0.6034684637634918, -0.01838278083710375
0.6411469682455426, 0.5687442866395379, 0.6034409453365106, -0.022532211993064814
0.639308219687552, 0.5706242145474957, 0.6034094948481761, -0.026490229142940785
0.6371796394110933, 0.5727977263691449, 0.6033751786426265, -0.03022321196323774
0.6347787382547174, 0.5752457878515175, 0.6033391602187359, -0.033699453189762654
0.6321253117749047, 0.5779470044693281, 0.6033026607796037, -0.0368894278324985
0.6292412923401836, 0.5808778235450118, 0.6032669178268043, -0.03976604374309216
0.6261505833599194, 0.5840127549558354, 0.603233143203418, -0.04230487142361887
0.6228788763624077, 0.5873246078508767, 0.6032024820083529, -0.04448435114873388
0.6194534517957387, 0.5907847406807823, 0.603175973774762, -0.046285975671308294
0.615902964599196, 0.5943633217695858, 0.6031545172284213, -0.04769444699208799
0.6122572157801537, 0.5980295976297844, 0.6031388398204744, -0.04869780589479759
0.6085469114279616, 0.6017521662372997, 0.6031294730670098, -0.04928753317750527
0.6048034107980257, 0.6054992525390236, 0.6031267345310971, -0.04945862174718426
0.6010584653012521, 0.6092389835584175, 0.6031307170577807, -0.04920961898555726
0.5973439504309289, 0.6129396605895326, 0.6031412856267584, -0.04854263903893684
0.5936915928452785, 0.6165700261216165, 0.6031580819293895, -0.04746334493139506
0.5901326949934619, 0.6200995233095382, 0.6031805365149445, -0.045980900647785594
0.5866978598200547, 0.6234985459938736, 0.6032078880945769, -0.044107893579502025
0.5834167182023098, 0.6267386774727399, 0.6032392093489315, -0.041860227969949385
0.5803176618608151, 0.6297929164297881, 0.6032734383648799, -0.03925699023704675
0.5774275845329591, 0.6326358886238591, 0.6033094146360418, -0.03632028728507844
0.5747716342061551, 0.63524404314091, 0.603345918406945, -0.03307505914616651
0.572372979171356, 0.6375958321938588, 0.6033817120272104, -0.029548867510732
0.5702525905752022, 0.6396718736275947, 0.6034155819138276, -0.025771661914595363
0.5684290440206704, 0.6414550954421254, 0.6034463796987865, -0.021775525545814203
0.5669183425919256, 0.6429308617850849, 0.6034730611667755, -0.01759440281487424
0.5657337634610476, 0.6440870799849305, 0.6034947216624204, -0.01326381099533938
0.5648857299754695, 0.6449142882984193, 0.6035106267661282, -0.008820538386494037
0.5643817108294953, 0.6454057241314599, 0.6035202371979812, -0.004302331572946656
0.564226147596313, 0.6455573725630944, 0.6035232271048272, 0.00025242554311166764
0.5644204115446627, 0.6453679950607975, 0.6035194951101566, 0.004805038184766234
0.5649627902935155, 0.644839138324608, 0.6035091677518589, 0.0093168298149377
0.5658485044761704, 0.6439751232414038, 0.6034925951912258, 0.013749471094167156
0.5670697541997642, 0.6427830139726988, 0.6034703393387815, 0.018065305854624666
0.5686157947051029, 0.6412725672435756, 0.6034431547998163, 0.022227671291315625
0.5704730402626149, 0.6394561619505201, 0.603411963286061, 0.026201209625500828
0.5726251949904416, 0.6373487092655702, 0.6033778223615633, 0.029952168574621584
0.5750534089569478, 0.6349675434863826, 0.603341889582934, 0.03344868806633659
0.5777364576382608, 0.6323322939690943, 0.6033053832502254, 0.03666107076012874
0.5806509425469584, 0.6294647385850508, 0.6032695410995139, 0.039562034086571725
0.5837715106347166, 0.6263886392646006, 0.6032355783378709, 0.042126941679826654
0.5870710899025618, 0.6231295603313853, 0.6032046464435384, 0.0443340122612115
0.5905211385289947, 0.6197146704881223, 0.6031777941279755, 0.04616450422865572
0.5940919047492074, 0.6161725294881242, 0.6031559317830103, 0.04760287441643507
0.5977526946871373, 0.6125328607131041, 0.6031398006180384, 0.04863690970974602
0.6014721453543981, 0.6088263110738307, 0.6031299475331655, 0.04925783042750605
0.6052185000832426, 0.6050841998516345, 0.6031267065797158, 0.0494603646224348
0.6089598837509236, 0.6013382583009356, 0.6031301876362858, 0.04924279268830628
0.6126645752754586, 0.5976203620304135, 0.6031402726840105, 0.048606961908678296
0.6163012750127874, 0.593962258367612, 0.603156619807242, 0.047558270827924826
0.619839364856988, 0.5903952910827702, 0.6031786747840893, 0.04610562357259623
0.6232491590328585, 0.5869501249967738, 0.6032056898741229, 0.04426135449760052
0.6265021437678983, 0.5836564731196822, 0.6032367491666526, 0.04204112377601443
0.6295712042329287, 0.5805428290552396, 0.6032707996306459, 0.039463784792009377
0.6324308373419482, 0.5776362074585022, 0.6033066868140559, 0.03655122443183058
0.6350573491975218, 0.5749618953444712, 0.6033431939826319, 0.033328177596317926
0.6374290361539245, 0.5725432170125595, 0.6033790833715751, 0.029822017478275398
0.639526348642956, 0.5704013152729869, 0.6034131381515859, 0.026062523357162047
0.6413320370643356, 0.5685549515362028, 0.603444203686466, 0.022081627860056532
0.6428312791821642, 0.567020327155618, 0.6034712266832603, 0.01791314581955678
0.6440117885904199, 0.5658109281991113, 0.6034932909072245, 0.013592487024112337
0.644863903914016, 0.5649373955688577, 0.6035096482502561, 0.00915635530221106
0.6453806584986598, 0.564407422096131, 0.6035197440989232, 0.004642436506912722
0.6455578304144288, 0.5642256779129405, 0.6035232361414964, 8.907806970003901e-05
0.6453939726572401, 0.5643937650517717, 0.6035200059759374, -0.004465037128989521
0.6448904234822644, 0.5649102018550366, 0.6035101631250053, -0.008981219772070764
0.6440512968474302, 0.5657704373944603, 0.6034940413222541, -0.013421103173441244
0.6428834529872173, 0.566966895715208, 0.6034721871949307, -0.017746969572902855
0.6413964491808757, 0.5684890493378745, 0.6034453417277427, -0.021922070856342055
0.6396024708288054, 0.570323521081207, 0.6034144151363662, -0.02591094095125091
0.6375162430096307, 0.5724542129169389, 0.6033804560030811, -0.029679697225094514
0.6351549227616802, 0.5748624602422234, 0.6033446157214953, -0.033196328315593104
0.6325379724186388, 0.5775272096608894, 0.6033081094563003, -0.03643096594620868
0.629687014432036, 0.580425218107313, 0.60327217494206, -0.03935613842526885
0.6266256682339819, 0.5835312709301885, 0.6032380305181285, -0.041947003691296586
0.6233793698324739, 0.5868184163809442, 0.6032068338225285, -0.04418155994820385
0.6199751749878983, 0.5902582138247003, 0.6031796425450767, -0.04604083212994889
0.6164415469915009, 0.5938209929111649, 0.6031573785700776, -0.04750903264296452
0.6128081302520543, 0.5974761209080298, 0.6031407967238661, -0.04857369505410736
0.6091055110923447, 0.6011922754085179, 0.6031304591862982, -0.04922577962011732
0.6053649673583223, 0.6049377196749357, 0.603126716433266, -0.049459749789796115
0.6016182086460291, 0.6086805779676462, 0.6031296953559704, -0.0492736190506156
0.5978971091494304, 0.6123891083292782, 0.6031392949594832, -0.048668967735666535
0.5942334353204073, 0.616031970442099, 0.6031551897863359, -0.047650929653273194
0.5906585707045874, 0.6195784863467391, 0.6031768409491406, -0.04622814864879218
0.5872032404676227, 0.6229988919970991, 0.6032035143984428, -0.04441270545468885
0.5838972382503484, 0.6262645778234485, 0.6032343058068443, -0.04222001542951129
0.5807691580827907, 0.62934831667777, 0.6032681712261831, -0.03966869802738212
0.57784613414167, 0.6322244777370128, 0.6033039624788636, -0.03678041907553346
0.5751535911499701, 0.6348692251361887, 0.6033404660838589, -0.03357970716653541
0.5727150081874398, 0.6372607002900224, 0.6033764443979687, -0.030093745692408108
0.570551698605624, 0.6393791870356679, 0.6034106775776398, -0.02635214225784023
0.5686826086194825, 0.6412072588872246, 0.6034420049386683, -0.02238667740723764
0.5671241369802231, 0.6427299078337114, 0.6034693643113179, -0.018231034783213744
0.5658899779223706, 0.6439346542349986, 0.6034918280562053, -0.013920515000306277
0.5649909893251216, 0.644811637475072, 0.6035086345193899, -0.009491735665112452
0.5644350877377453, 0.6453536871199204, 0.6035192138596969, -0.004982320100731129
0.5642271715961878, 0.6455563744000629, 0.6035232073721035, -0.00043057743762708954
0.5643690736091529, 0.6454180438978185, 0.6035204796516241, 0.004124823186729342
0.5648595429234493, 0.6449398253698858, 0.6035111231849994, 0.008645181522047045
0.5656942572976246, 0.6441256256801844, 0.6034954552143973, 0.013092095366818027
0.5668658651275243, 0.642982100860002, 0.6034740069795368, 0.01742778716842503
0.5683640567851798, 0.6415186083561378, 0.6034475057032314, 0.021615425256861942
0.5701756643610573, 0.6397471395767841, 0.6034168499315189, 0.02561943695735658
0.5722847885465666, 0.6376822329028895, 0.6033830790649466, 0.029405810902751416
0.5746729510656975, 0.635340867402892, 0.6033473381145555, 0.03294238596629945
0.5773192707678214, 0.6327423375735791, 0.6033108388779576, 0.03619912435811455
0.5802006612333654, 0.6299081095314317, 0.6032748188521899, 0.039148366572156916
0.5832920475243566, 0.6268616591981784, 0.6032404992765826, 0.04176506603341787
0.5865665995359345, 0.6236282931618687, 0.6032090437282132, 0.04402700147485912
0.5899959792746294, 0.6202349530498106, 0.6031815186735917, 0.04591496526856481
0.5935505993052308, 0.6167100044207564, 0.6031588573137352, 0.04741292614338876
0.5971998895698637, 0.613083011368286, 0.6031418279480073, 0.04850816494008259
0.6009125697887825, 0.6093844982221163, 0.6031310079288339, 0.04919138228254037
0.6046569246996301, 0.6056456999350196, 0.6031267640898574, 0.04945677727854915
0.608401079476823, 0.6018983029453921, 0.6031292403106921, 0.04930209660359772
0.6121132727908338, 0.5981741785040426, 0.6031383526396016, 0.04872865356527333
0.6157621251133673, 0.5945051106428373, 0.6031537921393451, 0.047741316992072055
0.6193169000432294, 0.5909225211366436, 0.6031750353597741, 0.04634847003763472
0.6227477566133117, 0.5874571939627553, 0.6032013620823612, 0.04456193923808861
0.6260259907356818, 0.5841390018880007, 0.6032318797354168, 0.0423968944049061
0.6291242641436712, 0.5809966379078881, 0.6032655536526926, 0.03987172017700938
0.6320168193916409, 0.578057354319699, 0.6033012421499663, 0.037007860292192496
0.6346796796699491, 0.5753467122285424, 0.6033377352308142, 0.03382963586762743
0.6370908323802561, 0.5728883442590205, 0.6033737956096307, 0.030364039200467444
0.6392303955911675, 0.5707037331733409, 0.6034082006612173, 0.026640504810450064
0.6410807666536957, 0.5688120089786384, 0.6034397838746999, 0.02269065964491382
0.6426267523982536, 0.5672297669422274, 0.6034674744061161, 0.018548054550695917
0.6438556804591237, 0.5659709087251313, 0.603490333388349, 0.01424787928487782
0.6447574913785151, 0.5650465085942312, 0.6035075857668744, 0.009826663485224332
0.6453248112314769, 0.564464706385718, 0.60351864658145, 0.005321966149475849
0.645553004586709, 0.5642306285721626, 0.6035231408021696, 0.0007720562786164035
0.6454402076792481, 0.564346338438362, 0.6035209160469245, -0.0037844125786775026
0.6449873417220673, 0.5648108160038676, 0.6035120477487975, -0.008308731086236441
0.6441981063283553, 0.5656199679499909, 0.6034968365980674, -0.01276246336009767
0.6430789530583543, 0.5667666674237688, 0.6034757983456119, -0.01710777385805626
0.6416390391480358, 0.5682408232086346, 0.6034496463136603, -0.0213077491114644
0.6398901615254228, 0.5700294773791016, 0.6034192672072549, -0.025326711539920044
0.6378466712775668, 0.5721169302020085, 0.6033856910469966, -0.029130522663184645
0.6355253688003345, 0.5744848907167494, 0.6033500562430094, -0.032686873122704636
0.6329453799468554, 0.5771126511275609, 0.6033135709947515, -0.03596555704604422
0.6301280135907528, 0.5799772828776921, 0.6032774723257642, -0.03893872842966527
0.6270966011383341, 0.5830538520524351, 0.6032429841424914, -0.04158113737690898
0.6238763186601127, 0.5863156515787182, 0.6032112757392064, -0.043870344206717274
0.6204939924658247, 0.5897344475552128, 0.6031834221557766, -0.045786909642483276
0.6169778891170111, 0.5932807369594697, 0.6031603677320088, -0.0473145594973463
0.6133574910548873, 0.5969240139370081, 0.6031428940938148, -0.04844032249020805
0.6096632592153834, 0.6006330418799545, 0.6031315936561181, -0.04915464005378724
0.6059263842038688, 0.6043761285470846, 0.603126849540376, -0.04945144723031439
0.602178527804519, 0.6081214015593596, 0.6031288225871863, -0.049328223990283755
0.5984515567982785, 0.6118370817208453, 0.6031374459040089, -0.048786016553420894
0.5947772712533581, 0.6154917517592041, 0.6031524271327284, -0.047829428537200035
0.5911871296273513, 0.6190546182472703, 0.6031732583602349, -0.046466582005411435
0.5877119731745633, 0.6224957646517643, 0.6031992333362384, -0.044709048736036386
0.5843817522803721, 0.6257863936511788, 0.6032294714149344, -0.04257175227261281
0.581225257441129, 0.6288990570665348, 0.6032629474092592, -0.04007284156490043
0.5782698576685594, 0.6318078719507004, 0.6032985263460466, -0.03723353724142782
0.5755412491178759, 0.6344887215793203, 0.6033350019441939, -0.03407795178675452
0.5730632167157724, 0.6369194402748417, 0.6033711375116141, -0.030632885118228367
0.5708574114961277, 0.6390799811710586, 0.6034057078746047, -0.02692759726875006
0.5689431462366108, 0.640952566186276, 0.6034375409180653, -0.02299356008156745
0.5673372118287734, 0.6425218176167957, 0.6034655573280184, -0.018864190008331616
0.5660537166090475, 0.6437748708879687, 0.6034888071886578, -0.01457456427045676
0.5651039506310834, 0.6447014681076075, 0.6035065021926848, -0.01016112279417028
0.5644962765748551, 0.6452940321568943, 0.6035180423723494, -0.005661358459556562
0.5642360486698376, 0.6455477211287828, 0.6035230364443859, -0.0011134983115917035
0.5643255606642026, 0.6454604629856912, 0.6035213150786229, 0.003443821534916555
0.564764023505979, 0.6450329703599711, 0.6035129366400995, 0.007971884505686457
0.565547573022711, 0.6442687354656987, 0.6034981852098595, 0.012432222868875726
0.5666693075009628, 0.6431740051325197, 0.6034775609515771, 0.016786944898318605
0.5681193546838186, 0.6417577360154509, 0.6034517631508606, 0.020999057087917303
0.5698849673310442, 0.6400315300825495, 0.6034216665026559, 0.02503277865332282
0.5719506461302644, 0.6380095505387988, 0.6033882914511906, 0.028853845628867437
0.5742982884153034, 0.6357084184127159, 0.6033527695885841, 0.032429801963968066
0.5769073608459871, 0.6331470901147056, 0.6033163052857488, 0.035730275142496104
0.5797550939375947, 0.6303467163751714, 0.6032801348568506, 0.038727233989212184
0.5828166961021549, 0.6273304830870913, 0.603245484642078, 0.0413952264874083
0.5860655846811403, 0.6241234347126011, 0.6032135294299497, 0.04371159560936316
0.5894736313119456, 0.6207522810656636, 0.6031853526287195, 0.045656671354004155
0.5930114188795911, 0.6172451884516394, 0.6031619095369359, 0.04721393739218714
0.5966485072601483, 0.613631556327342, 0.6031439949580389, 0.04837017093721079
0.6003537050617905, 0.6099417808386208, 0.6031322162565043, 0.04911555468460674
0.6040953446106533, 0.6062070067928518, 0.6031269727685632, 0.04944375989905023
0.6078415575082058, 0.602458869826174, 0.6031284422651331, 0.04935199996569301
0.611560548200305, 0.5987292307247732, 0.6031365749256239, 0.0488410539667225
0.6152208631404418, 0.5950499040503565, 0.6031510950267842, 0.0479152600899926
0.6187916532954935, 0.5914523833964367, 0.6031715102893748, 0.046582478923713935
0.6222429279257512, 0.5879675657582883, 0.6031971285659926, 0.04485402693802784
0.6255457977663098, 0.5846254776298211, 0.6032270813046199, 0.042744580699399834
0.6286727059383418, 0.5814550055398401, 0.6032603529928435, 0.04027205260569622
0.6315976451209183, 0.5784836338034742, 0.6032958155849565, 0.03745743916699734
0.6342963597119162, 0.5757371922879342, 0.6033322667451811, 0.034324643088004245
0.6367465318957701, 0.5732396169720498, 0.6033684706107652, 0.030900270630525986
0.6389279507128149, 0.5710127260141221, 0.6034031996931244, 0.027213405947101747
0.6408226633868693, 0.569076013931482, 0.6034352764964479, 0.02329536427730852
0.6424151083126168, 0.5674464663379282, 0.6034636134425645, 0.01917942608465866
0.6436922292312661, 0.5661383974833205, 0.6034872497481317, 0.014900554382102043
0.6446435702318398, 0.5651633125956352, 0.6035053840034147, 0.010495097645944047
0.6452613513070119, 0.564529796743452, 0.6035174013475764, 0.006000480849502273
0.645540524268391, 0.5642434316210404, 0.6035228943186135, 0.0014548872572407528
0.6454788088887967, 0.5643067413146471, 0.6035216766705873, -0.0031030662941355005
0.6450767091914161, 0.5647191677438941, 0.6035137896893609, -0.007634657840347336
0.6443375098511711, 0.5654770760935387, 0.6034995007925643, -0.012101389637784551
0.6432672527158685, 0.5665737901658101, 0.60347929446128, -0.016465315584655842
0.6418746934976983, 0.5679996571999311, 0.6034538558111341, -0.02068936390246072
0.6401712387331283, 0.5697421413309544, 0.6034240473601669, -0.024737652309553566
0.6381708631649644, 0.5717859445021971, 0.6033908797816311, -0.028575792988521954
0.6358900077675045, 0.574113153311326, 0.6033554776338518, -0.03217118474357393
0.6333474587170783, 0.5767034099658105, 0.603319041229534, -0.035493289861734924
0.6305642077079742, 0.5795341052545276, 0.6032828059377249, -0.03851389333072673
0.6275632941290863, 0.5825805912131611, 0.603248000298521, -0.04120734222505586
0.6243696297501142, 0.5858164109750819, 0.6032158043706902, -0.04355076324807053
0.6210098067173669, 0.5892135431587487, 0.6031873097243028, -0.04552425660945739
0.6175118898268565, 0.5927426580483025, 0.6031634824345131, -0.04711106462274987
0.6139051942241355, 0.5963733827756326, 0.6031451303307559, -0.048297713623854197
0.6102200498731621, 0.6000745727083869, 0.6031328756112656, -0.04907412803740057
0.6064875543364237, 0.6038145862866386, 0.6031271337509138, -0.04943371565103924
0.602739315611038, 0.6075615606277265, 0.6031280994170466, -0.04937342339689024
0.5990071869654194, 0.6112836853298718, 0.6031357398705214, -0.048893763182610114
0.595322995912792, 0.6149494720455458, 0.6031497960755163, -0.04799880756043921
0.5917182696355783, 0.6185280175597944, 0.6031697914805172, -0.04669615526970287
0.5882239593326501, 0.6219892582910722, 0.6031950481729683, -0.04499686693514743
0.5848701660939442, 0.6253042143267595, 0.603224709860234, -0.042915371448782574
0.5816858710086673, 0.6284452213067152, 0.6032577708981698, -0.04046934380512039
0.5786986722794741, 0.6313861486704809, 0.6032931103836121, -0.03767955539730274
0.5759345321414747, 0.6341026029820934, 0.6033295301553618, -0.034569698012948055
0.5734175363685595, 0.6365721152364947, 0.6033657954156529, -0.031166182991858183
0.5711696690880272, 0.6387743112295157, 0.6034006765950852, -0.027497917221112923
0.5692106055168339, 0.6406910642365289, 0.6034329910416779, -0.0235960578445525
0.5675575250789798, 0.642306629391088, 0.603461643120465, -0.0194937477511319
0.5662249471649393, 0.6436077592831735, 0.6034856613637939, -0.015225834078033545
0.5652245915530759, 0.6445838004068382, 0.6035042314123271, -0.010828572117659523
0.5645652652333966, 0.6452267701798936, 0.6035167236294017, -0.006339317150722508
0.5642527770604897, 0.6455314143353343, 0.6035227144519874, -0.0017962068387814198
0.5642898813207999, 0.6454952445477465, 0.6035220007538962, 0.002762163102865002
0.5646762509360407, 0.6451185562109681, 0.6035146067339425, 0.0072970671683156366
0.5654084806466578, 0.6444044263290656, 0.6035007830953399, 0.01176997943975103
0.566480120134455, 0.643358691525079, 0.6034809985441829, 0.016142901250711827
0.5678817366594858, 0.641989906214755, 0.6034559238954564, 0.02037868431911289
0.5696010064109029, 0.6403092810395294, 0.6034264093258058, 0.02444134657754746
0.5716228334121143, 0.638330601707994, 0.6033934555447742, 0.028296377996497993
0.573929494484359, 0.6360701284612795, 0.6033581798624404, 0.03191103378875349
0.5765008084660626, 0.6335464764580236, 0.6033217783044164, 0.035254612499262095
0.5793143276135433, 0.6307804774709886, 0.6032854850590645, 0.03829871662217188
0.5823455488764305, 0.6277950234014148, 0.6032505306321339, 0.04101749354407365
0.5855681425518485, 0.6246148922493119, 0.6032181001276382, 0.043387854787443114
0.5889541956773416, 0.621266557327826, 0.6031892930693415, 0.04538967171890794
0.5924744674246727, 0.6177779806762858, 0.6031650861248118, 0.04700594609113372
0.5960986537048366, 0.614178391807355, 0.6031462999954609, 0.048222954002779
0.5997956581875488, 0.610498053115825, 0.6031335715946586, 0.049030362086134135
0.6035338669736688, 0.6067680134761569, 0.6031273324567075, 0.049421314964870094
0.607281424233087, 0.6030198517583593, 0.6031277941082698, 0.04939249326303835
0.6110065062292708, 0.5992854121920221, 0.6031349408978927, 0.04894414168945738
0.6146775912900407, 0.5955965337008555, 0.603148530526569, 0.04808006696737573
0.6182637234467864, 0.5919847755090569, 0.6031681022613633, 0.04680760562636846
0.621734767645514, 0.58848114148048, 0.6031929925538139, 0.045137561920395634
0.6250616546270324, 0.5851158057861847, 0.6032223575339241, 0.04308411638141376
0.6282166137744639, 0.5819178426001566, 0.6032552016175582, 0.04066470576043067
0.631173392428616, 0.578914962591943, 0.6032904112578118, 0.037899875345897505
0.6339074603705674, 0.5761332590145464, 0.6033267926965229, 0.0348131048812012
0.6363961983615902, 0.5735969661728141, 0.6033631124363639, 0.03143060952699299
0.6386190698095481, 0.5713282329995161, 0.60339813906158, 0.02778111752828825
0.640557774795211, 0.5693469143620994, 0.6034306849895397, 0.02389562644870874
0.6421963858394758, 0.5676703825727311, 0.6034596467374198, 0.019807140022842867
0.6435214649221197, 0.5663133613789011, 0.6034840423385187, 0.015550387850375966
0.6445221613742609, 0.565287784473981, 0.6035030446392012, 0.011161530310312731
0.6451902903607738, 0.5646026802902538, 0.6035160093470566, 0.006677851208281069
0.6455203917470917, 0.5642640845258048, 0.6035224968788058, 0.002137440782741068
0.6455097692092873, 0.5642749815168384, 0.6035222872667533, -0.002421128214700037
0.6451585095000159, 0.5646352752050312, 0.6035153876180473, -0.006959128585065008
0.6444694818291357, 0.5653417900724782, 0.6035020318736738, -0.011438008075243391
0.643448317360304, 0.5663883020322136, 0.6034826728753496, -0.015819717267598732
0.6421033688674725, 0.567765598877979, 0.6034579670094858, -0.020067033148965727
0.64044565064179, 0.569461569520572, 0.6034287519491991, -0.024143875582515517
0.6384887587936745, 0.5714613208773192, 0.6033960182494834, -0.028015613972141085
0.6362487721600826, 0.5737473209430225, 0.6033608757591069, -0.031649361499898436
0.6337441341060855, 0.576299566261554, 0.6033245159885142, -0.035014254431279326
0.6309955156050173, 0.5790957717427172, 0.603288171710043, -0.038081714119062846
0.628025660094103, 0.5821115805336623, 0.6032530751604669, -0.04082568949234232
0.6248592107332497, 0.5853207914615439, 0.6032204162630782, -0.04322287799105369
0.6215225208433259, 0.588695601416596, 0.6031913022856922, -0.04525292309585928
0.6180434484655258, 0.59220685994347, 0.6031667203020789, -0.046898586806468384
0.6144511361632761, 0.5958243332534917, 0.6031475037291583, -0.048145895636341904
0.6107757773795156, 0.5995169748601183, 0.6031343040740061, -0.04898425891624544
0.6070483708613629, 0.6032532000720346, 0.6031275688480835, -0.04940655843141763
0.6033004648665911, 0.6070011616496082, 0.6031275263970425, -0.04940920865545013
0.599563893066943, 0.6107290240366675, 0.6031341781601034, -0.048992187086702894
0.5958705042566101, 0.6144052337159066, 0.6031472986212689, -0.04815903443867797
0.5922518881543894, 0.6179987833972221, 0.6031664429540209, -0.046916824682792055
0.5887390997493425, 0.6214794679283039, 0.6031909621004979, -0.04527610518901619
0.585362384776438, 0.624818130009947, 0.6032200247742339, -0.04325080745547449
0.5821509090153283, 0.6279868939991087, 0.6032526456409187, -0.04085812916086928
0.5791324941771636, 0.6309593862851616, 0.6032877187222254, -0.03811838851199398
0.5763333631770057, 0.6337109409240297, 0.6033240548906453, -0.03505485209098304
0.5737778975796007, 0.636218789406413, 0.6033604221844906, -0.03169353763157699
0.5714884099516422, 0.6384622336163066, 0.6033955875764648, -0.028062993368679068
0.569484933752916, 0.6404228012015174, 0.6034283587797492, -0.024194055808866882
0.5677850332517879, 0.6420843827267245, 0.6034576246740937, -0.020119587959237174
0.5664036357584404, 0.6434333501106345, 0.6034823929810111, -0.015874200225901854
0.5653528882344707, 0.6444586559616708, 0.6035018239103125, -0.011493956349543474
0.5646420400633549, 0.6451519135219739, 0.6035152586367146, -0.007016066881670127
0.5642773534575296, 0.6455074570087923, 0.6035222416405246, -0.002478572819735691
0.564262042639964, 0.6455223822077494, 0.603522536154488, 0.0020799778895215127
0.5645962425775509, 0.6451965672268439, 0.6035161321927338, 0.006620858202675763
0.5652770076674594, 0.6445326733667156, 0.6035032468894018, 0.01110549137151378
0.5662983403933313, 0.6435361261053403, 0.6034843171354684, 0.015495779043160459
0.5676512495835838, 0.6422150762377924, 0.6034599847635902, 0.01975442524947544
0.5693238375268893, 0.6405803412578721, 0.603431074783605, 0.023845253505267693
0.571301414837698, 0.6386453271219557, 0.6033985674070567, 0.02773351429915457
0.5735666416245496, 0.6364259305997619, 0.6033635648097558, 0.03138618034996632
0.5760996932023676, 0.63394042249469, 0.6033272537597705, 0.03477222711414279
0.5788784483126038, 0.6312093121102698, 0.6032908653783428, 0.03786289616397407
0.5818786975767041, 0.6282551934505777, 0.6032556333983083, 0.04063193921096525
0.5850743697124667, 0.6251025737718787, 0.6032227523353547, 0.043055840721068744
0.588437772891917, 0.6217776852500846, 0.6031933369902291, 0.04511401725694278
0.5919398485145386, 0.6183082806927253, 0.6031683846547082, 0.046788991884671345
0.595550434611058, 0.614723414402965, 0.6031487413023214, 0.04806654219644202
0.5992385360793482, 0.6110532094938536, 0.6031350729096404, 0.048935820724541834
0.6029725989830669, 0.6073286131497291, 0.6031278428799685, 0.04938944675381033
0.6067207862121526, 0.6035811415340363, 0.6031272963344139, 0.049423568777626624
0.6104512519080739, 0.5998426162437513, 0.6031334518025963, 0.0490378970849588
0.6141324121910056, 0.5961448944046437, 0.6031461005945217, 0.04823570621143975
0.6177332098854459, 0.5925195946829757, 0.6031648138748953, 0.04702380723439318
0.6212233711195922, 0.5889978216521694, 0.6031889572002006, 0.045412490138809755
0.6245736518661487, 0.5856098910916632, 0.6032177120259917, 0.043415436727051324
0.6277560726924355, 0.5823850589042685, 0.6032501034556491, 0.04104960478810138
0.6307441401901535, 0.5793512564128722, 0.6032850332902958, 0.03833508448095847
0.6335130537547714, 0.5765348348330246, 0.6033213172598101, 0.035294928119663935
0.6360398965767659, 0.5739603217114473, 0.6033577251730523, 0.03195495477273019
0.6383038098879067, 0.5716501920692624, 0.603393022626304, 0.028343531305522585
0.6402861496724522, 0.5696246568914924, 0.6034260128559178, 0.024491331698474207
0.6419706252032612, 0.5679014714608694, 0.6034555773161027, 0.02043107666482439
0.6433434188952004, 0.566495765845274, 0.6034807136058172, 0.01619725576676727
0.6443932870824383, 0.5654198996163937, 0.6035005694584736, 0.011825834386391568
0.6451116414228535, 0.5646833426059115, 0.6035144716415598, 0.007353948045579812
0.6454926107132077, 0.564292583199171, 0.6035219487858429, 0.002819586685246649
0.6455330829650867, 0.5642510653303721, 0.6035227473696658, -0.0017387283927192665
0.6452327276467124, 0.564559154984248, 0.6035168403160407, -0.006282272149064025
0.6445939980428447, 0.5652141366339272, 0.6035044279108516, -0.010772445181841426
0.6436221137278002, 0.566210239660733, 0.6034859310110123, -0.015171102021235535
0.6423250231889653, 0.5675386944168382, 0.6034619767730209, -0.01944087552375133
0.6407133466839293, 0.569187817213656, 0.603433377386099, -0.023545494581534418
0.6388002994672567, 0.5711431231552841, 0.6034011025314107, -0.027450092424959157
0.6366015955863296, 0.5733874653943039, 0.6033662465016291, -0.031121502883884287
0.6341353325225444, 0.5759011990733305, 0.6033299910961377, -0.03452854208381579
0.6314218570467978, 0.5786623679356688, 0.6032935655503261, -0.0376422731860457
0.6284836127681428, 0.5816469113469542, 0.6032582048578459, -0.0404362519338331
0.625344969982558, 0.5848288892704855, 0.6032251078990161, -0.04288675093787434
0.6220320385747926, 0.5881807225845962, 0.6031953967949624, -0.044972960821607386
0.6185724648891451, 0.5916734460221317, 0.6031700788653227, -0.046677166548202975
0.6149952136628691, 0.5952769709500534, 0.6031500124789474, -0.047984897464344166
0.6113303363057864, 0.5989603551902342, 0.6031358779549341, -0.04888504981909342
0.6076087270079559, 0.6026920771084793, 0.6031281545000795, -0.04936998074739493
0.6038618683594976, 0.6064403112644813, 0.6031271039642163, -0.04943557294529304
0.6001215683678779, 0.6101732030167192, 0.6031327619638324, -0.04908126950611777
0.5964196909527211, 0.6138591396084752, 0.603144936674722, -0.04831007863214993
0.5927878821807429, 0.6174670154188143, 0.603163215334572, -0.047128548183174426
0.5892572946678913, 0.6209664892399029, 0.6031869782351692, -0.045546710270445365
0.5858583127164964, 0.6243282316335929, 0.6032154197301469, -0.04357799635051186
0.5826202808667137, 0.6275241606200135, 0.6032475755464518, -0.041239123516651176
0.5795712386188123, 0.630527664153385, 0.6032823554740457, -0.03854995292480497
0.57673766412161, 0.6333138080402851, 0.6033185803259998, -0.0355333215243127
0.5741442296190946, 0.6358595281485441, 0.6033550219162938, -0.03221484848964194
0.5718135713994563, 0.6381438059368726, 0.6033904447001677, -0.02862271796588064
0.5697660768969718, 0.6401478265031545, 0.6034236476653569, -0.02478743994601164
0.5680196914571107, 0.6418551185007757, 0.6034535050538342, -0.020741591289885696
0.56658974708984, 0.6432516754060782, 0.6034790045331623, -0.016519539071245815
0.5654888153074946, 0.644326057735608, 0.603499281522886, -0.012157148598049766
0.5647265858751135, 0.645069475909724, 0.6035136485116589, -0.007691478590664087
0.5643097729972298, 0.6454758535407139, 0.6035216183706039, -0.0031604661203929758
0.564242050131209, 0.6455418709908848, 0.6035229208720125, 0.0013973959944204215
0.5645240142596283, 0.6452669891019165, 0.6035175118529432, 0.005943386567217421
0.5651531800799013, 0.6446534530443748, 0.6035055747128256, 0.010438885384781582
0.5661240041857822, 0.6437062762792635, 0.6034875141942484, 0.014845701680925982
0.5674279389303374, 0.6424332046657459, 0.6034639426579439, 0.01912639891985126
0.5690535152811809, 0.6408446607945477, 0.6034356593176271, 0.02324461310129424
0.5709864536138464, 0.6389536686787588, 0.6034036231391615, 0.027165361860058718
0.5732098010453156, 0.6367757589962924, 0.6033689203234004, 0.03085534171795781
0.575704093593504, 0.6343288551540097, 0.6033327274756852, 0.03428321095532523
0.5784475411657394, 0.6316331405349114, 0.6032962717111546, 0.037419855700493096
0.5814162331347751, 0.6287109073984307, 0.6032607890487877, 0.04023863698718991
0.5845843620584327, 0.6255863880305471, 0.6032274825049422, 0.04271561669970271
0.5879244629411897, 0.6222855688851447, 0.6031974813071701, 0.04482976051181031
0.5914076653242835, 0.6188359886197279, 0.6031718026109135, 0.04656311612582488
0.5950039554254167, 0.6152665211054108, 0.60315131701669, 0.04790096533050628
0.5986824455288753, 0.6116071446802013, 0.6031367190564179, 0.04883194861913078
0.6024116478497317, 0.607888699112384, 0.6031285036490289, 0.04934816133970518
0.6061597501586283, 0.6041426319429195, 0.603126949323158, 0.04944522058643927
0.6098948905524423, 0.6004007360772653, 0.6031321087753705, 0.04912230228346528
0.6135854288861455, 0.5966948806924378, 0.6031438070838218, 0.048382148156875894
0.617200212537143, 0.5930567377087969, 0.6031616476378725, 0.04723104253797469
0.6207088343496101, 0.5895175062420765, 0.6031850255827608, 0.045678759187780374
0.6240818807970594, 0.5861076375938727, 0.6032131483238009, 0.04373847857888925
0.6272911686007469, 0.5828565634526475, 0.6032450623953544, 0.04142667631434763
0.6303099682439965, 0.5797924300572999, 0.6032796857840858, 0.038762983602697844
0.6331132130228943, 0.5769418411171281, 0.6033158446110974, 0.0357700209422522
0.6356776924674049, 0.5743296122819761, 0.6033523129296757, 0.03247320639417496
0.63798222914985, 0.5719785399119541, 0.6033878542896179, 0.02890054004128722
0.6400078380666593, 0.5699091868058068, 0.6034212636590638, 0.0250823664356803
0.6417378679320229, 0.5681396874103755, 0.6034514082824255, 0.021051117031192827
0.6431581238571559, 0.566685574851546, 0.6034772660889248, 0.016841034774473303
0.6442569710057994, 0.5655596319015969, 0.6034979603491211, 0.012487883188628522
0.6450254189157966, 0.5647717677322451, 0.603512789403948, 0.008028642424318902
0.6454571862592888, 0.5643289220012457, 0.6035212504577873, 0.003501194872715981
0.6455487458824037, 0.5642349974885473, 0.6035230566284127, -0.0010559969687044951
0.6452993500218732, 0.5644908221419538, 0.603518146675354, -0.005604217614416752
0.6447110356441057, 0.5650941410189265, 0.6035066870766094, -0.010104827883400537
0.6437886098954606, 0.5660396382280469, 0.6034890663832506, -0.014519593535851995
0.6425396156946256, 0.5673189885884378, 0.6034658820434587, -0.01881101043006219
0.6409742775430217, 0.5689209383459216, 0.6034379201430269, -0.022942623408086484
0.6391054276807169, 0.5708314139184648, 0.6034061287496382, -0.026879336177390446
0.6369484127770113, 0.5730336572978083, 0.6033715857651906, -0.03058770953926459
0.634520981419504, 0.5755083864156691, 0.603335462376612, -0.03403624542220493
0.6318431527556221, 0.5782339784974532, 0.6032989833447968, -0.037195654308102816
0.6289370667478865, 0.5811866741789141, 0.6032633854783672, -0.04003910378918666
0.6258268166295212, 0.584340799955493, 0.6032298757003364, -0.042542446162247324
0.6225382642903834, 0.587669006372884, 0.6031995901293757, -0.04468442315169603
0.6190988394836656, 0.5911425192521591, 0.6031735555627993, -0.046446846052344906
0.615537323919581, 0.5947314011738534, 0.6031526546668046, -0.04781474979439285
0.6118836215005449, 0.5984048204218213, 0.6031375960537174, -0.048776519654927845
0.6081685161496272, 0.6021313246073835, 0.603128890260247, -0.049323989570415214
0.6044234188860277, 0.6058791162542658, 0.6031268324407318, -0.04945251124134363
0.6006801060030145, 0.6096163277210755, 0.6031314923617676, -0.049160993461773134
0.5969704503998644, 0.6133112929659403, 0.6031427120372185, -0.048451911351425625
0.5933261483040567, 0.6169328138121257, 0.6031601110837327, -0.047331285414698956
0.5897784437875543, 0.6204504185483873, 0.6031830996153174, -0.04580863059815681
0.5863578536256288, 0.6238346108876306, 0.6032108982400799, -0.043896875764242095
0.5830938951628776, 0.6270571075063858, 0.6032425644815832, -0.0416122542427451
0.5800148199337686, 0.630091062590025, 0.6032770247294978, -0.03897416636143052
0.5771473558298147, 0.6329112780093457, 0.6033131106367815, -0.03600501509159197
0.5745164606086866, 0.6354943979484041, 0.6033495987297861, -0.0327300161714474
0.5721450894995573, 0.6378190869872862, 0.6033852518886367, -0.02917698428837469
0.5700539795721226, 0.639866190813616, 0.6034188612916642, -0.025376097108065675
0.568261453403563, 0.6416188788905902, 0.6034492874017343, -0.02135963913270565
0.5667832443990138, 0.6430627685457598, 0.603475498604636, -0.017161727549172723
0.565632345898782, 0.6441860300630606, 0.6034966061891415, -0.012818022389902114
0.5648188859427926, 0.6449794724610798, 0.6035118944822772, -0.008365423471443287
0.5643500292638319, 0.645436609724451, 0.6035208451175732, -0.003841756696948754
0.5642299077513524, 0.6455537073245694, 0.6035231546130008, 0.000714547592832257
0.5644595802731434, 0.6453298089231624, 0.6035187446622379, 0.005264781461469727
0.5650370223698996, 0.644766743200868, 0.6035077647901015, 0.00977028860452106
0.5659571459550568, 0.6438691107963987, 0.6034905872820434, 0.014192793133416062
0.5672118487669507, 0.6426442513840027, 0.6034677945597551, 0.01849472509018878
0.5687900929401202, 0.641102190961571, 0.6034401594311913, 0.022639539898330237
0.5706780116951164, 0.6392555694727282, 0.6034086188850561, 0.026592029011681007
0.5728590427987317, 0.6371195489470103, 0.6033742423187368, 0.030318619105052465
0.57531408712581, 0.6347117024158516, 0.6033381952774104, 0.03378765725593971
0.5780216903657005, 0.6320518839510317, 0.6033016999341816, 0.036969679694728655
0.5809582456659108, 0.6291620802781946, 0.6032659936514809, 0.039837661849433006
0.5840982147965883, 0.6260662445420383, 0.6032322870288476, 0.04236724757827351
0.587414365254864, 0.6227901129418043, 0.6032017228594521, 0.044536955667269604
0.590878020609408, 0.6193610051149381, 0.6031753373867071, 0.04632836186835587
0.5944593213131812, 0.6158076093215066, 0.6031540251742052, 0.04772625496428133
0.5981274931854169, 0.6121597536694104, 0.6031385087795798, 0.04871876556767827
0.6018511207804481, 0.6084481648171872, 0.6031293142599847, 0.049297466591287115
0.6055984229180684, 0.6047042157929614, 0.6031267533391892, 0.04945744456259225
0.6093375277438232, 0.6009596647700238, 0.6031309128405207, 0.049197341197390485
0.6130367448132796, 0.5972463868361898, 0.6031416517436723, 0.04851936489150996
0.6166648318467711, 0.5935961009798987, 0.6031586059650996, 0.04742927203654979
0.620191253974674, 0.5900400946850486, 0.60318120070004, 0.045936318312700126
0.6235864334821921, 0.5866089486731204, 0.6032086699079899, 0.04405318035801775
0.626821988261066, 0.5833322644496317, 0.6032400822814045, 0.04179584845754856
0.6298709573779809, 0.5802383973973351, 0.6032743728176606, 0.03918349113590773
0.6327080123704237, 0.5773541982063003, 0.6033103789243406, 0.03623829277176341
0.6353096530756517, 0.5747047654374627, 0.6033468798341497, 0.0329852655804168
0.6376543869831309, 0.5723132119785728, 0.6033826379934387, 0.02945203752950245
0.6397228912720407, 0.5702004480681004, 0.6034164410212385, 0.02566861796080591
0.6414981568506923, 0.5683849834329313, 0.603447142816171, 0.021667142886273433
0.6429656138524988, 0.5668827509103406, 0.6034737024173236, 0.01748160210638291
0.6441132381627586, 0.5657069537055822, 0.6034952193011625, 0.01314755046205826
0.6449316386523192, 0.5648679381765711, 0.6035109639172948, 0.008701805675203036
0.6454141248792521, 0.5643730937407367, 0.6035204024272566, 0.004182135355787862
0.6455567550900039, 0.564226781171468, 0.6035232148070953, -0.0003730641464731672
0.6453583644096003, 0.5644302901986852, 0.6035193056995714, -0.004925094291944092
0.6448205731596459, 0.5649818269569165, 0.6035088076478031, -0.00943528349796758
0.6439477752865368, 0.5658765314420878, 0.6034920766006229, -0.013865316054066004
0.642747106924401, 0.5671065247528593, 0.6034696798421554, -0.018177557978841317
0.6412283951616046, 0.5686609855114572, 0.6034423767551376, -0.022335377020643685
0.6394040871300372, 0.5705262544902711, 0.6034110930706049, -0.02630345405880183
0.6372891595963251, 0.5726859661213066, 0.603376889477501, -0.0300480832421366
0.6349010093066775, 0.5751212052426165, 0.6033409256569918, -0.03353745830541009
0.632259324424771, 0.5778106871450883, 0.6033044209613369, -0.03674194263078806
0.6293859375067582, 0.5807309587295275, 0.603268613070835, -0.03963432076854997
0.6263046605800544, 0.5838566183717798, 0.6032347160307212, -0.04219002929723167
0.6230411030333018, 0.587160551925691, 0.603203879090768, -0.04438736508607345
0.6196224731828914, 0.5906141821715313, 0.6031771477429169, -0.046207669219978806
0.616077364555055, 0.5941877289416896, 0.6031554282775994, -0.04763548505707335
0.6124355281091689, 0.59785047712516, 0.6031394570599985, -0.048658689109376055
0.6087276318240924, 0.6015710497657466, 0.6031297755674185, -0.04926859366612116
0.6049850092709262, 0.6053176835230797, 0.6031267120336331, -0.049460020315099454
0.6012393989976502, 0.6090585038566445, 0.603130370322147, -0.049231343758334864
0.5975226767483837, 0.6127617974164818, 0.6031406264053676, -0.04858450556290324
0.5938665827268106, 0.6163962792748238, 0.6031571325689705, -0.04752499773425689
0.5903024462838217, 0.6199313528051243, 0.6031793291990117, -0.046061816246615414
0.5868609105578492, 0.6233373602029129, 0.6032064637524238, -0.04420738491141371
0.5835716597171609, 0.6265858218408249, 0.6032376162681187, -0.041977450209036635
0.580463151541374, 0.6296496628524055, 0.6032717305542364, -0.03939094794962818
0.5775623581301523, 0.6325034255405502, 0.6033076499946549, -0.036469842864058105
0.5748945175366831, 0.6351234664019523, 0.6033441567612036, -0.03323894245446889
0.5724828990892595, 0.6374881367445172, 0.603380013102439, -0.029725686653390225
0.5703485850843673, 0.6395779460470348, 0.6034140033092795, -0.025959915049264544
0.5685102714084288, 0.6413757073669373, 0.6034449749346594, -0.021973613632342105
0.5669840894733652, 0.6428666642410718, 0.6034718778694752, -0.017800643196194083
0.5657834516351861, 0.644038598645437, 0.6034937999496238, -0.013476451694455702
0.5649189220078588, 0.6448819196828998, 0.6035099978864222, -0.009037772997804165
0.5643981142909051, 0.6453897327542228, 0.6035199224712253, -0.004522314620675299
0.5642256179036114, 0.6455578890390259, 0.6035232371991873, 3.156291092062285e-05
0.5644029533675623, 0.6453850151722904, 0.6035198296803395, 0.0045851723013870666
0.5649285575091267, 0.6448725230516774, 0.6035098154508217, 0.009099828535796545
0.565797798671944, 0.6440245997549271, 0.6034935340549619, 0.013537177910543555
0.5670030217440398, 0.6428481775886636, 0.6034715375311304, 0.017859524216708653
0.5685336224227141, 0.6413528843339605, 0.6034445716920243, 0.022030149275146786
0.570376149770497, 0.6395509738038231, 0.6034135508344691, 0.02601362507510864
0.5725144357645807, 0.6374572368868398, 0.6033795267366915, 0.029776114846281662
0.5749297502169878, 0.6350888933227802, 0.6033436529946995, 0.03328566049632192
0.5776009791494023, 0.6324654645424114, 0.6033071459073969, 0.03651245397074396
0.5805048244501751, 0.6296086280071476, 0.6032712432369441, 0.0394290902377079
0.5836160224256641, 0.6265420536054072, 0.603237162242786, 0.04201079976485471
0.5869075786866829, 0.6232912228018923, 0.6032060584121725, 0.04423565853684798
0.5903510166852459, 0.6198832313927903, 0.6031789862862347, 0.04608477385858933
0.5939166371374957, 0.6163465768924145, 0.6031568637094515, 0.04754244439808984
0.5975737855350551, 0.6127109317625683, 0.6031404407141648, 0.048596293142680755
0.6012911249572765, 0.6090069038915266, 0.603130274094599, 0.049237372170693176
0.605036911448088, 0.6052657859308336, 0.6031267085319518, 0.049460238376117675
0.6087792693096452, 0.6015192953003579, 0.603129864910106, 0.04926299952437368
0.6124864637861765, 0.5977993068698475, 0.6031396362178295, 0.0486473302615959
0.6161271687602033, 0.5941375805130418, 0.6031556911763082, 0.04761845794629908
0.6196707272540742, 0.5905654859023117, 0.6031774854691073, 0.04618511841947728
0.623087402716747, 0.587113727062083, 0.6032042801940728, 0.04435948207573208
0.6263486192731346, 0.5838120693223329, 0.6032351669119704, 0.04215705084247788
0.6294271893154348, 0.5806890714040771, 0.6032690984430812, 0.039596526915158234
0.6322975270173837, 0.5777718254223935, 0.6033049243681101, 0.036699654332155246
0.634935846548448, 0.575085707605344, 0.6033414300302218, 0.03349103470199524
0.6373203439514484, 0.5726541424962599, 0.6033773777161944, 0.029997918615741886
0.639431361820521, 0.5704983833303754, 0.6034115486206556, 0.026249974487194704
0.6412515360741042, 0.5686373111540148, 0.6034427841706168, 0.0222790367606526
0.6427659242580961, 0.5670872550859294, 0.6034700253090405, 0.018118835608474607
0.6439621149366841, 0.5658618359076257, 0.6034923484052069, 0.01380471040637303
0.6448303178327633, 0.5649718349155199, 0.6035089965738977, 0.009373309421257529
0.645363434467336, 0.5644250896765304, 0.6035194053410251, 0.0048622782725732516
0.6455571091196581, 0.5642264180053529, 0.603523221785028, 0.0003099398316851181
0.6454097599896752, 0.5643775711321612, 0.6035203165046417, -0.004245031696552515
0.6449225904945486, 0.5648772166605721, 0.6035107880069934, -0.008763939711534434
0.6440995806753592, 0.5657209515347316, 0.6034949593671508, -0.0132083943471391
0.6429474587321377, 0.5669013448489664, 0.603473367272448, -0.01754063896583594
0.641475652749135, 0.5684080099514128, 0.6034467438233079, -0.02172387121276919
0.6396962227214703, 0.5702277049220418, 0.6034159917079855, -0.025722555876784292
0.6376237730525961, 0.5723444601529536, 0.6033821535934177, -0.029502726881584763
0.6352753457624962, 0.5747397314315199, 0.6033463767704706, -0.03303227583063491
0.632670294731871, 0.5773925766310528, 0.6033098742527546, -0.036281224652584154
0.6298301414095502, 0.5802798538543289, 0.6032738836482769, -0.03922198003816154
0.6267784125303062, 0.5833764386567627, 0.6032396251985881, -0.041829567522753026
0.6235404605282319, 0.5866554578012734, 0.6032082604080995, -0.044081843249188846
0.6201432674863658, 0.5900885368678259, 0.6031808526660708, -0.04595968164054018
0.6166152336346693, 0.5936460589578786, 0.6031583311960347, -0.047447137420860715
0.612985951593338, 0.5972974316969474, 0.6031414595544939, -0.0485315806407761
0.609285967753444, 0.6010113597455402, 0.6031308097464393, -0.049203803592682775
0.6055465323879329, 0.6047561200769683, 0.6031267428347816, -0.049458098735236065
0.6017993402883584, 0.6084998373664339, 0.6031293967007353, -0.049292306987093464
0.598076263921058, 0.6122107569546794, 0.603138681369829, -0.048707835993933885
0.5944090812852414, 0.6158575129964051, 0.6031542820619171, -0.047709648219112985
0.590829200828766, 0.619409389572973, 0.6031756698618491, -0.04630621895550582
0.587367385929473, 0.6228365727348935, 0.6032021196492588, -0.04450946460272128
0.5840534815752295, 0.6261103916363988, 0.6032327346799683, -0.042334641798535556
0.5809161459690267, 0.6292035471263426, 0.6032664769860573, -0.039800218234596604
0.5779825898420433, 0.6320903263614087, 0.603302202564407, -0.03692771622264164
0.5752783262735582, 0.6347468022042467, 0.6033387001611222, -0.03374153030696345
0.5728269337890487, 0.6371510163564698, 0.6033747323372124, -0.03026872043986062
0.570649835434797, 0.6392831453509563, 0.6034090774234255, -0.026538782447394618
0.5687660964079968, 0.6411256486869068, 0.6034405709417822, -0.022583397710931527
0.5671922426561508, 0.6426633985329121, 0.6034681450892732, -0.01843616417359028
0.5659421026499919, 0.6438837905469914, 0.6034908649447025, -0.014132310947750925
0.5650266742831463, 0.6447768354683092, 0.6035079601706607, -0.009708398948137303
0.5644540185631272, 0.6453352312239565, 0.6035188511352696, -0.005202010102731186
0.5642291814371161, 0.645554415367622, 0.6035231685675614, -0.0006514277991268855
0.5643541447481992, 0.645432597727578, 0.6035207660796524, 0.0039046886946344068
0.5648278069500448, 0.6449707731922849, 0.6035117251308728, 0.008427633039421633
0.5656459938276462, 0.6441727146064945, 0.6034963522654113, 0.012878981038952884
0.566801499086436, 0.6430449457928575, 0.6034751687172136, 0.01722091742890955
0.5682841542894841, 0.6415966947575142, 0.6034488927348104, 0.021416557434564356
0.5700809272504472, 0.6398398271868526, 0.6034184152257381, 0.025430260339188843
0.57217604763574, 0.6377887604001212, 0.603384769546804, 0.029227932379866997
0.5745511582000106, 0.6354603579920567, 0.6033490964649513, 0.0327773163860009
0.5771854897805395, 0.6328738054838138, 0.6033126054771902, 0.036048265697310525
0.5800560579139518, 0.6300504674012042, 0.6032765338013838, 0.03901300004079388
0.5831378787169172, 0.6270137263178033, 0.6032421044285187, 0.04164634120801696
0.5864042014943947, 0.6237888045371288, 0.6032104846587034, 0.04392592655321241
0.589826755406475, 0.6204025692423647, 0.6031827465265764, 0.04583239852689258
0.5933760074386398, 0.6168833221123782, 0.6031598304575578, 0.047349568666924205
0.5970214288798794, 0.6132605745867874, 0.6031425133867391, 0.048464554687239536
0.6007317675169103, 0.6095648101571924, 0.6031313824208219, 0.04916788953161399
0.604475322798052, 0.605827235262447, 0.6031268149355963, 0.04945360149439214
0.6082202213035053, 0.6020795205682536, 0.6031289657833193, 0.04931926474998308
0.6119346899753957, 0.5983535346102122, 0.6031377620434356, 0.048766019876772516
0.6155873247059273, 0.5946810719691034, 0.6031529054944819, 0.04779856420731654
0.619147352049839, 0.5910935783218744, 0.6031738827234285, 0.04642511208385812
0.6225848820122897, 0.5876218748656744, 0.6031999825299447, 0.04465732534493244
0.6258711500594827, 0.5842958847397451, 0.6032303200358782, 0.04251021461368577
0.628978746701101, 0.5811443641657611, 0.6032638666830112, 0.04000201220005102
0.631881833195533, 0.5781946410866476, 0.6032994851025278, 0.03715401766554393
0.6345563421260658, 0.5754723641030451, 0.603335967674427, 0.03399041732950055
0.6369801617843576, 0.5730012644823783, 0.6033720774699053, 0.03053807921727869
0.6391333034730665, 0.5708029339459169, 0.603406590188787, 0.02682632516237799
0.6409980509997686, 0.5688966208233662, 0.6034383356701629, 0.022886681973596133
0.6425590917774076, 0.5672990470026964, 0.6034662375686791, 0.018752613763138706
0.6438036290716195, 0.5660242478966386, 0.6034893498509585, 0.01445923769994917
0.6447214750423114, 0.5650834373991991, 0.6035068888743099, 0.010043025602354275
0.6453051243168069, 0.5644848995196057, 0.6035182599596091, 0.005541493913469837
0.6455498079063543, 0.5642339080621849, 0.6035230775569038, 0.0009928847098984634
0.6454535273392701, 0.5643326753746666, 0.6035211783196128, -0.0035641595224828577
0.6450170689354634, 0.5647803308209581, 0.6035126266437296, -0.008090924553638374
0.6442439981920294, 0.565572929254779, 0.6034977124841037, -0.012548953691137303
0.643140634291755, 0.566703489385307, 0.6034769415218854, -0.016900374848522665
0.6417160047896265, 0.5681620615429385, 0.6034510180167352, -0.021108222591004682
0.6399817805806187, 0.5699358239801552, 0.6034208209255694, -0.025136752396189878
0.6379521913087638, 0.5720092064867253, 0.6033873740980052, -0.0289517444400451
0.6356439214459776, 0.5743640397669767, 0.6033518115595239, -0.032520794315181484
0.6330759873520814, 0.5769797287259274, 0.6033153390598955, -0.03581358820840768
0.6302695957268745, 0.5798334475459408, 0.6032791931909237, -0.038802160205640895
0.6272479839823031, 0.5829003542107036, 0.6032445994598349, -0.041461129552801
0.6240362431980849, 0.5861538219518628, 0.6032127307398671, -0.04376791587920237
0.6206611244771166, 0.5895656849576905, 0.6031846675066374, -0.04570293058312779
0.6171508296861695, 0.5931064955934621, 0.6031613612081539, -0.04724974278560616
0.6135347877504252, 0.596745790339445, 0.6031436020099687, -0.04839521847589035
0.6098434178641505, 0.600452361652986, 0.6031319920085639, -0.04912963169877389
0.6061078811802247, 0.6041945330034963, 0.6031269248206613, -0.04944674686786226
0.6023598227437025, 0.6079404344096275, 0.6031285722400401, -0.04934387152849538
0.5986311056339012, 0.6116582759222294, 0.603136878413963, -0.048821879137608895
0.5949535394700343, 0.6153166166397026, 0.603151561736503, -0.04788520167391017
0.5913586056114266, 0.6188846270087156, 0.6031721243946353, -0.04654179213889658
0.5878771815389826, 0.6223323423470909, 0.6031978692436561, -0.04480305725605324
0.5845392670342003, 0.6256309057212263, 0.6032279234401494, -0.04268376092061443
0.581373714870363, 0.6287527985119363, 0.6032612680317068, -0.040201899194094684
0.5784079687928301, 0.6316720572046817, 0.6032967725006734, -0.03737854787483951
0.5756678115876384, 0.6343644751378623, 0.6033332330912061, -0.03423768390645503
0.5731771260167353, 0.6368077881317868, 0.6033694136205464, -0.030805982108365694
0.5709576713320397, 0.6389818430975601, 0.603404087391054, -0.027112588925023468
0.5690288779681453, 0.6408687488865827, 0.6034360787820287, -0.02318887509043986
0.5674076628550709, 0.6424530087858229, 0.6034643031110319, -0.01906816929066471
0.5661082675894061, 0.6437216341904497, 0.6034878034129169, -0.014785475076486036
0.5651421214571604, 0.6446642390938133, 0.6035057828891587, -0.010377173429912935
0.5645177310183468, 0.6452731151259021, 0.6035176319267973, -0.005880713518948854
0.5642405976467042, 0.6455432869469855, 0.6035229487704293, -0.0013342942839755243
0.564313164073748, 0.6454725478654892, 0.6035215531459258, 0.003223460415835243
0.5647347906211995, 0.6450614756012788, 0.6035134923736638, 0.007753830307545008
0.565501761426898, 0.6443134281608047, 0.6034990397638543, 0.012218328038153259
0.5666073205842169, 0.6432345198328124, 0.6034786853484114, 0.01657902650645306
0.5680417377315253, 0.641833577356345, 0.6034531192638165, 0.020798881381287212
0.5697924022541174, 0.640122076360453, 0.603423208348743, 0.024842046039502255
0.5718439449037186, 0.6381140582309921, 0.6033899667503665, 0.028674176227509993
0.5741783853071533, 0.6358260276273937, 0.6033545215364539, 0.03226272184547173
0.5767753035323022, 0.633276830954068, 0.6033180744796115, 0.03557720337131669
0.5796120336115432, 0.6304875161892654, 0.6032818613097862, 0.038589470581419295
0.5826638766948236, 0.6274811745900194, 0.603247109816768, 0.04127394138390988
0.5859043313197484, 0.6242827649257865, 0.6032149982232914, 0.04360781875725754
0.5893053381466223, 0.6209189210450614, 0.6031866152399433, 0.045571283978859706
0.5928375364132552, 0.6174177437472961, 0.603162923155918, 0.04714766453379979
0.5964705293171368, 0.613808578114543, 0.6031447252165805, 0.048323575310638356
0.6001731555299444, 0.6101217776503337, 0.6031326383934021, 0.04908903191713135
0.6039137640886424, 0.606388456773364, 0.6031270724689927, 0.04943753518225067
0.6076604899852118, 0.6026402334160488, 0.6031282161459036, 0.0493661261501067
0.611381527888968, 0.5989089636777378, 0.6031360306498627, 0.04887541111471154
0.6150454015765089, 0.5952264706737814, 0.6031502510441675, 0.04796955649047649
0.6186212268091124, 0.5916242698989356, 0.6031703952107061, 0.04665625356045684
0.6220789655801497, 0.5881332935809465, 0.6031957801933153, 0.044946653391241514
0.6253896698499575, 0.5847836166319338, 0.6032255453497294, 0.04285527244861313
0.6285257130868759, 0.5816041869060209, 0.6032586815276241, 0.040399869690221135
0.6314610081353863, 0.5786225625368209, 0.6032940652760598, 0.037601296148968
0.6341712101304656, 0.5758646591537765, 0.6033304969328741, 0.03448331825195895
0.6366339033670126, 0.5733545097587889, 0.6033667412970702, 0.03107241634293719
0.6388287712108485, 0.5711140399818796, 0.6034015695074568, 0.027397560089224615
0.640737748300479, 0.569162861325725, 0.6034338007077267, 0.02348996265531791
0.6423451544345612, 0.5675180848538908, 0.6034623420852018, 0.01938281571237548
0.6436378096678418, 0.5661941575778314, 0.603486225925463, 0.015111007523776983
0.6446051302480336, 0.5652027235556776, 0.6035046424261069, 0.010710826499667288
0.6452392051185101, 0.5645525114352868, 0.6035169671566005, 0.006219652745933334
0.6455348527883472, 0.5642492498596973, 0.6035227822327066, 0.0016756402435873863
0.6454896584345008, 0.5642956118107766, 0.6035218904871313, -0.0028826076185468332
0.6451039911536526, 0.5646911886030153, 0.6035143221556097, -0.007416366372921642
0.6443810013269617, 0.5654324938612679, 0.603500333851589, -0.011887119843024659
0.6433265981032661, 0.5665129974313352, 0.6034803998642914, -0.01625688772293997
0.6419494070491335, 0.5679231887884229, 0.6034551960754028, -0.020488548552638756
0.6402607080613554, 0.5696506691334194, 0.6034255770400405, -0.0245461553180267
0.6382743536927226, 0.5716802710081251, 0.6033925470095415, -0.02839524097350564
0.6360066681084334, 0.5739942039250189, 0.6033572258790283, -0.03200311127812334
0.6334763269711364, 0.5765722242012539, 0.6033208112147791, -0.03533912245290756
0.6307042186494751, 0.5793918269158019, 0.6032845376492484, -0.03837494130505287
0.6277132872594611, 0.5824284576775152, 0.6032496350206801, -0.04108478562238305
0.6245283581806276, 0.585655741703763, 0.6032172866766509, -0.043445642816937836
0.6211759468393041, 0.5890457275664404, 0.6031885893551401, -0.04543746498754581
0.617684051718221, 0.5925691428655147, 0.6031645160030571, -0.04704333877574299
0.6140819327328206, 0.5961956590396945, 0.6031458827924361, -0.048249628605330434
0.610399876307016, 0.599894162517886, 0.6031333214521123, -0.04904609212125358
0.606668948680848, 0.6036330294513698, 0.6031272578524598, -0.049425966876477274
0.6029207391849719, 0.6073804013416794, 0.6031278975688261, -0.04938602755437639
0.5991870954170153, 0.6111044589886706, 0.6031352189127963, -0.04892661325725073
0.5954998524470925, 0.6147736923223799, 0.6031489736674039, -0.048051624637379886
0.5918905583582881, 0.6183571638454438, 0.6031686955013638, -0.046768490894115236
0.5883901985870054, 0.6218247635944827, 0.6031937157772612, -0.04508810690745848
0.5850289216619192, 0.6251474537229923, 0.6032231862180688, -0.04302474102397596
0.5818357690436204, 0.6282975010092854, 0.6032561076639535, -0.04059591425330174
0.5788384118350144, 0.6312486957953587, 0.6032913639448958, -0.037822251871344414
0.5760628971610188, 0.6339765560611935, 0.6033277597211582, -0.03472730865799427
0.5735334070018582, 0.6364585155295235, 0.6033640610090321, -0.03133736922086845
0.5712720322049842, 0.6386740948747481, 0.6033990370181028, -0.027681225070546222
0.5692985642952267, 0.6406050552735664, 0.6034315018816345, -0.023789930314840523
0.5676303075511856, 0.6422355336819784, 0.603460354865109, -0.0196965380278655
0.5662819136193847, 0.6435521593524688, 0.6034846176893798, -0.01543581952188457
0.5652652406987334, 0.6445441512162474, 0.6035034677026015, -0.011043968904089672
0.5645892390500071, 0.6452033958490717, 0.6035162657757521, -0.0065582954345752295
0.5642598642730825, 0.6455245058169412, 0.6035225779754597, -0.0020169063140031145
0.5642800194541756, 0.6455048582621069, 0.6035221902788666, 0.0025416173818059804
0.5646495269228802, 0.6451446136432859, 0.6035151158312995, 0.007078548839191288
0.5653651299814477, 0.6444467145900427, 0.603501594500502, 0.011555344896576634
0.5664205245840942, 0.6434168648737545, 0.6034820847425506, 0.01593397385594319
0.5678064205599039, 0.6420634885402413, 0.6034572480554361, 0.02017723889960253
0.569510631596892, 0.6403976692958889, 0.6034279265477525, 0.02424909433717099
0.5715181928445023, 0.6384330702936094, 0.6033951143834835, 0.028114951974489287
0.5738115046543047, 0.6361858345305517, 0.6033599240715466, 0.03174197498775003
0.5763705006703419, 0.6336744661489944, 0.6033235487435277, 0.03509935680093472
0.5791728382069888, 0.6309196930274167, 0.6032872216989649, 0.038158582601182614
0.5821941086179562, 0.6279443111618948, 0.6032521745900509, 0.040893671283062635
0.5854080651686385, 0.6247730114692087, 0.6032195956635761, 0.043281395786894356
0.5887868657776951, 0.6214321897921444, 0.6031905894758017, 0.04530147998618131
0.59230132789367, 0.617949741053176, 0.6031661394458491, 0.046936770482780873
0.5959211927184538, 0.6143548386829152, 0.6031470745168145, 0.04817338188358189
0.5996153959801896, 0.610677700641344, 0.6031340410544562, 0.04900081435720866
0.6033523424914572, 0.6069493435491753, 0.6031274809357213, 0.049412042501751186
0.6071001818008366, 0.6032013266491248, 0.6031276165695607, 0.049403574792991185
0.6108270823530596, 0.599465487517351, 0.6031344433575536, 0.0489754831254141
0.6145015017100153, 0.595773671638352, 0.6031477298497885, 0.048131402203952386
0.6180924505464631, 0.5921574581363741, 0.603167025590716, 0.046878498791443304
0.6215697483147355, 0.5886478841171023, 0.6031916763891475, 0.04522741106378986
0.624904268666135, 0.5852751702093576, 0.6032208464950217, 0.04319215857038428
0.6280681729174066, 0.5820684500023098, 0.6032535469314988, 0.0407900235400307
0.6310351300530678, 0.5790555061445007, 0.6032886690222956, 0.03804140451086144
0.6337805219534673, 0.5762625159025391, 0.6033250219780188, 0.03496964349494681
0.6362816327297033, 0.573713808966361, 0.6033613732675429, 0.03160082811269668
0.6385178212261827, 0.5714316402321259, 0.6033964904059237, 0.027963570346869134
0.6404706759166856, 0.5694359801918419, 0.6034291827421314, 0.02408876376905507
0.6421241515681814, 0.5677443254106773, 0.6034583418297149, 0.020009321280829426
0.6434646871771618, 0.5663715313796842, 0.6034829790113615, 0.01575989558525681
0.6444813047956764, 0.5653296697957912, 0.6035022589426694, 0.01137658476002784
0.645165688959147, 0.5646279120458205, 0.603515527918018, 0.00689662543918247
0.6455122465069308, 0.5642724403616911, 0.6035223360376556, 0.002358076224307059
0.645518146651692, 0.5642663877754079, 0.6035224524639794, -0.0022005059633598417
0.6451833412077547, 0.5646098076413774, 0.6035158732494001, -0.0067403938126532345
0.6445105649351328, 0.5652996731171047, 0.6035028214702117, -0.011223019016682965
0.6435053159985054, 0.5663299066089381, 0.6034837396619095, -0.01561030030041128
0.6421758165829402, 0.5676914388050254, 0.6034592748126352, -0.019864967263333033
0.6405329537544598, 0.5693722965407395, 0.6034302564238615, -0.023950877258177086
0.6385902007073696, 0.571357718380132, 0.6033976683826301, -0.027833322591497626
0.6363635186049008, 0.5736302964575156, 0.6033626155995027, -0.03147932542173835
0.6338712392981075, 0.5761701428125741, 0.6033262865438519, -0.034857917843497094
0.6311339293022681, 0.5789550781760405, 0.6032899129471279, -0.03794040478168041
0.6281742355218355, 0.5819608409256728, 0.6032547280406246, -0.040700607474165706
0.6250167133448633, 0.585161313737512, 0.6032219247437791, -0.043115085494503
0.6216876378756369, 0.588528765307685, 0.6031926152205325, -0.04516333545499789
0.6182147992387493, 0.5920341044164411, 0.6031677931747206, -0.04682796473313043
0.6146272830670717, 0.5956471435486946, 0.6031483001624587, -0.04809483877861068
0.6109552374769679, 0.5993368692728622, 0.603134797063197, -0.04895320078246944
0.6072296280330088, 0.6030717166099411, 0.603127741676213, -0.04939576272154607
0.6034819824067973, 0.6068198446942474, 0.6031273732016585, -0.049418767029812606
0.5997441266353514, 0.6105494111319116, 0.6031337041319831, -0.049022018390524516
0.5960479150782545, 0.6142288425982025, 0.6031465198284583, -0.04820888538868158
0.592424956353754, 0.6178270993747145, 0.6031653857971477, -0.046986272010263896
0.5889063376963398, 0.6213139317066636, 0.6031896624178116, -0.045364559221767936
0.5855223503163144, 0.6246601260531931, 0.6032185266266965, -0.04335751710929241
0.582302218450109, 0.6278377395039093, 0.6032509998185149, -0.040982188299370864
0.579273834863643, 0.630820320837334, 0.6032859810221084, -0.03825874362239116
0.5764635056056623, 0.6335831168964505, 0.6033222842254783, -0.035210311212160825
0.5738957068003068, 0.6361032631485108, 0.6033586785850985, -0.03186278046022232
0.5715928562157463, 0.6383599574769094, 0.6033939301565111, -0.028244582459033805
0.5695751022472201, 0.6403346164191781, 0.6034268437314413, -0.02438644877212654
0.5678601328081074, 0.6420110132148411, 0.6034563033628793, -0.020321150559773973
0.5664630064327593, 0.6433753971587702, 0.6034813102038881, -0.01608322026346379
0.5653960076619928, 0.6444165938693978, 0.6035010163768146, -0.011708658209460099
0.5646685285098908, 0.6451260861773604, 0.6035147537241082, -0.007234626628986029
0.5642869775033135, 0.6454980754201328, 0.6035220564654407, -0.002699133708170653
0.5642547174489476, 0.6455295229942551, 0.6035226769924866, 0.0018592896267433292
0.5645720327231004, 0.6452201720715884, 0.6035165942654959, 0.006401917415719934
0.5652361265038442, 0.644572549432983, 0.6035040145267653, 0.010890158047517607
0.5662411479810842, 0.6435919474155037, 0.6034853643068134, 0.015285882487554192
0.5675782491953213, 0.6422863860117319, 0.6034612759605436, 0.01955174853089623
0.5692356707781739, 0.6406665552055695, 0.6034325662241163, 0.023651518297454634
0.5711988555046038, 0.6387457376820815, 0.6034002085199993, 0.02755036624951855
0.5734505882254635, 0.6365397121126666, 0.6033652999496947, 0.031215175099661933
0.5759711604358931, 0.6340666372940763, 0.6033290240937315, 0.034614817088500595
0.5787385574560111, 0.6313469175128918, 0.6032926108805995, 0.03772041824516485
0.5817286659599553, 0.6284030496174997, 0.603257294885542, 0.04050560339685688
0.5849154993913147, 0.6252594524081443, 0.603224273473186, 0.04294671986549746
0.5882714386498291, 0.6219422791021133, 0.6031946662030998, 0.04502303797716055
0.5917674853271999, 0.6184792137944417, 0.6031694768743746, 0.04671692671164453
0.5953735247089977, 0.6148992530127044, 0.6031495594956952, 0.04801400303306882
0.599058595743894, 0.6112324736546447, 0.6031355893342074, 0.04890325366581505
0.602791165208475, 0.6075097887957928, 0.6031280400242381, 0.04937712831157194
0.6065394033626029, 0.6037626930565418, 0.6031271675115392, 0.04943160354091877
0.6102714584924447, 0.6000229994192483, 0.6031330013770485, 0.0490662168351531
0.6139557278712185, 0.5963225695804326, 0.6031453438341413, 0.0482840704993929
0.6175611228259573, 0.5926930401052789, 0.60316377643333, 0.0470918054149017
0.6210573257765906, 0.5891655468155853, 0.6031876742472695, 0.04549954484568847
0.624415037305469, 0.5857704499823055, 0.6032162270554368, 0.043520808760308
0.627606211515419, 0.5825370630044732, 0.6032484668106763, 0.041172399372994856
0.630604278136893, 0.5794933873326079, 0.6032833004568743, 0.03847425884728373
0.6333843500446488, 0.5766658564323555, 0.6033195469855629, 0.035449300338489996
0.6359234150371205, 0.5740790915797395, 0.6033559774755128, 0.03212321377710914
0.6382005109132014, 0.5717556722303496, 0.6033913567580461, 0.028524248011483927
0.6401968830486079, 0.5697159236098006, 0.6034244852955558, 0.024682971133018625
0.6418961238249631, 0.5679777240315105, 0.6034542398532855, 0.020632010998731284
0.6432842933979757, 0.5665563342612585, 0.6034796115851523, 0.016405778141937208
0.6443500214062018, 0.5654642510182989, 0.6034997402419502, 0.012040173420254997
0.6450845893193135, 0.5647110864333101, 0.6035139433416219, 0.007572282888913578
0.6454819932059783, 0.5643034749787088, 0.6035217393120934, 0.003040062504633548
0.6455389867684234, 0.564245009052225, 0.6035228638215413, -0.0015179846404980326
0.6452551045463284, 0.5645362040365254, 0.6035172787420633, -0.006063135786142142
0.6446326652401183, 0.565174493283016, 0.6035051734426274, -0.010556777858792648
0.6436767551466483, 0.5661542530842633, 0.6034869583674294, -0.01496073588410033
0.6423951917425562, 0.5674668573144837, 0.6034632511175372, -0.019237597634552062
0.6407984674960666, 0.5691007610390335, 0.603434855508039, -0.023351031725895487
0.6388996740404793, 0.571041612029374, 0.6034027343111962, -0.027266096436843898
0.6367144069054127, 0.5732723887767768, 0.6033679766102357, -0.030949536612679455
0.6342606510780251, 0.5757735632826447, 0.6033317608711426, -0.034370066123105183
0.6315586477582614, 0.5785232866214979, 0.6032953149849161, -0.03749863347650141
0.6286307427812728, 0.5814975950292536, 0.6032598746353416, -0.04030866834480626
0.62550121730733, 0.5846706340681422, 0.603226641403931, -0.04277630692358933
0.6221961015247203, 0.5880148982630177, 0.6031967420324189, -0.04488059423845173
0.6187429722732288, 0.5915014834933073, 0.6031711902237626, -0.04660366170956283
0.6151707356729893, 0.5951003493605791, 0.6031508522763972, -0.04793087849886323
0.6115093960328509, 0.5987805887325933, 0.6031364177164207, -0.048850975387222204
0.6077898125103874, 0.602510701688676, 0.6031283759229134, -0.04935614015973823
0.6040434451978234, 0.606258871155081, 0.6031269995384299, -0.049442083714639935
0.6003020925095537, 0.6099932376186963, 0.6031323352267579, -0.04910807635322563
0.596597621942118, 0.613682170438234, 0.603144202091083, -0.048356953953427054
0.592961696460747, 0.6172945334286011, 0.6031621978061449, -0.04719509397642995
0.5894254989321185, 0.6207999425708697, 0.6031857122566363, -0.0456323615029242
0.5860194571649237, 0.6241690138912531, 0.6032139482197372, -0.04368202574156984
0.5827729722328915, 0.6273735997520475, 0.6032459483909957, -0.041360647695724194
0.5797141528339297, 0.6303870119999626, 0.6032806278377448, -0.03868793991386363
0.5768695584797566, 0.6331842306175233, 0.6033168107802375, -0.0356865994828475
0.5742639543092252, 0.6357420967165817, 0.6033532704538659, -0.03238211564948247
0.5719200802729384, 0.638039488895552, 0.6033887707012597, -0.028802553672908224
0.5698584373452041, 0.640057482150522, 0.603422107884222, -0.02497831671617458
0.5680970932815423, 0.6417794886826891, 0.603452151694443, -0.020941887777971888
0.5666515102567182, 0.6431913800791437, 0.603477883479085, -0.016727553842709852
0.5655343964916892, 0.6442815904604916, 0.6034984307814424, -0.01237111458693043
0.5647555837112275, 0.6450412002875268, 0.6035130969251096, -0.007909578120361194
0.5643219319716618, 0.645464000601501, 0.6035213846381087, -0.0033808463588817757
0.5642372630656036, 0.6455465375404805, 0.6035230129155286, 0.0011766072773940208
0.5645023233539211, 0.6452881370306057, 0.6035179265485888, 0.005724065076237747
0.5651147765015556, 0.6446909095989632, 0.603506297996813, 0.010222894345000875
0.5660692262104968, 0.643759735297925, 0.6034885215397942, 0.01463487599155952
0.5673572686580742, 0.6425022287730076, 0.6034651999069812, 0.018922529551043947
0.56896757396944, 0.6409286845514149, 0.6034371238390961, 0.023049431868195542
0.5708859956873689, 0.6390520026802657, 0.6034052452745886, 0.026980526704429186
0.5730957068574525, 0.6368875949054316, 0.6033706450707251, 0.030682422622936356
0.5755773610290829, 0.6344532716569912, 0.6033344963542222, 0.034123676613174704
0.5783092761881128, 0.6317691101978956, 0.6032980247444479, 0.03727506104630518
0.5812676393906191, 0.6288573044001835, 0.6032624667981078, 0.04010981170374853
0.5844267296626737, 0.6257419967389354, 0.6032290280844905, 0.04260385479008651
0.587759156571008, 0.6224490932379604, 0.603198842312662, 0.04473601102695356
0.5912361117554986, 0.6190060622621388, 0.6031729328961744, 0.046488175124259706
0.594827630646663, 0.6154417182274621, 0.6031521782580446, 0.04784546913697105
0.5985028615689613, 0.6117859914884035, 0.6031372820518643, 0.04879636843774982
0.6022303394514987, 0.6080696858597013, 0.6031287493081672, 0.04933279926610808
0.6059782614287317, 0.6043242254316598, 0.603126869314333, 0.04945020705158252
0.6097147617109228, 0.6005813925397048, 0.6031317058081022, 0.049147594950116814
0.6134081832327328, 0.5968730589447843, 0.6031430948169586, 0.048427532277803095
0.617027343743148, 0.5932309124655427, 0.603160650216573, 0.04729613277290121
0.6205417941753589, 0.5896861814702568, 0.6031837768199942, 0.04576300286422218
0.6239220673253355, 0.5862693597804496, 0.6032116905541006, 0.04384116037010913
0.627139915066936, 0.583009934653471, 0.6032434450396619, 0.0415469242959507
0.630168532533831, 0.5799361205930688, 0.6032779636743195, 0.038899776637908196
0.6329827678991135, 0.5770746017806924, 0.6033140761312317, 0.035922197334737116
0.6355593165774804, 0.5744502859223239, 0.6033505580363298, 0.032639473736509175
0.6378768988583784, 0.572086072263438, 0.6033861724792656, 0.029079486176863983
0.639916420148187, 0.5700026364365922, 0.6034197119507728, 0.02527247144217835
0.6416611131530807, 0.5682182346717846, 0.6034500392845342, 0.021250766124698596
0.6430966614701487, 0.5667485297197995, 0.6034761262152157, 0.017048532025135933
0.6442113041721548, 0.5656064406153377, 0.603497088244995, 0.012701465931394937
0.6449959210713601, 0.5648020181429564, 0.6035122146359815, 0.008246496241949997
0.6454440984313026, 0.5643423475690207, 0.6035209925111289, 0.003721469023012139
0.6455521749643861, 0.5642314798723568, 0.6035231242460315, -0.0008351738136641725
0.6453192680102064, 0.5644703923512533, 0.6035185375615592, -0.005384721452131157
0.6447472798379466, 0.5650569791118152, 0.6035073879748986, -0.009888523424666344
0.6438408840595533, 0.5659860715598556, 0.6034900535258467, -0.014308318345491436
0.642607492182526, 0.5672494886332172, 0.6034671219572845, -0.018606559300891647
0.6410572003759236, 0.5688361161314258, 0.6034393707847681, -0.02274673310217795
0.6392027165743884, 0.5707320141325584, 0.6034077409313959, -0.026693670665253133
0.6370592681060683, 0.5729205511403799, 0.6033733048223552, -0.030413845862966596
0.6346444901042971, 0.5753825632848489, 0.6033372300213882, -0.033875660302725555
0.6319782950522671, 0.5780965366119167, 0.6033007396425207, -0.03704971161044139
0.6290827239163501, 0.5810388102491024, 0.603265070879594, -0.03990904295104036
0.6259817794481947, 0.5841837980255388, 0.6032314330598019, -0.0424293716835112
0.6227012423782156, 0.5875042259617785, 0.6032009666433795, -0.04458929523272866
0.6192684713828003, 0.5909713829272204, 0.6031747045593474, -0.04637047245899135
0.6157121878825994, 0.5945553816918187, 0.6031535371878283, -0.04775777901725535
0.6120622469170668, 0.5982254275730277, 0.6031381821757529, -0.048739435419424465
0.6083493955373229, 0.6019500918965816, 0.6031291601088238, -0.04930710674285532
0.6046050203612694, 0.6056975875478325, 0.6031267768640939, -0.04945597316465834
0.6008608861367223, 0.6094360439849728, 0.6031311132411068, -0.04918477074275135
0.597148867354809, 0.6131337792119071, 0.6031420222229048, -0.04849580210939074
0.5935006751412888, 0.6167595663616127, 0.6031591339597036, -0.04739491698958906
0.5899475818219964, 0.620282892714867, 0.603181868306383, -0.045891462704012
0.5865201457044724, 0.6236742091684804, 0.6032094544890069, -0.04399820506222224
0.5832479387355369, 0.626905168365769, 0.6032409572340014, -0.04173122029607143
0.5801592797789762, 0.6299488499044018, 0.6032753084745888, -0.0391097589231411
0.5772809763042067, 0.6327799712376264, 0.6033113435599777, -0.03615608266480165
0.5746380772820773, 0.635375083079572, 0.6033478407400994, -0.03289527577099584
0.572253640045132, 0.6377127483096984, 0.6033835625874848, -0.029355032322420035
0.5701485137850538, 0.6397737035423153, 0.6034172979520569, -0.02556542128843733
0.5683411422290688, 0.6415410026818927, 0.6034479030263447, -0.021558631313763232
0.5668473878605512, 0.6430001419221948, 0.6034743401286075, -0.01736869738663585
0.565680379828805, 0.6441391657664297, 0.6034957128885873, -0.013031211703713599
0.5648503874320975, 0.6449487537469234, 0.6035112966424517, -0.008583021190305877
0.5643647207607493, 0.6454222876075122, 0.6035205630058988, -0.0040619142568201014
0.5642276597586438, 0.6455558987817775, 0.6035231977917904, 0.0004937005282150562
0.564440412608089, 0.6453484960581182, 0.6035191116644293, 0.005045121092969831
0.5650011039714017, 0.6448017733716023, 0.6035084431690069, 0.009553681039574009
0.5659047932402342, 0.643920197706137, 0.6034915540334252, 0.013981078514754082
0.5671435225583137, 0.6427109771325991, 0.603469016901909, 0.018289701947664716
0.5687063940025883, 0.641184009052996, 0.6034415959165667, 0.022442949858098145
0.5705796749395492, 0.6393518087713329, 0.6034102208057097, 0.02640554199366
0.572746930224883, 0.6372294185720578, 0.6033759553579341, 0.030143819135078215
0.5751891795924674, 0.6348342975599249, 0.6033399613513608, 0.03362602901336036
0.5778850782888796, 0.6321861926032212, 0.6033034591614419, 0.036822595909511355
0.5808111187571802, 0.6293069908274372, 0.6032676863832449, 0.03970637165520221
0.5839418509627169, 0.6262205542295509, 0.6032338558712801, 0.042252865919201854
0.5872501187869016, 0.622952537124266, 0.6032031146195056, 0.044440453847486114
0.5907073097939922, 0.6195301872919964, 0.6031765048754665, 0.0462505593226281
0.5942836156013082, 0.6159821318723959, 0.603154928806634, 0.04766781231826556
0.5979483000541954, 0.6123381492341478, 0.6031391179164577, 0.04868017904511131
0.6016699724215929, 0.6086289282481293, 0.6031296082465579, 0.04927906381420613
0.6054168628832504, 0.6048858165926948, 0.603126722205348, 0.04945938177909713
0.6091570976716644, 0.6011405599218407, 0.6031305576387688, 0.04921960195968698
0.6128589713560554, 0.5974250339241051, 0.6031409845134508, 0.048561760195063454
0.6164912139069482, 0.5937709714864811, 0.6031576493246658, 0.04749144191921064
0.620023250352611, 0.5902096873476368, 0.6031799870797291, 0.04601773490069665
0.6234254510269192, 0.5867718027724976, 0.6032072404508428, 0.04415315233382667
0.6266693706063052, 0.5834869729002169, 0.6032384854484085, 0.0419135269129068
0.6297279743357663, 0.5803836195046488, 0.6032726627448691, 0.03931787676170843
0.6325758500450491, 0.5774886719560801, 0.6033086135875506, 0.036388244325352606
0.6351894047514338, 0.574827319181481, 0.6033451190833404, 0.03314950955996794
0.637547044830827, 0.5724227753850895, 0.6033809415236059, 0.029629178974781286
0.6396293389108081, 0.5702960622099783, 0.6034148663484129, 0.025857152289846162
0.6414191627953582, 0.5684658098937925, 0.6034457433272535, 0.021865468668363794
0.64290182586965, 0.5669480797986653, 0.6034725255598685, 0.01768803466342076
0.6440651785537843, 0.5657562104782287, 0.6034943049745041, 0.013360336182853975
0.6448997004770048, 0.5649006891866614, 0.6035103431195894, 0.008919136920820877
0.6453985691297622, 0.5643890504399804, 0.6035200962043361, 0.004402165828569667
0.6455577088219913, 0.5642258029134903, 0.6035232335387916, -0.00015220370185500066
0.6453758198346016, 0.5644123856075087, 0.6035196487477316, -0.00470528019015708
0.6448543877006855, 0.5649471538430199, 0.6035094633779283, -0.009218383154012789
0.6439976725968277, 0.5658253952671264, 0.6034930227764029, -0.013653172100765103
0.642812678866966, 0.5670393756627465, 0.6034708843795106, -0.017971972597268286
0.6413091047453843, 0.568578413975738, 0.6034437988101861, -0.022138096617959954
0.6394992723954198, 0.5704289856031791, 0.603412684424647, -0.026116154424711727
0.6373980384398625, 0.5725748526362593, 0.6033785961720364, -0.029872355310746404
0.6350226852308996, 0.5749972194268391, 0.6033426898233097, -0.03337479464370762
0.6323927931944001, 0.5776749115543313, 0.6033061827826354, -0.03659372476834415
0.6295300946871224, 0.5805845760141732, 0.60327031281032, -0.03950180747546672
0.626458309927168, 0.5837009002349343, 0.6032362960569309, -0.04207434590892177
0.6232029656978361, 0.5869968473609203, 0.6032052858314505, -0.04428949396425286
0.6197911976822413, 0.5904439051127697, 0.6031783335012334, -0.046128441429391556
0.6162515374589712, 0.5940123454604472, 0.603156352849094, -0.04757557332704277
0.6126136853751311, 0.5976714923106026, 0.6031400890955346, -0.04861860213838855
0.608908270708944, 0.6013899944216015, 0.6031300936359, -0.04924867181638408
0.6051666007354694, 0.6051361008118155, 0.6031267053484942, -0.04946043273246279
0.6014204005111818, 0.6088779360161748, 0.6031300391070038, -0.04925208694120227
0.597701545390796, 0.612583772667991, 0.6031399818864376, -0.04862540339185671
0.5940417884771534, 0.6162222990324767, 0.603156196594518, -0.04758570296215332
0.5904724853764364, 0.6197628792896747, 0.6031781334987143, -0.04614181343694559
0.5870243187805858, 0.6231758045518399, 0.6032050488617532, -0.04430599480081873
0.583727025521052, 0.6264325327978962, 0.6032360301541788, -0.042093835458119504
0.580609128827712, 0.6295059161097618, 0.6032700269896311, -0.03952412023465654
0.5776976785793736, 0.6323704137967437, 0.6033058867344903, -0.03661867125090294
0.5750180023439908, 0.6350022901901053, 0.603342393585015, -0.03340216298525283
0.5725934699746201, 0.637379796076059, 0.603378309787417, -0.029901913065915872
0.5704452744494537, 0.6394833329084774, 0.6034124176035078, -0.02614765053945412
0.5685922315202581, 0.6412955990999579, 0.6034435605990851, -0.02217126356074663
0.5670506005637488, 0.6428017178298565, 0.6034706828550154, -0.018006528631223193
0.5658339288165314, 0.6439893459297792, 0.6034928647712244, -0.013688823677439144
0.5649529209192069, 0.6448487635109766, 0.6035093542492291, -0.009254827408421915
0.5644153354030811, 0.6453729440851366, 0.6035195921954642, -0.004742207515771355
0.5642259094287886, 0.645557605002064, 0.6035232314802309, -0.00018930038348620345
0.5643863127360338, 0.6454012380872372, 0.6035201487090648, 0.0043652149465758915
0.5648951313943289, 0.644905120412265, 0.6035104484071381, 0.008882645754011704
0.5657478815634108, 0.6440733051754604, 0.6034944594747258, 0.013324614736754888
0.5669370530866066, 0.6429125927118036, 0.6034727240340055, 0.017653386397220375
0.5684521823585558, 0.6414324816954132, 0.6034459790455864, 0.02183218791482295
0.5702799535381186, 0.6396451006470802, 0.6034151313184578, 0.025825521753531686
0.5724043268253338, 0.6375651199179957, 0.6033812267611288, 0.029599467329999657
0.5748066921947474, 0.635209644391655, 0.6033454149169915, 0.033121969168854834
0.5774660466824263, 0.6325980872316481, 0.603308909986786, 0.03636310909548085
0.5803591930656761, 0.6297520251055375, 0.6032729496600407, 0.03929536016131813
0.5834609575570564, 0.6266950354354011, 0.6032387531514894, 0.04189382016045742
0.5867444239607236, 0.6234525163641043, 0.6032074798652401, 0.04413642277703529
0.590181181611302, 0.6200514902823194, 0.6031801900879976, 0.04600412459858146
0.59374158433395, 0.6165203919331328, 0.6031578090436992, 0.04748106643891452
0.5973950176284631, 0.6128888422962614, 0.6031410955278234, 0.04855470763341185
0.6011101712884155, 0.609187409649134, 0.6031306161843129, 0.04921593219754536
0.6048553147156759, 0.6054473594032329, 0.6031267262967583, 0.04945912597466012
0.6085985722774113, 0.6017003945163821, 0.6031295577446908, 0.0492822241393742
0.6123081961724353, 0.5979783884798454, 0.6031390145330451, 0.04868672866711578
0.6159528344213103, 0.5943131130675073, 0.6031547760462619, 0.047677695626692315
0.6195017917644589, 0.5907359632072298, 0.6031763079167701, 0.04626369239997993
0.6229252814388708, 0.5872776814859543, 0.6032028801396183, 0.04445672517942367
0.6261946660010104, 0.5839680849245801, 0.6032335918194752, 0.04227213733862696
0.6292826855655284, 0.5808357967509702, 0.6032674017114472, 0.03972847951240235
0.6321636720310483, 0.5779079859549459, 0.6033031635207421, 0.03684735245869172
0.6348137480607291, 0.5752101174239943, 0.6033396647648118, 0.03365322400405468
0.6372110097723536, 0.5727657154296997, 0.6033756678807299, 0.03017322159517627
0.6393356922667794, 0.5705961431606423, 0.603409952184261, 0.026436902189125665
0.6411703172821992, 0.5687204008769914, 0.6034413552580349, 0.02247600141290044
0.6426998224029574, 0.5671549450955821, 0.6034688123654051, 0.0183241641060194
0.6439116713749303, 0.56591353100361, 0.6034913925533507, 0.014016658526491733
0.6447959451847106, 0.5650070800469641, 0.6035083302199096, 0.009590076648330587
0.6453454136481391, 0.5644435743497108, 0.6035190510753645, 0.0050820231059508225
0.6455555873267436, 0.5642279792992811, 0.6035231916164734, 0.0005307954455282508
0.6454247496509821, 0.5643621952835413, 0.6035206114530642, -0.004024941575822373
0.6449539691798263, 0.5648450391977854, 0.6035113980687732, -0.008546484846582618
0.6441470919707055, 0.5656722559591297, 0.603495863854405, -0.012995422087027121
0.6430107140759223, 0.5668365598804026, 0.6034745355145689, -0.017333958535935248
0.6415541342252281, 0.5683277053732472, 0.6034481362070013, -0.021525238332115407
0.6397892868031396, 0.5701325860784616, 0.6034175610205307, -0.025533657834652806
0.6377306552873466, 0.5722353611679949, 0.6033838466235785, -0.029325168200808403
0.6353951663844025, 0.5746176072343507, 0.603348136112761, -0.03286756463978341
0.632802065183424, 0.5772584938855965, 0.603311640253854, -0.03613075988266078
0.6299727717497235, 0.5801349809029747, 0.6032755964296033, -0.03908703955203446
0.626930719699293, 0.5832220345974845, 0.6032412266864347, -0.041711297277220324
0.6237011774322266, 0.5864928608249149, 0.6032096963025172, -0.04398124758048309
0.6203110528578425, 0.5899191519874873, 0.603182074281751, -0.04587761475430596
0.6167886826149667, 0.5934713452652794, 0.6031592971127926, -0.04738429615729288
0.6131636069751617, 0.5971188892814167, 0.603142137021428, -0.04848849857478199
0.6094663318112519, 0.6008305164099427, 0.6031311757921691, -0.04918084651771697
0.605728079214386, 0.6045745179816647, 0.6031267850461577, -0.04945546156794345
0.6019805285452511, 0.608319019727391, 0.6031291136436261, -0.04931001211815805
0.5982555499037222, 0.6120322549154166, 0.6031380826377386, -0.04874573309864674
0.5945849321905734, 0.6156828327857721, 0.6031533879507782, -0.047767415529210794
0.5910001081090838, 0.6192400000521304, 0.6031745106820117, -0.04638336598186029
0.5875318786076171, 0.6226738934275619, 0.6032007346979869, -0.04460533628654943
0.5842101393909495, 0.6259557813267465, 0.60323117090926, -0.04244842405701764
0.5810636122229952, 0.6290582930990664, 0.6032647874109318, -0.039930944855209455
0.5781195838020028, 0.6319556343488699, 0.6033004444655979, -0.03707427704921529
0.5754036550073192, 0.6346237870961838, 0.6033369331430957, -0.03390268064953596
0.5729395032914286, 0.6370406937190098, 0.6033730163073399, -0.030443091629926068
0.5707486609201855, 0.6391864237935326, 0.6034074705608176, -0.02672489345020862
0.5688503116470868, 0.6410433231083758, 0.6034391277246557, -0.022779667697260753
0.5672611082444041, 0.642596144271705, 0.6034669144477407, -0.01864092594476329
0.565995013106558, 0.6438321584545733, 0.6034898886016407, -0.014343825100191644
0.5650631638919872, 0.6447412479204829, 0.6035072712269223, -0.009924868656837393
0.5644737658828998, 0.6453159790806404, 0.6035184729472395, -0.00542159639743347
0.5642320124225682, 0.6455516558884813, 0.6035231139551326, -0.0008722652024287731
0.564340034443198, 0.6454463534482102, 0.603521036891497, 0.0036844763014203877
0.5647968797305122, 0.6450009317633613, 0.6035123121817484, 0.008209916458946018
0.5655985221912883, 0.6442190295962053, 0.6034972356476429, 0.012665609846200427
0.5667379010047957, 0.6431070384509484, 0.6034763184757712, 0.017013704241988524
0.5682049891562133, 0.6416740567370196, 0.6034502698830838, 0.021217262502928887
0.5699868904773474, 0.6399318242170956, 0.6034199730675505, 0.025240576581347197
0.5720679639647631, 0.6378946369015042, 0.6033864552598102, 0.029049470998455323
0.5744299738146975, 0.6355792426194944, 0.6033508528917201, 0.03261159318278459
0.5770522633140267, 0.6330047175812052, 0.6033143730632143, 0.03589668820428795
0.5799119504624871, 0.6301923243440721, 0.6032782526143062, 0.03887685557620837
0.5829841429775648, 0.627165351715053, 0.6032437161900995, 0.04152678595782709
0.5862421701532067, 0.6239489372558603, 0.6032119347206419, 0.04382397576953232
0.5896578289087505, 0.6205698732118023, 0.6031839857232045, 0.045748917925188544
0.5932016412760129, 0.6170563968544132, 0.603160816772616, 0.04728526709344823
0.5968431205298903, 0.6134379664114297, 0.6031432133777412, 0.04841997811738761
0.6005510431695498, 0.6097450239516465, 0.603131772352743, 0.04914341644870958
0.6042937240006674, 0.6060087467927144, 0.6031268815854655, 0.04944943968690106
0.608039291650625, 0.6022607892024118, 0.6031287068884641, 0.049335449553442504
0.6117559619636738, 0.5985330163630396, 0.6031371863781825, 0.048802413874840994
0.6154123068668236, 0.5948572327588469, 0.6031520325727184, 0.047854858394393275
0.6189775164640753, 0.5912649073219186, 0.6031727421371036, 0.046500828479747326
0.6224216523008655, 0.58778689782699, 0.6031986129459207, 0.0447518210401112
0.6257158899363494, 0.5844531771545052, 0.6032287678851246, 0.04262268721193793
0.6288327491627818, 0.5812925641386795, 0.6032621845865552, 0.04013150661363343
0.6317463104132746, 0.5783324617786206, 0.6032977300875106, 0.03729943420672842
0.6344324160967171, 0.5755986056117166, 0.603334199240723, 0.03415052103137035
0.6368688557873432, 0.5731148250264708, 0.6033703555728469, 0.03071151030613975
0.6390355343726358, 0.5709028202245873, 0.6034049732063773, 0.027011610594174545
0.6409146224243352, 0.5689819574285359, 0.6034368784237027, 0.02308224793738502
0.6424906882012689, 0.5673690847711779, 0.6034649894639296, 0.018956799046090975
0.6437508108187121, 0.5660783710998664, 0.6034883532028821, 0.0146703078006035
0.6446846742268709, 0.5651211696812868, 0.6035061774722096, 0.010259187472046714
0.6452846417318233, 0.5645059085091146, 0.6035178579213393, 0.005760911200100168
0.6455458108674297, 0.564238008599105, 0.603522998511029, 0.0012136933735431015
0.6454660484887559, 0.5643198313113906, 0.6035214249432502, -0.0033438353560641433
0.6450460060094559, 0.5647506553741553, 0.6035131905717684, -0.007872956637781807
0.6442891147507054, 0.5655266839036426, 0.6034985745928717, -0.012335193738475286
0.6432015614115033, 0.5666410813303235, 0.6034780725776426, -0.016692638783406037
0.6417922437132509, 0.5680840397577137, 0.603452379666992, -0.020908275109334833
0.6400727063193851, 0.5698428739065582, 0.6034223669995972, -0.02494629196497713
0.6380570571870671, 0.571902143440337, 0.6033890521724219, -0.028772388864926328
0.6357618645757804, 0.5742438011352294, 0.6033535647358506, -0.03235406699889572
0.6332060350198842, 0.5768473650551087, 0.6033171078937943, -0.035660905216917185
0.6304106726707642, 0.5796901126251812, 0.6032809177076918, -0.038664818251288285
0.6273989205305311, 0.582747294270975, 0.6032462211878115, -0.041340294995698024
0.6241957842336614, 0.5859923641057744, 0.6032141946928176, -0.04366461483906514
0.6208279391851054, 0.5893972250113817, 0.6031859240479097, -0.04561804024409362
0.6173235220318327, 0.5929324853651724, 0.6031623677334237, -0.04718398396630284
0.6137119076272319, 0.5965677246204253, 0.6031443243915425, -0.04834914952626814
0.6100234728410836, 0.6002717649453945, 0.603132405752296, -0.049103643774051145
0.6062893487680282, 0.6040129461669651, 0.6031270158962818, -0.04944106061845948
0.6025411630899431, 0.6077594013434733, 0.6031283375567663, -0.049358535233125306
0.5988107745472061, 0.6114793304040297, 0.6031363259252707, -0.04885676829482248
0.5951300016649383, 0.6151412694334618, 0.6031507101705149, -0.04794002005544298
0.5915303480571575, 0.6187143533473297, 0.6031710026192587, -0.046616074296187915
0.5880427267885272, 0.6221685698846039, 0.6031965152879801, -0.044896172459384556
0.5846971864044028, 0.6254750030407144, 0.6032263832052621, -0.04279491849850802
0.5815226413398288, 0.6286060642650363, 0.603259593734611, -0.04033015522899801
0.5785466094822994, 0.631535709949071, 0.6032950209040447, -0.037522813199775885
0.5757949596873737, 0.6342396439295723, 0.6033314635789829, -0.03439673333632499
0.5732916720275184, 0.6366955039203542, 0.60336768618459, -0.030978464829031258
0.571058613490633, 0.6388830309637863, 0.6034024605971277, -0.027297039953288825
0.5691153317345877, 0.6407842211552381, 0.6034346077840643, -0.023383727708658694
0.5674788693478883, 0.6423834590390444, 0.6034630377810175, -0.019271768351056824
0.5661636008656542, 0.6436676322018753, 0.6034867866498316, -0.014996091062436805
0.5651810945469955, 0.6446262266986573, 0.6035050491643112, -0.010593017154654038
0.5645400006383532, 0.6452514030381333, 0.6035172061149149, -0.006099951336175231
0.5642459675322226, 0.6455380525314328, 0.6035228453061463, -0.0015550636802161189
0.5643015868876737, 0.6454838338699538, 0.6035217755342969, 0.0030030349808291877
0.5647063684147628, 0.6450891898513773, 0.6035140330713039, 0.0075356214484499535
0.5654567446465124, 0.644357344218192, 0.6034998804347415, 0.012004189516870406
0.566546105637146, 0.6432942786153861, 0.603479797485671, 0.016370777466922434
0.5679648631415459, 0.6419086897168825, 0.6034544651563918, 0.020598290881671935
0.5697005434561433, 0.640211926617656, 0.6034247423601582, 0.024650818014316865
0.5717379077431602, 0.6382179086439597, 0.6033916368662006, 0.028493935008272527
0.574059098325299, 0.6359430238009673, 0.6033562711280315, 0.03209499836330783
0.576643809132925, 0.6334060081581743, 0.6033198442240998, 0.03542342215871252
0.579469478216022, 0.630627806570214, 0.6032835912015707, 0.03845093768309117
0.5825115000031443, 0.6276314152457032, 0.6032487412019153, 0.04115183327862955
0.5857434548026621, 0.6244417068098165, 0.603216475788118, 0.04350317238354512
0.5891373528999253, 0.6210852386571324, 0.6031878888862772, 0.04548498794782653
0.5926638905086028, 0.6175900455585942, 0.6031639496994918, 0.04708045160219797
0.5962927147850514, 0.6139854176679148, 0.6031454698509986, 0.04827601617644994
0.5999926951098039, 0.6103016652653744, 0.6031330758700677, 0.04906153038889351
0.6037321978776199, 0.6065698717768045, 0.6031271879530125, 0.049430324761861696
0.6074793621135464, 0.6028216368080386, 0.6031280057189724, 0.049379268057163
0.6112023733428118, 0.5990888111350864, 0.6031355014430888, 0.04890879376856793
0.6148697332821657, 0.5954032257822331, 0.6031494209963386, 0.048022896454271755
0.6184505230840451, 0.591796417498372, 0.6031692924601828, 0.046729097939372084
0.6219146580469623, 0.5882993531003513, 0.6031944421241636, 0.04503838366532793
0.625233131899911, 0.5849421552852186, 0.6032240173244028, 0.042965109708708225
0.628378248969701, 0.5817538326157385, 0.6032570153491453, 0.04052688123384119
0.6313238427424093, 0.5787620164505092, 0.6032923174318158, 0.03774440338169473
0.634045479528624, 0.575992707617418, 0.6033287266795441, 0.034641305828815194
0.6365206461324072, 0.5734700356137499, 0.6033650086516039, 0.031243942473656097
0.6387289206021962, 0.5712160330557893, 0.6033999332122106, 0.02758116792125548
0.6406521253053236, 0.5692504279940924, 0.6034323162387446, 0.02368409263897729
0.6422744617144607, 0.5675904565578247, 0.6034610597711875, 0.019585818843846543
0.6435826264229697, 0.5662506981938886, 0.603485189241232, 0.015321159353783545
0.6445659080167305, 0.5652429355265187, 0.6035038865184011, 0.010926341788701959
0.6452162645232244, 0.5645760405842244, 0.6035165176522735, 0.006438700640994123
0.6455283812360249, 0.5642558888281407, 0.6035226543697112, 0.0018963598465552532
0.6454997087766793, 0.5642853020747094, 0.60352208859779, -0.002662091424400849
0.6451304813091625, 0.5646640210426535, 0.6035148395197029, -0.007197926974227331
0.6444237148680247, 0.5653887078765784, 0.6035011529242429, -0.011672612962474396
0.643385185803754, 0.5664529786147762, 0.603481492870934, -0.016048135637254407
0.6420233893916046, 0.567847465184719, 0.603456525953603, -0.020287324597847378
0.6403494786970481, 0.569559906134035, 0.6034270986962805, -0.024354168814887577
0.6383771838457608, 0.5715752649449903, 0.6033942088482793, -0.02821412270198448
0.6361227119119883, 0.5738758744436879, 0.6033589715521916, -0.03183439962478436
0.6336046277190147, 0.5764416055077164, 0.6033225815323503, -0.035184250348915064
0.6308437159415141, 0.5792500580034013, 0.6032862725861456, -0.03823522406532487
0.6278628250131517, 0.5822767716506518, 0.603251275751882, -0.040961409788374495
0.6246866934745519, 0.5854954543231508, 0.6032187775715719, -0.043339656096658845
0.6213417595462817, 0.5888782251465282, 0.6031898798636388, -0.04534976737683983
0.6178559548776481, 0.5923958696583099, 0.6031655623691576, -0.046974674934667504
0.6142584836026037, 0.5960181042406215, 0.6031466495376778, -0.048200581552789334
0.6105795880259945, 0.5997138470286069, 0.6031337825782614, -0.04901707829992566
0.6068503024628207, 0.6034514925318133, 0.6031273977228272, -0.049417232628651366
0.6031021969556458, 0.6071991872790538, 0.6031277114383311, -0.04939764703762588
0.5993671127956475, 0.6109251039052197, 0.6031347130888217, -0.04895848781703249
0.5956768919655351, 0.6145977112362838, 0.603148165295981, -0.0481034836416953
0.5920631028019244, 0.6181860380909124, 0.6031676119859435, -0.046839894023397555
0.5885567643348811, 0.6216599286979444, 0.6031923938497581, -0.045178447880912895
0.5851880718975556, 0.6249902878226751, 0.6032216706936531, -0.04313325273177203
0.5819861267037748, 0.6281493138956881, 0.6032544499217902, -0.04072167525236786
0.5789786721612347, 0.6311107186403465, 0.6032896201863125, -0.03796419419112329
0.5761918397184236, 0.6338499318939884, 0.6033259890642757, -0.03488422685146557
0.5736499070312912, 0.6363442905088833, 0.6033623234844452, -0.03150793058551945
0.5713750711786164, 0.6385732103982935, 0.6033973915335575, -0.02786398095386646
0.5693872395518571, 0.6405183409576498, 0.6034300042247095, -0.023983328409431494
0.5677038408958794, 0.6421637012387716, 0.6034590558116253, -0.019898935552493065
0.5663396587826173, 0.6434957973851182, 0.6034835612816978, -0.015645497176859164
0.5653066895626986, 0.6445037209479664, 0.6035026897561924, -0.01125914548233972
0.5646140265640461, 0.645179227797892, 0.60351579266471, -0.006777142963774798
0.5642677719959929, 0.6455167974244082, 0.6035224257381482, -0.002237565600207294
0.5642709776782274, 0.645513672481379, 0.6035223640740499, 0.0023210209422989403
0.5646236153523085, 0.6451698784896945, 0.6035156097632046, 0.006859889315540303
0.5653225769567071, 0.6444882236550608, 0.603502391818748, 0.011340479883692921
0.566361704861839, 0.6434742788012904, 0.6034831584101644, 0.015724728676368496
0.5677318516771437, 0.6421363374620435, 0.6034585616656808, 0.019975391082631043
0.569420968865675, 0.6404853562204371, 0.6034294355586654, 0.024056358508284532
0.5714142230404611, 0.638534875439987, 0.6033967676282417, 0.027932965284358187
0.5736941384781205, 0.6363009205953308, 0.603361665493426, 0.03157228320507137
0.5762407640753576, 0.633801884489948, 0.6033253192966134, 0.03494340118730259
0.5790318626985783, 0.6310583907428564, 0.6032889613501519, 0.03801768767910119
0.5820431206406328, 0.6280931390385256, 0.6032538243544469, 0.04076903360021271
0.5852483747051417, 0.6249307327646303, 0.6032210996042994, 0.04317407377094782
0.5886198542903096, 0.6215974898105004, 0.60319189660038, 0.04521238497492975
0.5921284357418181, 0.6181212374640868, 0.6031672054349405, 0.04686665900420113
0.5957439061881635, 0.6145310925247897, 0.603147863226658, 0.048122849249804284
0.5994352340604894, 0.6108572279406936, 0.603134525742137, 0.04897028962527601
0.6031708435302109, 0.6071306274777826, 0.6031276451657358, 0.04940178484264565
0.6069188901681849, 0.6033828301311096, 0.6031274547709595, 0.049413671298742565
0.6106475352347221, 0.5996456661886048, 0.6031339610127895, 0.04900584807226563
0.6143252161454533, 0.5959509870517122, 0.603146943308869, 0.04818177777761924
0.6179209108185992, 0.5923303910975989, 0.6031659615169576, 0.046948457268523223
0.6214043937888402, 0.5888149480294508, 0.6031903708553099, 0.045316358431444576
0.62474648216591, 0.5854349242986433, 0.6032193437604491, 0.043299339554570465
0.6279192697164908, 0.5822195122899492, 0.6032518979417024, 0.0409145280008954
0.6308963475504299, 0.5791965660335182, 0.6032869296818288, 0.038182175152503654
0.6336530100916468, 0.576392346240915, 0.6033232512551718, 0.03512548482566439
0.6361664452058466, 0.5738312774536724, 0.6033596311951093, 0.03177041658117902
0.6384159075374328, 0.5715357200391766, 0.6033948360458075, 0.028145465569648004
0.6403828742738547, 0.5695257596689973, 0.6034276721828068, 0.024281420754991297
0.6420511827048575, 0.5678190167688343, 0.6034570262844376, 0.020211103549591592
0.6434071490755074, 0.5664304782381917, 0.6034819030816384, 0.015969089068742125
0.6444396683451251, 0.5653723535039723, 0.603501459105871, 0.01159141236858131
0.6451402945600102, 0.5646539566989298, 0.6035150312904474, 0.007115262168388431
0.645503301627436, 0.5642816164478404, 0.6035221594550307, 0.0025786646731342
0.6455257243440978, 0.5642586144069628, 0.6035226019105223, -0.001979839796102902
0.6452073795867765, 0.5645851533422369, 0.6035163436549085, -0.006521524589197504
0.6445508676197751, 0.5652583551557462, 0.6035035968819916, -0.011007806115496236
0.6435615535163738, 0.5662722888857997, 0.6034847937857435, -0.015400572002749916
0.642247528733984, 0.5676180283213013, 0.603460571904424, -0.019662505206952577
0.640619552928711, 0.5692837384936292, 0.603431752501693, -0.023757401291507843
0.6386909761484164, 0.5712547899466495, 0.6033993127181567, -0.027650476157865294
0.6364776416074049, 0.5735138993447827, 0.6033643524380379, -0.03130866159831236
0.6339977693235243, 0.5760412946668299, 0.603328056994843, -0.03470088615365387
0.6312718209919723, 0.5788149029551116, 0.6032916569808939, -0.03779833889245432
0.6283223465810195, 0.581810558350186, 0.6032563865236483, -0.04057471388252742
0.6251738132638699, 0.5850022279445422, 0.6032234414435478, -0.0430064332974467
0.6218524174478338, 0.5883622528367253, 0.6031939387119659, -0.045072847288938844
0.6183858808257209, 0.5918616016615236, 0.60316887858356, -0.0467564089580138
0.6148032315529278, 0.5954701338122274, 0.6031491106865321, -0.04804282297151269
0.6111345718441149, 0.5991568695563444, 0.6031353052200079, -0.048921166594420196
0.6074108334819606, 0.6028902642743199, 0.6031279302345752, -0.04938398213991468
0.6036635229328148, 0.6066384841184759, 0.6031272357658144, -0.04942734007695028
0.5999244579650729, 0.6103696804924433, 0.6031332453584113, -0.04905087227753127
0.5962254978603501, 0.6140522608850131, 0.6031457552680248, -0.048257775131228586
0.5925982694892555, 0.6176551537511958, 0.6031643413679503, -0.04705478250142752
0.5890738916869502, 0.6211480653117039, 0.6031883735265783, -0.04545210874488523
0.585682700502959, 0.6245017263341976, 0.6032170369685067, -0.04346336226199867
0.5824539780095125, 0.6276881271597277, 0.6032493598955136, -0.04110543028829992
0.5794156874280209, 0.6306807394402774, 0.6032842464314133, -0.03839833587658395
0.5765942173698879, 0.6334547232530658, 0.6033205137743051, -0.035365068252118964
0.5740141379823052, 0.6359871184497067, 0.6033569322969916, -0.0320313879488473
0.5716979717394555, 0.638257019279597, 0.6033922672362704, -0.028425608350505435
0.5696659815233047, 0.640245731493899, 0.6034253205577401, -0.024578355465187857
0.5679359784956721, 0.6419369112870157, 0.6034549715766442, -0.02052230795301385
0.5665231520755138, 0.6433166855652227, 0.6034802149572644, -0.016291919602114437
0.5654399241045497, 0.6443737531467308, 0.6035001948021165, -0.011923126606065596
0.5646958290138941, 0.645099466594464, 0.603514233674678, -0.007453042134132083
0.5642974214987153, 0.6454878944635922, 0.6035218555711385, -0.002919640802392813
0.5642482128726297, 0.6455358638125038, 0.6035228020618522, 0.0016385642526724293
0.5645486369148799, 0.6452429828812032, 0.6035170410548635, 0.006182848927617555
0.5651960456483618, 0.6446116438883783, 0.6035047678841727, 0.01067460751865952
0.566184735102737, 0.6436470059412424, 0.6034863986858139, 0.015075681070662456
0.5675060007319509, 0.6423569580945725, 0.6034625562864909, 0.0193486818871864
0.5691482217772331, 0.6407520626410119, 0.6034340490835365, 0.023457311416279117
0.5710969735026649, 0.6388454787673757, 0.6034018436326953, 0.02736666878850656
0.57333516588786, 0.6366528667748722, 0.6033670318736506, 0.031043547370444492
0.5758432070477134, 0.6341922731376743, 0.6033307941049869, 0.03445671680719276
0.5785991893683172, 0.631483996766551, 0.6032943589643447, 0.03757718815983717
0.5815790961057926, 0.6285504369538283, 0.6032589617709091, 0.04037845989635881
0.5847570259946551, 0.6254159236036313, 0.603225802642755, 0.042836742665296856
0.5881054332569395, 0.622106530496946, 0.6031960058089879, 0.04493116096843271
0.5915953802940545, 0.6186498725036332, 0.6031705814959614, 0.04664393004978906
0.5951968002802426, 0.6150748878310233, 0.6031503916794151, 0.047960506531244285
0.5988787668586257, 0.611411606588401, 0.6031361208632208, 0.04886971154806305
0.6026097681658481, 0.6076909071448119, 0.603128252874964, 0.049363825368733655
0.6063579824761841, 0.6039442619598265, 0.6031270544646309, 0.04943865272091783
0.6100915528565548, 0.6002034747682125, 0.6031325662621225, 0.04909355828740248
0.6137788583554127, 0.5965004111943945, 0.6031446013999564, 0.04833147208115285
0.617388779405648, 0.5928667250554644, 0.6031627518478252, 0.0471588646554416
0.6208909552988147, 0.5893335827764475, 0.6031864022443899, 0.04558569235215468
0.6242560317792929, 0.5859313884828306, 0.6032147507576651, 0.04362531303734074
0.6274558970066731, 0.5826895124475314, 0.6032468362671626, 0.04129437301644194
0.6304639043371487, 0.5796360256475681, 0.6032815709466998, 0.03861266606090227
0.6332550805748106, 0.5767974432253189, 0.6033177771436563, 0.03560296571139232
0.6358063185368743, 0.5741984796469493, 0.603354227304724, 0.03229083224897781
0.638096552959101, 0.5718618183037837, 0.6033896855947802, 0.028704395942352835
0.6401069189358154, 0.5698078982096116, 0.6034229497979355, 0.02487411838478159
0.641820892240753, 0.5680547203078771, 0.6034528920800564, 0.02083253392660792
0.6432244110090898, 0.5666176757182749, 0.6034784972304901, 0.016613973385987833
0.6443059783769606, 0.5655093980245882, 0.6034988970860292, 0.012254272379802623
0.6450567457730797, 0.564739641437966, 0.6035133999695114, 0.007790466756489098
0.6454705766389677, 0.5643151863666531, 0.6035215141444329, 0.0032604777309018116
0.6455440904219134, 0.5642397735898843, 0.603522964489888, -0.0012972105833797807
0.6452766867408338, 0.5645140678765045, 0.6035177018301003, -0.005843878478067345
0.6446705496729364, 0.5651356515148612, 0.6035059046020124, -0.01034089997901496
0.6437306321521545, 0.5660990478370941, 0.603487972804357, -0.014750071369419977
0.6424646205125306, 0.5673957744358201, 0.6034645144335042, -0.019033936084449407
0.6408828792549989, 0.569014425392221, 0.6034363248662891, -0.0231561031883711
0.6389983761680463, 0.5709407814692213, 0.6034043598892703, -0.02708155670517996
0.6368265879949967, 0.5731579468790599, 0.6033697032893592, -0.03077695315861008
0.634385386916105, 0.5756465109176684, 0.6033335301051466, -0.03421090478604791
0.6316949082046691, 0.5783847324747052, 0.6032970667853048, -0.037354246021634174
0.6287773995246202, 0.5813487451827268, 0.6032615496051997, -0.04018028099497313
0.6256570524633269, 0.5845127807655649, 0.6032281827517072, -0.04266500996137608
0.6223598170376665, 0.5878494079871929, 0.6031980974973119, -0.044787332765394275
0.618913200072756, 0.5913297844896244, 0.6031723138474513, -0.04652922763943915
0.6153460485292305, 0.5949239187418631, 0.6031517059610622, -0.047875903851468754
0.6116883190438199, 0.5986009393006976, 0.6031369725162599, -0.04881592693803714
0.6079708351456229, 0.6023293686060569, 0.6031286130253849, -0.04934131548955234
0.6042250338125396, 0.6060773985956489, 0.6031269109019758, -0.04944760869158664
0.6004827032338852, 0.6098131655216518, 0.6031319238534034, -0.04913390406787288
0.5967757138408119, 0.6135050214816136, 0.6031434819246692, -0.04840286511564724
0.5931357448501593, 0.6171218003311824, 0.6031611932596526, -0.04726069877079952
0.5895940087338303, 0.620633075822133, 0.6031844573846069, -0.04571710288744706
0.5861809761690614, 0.6240094099996127, 0.6032124855638364, -0.043785184162650925
0.5829261041394906, 0.6272225900917852, 0.6032443275378335, -0.04148134718060949
0.5798575699377183, 0.6302458523275093, 0.6032789037378296, -0.03882515549028647
0.5770020138626922, 0.6330540913181459, 0.6033150418850289, -0.03583916586445683
0.574384293406192, 0.6356240538334035, 0.6033515167340794, -0.032548737114867304
0.5720272516792647, 0.6379345159842754, 0.6033870916135924, -0.0289818150557596
0.5699515027401655, 0.6399664429954371, 0.6034205603554392, -0.025168695414447502
0.5681752363497552, 0.6417031309025641, 0.603450788191185, -0.021141766680917242
0.5667140444992101, 0.6431303296454947, 0.603476750228842, -0.01693523506644929
0.5655807718303784, 0.6442363471455094, 0.6034975662050457, -0.012584833901939489
0.5647853918043004, 0.6450121340545399, 0.6035125303339033, -0.008127519947908786
0.5643349101727411, 0.6454513489472259, 0.6035211352399996, -0.003601159208229303
0.5642332969763021, 0.6455504037953053, 0.6035230891636368, 0.0009557950633218401
0.5644814479371064, 0.6453084896206494, 0.6035183258545956, 0.005504629401880487
0.5650771757410271, 0.6447275822714746, 0.6035070068187319, 0.010006699406682262
0.5660152313214516, 0.6438124283095488, 0.6034895158411913, 0.01442375842263623
0.5672873548713094, 0.6425705110383559, 0.6034664459720557, 0.018718282803876267
0.5688823559303723, 0.6410119967470921, 0.6034385794159782, 0.022853790966914866
0.5707862215282284, 0.6391496612967537, 0.6034068610080601, 0.026795153499025164
0.5729822510171518, 0.6369987972359791, 0.603372366175764, 0.030508891670544012
0.5754512159099264, 0.6345771017086721, 0.6033362644736132, 0.03396346180668822
0.5781715427514384, 0.6319045455052144, 0.6032997799274481, 0.03712952310364974
0.5811195168044775, 0.6290032237159954, 0.6032641495330802, 0.03998018662340869
0.5842695041235324, 0.6258971885709185, 0.603230581316579, 0.04249124336990573
0.5875941894281732, 0.6226122651915147, 0.6032002133781119, 0.04464136953389423
0.5910648270713923, 0.6191758511424232, 0.6031740753077256, 0.04641230719284291
0.5946515023283216, 0.6156167008444349, 0.6031530532808885, 0.04778901896360276
0.5983234002061854, 0.6119646960993662, 0.6031378600167545, 0.04875981532717938
0.6020490789951235, 0.608250604174132, 0.6031290106171868, 0.0493164535749432
0.605796745838669, 0.6045058250933182, 0.6031268051052446, 0.04945420756219032
0.6095345316981464, 0.6007621299913002, 0.6031313182547661, 0.04917190769644762
0.6132307632125006, 0.5970513925712341, 0.6031423970556391, 0.0484719508327541
0.6168542291087483, 0.5934053159032813, 0.6031596659006385, 0.04736027999486869
0.6203744389927711, 0.5898551569624391, 0.6031825393180895, 0.04584633408852843
0.6237618725397394, 0.5864314514515433, 0.6032102418189629, 0.04394296801911516
0.6269882173022429, 0.5831637415718801, 0.6032418341859085, 0.04166634386994055
0.6300265935566076, 0.5800803094873209, 0.6032762453134071, 0.03903579403733497
0.6328517648086602, 0.5772079192735265, 0.6033123085200072, 0.036073657453228936
0.6354403327746585, 0.5745715701479337, 0.6033488011019371, 0.03280509025323958
0.6377709158371756, 0.5721942637362086, 0.6033844857873549, 0.029257852466578485
0.6398243101461532, 0.5700967880450076, 0.6034181526858992, 0.025462072511441662
0.6415836326897264, 0.5682975206787488, 0.6034486603112257, 0.02144999147387953
0.6430344457962303, 0.5668122536603526, 0.6034749742854625, 0.01725568932738729
0.6441648626474852, 0.5656540419945325, 0.6034962024129578, 0.01291479541250801
0.6449656334843262, 0.5648330778503006, 0.6035116249336896, 0.008464185638568269
0.6454302122695869, 0.5643565919411672, 0.6035207189300931, 0.003941668991361764
0.6455548036433479, 0.5642287833523544, 0.6035231760593232, -0.0006143339705501941
0.645338390062834, 0.5644507787103221, 0.6035189130093516, -0.005165117873692862
0.6447827390681075, 0.5650206212179613, 0.6035080743241459, -0.009672021735316652
0.643892390658211, 0.5659332896962981, 0.6034910275020692, -0.014096757787491782
0.6426746248045385, 0.5671807473882009, 0.6034683505338152, -0.018401737093911512
0.6411394091727374, 0.5687520198991579, 0.6034408123026811, -0.022550389163722817
0.6392993271752755, 0.57063330128238, 0.6034093465121249, -0.02650747282278336
0.6371694865373049, 0.5728080869275032, 0.6033750200250797, -0.030239375683975986
0.6347674086317756, 0.5752573315907835, 0.6033389966889754, -0.03371439966337286
0.6321128989283117, 0.5779596306157796, 0.6033024978734127, -0.03690303011660996
0.6292278990059514, 0.5808914221421616, 0.603266761058779, -0.03977818631803373
0.6261363207034186, 0.5840272078903836, 0.603232997879999, -0.04231545117206863
0.6228638631222443, 0.5873397899443907, 0.6032023530479225, -0.04449327822977263
0.6194378133569467, 0.5908005208348217, 0.6031758655409, -0.04629317428159212
0.6158868320008543, 0.5943795641517787, 0.6031544333819769, -0.04769985600782424
0.6122407246633829, 0.5980461628883219, 0.6031387831954629, -0.048701379389215003
0.6085302009311662, 0.6017689127314879, 0.6031294455745417, -0.049289240809555726
0.604786622407142, 0.6055160375738565, 0.6031267370945927, -0.049458449018280184
0.6010417416636709, 0.6092556646116405, 0.6031307495816672, -0.04920756736224006
0.5973274341426186, 0.6129560965202802, 0.6031413469997111, -0.0485387259404705
0.5936754252214308, 0.6165860783504366, 0.6031581700620021, -0.04745760358238662
0.5901170148337065, 0.6201150569604416, 0.6031806484105595, -0.04597337979704043
0.5866828021798794, 0.6235134309899031, 0.6032080199508706, -0.04409865708741974
0.5834024131827921, 0.626752789577464, 0.6032393566868125, -0.04184935426785341
0.5803042334290802, 0.62980613822803, 0.6032735961803383, -0.039244571662905195
0.5774151493858936, 0.6326481104358526, 0.6033095775697922, -0.03630642930111111
0.5747603006898632, 0.6352551638649448, 0.6033460809261242, -0.033059879444837334
0.5723628462685634, 0.6376057600732595, 0.6033818686129648, -0.02953249501658167
0.5702437469723489, 0.6396805269386255, 0.6034157272484317, -0.025754235690277044
0.568421567265756, 0.6414624031000665, 0.6034465088459483, -0.021757193611536642
0.5669122983532854, 0.6429367638663016, 0.6034731697390145, -0.017575320891229408
0.5657292048961706, 0.6440915281632591, 0.603494805969839, -0.0132441411801828
0.5648826972177314, 0.6449172461946119, 0.6035106839415352, -0.008800447777145863
0.5643802305992643, 0.6454071675747715, 0.603520265294116, -0.004281990845486541
0.564226232941383, 0.6455572897643932, 0.6035232251603935, 0.0002728435852864874
0.5644220617133268, 0.6453663866968095, 0.6035194631824208, 0.004825360080662672
0.5649659907419091, 0.6448360175331147, 0.6035091069147075, 0.009336882921340491
0.5658532270097926, 0.6439705155274044, 0.6034925074987496, 0.013769085053983218
0.567075957247355, 0.6427769570257348, 0.6034702277556211, 0.018084314045583194
0.5686234237213785, 0.6412651106666241, 0.6034430231006308, 0.022245912242593098
0.5704820282547398, 0.6394473669011087, 0.6034118159275316, 0.026218528390138513
0.5726354631616153, 0.6373386480100598, 0.6033776643312758, 0.02996841804601377
0.5750648674590861, 0.6349562988687132, 0.6033417262302615, 0.03346373022758166
0.5777490064245424, 0.6323199587957248, 0.6033052201049516, 0.036674777855645525
0.5806644723139444, 0.6294514149283271, 0.6032693836843444, 0.03957428970608551
0.5837859038428986, 0.6263744376873697, 0.6032354319811909, 0.042137641745607884
0.5870862218635389, 0.6231145990363468, 0.603204516098764, 0.044343065910300614
0.5905368785470293, 0.6196990743961519, 0.6031776842056237, 0.04617183458272063
0.5941081173046691, 0.6161564292506032, 0.6031558460011782, 0.04760841923286957
0.5977692406493007, 0.6125163916641562, 0.6031397418763589, 0.04864062190862521
0.6014888832112117, 0.6088096121292553, 0.6031299178145118, 0.04925967849005465
0.6052352871760087, 0.6050674123622364, 0.6031267068829828, 0.0494603328577341
0.6089765775023105, 0.6013215248688484, 0.6031302179425294, 0.04924088136605122
0.6126810343998804, 0.5976038252978823, 0.6031403319570912, 0.04860318725689662
0.6163173606989069, 0.5939460597884983, 0.6031567060289467, 0.0475526648956776
0.6198549419129137, 0.5903795696877778, 0.6031787850225482, 0.04609823395878397
0.6232640969854693, 0.5869350161639881, 0.6032058203831973, 0.04425224394809977
0.6265163179086308, 0.583642107362506, 0.6032368955129299, 0.04203036965245703
0.6295844966032667, 0.5805293308401137, 0.6032709568437381, 0.03945147841658192
0.6324431376527466, 0.5776236940649472, 0.6033068495551033, 0.03653747031351466
0.6350685556771609, 0.5749504757799427, 0.603343356725309, 0.03331309254499419
0.6374390563210807, 0.5725329909943474, 0.6033792405894538, 0.029805729614078035
0.6395351000005332, 0.5703923722889506, 0.6034132845055119, 0.02604517102337971
0.6413394477117499, 0.5685473699954536, 0.6034443342055897, 0.02206335844872412
0.6428372883437684, 0.5670141736394074, 0.6034713369335857, 0.01789411451965925
0.6440163470583538, 0.5658062568211194, 0.6034933771419579, 0.013572855503020252
0.6448669744041987, 0.5649342474528535, 0.6035097075368594, 0.00913629033157486
0.6453822159189808, 0.5644058249775739, 0.6035197744185538, 0.004622108544753372
0.6455578620445016, 0.5642256458695923, 0.6035232364574683, 6.865981084069693e-05
0.6453924782393069, 0.564395298366759, 0.603519976268875, -0.0044853722217124015
0.6448874152230677, 0.5649132870141218, 0.6035101043935013, -0.009001298943196682
0.6440467993310363, 0.5657750472175546, 0.6034939555490051, -0.013440755844194796
0.6428775029989818, 0.5669729896204377, 0.6034720772795041, -0.01776602879179844
0.6413890954429422, 0.5684965737348245, 0.6034452113882528, -0.0219403747186352
0.6395937736477645, 0.5703324098883392, 0.6034142687833952, -0.025928333975078283
0.6375062738372649, 0.5724643881966675, 0.6033802985901233, -0.02969603167254553
0.635143763670062, 0.5748738329457342, 0.6033444525769969, -0.033211465447463534
0.6325257154912763, 0.5775396804735508, 0.6033079461029909, -0.0364447771997907
0.6296737610732577, 0.5804386783844622, 0.6032720169097013, -0.03936850650522511
0.6266115283993384, 0.5835456037122109, 0.6032378831560347, -0.04195782356444104
0.6233644611835887, 0.5868334974758787, 0.6032067021182053, -0.044190739733857475
0.6199596219759459, 0.5902739129461543, 0.603179530955137, -0.04604829387844549
0.6164254798742864, 0.5938371748590571, 0.6031572908691576, -0.04751471299584217
0.6127916840505248, 0.5974926467796191, 0.6031407358766633, -0.04857754578052375
0.6090888244932599, 0.6012090038273252, 0.6031304272470693, -0.04922776802506734
0.605348181570713, 0.6049545080254642, 0.6031267144761914, -0.04945985899077542
0.6016014662199757, 0.6086972836242811, 0.6031297234387394, -0.04927184812046007
0.5978805527665605, 0.6124055898683503, 0.6031393521213396, -0.04866533171039772
0.5942172065663214, 0.6160480888268111, 0.6031552740806443, -0.04764545940488433
0.5906428088341612, 0.6195941060754663, 0.6031769495093768, -0.046220890624018386
0.5871880811747368, 0.6230138822064251, 0.6032036435353677, -0.04440372128190276
0.5838828124540939, 0.626278813338207, 0.6032344511335692, -0.04220938139697618
0.580755590742525, 0.6293616790012636, 0.6032683278068891, -0.03965650443716126
0.5778335431134567, 0.632236855975477, 0.6033041249961354, -0.03676676947839872
0.5751420860968997, 0.6348805168524286, 0.6033406290189611, -0.03356471748422468
0.5727046895560944, 0.63727081228196, 0.6033766022179528, -0.030077543234548382
0.5705426566805134, 0.6393880360362812, 0.6034108249229401, -0.026334864641764946
0.5686749226666248, 0.6412147721830306, 0.6034421368048256, -0.0223684713897827
0.5671178744901942, 0.6427360237995349, 0.6034694762186668, -0.018212055014357208
0.565885193962109, 0.643939322783281, 0.6034919162017708, -0.013900922709222305
0.5649877260065531, 0.6448148204184051, 0.6035086959058463, -0.009471697289824024
0.5644333738099077, 0.6453553584458367, 0.6035192463970046, -0.004962005873065355
0.564227022166041, 0.6455565204574291, 0.6035232099483834, -0.0004101599355898027
0.5643704899946416, 0.6454166634944052, 0.6035204521708618, 0.004145170506738379
0.5648625126406999, 0.6449369297809063, 0.6035110665703018, 0.008665285800568233
0.5656987541824424, 0.6441212385677847, 0.6034953713766891, 0.013111785811534804
0.5668718495896303, 0.6429762581038699, 0.6034738987527599, 0.017446896506603405
0.5683714761919337, 0.6415113577956078, 0.6034473767482472, 0.021633791157559895
0.5701844535457825, 0.6397385406650459, 0.6034167046119692, 0.02563690341122035
0.5722948704350737, 0.6376723562742026, 0.6033829222992896, 0.02942222954760754
0.5746842374131864, 0.635329794354045, 0.603347175209293, 0.03295761734725146
0.577331662997103, 0.632730159461255, 0.6033106753477118, 0.03621303911145018
0.5802140513642529, 0.6298949270876252, 0.6032746602327257, 0.03916084652305922
0.5833063191832046, 0.6268475817664013, 0.603240350937121, 0.0417760051982414
0.5865816290336104, 0.6236134378575272, 0.6032089106894005, 0.04403630695957475
0.590011636740715, 0.6202194438488638, 0.6031814054372879, 0.04592255805587786
0.5935667498659891, 0.6166939711815769, 0.6031587677103946, 0.04741874176199193
0.5972163945574362, 0.613066588792487, 0.6031417650068269, 0.048512154010507486
0.6009292879691926, 0.6093678247610007, 0.6031309737750634, 0.04919351093510501
0.604673713507479, 0.6056289166492159, 0.6031267598727571, 0.049457027439965384
0.6084177962450147, 0.6018815523261388, 0.6031292661645735, 0.04930046614988695
0.6121297759642641, 0.5981576032654583, 0.6031384076792737, 0.04872515633973705
0.6157782754362235, 0.5944888524953319, 0.6031538744901217, 0.04773598268817017
0.619332561710344, 0.5909067195523614, 0.6031751422210251, 0.04634134394773114
0.6227627983768652, 0.5874419849445586, 0.6032014898224505, 0.04455308187012426
0.626040286959462, 0.5841245167540172, 0.603232024014816, 0.04238638097015017
0.6291376957979863, 0.5809830021039728, 0.6032657095710935, 0.03985963995310822
0.6320292749828952, 0.5780446862723405, 0.6033014044124109, 0.03699431586678234
0.6346910560997425, 0.5753351222507208, 0.603337898327211, 0.03381474226878673
0.637101035729683, 0.5728779335213017, 0.6033739540015653, 0.030347922921253833
0.6392393418267499, 0.5706945927520775, 0.6034083489697356, 0.026623302735686003
0.6410883822520503, 0.5688042189925043, 0.6034399170626867, 0.022672517889241513
0.6426329748871983, 0.5672233957874842, 0.6034675879490907, 0.01852912721771257
0.6438604588734362, 0.5659660124189936, 0.6034904234278821, 0.01422832715787049
0.6447607866289997, 0.5650431302344904, 0.6035076492414232, 0.009806652660647279
0.6453265963863551, 0.5644628757334224, 0.6035186813301763, 0.005301666624837979
0.6455532650646492, 0.5642303617626453, 0.6035231456382131, 0.0007516405068687739
0.6454389413535965, 0.5643476378243136, 0.603520890797651, -0.003804771155851796
0.6449845589360577, 0.5648136701324612, 0.6035119932616533, -0.008328859513629851
0.6441938298212638, 0.5656243516743531, 0.6034967547118403, -0.01278219064000407
0.6430732178027543, 0.5667725421473689, 0.603475691828078, -0.017126932404474982
0.6416318920985121, 0.5682481372594591, 0.6034495187677287, -0.021326176174999826
0.6398816612793364, 0.5700381665088534, 0.6034191229487944, -0.02534425059116765
0.637836887648746, 0.572126918204031, 0.6033855349584916, -0.029147024722780107
0.635514382306905, 0.5744960901549638, 0.603349893608007, -0.032702198026703544
0.6329332812148328, 0.5771249641674364, 0.603313407318713, -0.03597957463589066
0.6301149026755126, 0.5799906022091835, 0.6032773131494009, -0.038951319656687654
0.6270825867666405, 0.5830680618939198, 0.6032428348539098, -0.041592195312045055
0.6238615173960405, 0.5863306287502577, 0.6032111413912348, -0.04387977494700544
0.6204785278046289, 0.5897500626089732, 0.6031833072946622, -0.0457946331067562
0.6169618905118018, 0.593296855354848, 0.6031602762432953, -0.04732051010451539
0.6133410928818077, 0.5969404972479205, 0.6031428290706207, -0.048444449714524634
0.6096465996838806, 0.6006497490218573, 0.6031315572942808, -0.04915690885250115
0.6059096042195539, 0.6043929170115785, 0.6031268430640165, -0.049451838340212315
0.6021617697930094, 0.6081381286446776, 0.6031288462072116, -0.04932673409067357
0.5984349634993014, 0.6118536057471125, 0.6031374988109631, -0.048782658294227184
0.5947609844952049, 0.6155079332580548, 0.6031525075242326, -0.04782423043193955
0.591171289092523, 0.6190703211162023, 0.6031733635020845, -0.04645958818992578
0.5876967151680819, 0.6225108572644714, 0.6031993596550926, -0.04470031859496044
0.5843672085127347, 0.6258007499159831, 0.6032296146194507, -0.04256135993664721
0.5812115538382499, 0.6289125574259675, 0.6032631026355756, -0.040060875283030074
0.5782571132212115, 0.6318204043161567, 0.6032986883226739, -0.037220098633273746
0.5755295747831519, 0.6345001821955935, 0.6033351651707328, -0.03406315498126139
0.5730527143828786, 0.636929734510159, 0.6033712964452417, -0.030616855785861825
0.5708481730284114, 0.63908902422899, 0.6034058571180032, -0.02691047155530056
0.5689352526011098, 0.6409602837365761, 0.6034376754024255, -0.022975483452519825
0.5673307323237485, 0.642528146342832, 0.6034656724849075, -0.0188453160135544
0.5660487081989534, 0.6437797589489238, 0.603488899104926, -0.014555053239680892
0.5651004573972352, 0.6447048755140786, 0.6035065677431579, -0.010141140474356245
0.5644943292886895, 0.6452959310588754, 0.6035180793258033, -0.005641074605781999
0.5642356644941798, 0.6455480960153277, 0.6035230435392059, -0.0010930852435213074
0.5643267429863613, 0.6454593107958083, 0.6035212920655886, 0.003464190398595515
0.5647667619047977, 0.6450303005044999, 0.6035128842908334, 0.007992036122274174
0.5655518433700097, 0.6442645697601326, 0.6034981052906622, 0.012451986043437844
0.5666750721960603, 0.6431683776409083, 0.6034774561635313, 0.016806151739584742
0.5681265630181308, 0.6417506928057273, 0.6034516370382365, 0.021017544435801984
0.5698935559781219, 0.640023128893855, 0.6034215233327274, 0.025050389465835404
0.571960539755076, 0.6379998603616578, 0.603388136069537, 0.028870430316554438
0.5743094003951554, 0.6356975189832449, 0.6033526072547895, 0.03244521966051575
0.5769195940941889, 0.6331350713244474, 0.6033161414950653, 0.035744394900703795
0.5797683418198792, 0.63033367759863, 0.6032799751538799, 0.038739935892220564
0.5828308434349455, 0.6273165324296034, 0.6032453344327842, 0.04140640266582572
0.5860805088000379, 0.6241086881818261, 0.6032133937983791, 0.04372115115576135
0.5894892031982973, 0.6207368616706908, 0.6031852361646405, 0.045664525127150066
0.5930275043327036, 0.61722922523451, 0.6031618161802402, 0.04722002270432715
0.5966649681025992, 0.6136151833326137, 0.6031439278651769, 0.048374436118716446
0.6003704003653982, 0.6099251360275042, 0.6031321776934829, 0.04911796352132411
0.6041121319309241, 0.6061902309093397, 0.6031269640341305, 0.049444291938755595
0.607858294115523, 0.6024421052234962, 0.6031284636467518, 0.049350650691138864
0.611577092296699, 0.5987126201613872, 0.6031366256897276, 0.04883783483385619
0.6152370750514697, 0.5950335894655054, 0.6031511734436427, 0.04791019843103393
0.6188073966275516, 0.591436504676067, 0.6031716136917321, 0.04657561771588645
0.6222580706799852, 0.58795225950275, 0.6031972534394848, 0.04484542443983906
0.6255602134011874, 0.5846108759353024, 0.60322722340691, 0.042734309957459214
0.6286862743738595, 0.5814412348058546, 0.6032605074974415, 0.0402602008361314
0.6316102536783115, 0.5784708135789116, 0.6032959772448455, 0.03744410701658066
0.6343079039836056, 0.5757254341681955, 0.6033324300707053, 0.03430994378111546
0.6367569165411098, 0.5732290235596034, 0.6033686300557485, 0.03088432900905527
0.6389370901759625, 0.5710033899544233, 0.6034033498429147, 0.027196357411322217
0.640830482533786, 0.5690680170355946, 0.603435412251507, 0.023277353636614977
0.6424215429848127, 0.5674398788023781, 0.6034637301913783, 0.019160606327870006
0.6436972267144376, 0.5661332772167201, 0.6034873435235775, 0.014881085377745878
0.6446470896379914, 0.5651597046604266, 0.6035054516172819, 0.010475144783579082
0.6452633638690302, 0.5645277329197824, 0.6035174404986797, 0.005980213633673517
0.6455410135463399, 0.5642429300982907, 0.6035229036708255, 0.0014344778661015208
0.6454777708874674, 0.5643078065145567, 0.6035216558981469, -0.003123444473171804
0.6450741523888788, 0.5647217902775484, 0.6035137394879218, -0.0076548316853487
0.6443334551382598, 0.5654812328527667, 0.6034994228556015, -0.012121187764759081
0.6432617332467372, 0.5665794445478256, 0.6034791914226677, -0.016484569805075167
0.6418677544517627, 0.5680067594623316, 0.6034537311558283, -0.02070791065333349
0.6401629369889552, 0.5697506290725585, 0.6034239053060316, -0.024755334043792116
0.6381612668869369, 0.5717957432636458, 0.6033907251364173, -0.028592459513714717
0.6358791959064186, 0.5741241772879339, 0.6033553156321769, -0.03218669449774986
0.6333355204262319, 0.5767155628238713, 0.6033188773553932, -0.03550751111528505
0.6305512416767804, 0.5795472810411557, 0.6032826457385531, -0.03852670530431264
0.627549407836806, 0.5825946753488243, 0.6032478491971082, -0.04121863611408907
0.6243549386429362, 0.5858312813172439, 0.6032156674813324, -0.0435604431451696
0.6209944333127829, 0.5892290711245183, 0.6031871916794148, -0.0455322403171811
0.6174959627500561, 0.5927587097836605, 0.6031633872275832, -0.04711728434984852
0.6138888471819992, 0.5963898203587005, 0.6031450611809654, -0.048302116559274216
0.6102034205723008, 0.6000912553742734, 0.6031328348543589, -0.049076676797304625
0.6064707833526254, 0.6038313716616648, 0.6031271227600178, -0.04943438859516467
0.6027225452183874, 0.6075783059612543, 0.6031281185561251, -0.04937221481164885
0.5989905599342314, 0.6113002487125255, 0.6031357884820367, -0.048890683329428405
0.5953066542863372, 0.6149657136033018, 0.6031498725027192, -0.04799388258894256
0.5917023534963314, 0.6185438006141976, 0.6031698931236085, -0.04668942699645568
0.5882086055694484, 0.6220044504766816, 0.6031951715772296, -0.044988392489762614
0.5848555071819735, 0.6253186886578231, 0.6032248508331435, -0.04290522279030696
0.5816720338145649, 0.6284588571859695, 0.603257924651531, -0.04045760711267829
0.578685776904054, 0.6313988328338814, 0.60329327169588, -0.037666330340030474
0.5759226908126103, 0.6341142303741525, 0.6033296935486699, -0.03455509690527252
0.5734068523965697, 0.6365825898117209, 0.6033659553415309, -0.031150329841150473
0.5711602358955513, 0.6387835466762293, 0.6034008276225805, -0.027480946675679286
0.5692025057545808, 0.6406989846200044, 0.6034331280414954, -0.023578114050796607
0.56755082983796, 0.6423131697136071, 0.6034617614388887, -0.019474983129528833
0.566219715294788, 0.6436128659590896, 0.6034857569804847, -0.015206408028282551
0.5652208690949144, 0.6445874316512167, 0.6035043010766469, -0.010808649664026497
0.564563084974349, 0.6452288963096695, 0.6035167649706418, -0.006319067539130566
0.5642521582154983, 0.6455320179822391, 0.6035227260597609, -0.00177580209765445
0.5642908293457952, 0.6454943207825168, 0.6035219822259651, 0.0027825496256641685
0.564678757474861, 0.645116112578564, 0.603514558689857, 0.007317262279886388
0.5654125236124036, 0.6444004827948258, 0.6035007071554291, 0.01178981157522421
0.5664856639242282, 0.6433532803319263, 0.6034808972746097, 0.016162201932326866
0.5678887324997633, 0.6419830716517578, 0.6034558007211966, 0.02039728958877541
0.5696093928291431, 0.6403010791223621, 0.6034262684145102, 0.024459098390586638
0.5716325368286314, 0.6383210997720967, 0.6033933016654472, 0.02831312556470391
0.5739404299170601, 0.6360594046688539, 0.603358018223736, 0.031926634861243613
0.5765128803393329, 0.6335346192203839, 0.6033216143780266, 0.03526893457029305
0.5793274306614503, 0.6307675847882704, 0.6032853243941987, 0.03831163805567597
0.5823595691294565, 0.6277812021221864, 0.6032503786673751, 0.041028904605442625
0.5855829583956232, 0.6246002572532686, 0.6032179620065572, 0.04339765857390388
0.5889696789712969, 0.6212512306354523, 0.6031891734661149, 0.04539778498071851
0.592490484668218, 0.6177620904901635, 0.603164989085763, 0.0470122999367702
0.5961150672385108, 0.6141620714906153, 0.6031462288018875, 0.04822749448227155
0.5998123274166786, 0.6104814401141349, 0.6031335286515969, 0.04903305064773761
0.6035506496023045, 0.6067512481905307, 0.6031273192114023, 0.04942212878131097
0.6072981774964069, 0.6030030763769906, 0.6031278110011171, 0.049391425424659505
0.6110230881131943, 0.5992687694902188, 0.6031349873475089, 0.04894120126267741
0.6146938617274745, 0.5955801658189901, 0.6031486049495011, 0.04807527891798422
0.6182795454806939, 0.5919688227192124, 0.6031682021257642, 0.046801010608285024
0.6217500085498535, 0.5884657409531335, 0.6031931144652692, 0.04512921593162464
0.6250761869774922, 0.5851010903688121, 0.6032224973505266, 0.04307409029002006
0.62823031646182, 0.5819039396200205, 0.6032553545903164, 0.04065308470443809
0.631186151608457, 0.5789019926955691, 0.6032905721916499, 0.037886758012066236
0.6339191703439931, 0.576121335056416, 0.6033269561264076, 0.034798602668660986
0.6364067623823254, 0.5735861921656502, 0.6033632728125885, 0.03141484560269189
0.6386284008136818, 0.5713187031381759, 0.6033982909379255, 0.02776422578215184
0.6405657960504746, 0.5693387121325166, 0.6034308232079345, 0.0238777503572805
0.6422030315115876, 0.5676635799565735, 0.6034597666028334, 0.019788431430987317
0.6435266805562695, 0.5663080181636414, 0.603484139778161, 0.015531005681361544
0.6445259042902639, 0.5652839476769178, 0.603503116340626, 0.011141639215239137
0.6451925299608102, 0.5646003837037041, 0.6035160528704865, 0.006657620166372869
0.6455211097352587, 0.5642633483892234, 0.6035225107398648, 0.002117041664481667
0.645508959722463, 0.5642758123200471, 0.6035222709868019, -0.0024415221092729893
0.6451561791497494, 0.564637665625079, 0.6035153417404153, -0.006979344000349603
0.6444656496544692, 0.5653457190449414, 0.6035019579452342, -0.0114578732736817
0.6434430146916299, 0.5663937349560203, 0.6034825733940637, -0.0158390634902379
0.6420966391017215, 0.5677724879511338, 0.6034578453396982, -0.020085696050430597
0.6404375489294611, 0.5694698542024955, 0.6034286122075516, -0.024161696628089355
0.6384793516385009, 0.5714709284719564, 0.6033958651653263, -0.028032441785004445
0.6362381369324295, 0.5737581672954114, 0.6033607145141358, -0.031665053147035646
0.6337323584715803, 0.5763115565592426, 0.6033243520410752, -0.03502867663712411
0.6309826968703652, 0.5791088014122652, 0.603288010610063, -0.03809474439660872
0.6280119044725945, 0.5821255362215096, 0.6032529223612845, -0.040837217182182986
0.6248446325330893, 0.5853355520877641, 0.6032202769365566, -0.04323280519963334
0.621507241582614, 0.5887110392894908, 0.6031911811468801, -0.04526116552509318
0.6180275959185043, 0.5922228419226198, 0.6031666214493641, -0.0469050744678324
0.6144348433432771, 0.595840721948721, 0.6031474305053285, -0.048150573443513194
0.6107591814649366, 0.599533629853896, 0.6031342589529297, -0.048987087151402264
0.6070316120718885, 0.6032699791530579, 0.6031275533508487, -0.0494075130813597
0.60328368529779, 0.6070179220457166, 0.6031275410403928, -0.04940828161477971
0.5995472354922575, 0.6107456236357893, 0.6031342224389208, -0.0489893862264007
0.5958541109065917, 0.6144215322644037, 0.6031473710256969, -0.04815438353951254
0.5922358994838073, 0.6180146436657669, 0.6031665410206468, -0.04691036323410783
0.5887236532034592, 0.6214947568362641, 0.603191082495861, -0.04526788805454912
0.5853476135682978, 0.6248327197001365, 0.6032201634078285, -0.04324090440893987
0.5821369409263066, 0.6280006628556731, 0.6032527978038656, -0.04084662429514326
0.5791194503932582, 0.6309722198882631, 0.6032878792469076, -0.038105379526767076
0.5763213571734138, 0.6337227329358853, 0.6033242183259055, -0.035040449464787
0.5737670340659694, 0.6362294423840564, 0.603360582980443, -0.031677863685073485
0.5714787838900439, 0.6384716597472393, 0.6033957402726629, -0.02804618122703594
0.5694766294600433, 0.6404309229591043, 0.6034284981903272, -0.0241762482719302
0.5677781235960929, 0.6420911334428218, 0.6034577460636021, -0.020100936289021827
0.5663981814620005, 0.643438674463486, 0.6034824922249864, -0.01585486286166583
0.5653489372882079, 0.6444625103775684, 0.6035018976351323, -0.011474097561365098
0.5646396272629373, 0.6451542664895736, 0.603515304333997, -0.0069958553740113475
0.5642765000658186, 0.645508289305291, 0.6035222577521859, -0.002458180296936058
0.5642627561803188, 0.645521687036403, 0.60352252212558, 0.002100378183521767
0.5645985167606309, 0.6451943502655256, 0.6035160884902616, 0.006641092957843722
0.5652808224524662, 0.6445289527274073, 0.6035031749864875, 0.011125388685799875
0.5663036621829052, 0.6435309322046449, 0.6034842194613967, 0.015515169884473072
0.5676580315498516, 0.6422084515787458, 0.6034598646214314, 0.019773144892999344
0.5693320200645068, 0.6405723401235531, 0.6034309362382073, 0.023863142933801523
0.5713109261381497, 0.6386360151816596, 0.6033984151472127, 0.027750421554486166
0.5735773983645054, 0.636415384428814, 0.6033634039892162, 0.031401961823758415
0.5761116013375697, 0.6339287290093599, 0.6033270898224938, 0.034786748767354235
0.5788914039676107, 0.6311965679197121, 0.6032907038739155, 0.03787603466449119
0.5818925880198286, 0.6282415041282513, 0.6032554797937847, 0.040643582979849484
0.5850890744044823, 0.6250880530495325, 0.6032226118299049, 0.04306589087863767
0.5884531645965246, 0.6217624541380837, 0.6031932143388752, 0.04512238846077672
0.5919557944582181, 0.6182924665312641, 0.6031682840071194, 0.04679561305257196
0.595566797679782, 0.6147071498495517, 0.6031486660621399, 0.04807135710835083
0.5992551760396527, 0.6110366314533102, 0.6031350256190967, 0.04893878849844709
0.6029893737152147, 0.6073118616538703, 0.6031278251337031, 0.0493905421917257
0.6067375529434957, 0.6035643585790816, 0.6031273087254188, 0.04942278257879884
0.6104678684352747, 0.5998259445944257, 0.6031334939021151, 0.049035235924557136
0.6141487380804245, 0.5961284763747583, 0.603146170966583, 0.048231192684082866
0.6177491076417746, 0.5925035709030614, 0.6031649101249912, 0.04701747966297507
0.6212387073136377, 0.5889823298354105, 0.6031890760564584, 0.04540440225019209
0.6245882982135621, 0.5855950648099405, 0.6032178494500884, 0.04340565719728437
0.6277699070760886, 0.5823710263865374, 0.6032502547797146, 0.04103821666091636
0.630757047619754, 0.5793381393783414, 0.6032851933751581, 0.038322184464329626
0.6335249272582123, 0.5765227473716854, 0.6033214806692263, 0.035280625766268336
0.636050638018518, 0.5739493692243584, 0.6033578863580169, 0.03193937155112005
0.6383133307105613, 0.5716404702806726, 0.6033931761131844, 0.028326799569767497
0.64029437155822, 0.5696162509443449, 0.6034261534320433, 0.024473593564918086
0.6419774806528739, 0.5678944551064811, 0.603455700206508, 0.02041248280542149
0.6433488517222085, 0.5664902007370427, 0.6034808146351517, 0.016177964129208987
0.644397252821374, 0.5654158347162603, 0.603500645192582, 0.011806008851897754
0.6451141076501167, 0.5646808137109982, 0.603514519503933, 0.007333757035799101
0.6454935572798675, 0.5642916125945875, 0.603521967144989, 0.002799201730179436
0.6455325021410494, 0.5642516615726029, 0.6035227355944324, -0.0017591341134999417
0.645230624175948, 0.5645613128179062, 0.6035167987970191, -0.006302525279367021
0.6445903891095489, 0.5652178370429337, 0.6035043580471322, -0.010792373663330378
0.6436170288335632, 0.5662154500532701, 0.60348583516274, -0.015190536556746702
0.6423185039412098, 0.5675453689416986, 0.6034618581813611, -0.019459651016888756
0.6407054464961047, 0.5691958972039548, 0.6034332400633308, -0.023563451540196206
0.6387910831715286, 0.5711525376939113, 0.6034009511248767, -0.02746707831678526
0.6365911389598117, 0.5733981319940156, 0.6033660861361502, -0.031137373432059506
0.634123721728514, 0.5759130244630581, 0.6033298272002473, -0.03454316249220893
0.6314091879927708, 0.5786752489434419, 0.6032934036722112, -0.03765551928330786
0.6284699903832247, 0.5816607358688451, 0.6032580504772336, -0.04044801122680317
0.6253305074171067, 0.5848435373142022, 0.6032249662413928, -0.042896923565446436
0.6220168563261139, 0.5881960673757479, 0.6031952726544156, -0.044981460401084555
0.6185566898577063, 0.5916893551608169, 0.6031699764420138, -0.0466839209070911
0.6149789781443487, 0.5952933076052446, 0.6031499352367227, -0.047989849251520014
0.6113137769251448, 0.5989769793194565, 0.603135828503901, -0.048888156990297374
0.6075919836026138, 0.6027088466904824, 0.6031281345081264, -0.04937121692105134
0.6038450828196141, 0.6064570835329897, 0.6031271141004714, -0.049434927625735044
0.6001048834426167, 0.6101898356838659, 0.6031328018759821, -0.04907874817238685
0.5964032490322372, 0.6138754920671787, 0.6031450050009545, -0.04830570269164232
0.5927718240644025, 0.6174829499141149, 0.6031633097497406, -0.04712235479051394
0.5892417583299299, 0.6209818720000986, 0.603187095529612, -0.045538752013067035
0.5858434320808873, 0.6243429339529105, 0.6032155559184947, -0.04356834080353803
0.5826061846034412, 0.6275380598854337, 0.6032477260027332, -0.0412278526707203
0.5795580489740124, 0.6305406448091626, 0.6032825150885129, -0.03853716249157618
0.5767254957941194, 0.6333257624845808, 0.6033187436783618, -0.03551912012539604
0.5741331886958372, 0.6358703575574267, 0.6033551834594829, -0.03219935673569769
0.5718037543617792, 0.6381534210117334, 0.6033905989484095, -0.028606067433576497
0.5697575697095201, 0.6401561481382986, 0.6034237893801695, -0.02476977206141768
0.5680125687501001, 0.6418620783685823, 0.6034536294216466, -0.02072305612771271
0.5665840714446572, 0.6432572164576953, 0.603479107328533, -0.016500294080085923
0.5654846366544408, 0.644330134615608, 0.603499359251783, -0.01213735726244618
0.5647239410108177, 0.645072055283558, 0.6035136985299384, -0.007671309041415136
0.5643086852278312, 0.6454769143341306, 0.6035216389736752, -0.0031400897049728817
0.5642425290458506, 0.6455414045407505, 0.6035229113526399, 0.0014178061690722672
0.5645260556371634, 0.6452649992181088, 0.6035174725252305, 0.005963657107026785
0.5651567659300094, 0.6446499559826152, 0.6035055069015647, 0.010458844083337807
0.5661291029239621, 0.6437013006249411, 0.6034874201899932, 0.014865178984072525
0.5674345056845382, 0.6424267911289897, 0.6034638256393376, 0.019145229367488213
0.5690614923261523, 0.6408368619170058, 0.6034355232436159, 0.02326263673402658
0.5709957709277003, 0.6389445484528082, 0.60340347261475, 0.02718242557865086
0.5732203769813105, 0.6367653923977032, 0.6033687604435048, 0.0308713005839926
0.5757158356587172, 0.6343173275894654, 0.6033325636523784, 0.03429792942200252
0.5784603468971096, 0.6316205472062343, 0.6032961094901654, 0.037433208763140505
0.5814299910619924, 0.628697352585883, 0.603260633921472, 0.04025051124377736
0.5845989527423493, 0.625571984298191, 0.6032273397221061, 0.04272591131245111
0.5879397600758153, 0.6222704362119315, 0.603197355701053, 0.04483838806185235
0.5914235368900386, 0.6188202534607417, 0.6031716984313672, 0.046570003353801
0.5950202648811207, 0.6152503153885198, 0.6031512377871046, 0.04790605375695348
0.5986990530299597, 0.6115906047442368, 0.6031366674542801, 0.04883519503953859
0.6024284114803587, 0.6078719645938638, 0.6031284814151565, 0.04934953819016162
0.6061765271657611, 0.6041258446192431, 0.6031269572026874, 0.04944471617686251
0.6099115385704321, 0.6003840386752005, 0.6031321464924988, 0.049119920896509
0.6136018071410416, 0.596678415671569, 0.6031438733511555, 0.04837791001169767
0.61721618302068, 0.5930406460303973, 0.6031617402000689, 0.04722498361916402
0.6207242629536547, 0.5895019261345571, 0.6031851412929815, 0.045670930940848176
0.624096638400175, 0.586092703326542, 0.6032132832503897, 0.043728947474819035
0.6273051320994354, 0.5828424041299523, 0.60324521195512, 0.04141552328678788
0.6303230215220912, 0.5797791684459973, 0.6032798448976799, 0.03875030336244102
0.6331252478534478, 0.5769295925189245, 0.6033160078752149, 0.03575592117467331
0.6356886093422763, 0.5743184834640824, 0.6033524748002438, 0.0324578068463012
0.6379919380329767, 0.5719686281077001, 0.6033880092697658, 0.028883971506117954
0.6400162590677221, 0.5699005787969487, 0.6034214064854969, 0.025064769642273117
0.641744931897859, 0.5681324587020173, 0.6034515341038863, 0.02103264144986116
0.6431637728788361, 0.5666797889496821, 0.6034773706306871, 0.016821837347201378
0.6442611588397733, 0.5655553397021789, 0.6034980400579405, 0.012468126995483695
0.6450281113179095, 0.5647690070294047, 0.6035128415685506, 0.008008495297226286
0.6454583612308151, 0.5643277171208801, 0.6035212733008082, 0.0034808279684453713
0.6455483938275189, 0.5642353590519347, 0.6035230493666693, -0.0010764106241101673
0.6452974738162102, 0.5644927469624186, 0.603518109546402, -0.005624504597277157
0.6447076506142587, 0.5650976121328873, 0.6035066213306886, -0.01012481584745047
0.6437837437094692, 0.5660446250600414, 0.6034889742408878, -0.014539112678033917
0.6425333081636814, 0.5673254472480109, 0.6034657666201698, -0.018829894934466674
0.6409665803348348, 0.5689288120525804, 0.6034377853436684, -0.02296071285565489
0.6390964039452544, 0.5708406335493141, 0.6034059791359992, -0.026896476909311497
0.6369381366855988, 0.5730441420509791, 0.6033714264013097, -0.030603755962426565
0.6345095376186657, 0.5755200445813029, 0.6033352986570705, -0.034051061245595746
0.6318306357374668, 0.5782467083268037, 0.6032988208118085, -0.03720911369967882
0.6289235801393747, 0.5812003648411183, 0.6032632296338694, -0.0400510924434454
0.6258124724035452, 0.5843553325707332, 0.603229731819454, -0.04255286226953316
0.6225231819022725, 0.5876842551100441, 0.603199463081579, -0.04469317826112798
0.61908314493749, 0.591158352478671, 0.6031734496468194, -0.046453865821179705
0.6155211487694416, 0.5947476826452216, 0.6031525734649049, -0.0478199746176064
0.6118671017928969, 0.5984214104982998, 0.6031375423102534, -0.048779905169811205
0.6081517913135944, 0.6021480814854726, 0.6031288657886342, -0.049325507032029356
0.6044066305795629, 0.6058958972010396, 0.603126838061973, -0.04945214776574726
0.6006633969236617, 0.6096329902998634, 0.6031315278766229, -0.04915875213502917
0.5969539630697288, 0.6133276962425109, 0.6031427762329594, -0.04844781120349314
0.5933100238393899, 0.6169488195312757, 0.6031602017752511, -0.04732536125842446
0.589762820664059, 0.6204658922716477, 0.6031832137191977, -0.04580093273468372
0.5863428664511808, 0.6238494230836875, 0.6032110318791281, -0.04388746955725668
0.5830796734698038, 0.6270711345867028, 0.6032427131162631, -0.04160121956505913
0.5800014870031178, 0.6301041878830731, 0.603277183311828, -0.03896159691846582
0.5771350275601591, 0.6329233926677236, 0.6033132737814723, -0.03599101762736534
0.5745052444419134, 0.6355054017839876, 0.6033497608968171, -0.03271470956365312
0.5721350834158276, 0.6378288892303381, 0.6033854075710895, -0.0291604985401152
0.5700452711656716, 0.6398747107925117, 0.6034190052024357, -0.025358572244680692
0.5682541190503264, 0.6416260466294681, 0.6034494146528039, -0.02134122401298621
0.5667773485261636, 0.6430685252779766, 0.6034756048728077, -0.01714257860101097
0.5656279403651592, 0.644190328658817, 0.6034966878626371, -0.012798302281110039
0.5648160095379744, 0.6449822777679957, 0.6035119487832096, -0.008345299727064048
0.5643487073321467, 0.6454378988202114, 0.6035208701961438, -0.003821400274879057
0.5642301519456312, 0.6455534696810405, 0.6035231496102268, 0.0007349637557054886
0.5644613884413574, 0.6453280464816196, 0.603518709739083, 0.0052850839201381075
0.5650403785761327, 0.644763470358164, 0.6035077011220148, 0.00979030488109116
0.5659620206345517, 0.6438643543021126, 0.6034904970191015, 0.01421235318403303
0.5672181990132322, 0.6426380501487787, 0.6034676807537506, 0.018513662751045407
0.568797862920528, 0.6410945957770834, 0.6034400259321477, 0.022657694298356023
0.5706871331894734, 0.6392466426439498, 0.603408470210677, 0.026609245939815576
0.572869435854369, 0.6371093638377583, 0.6033740835012172, 0.030334752320428586
0.5753256608208119, 0.6347003429089592, 0.6033380316928114, 0.033802569729826065
0.5780343436710066, 0.632039443824907, 0.6033015371201446, 0.03698324477370177
0.5809718683959048, 0.6291486625020711, 0.6032658371194759, 0.03984976432995851
0.5841126886369441, 0.6260519604927931, 0.6032321420773125, 0.04237778468366223
0.5874295648557932, 0.6227750815459059, 0.603201594394158, 0.04454583791883261
0.5908938147320322, 0.6193453519198401, 0.6031752297544462, 0.046335513843499834
0.5944755740165176, 0.6157914655016062, 0.6031539420154299, 0.0477316159352529
0.5981440650414547, 0.6121432549725608, 0.6031384529049918, 0.04872229001567749
0.6018678701049527, 0.608431450458642, 0.6031292875552512, 0.049299124591713143
0.6056152070051057, 0.6046874273045547, 0.6031267567010241, 0.04945722203825638
0.6093542040924689, 0.600942944813256, 0.603130946146285, 0.04919524003761875
0.6130531723356243, 0.597229877988781, 0.6031417138555323, 0.04851540293615975
0.6166808720470569, 0.5935799445061484, 0.6031586947685973, 0.04742348292507165
0.6202067720902164, 0.5900244293010635, 0.6031813131757723, 0.04592875119948092
0.623601299577611, 0.5865939093185645, 0.6032088022339641, 0.04404389949634116
0.6268360782682533, 0.583317981078112, 0.6032402299626051, 0.041784932655593236
0.6298841540751347, 0.5802249937978415, 0.6032745308384353, 0.039171033089269156
0.6327202062943748, 0.5773417908682409, 0.6033105419184424, 0.03622439827802193
0.6353207433625516, 0.5746934624717599, 0.6033470422666675, 0.032970052642275344
0.6376642821333812, 0.5723031121070297, 0.6033827943484557, 0.029435635353975538
0.6397315098360639, 0.570191639692758, 0.6034165859888511, 0.02565116586284405
0.6415054280328091, 0.5683775437964564, 0.6034472714725286, 0.021648789106049664
0.6429714780307507, 0.5668767453576037, 0.6034738103915853, 0.017462502550238006
0.6441176473230091, 0.5657024350555029, 0.6034953029237061, 0.013127867377788743
0.644934556735379, 0.5648649462120588, 0.603511020344148, 0.008681706272976302
0.645415528040137, 0.5643716548231686, 0.60352042973654, 0.004161790386468016
0.6455566318686959, 0.5642269079845929, 0.6035232120641914, -0.0003934818434095697
0.6453567158129373, 0.5644319816252362, 0.6035192729888195, -0.004945411258440294
0.6448174126541646, 0.5649850680895143, 0.6035087460696392, -0.009455327132734705
0.6439431287022791, 0.5658812937282917, 0.603491988234262, -0.013884916080567298
0.6427410122698947, 0.5671127662725073, 0.6034695676750862, -0.018196547893300236
0.6412209023504247, 0.5686686513827449, 0.6034422445818157, -0.02235359550765135
0.6393952576196124, 0.5705352773994159, 0.6034109453637869, -0.02632074636240178
0.6372790659399385, 0.5726962669691262, 0.6033767312365805, -0.030064302480676493
0.6348897346199706, 0.5751326938999749, 0.6033407622384812, -0.033552466718967444
0.6322469617684993, 0.5778232633079486, 0.6033042578972514, -0.03675561275059055
0.6293725891880337, 0.580744512863289, 0.6032684558811252, -0.0396465364985141
0.6262904373749248, 0.5838710327337445, 0.6032345700361275, -0.042200686898523965
0.6230261233341664, 0.5871757016538347, 0.6032037492324291, -0.04439637405645191
0.6196068620750093, 0.5906299364273275, 0.6031770384148566, -0.04621495306058501
0.6160612528272084, 0.5942039520944884, 0.603155343177765, -0.0476409819203104
0.6124190512044009, 0.5978670299655926, 0.6031393990649007, -0.04866235232251523
0.608710928737331, 0.6015877907357745, 0.6031297466346183, -0.04927039212632119
0.6049682214012233, 0.6053344699506431, 0.603126713135382, -0.04945993875259294
0.6012226689636536, 0.6090751931833452, 0.6031304014124308, -0.04922938286562145
0.5975061471765262, 0.6127782484073494, 0.6031406864214642, -0.04858068198889184
0.5938503950225096, 0.6164123531999488, 0.6031572194674762, -0.047519343943404915
0.5902867393966937, 0.6199469145837465, 0.60317944002511, -0.04605438024421862
0.5868458197525566, 0.6233522795014226, 0.6032065947400523, -0.044198229837300394
0.5835573153619752, 0.626599974117035, 0.6032377629676393, -0.04196665380300651
0.5804496779268561, 0.62966293033936, 0.6032718879832824, -0.03937860189304278
0.577549872330489, 0.6325156981640285, 0.6033078128070444, -0.0364560520030283
0.5748831283261578, 0.6351346426266736, 0.6033443194281898, -0.03322382391109003
0.5724727059260936, 0.6374981243448695, 0.6033801701001593, -0.029709368832436044
0.5703396771736942, 0.6395866627988767, 0.6034141493060431, -0.025942536548658877
0.5685027268555007, 0.6413830816576872, 0.6034451049717241, -0.02195532206657417
0.5669779745372252, 0.6428726355958925, 0.6034719875291891, -0.017781593942618662
0.5657788200919653, 0.6440431181677994, 0.603493885505218, -0.013456806573114443
0.5649158146316382, 0.6448849504082627, 0.6035100564283851, -0.009017698896010198
0.5643965584586714, 0.6453912499158903, 0.6035199520059616, -0.0045019820741109134
0.5642256273293375, 0.6455578802455542, 0.6035232367166231, 5.198116843980703e-05
0.5644045279688061, 0.6453834804960418, 0.6035197991881747, 0.00460550280703562
0.5649316834078582, 0.6448694750283313, 0.6035097559742678, 0.009119898573128893
0.5658024483295961, 0.644020063293952, 0.6034934476019771, 0.013556816978467598
0.5670091542290433, 0.642842189794937, 0.6034714270243294, 0.017878565479423184
0.5685411838070935, 0.6413454942409321, 0.6034444408695707, 0.0220484309805996
0.5703850736504944, 0.6395422420188646, 0.6034134041233198, 0.026030991929826455
0.5725246438987396, 0.637447235149706, 0.6033793691024837, 0.029792419334827853
0.5749411532737553, 0.6350777039784629, 0.60334348977338, 0.03330076413414589
0.5776134775550639, 0.6324531799300909, 0.6033069826242969, 0.0365262284797947
0.5805183093268865, 0.6295953497674539, 0.6032710854194445, 0.039441418634878614
0.583630376608466, 0.6265278919087749, 0.6032370152329138, 0.04202157735410279
0.586922677807729, 0.6232762955014686, 0.6032059271854912, 0.044244793796681864
0.5903667303130098, 0.619867663106089, 0.6031788752831622, 0.046092189217521604
0.5939328299584719, 0.6163304980167165, 0.6031567766847257, 0.04754807689161893
0.5975903185654213, 0.6126944774299211, 0.6031403806095577, 0.04860009494636619
0.6013078567721183, 0.60899021287009, 0.6031302429391903, 0.0492393110049308
0.6050536994161121, 0.6052489994802321, 0.603126707373348, 0.0494602977792868
0.6087959708217683, 0.6015025559895845, 0.6031298937789253, 0.04926117899211493
0.6125029374669985, 0.5977827573671517, 0.6031396941266643, 0.04864364525107957
0.6161432756520833, 0.5941213623580279, 0.6031557761531979, 0.047612939745448044
0.6196863319643373, 0.590549738271207, 0.6031775946243855, 0.046177813882216215
0.6231023745194129, 0.5870985855377486, 0.6032044098183255, 0.04435045322543428
0.6263628331574577, 0.5837976646810735, 0.6032353126017855, 0.042146374346869575
0.6294405269744552, 0.5806755284316337, 0.6032692552503283, 0.039584293437007735
0.632309877770576, 0.577759261771648, 0.6033050869676914, 0.03668596776111614
0.6349471081934233, 0.5750742327082372, 0.6033415929006095, 0.03347601127398088
0.6373304235404623, 0.5726438565421706, 0.6033775353266333, 0.029981685927170945
0.6394401763582895, 0.570489376322775, 0.6034116956186831, 0.02623267041236146
0.6412590131340984, 0.5686296620565516, 0.6034429155635462, 0.02226080828132659
0.6427720025150688, 0.5670810310682433, 0.6034701366332497, 0.018099837565615715
0.6439667446137006, 0.5658570917001473, 0.6034924358774932, 0.013785104184549118
0.644833461061419, 0.5649686122812801, 0.6035090572197619, 0.009353261576964155
0.64536506556022, 0.5644234170066336, 0.6035194370955376, 0.004841959118171804
0.6455572147543979, 0.5642263100432469, 0.6035232235628509, 0.0002895219870854388
0.6454083393041536, 0.5643790288302317, 0.6035202882368332, -0.004265374772036652
0.644919655093087, 0.5648802271708979, 0.6035107306433464, -0.008784035194544858
0.6440951545458521, 0.5657254883341211, 0.603494874843983, -0.013228071520165828
0.6429415780743153, 0.5669073679966684, 0.603473258446942, -0.01755973066901395
0.6414683657143333, 0.5684154664762052, 0.603446614376624, -0.02174221526511877
0.6396875890645287, 0.5702365293337729, 0.6034158460204364, -0.025739996454720637
0.6376138636967825, 0.5723545750720889, 0.6033819965959369, -0.0295191158429182
0.6352642422787234, 0.5747510483288479, 0.6033462137774195, -0.03304747397278485
0.6326580887338595, 0.5774049966684485, 0.6033097107817287, -0.03629510289432934
0.629816933867119, 0.5802932688164125, 0.6032737252330318, -0.03923442051493997
0.6267643130035252, 0.5833907319624017, 0.6032394772014208, -0.041840464586294035
0.6235255863258441, 0.5866705055831941, 0.6032081278380494, -0.044091104363103414
0.6201277427526153, 0.5901042091081345, 0.603180740009103, -0.04596722816439937
0.6165991883694708, 0.5936622206670141, 0.6031582422629608, -0.047452905276250026
0.6129695206115788, 0.5973139441235342, 0.6031413973517871, -0.04853552085381553
0.6092692895900924, 0.6010280816047174, 0.6031307763743117, -0.04920588270853818
0.60552974815655, 0.6047729087851028, 0.603126739415993, -0.049458299101215145
0.6017825925014918, 0.6085165502705567, 0.6031294233425305, -0.04929062690200231
0.5980596952818835, 0.6122272525456063, 0.603138737160304, -0.04870428972247058
0.5943928334606221, 0.6158736520952031, 0.6031543651009319, -0.047704265871180616
0.5908134132146354, 0.619425036481235, 0.6031757773254381, -0.04629904623143272
0.5873521944200816, 0.6228515963401529, 0.6032022478853639, -0.04450056240647918
0.5840390173482689, 0.626124666464898, 0.6032328793322421, -0.04232408572213335
0.5809025342990043, 0.6292169543362925, 0.603266633141549, -0.03978809791789871
0.5779699489544303, 0.6321027546707596, 0.6033023649201197, -0.03691413459390277
0.5752667662522163, 0.634758148747858, 0.6033388632037993, -0.03372660271038295
0.5728165555492184, 0.6371611874683794, 0.6033748905302597, -0.03025257365742637
0.5706407297734932, 0.6392920572681954, 0.6034092253946297, -0.02652155362320298
0.5687583431430296, 0.6411332281719846, 0.603440703665464, -0.022565233187026995
0.5671859098641349, 0.6426695834126818, 0.6034682580566926, -0.01841721824715477
0.5659372460126912, 0.6438885301661322, 0.6034909543169442, -0.01411274456018038
0.565023336550272, 0.6447800910560837, 0.6035080229088068, -0.009688378317162634
0.5644522291383529, 0.6453369761732708, 0.6035188851034504, -0.005181705309264668
0.5642289560925589, 0.6455546354257085, 0.6035231726053812, -0.0006310113409332287
0.5643554854710209, 0.645431291097876, 0.6035207400415419, 0.0039250433700332415
0.5648307019231331, 0.644967950547292, 0.6035116698910226, 0.008447753010004373
0.5656504175446319, 0.6441683990115681, 0.6034962696881304, 0.012898695378939413
0.5668074125995597, 0.6430391725411225, 0.6034750615937088, 0.01724005866234743
0.568291505587147, 0.6415895111162393, 0.6034487646885353, 0.021434962959282995
0.5700896517596372, 0.6398312920559022, 0.6034182705895249, 0.025447773808922602
0.572186068842999, 0.6377789438833585, 0.6033846132159442, 0.029244405032734795
0.5745623883831887, 0.6354493408829219, 0.6033489337312075, 0.03279260830802433
0.5771978308423306, 0.6328616786667158, 0.6033124418493699, 0.03606224701024534
0.5800694023071183, 0.6300373311708534, 0.6032763748185618, 0.03902555200423315
0.5831521104502116, 0.6269996896191816, 0.6032419554722378, 0.041657357226488216
0.5864191972074906, 0.6237739841294526, 0.6032103507705244, 0.04393531307982987
0.5898423855017288, 0.6203870887911107, 0.6031826322371564, 0.04584007585602394
0.5933921372572274, 0.6168673112142563, 0.6031597396330568, 0.04735547160928718
0.5970379199097641, 0.6132441677333799, 0.6031424490977559, 0.048468633121840854
0.6007484786202166, 0.6095481456438715, 0.603131346838302, 0.04917010882997876
0.6044921114457074, 0.6058104540500914, 0.6031268092572384, 0.04945394281359513
0.6082369448054643, 0.6020627651061853, 0.6031289901929762, 0.04931772519207687
0.6119512066953476, 0.5983369476296454, 0.6031378157048798, 0.04876261251330588
0.6156034952501002, 0.5946647952572285, 0.6031529865797538, 0.047793317968743025
0.6191630404202968, 0.5910777514874241, 0.6031739884748025, 0.04641807151473942
0.6225999567159859, 0.5876066341074688, 0.6032001093534137, 0.04464855022694553
0.6258854851652232, 0.5842813616302036, 0.6032304636229925, 0.04249977945952996
0.6289922228374736, 0.5811306844617254, 0.6032640221569353, 0.03999000562242473
0.6318943384837715, 0.5781819235800433, 0.6032996471833751, 0.037140541626406745
0.6345677730426675, 0.5754607195238906, 0.603336130858264, 0.03397558627584886
0.6369904239490913, 0.5729907944664444, 0.6033722362153555, 0.030522019110632834
0.6391423123587722, 0.5707937300789302, 0.603406739104912, 0.026809172410103173
0.6410057325610163, 0.5688887637730192, 0.6034384696992479, 0.02286858227103706
0.6425653829956944, 0.5672926057489095, 0.6034663521577261, 0.018733720856342288
0.6438084784152962, 0.5660192790694923, 0.6034894411060712, 0.014439712079462798
0.6447248428398721, 0.5650799847327598, 0.6035069536927307, 0.010023033139213374
0.6453069830425433, 0.5644829934285114, 0.6035182961349334, 0.005521204449020602
0.6455501423776772, 0.5642335653463617, 0.6035230838539013, 0.000972470611526695
0.6454523348252468, 0.5643338990559433, 0.6035211545161132, -0.0035845248273263805
0.6450143591763412, 0.5647831101136781, 0.603512573538157, -0.008111068052523264
0.6442397933297032, 0.565577239670786, 0.6034976318684024, -0.012568704258171474
0.64313496871132, 0.5667092929719527, 0.6034768361207532, -0.016919564699657705
0.6417089248723706, 0.5681693072510685, 0.6034508913952293, -0.02112668871063579
0.6399733443690286, 0.5699444481573843, 0.6034206773682164, -0.025154337922826477
0.6379424680844102, 0.572019133489778, 0.6033872184635193, -0.028968299999205853
0.6356329912214708, 0.5743751826854433, 0.6033516491160599, -0.032536179288156816
0.6330639402786995, 0.5769919902085143, 0.6033151753064226, -0.03582767192611565
0.6302565314199569, 0.579846720719201, 0.6032790336707808, -0.03881482305748185
0.6272340107670558, 0.5829145236793103, 0.6032444495727866, -0.04147226400117236
0.6240214772791005, 0.5861687648687876, 0.6032125955590322, -0.04377742737117028
0.6206456890356341, 0.5895812721521423, 0.6031845516065014, -0.04571073835164555
0.6171348539098794, 0.5931225927441331, 0.603161268509488, -0.04725578053362148
0.6135184058014831, 0.5967622591805283, 0.6031435356469137, -0.04839943493767784
0.6098267677919442, 0.6004690612005197, 0.6031319542223835, -0.04913199107386277
0.6060911037863443, 0.604211320789872, 0.6031269168837649, -0.04944722912398937
0.6023430604074718, 0.6079571677145397, 0.6031285944128518, -0.04934247257109757
0.5986145011076947, 0.6116748129889136, 0.6031369299360924, -0.048818610844465524
0.5949372346544413, 0.6153328178660208, 0.6031516408525206, -0.04788009179465166
0.5913427403210674, 0.6189003561034264, 0.6031722284135804, -0.046534884060202855
0.5878618922704185, 0.6223474674424997, 0.6031979946302589, -0.04479440963446635
0.584524685747901, 0.6256453004342987, 0.6032280659346758, -0.04267344718598285
0.5813599677990535, 0.628766342946872, 0.6032614227943675, -0.04019000692773804
0.5783951752887336, 0.6316846388908397, 0.603296934275701, -0.037365178067572696
0.575656083021134, 0.6343759898977974, 0.6033333963850386, -0.03422295010262459
0.5731665647387588, 0.6368181408749819, 0.6033695728880815, -0.03079000944302735
0.5709483697121551, 0.6389909485361894, 0.6034042372236552, -0.02709551306231338
0.5690209175196075, 0.6408765321703366, 0.6034362140909109, -0.02317084107205941
0.5674011134573886, 0.6424594060534228, 0.6034644192998079, -0.01904933030419522
0.5661031868179097, 0.643726593036012, 0.6034878965334514, -0.014765991153971338
0.5651385540278944, 0.6446677189466663, 0.6035058497754462, -0.010357210087778904
0.564515708355258, 0.6452750875428327, 0.6035176703023217, -0.005860440350870085
0.5642401375766082, 0.6455437358161896, 0.6035229573253592, -0.0013138835187316935
0.5643142706529751, 0.6454714695217726, 0.6035215315815328, 0.00324383537914303
0.5647374540961385, 0.6450588788522497, 0.6035134414124534, 0.007773996374335843
0.5655059583289413, 0.6443093342240055, 0.6034989611250634, 0.01223811389059052
0.5666130139578934, 0.6432289621839246, 0.6034785816897097, 0.01659826406039884
0.5680488774928929, 0.6418266014887944, 0.6034529940911831, 0.020817407215479526
0.5698009256748549, 0.6401137394569819, 0.6034230658975819, 0.02485970278470589
0.5718537772147966, 0.6381044287480298, 0.6033898118418893, 0.028690813903764115
0.57418944041454, 0.6358151847933966, 0.6033543594142022, 0.032278199136035725
0.576787484835875, 0.6332648641834001, 0.6033179106316683, 0.035591388822494324
0.5796252349172587, 0.6304745244136626, 0.6032817012826961, 0.03860224371811197
0.5826779832092824, 0.6274672655102514, 0.6032469590274864, 0.04128519373150167
0.5859192207155539, 0.6242680541867602, 0.6032148617755303, 0.04361745476126329
0.5893208816864215, 0.6209035313383348, 0.603186497751145, 0.045579221814657955
0.5928536001200252, 0.6174018038457478, 0.6031628286007163, 0.047153836799718546
0.5964869751781822, 0.6137922218448004, 0.6031446567920596, 0.04832792959865578
0.6001898427221459, 0.6101051428094312, 0.6031325984107168, 0.0490915312564811
0.6039305502127665, 0.6063716839970137, 0.6031270622750217, 0.04943815835228327
0.6076772322975181, 0.6026234650068155, 0.6031282360775929, 0.049364867859838124
0.6113980845189221, 0.5988923424022805, 0.6031360800228026, 0.04887228204758793
0.6150616327200958, 0.5952101385391632, 0.6031503281757944, 0.047964583213987916
0.6186369958880288, 0.5916083669187472, 0.6031704974773371, 0.04664947830134089
0.6220941403580068, 0.5881179565426545, 0.6031959041190913, 0.044938133678119115
0.6254041234975077, 0.5847689778773705, 0.6032256867244461, 0.04284508062499236
0.6285393251891936, 0.581590373137324, 0.6032588355494614, 0.0403880923018792
0.6314736656348247, 0.5786096936603271, 0.6032942267143694, 0.03758803321077135
0.6341828082000914, 0.5758528471744009, 0.6033306603055142, 0.034468682400201414
0.6366443462100377, 0.5733438577372323, 0.60336690105627, 0.031056531880251866
0.6388379727823439, 0.5711046410666324, 0.6034017202279134, 0.027380561930056398
0.6407456329483487, 0.5691547978712387, 0.6034339372705548, 0.023471995180812503
0.6423516574573662, 0.567511427635497, 0.6034624598515002, 0.01936403154434515
0.6436428777875954, 0.5661889651129947, 0.6034863208936114, 0.015091566228129018
0.6446087219965392, 0.5651990415399906, 0.6035047113674564, 0.01069089323032107
0.6452412911361911, 0.5645503723002903, 0.6035170077249555, 0.006199396840798217
0.6455354160348339, 0.5642486724581249, 0.6035227930438865, 0.0016552337846160586
0.6454886943104836, 0.5642966012332391, 0.6035218711659064, -0.002902991268879989
0.6451015075337475, 0.5646937361284784, 0.6035142733484278, -0.007436554046147622
0.6443770185035088, 0.5654365770419538, 0.603500257204653, -0.011906940037539032
0.6433211486411847, 0.566518580310961, 0.6034802979677356, -0.01627617206253633
0.6419425355521462, 0.5679302222509774, 0.6034550723754607, -0.020507133218194237
0.6402524708501282, 0.5696590913780343, 0.603425435722186, -0.024563882440066735
0.6382648183957291, 0.5716900081440348, 0.6033923928565633, -0.02841195997373954
0.6359959131666896, 0.5740051706791678, 0.6033570641088563, -0.032018680148513244
0.6334644410583402, 0.5765843247298092, 0.6033206473035614, -0.03535340896140378
0.6306913000095615, 0.5794049557097078, 0.603284377145679, -0.03838782411779297
0.6276994429641355, 0.5824425005512793, 0.6032494833578723, -0.041096155332899044
0.6245137033100752, 0.5856705768559292, 0.6032171489879362, -0.04345540287373792
0.6211606035899842, 0.589061226699662, 0.603188470300036, -0.0454455325123235
0.6176681484424364, 0.5925851723538127, 0.603164419609303, -0.04704964526541004
0.6140656029155929, 0.5962120811303632, 0.6031458123194509, -0.048254120512058254
0.6103832574866742, 0.5999108365555761, 0.603133279280501, -0.049048731305736545
0.6066521813206498, 0.6036498131121344, 0.6031272454033133, -0.049426730930687376
0.6029039655039726, 0.6073971518651775, 0.6031279152555472, -0.049384909991160214
0.5991704581892917, 0.6111210343972947, 0.6031352661270877, -0.04892362356521424
0.5954834937792537, 0.6147899526167417, 0.6031490487998857, -0.04804678820061149
0.5918746184559794, 0.6183729721664439, 0.6031687959961333, -0.04676184877740498
0.5883748145217534, 0.6218399873430163, 0.6031938382185335, -0.04507971550877341
0.5850142261502155, 0.6251619656292494, 0.6032233264459711, -0.04301467159704605
0.5818218892505248, 0.6283111801445045, 0.6032562609155491, -0.04058425230424717
0.5788254682147725, 0.6312614285197886, 0.6032915250156544, -0.03780909643432653
0.576051002347228, 0.6339882369028987, 0.6033279231414033, -0.03471277145589415
0.5735226647595484, 0.6364690479894934, 0.6033642212293818, -0.031321573717978744
0.5712625364566214, 0.6386833921545465, 0.6033991885976225, -0.027664305425194137
0.5692903982320519, 0.6406130409224406, 0.603431639672315, -0.02377203024073561
0.5676235428405441, 0.6422421421609826, 0.6034604741864202, -0.019677809573774442
0.5662766097177085, 0.6435573365136803, 0.6034847144869799, -0.015416421779967705
0.5652614442786803, 0.64454785469562, 0.6035035386858133, -0.011024066657880232
0.5645869835489459, 0.6452055953718496, 0.6035163085291496, -0.006538057758136193
0.5642591695686343, 0.6455251834148702, 0.6035225910407753, -0.0019965051342467695
0.5642808916709532, 0.6455040084019479, 0.6035221732044419, 0.0025620087473075697
0.5646519583729019, 0.6451422432663465, 0.6035150691874013, 0.007098757156347107
0.5653690992389913, 0.6444428430626472, 0.6035015198599852, 0.011575198488199951
0.5664259966940229, 0.6434115238487484, 0.6034819846275201, 0.015953304061794155
0.5678133473768023, 0.6420567217298385, 0.603457125851722, 0.02019588151051269
0.569518952250684, 0.6403895321563842, 0.6034277863900995, 0.024266890990955442
0.5715278343266583, 0.6384236296227426, 0.6033949610153458, 0.028131751501706135
0.573822382517301, 0.6361751679786458, 0.6033597626842476, 0.03175763469583123
0.5763825198317203, 0.6336626616453661, 0.6033233848002382, 0.0351137436857752
0.5791858938482307, 0.6309068481240345, 0.603287060749469, 0.03817157447593239
0.5822080871674298, 0.6279305322968037, 0.6032520220825845, 0.04090515781460761
0.5854228453571154, 0.6247584131528664, 0.603219456760111, 0.0432912794313281
0.5888023197543863, 0.621416893720522, 0.6031904688770416, 0.045309676815452476
0.5923173223903868, 0.6179338751522603, 0.6031660412318717, 0.04694321089564027
0.5959375902493507, 0.6143385360900641, 0.6031470020087517, 0.04817801119493848
0.5996320560646142, 0.6106610986298502, 0.6031339967019095, 0.04900359326102904
0.6033691228876643, 0.6069325824032812, 0.603127466233723, 0.0494129474036932
0.6071169397387267, 0.6031845484976374, 0.6031276320078922, 0.04940259801004032
0.6108436757546613, 0.5994488351349033, 0.6031344884041447, 0.04897263295088594
0.6145177903870904, 0.5957572872241789, 0.6031478029687534, 0.048126702837328755
0.6181082973653967, 0.5921414820812514, 0.6031671242944162, 0.04687199013361658
0.6215850203197059, 0.5886324537697634, 0.6031917973225226, 0.04521914837939413
0.6249188381524479, 0.585260418654238, 0.6032209855493242, 0.04318221201998561
0.6280819184477847, 0.5820545048608835, 0.603253699383584, 0.04077847758602748
0.6310479374105867, 0.5790424884126923, 0.603288829694744, 0.03802835720199965
0.6337922850257055, 0.5762505388367449, 0.6033251854146616, 0.03495520563537874
0.6362922543195113, 0.5737029770304748, 0.6033615339184464, 0.0315851223224967
0.6385272137852461, 0.5714220481175983, 0.6033966428155575, 0.027946730021856735
0.6404787621987614, 0.5694277119222546, 0.6034293217343452, 0.024070931948655224
0.6421308651995045, 0.5677374535415314, 0.6034584626832423, 0.019990649433514286
0.6434699731420772, 0.5663661163031617, 0.6034830776199113, 0.015740542321852083
0.6444851198360023, 0.5653257591590809, 0.6035023319541639, 0.011356714485818875
0.6451680018861643, 0.5646255402902955, 0.6035155728482599, 0.006876406956317341
0.6455130384252231, 0.5642716283887748, 0.6035223513545692, 0.0023376812964514835
0.645517411094312, 0.5642671427433801, 0.6035224376395628, -0.0022209040718090996
0.6451810841824266, 0.5646121228957315, 0.6035158287776324, -0.006760621810252328
0.6445068048813863, 0.5653035282553409, 0.6035027488502976, -0.011242905058857222
0.643500083655839, 0.5663352676789702, 0.6034836413474445, -0.015629675450936013
0.6421691547702915, 0.5676982586346487, 0.6034591541284011, -0.019883666930828492
0.6405249170614943, 0.5693805151939616, 0.6034301174530867, -0.023968742595300713
0.638580855098351, 0.5713672637345856, 0.6033975158285287, -0.0278502018448632
0.6363529409362412, 0.5736410848957217, 0.603362454625801, -0.03149507522104726
0.6338595167510599, 0.5761820800184938, 0.6033261225997008, -0.034872404418924134
0.631121158732703, 0.5789680600272116, 0.6032897515823447, -0.03795350509920516
0.6281605227295721, 0.5819747544702484, 0.603254574717528, -0.040712210279278224
0.6250021722656558, 0.5851760382447563, 0.6032217846519974, -0.04312509225552158
0.621672389699609, 0.5885441733799022, 0.6031924931010605, -0.04517166119811668
0.6181989714598548, 0.5920500631499662, 0.6031676931591952, -0.04683453876224703
0.6146110084689702, 0.5956635157314054, 0.6031482256330915, -0.04809960527396944
0.6109386530616042, 0.5993535146057282, 0.6031347505381202, -0.04895611927317626
0.6072128738990628, 0.6030884929403366, 0.6031277247241137, -0.04939680842806539
0.6034652005861024, 0.606836609249166, 0.6031273863886051, -0.0494179310736341
0.5997274598962424, 0.6105660217397382, 0.6031337470022339, -0.04901930786928005
0.5960315057056694, 0.6142451588883848, 0.6031465909199115, -0.048204323316097336
0.5924089449166773, 0.617842983945426, 0.6031654826909055, -0.046979897121440004
0.5888908618138506, 0.6213292512513898, 0.6031897818201784, -0.04535642564538046
0.5855075434340645, 0.6246747524380575, 0.6032186644808335, -0.04334769390940976
0.5822882086394622, 0.6278515507884663, 0.6032511514419711, -0.04097075889065466
0.5792607436559472, 0.630833202232445, 0.60328614126556, -0.03824580506350897
0.5764514468742017, 0.6335949616537568, 0.6033224476473044, -0.03519597338326385
0.5738847857023364, 0.6361139733768392, 0.6033588396358711, -0.031847165131329326
0.5715831682066769, 0.6383694448817341, 0.6033940833671466, -0.02822782225710297
0.5695667321784789, 0.6403428029619636, 0.6034269838986334, -0.02436868605548198
0.5678531541194491, 0.6420178316897284, 0.6034564257255268, -0.020302536209372495
0.5664574804488505, 0.6433807916846126, 0.6034814106045333, -0.016063912401231915
0.565391983001965, 0.6444205202956276, 0.6035010914026184, -0.011688820854591813
0.5646660406172475, 0.6451285124025531, 0.6035148008225772, -0.007214428303659204
0.5642860483021387, 0.6454989816224678, 0.6035220740309828, -0.0026787460046063024
0.5642553551307985, 0.6455289017733374, 0.6035226644208589, 0.0018796935055943984
0.5645742316673057, 0.6452180285013157, 0.603516551974292, 0.006422164129333049
0.5652398673322424, 0.6445689010253531, 0.6035039439412567, 0.01091007559213222
0.5662463977464886, 0.6435868239954313, 0.6034852678116174, 0.01530530165902274
0.5675849617012988, 0.6422798295031465, 0.6034611568187593, 0.01957050436348038
0.5692437870260556, 0.6406586193292837, 0.603432428466675, 0.02366945146623036
0.571208304262066, 0.6387364875661783, 0.6034000568089796, 0.027567324424390357
0.5734612867095437, 0.6365292238164642, 0.6033651394202407, 0.031231014239433176
0.5759830151019807, 0.6340549972471172, 0.6033288601799353, 0.0346294026639976
0.5787514648831834, 0.631334221870849, 0.6032924491312526, 0.037733626381054375
0.5817425138220483, 0.628389403537434, 0.6032571407760053, 0.040517321922527355
0.5849301675023264, 0.6252449692461604, 0.6032241322197542, 0.04295684926617881
0.5882868000716748, 0.6219270795371549, 0.603194542586156, 0.04503149223733219
0.5917834075274592, 0.6184634248827382, 0.6031693750763263, 0.04672363404371087
0.595389870756129, 0.6148830071782065, 0.6031494829591899, 0.048018906485261734
0.5990752255274087, 0.6112159076216532, 0.6031355406454256, 0.04890631160430224
0.602807936671791, 0.6074930424708979, 0.6031280208252252, 0.04937831477280143
0.6065561737366614, 0.6037459083678858, 0.6031271784445401, 0.04943090845130613
0.61028808551872, 0.6000063191220218, 0.6031330420627379, 0.04906364609630964
0.6139720710033973, 0.5963061360383595, 0.6031454128844805, 0.04827964593819695
0.6175770444003236, 0.5926769940586255, 0.6031638714986227, 0.04708556459882181
0.6210726921419819, 0.5891500261469105, 0.6031877920958125, 0.0454915407648717
0.6244297199045552, 0.5857555884917363, 0.6032163636830735, 0.0435111093790433
0.6276200879099602, 0.5825229892067181, 0.6032486175765417, 0.04116108705424191
0.6306172329705273, 0.5794802232881626, 0.6032834602407223, 0.038461429655015915
0.633396275937662, 0.5766537166254543, 0.6033197103613595, 0.03543506322362944
0.6359342134084643, 0.5740680818554642, 0.6033561388953935, 0.03210768965382214
0.6382100927258365, 0.5717458888030054, 0.6033915107404156, 0.02850756873155081
0.6402051694749429, 0.5697074521541272, 0.6034246266109456, 0.02466527836687932
0.6419030468298048, 0.5679706388675659, 0.6034543637016669, 0.02061345503263437
0.643289796236963, 0.5665506976428799, 0.6034797137586948, 0.016386516601369028
0.6443540590381686, 0.5654601125339208, 0.603499817267704, 0.012020369930493352
0.6450871287314223, 0.564708482526635, 0.6035139925992843, 0.007552105684124059
0.6454830136508001, 0.5643024285952853, 0.6035217591228621, 0.0030196829974025773
0.6455384799124105, 0.5642455294164374, 0.6035228535050452, -0.0015383933169333115
0.6452530745293509, 0.5645382865618472, 0.6035172386394336, -0.00608340025045052
0.6446291286459405, 0.565178119616682, 0.6035051049049305, -0.010576725956237695
0.6436717408844012, 0.5661593912857811, 0.6034868637098496, -0.014980198150686519
0.6423887408394661, 0.5674734621657007, 0.6034631335408683, -0.01925640873805315
0.6407906328019096, 0.5691087744817978, 0.6034347189901478, -0.023369031871405
0.6388905198444863, 0.571050963725239, 0.6034025834721363, -0.02728313272481963
0.6367040084666611, 0.5732829967817251, 0.6033678165555896, -0.030965464337891213
0.6342490940707335, 0.5757853348284641, 0.6033315970189074, -0.03438475000343924
0.6315460276338403, 0.5785361189942573, 0.6032951528818004, -0.03751194880120963
0.628617164049523, 0.5815113765343392, 0.6032597197687035, -0.04032050203251335
0.6254867927397909, 0.5846852450705042, 0.603226499015738, -0.04278655848117033
0.6221809512838489, 0.588030212290679, 0.6031966169415286, -0.04488917661276119
0.6187272229718679, 0.5915173683918028, 0.6031710866625579, -0.04661050202492385
0.6151545193693891, 0.595116668485795, 0.6031507737473034, -0.047935918674201064
0.6114928491673955, 0.5987972021695043, 0.6031363668731745, -0.0488541726277439
0.607773074791062, 0.602527467483665, 0.6031283544806034, -0.0493574673191085
0.6040266584423762, 0.6062756465499016, 0.6031270082153566, -0.04944152952467881
0.600285399453193, 0.6100098802746567, 0.6031323737200839, -0.04910564551924419
0.5965811650204395, 0.6136985396398285, 0.6031442690870988, -0.048352667114419684
0.5929456165783719, 0.6173104912565647, 0.6031622910248031, -0.04718898753044972
0.5894099342282098, 0.6208153550354597, 0.6031858285288423, -0.04562448729907229
0.5860045417873313, 0.6241837520174384, 0.6032140835947799, -0.0436724506411265
0.5827588351331069, 0.6273875406091948, 0.6032460982704786, -0.04134945300603202
0.5797009165953002, 0.6304000396695097, 0.6032807871314789, -0.038675220699633486
0.5768573381914983, 0.6331962370930104, 0.6033169740788079, -0.035672463760588594
0.5742528564986804, 0.635752982731268, 0.6033534322120309, -0.03236668347175319
0.5719102019082053, 0.6380491646736184, 0.6033889254259582, -0.02878595611003136
0.5698498649197584, 0.6400658680785913, 0.6034222503208194, -0.024960694743955535
0.5680899019917505, 0.6417865158990295, 0.6034522770048973, -0.020923391080786793
0.5666457632822229, 0.6431969909784935, 0.6034779874059957, -0.016708339542087933
0.5655301443875378, 0.6442857391129102, 0.6034985097924118, -0.012351345906427325
0.564752863919337, 0.645043852770094, 0.6035131483325251, -0.007889422998102396
0.564320768457793, 0.6454651352420125, 0.6035214066902783, -0.0033604760196376533
0.5642376660864655, 0.6455461450725718, 0.6035230048560845, 0.0011970197783642627
0.5645042893573814, 0.6452862206599533, 0.6035178886421335, 0.005744346325072574
0.5651182881612453, 0.644687484980431, 0.603506231519948, 0.010242872044204925
0.5660742525943588, 0.6437548304236984, 0.6034884287378298, 0.014654380425376843
0.5673637655286944, 0.6424958837719531, 0.6034650839177964, 0.018941395028648694
0.5689754842123247, 0.6409209514001233, 0.6034369885867347, 0.023067498132320667
0.5708952498617371, 0.6390429448264819, 0.6034050953361983, 0.02699764029337595
0.5731062238626183, 0.6368772868048808, 0.6033704855213537, 0.030698438174337365
0.5755890488781633, 0.6344417982249899, 0.603334332594739, 0.03413845809842048
0.5783220328795847, 0.631756566177558, 0.6032978623184193, 0.03728848292517062
0.5812813538672592, 0.6288437936495821, 0.6032623112038443, 0.04012175998947631
0.5844412828465784, 0.6257276314401582, 0.6032288845886318, 0.04261422801597688
0.5877744224627888, 0.6224339930317009, 0.6031987157716224, 0.044744721106375146
0.5912519585853393, 0.6189903533122126, 0.6031728275915038, 0.04649514809691795
0.5948439220647199, 0.6154255322204547, 0.6031520977512798, 0.047850645795244486
0.598519457862589, 0.6117694645745287, 0.6031372290637933, 0.04879970482791766
0.6022470987769711, 0.6080529575418419, 0.6031287256265948, 0.04933426706034123
0.6059950410454846, 0.6043074374104779, 0.6031268757334771, 0.049449793787641014
0.6097314192068536, 0.600564687523596, 0.6031317421016718, 0.049145304136788276
0.6134245777297257, 0.596856579434305, 0.6031431597458231, 0.04842338336521811
0.6170433370727486, 0.5932147995227393, 0.6031607415707679, 0.047290160987969176
0.6205572520153334, 0.5896705734840162, 0.6031838914936379, 0.04575525891253557
0.6239368602887305, 0.5862543912395819, 0.6032118246506818, 0.04383171000676287
0.6271539197361553, 0.5829957349396734, 0.6032435940041305, 0.041535847768805714
0.63018163243316, 0.5799228128062168, 0.603278122447512, 0.038887168007892096
0.6329948543999915, 0.5770623016089906, 0.603314239321385, 0.03590816367880732
0.6355702897316889, 0.5744391005697773, 0.6033507201018823, 0.03262413423990147
0.6378866681550857, 0.5720760994467977, 0.6033863279167374, 0.029062971122201547
0.639924905191535, 0.5699939634634522, 0.6034198554813652, 0.025254921103914935
0.6416682442576325, 0.5682109376107802, 0.6034501660331159, 0.02123232957820269
0.6431023801720909, 0.5667426726729667, 0.6034762318756272, 0.01702936588048675
0.6442155636546336, 0.5656020751015929, 0.6034971692260643, 0.01268173300263931
0.6449986865027392, 0.5647991826003927, 0.6035122681832981, 0.008226364163159595
0.6454453472154729, 0.5643410669823037, 0.6035210168004456, 0.0037011088229691683
0.6455518969025372, 0.564231765529959, 0.6035231184451273, -0.0008555891659390242
0.6453174653736939, 0.5644722417356314, 0.6035185018584585, -0.005405018518523946
0.6447439673521075, 0.5650603759239425, 0.6035073235714948, -0.009908529773146959
0.6438360887985018, 0.5659909858777963, 0.6034899625971476, -0.01432786401664286
0.6426012533751488, 0.5672558772026994, 0.603467007577656, -0.018625478253194095
0.6410495691235129, 0.5688439227847059, 0.6034392368236816, -0.022764864623647768
0.6391937554806051, 0.5707411703302608, 0.6034075919222206, -0.026710860739352103
0.6370490508202106, 0.5729309766294949, 0.6033731458086364, -0.030429948477118378
0.6346331007792338, 0.575394166864715, 0.6033370663858368, -0.03389053868830487
0.6319658277188185, 0.5781092169988027, 0.6033005769245051, -0.037063239403723726
0.6290692817764217, 0.5810524570289841, 0.6032649145873271, -0.039921105265311216
0.625967474089568, 0.5841982926838288, 0.6032312884835913, -0.042439866083322855
0.6226861929145727, 0.5875194429781391, 0.6032008386762715, -0.04459813260215234
0.6192528035233179, 0.5909871909231671, 0.603174597531243, -0.046377577756630296
0.6156960329362543, 0.5945716446186085, 0.6031534547186957, -0.04776309191175425
0.6120457407376668, 0.5982420059273076, 0.6031381270529115, -0.048742910800222826
0.6083326774161673, 0.6019668439514436, 0.6031291341924538, -0.049308715101975646
0.604588231875257, 0.6057143705872731, 0.6031267810241805, -0.0494557008463926
0.600844169960614, 0.609452715530243, 0.6031311473279481, -0.04918262005919745
0.597132366047215, 0.6131501982288801, 0.6031420850721859, -0.04849179132089243
0.5934845299147512, 0.6167755944390225, 0.6031592234319653, -0.04738908015023937
0.5899319313082394, 0.6202983952041001, 0.6031819813595479, -0.04588384937348666
0.5865051247264893, 0.6236890562764623, 0.603209587281505, -0.043988879886306356
0.5832336770986383, 0.6269192361933993, 0.6032411052549994, -0.04172026245933
0.5801459010932243, 0.6299620214238925, 0.6032754666969127, -0.03909726147824574
0.5772685968507744, 0.6327921372029918, 0.6033115066105453, -0.036142151744063836
0.5746268049359974, 0.63538614286536, 0.6033480030820831, -0.03288002968665564
0.572243573266635, 0.6377226106738676, 0.6033837187080362, -0.02933860056319684
0.5701397406911943, 0.6397822873098682, 0.6034174425492213, -0.025547943420749678
0.5683337397566656, 0.6415482373465548, 0.6034480311888306, -0.021540255796865956
0.5668414210305721, 0.6430059681639874, 0.6034744475023184, -0.017349580311689858
0.5656759011212402, 0.644143535883482, 0.6034957958242608, -0.01301151546749018
0.5648474362791247, 0.6449516320002882, 0.6035113523194053, -0.008562913114823581
0.5643633231645757, 0.6454236504780838, 0.6035205895276784, -0.0040415651667102415
0.5642278280388878, 0.6455557351387075, 0.6035231942504797, 0.0005141177584265248
0.5644421452819337, 0.6453468072383506, 0.6035190781714387, 0.005065433009195721
0.5650043857680546, 0.644798573170359, 0.6035083808512942, 0.009573715083479858
0.5659095952495111, 0.6439155122783728, 0.6034914649952808, 0.014000664491373287
0.5671498025114353, 0.6427048448056351, 0.6034689041535979, 0.01830867347270593
0.5687140966816039, 0.6411764800507523, 0.6034414632722516, 0.022461145772527016
0.5705887327101818, 0.6393429448508229, 0.6034100727541147, 0.026422807733442546
0.5727572636860981, 0.6372192925731117, 0.6033757969101408, 0.03016000804438809
0.5752006983346791, 0.6348229928694558, 0.6033397978708962, 0.03364100359007231
0.577897681751497, 0.6321738025357897, 0.60330329618242, 0.03683622897241858
0.5808246971751594, 0.6292936179243779, 0.6032675294227314, 0.03971854742310091
0.5839562863909329, 0.6262063094795136, 0.6032337102422427, 0.04226348099276936
0.5872652861905071, 0.6229375391087001, 0.6032029852506873, 0.04444941808573362
0.5907230781925024, 0.6195145612598526, 0.6031763961442939, 0.046257796606623304
0.5942998492539052, 0.6159660087491234, 0.6031548443908182, 0.04767326119578619
0.597964859673728, 0.6123216645709351, 0.6031390606693173, 0.04868379325089993
0.6016867164049009, 0.6086122211182291, 0.6031295801002956, 0.04928081266153842
0.605433648545771, 0.6048690284425754, 0.6031267241055482, 0.049459250419445655
0.6091737824747793, 0.6011238333858149, 0.6031305895123474, 0.04921759150835048
0.6128754141162376, 0.5974085116119339, 0.6031410452711298, 0.04855788772173199
0.6165072759765173, 0.5937547947542725, 0.6031577368978985, 0.04748574030354405
0.6200387967627068, 0.5901939950630607, 0.6031800984908238, 0.04601025255410002
0.6234403515841725, 0.5867567300859439, 0.603207371913902, 0.044143952789704136
0.6266835009355942, 0.583472650033999, 0.6032386324976745, 0.041902688288763694
0.6297412168623397, 0.5803701705726526, 0.6032728203861175, 0.03930549109753591
0.6325880949101997, 0.5774762138263979, 0.6033087764674026, 0.03637441680376694
0.6352005506567598, 0.5748159603945145, 0.6033452816707612, 0.033134357614582374
0.6375569998069106, 0.5724126151393351, 0.6033810982974286, 0.02961283129424505
0.6396380210068877, 0.5702871894272508, 0.6034150119845366, 0.0258397477258933
0.6414265006872252, 0.5684583023749644, 0.6034458728791634, 0.02184715505705912
0.6429077593835832, 0.5669420034801261, 0.6034726346263606, 0.017668967569563543
0.6440696591048325, 0.5657516187981985, 0.6034943898489233, 0.013340677578193037
0.6449026914203493, 0.5648976225692559, 0.6035104009155184, 0.008899053807337774
0.6454000460242453, 0.5643875359035295, 0.603520124953475, 0.004381828818591928
0.6455576596051742, 0.5642258538080862, 0.603523232257703, -0.00017262183654810366
0.6453742449089634, 0.5644140014851415, 0.6035196174711904, -0.004725605987784778
0.6448512999307793, 0.5649503204619643, 0.603509403157741, -0.009238443938173021
0.6439930972173982, 0.5658300847305259, 0.603492935645741, -0.013672797449064262
0.642806653302223, 0.5670455466896138, 0.603470773283965, -0.017990995790582602
0.6413016783398366, 0.5685860123009057, 0.6034436675078837, -0.02215635605789167
0.63949050605691, 0.5704379445011168, 0.6034125373588126, -0.02613349500710129
0.6373880041957465, 0.5725850935621642, 0.6033784383203316, -0.029888629743507665
0.635011465698659, 0.5750086527670139, 0.603342526529054, -0.033389864697766
0.6323804809684033, 0.5776874374766379, 0.6033060195736318, -0.036607462451066594
0.6295167916437591, 0.5805980854082982, 0.6032701552114353, -0.03951409611667076
0.6264441264511634, 0.5837152757313351, 0.6032361494027799, -0.042085081150328746
0.6231880198332167, 0.5870119644166638, 0.603205155085535, -0.04429858464410033
0.6197756142121709, 0.5904596331520231, 0.6031782230876707, -0.04613581035482969
0.6162354469194741, 0.5940285490571313, 0.6031562665026348, -0.047581157927902365
0.6125972230085845, 0.5976880324006741, 0.6031400297349551, -0.048622354996913024
0.6088915753641064, 0.6014067295325759, 0.6031300632650545, -0.04925056106855988
0.6051498137217287, 0.6051528882974622, 0.6031267049883896, -0.04946044233764864
0.6014036644155971, 0.6088946332847904, 0.603130068761186, -0.04925021681784489
0.5976850028673806, 0.612600238393275, 0.6031400405408733, -0.0486216694181824
0.5940255810186515, 0.6162383943367488, 0.6031562822519689, -0.04758013684182763
0.590456752079565, 0.6197784688899809, 0.6031782432464399, -0.0461344624308036
0.587009195116337, 0.623190757860369, 0.6032051789702525, -0.044296921326865135
0.5837126421221157, 0.6264467249690153, 0.603236176203621, -0.04208311656308754
0.580595610305412, 0.6295192290268923, 0.603270184019692, -0.039511846941480064
0.5776851423826502, 0.632382736993196, 0.6033060494125172, -0.03660494778749967
0.5750065576729201, 0.6350135216988395, 0.603342556386819, -0.03338710590102
0.5725832167607173, 0.6373898432041512, 0.6033784671845667, -0.029885650243304647
0.5704363024145538, 0.6394921129328117, 0.6034125642507707, -0.026130320108898784
0.5685846193251131, 0.6413030398813314, 0.6034436915156667, -0.02215301272807537
0.5670444150566121, 0.642807758343264, 0.6034707935934439, -0.017987512427455818
0.5658292243909553, 0.6439939367091582, 0.6034929515681575, -0.013669203641575785
0.564949738989047, 0.6448518670071182, 0.6035094141530666, -0.00923477021443854
0.5644137040013159, 0.6453745349358122, 0.6035196231664351, -0.0047218835555490205
0.5642258429352548, 0.6455576702137282, 0.6035232324595649, -0.00016888231781066974
0.564387811737552, 0.6453997771278881, 0.6035201196548935, 0.004385553656510369
0.5648981826790188, 0.644902145215272, 0.603510390295916, 0.008902732321977658
0.5657524582492655, 0.644068840054345, 0.6034943742681187, 0.013344278521065463
0.5669431148826761, 0.6429066741861557, 0.603472614612369, 0.017672460351874423
0.5684596759553951, 0.641425158228326, 0.6034458491102916, 0.021850510009767864
0.5702888131225422, 0.6396364322947352, 0.603414985266383, 0.0258429363518784
0.572414474712983, 0.6375551778923055, 0.603381069535567, 0.02961582651042283
0.5748180395725886, 0.6351985105372306, 0.6033452518400358, 0.0331371339819163
0.5774784944520528, 0.6325858534187688, 0.6033087465788761, 0.03637695074321651
0.5803726327772254, 0.6297387925413087, 0.603272791452791, 0.03930776109011998
0.5834752724226633, 0.6266809138958583, 0.6032386055001433, 0.041904675058055466
0.5867594899357702, 0.6234376233506878, 0.603207347767111, 0.04414563946522859
0.5901968685312464, 0.620035950106873, 0.603180078013051, 0.046011624814272116
0.5937577570942556, 0.6165043347363844, 0.6031577207830139, 0.047486786496959386
0.5974115373950953, 0.6128724030056036, 0.6031410340650746, 0.04855859896580783
0.6011268967264962, 0.6091707268824019, 0.6031305835946268, 0.0492179617645032
0.6048721032241984, 0.6054305743260938, 0.6031267236763671, 0.04945927654418636
0.608615281218384, 0.6016836496618476, 0.6031295851737714, 0.049280494433068145
0.6123246840834247, 0.5979618265392891, 0.6031390710730025, 0.04868313337098622
0.6159689622010667, 0.5942968756633783, 0.6031548597715456, 0.047672265266905316
0.6195174238221111, 0.5907201896583916, 0.6031764159801482, 0.04625647308455612
0.6229402867980404, 0.5872625075771931, 0.6032030088686965, 0.04444777820800317
0.6262089193510901, 0.5839536416923217, 0.6032337368411921, 0.042261538683508765
0.6292960682532811, 0.5808222092975724, 0.6032675581003255, 0.03971631917513552
0.6321760729865683, 0.5778953723040967, 0.6033033259658708, 0.03683373370753705
0.6348250646526825, 0.5751985874297192, 0.6033398277499015, 0.03363826249864646
0.6372211485882138, 0.5727553697512492, 0.6033758258711384, 0.03015704440567806
0.639344569814523, 0.5705870723150934, 0.6034100998146449, 0.026419646718091654
0.6411778606106027, 0.568712684380756, 0.6034414875142691, 0.022457814228906185
0.6427059696382266, 0.5671486507051721, 0.6034689247545986, 0.018305199698912804
0.6439163721719009, 0.5659087140649626, 0.6034914812561923, 0.013997077994818908
0.6447991610912971, 0.5650037829614212, 0.6035083922201779, 0.009570046330108979
0.6453471183820627, 0.5644418261633715, 0.6035190842622075, 0.0050617131644828915
0.6455557669638722, 0.5642277954209405, 0.6035231948559883, 0.0005103784223647623
0.6454234027248554, 0.564363577334819, 0.6035205846267487, -0.00404529222835387
0.6449511066921523, 0.5648479749973679, 0.603511342077544, -0.008566596240676978
0.6441427373128062, 0.5656767196413259, 0.6034957805880473, -0.01301512336984827
0.643004902861294, 0.5668425121464904, 0.603474427787653, -0.017353082342575488
0.6415469140335842, 0.5683350938723949, 0.6034480076634392, -0.021543622208596777
0.6397807168365485, 0.5701413459133806, 0.603417416010016, -0.025551145618778318
0.6377208059393441, 0.5722454155189384, 0.6033836900540921, -0.029341611349064343
0.6353841187233221, 0.5746288680936809, 0.6033479732841541, -0.032882823488988244
0.6327899103515916, 0.5772708628938826, 0.6033114766781505, -0.03614470483565296
0.6299596102806515, 0.5801483502764927, 0.6032754376441098, -0.03909955217737579
0.6269166607555962, 0.5832362881361164, 0.6032410780660032, -0.04172227131366009
0.6236863379676257, 0.5865078749887396, 0.6032095628773205, -0.043990589837765166
0.6202955567073523, 0.5899347970298754, 0.603181960566748, -0.045885245902804406
0.6167726595181725, 0.5934874864100329, 0.6031592069546692, -0.04739015139991706
0.6131471915383194, 0.5971353879314057, 0.6031420734681898, -0.04849252819558964
0.6094496624148604, 0.6008472313748247, 0.6031311409898166, -0.04918301630271226
0.6057112968737676, 0.604591306712555, 0.6031267801659393, -0.04945575309459946
0.6019637757325859, 0.6083357395468154, 0.603129138842335, -0.04930842291128745
0.5982389693408547, 0.6120487642314622, 0.6031381370523967, -0.0487422766513438
0.594568665622728, 0.6156989922800685, 0.6031534697278897, -0.047762121188692844
0.5909842950703632, 0.6192556738320841, 0.6031746170403949, -0.046376278701143844
0.5875166551897877, 0.6226889501341263, 0.6032008620230549, -0.044596516243997644
0.5841956370275175, 0.6259700951899058, 0.603231314875555, -0.042437946146884994
0.5810499565009267, 0.6290717449341189, 0.6032649431287622, -0.039918898053380905
0.5781068933136095, 0.6319681124874936, 0.6033006066468075, -0.0370607636593828
0.5753920402548217, 0.634635188247129, 0.6033370962803465, -0.033887815436066455
0.5729290656564942, 0.6370509237540838, 0.6033731748608345, -0.030427000844645266
0.5707394917103114, 0.6391953984552824, 0.6034076191461237, -0.02670771376124456
0.5688424912300833, 0.6410509686365691, 0.6034392612952743, -0.02276154502895085
0.5672547052813897, 0.6426023979462906, 0.6034670284662187, -0.018622014238417334
0.5659900838928553, 0.6438369690533289, 0.6034899791934258, -0.014324285006217295
0.565059751814119, 0.6447445760899989, 0.6035073353117475, -0.009904866169357141
0.5644719009985021, 0.6453177976196448, 0.6035185083435742, -0.005401301443050217
0.5642317111685533, 0.6455519499428152, 0.6035231194541593, -0.0008518501952225398
0.5643412994758958, 0.6454451206170128, 0.603521012298101, 0.003704837926268487
0.5647996998998408, 0.6449981821162384, 0.6035122583211364, 0.008230051720305546
0.5656028726492823, 0.6442147856013399, 0.6034971543373593, 0.012685347688240475
0.5667437434470999, 0.6431013348143079, 0.6034762124640638, 0.01703287698888129
0.5682122721934492, 0.6416669401530107, 0.603450142755712, 0.021235707284520476
0.5699955501316236, 0.639923353031254, 0.6034198291261915, 0.02525813671757983
0.5720779242850685, 0.6378848806860911, 0.6033862993761978, 0.029065997330707742
0.5744411476034857, 0.6355682816631973, 0.6033506903424541, 0.03262694534078632
0.5770645529560473, 0.6329926422945654, 0.6033142093508508, 0.03591073579785182
0.5799252488458134, 0.6301792345827344, 0.6032780932807891, 0.03888947930170354
0.582998334495869, 0.6271513560235092, 0.6032435666288638, 0.04153787861007756
0.5862571317776237, 0.6239341520350056, 0.6032117999937596, 0.043833443150658555
0.5896734313171728, 0.6205544218143447, 0.6031838703897697, 0.04575667964280792
0.5932177500273639, 0.6170404086129693, 0.6031607247341862, 0.04729125724160155
0.5968595972708365, 0.6134215756049906, 0.6031431477460726, 0.048424145834555246
0.6005677468612137, 0.6097283687169813, 0.603131735344302, 0.04914572634831439
0.6043105121531906, 0.6059919679881904, 0.6031268744462946, 0.04944987215675766
0.6080560215538637, 0.6022440292326019, 0.6031287298519422, 0.049334000921694945
0.6117724919029025, 0.5985164179733772, 0.6031372386571123, 0.048799096441028735
0.6154284973130174, 0.5948409378104027, 0.6031521123860121, 0.0478497003253915
0.6189932312291364, 0.5912490555571247, 0.6031728467701614, 0.046493873571433794
0.6224367596490015, 0.5877716256377667, 0.6031987388426515, 0.04474312834671329
0.625730263643725, 0.584438616364769, 0.6032289107684986, 0.04261233054610618
0.6288462695184558, 0.5812788408135604, 0.6032623396035992, 0.04011957392135859
0.6317588651553361, 0.5783196950729037, 0.6032978919738302, 0.037286026822267324
0.6344439012784109, 0.5755869066700332, 0.6033343624989821, 0.03413575281836084
0.6368791765687803, 0.5731042959475509, 0.6033705146591486, 0.03069550669205834
0.639044605734451, 0.5708935531014916, 0.603405122718229, 0.026994507506213017
0.6409223698003318, 0.5689740334761657, 0.6034370132831924, 0.023064190648687793
0.6424970480277055, 0.5673625735515562, 0.6034651050899066, 0.01893794094208985
0.6437557309983902, 0.5660733298546543, 0.6034884456662931, 0.014650809075905205
0.6446881145066466, 0.5651176427798296, 0.6035062436293293, 0.01023921376895864
0.6452865739925244, 0.5645039270189456, 0.603517895520374, 0.005740632200416017
0.6455462193254656, 0.5642375899843552, 0.6035230062684757, 0.0011932813556426098
0.6454649298089633, 0.5643209792629554, 0.6035214025874203, -0.0033642069824251037
0.6450433693289358, 0.5647533597737939, 0.6035131388520015, -0.007893114806404603
0.6442849816136011, 0.565530920922472, 0.6034984952541254, -0.012354967198698469
0.6431959656148545, 0.5666468136604398, 0.6034779683013185, -0.01671185955648291
0.6417852310642633, 0.5680912169739761, 0.6034522539800098, -0.020926779916705402
0.6400643343046833, 0.5698514329539296, 0.6034222241547994, -0.024963923616194657
0.6380473945547753, 0.5719120092406208, 0.6033888970043662, -0.028788997593372275
0.6357509908316047, 0.5742548873056231, 0.6033534024968794, -0.03236951173389914
0.6331940398387844, 0.5768595747297125, 0.6033169440759462, -0.0356750547814751
0.6303976552262739, 0.5797033393694914, 0.6032807578564898, -0.03867755247525617
0.6273849887443502, 0.5827614230784713, 0.6032460707142466, -0.04135150573507544
0.6241810539487856, 0.5860072724649881, 0.6032140586898967, -0.04367420689282914
0.6208125332664811, 0.589412784031317, 0.6031858071179919, -0.04562593216092643
0.6173075693993092, 0.5929485609466475, 0.6031622738321945, -0.047190108734508684
0.6136955422264256, 0.5965841786607872, 0.6031442566939137, -0.04835345514116618
0.6100068325586592, 0.6002884565641616, 0.6031323665447785, -0.04910609367816382
0.6062725742988005, 0.6040297329402113, 0.6031270064994739, -0.049441634010874584
0.6025243967641136, 0.6077761405352082, 0.6031283582805876, -0.04935722724549269
0.5987941591269207, 0.611495880183395, 0.6031363760584556, -0.04885359003254319
0.5951136791201872, 0.615157490067262, 0.603150788004724, -0.04793499850371282
0.5915144583317868, 0.6187301083581965, 0.6031711055069899, -0.04660925209166575
0.5880274065677784, 0.6221837271659462, 0.603196639732317, -0.04488760752935697
0.5846825678959183, 0.6254894359204939, 0.603226524978418, -0.04278468357051393
0.5815088510804379, 0.6286196525113247, 0.6032597480212563, -0.040318337214952746
0.578533767183088, 0.6315483407112299, 0.6032951824645524, -0.03750951245968112
0.5757831771295687, 0.6342512126097817, 0.6033316269270664, -0.03438206282767118
0.5732810520215252, 0.6367059149710336, 0.6033678457733103, -0.030962549148973974
0.5710492489101756, 0.6388921986072051, 0.6034026110069605, -0.027280014281608707
0.5691073046373107, 0.6407920700223197, 0.6034347439066555, -0.023365736660383905
0.5674722501929714, 0.6423899247249596, 0.6034631549923917, -0.01925296474842797
0.5661584478379981, 0.6436726617365672, 0.6034868809671832, -0.014976634636618767
0.5651774529963556, 0.6446297789308746, 0.6035051173810566, -0.010573073188235988
0.5645379026404669, 0.6452534489319343, 0.6035172459094271, -0.0060796892580439205
0.5642454315774871, 0.6455385753744288, 0.6035228553204821, -0.0015346556248278507
0.564302617701347, 0.6454828293928122, 0.603521755420245, 0.003023415637421439
0.5647089569109983, 0.6450866662583289, 0.6035139835021945, 0.007555801563240379
0.5654608680168083, 0.644353322128475, 0.603499803082611, 0.012023997652540464
0.5665517275720808, 0.6432887909157519, 0.6034796949645639, 0.016390045349822337
0.5679719341829549, 0.6419017813254826, 0.603454340933718, 0.020616854832625105
0.5697090014752485, 0.6402036541598596, 0.6034246006391142, 0.02466852033998392
0.5717476785386131, 0.6382083400409259, 0.6033914824432447, 0.02851062534117713
0.5740700963336516, 0.63593223777212, 0.6033561092302466, 0.032110534939100474
0.5766559382427616, 0.6333940936391297, 0.6033196803319592, 0.0354376730198221
0.5794826326758563, 0.6306148620481853, 0.6032834308631201, 0.038463781798580184
0.5825255654122541, 0.6276175480149591, 0.6032485898446699, 0.04116316157081871
0.5857583091732913, 0.6244270321504073, 0.6032163385350483, 0.04351288865279561
0.5891528677787657, 0.6210698789408179, 0.6031877703821296, 0.04549300968775765
0.5926799321451293, 0.6175741292866817, 0.6031638539533256, 0.047086710698561865
0.5963091453341717, 0.61396907844656, 0.6031454001002774, 0.0482804594838754
0.6000093738563587, 0.6102850407247792, 0.6031330344709094, 0.049064120180738885
0.6037489824705268, 0.6065531024416505, 0.603127176300319, 0.04943103904947593
0.6074961097977996, 0.6028048649274015, 0.6031280241991452, 0.0493781007759333
0.6112189421781135, 0.599072179480955, 0.60313554942093, 0.048905754829229736
0.6148859833376488, 0.5953868764265917, 0.6031494968365825, 0.04801801165906061
0.6184663175993295, 0.5917804905795641, 0.6031693935829306, 0.046722408763703496
0.6219298645506259, 0.5882839855900954, 0.6031945650923388, 0.0450299469067956
0.6252476232773553, 0.5849274797681858, 0.6032241579602683, 0.042954997006283385
0.6283919044732905, 0.581739976093974, 0.6032571688759325, 0.040515178461231774
0.6313365489376674, 0.5787490991852017, 0.6032924786356635, 0.03773120991987404
0.6340571311711412, 0.5759808420205464, 0.6033288900862617, 0.03462673372375113
0.6365311469709478, 0.5734593252019725, 0.6033651687122681, 0.031228115486251144
0.6387381841042495, 0.5712065714785574, 0.6034000844912991, 0.027564220477439925
0.6406600753020478, 0.5692422981474007, 0.6034324535984339, 0.023666168688771368
0.6422810329625803, 0.567583729794216, 0.6034611785455608, 0.019567070639013775
0.6435877650817232, 0.5662454336383529, 0.6034852853944904, 0.015301746154428624
0.6445695720384227, 0.5652391795067587, 0.6035039567817146, 0.010906428509810058
0.6452184239563137, 0.5645738261824341, 0.6035165596346248, 0.006418456450459373
0.6455290184399948, 0.564255235559973, 0.603522666638976, 0.0018759567266945845
0.6454988185481988, 0.5642862156995275, 0.603522070729301, -0.0026824801395134955
0.645128070919264, 0.5646664935075006, 0.6035147921106516, -0.007218128073043832
0.6444198040102141, 0.5653927173945787, 0.6035010775734263, -0.011692454829201615
0.6433798064531703, 0.5664584898769681, 0.6034813921245412, -0.0160674497113694
0.6420165855755254, 0.567854429702596, 0.6034564032188717, -0.020305946807365655
0.6403413061772789, 0.5695682627084351, 0.6034269581259588, -0.024371940971097864
0.6383677097137055, 0.5715849402554007, 0.6033940551998122, -0.02823089384372099
0.636112014097524, 0.5738867837505867, 0.603358810026406, -0.03185002730077427
0.6335927944146877, 0.5764536534592698, 0.6033224175971112, -0.035198601827304055
0.6308308449440404, 0.5792631395367029, 0.6032861117909639, -0.03824817746014432
0.6278490229847598, 0.5822907729767377, 0.6032511235397602, -0.04097285509345645
0.6246720751273294, 0.5855102539842728, 0.6032186390944669, -0.04334949611832391
0.6213264467534039, 0.5888936951336242, 0.6031897598077998, -0.04535791855756668
0.6178400757161315, 0.5924118765762622, 0.6031654647962539, -0.04698106806089336
0.6142421713330786, 0.596034510508771, 0.6031465777471071, -0.048205162340977464
0.6105629800158605, 0.5997305121040434, 0.6031337389952991, -0.04901980785606237
0.6068335390600603, 0.603468274143213, 0.603127383816414, -0.04941808777739106
0.6030854203214673, 0.6072159426592353, 0.6031277276712772, -0.049396620518381534
0.5993504657050183, 0.6109416910111494, 0.6031347589021169, -0.048955588345403936
0.5956605165855083, 0.614613989945938, 0.6031482391277444, -0.04809873583573267
0.5920471394584205, 0.6182018713671754, 0.6031677113243715, -0.04683333819530324
0.5885413502792476, 0.6216751837105563, 0.6031925153182708, -0.04517013969589004
0.5851733400847811, 0.6250048370201455, 0.6032218101653598, -0.04312326273682014
0.5819722045946192, 0.6281630360199849, 0.6032546026593943, -0.04071008827890518
0.5789656805607666, 0.6311234996780735, 0.6032897810027117, -0.037951108636368
0.5761798916635024, 0.6338616659586527, 0.6033261524984198, -0.03486975384453138
0.5736391067393717, 0.6363548806496654, 0.6033624839864846, -0.03149219304516397
0.5713655130699019, 0.638582569331521, 0.6033975436530096, -0.02784711254576684
0.5693790073562564, 0.6405263917178678, 0.6034301427952599, -0.023965472411740033
0.5676970068554582, 0.6421703777469336, 0.6034591761263052, -0.019880243639237447
0.5663342829592566, 0.6435010449319498, 0.6034836592524854, -0.015626128129488003
0.565302819259531, 0.6445074965910279, 0.6035027620526336, -0.011239263840366269
0.5646116958679186, 0.6451815006712462, 0.6035158368268524, -0.006756917626027651
0.5642670014467489, 0.6455175489601195, 0.60352244025996, -0.002217168388655059
0.5642717740690205, 0.6455128965423276, 0.6035223484544888, 0.0023414167438351543
0.5646259716635113, 0.6451675814134225, 0.6035155645232091, 0.006880110435238042
0.5653264724242595, 0.6444844242085531, 0.6035023184835717, 0.011360354535475814
0.5663671051791609, 0.643469008046786, 0.6034830594576545, 0.015744088020884436
0.5677387093280195, 0.6421296385341654, 0.6034584404422527, 0.01999407066291533
0.5694292235838685, 0.640477284015157, 0.6034292961658287, 0.024074199647798285
0.5714238023902382, 0.6385254962161984, 0.6033966147835198, 0.027949816435443236
0.5737049585484131, 0.636290311490134, 0.6033615043703981, 0.03158800123631969
0.5762527302789725, 0.6337901329491239, 0.6033251553494927, 0.034957852598898755
0.5790448706667171, 0.6310455938684794, 0.603288800128855, 0.0380307497358481
0.5820570572020268, 0.6280794028562092, 0.6032536713164276, 0.04078059537268827
0.5852631189383242, 0.6249161714135145, 0.6032209599295194, 0.04318403707605509
0.5886352786370038, 0.6215822246598044, 0.6031917750156964, 0.045220665207979335
0.5921444071690519, 0.6181053961608106, 0.6031671060538583, 0.046873185855604474
0.5957602873865759, 0.6145148079779944, 0.603147789409878, 0.048127567300438094
0.5994518846663467, 0.6108406372486596, 0.6031344799836325, 0.048973158815602096
0.6031876213588652, 0.6071138708052418, 0.603127629008205, 0.049402780811724785
0.6069356524471252, 0.6033660495446699, 0.603127468753532, 0.04941278559035844
0.610664139824896, 0.5996290044593565, 0.6031340046527498, 0.049003088206468814
0.6143415227402131, 0.5959345864348575, 0.6031470151180204, 0.048177167187105886
0.6179367821103886, 0.5923143920997109, 0.6031660590520694, 0.046942035100368526
0.6214196965945767, 0.5887994881746472, 0.6031904908009421, 0.04530817921581677
0.6247610885029045, 0.5854201369055065, 0.6032194820413438, 0.043289472743145
0.6279330578216509, 0.5822055252714347, 0.6032520498609392, 0.04090305737876833
0.6309092028363924, 0.5791835007323305, 0.6032870900800548, 0.03816919812845838
0.6336648260343717, 0.5763803163128913, 0.6033234146855174, 0.035111111606672636
0.6361771241590346, 0.573820387811575, 0.6033597921078571, 0.03175476923800172
0.6384253614699014, 0.5715260658689467, 0.6033949889765523, 0.02812867700134268
0.6403910254267242, 0.5695174255299809, 0.6034278119377304, 0.02426363356101485
0.6420579641660227, 0.5678120757887333, 0.6034571481164174, 0.020192468819005004
0.6434125052694074, 0.5664249914125288, 0.6034820028512081, 0.015949765096765385
0.6444435554363143, 0.5653683691087414, 0.6035015334215886, 0.01157156331140567
0.6451426807693994, 0.5646515098237754, 0.603515077623896, 0.007095056647716841
0.6455041674604145, 0.564280728655674, 0.603522176226557, 0.002558274342386125
0.6455250627300028, 0.5642592935243571, 0.6035225885428045, -0.002000241711630955
0.6452051959294081, 0.5645873933832781, 0.603516300592534, -0.006541764765679761
0.6445471797588437, 0.5652621363803229, 0.6035035255763789, -0.011027712604772203
0.6435563915999687, 0.5662775779915824, 0.6034846966459257, -0.01541997569469565
0.6422409350023285, 0.567624778766945, 0.6034604522153564, -0.019681241267469292
0.6406115814097076, 0.5692918909490813, 0.6034316143128629, -0.023775310563797017
0.6386816922657308, 0.5712642728648519, 0.6033991607062683, -0.0276674065150013
0.6364671217021655, 0.5735246296476076, 0.6033641917484356, -0.03132446923557308
0.6339861000910866, 0.5760531785367453, 0.6033278930670479, -0.0347154368096218
0.6312590988356594, 0.5788278367229253, 0.6032914953641713, -0.03781150898854707
0.6283086768852847, 0.5818244294682295, 0.6032562326888611, -0.04058639157134771
0.6251593095899495, 0.5850169160338802, 0.6032233005976755, -0.04301651941114975
0.6218372006556467, 0.58837763079639, 0.6031938156215724, -0.04508125617968947
0.6183700781265522, 0.5918775368274146, 0.6031687774132006, -0.04676306922353944
0.6147869754982516, 0.5954864891531428, 0.6031490348575728, -0.048047678059736615
0.611117999256789, 0.5991735048946467, 0.603135257294641, -0.048924175282182444
0.6073940843369323, 0.6029070375189587, 0.6031279118289639, -0.04938511888183955
0.6036467391953729, 0.6066552524984656, 0.6031272474953057, -0.04942659522159399
0.5999077823955813, 0.6103863017794419, 0.6031332868166761, -0.049048252149038546
0.596209072795239, 0.6140685945942947, 0.603145825040832, -0.048253301975829166
0.5925822356088277, 0.6176710623110802, 0.6031644370811099, -0.04704849429921052
0.5890583867812283, 0.6211634151923224, 0.6031884919264215, -0.04544405888839392
0.5856678582473827, 0.6245163891273822, 0.6032171740321858, -0.04345361910428431
0.5824399267626946, 0.6277019806026897, 0.6032495109673781, -0.04109407656415334
0.5794025490640331, 0.630693668376666, 0.6032844063808432, -0.038385468001721504
0.5765821061576178, 0.6334666205258649, 0.6033206771696507, -0.035350795506126645
0.5740031595242993, 0.635997885721273, 0.6033570935897254, -0.03201583154867839
0.5716882219823411, 0.6382665677749254, 0.6033924209491068, -0.028408900422268023
0.5696575458513462, 0.6402539826639089, 0.6034254614703479, -0.02456063792284857
0.5679289309182721, 0.6419437973892885, 0.6034550949026497, -0.02050373129346407
0.5665175545185414, 0.643322150160177, 0.603480316506549, -0.01627264162679626
0.5654358258142383, 0.6443777515076883, 0.6035002711228958, -0.011903311080016802
0.5646932660807732, 0.6451019660304628, 0.6035142821705517, -0.007432857393883319
0.5642964165075885, 0.6454888745541293, 0.603521874589134, -0.002899258324621398
0.5642487746830603, 0.6455353165536576, 0.603522790948478, 0.0016589713094631807
0.5645507605749948, 0.6452409127428149, 0.6035170001782711, 0.00620310719587212
0.565199712443076, 0.6446080677821696, 0.6035046986216694, 0.01069454489634079
0.566189912735785, 0.6436419530999393, 0.6034863033771586, 0.01509512818494489
0.5675126436393877, 0.6423504698622927, 0.6034624381545536, 0.01936747353470143
0.5691562715683984, 0.6407441921753902, 0.60343391212501, 0.023475287967559676
0.5711063595230279, 0.6388362906541667, 0.6034016924825726, 0.0273836775446126
0.5733458058966773, 0.6366424365560734, 0.6033668716480601, 0.031059443860192937
0.5758550080020977, 0.6341806867545906, 0.6033306302277202, 0.03447136601395935
0.5786120483041437, 0.6314713499196748, 0.6032941969829564, 0.03759046566753793
0.5815929011048736, 0.6285368343819422, 0.6032588071686301, 0.04039025294494375
0.584771657226812, 0.62540147828514, 0.6032256606525886, 0.04284695110689038
0.5881207640850188, 0.6220913627771547, 0.6031958812362964, 0.04493969811612643
0.5916112784295408, 0.6186341091524383, 0.6031704785555575, 0.046650723412019625
0.5952131289769439, 0.6150586610363128, 0.6031503138526768, 0.0479654984256684
0.5988953861319234, 0.6113950528913311, 0.6031360707800726, 0.04887285958985745
0.6026265360252097, 0.6076741663240236, 0.603128232224724, 0.049365102829299234
0.6063747561590115, 0.6039274758725818, 0.6031270639387463, 0.04943804875404194
0.6101081900519559, 0.6001867861573071, 0.6031326055307286, 0.049091078021024054
0.613795218407148, 0.5964839624705734, 0.6031446691230591, 0.04832713657397929
0.617404724484246, 0.5928506570658313, 0.6031628457207259, 0.0471527107187725
0.6209063515336821, 0.5893180335700587, 0.6031865190758127, 0.04557777223837226
0.6242707503425253, 0.5859164920852348, 0.603214886577939, 0.04361569399762445
0.6274698151411794, 0.5826753976564443, 0.6032469864627957, 0.04128313673134476
0.6304769063226001, 0.5796228148621378, 0.6032817304167827, 0.038599907948488034
0.6332670586258144, 0.5767852513215248, 0.6033179404727945, 0.035588794118661976
0.6358171736286143, 0.574187412911567, 0.6033543889466377, 0.0322753675333067
0.6381061955764717, 0.5718519734390395, 0.6033898400603493, 0.028687769450606963
0.6401152697427915, 0.5697993614201252, 0.6034230918413095, 0.02485647133867509
0.6418278826673889, 0.5680475664807754, 0.6034530168765259, 0.020814016223688475
0.6432299837540822, 0.5666119677064249, 0.6034786005400805, 0.016594742326393835
0.6443100878242092, 0.5655051860417903, 0.6034989753972729, 0.012234491329605631
0.6450593583210679, 0.5647369625736701, 0.6035134506185205, 0.007770303759014595
0.6454716709421211, 0.5643140642263225, 0.603521535405231, 0.003240104077900645
0.6455436575433716, 0.5642402180655888, 0.6035229556329388, -0.001317621808463094
0.6452747302162994, 0.5645160750506804, 0.603517663147047, -0.005864153872223197
0.6446670854854656, 0.5651392036984726, 0.603505837395789, -0.010360867294544078
0.6437256886179354, 0.5661041137417003, 0.6034878793450029, -0.01476956097887848
0.6424582380779033, 0.5674023094773502, 0.6034643978811879, -0.019052782423080998
0.6408751102051682, 0.5690223721225666, 0.6034361891641464, -0.023174146161653992
0.6389892842482091, 0.5709500701301825, 0.6034042096296985, -0.02709864304944007
0.6368162479448952, 0.5731684960716791, 0.6033695435582958, -0.030792937743088535
0.6343738839194027, 0.5756582283786486, 0.6033333663096188, -0.03422565184534527
0.6316823372549861, 0.5783975159504197, 0.6032969044701006, -0.037367630308088914
0.6287638647105859, 0.5813624833903174, 0.6032613942648714, -0.04019218884124875
0.6256426661756174, 0.5845273544298116, 0.6032280396442828, -0.04267534024432995
0.6223446991016848, 0.5878646909412426, 0.6031979714660357, -0.044795997763166034
0.6188974768113626, 0.5913456448272479, 0.6031722091565903, -0.046536153774620406
0.6153298517607544, 0.5949402200087222, 0.6031516261513429, -0.04788103231419021
0.6116717850214535, 0.5986175417121092, 0.6031369202848368, -0.048819214183825364
0.607954103445199, 0.6023461302789334, 0.6031285901344101, -0.049342733607854586
0.6042082461765969, 0.606094176782647, 0.6031269181188642, -0.049447145641936606
0.6004660023808176, 0.6098298178360796, 0.6031319609248165, -0.049131563781760354
0.5967592422487663, 0.6135214071022949, 0.6031435475851052, -0.048398667463257626
0.5931196435261135, 0.6171377811772094, 0.6031612852743459, -0.047254679392894974
0.5895784159789952, 0.6206485176882678, 0.6031845726252814, -0.045709312893767055
0.5861660263523343, 0.6240241836439845, 0.6032126201147547, -0.04377568969930749
0.5829119264911186, 0.6272365722684201, 0.6032444768285424, -0.04147022887003535
0.579844287375613, 0.6302589267571398, 0.6032790626981028, -0.0388125077483555
0.5769897418639415, 0.6330661495916363, 0.6033152051167604, -0.03582509610043014
0.574373138936213, 0.6356349962429672, 0.6033516786942952, -0.032533364820812996
0.5720173121907548, 0.6379442522784602, 0.6033872468023824, -0.028965270793046553
0.5699428652534985, 0.639974893054569, 0.6034207035024367, -0.0251511197058083
0.5681679766257568, 0.641710225331987, 0.6034509144342628, -0.02112330881741025
0.5667082263143501, 0.643136010284522, 0.6034768552789801, -0.01691605183940794
0.5655764463633, 0.6442405674904678, 0.6034976464917633, -0.012565088270675906
0.5647825971413543, 0.6450148595947114, 0.6035125831263325, -0.008107379654524103
0.5643336709387606, 0.6454525574128199, 0.6035211587394881, -0.0035807953513723994
0.5642336240953238, 0.6455500853168818, 0.6035230825647434, 0.0009762094835270458
0.5644833385260919, 0.645306646799633, 0.6035182893724016, 0.00552492095524764
0.5650806131379535, 0.6447242301616135, 0.6035069416815482, 0.010026695708071428
0.5660201852474082, 0.6438075943093546, 0.6034894242489044, 0.014443289598080465
0.5672937817245223, 0.6425642346947582, 0.6034663310215312, 0.018737182935131207
0.5688901992083958, 0.6410043294707422, 0.6034384449960443, 0.02287189950203994
0.5707954123729498, 0.6391406659896779, 0.6034067116676408, 0.026812316616919893
0.572992708875758, 0.6369885478325761, 0.6033722069696359, 0.030524963587790555
0.5754628493036171, 0.6345656826314082, 0.6033361007910092, 0.03397830601557953
0.5781842501424799, 0.6318920510368256, 0.6032996173093313, 0.03714301353091017
0.5811331875511604, 0.6289897572905092, 0.603263993484276, 0.0399922086998248
0.5842840195117764, 0.6258828619864181, 0.6032304371191397, 0.042501695001878274
0.5876094237678944, 0.6225971977482434, 0.6032000859122407, 0.04465016196878192
0.5910806488453321, 0.6191601687105814, 0.6031739688863285, 0.04641936577088894
0.5946677753808299, 0.6156005348668411, 0.603152971503365, 0.04779428375020643
0.5983399849594296, 0.6119481825350075, 0.6031378056469753, 0.04876324162028553
0.6020658336803882, 0.6082338823895472, 0.6031289854898025, 0.04931801228337114
0.6058135277307394, 0.604489036709639, 0.603126810063491, 0.04945388545179215
0.6095511983412947, 0.6007454176956962, 0.6031313531218807, 0.04916970750207784
0.6132471736272068, 0.5970348989023447, 0.6031424606408536, 0.048467891235132926
0.6168702449690374, 0.5933891820210271, 0.6031597560395433, 0.047354395462528565
0.6203899257648653, 0.5898395214133016, 0.6031826529460061, 0.04583867458613843
0.623776700573595, 0.5864164489409975, 0.6032103750748338, 0.04393359858457721
0.627002262868451, 0.5831495017561162, 0.6032419825431898, 0.041655344063734945
0.6300397398220309, 0.5800669557966792, 0.6032764037335225, 0.039023257268655936
0.6328639027450825, 0.577195567780191, 0.6033124716231674, 0.03605969018848762
0.6354513619955601, 0.5745603284903442, 0.6033489633495316, 0.03278981111350934
0.637780745358548, 0.5721842301123727, 0.6033846416697345, 0.029241391221513105
0.639832859067999, 0.5700880502864071, 0.6034182969091825, 0.02544456897809707
0.6415908307955367, 0.56829015541584, 0.6034487879767976, 0.02143159432970838
0.6430402340683067, 0.5668063255897631, 0.6034750810560733, 0.017236554847441042
0.6441691936964659, 0.565649603256972, 0.6034962846597942, 0.012895086141565246
0.6449684718916827, 0.5648301675269468, 0.6035116798594247, 0.00844406900950194
0.645431534842209, 0.5643552356748817, 0.6035207446637434, 0.003921315901552706
0.6455545995796111, 0.5642289930985431, 0.6035231717196948, -0.0006347506125566015
0.6453366610297805, 0.564452552620628, 0.6035188787349228, -0.005185424618812107
0.6447794991895742, 0.5650239436582849, 0.6035080112683701, -0.009692046069196653
0.6438876664139334, 0.5659381313989096, 0.6034909377942613, -0.014116329597749507
0.6426684548404373, 0.567187065735993, 0.6034682372069463, -0.018420690116731146
0.6411318440228215, 0.568759759338407, 0.6034406791905296, -0.022568562397403166
0.639290428895829, 0.5706423938587722, 0.6034091981192771, -0.02652471189613207
0.6371593282543283, 0.5728184529386845, 0.6033748613741861, -0.030255534167864334
0.6347560740030163, 0.5752688803473173, 0.603338833150447, -0.033729340314289355
0.6321004815216441, 0.5779722613011861, 0.6033023349833313, -0.036916626041667885
0.6292145015963855, 0.5809050247616717, 0.6032666043311938, -0.03979032205159533
0.6261220544916074, 0.5840416642972095, 0.6032328526199788, -0.04232602365493472
0.6228488468780404, 0.5873549749316656, 0.6032022241716987, -0.044502197682741065
0.6194221724922967, 0.5908163032809319, 0.6031757574091972, -0.046300364966106705
0.6158706975771372, 0.5943958082065888, 0.6031543496521811, -0.047705256867400306
0.6122242323391615, 0.5980627291877618, 0.603138726697635, -0.04870494456633935
0.6085134898572121, 0.6017856596281391, 0.6031294182154789, -0.04929094003380119
0.6047698340765119, 0.6055328223715154, 0.6031267397931925, -0.04945826786244603
0.6010250187254913, 0.6092723447923142, 0.603130782237776, -0.04920550736441586
0.5973109191891184, 0.6129725309527122, 0.6031414084975211, -0.04853480459102467
0.5936592595585443, 0.6166021284699758, 0.6031582583078738, -0.04745185417598527
0.590101337246295, 0.6201305879108944, 0.6031807604039952, -0.04596585115090927
0.5866677477032136, 0.623528312718872, 0.6032081518862292, -0.04408941312816067
0.5833881118924017, 0.6267668978775793, 0.6032395040823241, -0.041838473490212746
0.5802908092613779, 0.629819355717383, 0.6032737540300367, -0.039232146464955854
0.5774027190021221, 0.6326603274718426, 0.603309740513231, -0.03629256520134936
0.5747489723958328, 0.6352662793865859, 0.6033462434301116, -0.03304469418769573
0.5723527190023914, 0.6376156823678101, 0.6033820251591618, -0.0295161175738192
0.5702349093719413, 0.6396891743291289, 0.6034158725204536, -0.025736805166611386
0.5684140968270859, 0.6414697045510517, 0.603446637909625, -0.021738858063727926
0.5669062606896454, 0.6429426595054691, 0.6034732782096949, -0.017556236070594963
0.5657246531075092, 0.6440959697174794, 0.6034948901610687, -0.013224469209213961
0.5648796713779266, 0.6449201973389735, 0.6035107409900607, -0.008780355771497859
0.5643787573678065, 0.6454086041937762, 0.6035202932569791, -0.004261649493115751
0.5642263253043939, 0.6455572001246657, 0.603523223080817, 0.0002932614756665496
0.5644237188572329, 0.645364771530943, 0.6035194311222526, 0.004845681049349017
0.5649691980613883, 0.644832890034471, 0.6035090459523249, 0.009356934333003136
0.5658579562498903, 0.6439659012558767, 0.603492419692489, 0.013788696565941814
0.5670821667779489, 0.6427708937246769, 0.6034701160739808, 0.018103319056383585
0.5686310589404737, 0.6412576479913497, 0.6034428913216073, 0.022264149308453385
0.570491022115485, 0.6394385660596197, 0.6034116685105131, 0.026235842597135062
0.5726457368163879, 0.6373285813169421, 0.6033775062658296, 0.02998466232628632
0.5750763310126417, 0.6349450492135087, 0.6033415628669531, 0.033478766608352487
0.5777615597869799, 0.6323076190275029, 0.603305056973925, 0.03668847863045935
0.5806780061431956, 0.6294380871586945, 0.603269226307821, 0.03958653851837596
0.5838003005655991, 0.6263602325147464, 0.6032352856862454, 0.042148334575478445
0.5871013567624677, 0.623099634694994, 0.6032043858367185, 0.04435211195625764
0.5905526209028762, 0.6196834758341915, 0.6031775743841898, 0.04617915703100836
0.5941243315796295, 0.6161403271420696, 0.60315576033503, 0.04761395590802054
0.5977857876999733, 0.6124999213609865, 0.6031396832612074, 0.0486443257998465
0.6015056215184065, 0.6087929125600035, 0.6031298882289391, 0.049261518149110756
0.6052520740794183, 0.6050506248852257, 0.6031267073213716, 0.04946029266505668
0.6089932704284599, 0.6013047920883561, 0.6031302483813549, 0.049238961662892294
0.6126974920723979, 0.5975872898528258, 0.6031403913557182, 0.04859940434244271
0.616333444320872, 0.5939298631238952, 0.6031567923649049, 0.04754705088914758
0.619870516311865, 0.5903638508199744, 0.6031788953600935, 0.04609083652764165
0.6232790317124982, 0.5869199104512588, 0.6032059509728317, 0.044243125904609895
0.6265304882839068, 0.5836277452930977, 0.6032370419185094, 0.04201960842190115
0.6295977847012378, 0.5805158368501352, 0.6032711140928625, 0.0394391653815184
0.6324554332211526, 0.5776111853986352, 0.603307012307691, 0.036523710039505095
0.6350797569848511, 0.5749390614047952, 0.6033435194546419, 0.033298001894226284
0.637449070930438, 0.5725227705833573, 0.6033793977695555, 0.029789436754274427
0.6395438454610398, 0.5703834352817222, 0.6034134307985083, 0.02602781434029266
0.6413468521718982, 0.5685397947493165, 0.6034444646426959, 0.022045085371364175
0.6428432910791047, 0.5670080266807798, 0.6034714470835864, 0.017875080268182762
0.644020898913939, 0.5658015922063093, 0.6034934632614616, 0.013553221769897688
0.6448700381502066, 0.5649311062462609, 0.6035097666972344, 0.009116223907269703
0.6453837665184926, 0.5644042348538625, 0.6035198046052369, 0.00460177989965108
0.6455578868328608, 0.5642256208448899, 0.6035232366382801, 4.8241645574145954e-05
0.6453909770146297, 0.5643968386623196, 0.6035199464290224, -0.004505706445101614
0.6448844002477112, 0.5649163790541981, 0.6035100455360787, -0.009021376476640992
0.6440422952440258, 0.5657796637615087, 0.6034938696609785, -0.013460406122846422
0.6428715466395812, 0.5669790900273944, 0.6034719672643327, -0.017785084884514454
0.6413817355857565, 0.5685041043574798, 0.6034450809674328, -0.021958674747254145
0.6395850706500106, 0.5703413045909181, 0.6034141223702654, -0.025945722490332244
0.6374962991991326, 0.5724745689905072, 0.6033801411402175, -0.029712360974852494
0.6351325995094341, 0.57488521073457, 0.6033442894200134, -0.03322659684135315
0.6325134539345063, 0.5775521558993506, 0.6033077827620811, -0.03645858217132028
0.6296605035641987, 0.5804521427635903, 0.6032718589142064, -0.039380867812437645
0.6265973849294015, 0.5835599400508283, 0.6032377358540177, -0.04196863623169145
0.6233495494462709, 0.5868485815528206, 0.6032065704951363, -0.044199911941678424
0.6199440664500013, 0.5902896144510571, 0.6031794194648734, -0.046055747741532996
0.6164094108405259, 0.593853358573256, 0.6031572032829546, -0.04752038522270051
0.6127752365480794, 0.597509173787284, 0.6031406751553295, -0.04858138820931346
0.6090721372220302, 0.6012257327444246, 0.6031303954405948, -0.049229748031238266
0.6053313957476456, 0.6049712962344781, 0.6031267126542539, -0.049459959763133624
0.6015847243976999, 0.6087139885030449, 0.6031297516544466, -0.04927006880340416
0.5978639976237866, 0.6124220700020108, 0.6031394094094265, -0.04866168741115841
0.5942009796802211, 0.6160642051926065, 0.6031553584901967, -0.0476399810657086
0.590627049445665, 0.6196097231908332, 0.6031770581699634, -0.04621362476034431
0.5871729249583187, 0.6230288692318101, 0.6032037727543464, -0.044394729588673854
0.5838683903040832, 0.6262930451268474, 0.6032345965212683, -0.04219874022632958
0.5807420275883282, 0.6293750370891203, 0.6032684844254217, -0.0396443041517954
0.5778209567762158, 0.6322492295053881, 0.6033042875268037, -0.03675311368596647
0.5751305862000865, 0.6348918034274126, 0.6033407919425742, -0.033549722159107044
0.5726943765023067, 0.6372809187434161, 0.6033767600019517, -0.030061335734328596
0.570533620706288, 0.6393968791635631, 0.6034109722089785, -0.02631758262663701
0.5686672429864461, 0.6412222793115581, 0.6034422685904529, -0.02235026165398063
0.5671116185400157, 0.6427421333551797, 0.6034695880269462, -0.018193072239474903
0.5658804167516697, 0.6439439847312912, 0.603492004233088, -0.01388132814999651
0.5649844695885385, 0.6448179966255385, 0.6035087571667478, -0.009451657403567931
0.5644316668726466, 0.6453570229547618, 0.6035192788017071, -0.004941690904457875
0.5642268797549025, 0.6455566596727175, 0.6035232123895031, -0.00038974246893978945
0.5643719133656944, 0.6454152762797031, 0.6035204245569672, 0.0041655170153310495
0.5648654892485128, 0.6449340274670756, 0.6035110098290133, 0.008685388498544276
0.5657032578021801, 0.6441168448719939, 0.6034952874232236, 0.013131473920019565
0.5668778405718761, 0.6429704089598063, 0.6034737904249837, 0.017466002772730343
0.5683789018469793, 0.6415041010951883, 0.6034472477104448, 0.021652153276510044
0.5701932486524988, 0.6397299359122376, 0.6034165592305898, 0.025654365405794133
0.5723049578679413, 0.6376624741518527, 0.6033827654948885, 0.029438643093541498
0.574695528879669, 0.6353187162049603, 0.6033470122896853, 0.03297284303299047
0.5773440598762929, 0.6327179766851968, 0.6033105118280038, 0.03622694762168433
0.5802274456366466, 0.6298817404563741, 0.6032745016483247, 0.039173319736021624
0.5833205944405688, 0.626833500659617, 0.6032402026560604, 0.041786937187532604
0.5865966615572231, 0.6235985794227965, 0.6032087777303451, 0.044045604892119936
0.5900272966357875, 0.6202039320900568, 0.6031812922993925, 0.045930142978526996
0.5935829022397955, 0.6166779359804243, 0.6031586782207776, 0.047424549270228614
0.5972329007286142, 0.6130501648691548, 0.6031417021908292, 0.04851613479373368
0.6009460066957983, 0.6093511505803176, 0.6031309397536913, 0.04919563119400537
0.6046905022216779, 0.6056121332801224, 0.6031267557907811, 0.04945726917251894
0.6084345122827532, 0.6018648022628275, 0.6031292921517232, 0.049298827303679765
0.6121462777788588, 0.5981410292195442, 0.6031384628458404, 0.04872165082932739
0.6157944237855124, 0.5944725961692096, 0.6031539569571174, 0.0477306402773638
0.6193482208078513, 0.5908909204046406, 0.6031752491838788, 0.04633420999773131
0.6227778369982827, 0.5874267789591006, 0.6032016176460805, 0.04454421695562218
0.6260545794966499, 0.5841100352245843, 0.6032321683568608, 0.04237586036650989
0.6291511232536041, 0.5809693704468508, 0.6032658655291209, 0.03984755299887209
0.6320417258996657, 0.5780320228794602, 0.6033015666901199, 0.036980765206765936
0.63470242741922, 0.5753235373957846, 0.6033380614139913, 0.03379984298404483
0.6371112335762066, 0.5728675283312055, 0.6033741123593291, 0.03033180155316624
0.6392482822130137, 0.5706854582554852, 0.6034084972206869, 0.02660609621233035
0.6410959917033986, 0.5687964352568077, 0.6034400501716619, 0.02265437236307893
0.6426391909823495, 0.5672170311545373, 0.6034677013942876, 0.018510196824399073
0.6438652306998532, 0.5659611228489836, 0.6034905133541854, 0.014208772706717353
0.6447640751515665, 0.5650397587661027, 0.6035077125911296, 0.009786640267875048
0.6453283747283711, 0.564461052067087, 0.6035187159466805, 0.0052813663012939325
0.6455535187004586, 0.5642301019721504, 0.6035231503391383, 0.0007312247122999702
0.6454376682124224, 0.5643489442004744, 0.603520865414944, -0.0038251289795670747
0.6449817694168127, 0.5648165311608474, 0.6035119386472834, -0.008348986417691447
0.6441895467183067, 0.5656287421473618, 0.6034966727089092, -0.01280191563966097
0.643067476142748, 0.5667784234091987, 0.6034755852083182, -0.017146087933118136
0.6416247388887443, 0.5682554575808558, 0.6034493911375151, -0.02134459950889514
0.6398731551680945, 0.5700468615868531, 0.6034189786268536, -0.025361785232622093
0.6378270984986226, 0.5721369117803967, 0.6033853788294602, -0.02916352172991895
0.6355033906822479, 0.5745072947455941, 0.6033497309568046, -0.032717517278529354
0.6329211777849707, 0.5771372818937691, 0.6033132436513504, -0.03599358602188464
0.6301017875358652, 0.5800039257215158, 0.6032771540062949, -0.03896390418089547
0.6270685686804035, 0.5830822753756754, 0.6032426856220392, -0.04160324610235258
0.6238467129597772, 0.5863456089915261, 0.6032110071215038, -0.043889198161145185
0.620463060541835, 0.5897656801371538, 0.6031831925306651, -0.04580234872748522
0.6169458898992956, 0.5933129756099402, 0.6031601848672824, -0.04732645261735695
0.6133246933146527, 0.5969569817899242, 0.6031427641718896, -0.04844856866246491
0.6096299393854333, 0.6006664567578458, 0.6031315210644499, -0.049159169263064975
0.6058928241041325, 0.6044097054303034, 0.6031268367227298, -0.04945222102140678
0.6021450122895924, 0.6081548550470091, 0.603128869960797, -0.04932523579337001
0.5984183713455231, 0.6118701284611973, 0.6031375518454366, -0.04877929173965083
0.5947446995117535, 0.6155241128287909, 0.6031525880328913, -0.04781902420404187
0.5911554509487786, 0.6190860214594108, 0.6031734687467523, -0.04645258649352115
0.5876814601504713, 0.622525946777004, 0.603199486058942, -0.04469158088161011
0.5843526683077888, 0.625815102533905, 0.6032297578882586, -0.042550960401364774
0.5811978543426958, 0.6289260536238507, 0.6032632579032995, -0.04004890223595413
0.5782443733916284, 0.631832932041427, 0.6032988503164196, -0.0372066537515002
0.5755179055376982, 0.6345116377327389, 0.6033353283895209, -0.03404835244704212
0.5730422175674077, 0.6369400232704179, 0.6033714553465125, -0.030600821318347918
0.5708389404588691, 0.6390980614618983, 0.603406006305536, -0.02689334134393046
0.5689273651935043, 0.6409679951604363, 0.6034378098093046, -0.02295740300101623
0.5673242593221488, 0.6425344686917616, 0.6034657875453256, -0.018826438904286175
0.5660437065109664, 0.6437846404346727, 0.6034889909090053, -0.014535539828863447
0.5650969710452067, 0.6447082762012325, 0.6035066331695285, -0.0101211565291916
0.5644923889835296, 0.6452978231524438, 0.6035181161474481, -0.005620789895172241
0.5642352873372177, 0.6455484640600107, 0.6035230504989801, -0.0010726720944198883
0.5643279323030325, 0.6454581517864878, 0.6035212689188492, 0.0034845585668111505
0.5647695072123037, 0.6450276239077247, 0.6035128318137379, 0.00801218627281838
0.5655561204793546, 0.6442603974465367, 0.6034980252538455, 0.012471746993844146
0.5666808434471614, 0.643162743728718, 0.6034773512720631, 0.016825355617497505
0.5681337776449935, 0.6417436434156968, 0.6034515108398948, 0.021036028106334786
0.5699021505994191, 0.6400147218161983, 0.603421380097692, 0.025067995918264717
0.5719704389839472, 0.6379901646358378, 0.6033879806455953, 0.028887009998494043
0.574320517560603, 0.6356866143918042, 0.6033524449029586, 0.032460631748202406
0.5769318320651775, 0.633123047802472, 0.6033159777112089, 0.03575850849460631
0.5797815939221442, 0.6303206345609251, 0.6032798154823681, 0.03875263112786168
0.5828449944495938, 0.6273025780182185, 0.6032451842785138, 0.04141757173046125
0.5860954360323183, 0.6240939384372162, 0.6032132582435318, 0.04373069920239407
0.589504777604394, 0.6207214396305148, 0.6031851197963833, 0.04567237107824798
0.5930435916921187, 0.6172132599648656, 0.6031617229352156, 0.04722609993856651
0.596681430223581, 0.6135988088973457, 0.6031438608960489, 0.04837869303506437
0.6003870963109669, 0.6099084904021141, 0.6031321392620637, 0.04912036397580699
0.6041289192533239, 0.6061734548469239, 0.6031269554347063, 0.04944481555032023
0.607875030087367, 0.6024253410810504, 0.6031284851622093, 0.04934929301409641
0.6115936351276393, 0.5986960106956855, 0.6031366765819615, 0.04883460739549514
0.6152532850799418, 0.5950172766086027, 0.60315125197858, 0.04790512863409446
0.6188231374779024, 0.5914206283012009, 0.6031717171981136, 0.046568748606694604
0.6222732103761643, 0.587936956192082, 0.6031973783994181, 0.044836814344001955
0.6255746254290716, 0.5845962777614518, 0.603227365575129, 0.04272403198611406
0.6286998386851745, 0.5814274681395328, 0.60326066204522, 0.040248342266814605
0.6316228576300367, 0.5784579979351812, 0.6032961389237024, 0.03743076855383212
0.6343194432075931, 0.5757136811038669, 0.6033325933903406, 0.03429523870295048
0.6367672957394883, 0.5732184356341103, 0.6033687894701865, 0.030868382206410534
0.6389462238386472, 0.5709940597661093, 0.6034034999385391, 0.027179304328509485
0.6408382955751065, 0.5690600263447503, 0.603435547930616, 0.023259339121684007
0.6424279712968781, 0.5674332977515582, 0.6034638468450321, 0.019141783402579902
0.6437022176353887, 0.5661281636578692, 0.6034874371878801, 0.014861613937567833
0.6446506023337287, 0.5651561035971573, 0.6035055191077917, 0.01045519023878734
0.6452653696273917, 0.5645256760718116, 0.6035174795183931, 0.00595994550312288
0.6455414959830007, 0.5642424355935545, 0.6035229128880696, 0.0014140683357263964
0.6454767260630915, 0.5643088787129305, 0.603521634991737, -0.0031438220147726546
0.6450715888372691, 0.5647244197284356, 0.6035136891580529, -0.007675004121663833
0.6443293938054495, 0.5654853963870993, 0.6034993448001058, -0.012140983723776849
0.6432562073411426, 0.5665851055032907, 0.6034790882794369, -0.016503821116704023
0.6418608092057345, 0.5680138680389459, 0.6034536064133648, -0.02072645377931699
0.6401546293322772, 0.5697591228140547, 0.6034237631851547, -0.02477301146786414
0.6381516650331048, 0.5718055476585916, 0.6033905704471418, -0.028609121080106915
0.6358683788528563, 0.5741352064830607, 0.6033551536106138, -0.032202198686643146
0.6333235773700087, 0.5767277204408179, 0.6033187134862118, -0.0355217262443701
0.6305382713478664, 0.5795604610867017, 0.6032824855690202, -0.03853951064629508
0.6275355177514552, 0.5826087632077597, 0.6032476981490095, -0.041229922920724735
0.6243402442804373, 0.5858461548162989, 0.6032155306671554, -0.043570115569242285
0.6209790572195221, 0.5892446016552432, 0.603187073729025, -0.0455402162247239
0.6174800335756276, 0.5927747634718271, 0.6031632921312655, -0.047123496015856726
0.6138724986529353, 0.596406259267687, 0.60314499215415, -0.04830651124114752
0.6101867904098837, 0.6001079387299748, 0.6031327942286201, -0.049079217181287556
0.606454012142142, 0.6038481570867275, 0.6031271119040368, -0.049435053112111785
0.6027057752380925, 0.6075950507068612, 0.6031281378292924, -0.049370997819522505
0.5989739339531698, 0.6113168108765247, 0.6031358372222695, -0.048887595161033436
0.5952903143410025, 0.6149819533241588, 0.6031499490489038, -0.047988949464506936
0.5916864396569017, 0.6185595812310344, 0.6031699948719114, -0.04668269080177319
0.5881932547069821, 0.6220196396465081, 0.6031952950693661, -0.04497991042171551
0.5848408517484839, 0.6253331594219587, 0.6032249918736116, -0.04289506687268173
0.581658200648271, 0.6284724889785659, 0.6032580784498429, -0.04044586358625972
0.5786728860723124, 0.6314115124263501, 0.603293433028968, -0.03765309893201281
0.5759108545050506, 0.6341258527501726, 0.6033298569379606, -0.03454048998404391
0.573396173880797, 0.6365930589683383, 0.6033661152386907, -0.03113447146348707
0.5711508085473829, 0.6387927763473094, 0.6034009785976296, -0.027463971534314534
0.5691944121742126, 0.6407068989190084, 0.603433264966918, -0.02356016633120435
0.5675441410626546, 0.6423197036932624, 0.603461879663491, -0.019456215285562756
0.5662144901176953, 0.6436179660860685, 0.6034858524871075, -0.01518697948704328
0.5652171534984683, 0.6445910561943848, 0.6035043706183842, -0.010788725470968721
0.5645609116853457, 0.64523101564085, 0.6035168061809424, -0.006298816954971976
0.5642515463874902, 0.6455326147887391, 0.603522737532677, -0.0017553971590918635
0.5642917843728585, 0.6454933901909397, 0.6035219635638313, 0.0028029355690874923
0.5646812709391191, 0.6451136621896278, 0.603514510516774, 0.007337456040196708
0.565416573365979, 0.644396532629121, 0.6035006310961003, 0.011809641599044029
0.5664912143045734, 0.6433478626867215, 0.6034807958992455, 0.016181499759853658
0.5678957346756103, 0.6419762308691709, 0.6034556774583606, 0.02041589128618492
0.5696177852726593, 0.6402928712694257, 0.6034261274348555, 0.024476845943582
0.5716422459078149, 0.6383115922335348, 0.6033931477402974, 0.02832986822129293
0.5739513706009562, 0.6360486756536937, 0.6033578565632973, 0.03194223041229484
0.5765249570073644, 0.6335227571839379, 0.6033214504547275, 0.03528325055699102
0.5793405380070131, 0.6307546877714837, 0.6032851637571441, 0.03832455289365631
0.5823735931469975, 0.6277673770109006, 0.6032502267542064, 0.041040308616135716
0.5855977774396585, 0.6245856189605796, 0.6032178239590941, 0.04340745491443307
0.5889851648753057, 0.6212359012110659, 0.6031890539560381, 0.045405890464586804
0.5925065039109951, 0.6177461981614114, 0.6031648921562379, 0.047018645738510265
0.5961314821454413, 0.6141457496406455, 0.6031461577304987, 0.048232026720221505
0.5998289973834593, 0.6104648262036654, 0.6031334858392369, 0.04903573084013263
0.6035674323288976, 0.6067344826304675, 0.6031273061008863, 0.049422934171937834
0.6073149302194017, 0.6029863013601012, 0.603127828028271, 0.04939034917539993
0.611039668825333, 0.5992521277909497, 0.603135033926396, 0.048938252511362454
0.6147101303737637, 0.5955637995713506, 0.6031486794922847, 0.04807048270108498
0.6182953651213003, 0.5919528721834016, 0.6031683020965333, 0.04679440764907357
0.6217652464808312, 0.588450343282259, 0.6031932364660056, 0.04512086229554163
0.6250907158012635, 0.5850863783875757, 0.6032226372362938, 0.043064056910078696
0.6282440151002623, 0.5818900406276551, 0.6032555076097785, 0.040641456780571926
0.6311989062523223, 0.578889027305511, 0.6032907331481484, 0.03787363428938055
0.6339308753332824, 0.5761094160852512, 0.6033271195541403, 0.03478409460056976
0.6364173210130591, 0.5735754235837097, 0.6033634331619213, 0.03139907640590459
0.6386377260672831, 0.5713091790937896, 0.6033984427635514, 0.027747329391407893
0.6405738112426763, 0.5693305160613656, 0.6034309613535014, 0.023859870288606783
0.6422096708583972, 0.5676567837868025, 0.6034598863757797, 0.019769719563063816
0.6435318896550698, 0.5663026816264264, 0.6034842371088325, 0.01551162096531429
0.6445296405145743, 0.5652801177310159, 0.6035031879202719, 0.011121746323829012
0.6451947627676293, 0.5645980940812061, 0.6035160962634579, 0.006637388094102871
0.645521820884222, 0.5642626192682533, 0.6035225244662086, 0.002096642290599648
0.6455081434063087, 0.5642766501285874, 0.6035222545724473, -0.0024619154825538904
0.6451538420358054, 0.5646400629784313, 0.6035152957332492, -0.006999558121860393
0.6444618108370807, 0.565349654817628, 0.6035018838965222, -0.011477736416867234
0.643437705555619, 0.5663991744872018, 0.6034824738058461, -0.015858406913623908
0.6420899030971765, 0.5677793833809067, 0.6034577235799434, -0.020104355432445917
0.6404294412583802, 0.5694781449347872, 0.6034284723959523, -0.02417951346394258
0.6384699388540684, 0.5714805417581547, 0.6033957120336046, -0.028049264733666285
0.6362274964520344, 0.5737690189314197, 0.6033605532456001, -0.03168073931683909
0.6337205780050724, 0.5763235516873397, 0.6033241880948707, -0.03504309279905628
0.63096987376551, 0.5791218354180052, 0.6032878495360746, -0.03810776811502377
0.6279981449802308, 0.5821394957149381, 0.6032527696119698, -0.04084873785340464
0.6248300509951253, 0.5853503159574649, 0.6032201376820888, -0.04324272498973045
0.6214919595466945, 0.5887264798174199, 0.6031910600998648, -0.045269400198993594
0.6180117411839652, 0.5922388259473381, 0.6031665227050765, -0.04691155410287705
0.6144185489438307, 0.5958571120644871, 0.6031473574028808, -0.04815524302153841
0.6107425845944121, 0.5995502856331363, 0.6031342139620762, -0.048989907024461876
0.6070148529602531, 0.6032867583799651, 0.6031275379882617, -0.04940845930725357
0.6032669060455874, 0.6070346819491307, 0.6031275558182503, -0.04940734615963403
0.5995305788724791, 0.6107622221100611, 0.6031342668475455, -0.04898657703263901
0.5958377191438398, 0.6144378290676068, 0.6031474435508315, -0.04814972445866045
0.5922199130213802, 0.6180305015854026, 0.6031666391947866, -0.04690389382498207
0.5887082094696572, 0.6215100428134356, 0.6031912029819004, -0.045259663248485446
0.5853328457537934, 0.6248473059040552, 0.603220302112188, -0.043230994044807555
0.5821229767848309, 0.6280144277012669, 0.6032529500152649, -0.040835112527974435
0.5791064110780912, 0.6309850489905657, 0.6032880397960886, -0.03809236411488165
0.5763093561222065, 0.633734519995745, 0.6033243817608789, -0.035026040941321654
0.573756175946302, 0.6362400900005615, 0.6033607437513329, -0.031662184420805026
0.5714691636177598, 0.6384810801530111, 0.6033958929198736, -0.028029364392330416
0.5694683313018448, 0.6404390386753217, 0.603428637529653, -0.024158436706528466
0.5677712203671376, 0.6420978778514729, 0.6034578673620097, -0.020082281289189395
0.5663927338282574, 0.6434439922948777, 0.6034825913611008, -0.015835522894973367
0.5653449931822075, 0.6444663581115969, 0.6035019712389885, -0.011454236920023208
0.564637221420227, 0.6451566126696434, 0.6035153499013137, -0.006975642778243654
0.5642756536879934, 0.6455091147640981, 0.6035222737292877, -0.0024377874603377626
0.5642634767289157, 0.645520985033053, 0.6035225079620812, 0.0021207780143402623
0.5646007978845331, 0.6451921265336906, 0.6035160446577307, 0.00666132647678808
0.5652846440497491, 0.6445252254344211, 0.603503102962456, 0.011145284001333838
0.5663089905963238, 0.6435257318216185, 0.6034841216792562, 0.01553455798150312
0.567664819893467, 0.6422018206619831, 0.6034597443879155, 0.019791861070047045
0.5693402086772826, 0.6405643330077692, 0.6034307976212621, 0.023881028203140555
0.5713204431587771, 0.6386266975857686, 0.6033982628380575, 0.02776732399326541
0.5735881604202457, 0.636404832975359, 0.6033632431432727, 0.03141773786458451
0.5761235143385933, 0.6339170306590564, 0.603326925884583, 0.03480126441736307
0.5789043639971377, 0.6311838193230227, 0.6032905423936441, 0.03788916664258431
0.5819064823094214, 0.6282278108964587, 0.6032553262373886, 0.0406552197625072
0.5851037823830489, 0.6250735289483879, 0.6032224713949227, 0.043075933645527684
0.5884685590010271, 0.6217472202078173, 0.6031930917779391, 0.04513075193225642
0.5919717424937143, 0.618276650137509, 0.6031681834668344, 0.04680222621211372
0.5955831622162655, 0.6146908836705561, 0.6031485909425096, 0.04807616380390306
0.5992718168332015, 0.6110200524097057, 0.6031349784582649, 0.04894174791776551
0.6030061486411733, 0.6072951097881459, 0.6031278075219115, 0.04939162920776048
0.6067543192298076, 0.6035475758928344, 0.6031273212511011, 0.04942198796230245
0.6104844838846221, 0.5998092738523395, 0.6031335361319495, 0.04903256642216883
0.6141650622704896, 0.5961120598851086, 0.6031462414601806, 0.04822667096125042
0.6177650030937017, 0.5924875492853218, 0.6031650064837237, 0.0470111441121817
0.6212540406196094, 0.5889668407862114, 0.6031891950047695, 0.045396306666059365
0.6246029411152879, 0.5855802418791923, 0.6032179869465353, 0.043395870321219304
0.6277837374869036, 0.5823569977759397, 0.6032504061539729, 0.04102682159904886
0.6307699505839421, 0.5793250267747567, 0.6032853534863541, 0.03830927798354533
0.633536795842029, 0.576510664827912, 0.6033216440802254, 0.03526631747416721
0.6360613741282448, 0.5739384220997144, 0.6033580475197591, 0.03192378296672081
0.6383228458336913, 0.5716307542534748, 0.6033933295528253, 0.028310063092719988
0.6403025874245892, 0.5696078511078133, 0.6034262939385128, 0.024455851351870603
0.6419843298131853, 0.5678874451588686, 0.6034558230072029, 0.020393885563012353
0.6433542780419449, 0.5664846422758325, 0.6034809155577626, 0.016158669833895925
0.6444012118885691, 0.5654117766451523, 0.6035007208065722, 0.01178618140750302
0.6451165670958499, 0.5646782917671063, 0.6035145672368677, 0.00731356488021556
0.6454944970106614, 0.5642906490018167, 0.603521985369763, 0.0027788164031536814
0.6455319144826479, 0.5642522648256375, 0.6035227236844509, -0.0017795394292299267
0.6452285139281387, 0.5645634775995598, 0.603516757147443, -0.0063227772310543075
0.6445867735119266, 0.5652215442759317, 0.6035042880614776, -0.010812300202662113
0.6436119374423014, 0.5662206670857957, 0.6034857392052851, -0.01520996840307589
0.6423119784171062, 0.5675520498643227, 0.6034617394969736, -0.019478423096687594
0.6406975403043821, 0.569203983293905, 0.6034331026674349, -0.02358140439038651
0.6387818611941337, 0.571161957981048, 0.6034007996672932, -0.02748405943993712
0.6365806770212705, 0.5734088039414189, 0.6033659257434317, -0.03115323859189511
0.6341121060367693, 0.5759248547537856, 0.6033296633018511, -0.034557776938395256
0.6313965144968938, 0.5786881343638546, 0.6032932418164075, -0.03766875889516347
0.6284563640504172, 0.5816745642779105, 0.603257896142994, -0.04045976356627188
0.6253160414320277, 0.5848581886873885, 0.603224824652632, -0.042907088830495335
0.6220016712162545, 0.5882114149115345, 0.603195148602886, -0.044989952271555084
0.6185409125493122, 0.5917052664374752, 0.6031698741248581, -0.04669066727596219
0.6149627409541999, 0.5953096457753584, 0.6031498581141882, -0.04799479283552022
0.6112972164943868, 0.598993604329677, 0.6031357791820369, -0.04889125581482283
0.6075752397797325, 0.6027256165142276, 0.6031281146504409, -0.04937244467539602
0.603828297500548, 0.6064738554041658, 0.6031271243715414, -0.04943427388571614
0.6000881993768974, 0.6102064673202225, 0.6031328419189236, -0.04907621848853923
0.5963868086048963, 0.6138918428725639, 0.6031450734495215, -0.04830131854226012
0.5927557680641622, 0.6174988821496427, 0.6031634042746387, -0.04711615339992355
0.5892262247148818, 0.6209972519150835, 0.6031872129174595, -0.04553078603662088
0.5858285547534356, 0.6243576328672951, 0.6032156921807555, -0.043558677881914296
0.5825920922067056, 0.6275519552163441, 0.6032478765109295, -0.04121657485719654
0.5795448637221562, 0.6305536210351321, 0.6032826747311372, -0.0385243655570017
0.5767133323491389, 0.6333377120418612, 0.6033189070341688, -0.035504912746618905
0.5741221531032451, 0.63588118166365, 0.6033553449812873, -0.032183859574193924
0.5717939430572905, 0.6381630304129745, 0.6033907531511619, -0.028589412111973994
0.5697490686083255, 0.6401644637762958, 0.6034239310269293, -0.024752100046498506
0.5680054524295853, 0.6418690319655246, 0.6034537537011508, -0.020704517529303454
0.5665784024304901, 0.643262751016529, 0.6034792100183346, -0.01648104637599742
0.5654804648188378, 0.644334204834304, 0.603499436861429, -0.012117563960292897
0.5647213030905099, 0.6450746278821705, 0.6035137484193283, -0.00765113828872134
0.5643076044678242, 0.6454779682938195, 0.6035216594425881, -0.003119712859449275
0.56424301497351, 0.6455409312542041, 0.6035229016983896, 0.0014382159968267909
0.5645281039695234, 0.6452630025510381, 0.6035174330664947, 0.005983926525887622
0.5651603586154871, 0.6446464522461851, 0.6035054389675774, 0.01047880089642744
0.5661342083179479, 0.6436963184592001, 0.6034873260754691, 0.01488465365326904
0.5674410788566078, 0.6424203712975457, 0.6034637085266592, 0.01916405645509049
0.5690694754949724, 0.6408290570134128, 0.6034353870949185, 0.02328065630921011
0.5710050940181222, 0.6389354225193868, 0.6034033220375702, 0.02719948457667764
0.5732309582966485, 0.6367550204578248, 0.6033686005345474, 0.030887254106574148
0.5757275826598754, 0.6343057950946981, 0.6033323998247027, 0.034312641967755936
0.578473157079031, 0.6316079494002018, 0.6032959472896472, 0.037446555377710904
0.5814437529169101, 0.628683793787215, 0.603260478838774, 0.04026237857992286
0.5846135467985012, 0.6255575771055456, 0.6032271970065217, 0.042736198591185284
0.5879550599996921, 0.6222553006347642, 0.6031972301825416, 0.04484700792660507
0.5914394106398309, 0.618804515980254, 0.6031715943568093, 0.04657688261048469
0.5950365758988478, 0.6152341079540401, 0.603151158676331, 0.047911133993798455
0.5987156614597661, 0.6115740637111586, 0.6031366159807494, 0.04883843312157522
0.6024451754006588, 0.6078552296101597, 0.6031284593153254, 0.04935090662427748
0.6061933038232895, 0.6041090574684933, 0.6031269652171495, 0.04944420334443478
0.6099281856047546, 0.600367342084949, 0.6031321843408766, 0.04911753115170514
0.6136181837887432, 0.5966619520966897, 0.6031439397416052, 0.04837366364463851
0.6172321512891924, 0.5930245564219334, 0.603161832873074, 0.04721891668425173
0.620739688755498, 0.5894863487051856, 0.6031852570979478, 0.0456630949516648
0.6241113926392844, 0.586077772324404, 0.6032134182524475, 0.04371940896810014
0.6273190917021378, 0.582828248633022, 0.6032453615685203, 0.04140436325905841
0.6303360704061981, 0.5797659111894324, 0.6032800040412548, 0.03873761658395956
0.6331372778298285, 0.5769173487679459, 0.6033161711446426, 0.035741815386365644
0.6356995209441061, 0.5743073599448211, 0.6033526366512716, 0.032442401846356925
0.6380016412686547, 0.5719587220081565, 0.6033881642061854, 0.028867398133874515
0.64002467409417, 0.5698919768496953, 0.603421549245495, 0.025047168667905573
0.6417519896115584, 0.5681252363595654, 0.603451659838458, 0.02101416237922879
0.6431694154225208, 0.5666740096625054, 0.6034774750680519, 0.016802637151958177
0.6442653400231857, 0.5655510543083031, 0.6034981196483947, 0.012448368779236215
0.645030796951421, 0.5647662532631795, 0.6035128936048328, 0.00798834690910638
0.6454595293710657, 0.5643265192471415, 0.6035212960099055, 0.0034604605759492035
0.6455480349344876, 0.5642357276302106, 0.603523041969939, -0.0010968239907861502
0.6452955908213766, 0.5644946787441963, 0.6035180722859774, -0.005644790516907251
0.6447042588997033, 0.5651010900932608, 0.6035065554612666, -0.01014480198281165
0.6437788709979642, 0.5660496185633335, 0.6034888819871828, -0.01455862924162046
0.6425269943199978, 0.5673319123452424, 0.6034656511014724, -0.018848776132297296
0.6409588770787202, 0.5689366919069859, 0.6034376504680699, -0.02297879829678711
0.6390873744767811, 0.5708498589845097, 0.6034058294678736, -0.02691361296899738
0.6369278552238831, 0.5730546322148873, 0.6033712670065429, -0.03061979708727279
0.6344980888553309, 0.5755317077175933, 0.6033351349312903, -0.03406587118962419
0.6318181142066678, 0.5782594426444099, 0.6032986582974408, -0.03722256668081071
0.6289100895067082, 0.5812140594713686, 0.6032630738322203, -0.040063074210647684
0.6257981246767921, 0.5843698686008232, 0.6032295880041955, -0.042563271071659844
0.6225080965675838, 0.5876995066809492, 0.6031993361199556, -0.04470192570935064
0.6190674480253927, 0.5911741879351933, 0.6031733438346409, -0.04646087763782335
0.6155049718558536, 0.5947639657256545, 0.6031524923809152, -0.04782519126517842
0.6118505809412091, 0.5984380015511952, 0.6031374886948099, -0.04878328235502542
0.608135065964775, 0.6021648387011695, 0.6031288414508121, -0.04932701608067264
0.6043898423981451, 0.6059126778459724, 0.6031268438182397, -0.04945177586530859
0.6006466886083732, 0.60964965194217, 0.6031315635231609, -0.049156502443102046
0.5969374771383774, 0.6133440979581031, 0.603142840552575, -0.048443702821062334
0.5932939013984097, 0.6169648230802657, 0.6031602925786359, -0.0473194290682558
0.5897472001738293, 0.6204813632358573, 0.6031833279191448, -0.0457932271061423
0.586327882498814, 0.6238642319568315, 0.6032111655951864, -0.04387805591997425
0.5830654555615449, 0.6270851578097448, 0.6032428618062854, -0.041590177854957895
0.5799881583887928, 0.6301173088181622, 0.6032773419259557, -0.03894902090070711
0.5771227041022111, 0.6329355025049994, 0.6033134369333374, -0.03597701410182675
0.5744940335414832, 0.6355164003763925, 0.6033499230461564, -0.032699397459535526
0.5721250830080518, 0.6378386858523732, 0.6033855632115835, -0.029144007907234565
0.570036568795876, 0.6398832248195986, 0.6034191490484038, -0.025341043149898046
0.5682467910420933, 0.6416332081352233, 0.6034495418184229, -0.021322805351066818
0.5667714592513458, 0.6430742755472828, 0.6034757110377792, -0.017123426829966384
0.5656235416248331, 0.6441946206150581, 0.6034967694186819, -0.01277858009275799
0.5648131400620543, 0.6449850763132394, 0.6035120029564226, -0.00832517466413438
0.5643473924039752, 0.6454391810874582, 0.6035208951410566, -0.0038010433064839
0.5642304031563208, 0.6455532251979436, 0.603523144472389, 0.0007553796880311072
0.5644632035770264, 0.6453262772453091, 0.6035186746840373, 0.00530538537334583
0.5650437416394822, 0.6447601908210218, 0.6035076373296832, 0.009810319385838519
0.5659669020005064, 0.6438595912685189, 0.6034904066437721, 0.014231910711533378
0.5672245557166467, 0.6426318425830582, 0.6034675668510269, 0.01853259715894804
0.5688056390722821, 0.6410869945230769, 0.6034398923553326, 0.02267584474325099
0.5706962605156743, 0.6392377100568922, 0.6034083214801103, 0.026626458244269686
0.572879834351879, 0.6370991733294452, 0.6033739246510006, 0.030350880282880896
0.575337239520947, 0.6346889784075359, 0.603337868100112, 0.033817476366193755
0.5780470015020626, 0.6320269991510691, 0.6033013743228799, 0.03699680348017136
0.580985495134107, 0.6291352406639551, 0.6032656806285468, 0.03986185995714299
0.5841271659346087, 0.6260376729024565, 0.6032319971897635, 0.042388314513096395
0.5874447673348367, 0.6227600471609551, 0.6032014660135919, 0.04455471253363279
0.5909096111305445, 0.619329696314522, 0.6031751222247824, 0.046342657885933884
0.5944918283758963, 0.6157753198724918, 0.6031538589736424, 0.047736968744934244
0.5981606379215707, 0.6121267550848106, 0.6031383971578138, 0.04872580614310741
0.6018846198149969, 0.6084147355397438, 0.6031292609840319, 0.049300774182939766
0.6056319908380914, 0.6046706388933205, 0.6031267601979501, 0.04945699108748951
0.6093708795518756, 0.6009262255727784, 0.6031309795841371, 0.04919313050572832
0.6130695983432909, 0.5972133704928937, 0.6031417760919978, 0.04851143273408742
0.6166969101221615, 0.5935637900097478, 0.603158783684995, 0.04741768576229093
0.6202222874899994, 0.5900087665053435, 0.6031814257488706, 0.045921176298747604
0.6236161623913753, 0.5865788731428293, 0.6032089346384693, 0.0440346111770744
0.6268501644570654, 0.5833037014502797, 0.603240377700839, 0.0417740097893132
0.6298973464505699, 0.5802115944760586, 0.6032746888928123, 0.03915856843158131
0.6327323954305257, 0.5773293883061434, 0.6033107049215746, 0.036210497682674744
0.6353318284363841, 0.5746821647398571, 0.6033472046833372, 0.03295483416382025
0.6376741716893113, 0.5722930178824087, 0.603382950663284, 0.029419228246513746
0.6397401224713629, 0.5701828373288274, 0.6034167308932965, 0.025633709483249036
0.641512693001108, 0.5683701104837715, 0.6034474000448832, 0.021630431730895513
0.6429773357614764, 0.5668707463859208, 0.6034739182638559, 0.01744340011643258
0.644122049855096, 0.565697923186139, 0.6034953864297262, 0.013108182157600259
0.6449374680640062, 0.5648619611683854, 0.6035110766438981, 0.008661605494738139
0.6454169243755851, 0.5643702229056555, 0.6035204569124494, 0.0041414448127485666
0.6455565018067102, 0.5642270418153035, 0.6035232091861645, -0.0004138993679922438
0.6453550604162208, 0.564433680025041, 0.6035192401457774, -0.004965727277294267
0.6448142454448197, 0.5649883160895947, 0.603508684366503, -0.00947536905263022
0.6439384755652188, 0.5658860627157891, 0.6034918997544846, -0.01390451363955161
0.6427349112674245, 0.5671190142684461, 0.6034694554100012, -0.018215534608580417
0.6412134034484129, 0.5686763234486768, 0.6034421123292018, -0.022371810091022
0.6393864223259064, 0.5705443061676195, 0.6034107975990888, -0.026338034091096394
0.6372689668559813, 0.5727065732896883, 0.603376572961153, -0.030080516511934514
0.6348784549069316, 0.5751441875967023, 0.6033405988100078, -0.033567469337127495
0.6322345945296598, 0.5778358440338375, 0.603304094848085, -0.03676927653613286
0.6293592367696739, 0.580758071045233, 0.603268298730711, -0.039658745409178436
0.6262762105885626, 0.5838854505953184, 0.603234424103872, -0.042211337253412265
0.6230111406036511, 0.5871908543043312, 0.6032036194573577, -0.04440537541487702
0.6195912485127293, 0.5906456930047884, 0.6031769291881703, -0.046222228988339595
0.6160451392444758, 0.5942201769502359, 0.6031552581939748, -0.04764647063699629
0.6124025730619382, 0.5978835838777262, 0.6031393411965813, -0.048666007224580046
0.6086942250426854, 0.6016045321392649, 0.6031297178350327, -0.04927218218149257
0.6049514335608248, 0.6053512561719666, 0.6031267143722662, -0.049459848762466584
0.6012059395981485, 0.6090918816681027, 0.6031304326351881, -0.049227413594251035
0.5974896189088746, 0.612794697929924, 0.6031407465628817, -0.04857685015632588
0.5938342092491394, 0.6164284250449846, 0.6031573064799016, -0.04751368208422397
0.5902710350527186, 0.6199624736900416, 0.6031795509498636, -0.04604693643223137
0.586830732082684, 0.623367195559702, 0.6032067258077277, -0.044189067278657665
0.5835429747091813, 0.6266141226139599, 0.6032379097258839, -0.04195585030107796
0.5804362085512371, 0.6296761935410489, 0.6032720454477395, -0.03936624918946732
0.57753739127082, 0.6325279660332428, 0.6033079756303309, -0.03644225500038957
0.5748717443166461, 0.6351458136686929, 0.6033444820811894, -0.03320869978367109
0.5724625183805531, 0.637508106377868, 0.6033803270594827, -0.02969304603246838
0.5703307752489042, 0.6395953736453618, 0.6034142952413006, -0.025925153716389038
0.5684951886048466, 0.6413904497542174, 0.6034452349262607, -0.021937026853317283
0.566971866164843, 0.6428786005188731, 0.6034720970881501, -0.017762541756743373
0.5657741953165535, 0.6440476310736617, 0.6034939709452507, -0.013437159259598363
0.5649127141678626, 0.6448879743867488, 0.6035101148438954, -0.008997623360810541
0.5643950096226945, 0.6453927602555156, 0.6035199814076421, -0.004481648865102189
0.5642256437734848, 0.6455578646106158, 0.6035232360989113, 7.239931180645537e-05
0.5644061095487631, 0.645381939014771, 0.6035197685633517, 0.004625832422904775
0.5649348161841048, 0.6448664202920111, 0.603509696372044, 0.00913996695262172
0.5658071047030504, 0.6440155202669875, 0.6034933610345719, 0.013576453634591108
0.5670152932091814, 0.6428361956360782, 0.6034713164182358, 0.01789760359688624
0.5685487514091163, 0.6413380980360476, 0.6034443099663205, 0.022066708834094985
0.5703940034164839, 0.6395335044258985, 0.603413257352608, 0.026048354258631702
0.5725348575362523, 0.6374372279567564, 0.6033792114319675, 0.02980871866198219
0.5749525614038893, 0.6350665095762571, 0.6033433265402358, 0.03331586201897045
0.5776259805608185, 0.632440890700573, 0.6033068193542578, 0.03653999669313107
0.5805317982915656, 0.6295820673906856, 0.6032709276394477, 0.039453740247116356
0.5836447343330163, 0.6265137265909495, 0.6032368682837149, 0.04203234772684352
0.586937779895236, 0.6232613651274961, 0.6032057960405967, 0.044253921469735474
0.5903824463081158, 0.6198520923209452, 0.6031787643802168, 0.04609959668383874
0.5939490245292341, 0.6163144172405645, 0.6031566897750726, 0.04755370125372531
0.5976068527150731, 0.6126780218128601, 0.6031403206310668, 0.04860388844886999
0.6013245890683389, 0.6089735211932845, 0.6031302119166663, 0.04924124143871263
0.6050704872257305, 0.6052322130110804, 0.6031267063498906, 0.04946034875405038
0.6088126715392953, 0.6014858172994865, 0.6031299227805715, 0.04925935007506173
0.6125194097259917, 0.5977662091212969, 0.6031397521615041, 0.04863995197057153
0.6161593805090732, 0.5941051460874451, 0.6031558612449993, 0.04760741345962809
0.6197019340458403, 0.5905339931380325, 0.6031777038795857, 0.04617050151366267
0.6231173431234343, 0.5870834471052929, 0.6032045395241226, 0.04434141686402691
0.6263770433017721, 0.5837832637007411, 0.6032354583520023, 0.042135690724129385
0.6294538603848693, 0.5806619896590793, 0.6032694120947866, 0.039572053276245085
0.6323222238032663, 0.5777467028247049, 0.6033052495800321, 0.03667227500875968
0.6349583646863052, 0.5750627629791077, 0.6033417557588718, 0.03346098221846837
0.637340497589349, 0.5726335761761384, 0.6033776929004728, 0.029965448212747492
0.6394489850143448, 0.5704803752752382, 0.6034118425568777, 0.026215361956041613
0.641266484019757, 0.568622019239538, 0.6034430468754381, 0.022242576102128993
0.6427780743561843, 0.5670748135966963, 0.6034702478579649, 0.018080836535959204
0.6439713676861829, 0.5658523542472351, 0.6034925232352025, 0.013765495714400588
0.6448365975510628, 0.5649653965507491, 0.6035091177398516, 0.009333212241940888
0.6453666898347685, 0.5644217513288479, 0.6035194687173419, 0.004821639243314857
0.6455573135471938, 0.5642262091000487, 0.6035232252055324, 0.0002691041984336244
0.645406911808954, 0.5643804935121306, 0.6035202598360315, -0.004285717015644456
0.6449167129698499, 0.5648832445684323, 0.6035106731533637, -0.008804129076824992
0.6440907218374715, 0.5657300318634904, 0.603494790205421, -0.013247746337221646
0.6429356910344887, 0.566913397658032, 0.6034731495208963, -0.017578819281015665
0.6414610725469373, 0.5684229292413364, 0.6034464848476637, -0.021760555517372188
0.6396789495751255, 0.5702453596581428, 0.6034157002716631, -0.02575743255595106
0.6376039488571654, 0.572364695524923, 0.6033818395603616, -0.029535499688994025
0.6352531337057485, 0.5747623703332984, 0.6033460507706943, -0.033062666404605465
0.6326458780842461, 0.5774174213427855, 0.6033095473219132, -0.036308974879204065
0.6298037221503785, 0.580306687906061, 0.6032735668535015, -0.039246854241473755
0.6267502098157723, 0.5834050288517675, 0.603239329263261, -0.04185135446356631
0.6235107090078947, 0.5866855563755513, 0.6032079953482993, -0.04410035791577051
0.6201122154765081, 0.5901198837613603, 0.6031806274510059, -0.04597476681625407
0.6165831411583547, 0.5936783841727024, 0.6031581534439765, -0.047458665015730796
0.612953088298762, 0.5973304577169501, 0.603141335274519, -0.04853945277595947
0.6092526107239334, 0.6010448039931803, 0.6031307431347206, -0.04920795342890913
0.6055129638587831, 0.6047896973826903, 0.6031267361323455, -0.049458491038403433
0.6017658452874768, 0.6085332624274875, 0.6031294501174908, -0.04928893842637805
0.5980431278521459, 0.612243746761256, 0.6031387930774529, -0.04870073516997189
0.594376587473861, 0.6158897892044236, 0.6031544482558342, -0.04769887542202375
0.5907976280531071, 0.6194406808044431, 0.6031758848902002, -0.0462918656547376
0.5873370059588909, 0.6228666167885166, 0.6032023762044969, -0.044491652672904364
0.584024556740603, 0.6261389375928501, 0.6032330240465839, -0.042313522487704876
0.5808889267896666, 0.6292303573345034, 0.6032667893360439, -0.03977597088328469
0.5779573127342049, 0.6321151782935985, 0.6033025272904488, -0.03690054674443207
0.5752552113655676, 0.6347694901702302, 0.6033390262362104, -0.033711669443113615
0.5728061828676052, 0.6371713530676495, 0.6033750486885072, -0.030236421802539142
0.5706316300461426, 0.6393009633276396, 0.6034093733076812, -0.026504320367910117
0.5687505961363798, 0.641140801502901, 0.6034408363096109, -0.022547064911043385
0.5671795836003174, 0.6426757618928759, 0.6034683709258921, -0.018398269279564755
0.5659323961163808, 0.6438932631930114, 0.6034910435756106, -0.014093175868240987
0.5650200057120267, 0.6447833399130203, 0.6035080855218732, -0.009668356138202952
0.5644504467011946, 0.6453387143082676, 0.603518918939287, -0.00516139973736361
0.5642287377670431, 0.6455548486416853, 0.6035231765080805, -0.0006105948804774682
0.5643568331824338, 0.6454299776541489, 0.603520713870116, 0.003945397271501529
0.5648336037927763, 0.6449651211720268, 0.6035116145241834, 0.008467871437045417
0.5656548480054366, 0.6441640768251836, 0.6034961869944928, 0.012918407418900296
0.5668133326445436, 0.6430333928908004, 0.6034749543684244, 0.01725919685883525
0.5682988631475318, 0.6415823213219101, 0.6034486365585089, 0.021453364735951705
0.5700983822078203, 0.6398227510683046, 0.6034181258904293, 0.025465282851374477
0.5721960956140284, 0.6377691218550559, 0.6033844568452019, 0.029260872616726986
0.5745736237069927, 0.6354383186535049, 0.6033487709819331, 0.032807894562664607
0.577210176577683, 0.632849547163824, 0.6033122782308976, 0.03607622210545568
0.5800827508672453, 0.6300241907291506, 0.6032762158696501, 0.039038097252441575
0.5831663458090406, 0.6269856492199815, 0.6032418065732804, 0.04166836608927563
0.5864341959748582, 0.6237591605643511, 0.6032102169611377, 0.043944692071096574
0.5898580180553659, 0.6203716057537093, 0.6031825180453272, 0.04584774533414007
0.593408268919056, 0.6168512983248501, 0.6031596489216362, 0.04736136645164564
0.5970544121539767, 0.6132277595023412, 0.6031423849335087, 0.04847270327623116
0.6007651903007016, 0.6095314803803459, 0.6031313113879453, 0.04917231973823362
0.6045089000306895, 0.6057936727235259, 0.6031268037139903, 0.04945427570402635
0.608253667607677, 0.602046010169118, 0.6031290147361079, 0.04931617723830078
0.611967722086644, 0.5983203618110544, 0.6031378694936399, 0.04875919685815669
0.6156196638501085, 0.594648520336554, 0.6031530677818667, 0.04778806361307758
0.6191787262495347, 0.5910619270601326, 0.603174094328581, 0.04641102307204535
0.6226150283046908, 0.5875913963536421, 0.6032002362613796, 0.044639767545763966
0.6258998166100574, 0.5842668420981513, 0.6032306072738292, 0.04248933711679613
0.6290056947991762, 0.5811170088789688, 0.603264177671648, 0.03997799229189985
0.6319068391197104, 0.5781692107041858, 0.6032998092806953, 0.03712705932742113
0.6345791988691252, 0.5754490800458946, 0.603336294033699, 0.03396074950858902
0.6370006806289301, 0.572980329978615, 0.603372394927814, 0.03050595388517626
0.6391513154108703, 0.5707845321194909, 0.6034068879645741, 0.026792015177324536
0.6410134079885559, 0.5688809129585445, 0.603438603650313, 0.02285047876437108
0.6425716678309771, 0.5672861710050526, 0.6034664666498424, 0.01871482485418044
0.64381332117928, 0.5660143169694205, 0.6034895322486273, 0.014420184098674217
0.6447282039150728, 0.5650765389515228, 0.6035070183867866, 0.0100030390709072
0.6453088349582907, 0.5644810943201892, 0.6035183321783016, 0.005500914148195805
0.6455504700070379, 0.5642332296493656, 0.6035230900158257, 0.0009520564526838602
0.6454511354931646, 0.5643351297302291, 0.6035211305790036, -0.0036048894162211383
0.6450116426787613, 0.5647858963119603, 0.6035125203049682, -0.008131210065127986
0.6442355818636407, 0.5655815568441226, 0.6034975511354057, -0.012588452581234075
0.6431292967160163, 0.5667151031083413, 0.6034767306166228, -0.016938751568212812
0.6417018387818911, 0.5681765592440019, 0.6034507646885137, -0.021145151134441237
0.6399649022768823, 0.5699530782996747, 0.6034205337463322, -0.02517191907181568
0.6379327393210448, 0.5720290660864077, 0.603387062787369, -0.02898485053611409
0.6356220558458505, 0.5743863307777988, 0.6033514866552107, -0.032551558636964836
0.6330518884855655, 0.577004256401069, 0.6033150115604338, -0.03584174946554121
0.6302434628648577, 0.5798599980986289, 0.6032788741827366, -0.038827479229425574
0.62722003381181, 0.5829286968150955, 0.6032442997413623, -0.04148339132478558
0.6240067081609896, 0.5861837108836849, 0.603212460455462, -0.043786931354043185
0.6206302509643509, 0.5895968618503379, 0.6031844358026519, -0.045718538290511465
0.617118876097047, 0.5931386917846586, 0.6031611759228651, -0.04726181019792242
0.6135020224284145, 0.5967787292833915, 0.6031434694078591, -0.04840364313033328
0.6098101169221833, 0.6004857613731082, 0.6031319165679574, -0.04913434206461573
0.6060743262304464, 0.6042281085614629, 0.6031269090819106, -0.04944770295176499
0.6023262985483817, 0.6079739003671988, 0.6031286167194148, -0.049341065212893026
0.59859789769596, 0.6116913487736404, 0.6031369815861475, -0.048815334249387166
0.5949209315833162, 0.6153490171936915, 0.6031517200863018, -0.047874973782820296
0.5913268773923172, 0.618916082700882, 0.6031723325361347, -0.04652796808735505
0.5878466059622731, 0.622362589464975, 0.6031981201028032, -0.04478575442418273
0.5845101079971204, 0.6256596915262858, 0.6032282084945634, -0.0426631262325638
0.5813462248094251, 0.6287798832444097, 0.6032615775995929, -0.04017810787382192
0.5783823863785241, 0.6316972159591333, 0.6032970960690538, -0.03735180196163878
0.5756443595220104, 0.6343874995989262, 0.6033335596723353, -0.0342082105425391
0.5731560089585094, 0.6368284881612862, 0.6033697321244417, -0.03077403161276479
0.5709390739731289, 0.6390000481656746, 0.6034043870014992, -0.02707843266991073
0.5690129632841961, 0.6408843093411248, 0.6034363493233104, -0.023152803197725686
0.567394570551051, 0.6424657969548876, 0.6034645353929677, -0.019030488168296906
0.5660981127592444, 0.6437315453147571, 0.603487989542479, -0.014746504815333586
0.5651349934740671, 0.6446711920859499, 0.6035059165381176, -0.01033724508337589
0.5645136926697515, 0.6452770531544147, 0.6035177085463114, -0.005840166288514735
0.5642396845247754, 0.6455441778438913, 0.6035229657452963, -0.0012934726348107438
0.56431538422928, 0.6454703843562726, 0.6035215098832664, 0.003264209684517995
0.5647401244853004, 0.6450562753568801, 0.6035133903230273, 0.007794161012178913
0.5655101620014845, 0.6443052336714876, 0.6034988823680635, 0.012257897555217383
0.5666187138988645, 0.6432233981041726, 0.6034784779268129, 0.016617498686277224
0.56805602356083, 0.6418196194281299, 0.6034528688319023, 0.020835929406246526
0.5698094550864231, 0.6401053966493117, 0.6034229233802582, 0.024877355202105204
0.5718636151489797, 0.6380947936988349, 0.6033896568899779, 0.02870744660462813
0.5742005007288218, 0.63580433677769, 0.6033541972727178, 0.032293670845916354
0.5767996708855877, 0.6332528926592363, 0.6033177467893449, 0.03560556813512589
0.5796384404681424, 0.6304615283532435, 0.603281541285888, 0.0386150102105592
0.5826920934323874, 0.6274533526512408, 0.6032468082921218, 0.04129643898560012
0.5859341132528844, 0.6242533402070571, 0.603214725403493, 0.043627083282786944
0.5893364277752053, 0.6208881389582771, 0.6031863803573096, 0.04558715184253986
0.5928696657631738, 0.6173858618624966, 0.603162734156497, 0.04716000099859717
0.596503422348404, 0.6137758641045079, 0.6031445884907786, 0.048332275629013086
0.6002065305872553, 0.6100885071236686, 0.6031325585593502, 0.04909402221766763
0.603947336370001, 0.6063549110108524, 0.6031270522159969, 0.04943877309478553
0.6076939740051012, 0.6026066970268457, 0.60312825614328, 0.04936360116422546
0.6114146399136837, 0.5988757221937453, 0.6031361295242493, 0.04886914466867184
0.6150778620106476, 0.5951938081022031, 0.6031504054260795, 0.047959601789832274
0.618652762513778, 0.5915924662545121, 0.6031705998487551, 0.046642695127867784
0.6221093121051404, 0.5881026224206873, 0.6031960281322309, 0.044929606351158946
0.6254185735639688, 0.5847543426161902, 0.6032258281661405, 0.042834881552718196
0.6285529331915816, 0.5815765634105144, 0.603258989615618, 0.040376308091639765
0.6314863185510502, 0.5785968293406374, 0.603294388172838, 0.0375747639353887
0.6341944012424828, 0.5758410402283807, 0.6033308236734697, 0.03445404074981552
0.6366547836244264, 0.5733332111827537, 0.6033670607860996, 0.03104064220677427
0.6388471685694221, 0.5710952480052616, 0.60340187089531, 0.02736355919222208
0.6407535115042707, 0.5691467406068215, 0.6034340737584314, 0.023454023798690764
0.6423581541311945, 0.5675047768895395, 0.6034625775234979, 0.019345244172972217
0.6436479393537058, 0.5661837793464116, 0.6034864157513067, 0.015072122460651743
0.6446123070405693, 0.5651953663896373, 0.6035047801859452, 0.01067095824168059
0.6452433703534751, 0.5645482401373426, 0.6035170481622079, 0.0061791399835273595
0.64553597244059, 0.5642481020739069, 0.6035228037201659, 0.0016348271487667582
0.6454877233612716, 0.5642975976565048, 0.6035218517105585, -0.0029233743193279593
0.6450990171599319, 0.5646962905764886, 0.6035142244124474, -0.007456740347826606
0.6443730290526624, 0.5654406670059814, 0.6035001804386102, -0.01192675810050872
0.6433156927325443, 0.566524169775118, 0.6034801959658033, -0.016295453528717502
0.6419356578424428, 0.5679372620415648, 0.6034549485874446, -0.020525714292898456
0.6402442277113362, 0.5696675196389647, 0.6034252943365458, -0.02458160528435145
0.6382552775055442, 0.5716997509323111, 0.6033922386583856, -0.028428674045682206
0.635985153012884, 0.5740161426729717, 0.6033569023176034, -0.03203424348196871
0.6334525503585314, 0.576596430040455, 0.6033204833960972, -0.03536768937138157
0.6306783770484041, 0.5794180887875863, 0.6032842166705696, -0.038400700322254455
0.6276855948505083, 0.5824565471749884, 0.603249331747266, -0.04110751798152292
0.6244990451574589, 0.5856854151930345, 0.6032170113733941, -0.04346515547502372
0.6211452576239443, 0.5890767284270036, 0.603188351338561, -0.04545359225129087
0.6176522430399044, 0.5926012038249399, 0.60316432332546, -0.04705594370509394
0.6140492715814778, 0.596228504577561, 0.6031457419689324, -0.048258604172989585
0.610366637774224, 0.5999275113140147, 0.6031332372397603, -0.049051362118626055
0.606635413702874, 0.6036665968539228, 0.603127233089004, -0.04942748655858751
0.6028871922043565, 0.6074139018315303, 0.603127933076501, -0.049383784018460636
0.5991538219809064, 0.6111376086175687, 0.603135313470456, -0.0489206255519215
0.5954671367622008, 0.6148062111037882, 0.6031491240519139, -0.04804194360146788
0.5918586808238736, 0.6183887780784978, 0.6031688965968637, -0.046755198726509434
0.5883594333286053, 0.6218552081031915, 0.6031939607485886, -0.0450713164714703
0.5849995340896034, 0.6251764739945914, 0.6032234667424683, -0.04300459489194025
0.5818080134593419, 0.6283248552174645, 0.6032564142132258, -0.040572583499280765
0.5788125291140438, 0.6312741566958812, 0.6032916861084179, -0.03779593462190448
0.5760391125325328, 0.6339999127491835, 0.6033280865588305, -0.0346982284130678
0.5735119279534132, 0.6364795750493425, 0.6033643814221874, -0.031305772958676384
0.5712530465348795, 0.6386926836749311, 0.6033993401258047, -0.02764738115242036
0.5692822383355994, 0.6406210205006758, 0.6034317773896052, -0.0237541262075375
0.5676167845831239, 0.642248744308467, 0.6034605934147769, -0.019659077862579838
0.5662713124993881, 0.6435625071347283, 0.603484811175212, -0.015397021510633511
0.5652576547135251, 0.6445515514799233, 0.6035036095469515, -0.011004162635434068
0.5645847350140617, 0.6452077880994951, 0.6035163511519069, -0.0065178190717486
0.5642584818802894, 0.6455258541731551, 0.6035226039713126, -0.0019761037194209142
0.5642817708919161, 0.6455031517134947, 0.6035221559956706, 0.0025823995709990553
0.564654396753456, 0.6451398661282362, 0.6035150224141442, 0.00711896415942056
0.5653730752923857, 0.6444389648964874, 0.6035014450994821, 0.011595050004644352
0.5664314754053954, 0.6434061763617854, 0.6034818844059444, 0.015972631449017456
0.5678202805428889, 0.6420499486874078, 0.6034570035585178, 0.020214520583315236
0.5695272789459859, 0.6403813890662289, 0.6034276461630449, 0.024284683417236184
0.5715374814901731, 0.6384141833319943, 0.6033948076002469, 0.028148546147964432
0.5738332656524665, 0.6361644961845812, 0.6033596012740196, 0.03177328891098978
0.5763945438109169, 0.6336508523214449, 0.6033232208588282, 0.03512812451241465
0.5791989538120528, 0.6308939988631971, 0.6032868998265981, 0.038184559778684624
0.5822220695079776, 0.627916749574546, 0.6032518696255855, 0.0409166373161976
0.5854376287738038, 0.6247438115132424, 0.6032193179292437, 0.04330115564757011
0.5888177763702209, 0.6214015948889354, 0.6031903483705501, 0.04531786588139007
0.5923333189163011, 0.6179180070796688, 0.6031659431267035, 0.04694964327595703
0.5959539891840779, 0.6143222319340778, 0.6031469296223501, 0.0481826322727551
0.5996487169176056, 0.6106444956790595, 0.6031339524797513, 0.04900636380022466
0.6033859034128177, 0.6069158209520733, 0.6031274516664197, 0.0494138438809474
0.6071336971670895, 0.6031677706796533, 0.6031276475806591, 0.04940161281386811
0.6108602680148245, 0.5994321837241795, 0.6031345335803533, 0.048969774446035
0.614534077302665, 0.5957409044138544, 0.6031478762081225, 0.048121995294011434
0.6181241418197296, 0.5921255082504872, 0.6031672231052265, 0.04686547352215553
0.6216002893788369, 0.5886170262501843, 0.6031919183460817, 0.045210878031965426
0.6249334041382003, 0.5852456705077671, 0.6032211246738276, 0.04317225816223702
0.6280956599537771, 0.5820405636812154, 0.6032538518835069, 0.04076692474242636
0.6310607402548671, 0.5790294751629, 0.6032889903910437, 0.0380153034798212
0.6338040431345797, 0.5762385667355558, 0.6033253488503602, 0.03494076189326705
0.6363028705379702, 0.5736921504996011, 0.6033616945436421, 0.031569411230516375
0.6385366006101707, 0.5714124618021555, 0.6033967951755923, 0.027929885020889673
0.6404868424317886, 0.5694194497957409, 0.6034294606547497, 0.024053096117875913
0.642137572517057, 0.5677305881060732, 0.6034585834451859, 0.019971974275491855
0.6434752525806093, 0.5663607078947663, 0.6034831761202072, 0.015721186475564284
0.6444889281909708, 0.565321855366491, 0.6035024048444044, 0.011336842378516964
0.6451703080236256, 0.5646231754947285, 0.6035156176483603, 0.00685618740574036
0.6455138235052738, 0.5642708234303633, 0.6035223665368662, 0.0023172860753474366
0.6455166687058564, 0.5642679047185754, 0.6035224226806186, -0.0022413016965480877
0.6451788203889804, 0.5646144450882602, 0.6035157841759861, -0.006780848551295678
0.6445030381778152, 0.565307390201604, 0.6035026761095597, -0.011262789082316555
0.6434948448361216, 0.5663406353670377, 0.6034835429253064, -0.01564904783775438
0.6421624867065957, 0.5677050848343056, 0.6034590333532963, -0.019902363113128072
0.6405168743950717, 0.569388739913592, 0.6034299784113224, -0.023986603755373218
0.6385715038430255, 0.5713768147991125, 0.6033973632257271, -0.02786707626483502
0.6363423579955738, 0.5736518786383551, 0.603362293627339, -0.03151081957170683
0.6338477893506708, 0.5761940220777292, 0.6033259586555684, -0.03488688497675612
0.6311083837696844, 0.5789810462393662, 0.6032895902423587, -0.03796659888132667
0.6281468060414693, 0.5819886718468511, 0.6032544214431665, -0.04072380608670798
0.6249876278221187, 0.5851907660233374, 0.6032216446312353, -0.0431350916160254
0.6216571387205158, 0.5885595841361679, 0.6031923710724861, -0.045179979200748885
0.6181831414644742, 0.5920660239589699, 0.6031675932513628, -0.046841104776644764
0.614594732261576, 0.5956798893651927, 0.6031481512245623, -0.04810436354843799
0.6109220676598152, 0.5993701607549556, 0.6031347041429278, -0.04895902940662711
0.6071961194120973, 0.6031052694476091, 0.6031277079065428, -0.049397845711922274
0.6034484190510281, 0.606853373342212, 0.6031273997101616, -0.04941708670089888
0.5997107940812084, 0.6105826312531051, 0.6031337900026134, -0.04901658900904489
0.5960150978899316, 0.6142614734629788, 0.6031466621326002, -0.04819975305289245
0.5923929356580169, 0.6178588661960063, 0.6031655796928955, -0.04697351425991356
0.5888753887146483, 0.6213445678929438, 0.6031899013141035, -0.04534828438191202
0.5854927399178601, 0.6246893753628876, 0.6032188024067517, -0.04333786337335281
0.5822742027502268, 0.6278653580867043, 0.6032513031149964, -0.04095932255898388
0.5792476568925511, 0.630846079149632, 0.6032863015346887, -0.0382328600537039
0.5764393930726116, 0.6336068014799922, 0.6033226110700446, -0.0351816296302863
0.573873869977952, 0.6361246782628467, 0.6033590006627638, -0.031831544455540636
0.5715734859688701, 0.6383789265779659, 0.6033942365299172, -0.028211057330906668
0.5695583682288597, 0.6403509834775761, 0.6034271239955977, -0.024350919277361938
0.5678461818446269, 0.642024643868891, 0.6034565479979651, -0.020283918494816464
0.5664519611175096, 0.6433861796981578, 0.6034815108980467, -0.016044601900772643
0.5653879651749429, 0.6444244400465258, 0.603501166308, -0.011668981609859791
0.5646635596779978, 0.6451309318440825, 0.6035148477914166, -0.007194228852905807
0.5642851261135202, 0.6454998809882797, 0.6035220914620835, -0.002658357949625663
0.5642559998225577, 0.6455282737188758, 0.6035226517145347, 0.0019000969588614763
0.5645764375569816, 0.6452158781562898, 0.6035165095527047, 0.006442409643980575
0.5652436149805022, 0.6445652459571436, 0.6035038732340986, 0.010929991174596252
0.5662516541461872, 0.6435816940835101, 0.6034851712076299, 0.015324718121842574
0.5675916805978369, 0.6422732667247812, 0.6034610375847314, 0.01958925676395149
0.5692519093649454, 0.6406506774570118, 0.6034322906366653, 0.023687380508611897
0.5712177587580372, 0.6387272317778059, 0.6033999050475268, 0.027584277813668893
0.5734719905300526, 0.6365187302186535, 0.6033649788641996, 0.031246847975093365
0.5759948746566482, 0.6340433523139977, 0.6033286962642986, 0.03464398226279769
0.5787643767095366, 0.6313215217995632, 0.6032922874048747, 0.037746828018451764
0.5817563655569422, 0.6283757535230423, 0.6032569867134677, 0.04052903348312618
0.5849448389276508, 0.6252304826789618, 0.6032239910357586, 0.04296697129438001
0.5883021642223537, 0.6219118771261666, 0.6031944190587311, 0.045039938780238015
0.5917993318493882, 0.618447633709848, 0.6031692733848447, 0.04673033337926871
0.5954062183015221, 0.6148667596883386, 0.6031494065426858, 0.04802380172961024
0.5990918561750517, 0.6111993405551613, 0.6031354920860115, 0.04890936119330423
0.6028247083599158, 0.6074762957452999, 0.6031280017605601, 0.04937949281379841
0.6065729436965346, 0.6037291239169607, 0.6031271895123141, 0.04943020494220543
0.6103047114975766, 0.599989639701184, 0.6031330828790569, 0.04906106701020792
0.6139884124659923, 0.596289704006065, 0.6031454820568787, 0.048275213172846464
0.6175929636991482, 0.5926609501443497, 0.6031639666732647, 0.04707931579135359
0.6210880556470156, 0.5891345082169224, 0.6031879100372871, 0.045483528973294385
0.6244443990843046, 0.585740730324452, 0.6032165003840736, 0.04350140263313162
0.6276339603564435, 0.5825089192898434, 0.6032487683937138, 0.04114976777950979
0.6306301833617669, 0.5794670636500892, 0.6032836200520822, 0.03844859397452856
0.6334081969321291, 0.5766415817134504, 0.6033198737399392, 0.03542082014343571
0.6359450064667628, 0.574057077473085, 0.6033563002932352, 0.03209216013878108
0.6382196688556879, 0.5717361111188181, 0.6033916646766717, 0.028490884679268705
0.6402134498962577, 0.5696989867933223, 0.60342476785771, 0.024647581488364177
0.641909963557256, 0.5679635600972891, 0.6034544874612371, 0.02059489564909806
0.6432952925780359, 0.5665450676611797, 0.6034798158262515, 0.016367252367357074
0.6443580900051309, 0.5654559808710916, 0.6034998941738905, 0.012000564494189177
0.6450896613660667, 0.5647058855664423, 0.6035140417278518, 0.007531927296248976
0.645484027261126, 0.56430138922212, 0.6035217787993866, 0.002999303080606428
0.6455379662206961, 0.5642460567928973, 0.6035228430537067, -0.0015588016259287896
0.6452510377312936, 0.564540376039593, 0.6035171984059353, -0.006103663573438332
0.6446255853807319, 0.5651817527817087, 0.6035050362447746, -0.010596672148187523
0.6436667201158056, 0.5661645361375276, 0.6034867689423725, -0.014999657763807971
0.6423822836481533, 0.567480073427695, 0.603463015870591, -0.019275216462684524
0.6407827920895144, 0.5691167940398738, 0.6034345823981108, -0.023387027941370687
0.6388813599501262, 0.5710603211877714, 0.6034024325809065, -0.02730016427522766
0.6366936046969486, 0.5732936101548471, 0.6033676564725187, -0.030981386703784787
0.6342375321446934, 0.5757971112978943, 0.6033314331629557, -0.03439942794825625
0.6315334030445978, 0.5785489558041851, 0.6032949907998013, -0.03752525766464317
0.628603581345151, 0.581525161952818, 0.6032595649472999, -0.04033232878808847
0.6254723647263183, 0.5846998594300008, 0.6032263566953623, -0.04279680269465375
0.6221657981541261, 0.5880455290918357, 0.60319649193874, -0.04489775129338977
0.6187114713647353, 0.5915332554580669, 0.6031709832067516, -0.046617334362363816
0.615138301364431, 0.5951329891563981, 0.6031506953373312, -0.04794095065512732
0.6114763012214252, 0.5988138165182804, 0.6031363161587354, -0.048857361526945
0.6077563366233821, 0.6025442335513967, 0.6031283331724184, -0.049358786061073745
0.6040098718767734, 0.6062924215782582, 0.6031270170271787, -0.049440966912696206
0.6002687072255072, 0.6100265219303028, 0.6031324123445025, -0.04910320633013134
0.5965647095614108, 0.6137149072179334, 0.6031443362059601, -0.04834837205811138
0.5929295387822447, 0.6173264468536941, 0.6031623843538948, -0.047182873074772994
0.5893943722182671, 0.6208307646826503, 0.6031859448953246, -0.04561660536114488
0.5859896296901148, 0.6241984867651539, 0.603214219044746, -0.04366286814791184
0.5827447018734968, 0.6274014775567398, 0.6032462482029923, -0.04133825132766525
0.5796876847249114, 0.6304130629324061, 0.6032809464545522, -0.038662494960194325
0.5768451227629366, 0.6332082387027125, 0.603317137382032, -0.035658322032026755
0.5742417639980911, 0.6357638634624386, 0.6033535939500059, -0.03235124585766714
0.5719003292582501, 0.6380588347949786, 0.6033890801063073, -0.028769353726948423
0.5698412985646342, 0.6400742480240732, 0.6034223926904111, -0.024943068608655444
0.5680827170751478, 0.6417935368566052, 0.6034524022279629, -0.020904890913039764
0.5666400229281943, 0.6432025953946126, 0.6034780912280974, -0.016689122492933674
0.5655258990931468, 0.6442898811109606, 0.6034985886847049, -0.012331575222795356
0.5647501510666781, 0.6450464984817094, 0.6035131996114202, -0.00786926663515512
0.5643196119515406, 0.6454662630503705, 0.6035214286084422, -0.0033401052126987964
0.5642380761215675, 0.6455457457671171, 0.6035229966616917, 0.001217431970056446
0.5645062623198748, 0.6452842975022044, 0.6035178506043638, 0.005764626490286119
0.5651218066634591, 0.6446840536807245, 0.6035061649198551, 0.010262847894660084
0.5660792856440582, 0.6437499190289251, 0.6034883358249014, 0.014673882261039994
0.5673702688299938, 0.6424895324645246, 0.603464967833674, 0.018960257180788385
0.5689834005945258, 0.6409132122086212, 0.6034368532586812, 0.023085560371946767
0.5709045098306492, 0.6390338812486985, 0.603404945343927, 0.027014749193006223
0.5731167462674416, 0.6368669733442665, 0.6033703259417394, 0.030714448411468143
0.5756007416856483, 0.6344303198418848, 0.6033341688296764, 0.03415323368961157
0.578334794046003, 0.6317440176570355, 0.603297699911664, 0.03730189838028637
0.5812950722977016, 0.6288302788882554, 0.6032621556530527, 0.040133701376341493
0.5844558394302859, 0.6257132626548999, 0.6032287411589692, 0.04262459392650164
0.5877896911726029, 0.6224188898939153, 0.6031985893172596, 0.044753423516067106
0.5912678076289547, 0.618974642012052, 0.603172722391051, 0.04650211311062291
0.5948602150752279, 0.6154093444661966, 0.6031520173627408, 0.04785581427292977
0.5985360551157872, 0.6117529365331889, 0.6031371762039465, 0.04880303288532713
0.602263858423119, 0.6080362287280106, 0.6031287020788981, 0.04933572644039788
0.6060118203435232, 0.6042906495312563, 0.60312688228761, 0.04944937209954543
0.6097480757496323, 0.6005479832884197, 0.6031317785267664, 0.049143004960852714
0.6134409706494122, 0.5968401013392882, 0.6031432247982904, 0.048419226222577
0.6170593282163387, 0.5931986886199648, 0.6031608330364533, 0.04728418117541375
0.6205727070810111, 0.5896549681469018, 0.6031840062628786, 0.045747507203826754
0.6239516499146913, 0.5862394259360303, 0.6032119588237241, 0.043822252222872865
0.6271679205344188, 0.582981539025163, 0.6032437430233333, 0.04152476422062325
0.630194727961797, 0.5799095093492689, 0.6032782812518557, 0.03887455281598795
0.6330069360680803, 0.5770500062615552, 0.603314402518051, 0.03589412397589037
0.6355812576321633, 0.5744279204949915, 0.6033508821490858, 0.032608789262592495
0.6378964318214321, 0.5720661323162816, 0.6033864833116207, 0.02904645119970469
0.639933384275011, 0.5699852965357948, 0.6034199989465737, 0.02523736655206276
0.6416753691223389, 0.5682036469021788, 0.6034502926957361, 0.021213889508186767
0.6431080924057883, 0.5667368222300669, 0.6034763374324139, 0.01701019693234669
0.6442198164936891, 0.5655977163854881, 0.6034972500893583, 0.012661998014263138
0.6450014451699926, 0.5647963539894718, 0.603512321602682, 0.008206230786135988
0.6454465891701491, 0.5643397934002198, 0.6035210409560108, 0.0036807480971230624
0.6455516120016165, 0.5642320582034533, 0.6035231125091867, -0.0008760042671134917
0.6453156559443842, 0.5644740980853131, 0.6035184660236151, -0.0054253145590476125
0.6447406481752613, 0.5650637795894241, 0.6035072590441108, -0.00992853432971418
0.6438312870030108, 0.5659959068768601, 0.6034898715564346, -0.01434740714507581
0.6425950082435429, 0.5672622722224538, 0.603466893101776, -0.018644393933595956
0.6410419318092067, 0.5688517356010144, 0.6034391027853712, -0.022782992171856538
0.6391847886374659, 0.570750332350112, 0.603407442857466, -0.026728046172610813
0.6370388281454471, 0.5729414075495007, 0.603372986762868, -0.030446045822302495
0.6346217064709544, 0.5754057754375522, 0.6033369027428522, -0.0339054112215741
0.6319533558500436, 0.5781219018982091, 0.6033004142239248, -0.03707676081108888
0.6290558355878663, 0.5810661078029008, 0.603264758336773, -0.03993316071431897
0.6259531652040898, 0.5842127907844415, 0.6032311439719564, -0.04245035319685063
0.6226711404768813, 0.5875346628569512, 0.6032007107944133, -0.04460696232616396
0.6192371332692632, 0.5910030011788036, 0.6031744906061718, -0.04638467511466336
0.6156798761968616, 0.5945879091848523, 0.6031533723668873, -0.04776839663987869
0.6120292333839213, 0.5982585852888355, 0.6031380720577073, -0.048746377857222446
0.6083159587514648, 0.601983596374919, 0.6031291084097086, -0.04931031505054931
0.604571443483334, 0.6057311533557844, 0.6031267853193487, -0.04945542010224211
0.6008274545176785, 0.6094693861695895, 0.6031311815467478, -0.04918046100596005
0.5971158661078468, 0.6131666157148226, 0.6031421480458287, -0.048487772289975445
0.5934683866819431, 0.6167916203753656, 0.6031593130167759, -0.04738323526572254
0.5899162833986568, 0.6203138949622837, 0.6031820945096334, -0.045876228263362406
0.5864901069426223, 0.623703900088216, 0.6032097201520086, -0.043979547262428476
0.58321941921997, 0.6269333001889122, 0.6032412533324434, -0.04170929756952356
0.5801325266988391, 0.6299751886088609, 0.6032756249522094, -0.03908475743509683
0.5772562221859473, 0.6328042983687904, 0.6033116696694943, -0.03612821473594359
0.5746155378352319, 0.6353971974274417, 0.6033481654075739, -0.03286477807753201
0.5722335121453354, 0.637732467434283, 0.603383874787779, -0.02932216388874422
0.5701309736176844, 0.6397908651405392, 0.6034175870826444, -0.025530461289167795
0.5683263436155663, 0.6415554657905749, 0.6034481592668038, -0.021521876703659956
0.5668354607876644, 0.6430117879528133, 0.6034745547736104, -0.017330460378429634
0.5656714291988566, 0.644147899368356, 0.6034958786430826, -0.012991817115254094
0.5648444920498592, 0.6449545034966578, 0.603511407869036, -0.008542803683626882
0.5643619325697004, 0.6454250065221263, 0.6035206159159807, -0.0040212154927158576
0.5642280033363234, 0.6455555646553452, 0.6035231905740627, 0.000534534795725475
0.5644438849270038, 0.6453451116203899, 0.6035190445462936, 0.005085743957351635
0.5650076744285474, 0.6447953662685747, 0.60350831840886, 0.009593747392391144
0.5659144039548595, 0.6439108203025662, 0.6034913758440767, 0.014020247980828624
0.567156088934098, 0.6426987061368716, 0.6034687913077227, 0.018327641779564714
0.5687218055470504, 0.6411689449652003, 0.6034413305491756, 0.022479337765119893
0.5705977963302755, 0.6393340751558598, 0.6034099246452324, 0.026440068881079873
0.5727676026091665, 0.6372091611566638, 0.6033756384284765, 0.030176191730282062
0.5752122221041798, 0.6348116831638863, 0.6033396343811233, 0.033655972356495804
0.5779102897639855, 0.6321614078980998, 0.6033031332189676, 0.03684985568754347
0.5808382796272088, 0.6292802409349765, 0.6032673725021375, 0.03973071635966125
0.5839707253038217, 0.6261920611624192, 0.6032335646761208, 0.04227408880947994
0.5872804565008427, 0.6229225380767035, 0.6032028559656484, 0.044458374703249065
0.5907388488965089, 0.6194989327889137, 0.6031762875149236, 0.04626502597073667
0.59431608459288, 0.6159498837870941, 0.6031547600913747, 0.04767870192153338
0.5979814203481371, 0.6123051786865552, 0.6031390035491747, 0.04868739914224439
0.6017034608047384, 0.6085955133972331, 0.6031295520873501, 0.049282553102352966
0.6054504339851569, 0.6048522403386698, 0.6031267261408658, 0.049459110632578795
0.6091904664192376, 0.6011071075351664, 0.6031306215182622, 0.0492155726806516
0.6128918553917345, 0.5973919906206855, 0.6031411061538768, 0.04855400699401119
0.6165233359500605, 0.5937386199693959, 0.603157824584691, 0.04748003062554908
0.6200543404851244, 0.5901783053375785, 0.6031802100001193, 0.04600276240569803
0.623455248886554, 0.5867416605501488, 0.6032075034564751, 0.0441347457705559
0.6266976274717809, 0.5834583308847693, 0.6032387796050711, 0.041891842579864044
0.6297544550907599, 0.580356725893274, 0.603272978062141, 0.03929309879905869
0.6326003350092296, 0.5774637604494257, 0.6033089393574959, 0.03636058315469398
0.6352116913686472, 0.5748046068201553, 0.6033454442435416, 0.03311920010059489
0.6375669492061045, 0.5724024605215681, 0.6033812550322256, 0.02959647865131894
0.639646697189347, 0.5702783226394388, 0.6034151575585721, 0.025822338847944153
0.6414338323779396, 0.5684508011660259, 0.603446002348028, 0.021828837816827554
0.6429136864601247, 0.5669359337314699, 0.6034727435916659, 0.017649897562704967
0.6440741330352495, 0.565747033890552, 0.6034944746074447, 0.013321016801228307
0.6449056756141377, 0.5648945628672769, 0.6035104585847688, 0.008878969280723705
0.6454015160954764, 0.564386028364693, 0.6035201535694485, 0.00436149116667587
0.6455576035471584, 0.5642259117208243, 0.6035232308414784, -0.00019303983652596926
0.6453726631800483, 0.5644156243395748, 0.6035195860621235, -0.004745930875188228
0.6448482054511077, 0.5649534939548948, 0.6035093428121324, -0.009258503044340952
0.6439885152766284, 0.5658347809046167, 0.603492848401015, -0.013692420365873474
0.6428006213784051, 0.5670517242049739, 0.6034706620895802, -0.01801001581958671
0.6412942458298516, 0.5685936168356047, 0.6034435361253164, -0.022174611627599997
0.6394817339191193, 0.5704469092755435, 0.6034123902340094, -0.026150831046260203
0.637377964505785, 0.572595339980619, 0.6033782804329534, -0.02990489899865397
0.6350002411196707, 0.5750200911685532, 0.6033423632236291, -0.033404928983834604
0.6323681641374355, 0.5776999679859504, 0.6033058563783427, -0.0366211938244444
0.6295034844765413, 0.5806115988763417, 0.6032699976506839, -0.03952637796078711
0.6264299393680774, 0.5837296547546024, 0.6032360028098869, -0.04209580916465212
0.6231730709099413, 0.5870270844232893, 0.6032050244219251, -0.04430766772825942
0.6197600282592134, 0.5904753635424835, 0.6031781127746699, -0.046143171380488
0.6162193544956173, 0.5940447543870547, 0.603156180271585, -0.047586734391978705
0.6125807593741256, 0.5977045735932187, 0.603139970500718, -0.04862609955074479
0.608874879380673, 0.6014234651079984, 0.6031300330272021, -0.04925244191864821
0.6051330267063426, 0.6051696756078, 0.6031267047634182, -0.04946044351469041
0.6013869289575807, 0.6089113297420786, 0.6031300985480617, -0.04924833831184561
0.5976684616175411, 0.6126167026803102, 0.6031400993210633, -0.04861792717854142
0.59400937546101, 0.6162544875901557, 0.6031563680239705, -0.04757456264239651
0.590441021296603, 0.6197940558461276, 0.6031783530936294, -0.04612710360102157
0.5869940745593524, 0.623205707955553, 0.603205309159756, -0.044287840351178415
0.5836982623987591, 0.6264609133862399, 0.6032363223128612, -0.04207239055194468
0.580582095996788, 0.6295325376824552, 0.603270341086317, -0.0394995669782638
0.5776726109025213, 0.6323950554572086, 0.6033062121026339, -0.036591218156795856
0.5749951181815044, 0.6350247480446555, 0.6033427191758283, -0.033372043204631455
0.572572969145324, 0.637399884782485, 0.6033786245444699, -0.029869382411378688
0.5704273363488468, 0.639500887067068, 0.6034127108375987, -0.026112985314449638
0.5685770134181358, 0.6413104744813323, 0.6034438223506732, -0.022134758214030922
0.567038236101847, 0.642813792435154, 0.6034709042319227, -0.01796849325613753
0.5658245267246316, 0.6439985208797613, 0.6034930382501549, -0.013649581377219501
0.564946563965689, 0.6448549637614536, 0.6035094739308787, -0.009214711549973208
0.564412079593133, 0.6453761189668275, 0.6035196540045645, -0.004701558895363136
0.5642257834604624, 0.6455577285836008, 0.6035232333037442, -0.00014846432864447996
0.564389317721098, 0.6453983093604906, 0.6035200904678379, 0.0044058915141122965
0.5649012408474994, 0.6448991632995981, 0.6035103320585856, 0.008922817269036435
0.5657570416600985, 0.6440643683588938, 0.6034942889464551, 0.013363939929679096
0.5669491831858686, 0.6429007492844501, 0.6034725050906276, 0.017691531196244767
0.5684671757845614, 0.6414178286359569, 0.6034457190932385, 0.02186882828629023
0.5702976786101973, 0.6396277581185549, 0.6034148391536687, 0.02586034645612959
0.5724246281236165, 0.6375452303926872, 0.6033809122725401, 0.02963218055928308
0.574829392045632, 0.6351873716046559, 0.6033450887500593, 0.033152293069566005
0.5774909468456072, 0.6325736149664304, 0.6033085831828305, 0.036390786120350044
0.5803860766023536, 0.6297255558159128, 0.6032726332818881, 0.03932015525641273
0.5834895908571694, 0.6266667887093862, 0.6032384579083947, 0.041915522758691585
0.586774558905719, 0.6234227272365424, 0.6032072157498096, 0.04415484858314294
0.5902125578480067, 0.6200204074045735, 0.6031799660374204, 0.04601911715066494
0.59377393163459, 0.6164882756097698, 0.6031576326367664, 0.04749249843360216
0.5974280583117583, 0.612855962400358, 0.6031409727280056, 0.048562482003661395
0.6011436226769342, 0.6091540434296134, 0.603130551137601, 0.04921998293420689
0.6048888916052616, 0.6054137891994626, 0.6031267211911193, 0.04945941868504432
0.6086319893954121, 0.601666905397054, 0.6031296127358973, 0.049278756338242725
0.6123411706026842, 0.5979452658249114, 0.6031391277393959, 0.04867952979770917
0.6159850879752294, 0.594280640113556, 0.6031549436123691, 0.04766682681162317
0.6195330532792586, 0.5907044185781637, 0.6031765241442518, 0.04624924592403239
0.6229552889855537, 0.5872473367320593, 0.6032031376802716, 0.044438823708501114
0.6262231689866701, 0.5839392020940636, 0.6032338819243803, 0.04225093288126611
0.629309446716258, 0.5808086260187088, 0.6032677145275651, 0.039704152132412796
0.6321884692435548, 0.5778827633334995, 0.603303488424949, 0.036820108749563596
0.6348363761124836, 0.5751870625818976, 0.603339990724057, 0.033623295337797295
0.6372312818817091, 0.5727450296415596, 0.6033759838260977, 0.0301408621601803
0.6393534414960055, 0.5705780074127228, 0.6034102473862664, 0.02640238683347556
0.6411853977777003, 0.5687049741506581, 0.6034416196904198, 0.022439623311268923
0.6427121104681505, 0.5671423628493005, 0.6034690370451026, 0.01828623226984816
0.6439210663722555, 0.5659039038721039, 0.6034915698450841, 0.013977495178570977
0.6448023702641386, 0.5650004927737176, 0.6035084540950996, 0.009550014484125131
0.6453488163002308, 0.5644400849662398, 0.6035191173165564, 0.005041402465060242
0.6455559397589317, 0.5642276185615981, 0.6035231979603539, 0.0004899614175017736
0.645422048986222, 0.5643649663730106, 0.6035205576672108, -0.004065642086484248
0.644948237477191, 0.5648509176902093, 0.6035112859595362, -0.00858670607102522
0.6441383760678782, 0.5656811900624582, 0.6034956972056529, -0.013034822332877241
0.6429990852539206, 0.5668484709380152, 0.6034743199593755, -0.017372203093105283
0.6415396876960984, 0.5683424886263635, 0.6034478790366278, -0.02156200231863664
0.6397721410218384, 0.570150111677988, 0.6034172709371859, -0.02556862895815551
0.6377109510895841, 0.5722554754230332, 0.6033835334453368, -0.029358049412051702
0.6353730659529245, 0.5746401340818061, 0.6033478104406563, -0.0328980766556298
0.6327777508460295, 0.577283236562797, 0.6033113131124372, -0.0361586435570819
0.6299464446132982, 0.580161723803055, 0.6032752788931482, -0.03911205807510631
0.6269025981252974, 0.583250545285513, 0.6032409295034747, -0.04173323818359971
0.6236714953603736, 0.5865228921913486, 0.6032094295314342, -0.04399992455053546
0.62028005798617, 0.5899504445145816, 0.6031818469497744, -0.045892869192859564
0.6167566344461047, 0.5935036293815282, 0.6031591169099682, -0.047395998536904335
0.6131307747402835, 0.5971518877789358, 0.6031420100399218, -0.04849654953239714
0.6094329922849937, 0.6008639468999577, 0.6031311063197461, -0.04918517769568386
0.6056945144358217, 0.6046080953638504, 0.6031267754208302, -0.0494560361924616
0.6019470234618144, 0.6083524586497221, 0.603129164174399, -0.04930682531041698
0.598222389956719, 0.6120652722023701, 0.6031381915941342, -0.04873881191610428
0.5945524008625571, 0.6157151498141442, 0.6031535516214964, -0.04775681873667341
0.5909684844548466, 0.6192713450553177, 0.6031747235007385, -0.04636918355423936
0.5875014347918102, 0.6227040037108796, 0.6032009894320918, -0.04458768864737302
0.5841811382563377, 0.6259844053781386, 0.6032314589049803, -0.04242746105895351
0.5810363049140531, 0.6290851925813887, 0.6032650988867431, -0.03990684451099891
0.5780942074689028, 0.6319805859617121, 0.6033007688438261, -0.03704724402350826
0.5753804306153272, 0.6346465842969257, 0.6033372594085296, -0.03387294452413954
0.5729186335603004, 0.6370611482944405, 0.6033733333806903, -0.030410904956920164
0.5707303284173123, 0.639204367274859, 0.6034077676743617, -0.026690529609220026
0.568834677056882, 0.6410586080238074, 0.6034393947873296, -0.02274341857490591
0.5672483088347593, 0.6426086452319956, 0.6034671423873008, -0.018603099455850307
0.5659851614111453, 0.6438417730679289, 0.6034900696722852, -0.014304742571695166
0.5650563466247862, 0.6447478975341373, 0.6035073992719459, -0.009884862096907983
0.5644700430985907, 0.6453196093471079, 0.603518543607806, -0.005381005672758064
0.5642314169334437, 0.6455522371551105, 0.6035231248180847, -0.000831435148108128
0.5643425715000452, 0.6454438809691572, 0.6035209875711876, 0.003725198814683506
0.5648025269715529, 0.6449954257335249, 0.6035122043331179, 0.008250185475153458
0.5656072298598365, 0.6442105350070514, 0.6034970729100995, 0.012705083266502555
0.566749592432833, 0.6430956247685271, 0.603476106349777, 0.017052046733981165
0.5682195615076905, 0.6416598174028807, 0.6034500155436336, 0.02125414835182988
0.5700042157417541, 0.6399148759732799, 0.6034196851208713, 0.025275692458622004
0.5720878901884224, 0.6378751189413483, 0.6033861434515374, 0.029082518624226915
0.5744523265544128, 0.6355573155666566, 0.6033505277764455, 0.03264229185934254
0.5770768472951737, 0.6329805623001482, 0.6033140456466164, 0.03592477719918693
0.579938551421454, 0.6301661405862041, 0.6032779339799955, 0.038902096334805375
0.5830125296666363, 0.6271373566058718, 0.6032434171238371, 0.0415489641266298
0.5862720964845705, 0.6239193636297365, 0.6032116653446664, 0.04384290301339855
0.5896890362133079, 0.620538967802489, 0.6031837551530663, 0.04576443352321173
0.5932338606520942, 0.6170244183509532, 0.6031606328081491, 0.04729723930026833
0.5968760752567901, 0.6134051833908336, 0.6031430822386469, 0.04842830527865903
0.600584451161009, 0.6097117127014742, 0.6031316984677417, 0.04914802786152524
0.6043273002740003, 0.6059751890385245, 0.6031268674421716, 0.049450296198095905
0.60807275078806, 0.6022272697568289, 0.6031287529490554, 0.049332543890866304
0.6117890205436641, 0.598499820714958, 0.6031372910637336, 0.04879577070888503
0.6154446858444707, 0.5948246446229271, 0.6031521923167246, 0.04784453412926763
0.6190089434813953, 0.5912332061700235, 0.6031729515063826, 0.04648691077621807
0.6224518639093289, 0.5877563564244855, 0.6031988648247923, 0.04473442807361028
0.6257446337159295, 0.5844240591253737, 0.6032290537166334, 0.042601966672142305
0.6288597857235447, 0.5812651215841069, 0.6032624946625579, 0.04010763445375284
0.6317714152673467, 0.5783069329740923, 0.6032980538777978, 0.037272613152837336
0.6344553813902062, 0.5755752128076627, 0.6033345257500242, 0.03412097886414803
0.6368894918834116, 0.5730937723770904, 0.6033706737136116, 0.030679497929330408
0.6390536712784567, 0.5708842918686844, 0.6034052721746987, 0.026977399905924467
0.6409301110560122, 0.568966115744961, 0.6034371480656354, 0.023046129522343223
0.6425034014820244, 0.5673560688298498, 0.6034652206197827, 0.018919079707750672
0.6437606446066793, 0.5660682953273116, 0.6034885380178068, 0.014631307954797218
0.6446915480697231, 0.5651141227572668, 0.6035063096625488, 0.010219238423769695
0.6452884994462138, 0.5645019525081993, 0.6035179329877071, 0.00572035232690689
0.6455466209418119, 0.5642371783880753, 0.6035230138908837, 0.001172869239626115
0.6454638043086784, 0.5643221342101684, 0.6035213800977939, -0.003384577930357468
0.6450407259048353, 0.564756071084604, 0.6035130870042161, -0.007913271525823454
0.6442808418649854, 0.5655351647071553, 0.6034984157974781, -0.012374738451267148
0.643190363392966, 0.5666525525516559, 0.6034778639212084, -0.016731077382228808
0.641778212229163, 0.5680984004891246, 0.6034521282068763, -0.020945281062131362
0.6400559563941104, 0.569859997983034, 0.6034220812444058, -0.024981550921990142
0.638037726365842, 0.5719218806535823, 0.6033887417934922, -0.028805601329861555
0.6357401119165027, 0.5742659786712538, 0.6033532402393192, -0.03238495087284457
0.633182039916084, 0.5768717891376772, 0.6033167802643677, -0.03568919819343462
0.6303846335098852, 0.5797165703451899, 0.603280598036204, -0.038690280042367915
0.6273710531927673, 0.5827755555799609, 0.6032459202951952, -0.04136270936989747
0.6241663204378896, 0.5860221839503355, 0.6032139227632383, -0.043683791454691326
0.6207971246898836, 0.5894283455842481, 0.6031856902834993, -0.04563381626214541
0.6172916147010185, 0.5929646384480578, 0.6031621800423178, -0.04719622542976427
0.6136791753714533, 0.5966006339935732, 0.6031441891197901, -0.04835775249433139
0.6099901914480719, 0.6003051488389209, 0.6031323274687304, -0.04910853520191227
0.606255799636633, 0.6040465197296354, 0.6031269972376424, -0.0494421989754487
0.6025076308844501, 0.6077928791054149, 0.6031283791383153, -0.04935591085409849
0.5987775447903456, 0.6115124287110313, 0.6031364263199368, -0.04885040346193366
0.5950973582896234, 0.6151737088318964, 0.6031508659572696, -0.04792996880962813
0.5914985709384923, 0.618745860900302, 0.6031712084990851, -0.04660242197990447
0.5880120892789266, 0.6221988814016328, 0.6031967642635064, -0.04487903499435473
0.5846679528956994, 0.6255038652050333, 0.6032266668179705, -0.04277444140439972
0.5814950648769913, 0.6286332366444245, 0.6032599023515898, -0.04030651239112418
0.578520929453781, 0.6315609668779105, 0.603295344044558, -0.037496205395992806
0.575771399617141, 0.6342627762515791, 0.6033317902697969, -0.03436738653534456
0.5732704374934402, 0.6367163205830704, 0.6033680053320069, -0.03094662827431608
0.5710398901931313, 0.6389013604574468, 0.6034027613631167, -0.02726298404855285
0.5690992837382547, 0.6407999127900034, 0.6034348799537355, -0.02334774172273492
0.5674656375171779, 0.6423963840558108, 0.6034632721089803, -0.019234157961495562
0.5661533015137522, 0.6436776847129352, 0.6034869751736873, -0.014957175758645608
0.5651738183146265, 0.6446333244553762, 0.6035051854746512, -0.01055312752266571
0.5645358116165923, 0.6452554880235617, 0.6035172855726599, -0.006059426248215477
0.5642449026404358, 0.6455390913763949, 0.603522865199861, -0.0015142474131230022
0.5643036555145167, 0.6454818180916547, 0.6035217351721344, 0.0030437956736191862
0.5647115523268496, 0.6450841359140187, 0.603513933804468, 0.007575980286200967
0.5654649981659182, 0.6443492934154637, 0.6034997256116665, 0.012043803636782147
0.5665573560854668, 0.6432832967750791, 0.603479592338474, 0.016409310339991406
0.5679790115448221, 0.641894866728267, 0.6034542166234502, 0.0206354151741436
0.5697174655016732, 0.6401953757827293, 0.6034244588508346, 0.02468621837020255
0.5717574549761008, 0.6381987658542017, 0.6033913279756905, 0.028527310729137917
0.5740810995700898, 0.6359214465419115, 0.6033559473120118, 0.03212606596248802
0.5766680721219906, 0.6333821743448926, 0.6033195164442108, 0.035451917768255695
0.5794957914059558, 0.6306019132177628, 0.6032832705537545, 0.038476619293066394
0.5825396345567176, 0.6276036769796939, 0.6032484385402141, 0.04117448278993291
0.5857731667135185, 0.6244123542235377, 0.6032162013566817, 0.04352259745698492
0.589168385235775, 0.6210545165230952, 0.6031876519720656, 0.045501023634048336
0.5926959757480675, 0.6175582109039196, 0.6031637583174341, 0.04709296173889567
0.5963255772230825, 0.613952737724674, 0.6031453304722819, 0.048284894541291784
0.6000260533067482, 0.6102684153087542, 0.6031329932027665, 0.04906670159864824
0.603765767127517, 0.6065363328657821, 0.6031271647824894, 0.04943174491032751
0.6075128569080842, 0.602788093445053, 0.6031280428134572, 0.049376925086661284
0.6112355098084995, 0.5990555488629642, 0.6031355975276369, 0.048902707571957985
0.6149022315696446, 0.5953705287382873, 0.603149572796049, 0.04801311870665011
0.6184821096900226, 0.5917645659471138, 0.6031694948112146, 0.04671571166083485
0.6219450680509402, 0.5882686209675592, 0.6031946881487856, 0.04502150251838079
0.625262111099667, 0.5849128077171811, 0.6032242986641487, 0.04294487703609477
0.6284055559012872, 0.5817261235882425, 0.6032573224481708, 0.04050346884471072
0.631349250572241, 0.5787361864525808, 0.6032926398608561, 0.037718010096136026
0.634068777806972, 0.5759689814348753, 0.6033290534894946, 0.03461215579281998
0.6365416423992656, 0.5734486202372887, 0.6033653287447349, 0.03121228325853883
0.6387474418380279, 0.5711971157375777, 0.6034002357184337, 0.02754726842341749
0.6406680192205765, 0.5692341744756824, 0.6034325908841732, 0.02364824079765033
0.6422875978729835, 0.5675770094906198, 0.6034612972264944, 0.01954831919606437
0.6435928971955215, 0.5662401757714397, 0.6034853814379878, 0.015282330447290623
0.6445732293616914, 0.5652354303455863, 0.6035040269226655, 0.010886513474795998
0.6452205765923791, 0.5645716187488978, 0.6035166014861606, 0.0063982112704000435
0.6455296488039051, 0.5642545893083531, 0.6035226787734072, 0.001855553392324133
0.6454979214924881, 0.5642871363273388, 0.6035220527265321, -0.0027028682922954905
0.6451256537707278, 0.56466897290006, 0.6035147445724255, -0.007238327837471056
0.6444158865176259, 0.5653967337040117, 0.6035010021029206, -0.011712294600829332
0.6433744206460393, 0.566464007734628, 0.6034812912720018, -0.016086760947491993
0.6420097755342105, 0.5678614005621845, 0.6034562803951345, -0.020324565460131977
0.6403331277149856, 0.5695766253154402, 0.6034268174867895, -0.02438970888203889
0.6383582299711701, 0.5715946212369225, 0.6033939015049894, -0.02824766008776316
0.6361013110515079, 0.5738976983181622, 0.6033586484783275, -0.03186564946827769
0.6335809563018003, 0.5764657062160123, 0.6033222536643968, -0.035212947233232185
0.6308179696018805, 0.5792762253789364, 0.603285951023038, -0.03826112427013134
0.6278352171129087, 0.5823047780793567, 0.6032509713787001, -0.04098429335728239
0.6246574534713663, 0.5855250568583074, 0.6032185006904983, -0.04335932870212593
0.6213111312158202, 0.5889091677439441, 0.6031896398446914, -0.04536606196700019
0.6178241943987941, 0.592427885507016, 0.6031653673325305, -0.046987453148395864
0.6142258575167399, 0.596050918164023, 0.6031465060784625, -0.04820973489127625
0.610546371083085, 0.5997471779311347, 0.6031336955428758, -0.04902252904509326
0.6068167753688367, 0.6034850558666092, 0.6031273700447258, -0.04941893450085105
0.6030686440376941, 0.607232697513046, 0.603127744038566, -0.04939558558721799
0.5993338196029216, 0.6109582769590447, 0.6031348048448161, -0.04895268054663777
0.5956441428259011, 0.6146302668778818, 0.6031483130795862, -0.04809397985811745
0.5920311783554602, 0.6182177022631455, 0.6031678107694802, -0.04682677442042907
0.5885259390670293, 0.6216904357622808, 0.6031926368764475, -0.04516182385644388
0.5851586116956392, 0.6250193827027708, 0.6032219497066738, -0.04311326544481018
0.5819582864613971, 0.6281767541064852, 0.6032547554441874, -0.04069849442773145
0.578952693455553, 0.631136276190132, 0.6032899418422824, -0.03793801668167726
0.5761679485853642, 0.6338733950485982, 0.6033263159309309, -0.034855274969815504
0.5736283118634669, 0.636365465408903, 0.6033626444621404, -0.031476450219045604
0.5713559607699936, 0.6385919225216488, 0.6033976957222206, -0.027830239478849585
0.5693707813120787, 0.6405344364213779, 0.6034302812934156, -0.023947612421780368
0.5676901792556208, 0.6421770479350228, 0.60345929634889, -0.019861548434206025
0.5663289138093985, 0.6435062859474975, 0.6034837571145989, -0.015606756518824778
0.5652989558042868, 0.6445112655452682, 0.6035028342275053, -0.011219380385383615
0.5646093721339415, 0.645183766753042, 0.6035158808586518, -0.006736691240974417
0.5642662379125698, 0.645518293657061, 0.6035224546470737, -0.002196770904408642
0.5642725774659586, 0.6455121137731504, 0.6035223327004404, 0.002361812041133347
0.5646283349101837, 0.6451652775714546, 0.6035155191534967, 0.006900330278053271
0.565330374695532, 0.6444806181160971, 0.6035022450278468, 0.01138022714859091
0.5663725121086508, 0.6434637308205325, 0.6034829603978507, 0.01576344458228464
0.5677455733415574, 0.6421229333619279, 0.6034583191284226, 0.02001274673930279
0.5694374843596659, 0.6404692058444462, 0.6034291567025453, 0.024092036592427306
0.571433387439936, 0.6385161113554093, 0.603396461890696, 0.027966662736319793
0.5737157839117277, 0.6362796971234469, 0.6033613432232425, 0.031603713803265626
0.5762647013233515, 0.6337783765666067, 0.6033249914030351, 0.0349722979785415
0.5790578829822606, 0.6310327926133401, 0.6032886389329896, 0.03804380524424965
0.5820709975809664, 0.6280656627916901, 0.6032535183277444, 0.040792150136065346
0.5852778664275935, 0.6249016067125475, 0.6032208203263073, 0.0431939929708545
0.5886507056518651, 0.6215669567212458, 0.603191653522385, 0.045228937692455014
0.5921603806553952, 0.618089552656856, 0.6031670067808538, 0.04687970468597589
0.5957766700193546, 0.6144985218381922, 0.6031477157142185, 0.048132277125696454
0.5994685360716603, 0.6108240455868308, 0.6031344343551822, 0.04897601964605272
0.6032043993474415, 0.6070971137965172, 0.6031276129852532, 0.049403768357409894
0.6069524142473344, 0.6033492692607506, 0.603127482870645, 0.04941189146658014
0.6106807433039894, 0.5996123436710019, 0.6031340484226501, 0.0490003200047283
0.6143578276031402, 0.5959181873914416, 0.6031470870481053, 0.048172548410877286
0.6179526510663114, 0.5922983952964582, 0.6031661566950083, 0.04693560496623372
0.621434996482042, 0.5887840311188323, 0.6031906108376377, 0.045299992321590474
0.6247756913655216, 0.5854053528934577, 0.6032196203934513, 0.043279598605716084
0.6279468419270167, 0.5821915421885782, 0.6032522018291219, 0.040891579845459686
0.6309220536319272, 0.5791704398887612, 0.6032872505032999, 0.038156214666765706
0.6336766370345899, 0.5763682913270055, 0.6033235781161073, 0.03509673247826573
0.6361877977596186, 0.5738095035541633, 0.6033599529960644, 0.03173911656385969
0.6384348096847239, 0.5715164174798066, 0.6033951418588032, 0.02811188372583326
0.6403991705446656, 0.5695090975185486, 0.6034279516218511, 0.024245842323609917
0.6420647393250606, 0.567805141229482, 0.6034572698576836, 0.02017383074314307
0.643417854946006, 0.5664195112449314, 0.6034821025132295, 0.015930438506112303
0.6444474358486016, 0.565364391550444, 0.6035016076165688, 0.011551712384422774
0.6451450601930149, 0.5646490699043342, 0.6035151238275105, 0.007074850022010335
0.6455050264562332, 0.5642798478767524, 0.603522192863555, 0.0025378836807751493
0.6455243942832073, 0.5642599796507116, 0.6035225750404251, -0.0020206431810346334
0.6452030054996015, 0.5645896403672118, 0.6035162573999286, -0.0065620037228438215
0.6445434852411038, 0.5652659244205784, 0.6035034541493821, -0.011047617111905982
0.6435512231969154, 0.5662828737259129, 0.603484599397686, -0.01543937665853193
0.6422343350074841, 0.5676315355958942, 0.6034603324345041, -0.019699973877108454
0.6406036039026503, 0.5693000494868462, 0.6034314760519965, -0.02379321569178313
0.6386724027197929, 0.5712737615115125, 0.6033990086445342, -0.02768433206964327
0.6364565965057499, 0.5735353652755493, 0.6033640310328673, -0.031340271452973315
0.6339744259840586, 0.5760650672827745, 0.6033277291380456, -0.034729981474428386
0.6312463722627242, 0.5788407748764158, 0.6032913337710406, -0.03782467257309084
0.6282950032687982, 0.5818383044446587, 0.6032560789016642, -0.040598062283558015
0.6251448025252369, 0.5850316074223356, 0.6032231598217764, -0.04302659814245035
0.6218219810325877, 0.588393011469052, 0.603193692621163, -0.045089657344952266
0.6183542731819689, 0.5918934740986408, 0.6031686763497848, -0.04676972148610419
0.6147707178044652, 0.5955028459756331, 0.6031489591488907, -0.048052524935488033
0.6111014256525772, 0.5991901410801842, 0.6031352094988063, -0.04892717561769504
0.6073773348080312, 0.6029238109714531, 0.6031278935577471, -0.049386247202654436
0.603629955712566, 0.6066720204474021, 0.6031272593594962, -0.049425841947766405
0.5998911077193116, 0.6104029220023803, 0.6031333284053783, -0.04904562367619002
0.5961926492565236, 0.6140849266177164, 0.6031458949353933, -0.048248820621038704
0.5925662038770321, 0.6176869685796453, 0.6031645329032108, -0.04704219811218953
0.5890428846299417, 0.6211787621974333, 0.6031886104186992, -0.04543600132949158
0.5856530193301913, 0.6245310484868267, 0.6032173111686577, -0.043443868591966986
0.5824258794110724, 0.6277158300840517, 0.6032496620899263, -0.0410827158956812
0.5793894151198145, 0.6307065928580822, 0.603284566357128, -0.03837259365180376
0.5765699998525996, 0.633478512888601, 0.6033208405671111, -0.035336516809364504
0.5739921864193849, 0.6360086476694247, 0.6033572548597618, -0.032000269772594125
0.5716784779783142, 0.6382761105783253, 0.6033925746152031, -0.028392187738661395
0.5696491162828267, 0.6402622278210456, 0.6034256023137565, -0.02454291628611003
0.5679218897416684, 0.6419506772076679, 0.6034552181393436, -0.02048515123529571
0.5665119636038642, 0.6433276082521098, 0.6034804179494361, -0.016253360977539245
0.5654317343495274, 0.6443817431999674, 0.6035003473237993, -0.01188349362744865
0.5646907100965812, 0.6451044586867827, 0.6035143305371357, -0.007412671490920178
0.5642954185275363, 0.6454898478094296, 0.6035218934728087, -0.0028788754578307797
0.5642493435049175, 0.6455347624598484, 0.6035227797003072, 0.001679377978268093
0.5645528911850812, 0.6452388358255576, 0.6035169591709747, 0.006223364302434763
0.5652033860650922, 0.6446044850085996, 0.6035046292369863, 0.010714480348503553
0.5661950970134367, 0.6436368937573896, 0.603486207958991, 0.015114572626257629
0.5675192929504631, 0.6423439753482856, 0.6034623199294838, 0.019386261784526057
0.5691643274662914, 0.6407363156993714, 0.6034337750928878, 0.023493260425319656
0.5711157513001116, 0.6388270968517212, 0.6034015412808857, 0.027400681546170976
0.5733564512624519, 0.6366320010166643, 0.6033667113946843, 0.031075334974783965
0.5758668138677142, 0.6341690954642526, 0.6033304663473886, 0.034486009270645046
0.5786249116637148, 0.6314586986205301, 0.6032940350233282, 0.03760373670079911
0.5816067100030027, 0.6285232278509482, 0.6032586526121978, 0.04040203904974243
0.5847862918009691, 0.6253870295350863, 0.603225518730799, 0.042857152194341525
0.588136097670807, 0.6220761921836259, 0.6031957567521934, 0.0449482275617889
0.5916271787165003, 0.6186183435112094, 0.6031703757209502, 0.04665750878974402
0.5952294592023731, 0.6150424325564792, 0.6031502361453559, 0.04797048212091669
0.5989120063002091, 0.6113784981303446, 0.6031360208259131, 0.048875999287428196
0.6026433041403664, 0.6076574250717057, 0.6031282117086706, 0.04936637187144245
0.6063915294585013, 0.60391068999209, 0.6031270735476958, 0.04943743636602134
0.6101248262303856, 0.6001700983919259, 0.6031326449302448, 0.049088589402277796
0.6138115768190922, 0.5964675152260461, 0.6031447369687098, 0.04832279285413188
0.6174206673161963, 0.5928345911787379, 0.6031629397036566, 0.0471465487788582
0.620921744935954, 0.5893024870734319, 0.6031866360010163, 0.04556984439873547
0.6242854655128302, 0.5859015989831724, 0.6032150224725646, 0.043606067575058055
0.6274837293524771, 0.5826612867199125, 0.6032471367108303, 0.04127189346911031
0.6304899038887517, 0.5796096084584212, 0.6032818899155391, 0.03858714332392044
0.6332790317994371, 0.5767730642898666, 0.6033181038059052, 0.03557461653409197
0.6358280234263842, 0.57417635149743, 0.6033545505676887, 0.03225989739702688
0.6381158325279007, 0.5718421342991061, 0.6033899944809265, 0.02867113815555445
0.6401236145592337, 0.5697908307096415, 0.6034232338170878, 0.02483882014739485
0.6418348668286579, 0.5680404190341076, 0.6034531415850868, 0.020795495068970053
0.6432355500106337, 0.5666062663207785, 0.6034787037444292, 0.016575508537726737
0.6443141906133105, 0.5655009808729281, 0.6034990535895103, 0.012214708296270017
0.6450619640957825, 0.5647342906511778, 0.6035135011387922, 0.007750139541202732
0.6454727584122715, 0.5643129490945505, 0.603521556531925, 0.0032197299777435443
0.6455432178279142, 0.5642406695548385, 0.6035229466410658, -0.0013380327037164548
0.6452727669067733, 0.5645180891815631, 0.6035176243328252, -0.005884428162367623
0.6446636146203828, 0.5651427627206715, 0.6035057700665988, -0.01038083274126916
0.6437207385681657, 0.5661091863066369, 0.6034877857750531, -0.014789047970633245
0.6424518493432937, 0.567408850942534, 0.6034642812343954, -0.01907162541736995
0.6408673351228694, 0.5690303249837529, 0.6034360533868515, -0.023192185092392348
0.6389801866134092, 0.5709593645758438, 0.6034040593168457, -0.02711572468732381
0.6368059025449927, 0.5731790506528356, 0.6033693837976281, -0.03080891699736709
0.6343623759830093, 0.5756699507857426, 0.6033332025091677, -0.03424039299592391
0.6316697618175944, 0.5784103038877337, 0.6032967421748202, -0.03738100815751983
0.6287503258992698, 0.5813762255374308, 0.6032612389686367, -0.04020408977689005
0.6256282764157357, 0.5845419314787828, 0.6032278966036281, -0.04268566320174872
0.622329578249239, 0.5878799766975856, 0.6031978455219416, -0.044804655082727116
0.6188817512154297, 0.5913615073623857, 0.6031721045703665, -0.046543071944127316
0.6153136532612282, 0.5949565228513954, 0.6031515464601676, -0.047886152591419595
0.6116552498881982, 0.5986341450662267, 0.603136868181846, -0.0488224930938099
0.6079373712656168, 0.6023628922555389, 0.6031285673774013, -0.04934414331081932
0.6041914586995227, 0.6061109546340464, 0.6031269254707096, -0.049446674168865626
0.6004493023255438, 0.6098464691806779, 0.6031319981276033, -0.04912921513566214
0.5967427720888503, 0.6135377911293372, 0.6031436133688775, -0.048394461585299114
0.5931035442584219, 0.6171537598213704, 0.6031613774001543, -0.04724865199368222
0.5895628258891262, 0.6206639567648574, 0.6031846879610836, -0.04570151515115452
0.5861510797881364, 0.6240389539364033, 0.6032127547415874, -0.0437661878252161
0.5828977526564803, 0.627250550560423, 0.6032446261733779, -0.041459103549842544
0.5798310091569588, 0.6302719968033513, 0.6032792216888803, -0.0387998534574816
0.5769774747019774, 0.6330782030206553, 0.6033153683543377, -0.035811020303777946
0.5743619897553741, 0.6356459333882504, 0.6033518406355005, -0.03251798706171398
0.5720073783984994, 0.6379539829329524, 0.6033874019479505, -0.028948721679317425
0.5699342338210975, 0.6399833371457792, 0.6034208465834644, -0.025133539801417745
0.5681607232615137, 0.6417173135148554, 0.6034510405908606, -0.021104847449088134
0.5667024147392727, 0.643141684449984, 0.6034769602250586, -0.016896865828289198
0.5655721276981523, 0.6442447811881101, 0.6034977266603694, -0.012545340599748652
0.5647798094127403, 0.645017578368319, 0.6035126357906022, -0.008087238083237216
0.5643324387104753, 0.6454537590479537, 0.6035211821051153, -0.003560430989244592
0.5642339582296626, 0.6455497599999003, 0.6035230758308245, 0.000996623632073249
0.5644852360781742, 0.6453047971878092, 0.6035182527585962, 0.005545211462335529
0.5650840573844148, 0.6447208713641944, 0.6035068764206285, 0.010046690197459067
0.566025145849093, 0.6438027537796049, 0.6034893325449524, 0.014462818211210784
0.56730021502109, 0.6425579520332162, 0.6034662159751971, 0.018756079775549668
0.5688980486410733, 0.6409966561401339, 0.6034383104994042, 0.02289000404578837
0.5708046090300696, 0.6391316649421822, 0.6034065622722202, 0.026829475076833198
0.5730031721542213, 0.6369782930504357, 0.603372047732075, 0.030541030220048188
0.5754744876780665, 0.6345542585822533, 0.6033359371016069, 0.033993144357395394
0.5781969620327644, 0.6318795520455066, 0.6032994547092796, 0.03715649755886907
0.5811468622776594, 0.6289762868297681, 0.6032638374777869, 0.04000422389908806
0.5842985383273147, 0.6258685318893124, 0.6032302929868307, 0.04251213933727257
0.5876246609543659, 0.6225821273459309, 0.6031999585321065, 0.04465894674964585
0.5910964728627305, 0.6191444838998184, 0.6031738625683686, 0.04642641640247323
0.5946840500561743, 0.615584367112367, 0.6031528898434704, 0.047799540365393314
0.5983565707030649, 0.611931667812856, 0.6031377514050289, 0.04876665958640702
0.6020825887173141, 0.6082171600782137, 0.6031289604961196, 0.049319562579949607
0.6058303093349806, 0.6044722484369529, 0.6031268151567745, 0.04945355491610066
0.6095678640618144, 0.6007287061501309, 0.60313138812079, 0.049167498940505275
0.613263582494513, 0.5970184066183639, 0.6031425243501521, 0.048463823399442274
0.6168862586723591, 0.5933730501488548, 0.6031598462906139, 0.047348502891201835
0.6204054097906067, 0.5898238884842163, 0.6031827666703666, 0.04583100731210939
0.6237915252966401, 0.5864014496398291, 0.6032105084081573, 0.04392422171174895
0.627016304588795, 0.5831352657130885, 0.6032421309563061, 0.0416443372157658
0.6300528817401275, 0.5800536064110215, 0.6032765621859623, 0.039010713914558987
0.6328760358701747, 0.5771832210880635, 0.6033126347340445, 0.036045716850624965
0.6354623859821199, 0.5745490920895374, 0.6033491255799737, 0.03277452646456122
0.6377905692667393, 0.572174202155959, 0.6033847975106724, 0.029224925077956
0.639841402044813, 0.5700793185570414, 0.6034184410681406, 0.025427061198626005
0.6415980226738927, 0.5682827964916958, 0.603448915557341, 0.02141319362787543
0.6430460158819916, 0.5668004041122094, 0.6034751877238361, 0.017217417528548266
0.6441735181092685, 0.5656451713090017, 0.60349636678945, 0.012875374774533824
0.6449713035394978, 0.564827264130111, 0.6035117346576182, 0.008423951045031953
0.6454328505872271, 0.5643538864110791, 0.6035207702638153, 0.0039009622483838517
0.6455543886759874, 0.5642292098614704, 0.6035231672449812, -0.0006551670410862109
0.6453349252004149, 0.5644543335000731, 0.6035188443284812, -0.0052057303754327764
0.6447762526138435, 0.5650272729587487, 0.6035079480881301, -0.00971206864796263
0.6438829356263944, 0.5659429797923149, 0.6034908479737584, -0.014135898901204064
0.6426622785407203, 0.5671933905465207, 0.6034681237829715, -0.01843963990237625
0.6411242727971387, 0.5687675049558191, 0.6034405460001533, -0.02258673169106412
0.6392815248507722, 0.5706514922749742, 0.6034090496697373, -0.02654194636011522
0.6371491645639294, 0.5728288244007761, 0.6033747026900558, -0.030271687412225672
0.6347447343703994, 0.5752804341190109, 0.6033386696032639, -0.03374427514005232
0.6320880595570397, 0.5779848965232611, 0.6033021721094696, -0.03693021560545072
0.6292011001137832, 0.5809186314010983, 0.6032664476441515, -0.03980245094181254
0.6261077847269277, 0.5840561241737356, 0.6032327074234506, -0.042336588870526305
0.6228338276323651, 0.5873701628100148, 0.6032020953797627, -0.04451110950623678
0.6194065292044638, 0.5908320880163426, 0.6031756493797209, -0.04630754772374983
0.6158545613308029, 0.5944120539311847, 0.6031542660390828, -0.0477106495700234
0.6122077388103064, 0.5980792965252352, 0.6031386703270185, -0.04870850142569381
0.608496778208955, 0.6018024069243748, 0.6031293909898295, -0.049292630850085235
0.6047530458090045, 0.605549606929136, 0.6031267426268834, -0.0494580782798469
0.6010082964895722, 0.6092890240976133, 0.6031308150260739, -0.049203438992570014
0.5972944055732515, 0.6129889638840653, 0.6031414701201349, -0.048530874991400796
0.5936430958593814, 0.616618176477555, 0.6031583466669326, -0.04744609671330166
0.5900856622339059, 0.6201461161583246, 0.603180872495164, -0.04595831471080264
0.5866526963926286, 0.6235431911783365, 0.603208283900554, -0.04408016170342334
0.5833738143335756, 0.6267810023707867, 0.6032396515353554, -0.041827585638999326
0.5802773893599902, 0.6298325688957124, 0.6032739119138582, -0.03921971464542756
0.5773902933837503, 0.6326725397298733, 0.6033099034662384, -0.03627869498825982
0.5747376493259726, 0.6352773897040711, 0.6033464059187875, -0.033029503377425315
0.5723425973745352, 0.6376255990759564, 0.6033821816656866, -0.029499735185322395
0.5702260777754441, 0.6396978157977701, 0.6034160177297869, -0.02571937034664601
0.5684066327058799, 0.6414769997939749, 0.6034467668897218, -0.021720518905579654
0.5669002296019701, 0.6429485487017185, 0.6034733865787374, -0.01753714835627941
0.5657201080957609, 0.6441004046469646, 0.6034949742360483, -0.013204795085830175
0.5648766524564822, 0.6449231417311276, 0.6035107979116663, -0.008760262373007218
0.5643772911352727, 0.6454100339883487, 0.603520321086555, -0.004241307519321823
0.5642264246852187, 0.6455571036440383, 0.6035232208661045, 0.00031367921076376666
0.5644253829759771, 0.6453631495635752, 0.603519398929682, 0.004866001087366177
0.5649724122512756, 0.644829755829301, 0.6035089848647617, 0.009376984046524968
0.5658626921955199, 0.6439612804276874, 0.6034923317725143, 0.013808305626729762
0.5670883827903427, 0.6427648240706277, 0.6034700042939471, 0.018122320883828223
0.5686387003609419, 0.6412501792190849, 0.6034427594628482, 0.022282382485841908
0.5705000218431716, 0.6394297594276044, 0.6034115210351193, 0.0262531522436047
0.5726560159528653, 0.6373185091879771, 0.6033773481653484, 0.030000901412746674
0.5750877996155225, 0.634933794522723, 0.6033413994931367, 0.03349379720617287
0.5777741177233018, 0.6322952746665607, 0.6033048938572735, 0.03670217308233113
0.5806915440322841, 0.6294247552784491, 0.6032690689700689, 0.03959878052146007
0.5838147008002541, 0.6263460237491724, 0.6032351394531517, 0.04215902016772816
0.5871164945966726, 0.6230846673098938, 0.603204255657508, 0.04436115039765972
0.5905683655937719, 0.6196678748049133, 0.6031774646637655, 0.046186471572395554
0.5941405475712644, 0.6161242231652819, 0.6031556747846428, 0.047619484441073806
0.5978023358362929, 0.612483449806415, 0.6031396247726419, 0.04864802138291172
0.6015223602731082, 0.6087762123689343, 0.6031298587764857, 0.04926334940449628
0.6052688607906098, 0.6050338374234772, 0.6031267078949006, 0.04946024404454599
0.6090099625265472, 0.6012880599623236, 0.6031302789527594, 0.04923703357929338
0.612713948290245, 0.5975707556980744, 0.6031404508798675, 0.04859561316609651
0.6163495258760011, 0.5939136683765741, 0.6031568788150741, 0.04754142880942444
0.6198860880512652, 0.5903481344820489, 0.6031790057966661, 0.04608343128055957
0.6232939632114929, 0.5869048078611658, 0.6032060816429511, 0.04423400036880992
0.626544654891418, 0.5836133869139053, 0.6032371883833029, 0.042008840086300625
0.6296110685246963, 0.5805023470875976, 0.6032712713779219, 0.03942684568903037
0.6324677240451989, 0.5775986814616855, 0.6033071750717163, 0.03650994361225257
0.6350909531188201, 0.5749276522209542, 0.6033436821705269, 0.03328290564668336
0.6374590799804319, 0.5725125557813018, 0.6033795549117799, 0.02977313890172949
0.6395525850231315, 0.5703745042527857, 0.6034135770304817, 0.02601045331093719
0.6413542504436673, 0.5685322257990337, 0.6034445949977028, 0.022026808631158593
0.6428492873872976, 0.5670018862807236, 0.6034715571331942, 0.01785604306842776
0.6440254441565437, 0.565796934355405, 0.6034935492656824, 0.01353358582813564
0.6448730951516533, 0.5649279719495306, 0.6035098257313435, 0.009096156032748104
0.6453853102970586, 0.5644026517251715, 0.6035198346589531, 0.004581450575090728
0.6455579047796223, 0.5642256028387305, 0.6035232366839319, 2.7823577388014124e-05
0.6453894689835741, 0.5643983859380738, 0.6035199164563994, -0.004526039795696679
0.6448813785568075, 0.5649194779746123, 0.6035099865527761, -0.009041452368999888
0.6440377845872545, 0.5657842870254027, 0.6034937836582304, -0.013480054006077857
0.6428655839101068, 0.5669851969349005, 0.6034718571494878, -0.017804137847846218
0.6413743696106373, 0.5685116412044149, 0.6034449504653653, -0.021976970939135008
0.6395763618370812, 0.5703502051872851, 0.6034139758970695, -0.02596310649411566
0.6374863190969782, 0.5724847552965818, 0.6033799836534628, -0.02972868512930974
0.6351214302817355, 0.5748965936066552, 0.603344126250647, -0.033241722494770594
0.6325011877504483, 0.5775646359360341, 0.603307619433674, -0.036472380858541535
0.6296472419071433, 0.5804656112422842, 0.6032717009556757, -0.03939322234490557
0.6265832378266032, 0.5835742799434921, 0.6032375886121726, -0.04197944169131859
0.6233346346230785, 0.5868636686091073, 0.6032064389534049, -0.04420907657022364
0.6199285084127284, 0.5903053183366558, 0.6031793080743558, -0.046063193718066664
0.6163933398929695, 0.593869544050946, 0.6031571158115244, -0.047526049322703025
0.6127587877475303, 0.5975257019281681, 0.6031406145599024, -0.04858522233995527
0.6090554492815067, 0.6012424621569431, 0.6031303637668914, -0.04923171963842836
0.6053146098919868, 0.6049880842991149, 0.603126710967452, -0.049460052106990206
0.6015679831820594, 0.6087306926011091, 0.6031297800030712, -0.049268281099887304
0.5978474437239355, 0.6124385487274908, 0.603139466823707, -0.048658034838704595
0.5941847546648749, 0.6160803195367968, 0.6031554430149388, -0.04763449463681177
0.5906112925417846, 0.6196253376902544, 0.6031771669308301, -0.04620635105913666
0.587157771820947, 0.6230438530707917, 0.6032039020552961, -0.044385730376657995
0.5838539718027662, 0.6263072731870509, 0.6032347419698499, -0.04218809191950258
0.5807284686224992, 0.6293883909391839, 0.6032686410816848, -0.03963209717347446
0.5778083751320723, 0.6322615983247667, 0.6033044500707689, -0.036739451700666864
0.5751190914614641, 0.6349030848593549, 0.6033409548546013, -0.033534721193832204
0.5726840690277983, 0.637291019672809, 0.6033769177498726, -0.03004512319459563
0.5705245906844423, 0.6394057164161498, 0.603411119435671, -0.026300296215476276
0.5686595695801994, 0.6412297802716705, 0.603442400295477, -0.022332048202998694
0.5671053691306881, 0.6427482364997469, 0.6034696997360991, -0.018174086461854665
0.5658756462917875, 0.6439486400783697, 0.6034920921501146, -0.013861731326009447
0.5649812200715423, 0.6448211660960602, 0.6035088183020701, -0.0094316160097885
0.5644299669261519, 0.6453586806465338, 0.6035193110738001, -0.004921375198387533
0.5642267443626844, 0.6455567920460167, 0.6035232146954786, -0.000369325041160807
0.5643733437219474, 0.6454138822540518, 0.603520396809976, 0.004185862709048335
0.564868472746251, 0.6449311184289805, 0.6035109529611885, 0.008705489612570526
0.5657077681559329, 0.6441124445936411, 0.6034952033540719, 0.013151159688950507
0.5668838380730972, 0.6429645534288766, 0.6034736819962939, 0.017485105963595367
0.5683863337489061, 0.6414968382561743, 0.6034471185899227, 0.021670511610640316
0.5702020496795619, 0.6397213253198741, 0.603416413787489, 0.02567182293817037
0.5723150508433061, 0.6376525865375617, 0.6033826086518557, 0.029455051537834953
0.574706825463079, 0.6353076329575533, 0.6033468493558453, 0.032988063021010594
0.5773564614031451, 0.6327057892475031, 0.6033103483189464, 0.036240849886544864
0.5802408440481405, 0.6298685496399417, 0.6032743430990942, 0.03918578620902497
0.5833348732939034, 0.6268194158802352, 0.6032400544334969, 0.04179786199954226
0.5866116971041114, 0.6235837178602153, 0.6032086448511303, 0.044054895271030264
0.5900429589570951, 0.6201884177760366, 0.6031811792599738, 0.04593772003534511
0.5935990564238324, 0.6166618988200343, 0.6031585888449346, 0.04743034866723886
0.5972494080805388, 0.6130337396010901, 0.6031416395000445, 0.048520107289215755
0.6009627259657228, 0.6093344756829083, 0.6031309058647247, 0.04919774305901506
0.6047072908393583, 0.6055953498305985, 0.603126751843915, 0.049457502476304385
0.6084512275872043, 0.6018480527583125, 0.6031293182721061, 0.04929718006539097
0.6121627782318396, 0.5981244563691244, 0.6031385181392456, 0.048718137034775594
0.6158105701585342, 0.5944563416672378, 0.6031540395402564, 0.04772528976069437
0.6193638773331525, 0.5908751236961687, 0.6031753562482417, 0.04632706818897832
0.622792872475088, 0.587411576008965, 0.6032017455531447, 0.04453534449621556
0.6260688683449126, 0.5840955573021592, 0.603232312761435, 0.042365332595894895
0.6291645465083526, 0.5809557429388305, 0.6032660215266528, 0.039835459316470576
0.6320541721399576, 0.5780193641431953, 0.6033017289829683, 0.0369672083145546
0.6347137936265792, 0.5753119576656806, 0.6033382244910315, 0.03378493801603431
0.6371214259182294, 0.5728571286904682, 0.6033742706828026, 0.030315675099035898
0.6392572167485776, 0.570676329685074, 0.6034086454139592, 0.026588885243389076
0.6411035950065848, 0.5687886577728177, 0.6034401832015244, 0.02263622306958135
0.6426454006827852, 0.5672106730444021, 0.6034678147416201, 0.018491263374033354
0.6438699959376954, 0.5659562400158542, 0.603490603167191, 0.014189215934791052
0.6447673569457844, 0.5650363941895531, 0.6035077758159472, 0.009766626310346251
0.6453301462573416, 0.5644592353869219, 0.6035187504309374, 0.005261065182319216
0.6455537654942036, 0.5642298492006094, 0.6035231549049407, 0.0007108088983928112
0.6454363882560412, 0.5643502575664978, 0.60352083989882, -0.003845486046362768
0.644978973164895, 0.5648193990884067, 0.6035118839057262, -0.008369111795012436
0.6441852570202897, 0.5656331393681291, 0.6034965905893322, -0.012821638355740418
0.6430617280793788, 0.5667843112081113, 0.6034754784864089, -0.017165240440766744
0.6416175795200059, 0.5682627841714302, 0.6034492634231114, -0.021363019110067792
0.6398646431931911, 0.5700555626114714, 0.6034188342415369, -0.02537931546136333
0.6378173038288986, 0.5721469109292552, 0.6033852226600144, -0.029180013681868372
0.6354923939282623, 0.5745185044865881, 0.6033495682895199, -0.032732830875659744
0.6329090696593505, 0.577149604304324, 0.6033130799927823, -0.03600759120173579
0.6300886681740583, 0.580017253412291, 0.6032769948965613, -0.03897648200024981
0.6270545468820186, 0.5830964924951629, 0.6032425364469868, -0.04161428974606117
0.6238319053538488, 0.5863605922998681, 0.6032108729301109, -0.04389861384764987
0.62044759068008, 0.5897813001370069, 0.6031830778638699, -0.045810056503480065
0.6169298872822198, 0.5933290977219322, 0.60316009360404, -0.04733238703498732
0.6133082923562174, 0.5969734675601617, 0.603142699397673, -0.048452679333458926
0.6096132783228796, 0.6006831650850437, 0.6031314849666553, -0.04916142128522754
0.6058760438604645, 0.6044264938003909, 0.6031268305165257, -0.04945259527396765
0.6021282552971237, 0.6081715807635155, 0.6031288938479308, -0.04932372909876327
0.5984017803397711, 0.6118866498603158, 0.6031376050073969, -0.04877591689039909
0.5947284163057782, 0.6155402904687063, 0.6031526686586521, -0.047813809854525414
0.5911396151988149, 0.6191017192742889, 0.6031735740941675, -0.04644557691751838
0.5876662081243278, 0.6225410331868769, 0.6031996125477008, -0.044682835597597476
0.5843381316680037, 0.625829451502598, 0.6032299012212581, -0.0425405536686552
0.5811841589567875, 0.6289395456579937, 0.60326341321232, -0.040036922425823865
0.5782316381819605, 0.6318454551244954, 0.6032990123271668, -0.03719320259850187
0.5755062413834763, 0.634523088188931, 0.6033354916004391, -0.03403354418671459
0.5730317262711105, 0.636950306553995, 0.6033716142153069, -0.030584781718505292
0.5708297137890247, 0.6391070928683743, 0.6034061554370873, -0.026876206637635472
0.5689194840150777, 0.6409757004566722, 0.6034379441385942, -0.02293931873020387
0.5673177928250059, 0.6425407846626349, 0.6034659025091771, -0.018807558683798985
0.5660387115458553, 0.6437895153445063, 0.6034890826008145, -0.014516024041373699
0.5650934915754953, 0.6447116701686054, 0.603506698471731, -0.010101170962114048
0.5644904556595975, 0.6452997084373838, 0.6035181528372364, -0.005600504331204174
0.5642349171988953, 0.6455488252628652, 0.6035230573236803, -0.0010522588677738824
0.5643291286138847, 0.6454569859580153, 0.6035212456383984, 0.0035049260360968124
0.5647722594278902, 0.6450249405701773, 0.6035127792088253, 0.008032334953901767
0.5655604043498692, 0.644256218525686, 0.6034979450994397, 0.012491505716755853
0.566686621253132, 0.643157103396964, 0.6034772462772218, 0.016844556528824793
0.5681409985630226, 0.6417365878466047, 0.6034513845558981, 0.021054508096417613
0.5699107511933141, 0.6400063088510455, 0.6034212367976236, 0.025085598007673078
0.5719803438150349, 0.6379804633630158, 0.6033878251794473, 0.028903584671934275
0.5743316399095995, 0.6356757046402691, 0.6033522825331787, 0.03247603822448483
0.5769440747567225, 0.6331110195508388, 0.6033158139342683, 0.03577261592189093
0.5797948502419961, 0.630307587264285, 0.6032796558424017, 0.03876531969407261
0.5828591491435655, 0.6272886198553167, 0.603245034179349, 0.04142873367951955
0.586110366375328, 0.6240791854812842, 0.6032131227654808, 0.04374023974774892
0.5895203545274869, 0.6207060149477606, 0.6031850035240087, 0.04568020920608107
0.5930596809550185, 0.6171972926454226, 0.6031616298019082, 0.047232169093994344
0.596697893620231, 0.6135824330243249, 0.6031437940506856, 0.04838294168565749
0.6004037928956136, 0.6098918439652841, 0.6031321009622598, 0.04912275604777701
0.604145706574975, 0.6061566786084601, 0.6031269469702851, 0.04944533073378672
0.6078917654208865, 0.6024085774016886, 0.6031285068114791, 0.04934792693492877
0.6116101766903279, 0.5986794023304953, 0.6031367276022815, 0.048831371652320155
0.6152694932231355, 0.5950009654824243, 0.6031513306315341, 0.04790005070016695
0.6188388758439203, 0.5914047542745375, 0.6031718208084403, 0.046561871597434815
0.6222883470117833, 0.5879216558288847, 0.6031975034457017, 0.04482819665210562
0.625589033847594, 0.5845816831107443, 0.6032275078091731, 0.04271374678723262
0.6287133988700748, 0.5814137055432029, 0.6032608166360679, 0.040236476899877194
0.6316354569740549, 0.5784451868744421, 0.603296300621412, 0.037417423781128424
0.6343309773820289, 0.5757019330969201, 0.6033327567039726, 0.03428052785611112
0.636777669489259, 0.5732078531973352, 0.6033689488539679, 0.03085243022539634
0.6389553516994366, 0.5709847354507198, 0.6034036499798927, 0.027162246701647335
0.6408461025096225, 0.5690520418602495, 0.6034356835336788, 0.02324132073565309
0.6424343932478387, 0.5674267231865173, 0.6034639634034432, 0.019122957312053157
0.643707201993384, 0.5661230568075535, 0.6034875307409716, 0.014842140064932247
0.6446541083185607, 0.5651525094063421, 0.6035055864748925, 0.010435234015004173
0.6452673685818546, 0.5645236261997801, 0.6035175184066838, 0.005939676461327525
0.6455419715783833, 0.5642419481067952, 0.603522921970333, 0.0013936586696048764
0.6454756744159299, 0.5643099579094554, 0.6035216139513653, -0.003164198915465972
0.6450690185370987, 0.564727056095969, 0.6035136386997829, -0.0076951751458676975
0.6443253258534958, 0.5654895666956793, 0.6034992666261221, -0.012160777511488925
0.6432506750000807, 0.5665907730310875, 0.603478985031649, -0.016523069516297846
0.6418538577608431, 0.5680209829284069, 0.6034534815838197, -0.020744993277299055
0.6401463157645477, 0.56976762255384, 0.6034236209976241, -0.024790684578816002
0.6381420576051334, 0.5718153576852077, 0.6033904157138985, -0.028625777684928837
0.6358575566086814, 0.5741462408946736, 0.6033549915692592, -0.03221769730769128
0.6333116295504582, 0.5767398828144314, 0.6033185496220864, -0.03553593524665671
0.630525296723449, 0.5795736453887788, 0.6032823254292171, -0.038552309354589434
0.6275216238754022, 0.5826228547874359, 0.6032475471543064, -0.041241202643144806
0.6243255466651189, 0.5858610314695957, 0.6032153939282296, -0.0435797805187524
0.6209636784402007, 0.5892601347481758, 0.6031869558731902, -0.04554818433084488
0.6174641023062799, 0.5927908191099818, 0.603163197145599, -0.0471296996198391
0.6138561486397247, 0.5964226994997247, 0.6031449232503305, -0.048310897668852215
0.6101701593887422, 0.6001246227726025, 0.6031327537340522, -0.0490817491890464
0.6064372407078308, 0.6038649425589416, 0.603127101182954, -0.04943570920189899
0.6026890056730104, 0.6076117948616885, 0.6031281572365108, -0.04936977242085079
0.5989573090250648, 0.6113333718190596, 0.6031358860911598, -0.048884498678083234
0.5952739760795683, 0.6149981912053804, 0.6031500257139905, -0.04798400818810335
0.5916705281199954, 0.6185753594076654, 0.6031700967253293, -0.04667594668693073
0.588177906747858, 0.6220348257980293, 0.6031954186492657, -0.04497142073257526
0.5848261997959598, 0.6253476266167818, 0.603225132981515, -0.04288490369775641
0.5816443715121281, 0.628486116682278, 0.6032582322929763, -0.04043411322797921
0.5786599997864247, 0.6314241874458327, 0.603293594382742, -0.037639861175611175
0.5758990232207841, 0.6341374701082876, 0.6033300203230995, -0.034525877251850495
0.5733855008230228, 0.6366035227046815, 0.6033662751070004, -0.03111860786166093
0.571141387045081, 0.6388020002413058, 0.6034011295201089, -0.027446991799992878
0.5691863247770496, 0.6407148071323153, 0.603433401817832, -0.023542214688905872
0.5675374587541313, 0.6423262313290615, 0.6034619977941713, -0.01943744422249334
0.566209271634467, 0.6436230596633576, 0.6034859478835793, -0.015167548457676948
0.5652134447642742, 0.6445946740358365, 0.6035044400374756, -0.010768799541920579
0.5645587453666472, 0.6452331281731776, 0.6035168472602598, -0.006278565401724936
0.564250941576449, 0.6455332047548296, 0.6035227488707149, -0.0017349920265863367
0.5642927464016968, 0.6454924527732617, 0.6035219447674961, 0.0028233209296576554
0.5646837913282453, 0.6451112050446549, 0.6035144622147155, 0.0073576484458141925
0.5654206299065432, 0.6443925758326906, 0.6035005549173942, 0.011829469507852334
0.5664967712743884, 0.643342438590445, 0.6034806944181506, 0.01620079473003696
0.5679027431856731, 0.6419693838682067, 0.6034555541070238, 0.020434489408216766
0.5696261837398592, 0.6402846574821568, 0.6034259863869308, 0.02449458923356616
0.5716519606478473, 0.6383020790939564, 0.6033929937694219, 0.028346605963480084
0.5739623165340236, 0.6360379414176477, 0.6033576948812274, 0.03195782043932839
0.5765370384679458, 0.6335108903507214, 0.6033212865346252, 0.03529756045700495
0.5793536496478541, 0.630741786422836, 0.6032850031480058, 0.038337461134009924
0.5823876209265276, 0.627753548069915, 0.6032500748927238, 0.04105170557431565
0.5856125996813059, 0.6245709773737376, 0.6032176859853352, 0.043417243807474526
0.5890006533866223, 0.6212205690572751, 0.6031889345391855, 0.04541398816925116
0.5925225251501848, 0.6177303036927317, 0.6031647953362952, 0.0470249834953973
0.5961478984227578, 0.6141294262602192, 0.6031460867813339, 0.04823655071598524
0.5998456680849978, 0.6104482113872411, 0.6031334431575995, 0.04903840266299418
0.6035842151505554, 0.6067177167988186, 0.6031272931251588, 0.04942373113674709
0.6073316823992028, 0.6029695267105416, 0.6031278451897084, 0.049389264515577624
0.6110562483628674, 0.5992354870970421, 0.6031350806345096, 0.048935295436149176
0.6147263972261622, 0.5955474349607166, 0.603148754154856, 0.04806567831762789
0.6183111823659568, 0.5919369239043325, 0.6031684021735901, 0.04678779674998923
0.6217804814359128, 0.5884349484704654, 0.6031933585559247, 0.04511250101369624
0.6251052410959484, 0.5850716698449641, 0.6032227771911147, 0.04305401624342069
0.6282577096875472, 0.5818761456254052, 0.6032556606758239, 0.04062982199092896
0.6312116563581398, 0.578876066423947, 0.603290894127179, 0.037860504180185335
0.63394257533655, 0.5760975021030439, 0.6033272829795898, 0.034769580679500776
0.6364278742521082, 0.5735646604287802, 0.6033635934842325, 0.03138330193941068
0.6386470455688824, 0.5712996608679229, 0.6033985945383324, 0.027730428359018726
0.64058182037057, 0.5693223261499744, 0.6034310994261229, 0.02384198624580744
0.6422163038788928, 0.5676499940644965, 0.6034600060561539, 0.019751004422323176
0.6435370922177487, 0.5662973517680725, 0.603484334330442, 0.01549223370558854
0.6445333700466638, 0.565276294636822, 0.6035032593780627, 0.01110185163951152
0.6451969887809521, 0.5645958114230315, 0.603516139525913, 0.006617154994945959
0.6455225251939541, 0.5642618971628887, 0.6035225380577995, 0.002076242664586295
0.6455073202610454, 0.5642774949421747, 0.603522238023671, -0.0024823083310651648
0.6451514981586539, 0.5646424672645278, 0.6035152495965496, -0.007019770946162848
0.6444579653776848, 0.5653535973897076, 0.603501809727556, -0.011497597501437848
0.6434323899532237, 0.5664046206246641, 0.6034823741107298, -0.01587774753449541
0.6420831608550234, 0.5677862851659521, 0.6034576017302703, -0.020123011291878858
0.6404213276299577, 0.5694864417158629, 0.6034283325144629, -0.024197326087097532
0.6384605204420011, 0.5714901607341054, 0.6033955588543894, -0.028066082815329407
0.6362168507207223, 0.5737798758490308, 0.603360391953577, -0.03169642000671568
0.6337087927085745, 0.5763355516436396, 0.6033240241499802, -0.035057502914708896
0.6309570462926359, 0.5791348737575629, 0.6032876884881562, -0.03812078527218739
0.6279843816193517, 0.5821534590114271, 0.6032526169125967, -0.04086025150415085
0.6248154661218337, 0.5853650830680022, 0.6032199984997392, -0.04325263735976869
0.62147667473816, 0.58874192299764, 0.6031909391446991, -0.04527762711627746
0.6179958842645967, 0.5922548120148061, 0.6031664240692544, -0.0469180257106234
0.6144022529676976, 0.5958735035979188, 0.6031472844218358, -0.04815990436975097
0.6107259867707521, 0.5995669421949406, 0.6031341691014463, -0.048992718535075544
0.6069980935292936, 0.6033035377498561, 0.6031275227603036, -0.04940939710907149
0.6032501271128242, 0.6070514413569761, 0.6031275707305782, -0.04940640229030668
0.5995139232104278, 0.6107788194566558, 0.6031343113859213, -0.04898375950603007
0.5958213289711283, 0.614454124122759, 0.6031475161965986, -0.048145057197047286
0.5922039287698119, 0.618046357153465, 0.6031667374763496, -0.0468974164566463
0.5886927685505443, 0.6215253258572673, 0.6031913235585104, -0.04525143077235201
0.5853180813354127, 0.6248618886192847, 0.6032204408871936, -0.04322107636488706
0.5821090165932493, 0.6280281885336264, 0.6032531022749918, -0.040823593861439106
0.579093376233847, 0.6309978735899754, 0.6032882003696382, -0.038079342278663594
0.5762973600253857, 0.6337463021017028, 0.6033245451954363, -0.035011626523142644
0.5737453232223995, 0.6362507322542245, 0.6033609044970358, -0.03164649984153549
0.5714595491363685, 0.6384904948321303, 0.6033960455179781, -0.02801254286751089
0.5694600392796639, 0.6404471483489018, 0.6034287767976186, -0.02414062111576972
0.5677643235660155, 0.6421046159516419, 0.6034579885692203, -0.020063622962980948
0.5663872928580453, 0.6434493036040135, 0.6034826903892734, -0.015816180329171273
0.5653410559170358, 0.6444701991632057, 0.6035020447218185, -0.011434374428941746
0.5646348225355173, 0.6451589520618833, 0.6035153953386225, -0.006955429097839032
0.564274814324068, 0.6455099333851644, 0.603522289571806, -0.0024173943134313987
0.5642642042854887, 0.6455202761978991, 0.6035224936639861, 0.0021411773784976683
0.564603085948716, 0.645189896031787, 0.6035160006951535, 0.006681558756070189
0.5652884724584958, 0.644521491488451, 0.603503030817338, 0.01116517731474717
0.5663143256325127, 0.6435205249571955, 0.6034840237890939, 0.015553943330980747
0.5676716146131033, 0.642195183488672, 0.6034596240631048, 0.01981057377747506
0.5693484033636503, 0.640556319911914, 0.6034306589328439, 0.02389890931029457
0.5713299658977867, 0.6386173743358897, 0.603398110479673, 0.027784221612680543
0.5735989277897693, 0.6363942762412059, 0.6033630822720124, 0.03143350846983532
0.576135432203246, 0.6339053274457759, 0.6033267619461247, 0.03481577406178438
0.578917328398822, 0.6311710663223709, 0.6032903809376118, 0.03790229209611328
0.5819203804429712, 0.6282141137575241, 0.6032551727291956, 0.0406668495570609
0.5851184936455291, 0.6250590014709063, 0.6032223310304731, 0.04308596902014004
0.5884839561026856, 0.6217319834618669, 0.6031929693074729, 0.04513910767007534
0.59198769261821, 0.6182608315141381, 0.6031680830338884, 0.04680883136229319
0.5955995282176382, 0.614674615868732, 0.6031485159434468, 0.048080962282407165
0.5992884584570973, 0.6110034723658468, 0.6031349314271411, 0.048944698982123086
0.6030229237580432, 0.607278357555393, 0.6031277900445702, 0.049392707801861606
0.6067710850682121, 0.603530793478138, 0.6031273339114173, 0.049421184928405706
0.6105010982532869, 0.5997926040203174, 0.6031335784920356, 0.04902988857838096
0.6141813847584408, 0.5960956449384752, 0.6031463120752307, 0.04822214104384359
0.6177808962385575, 0.592471529832468, 0.6031651029509909, 0.04700480058322055
0.6212693710349503, 0.5889513545071899, 0.6031893140450175, 0.045388203387915146
0.6246175805688999, 0.5855654223019181, 0.6032181245152024, 0.04338607610064281
0.627797563922608, 0.5823429730748367, 0.6032505575782865, 0.04101541960455388
0.6307828490806151, 0.5793119186043193, 0.6032855136237434, 0.03829636504091148
0.6335486595043047, 0.576498587203723, 0.6033218074926654, 0.03525200324589772
0.6360721049042284, 0.5739274803393328, 0.6033582086581405, 0.03190818902227959
0.6383323552557895, 0.571621043989266, 0.6033934829450935, 0.028293321877313676
0.6403107972702744, 0.5695994573832598, 0.6034264343752034, 0.024438105062427093
0.6419911726831419, 0.5678804416191462, 0.6034559457180777, 0.020375284940827475
0.6433596978535954, 0.5664790904624989, 0.6034810163735573, 0.016139372884166583
0.6444051642834563, 0.56540772540366, 0.6035007963003723, 0.011766352056625285
0.6451190197597318, 0.5646757767745507, 0.6035146148403109, 0.007293371582297398
0.6454954299055216, 0.5642896924208988, 0.6035220034601358, 0.0027584307076586366
0.645531319990065, 0.5642528750892383, 0.6035227116397137, -0.0017999443364289012
0.6452263969037152, 0.564565649328695, 0.6035167153673245, -0.00634302800068395
0.6445831512506535, 0.5652252583321357, 0.6035042179539196, -0.010832224796462238
0.6436068395549327, 0.5662258907572616, 0.6034856431386996, -0.015229397556944985
0.6423054466178072, 0.5675587371834099, 0.6034616207199274, -0.019497191759994044
0.6406896281101383, 0.5692120754819636, 0.6034329651984923, -0.023599353129102496
0.6387726335366654, 0.5711713840149255, 0.6034006481587523, -0.027501035791588233
0.6365702097725016, 0.5734194812345342, 0.6033657653235713, -0.031169098360764917
0.6341004854492948, 0.57593668994334, 0.603329499401048, -0.03457238541997122
0.6313838365613262, 0.578701024194562, 0.6032930799830133, -0.03768199201945201
0.6284427337720379, 0.5816883965716555, 0.6032577418552197, -0.04047150895034002
0.625301572029776, 0.5848728433874201, 0.6032246831328156, -0.04291724673139913
0.6219864832477896, 0.5882267651892269, 0.6031950246404421, -0.04499843643168833
0.618525132966637, 0.5917211798492982, 0.6031697719139086, -0.04669740565378791
0.6149465020951741, 0.5953259854575312, 0.6031497811113794, -0.047999728215627556
0.6112806550163199, 0.5990102302180034, 0.6031357299893584, -0.048894346292269776
0.6075584955421522, 0.6027423865768183, 0.6031280949270208, -0.04937366401034971
0.603811512405148, 0.6064906268751326, 0.6031271347774034, -0.04943361172547846
0.6000715161735526, 0.6102230979229567, 0.6031328820926138, -0.04907368045513655
0.5963703696734906, 0.6139081920218656, 0.6031451420203605, -0.048296926184879865
0.5927397141827474, 0.6175148121227229, 0.6031634989091854, -0.04710994401258728
0.5892106938253816, 0.6210126289822937, 0.6031873303986143, -0.045522812342587794
0.5858136807366602, 0.6243723283743128, 0.6032158285168178, -0.043549007587406194
0.5825780036788885, 0.6275658466104608, 0.6032480270709192, -0.04120529007811516
0.579531682865464, 0.6305665928291758, 0.6032828344017893, -0.03851156212336923
0.5767011737887077, 0.633349656710191, 0.6033190703932874, -0.03549069939050241
0.5741111228431568, 0.6358920004654767, 0.6033555064815738, -0.03216835700786373
0.5717841374876099, 0.638172634139068, 0.6033909073082953, -0.028572752003994874
0.5697405735947747, 0.6401727734158409, 0.6034240726055159, -0.02473442390433974
0.5679983424967067, 0.6418759792905285, 0.603453877892238, -0.02068597549788128
0.5665727400482208, 0.6432682790817447, 0.6034793126024721, -0.01646179596231416
0.5654762998013, 0.6443382683911053, 0.603499514351745, -0.012097768695006027
0.5647186721145316, 0.6450771937052197, 0.6035137981797682, -0.007630966336051822
0.5643065307172734, 0.6454790154196899, 0.6035216797773025, -0.003099335587314945
0.5642435079139748, 0.6455404511314065, 0.6035228919092425, 0.0014586254741975873
0.564530159256218, 0.6452609991011133, 0.6035173934767356, 0.006004194820349231
0.5651639581355713, 0.6446429418357394, 0.6035053709108813, 0.010498755820664722
0.5661393203667127, 0.6436913297829372, 0.6034872318507117, 0.014904125685223674
0.5674476584452632, 0.6424139451725451, 0.6034635913199595, 0.01918288017948789
0.5690774647861165, 0.6408212460851264, 0.6034352508715993, 0.023298671823823353
0.5710144228833598, 0.6389262908800706, 0.6034031714076972, 0.027216538851291897
0.5732415449893662, 0.6367446431784392, 0.603368440596611, 0.030903202283054224
0.5757393345948211, 0.634294257671681, 0.6033322359927425, 0.03432734859015843
0.5784859717091737, 0.6315953471189646, 0.6032957851096855, 0.037459895542018756
0.5814575186970454, 0.6286702310047366, 0.6032603238007741, 0.040274238993701236
0.5846281442242754, 0.625543166455061, 0.6032270543582606, 0.042746478534256845
0.5879703627101002, 0.6222401621562151, 0.6031971047516952, 0.04485562010471042
0.5914552865708594, 0.6187887761809396, 0.6031714903872863, 0.04658375389481999
0.5950528884757412, 0.6152178988047281, 0.6031510796844003, 0.047916206040296214
0.598732270815405, 0.6115575215837795, 0.6031365646358386, 0.04884166286481315
0.6024619396077378, 0.6078384941641196, 0.6031284373495316, 0.049352266641946224
0.6062100801283375, 0.6040922704935278, 0.6031269733665201, 0.04944368208937133
0.609944831652574, 0.6003506463093529, 0.6031322223204593, 0.04911513304958873
0.6136345588264807, 0.5966454899706027, 0.6031440062551083, 0.048369409056549066
0.6172481173399967, 0.5930084688861423, 0.6031619256568083, 0.04721284173439674
0.6207551117525643, 0.5894707739566081, 0.603185372997563, 0.04565525122168737
0.6241261435119416, 0.5860628445899915, 0.6032135533298657, 0.043709863060475994
0.6273330474065548, 0.5828140969642517, 0.6032455112354361, 0.04139319623317381
0.6303491148941841, 0.579752658289842, 0.6032801632146859, 0.03872492326952243
0.6331493029500856, 0.5769051098662493, 0.6033163344192538, 0.03572770357983336
0.63571042727114, 0.5742962417260494, 0.6033527984826335, 0.03242699139706033
0.6380113388553399, 0.5719488216149636, 0.6033883190987559, 0.028850819927465778
0.6400330831446813, 0.5698833809654565, 0.6034216919389483, 0.0250295635156527
0.641759041072031, 0.5681180203841831, 0.6034517854860438, 0.020995679822510948
0.6431750514873595, 0.5666682369909217, 0.6034775794009389, 0.01678343419207162
0.6442695145554302, 0.565546775720608, 0.60349819912042, 0.012428608543298487
0.6450334758159741, 0.5647635064339347, 0.6035129455127505, 0.007968197263426853
0.6454606906799343, 0.5643253283801181, 0.6035213185850536, 0.0034400926987209306
0.6455476692034559, 0.5642361032231848, 0.6035230344382166, -0.0011172370652428177
0.6452937010377672, 0.5644966174868192, 0.6035180348940943, -0.005665075369851107
0.6447008605010826, 0.5651045748993072, 0.6035064894683773, -0.010164786286091175
0.6437739917618306, 0.5660546187369183, 0.6034887896221868, -0.014578143223310611
0.6425206741646968, 0.567338383878872, 0.603465535487433, -0.018867654020373055
0.640951167776029, 0.5689445779076353, 0.6034375155163112, -0.02299687972844929
0.6390783392768666, 0.5708590902223195, 0.6034056797453511, -0.026930744353586958
0.6369175683936392, 0.5730651277875874, 0.6033711075809862, -0.030635832911139325
0.6344866351314685, 0.575543375822401, 0.6033349711993705, -0.0340806752518462
0.63180558816537, 0.5782721814479563, 0.60329849580179, -0.03723601324929473
0.628896594852192, 0.5812277580671951, 0.6032629180735098, -0.040075049088848694
0.6257837734517088, 0.584384408043161, 0.6032294442546403, -0.04257367256695807
0.622493008288887, 0.5877147610828891, 0.6031992092445722, -0.04471066549498444
0.6190517487500453, 0.591190025618931, 0.6031732381263153, -0.04646788150119746
0.6154887931815697, 0.5947802504122983, 0.6031524114148686, -0.047830399736341095
0.6118340589482925, 0.5984545935776195, 0.6031374352074003, -0.0487866512101197
0.6081183401060156, 0.602181596251578, 0.6031288172467745, -0.049328516716215146
0.6043730543446324, 0.605929458186183, 0.6031268497095055, -0.04945139554022001
0.6006299810599944, 0.6096663126451547, 0.6031315993013343, -0.04915424438650474
0.5969209926086174, 0.6133604981099398, 0.6031429049959987, -0.04843958620496209
0.5932777809838605, 0.6169808244564059, 0.6031603834938036, -0.047313488845331
0.5897315823195226, 0.6204968314384346, 0.603183442215059, -0.045785513713969876
0.5863129017710732, 0.6238790375046077, 0.6032112993881408, -0.043868634854119244
0.583051241440511, 0.6270991771732044, 0.6032430105515257, -0.0415791291144384
0.5799748340930486, 0.6301304253931521, 0.6032775005717517, -0.03893643831040707
0.5771103854580482, 0.6329476075192149, 0.6033136000922451, -0.035963004517465466
0.5744828279092755, 0.6355273937238568, 0.6033500851776737, -0.03268407986179948
0.5721150882778938, 0.63784847685184, 0.6033857188099948, -0.029127512392630048
0.5700278724641695, 0.6398917328935468, 0.6034192928294542, -0.025323509826782817
0.5682394693800513, 0.6416403634067565, 0.6034496688984895, -0.02130438315015442
0.5667655765754911, 0.6430800193528166, 0.6034758170994637, -0.01710427223936015
0.5656191496784669, 0.6441989059311659, 0.6034968508572062, -0.012758855828253524
0.5648102775154228, 0.6449878680964418, 0.6035120570018658, -0.008305048286119342
0.564346084479431, 0.6454404565260738, 0.6035209199522823, -0.003780685795256494
0.5642306613832562, 0.645552973875411, 0.6035231391994795, 0.0007757953863180467
0.5644650256797081, 0.6453245012146133, 0.6035186394971137, 0.005325685817633392
0.5650471115592325, 0.6447569045900694, 0.6035075734131384, 0.00983033211536432
0.5659717900519387, 0.6438548216964887, 0.6034903161561065, 0.014251465712608189
0.5672309188759552, 0.6426256286879498, 0.6034674528516526, 0.01855152831070564
0.5688134213938989, 0.6410793872008884, 0.6034397587008288, 0.022693991229968905
0.5707053936720047, 0.6392287717131111, 0.6034081726934502, 0.02664366592216812
0.5728902382893292, 0.6370889774238311, 0.603373765768186, 0.030367002989729375
0.5753488232240873, 0.6346776089135369, 0.603337704499416, 0.033832377162581154
0.5780596638565627, 0.632014549931651, 0.6033012115424896, 0.037010355811914655
0.5809991258780559, 0.6291218147661416, 0.6032655241787914, 0.039873948729021724
0.5841416466869873, 0.6260233817734675, 0.6032318523662904, 0.04239883706488604
0.5874599726892881, 0.6227450097895142, 0.6032013377178302, 0.044563579510269
0.5909254098021518, 0.6193140383016488, 0.6031750147977764, 0.046349793994557596
0.5945080843884623, 0.6157591724369103, 0.6031537760488851, 0.04774231339253507
0.5981772118228759, 0.6121102540089681, 0.6031383415380713, 0.04872931394949448
0.6019013699076808, 0.6083980200633369, 0.6031292345463322, 0.049302415364814264
0.605648774414139, 0.6046538505621165, 0.6031267638299525, 0.04945675171046104
0.6093875541191964, 0.6009095070514369, 0.6031310131540423, 0.04919101260220941
0.6130860228334963, 0.5971968643513399, 0.6031418384530166, 0.04850745428609983
0.6167129460693868, 0.5935476374934486, 0.6031588727142216, 0.047411880549324145
0.6202378001714325, 0.5899931063005558, 0.6031815384192487, 0.045913593611916825
0.6236310219210205, 0.5865638401484721, 0.6032090671214055, 0.04402531540192246
0.6268642468251856, 0.58328942556856, 0.6032405254959965, 0.041763079860687544
0.6299105345021344, 0.5801981994342555, 0.6032748469806747, 0.039146097165080454
0.6327445797769066, 0.5773169905221012, 0.6033108679336182, 0.036196590988196345
0.6353429082953762, 0.5746708722436532, 0.6033473670840424, 0.03293961014774324
0.6376840556493567, 0.5722829293063945, 0.6033831069378109, 0.029402816210003183
0.6397487291765936, 0.5701740409777623, 0.6034168757344699, 0.025616248825076945
0.6415199517544724, 0.5683626834960843, 0.6034475285331389, 0.02161207076401088
0.642983187043795, 0.5668647539962408, 0.6034740260340513, 0.017424294808283496
0.6441264457583837, 0.565693418098175, 0.6034954698191574, 0.013088494804898248
0.6449403726378133, 0.5648589830459617, 0.6035111328164968, 0.008641503343953506
0.6454183138854591, 0.5643687979883312, 0.6035204839549558, 0.004121098638124169
0.6455563649041616, 0.5642271826634556, 0.603523206173006, -0.00043431671672614807
0.6453533982198157, 0.5644353853976779, 0.6035192071704563, -0.004986042345040293
0.644811071532224, 0.5649915709564621, 0.6035086225384244, -0.009495409254247071
0.643933815876211, 0.5658908384036165, 0.6034918111613369, -0.013924108727699488
0.6427288039180826, 0.5671252687394542, 0.6034693430469615, -0.01823451812147854
0.6412058984568902, 0.5686840017077847, 0.6034419799973697, -0.022390020767695612
0.6393775812504591, 0.5705533407931812, 0.6034106497765943, -0.026355317241994622
0.6372588623462018, 0.5727168850810762, 0.6033764146513102, -0.030096725333213475
0.6348671701695037, 0.5751556863306835, 0.6033404353716668, -0.03358246615741003
0.6322222227103731, 0.5778484293204593, 0.6033039318139307, -0.036782933985172545
0.6293458802539623, 0.5807716332729057, 0.6032681416196797, -0.039670947498557346
0.6262619802233972, 0.5838998719539127, 0.6032342782340347, -0.042221980360184735
0.6229961548443127, 0.5872060098744805, 0.6032034897656228, -0.04441436915992502
0.6195756324987126, 0.5906614519011265, 0.6031768200629117, -0.046229497002118716
0.6160290238095996, 0.5942364035060799, 0.6031551733262633, -0.047651951206316656
0.6123860936845861, 0.5979001388586723, 0.6031392834550577, -0.04866965381507295
0.6086775207429999, 0.6016212739733171, 0.6031296891686602, -0.049273963831458205
0.6049346457525886, 0.6053680421841606, 0.6031267157442628, -0.04945975034486541
0.6011892109039833, 0.609108569308064, 0.6031304639903771, -0.049225435944689755
0.597473091948243, 0.6128111459814128, 0.6031408068295596, -0.0485730100659887
0.5938180254094532, 0.6164444948072205, 0.6031573936061679, -0.047508012157807755
0.5902553332545666, 0.6199780301214045, 0.6031796619731802, -0.046039484812048476
0.5868156475507937, 0.623382108375272, 0.6032068569553446, -0.04417989723716969
0.5835286377612112, 0.6266282673292674, 0.6032380565427388, -0.04194503970521005
0.5804227434167948, 0.6296894524553016, 0.603272202947487, -0.03935388984111931
0.5775249149532474, 0.632540229146202, 0.6033081384643901, -0.03642845185859917
0.5748603655100551, 0.6351569795262134, 0.6033446447200788, -0.0331935700748882
0.572452336454332, 0.6375180828419245, 0.6033804839802913, -0.02967671825635949
0.5703218793114622, 0.6396040785851222, 0.6034144411149432, -0.025907766555498923
0.5684876566576864, 0.6413978116553872, 0.6034453647981701, -0.021918727995761042
0.5669657643571812, 0.6428845590091092, 0.6034722065462726, -0.017743486641876482
0.5657695773096469, 0.6440521373623627, 0.603494056269653, -0.013417509757306382
0.5649096206169559, 0.6448909916179443, 0.6035101731329028, -0.00897754639566603
