-0.3613611360947233, -0.36136113609472353, -0.5902561712741823, -0.006792424931371624
-0.36148697191901635, -0.3612358985206351, -0.5902566185660075, -0.006763578204535702
-0.3616123295544983, -0.3611123153533009, -0.5902579452769565, -0.006677282943890606
-0.36173612167775593, -0.36099141375594557, -0.5902601064272515, -0.006534271842290623
-0.3618572600785286, -0.3608741839403833, -0.5902630287467078, -0.006335759164274012
-0.3619746661457952, -0.36076157200301373, -0.5902666131585402, -0.00608343047002857
-0.36208728171138693, -0.3606544735734285, -0.5902707381380474, -0.005779428347217416
-0.36219408010212084, -0.3605537282724265, -0.5902752638323698, -0.005426334268111966
-0.3622940772366847, -0.3604601149564859, -0.5902800368017089, -0.005027146721829324
-0.3623863425924896, -0.36037434770853827, -0.5902848952213158, -0.0045852558028767285
-0.36247000986092714, -0.36029707252079235, -0.5902896743679297, -0.004104414467417722
-0.362544287107193, -0.36022886460466663, -0.5902942122046662, -0.003588706697427873
-0.36260846625332055, -0.36017022625593464, -0.5902983548750087, -0.003042512839924415
-0.36266193171030703, -0.36012158520003423, -0.5903019619196044, -0.002470472413447076
-0.36270416799711214, -0.36008329334312794, -0.5903049110389447, -0.0018774446966485089
-0.3627347662006154, -0.3600556258587715, -0.5903071022403957, -0.001268467433941458
-0.36275342915094133, -0.36003878054763994, -0.5903084612289041, -0.0006487140103791925
-0.3627599752103374, -0.36003287741827517, -0.5903089419263533, -2.344946207694332e-05
-0.362754340600438, -0.36003795844970354, -0.5903085280341008, 0.0006020143006919629
-0.3627365802214698, -0.360053987511459, -0.5903072335856748, 0.001222363673233022
-0.3627068669470219, -0.3600808504323235, -0.590305102470889, 0.0018323285507313618
-0.36266548940847154, -0.36011835522526225, -0.5903022069475112, 0.0024267271487103215
-0.3626128483133072, -0.3601662324918742, -0.5902986451909896, 0.0030005100647477025
-0.36254945137042194, -0.36022413604446046, -0.5902945379653601, 0.0035488032036430045
-0.36247590692228393, -0.36029164379685197, -0.5902900245282773, 0.004066949198800554
-0.36239291640791127, -0.3603682589858628, -0.5902852579090686, 0.004550546976483357
-0.36230126580117605, -0.3604534117930498, -0.5902803997199746, 0.004995489126598337
-0.36220181618558056, -0.36054646144099367, -0.5902756146765429, 0.005397996763556728
-0.3620954936388966, -0.36064669883923317, -0.5902710650129852, 0.005754651583250218
-0.361983278608646, -0.3607533498521234, -0.5902669049818458, 0.006062424847013167
-0.36186619496223615, -0.3608655792541994, -0.5902632756244446, 0.006318703050316123
-0.3617452988936499, -0.36098249542823235, -0.5902602999893592, 0.006521310062568745
-0.3616216678621257, -0.3611031558472897, -0.5902580789609974, 0.006668525554522538
-0.3614963897275626, -0.3612265733651444, -0.5902566878396284, 0.006759099561088422
-0.3613705522328824, -0.3613517233197886, -0.5902561737887593, 0.006792263059672193
-0.36124523296586664, -0.361477551433229, -0.5902565542363455, 0.006767734477147725
-0.3611214899126769, -0.3616029824677979, -0.5902578162840072, 0.006685722072117104
-0.36100035269310504, -0.3617269295757001, -0.5902599171442666, 0.006546922172942883
-0.36088281454437265, -0.36184830425518033, -0.5902627855909928, 0.006352513285985094
-0.3607698250967305, -0.36196602680431167, -0.5902663243739091, 0.006104146122340772
-0.36066228396106137, -0.3620790371427919, -0.5902704135153568, 0.00580392962497157
-0.3605610351268479, -0.3621863058539758, -0.5902749143775996, 0.005454413111212434
-0.3604668621489412, -0.3622868452843464, -0.5902796743628377, 0.005058564678065545
-0.3603804840841712, -0.3623797205263415, -0.5902845320866413, 0.004619746049168545
-0.36030255212448026, -0.36246406010330867, -0.5902893228494432, 0.004141684072636244
-0.3602336468623204, -0.362539066172775, -0.5902938842206125, 0.0036284391078471243
-0.36017427611680586, -0.3626040240663154, -0.5902980615457828, 0.003084370566402204
-0.36012487324566755, -0.36265831099119206, -0.5903017131906871, 0.002514099897638423
-0.3600857958684356, -0.3627014037305101, -0.5903047153436697, 0.0019224713319427858
-0.3600573249302492, -0.36273288519459446, -0.5903069662139799, 0.0013145107154058978
-0.36003966404308796, -0.3627524496963618, -0.5903083894834497, 0.0006953827868056674
-0.36003293905149014, -0.36275990684697457, -0.5903089368944487, 7.034726228278177e-05
-0.3600371977825939, -0.36275518399453754, -0.5903085898863297, -0.0005552858958506105
-0.360052409954872, -0.36273832715718823, -0.5903073602248332, -0.0011762016421050833
-0.36007846723567316, -0.36270950043190986, -0.5903052896031008, -0.001787125054498581
-0.36011518345384785, -0.3626689838909094, -0.5903024482278368, -0.002382866196409595
-0.3601622949896106, -0.3626171700075451, -0.5902989324385819, -0.002958364248310616
-0.360219461378687, -0.3625545586828015, -0.5902948614408723, -0.0035087305309218957
-0.3602862661809888, -0.3624817509702827, -0.5902903732641079, -0.004029290051641615
-0.36036221817497294, -0.36239944162197424, -0.5902856200812472, -0.004515621219756304
-0.36044675294688666, -0.362308410597882, -0.5902807630490698, -0.004963593392715907
-0.3605392349488993, -0.36220951369959486, -0.5902759668440024, -0.005369401935434256
-0.3606389601013126, -0.362103672500403, -0.5902713940787855, -0.005729600496886527
-0.3607451590114663, -0.3619918637525472, -0.5902671997892974, -0.006041130232940018
-0.3608570008755543, -0.36187510845536863, -0.5902635261784271, -0.006301345731086516
-0.36097359811943797, -0.36175446076655415, -0.5902604977951659, -0.006508037421255467
-0.36109401182092515, -0.3616309969325613, -0.5902582173123091, -0.006659450286897988
-0.36121725793921766, -0.36150580440388047, -0.5902567620458535, -0.006754298721774693
-0.36134231435784603, -0.3613799712865938, -0.5902561813340413, -0.00679177741010411
-0.3614681287259125, -0.3612545762641487, -0.5902564948648465, -0.006771568140698973
-0.3615936270596516, -0.3611306791031652, -0.5902576920085815, -0.006693842499215138
-0.3617177230427755, -0.36100931183502927, -0.5902597321782261, -0.006559260416458443
-0.3618393279407184, -0.3608914706818418, -0.5902625462052811, -0.006368964584640125
-0.3619573610214093, -0.360778108771743, -0.5902660386845208, -0.006124570787349778
-0.362070760354415, -0.3606701296655015, -0.5902700912082031, -0.005828154222630061
-0.362178493841957, -0.3605683816943084, -0.5902745663801486, -0.005482231931688115
-0.36227957031999203, -0.36047365308862245, -0.5902793124736521, -0.005089741478249922
-0.36237305055599345, -0.3603866678603209, -0.5902841685753737, -0.004654016055126166
-0.3624580579625716, -0.36030808238577605, -0.5902889700408451, -0.0041787562249654955
-0.3625337888431701, -0.3602384826263192, -0.5902935540766631, -0.0036679985311601263
-0.36259952198777967, -0.36017838191497087, -0.5902977652601026, -0.003126081242163542
-0.362654627443184, -0.36012821923463123, -0.5903014608089935, -0.002557607517794389
-0.3626985742934301, -0.3600883579129732, -0.5903045154231416, -0.0019674063091462577
-0.3627309373019252, -0.3600590846630525, -0.5903068255330945, -0.0013604913242173957
-0.3627514022862601, -0.36004060890573397, -0.5903083128121226, -0.0007420184090482895
-0.3627597701202119, -0.3600330623201644, -0.5903089268322861, -0.0001172417087638989
-0.3627559592835994, -0.3600364985810871, -0.5903086467744729, 0.0005085310157495328
-0.36274000690914565, -0.36005089325623063, -0.5903074821343903, 0.001129983531917491
-0.3627120683054146, -0.3600761438526944, -0.5903054724005578, 0.0017418363523652182
-0.3626724149653643, -0.3601120700173843, -0.5903026857152265, 0.0023388916360029205
-0.36262143110028544, -0.3601584139124945, -0.5902992165636572, 0.0029160773876523494
-0.3625596087680024, -0.3602148408020164, -0.5902951825701518, 0.0034684905771209776
-0.3624875416913854, -0.3602809398986103, -0.5902907205095348, 0.003991438808689534
-0.3624059178876976, -0.36035622553125424, -0.5902859816693756, 0.004480480185383743
-0.3623155112504679, -0.36044013870239255, -0.5902811267202636, 0.0049314610289543275
-0.36221717224281313, -0.360532049108343, -0.5902763202681015, 0.005340551135957968
-0.3621118178740511, -0.3606312576981928, -0.5902717252731547, 0.0057042762724548975
-0.36200042113974773, -0.3607369998441208, -0.5902674975250735, 0.006019547634337198
-0.3618840001089074, -0.36084844918998804, -0.5902637803612032, 0.006283688026888927
-0.36176360684076336, -0.36096472223514253, -0.5902606998072026, 0.006494454545566887
-0.3616403163078754, -0.36108488369706415, -0.5902583603046788, 0.00665005756989867
-0.36151521549210885, -0.3612079526798926, -0.5902568411706167, 0.0067491759135541495
-0.36138939280612925, -0.3613329096566853, -0.5902561939085865, 0.006790968005805596
-0.3612639279757619, -0.3614587042519112, -0.5902564404628283, 0.006775079012513313
-0.3611398824985991, -0.3615842637879032, -0.5902575724743716, 0.006701643838239764
-0.36101829077231795, -0.36170850253553355, -0.5902595515643939, 0.006571285984897647
-0.3609001519630354, -0.3618303315859287, -0.5902623106352138, 0.0063851122762806235
-0.36078642266047645, -0.36194866923750246, -0.5902657561448451, 0.006144703491715049
-0.3606780103435495, -0.3620624517716331, -0.5902697712780388, 0.0058521009857132366
-0.36057576765785393, -0.36217064447174563, -0.5902742199063681, 0.005509789403701283
-0.36048048748638917, -0.36227225272503494, -0.5902789512031523, 0.00512067563642462
-0.3603928987769429, -0.36236633303417665, -0.5902838047568228, 0.004688064187272927
-0.3603136630747654, -0.3624520037585923, -0.5902886160094059, 0.004215629157269015
-0.3602433716976887, -0.36252845540153666, -0.5902932218357682, 0.0037073830815709924
-0.3601825434830198, -0.3625949602606806, -0.590297466074464, 0.003167642878768191
-0.36013162303153745, -0.36265088126602796, -0.5903012048226465, 0.0026009931997243592
-0.3600909793737108, -0.3626956798398834, -0.5903043113154817, 0.002012247485946949
-0.3600609049867357, -0.3627289226289253, -0.5903066802245642, 0.0014064070681562393
-0.36004161509786103, -0.36275028697790157, -0.590308231229542, 0.0007886186536217756
-0.3600332472193829, -0.3627595650375288, -0.590308911741783, 0.00016413056568030318
-0.3600358608730764, -0.36275666642521776, -0.5903086986876811, -0.0004617518895663059
-0.3600494374761859, -0.3627416193855989, -0.5903075992910992, -0.0010837115462255934
-0.3600738803766761, -0.36271457042763, -0.5903056508284036, -0.0016964646035247707
-0.360109015041596, -0.3626757824455482, -0.5903029193643958, -0.002294805563963397
-0.3601545894183842, -0.3626256313612086, -0.5902994975120373, -0.0028736514987054624
-0.3602102745040232, -0.36256460135455615, -0.5902955012919655, -0.003428085260502703
-0.3602756651704353, -0.3624932787763213, -0.5902910661983449, -0.003953397274243756
-0.3603502813058175, -0.36241234486175977, -0.5902863426045071, -0.004445125548384115
-0.3604335693401093, -0.36232256738565216, -0.5902814906642121, -0.0048990935668374105
-0.36052490422809313, -0.3622247914163448, -0.5902766748814525, -0.005311445740167469
-0.3606235919653886, -0.3621199293398729, -0.5902720585329441, -0.0056786801168540796
-0.3607288727105734, -0.3620089503338433, -0.5902677981324058, -0.005997678079736091
-0.360839924580858, -0.36189286947468147, -0.5902640381243087, -0.006265730779175965
-0.36095586817914305, -0.3617727366609703, -0.5902609059869526, -0.006480562082752652
-0.36107577189717, -0.36164962553014757, -0.590258507910843, -0.0066403478510929596
-0.3611986580231802, -0.3615246225360633, -0.5902569251988319, -0.006743731380526668
-0.36132350966342286, -0.3613988163411721, -0.5902562115099983, -0.006789834885342723
-0.36144927846568986, -0.36127328766012345, -0.5902563910406647, -0.006778266925296748
-0.3615748931103323, -0.36114909967169395, -0.590257457704172, -0.0067091257174522806
-0.3616992685107929, -0.3610272890942263, -0.5902593753372106, -0.00658299830522254
-0.3618213156422019, -0.3609088579966503, -0.5902620789257101, -0.006400955591419056
-0.3619399518939598, -0.3607947663936293, -0.5902654768087578, -0.006164543276013586
-0.36205411182112823, -0.3606859256501288, -0.5902694537858699, -0.005875768772987505
-0.36216275815067667, -0.3605831926985268, -0.5902738750223261, -0.005537084213876306
-0.3622648928828778, -0.3604873650509872, -0.5902785906202282, -0.005151365678203878
-0.36235956831593663, -0.3603991765717932, -0.5902834407003656, -0.004721888822715545
-0.3624458978138613, -0.3603192939592632, -0.5902882608226369, -0.004252301111914819
-0.36252306613392316, -0.36024831387512823, -0.5902928875612836, -0.0037465908816282263
-0.3625903391311138, -0.36018676065116895, -0.5902971640459188, -0.0032090534948887644
-0.3626470726628104, -0.360135084498597, -0.5903009452804625, -0.002644254875058033
-0.36269272052738943, -0.3600936601451947, -0.5903041030596128, -0.002056992724510821
-0.36272684128554766, -0.36006278582841555, -0.5903065303160996, -0.0014522557580997878
-0.36274910383226766, -0.36004268257930616, -0.5903081447512671, -0.000835181298730527
-0.3627592916101492, -0.3600334937417775, -0.5903088916258193, -0.00021101159745983322
-0.3627573053807168, -0.36003528468400403, -0.5903087456160563, 0.00041495074763489874
-0.3627431644984698, -0.36004804267294255, -0.5903077116726203, 0.0010373878911554542
-0.3627170066622012, -0.3600716768984683, -0.5903058248526138, 0.0016510119711336728
-0.3626790861485686, -0.3601060186497841, -0.5903031491307904, 0.002250610082085258
-0.3626297705631998, -0.36015082166274504, -0.5902997752301498, 0.0028310886040361
-0.3625695361739618, -0.3602057626719217, -0.5902958175455378, 0.0033875165072187775
-0.3624989619185205, -0.3602704422148698, -0.5902914102646213, 0.003915167261681045
-0.36241872220324933, -0.36034438574752703, -0.5902867028178183, 0.0044095589939635565
-0.3623295786322456, -0.3604270451384116, -0.5902818548115187, 0.004866492549100102
-0.36223237082305504, -0.3605178006148477, -0.5902770306164379, 0.005282087135241387
-0.362128006479312, -0.3606159632364655, -0.5902723937946078, 0.005652813249946376
-0.3620174508994899, -0.36072077796950086, -0.5902681015539742, 0.005975522611345963
-0.36190171610523425, -0.36083142742988406, -0.5902642994185942, 0.006247474843676349
-0.3617818497722387, -0.3609470363537932, -0.590261116295102, 0.006466360694815622
-0.36165892414149525, -0.3610666768414831, -0.5902586601026576, 0.0066303215931545955
-0.36153402507928156, -0.36118937440411725, -0.590257014114478, 0.006737965382121633
-0.3614082414408284, -0.3613141148244685, -0.590256234134922, 0.006788378102705592
-0.36128265487579114, -0.36143985182129634, -0.59025634660778, 0.006781131727143351
-0.3611583301940483, -0.36156551548460947, -0.5902573477198663, 0.0067162877803358815
-0.361036306388659, -0.3616900214255886, -0.5902592035302779, 0.00659439681932203
-0.36091758838982724, -0.3618122805614866, -0.5902618511209506, 0.006416493775073314
-0.36080313960016475, -0.3619312094330547, -0.5902652007295215, 0.006184089194783404
-0.360693875238269, -0.3620457409308352, -0.590269138792234, 0.005899156456517471
-0.36059065649534394, -0.3621548352876842, -0.5902735317937837, 0.005564115061359828
-0.3604942854890304, -0.3622574911788632, -0.5902782307936352, 0.0051818101408418514
-0.3604055009804076, -0.3623527567585818, -0.5902830764754203, 0.004755488349219204
-0.36032497480479253, -0.3624397404534365, -0.590287904548265, 0.004288770340856897
-0.3602533089549901, -0.3625176213292225, -0.590292551316949, 0.0037856200623118848
-0.360191033247248, -0.36258565884827154, -0.5902968592320584, 0.003250311116402925
-0.3601386034956021, -0.36264320183992493, -0.5903006822319301, 0.002687390481341968
-0.36009640011953004, -0.3626896965169467, -0.5903038906952445, 0.002101639891581663
-0.36006472711275395, -0.3627246933853544, -0.5903063758362846, 0.0014980352081249409
-0.36004381130744134, -0.36274785291403, -0.5903080533937857, 0.0008817041243727053
-0.3600338018775132, -0.3627589498530275, -0.5903088664882281, 0.0002578825689028082
-0.3600347700368478, -0.3627578761151401, -0.5903087875506479, -0.0003681298213412482
-0.3600467089022462, -0.362744642163339, -0.5903078192575215, -0.0009910147753004444
-0.3600695335064761, -0.3627193768763317, -0.5903059944400023, -0.0016054806222098694
-0.3601030809628265, -0.362682325894943, -0.5903033749705947, -0.0022063072973852373
-0.3601471107986407, -0.3626338484823576, -0.5903000496650349, -0.002788390732749135
-0.36020130549056273, -0.362574412960706, -0.5902961312705622, -0.0033467862512197716
-0.36026527124800445, -0.36250459081413666, -0.5902917526427546, -0.00387675059337044
-0.3603385391029883, -0.3624250495736827, -0.59028706224062, -0.004373782217437126
-0.3604205663734934, -0.3623365446211718, -0.5902822190927449, -0.004833659529616555
-0.3605107385732229, -0.36223991006759126, -0.5902773874052231, -0.005252476720432848
-0.3606083718430273, -0.3621360488752524, -0.5902727309942165, -0.005626676904501117
-0.3607127159777649, -0.36202592240243725, -0.590268407731922, -0.00595308228500592
-0.36082295811713605, -0.36191053955385133, -0.5902645641942357, -0.0062289210903556935
-0.360938227159991, -0.36179094572003256, -0.5902613306915492, -0.006451851058481936
-0.3610575989490027, -0.3616682116840988, -0.5902588168511015, -0.006619979273842267
-0.3611801022567397, -0.361543422665042, -0.5902571079005986, -0.006731878193087417
-0.36130472558549753, -0.36141766765364003, -0.5902562617790402, -0.0067865977273076535
-0.3614304247723368, -0.36129202918048, -0.5902563071726437, -0.006783673281544378
-0.36155613136827314, -0.3611675736361606, -0.5902572425424223, -0.006723129685614577
-0.36168076173715247, -0.361045342242191, -0.5902590361763524, -0.006605480984040434
-0.3618032267962681, -0.3609263427481707, -0.5902616272643706, -0.006431726086804666
-0.3619224422979431, -0.36081154190732756, -0.5902649279597756, -0.006203340316570663
-0.36203733952992556, -0.36070185875912886, -0.5902688263571921, -0.005922262921721699
-0.36214687629328624, -0.36059815872531786, -0.5902731902861861, -0.005590880657885006
-0.3622500480002573, -0.36050124850501786, -0.5902778717919838, -0.005212007573304593
-0.36234589872166845, -0.3604118717361138, -0.5902827121514365, -0.004788861165286565
-0.36243353200493134, -0.3603307053745992, -0.5902875472542244, -0.0043250351057207885
-0.36251212127916943, -0.36025835673129714, -0.5902922131668811, -0.0038244687631250364
-0.3625809196644375, -0.36019536109671657, -0.5902965516910069, -0.0032914137764898667
-0.36263926900707166, -0.3601421798799438, -0.5903004157272104, -0.002730397962140238
-0.36268660797303875, -0.36009919918639977, -0.5903036742628726, -0.0021461868585851912
-0.3627224790455237, -0.3600667287619752, -0.5903062168145775, -0.0015437432356147454
-0.36274653429156645, -0.36004500123719263, -0.5903079571745191, -0.0009281849124483934
-0.36275853978486217, -0.36003417161430673, -0.5903088363338034, -0.0003047412452909686
-0.36275837859726756, -0.3600343169521356, -0.5903088244834596, 0.00032129134301453087
-0.36274605229946955, -0.36004543621739804, -0.5903079220252876, 0.0009445944096137783
-0.36272168094079993, -0.36006745028666953, -0.5903061595582307, 0.001559872727527383
-0.36268550150861434, -0.36010020209917926, -0.5903035968407441, 0.002161899322000185
-0.36263786489801997, -0.36014345697673966, -0.5903003207643619, 0.002745559920389645
-0.36257923145228466, -0.3601969031424356, -0.5902964424072151, 0.0033058964341612946
-0.36251016516207324, -0.36026015248361454, -0.5902920932674578, 0.0038381491005849036
-0.36243132663704025, -0.3603327416165578, -0.5902874208043771, 0.00433779692414643
-0.3623434649855082, -0.36041413331938, -0.5902825834384304, 0.0048005960733245
-0.36224740875642514, -0.3605037184057638, -0.5902777451797782, 0.005222615907001302
-0.36214405611205724, -0.36060081811472333, -0.590273070067476, 0.005600272326134444
-0.36203436440956405, -0.3607046870904105, -0.5902687166078696, 0.005930358170133147
-0.3619193393745972, -0.36081451702103096, -0.5902648324007481, 0.006210070403373686
-0.361800024050247, -0.3609294409971686, -0.5902615491354158, 0.0064370338651673735
-0.3616774877002372, -0.3610485386374813, -0.5902589781262886, 0.006609321385975335
-0.36155281483640234, -0.361170842014081, -0.5902572065393138, 0.006725470103476577
-0.36142709452762767, -0.3612953423914491, -0.5902562944370843, 0.006784493843980565
-0.36130141013110006, -0.361420997771968, -0.5902562727427774, 0.006785891467392864
-0.36117682956746644, -0.3615467412187239, -0.5902571421918981, 0.006729651107267354
-0.3610543962400953, -0.3616714899029003, -0.590258873307347, 0.0066162502712012565
-0.3609351206757728, -0.36179415479955146, -0.5902614073986552, 0.006446651800750889
-0.3608199729406665, -0.36191365093264893, -0.5902646585515329, 0.006222295723971731
-0.360709875862008, -0.3620289080487835, -0.5902685165403195, 0.005945087067423587
-0.3606056990634696, -0.3621388815795634, -0.5902728505646528, 0.0056173797278304405
-0.36050825380134444, -0.3622425637362283, -0.5902775136837298, 0.005241956536336735
-0.36041828857004754, -0.3623389945669844, -0.5902823477978857, 0.004822005680231714
-0.3603364854296617, -0.36242727279849685, -0.5902871890086471, 0.004361093677884023
-0.36026345699574225, -0.36250656627831246, -0.5902918731755596, 0.003863135132180017
-0.36019974402265964, -0.3625761218349626, -0.5902962414814081, 0.0033323595157217045
-0.36014581350660635, -0.36263527437723697, -0.5903001458171219, 0.002773275267130098
-0.3601020572330561, -0.36268345506361155, -0.5903034538037679, 0.0021906315017282095
-0.36006879069585696, -0.3627201983868332, -0.5903060532813006, 0.0015893776613601892
-0.3600462523210318, -0.36274514803694524, -0.590307856111815, 0.000974621446863197
-0.36003460293741296, -0.36275806142808653, -0.5903088011682943, 0.00035158539249189116
-0.36003392544793467, -0.3627588127996084, -0.5903088564074469, -0.0002744375458227901
-0.3600442246692447, -0.36274739482980045, -0.5903080199563205, -0.0008981290073050007
-0.3600654273225735, -0.362723918729964, -0.5903063201758111, -0.0015141904615147193
-0.36009738217487297, -0.3626886128169632, -0.5903038146989288, -0.0021173882730881684
-0.36013986034531054, -0.3626418195927752, -0.5903005884764343, -0.0027025982088475587
-0.36019255580766274, -0.36258399138922126, -0.5902967508961664, -0.0032648490053131455
-0.36025508613315427, -0.36251568466400097, -0.5902924320737779, -0.00379936462341561
-0.36032699353032727, -0.36243755305977843, -0.5902877784407163, -0.004301604829380007
-0.36040774624790395, -0.36235033936049355, -0.5902829477790993, -0.004767303756152398
-0.3604967404129159, -0.36225486649785754, -0.5902781038718801, -0.00519250611814694
-0.36059330237921927, -0.36215202777557753, -0.5902734109497295, -0.005573600773251613
-0.36069669166063956, -0.3620427764888894, -0.5902690281229198, -0.005907351349673553
-0.3608061045183062, -0.36192811512232803, -0.5902651039869897, -0.006190923681043519
-0.3609206782632697, -0.3618090843092251, -0.5902617715850487, -0.006421909820945966
-0.3610394963233955, -0.3616867517323008, -0.590259143897467, -0.006598348437412006
-0.3611615941081354, -0.36156220113620785, -0.590257310011814, -0.0067187414186337165
-0.3612859656864885, -0.3614365216102927, -0.5902563321028262, -0.00678206655297182
-0.3614115712728583, -0.36131079728375737, -0.5902562433247446, -0.006787786178991155
-0.3615373454931773, -0.3611860975563337, -0.5902570466874256, -0.006735851734545621
-0.36166220638038993, -0.36106346796634514, -0.5902587149543148, -0.006626704167634152
-0.36178506502482344, -0.36094392177521517, -0.5902611915657269, -0.0064612702056626075
-0.3619048357820219, -0.36082843232403405, -0.5902643925561625, -0.006240954513678776
-0.3620204469189746, -0.36071792619435383, -0.5902682094006917, -0.005967627805905578
-0.3621308515601235, -0.3606132771828281, -0.5902725126939614, -0.005643611008282872
-0.3622350387778125, -0.360515301078299, -0.5902771565371567, -0.005271655602532034
-0.362332044658512, -0.3604247512111439, -0.5902819834842424, -0.004854920314257923
-0.3624209631667902, -0.3603423147286856, -0.5902868298798434, -0.004396944338560557
-0.3625009566239973, -0.36026860953769235, -0.5902915314078169, -0.0039016173262887643
-0.3625712656182488, -0.36020418184579195, -0.590295928662415, -0.0033731463821589196
-0.36263121816667854, -0.3601495042281715, -0.5902998725531338, -0.0028160203522018946
-0.36268023796006743, -0.36010497414432774, -0.5903032293599707, -0.002234971702101951
-0.36271785153365743, -0.3600709128317383, -0.5903058852676398, -0.0016349363096661103
-0.36274369422592456, -0.3600475645089798, -0.5903077502249464, -0.0010210115136358843
-0.3627575148088721, -0.36003509582963467, -0.5903087609984082, -0.0003984127770674816
-0.3627591786984119, -0.36003359553986247, -0.5903088833165254, 0.00022757066366456435
-0.36274866968096264, -0.36004307430618665, -0.5903081130319481, 0.000851620783732687
-0.3627260901217778, -0.3600634646952793, -0.5903064762621181, 0.0014684360021494647
-0.36269165965082395, -0.36009462130351777, -0.5903040285036083, 0.002072776272725886
-0.36264571235248355, -0.360136321050223, -0.5903008527502048, 0.0026595076462587602
-0.3625886925150871, -0.36018826366400214, -0.5902970566785932, 0.0032236459214647697
-0.36252114902438315, -0.36025007240575835, -0.5902927689971118, 0.003760399010682833
-0.36244372851086304, -0.36032129508412813, -0.5902881350814442, 0.004265207658290184
-0.3623571673835665, -0.36040140542871524, -0.5902833120452801, 0.0047337841649429165
-0.3622622829020621, -0.3604898048930355, -0.5902784634131353, 0.0051621487889415415
-0.3621599634531958, -0.36058582496220526, -0.59027375357598, 0.0055466635169857306
-0.36205115820961076, -0.3606887300398123, -0.5902693422176744, 0.005884062920048944
-0.3619368663527286, -0.3607977209840185, -0.5902653789011761, 0.006171481835787778
-0.3618181260437915, -0.36091193935474064, -0.5902619979980324, 0.0064064796465149966
-0.3616960033228228, -0.36103047242193576, -0.5902593141330279, 0.006587060951023657
-0.3615715811071226, -0.36115235896984965, -0.5902574182983695, 0.006711692459179468
-0.3614459484486511, -0.3612765959139945, -0.5902563747690838, 0.006779315969938499
-0.3613201901937859, -0.36140214572717466, -0.5902562189241534, 0.006789357326054239
-0.36119537717009575, -0.3615279446486549, -0.5902569560472146, 0.006741731271986124
-0.3610725570036357, -0.3616529116273054, -0.5902585611474485, 0.00663684217519755
-0.3609527456475874, -0.36177595792603046, -0.5902609798067373, 0.006475580604935403
-0.36083691967960396, -0.36189599729172006, -0.590264130024381, 0.006259315796520926
-0.36072600940176924, -0.3620119565732177, -0.59026790499687, 0.0059898840629593105
-0.36062089275444364, -0.36212278665007847, -0.5902721767385343, 0.005669573249095584
-0.36052239003407816, -0.3622274735178942, -0.5902768004203637, 0.005301103356399621
-0.3604312593861527, -0.3623250493624127, -0.5902816192799734, 0.004887603498531185
-0.36034819302811405, -0.3624146034449567, -0.5902864699362917, 0.0044325853788809095
-0.3602738141441897, -0.3624952926163407, -0.5902911879288203, 0.00393991351104898
-0.3602086743844578, -0.362566351275729, -0.5902956132936763, 0.0034137724314417706
-0.3601532518948163, -0.3626271005949081, -0.5902995959873523, 0.0028586311795548115
-0.3601079498026113, -0.3626769568372451, -0.5903030009742777, 0.002279205345781531
-0.36007309508450946, -0.36271543861394895, -0.5903057128056313, 0.001680417008453535
-0.3600489377485996, -0.3627421729379383, -0.5903076395341019, 0.0010673529010025431
-0.36003565027131146, -0.36275689995711735, -0.5903087158318031, 0.0004452211663790391
-0.3600333272410685, -0.36275947627365357, -0.5903089052055599, -0.00018069293106377944
-0.3600419851741614, -0.3627498767832691, -0.5903082012344186, -0.0008050719563002786
-0.3600615624834236, -0.3627281949977855, -0.5903066277873852, -0.0014226115308559129
-0.36009191959628684, -0.36269464184448386, -0.5903042382140097, -0.0020280654478090476
-0.3601328392349339, -0.36264954296627583, -0.5903011135352774, -0.0026162902869091335
-0.36018402688683215, -0.36259333457650955, -0.5902973596961854, -0.003182289146833863
-0.3602451115082258, -0.3625265579504864, -0.5902931039732123, -0.00372125411984959
-0.36031564651551373, -0.3624498526617773, -0.5902884906585536, -0.004228607145812681
-0.3603951111292578, -0.36236394869437605, -0.5902836761675128, -0.004700038897379206
-0.3604829121423655, -0.36226965758109386, -0.5902788237349851, -0.005131545366261985
-0.36057838618737115, -0.36216786273383517, -0.5902740978808946, -0.005519461841139105
-0.3606808025774272, -0.3620595091421249, -0.5902696588322427, -0.005860493991106655
-0.3607893667915225, -0.3619455926223307, -0.5902656570908873, -0.006151745794096983
-0.3609032246665119, -0.36182714880127265, -0.5902622283311952, -0.006390744077162653
-0.3610214673469886, -0.3617052420145024, -0.590259488800512, -0.0065754594646718935
-0.3611431370291016, -0.36158095429165305, -0.5902575313783333, -0.006704323560997095
-0.36126723351653656, -0.36145537458925103, -0.5902564224277218, -0.006776242225943559
-0.36139272158656066, -0.36132958841576635, -0.5902561995456578, -0.0067906048337159535
-0.36151853914195875, -0.3612046679750691, -0.5902568702885486, -0.006747289439426965
-0.3616436061014361, -0.3610816629334095, -0.5902584119160766, -0.006646663810804196
-0.3617668339575636, -0.36096159189251253, -0.5902607721620663, -0.006489582316644657
-0.3618871359081859, -0.3608454346278904, -0.5902638710062486, -0.006277378697508316
-0.3620034374453691, -0.3607341251280364, -0.5902676033869, -0.006011854777938251
-0.3621146872660249, -0.3606285454474033, -0.5902718427624325, -0.005695265212949494
-0.362219868351184, -0.3605295203647976, -0.5902764454012562, -0.00533029839443294
-0.3623180090470023, -0.3604378128196447, -0.5902812552545263, -0.004920053675256502
-0.3624081939706085, -0.36035412008213363, -0.5902861092466277, -0.004468015099975146
-0.36248957455821873, -0.36027907059996145, -0.5902908428040672, -0.003978021860933068
-0.36256137907185415, -0.36021322145464163, -0.5902952954353288, -0.0034542357268845685
-0.3626229218846838, -0.3601570563543244, -0.5902993161725159, -0.0029011057177956985
-0.3626736118734183, -0.3601109840878879, -0.5903027686902402, -0.0023233303239284246
-0.36271295975924234, -0.3600753373666278, -0.5903055359281625, -0.0017258175893647898
-0.3627405842561062, -0.3600503719850121, -0.5903075240603911, -0.0011136433995236742
-0.3627562169064582, -0.3600362662403326, -0.5903086656770927, -0.0004920083286954212
-0.36275970550905756, -0.3600331205622558, -0.5903089220703788, 0.00013380658306145772
-0.36275101607073845, -0.36004095731666486, -0.5903082845469151, 0.0007584847443484073
-0.362730233243147, -0.3600597207632086, -0.5903067747227192, 0.0013767192323991039
-0.36269755923571334, -0.3600892771619344, -0.5903044437901454, 0.001983257929948868
-0.3626533112265915, -0.36012941504050366, -0.5903013707819251, 0.0025729481911342996
-0.36259791732320323, -0.3601798456491636, -0.5902976598911626, 0.0031407806529702774
-0.36253191115241146, -0.3602402036450305, -0.5902934369382046, 0.0036819318169307442
-0.36245592518655945, -0.3603100480597692, -0.5902888451042432, 0.004191805036581533
-0.3623706829348178, -0.36038886361478073, -0.5902840400763667, 0.004666069561906347
-0.3622769901489309, -0.3604760624550444, -0.5902791847687247, 0.00510069730871892
-0.3621757252080007, -0.3605709863764126, -0.5902744437988234, 0.005491997042119618
-0.3620678288580571, -0.3606729096211194, -0.5902699779062544, 0.005836645686064229
-0.36195429348854924, -0.3607810423124672, -0.5902659385030811, 0.006131716496482843
-0.3618361521295296, -0.3608945345919905, -0.5902624625406209, 0.006374703862730425
-0.3617144673502334, -0.3610124815111233, -0.5902596678666168, 0.006563544531180399
-0.36159032023217574, -0.3611339287146875, -0.590257649230146, 0.006696635075213938
-0.3614647995782012, -0.36125787893586114, -0.590256475069655, 0.006772845467447055
-0.36133899150355075, -0.3613832993021162, -0.590256185192954, 0.00679152864252995
-0.3612139695365716, -0.36150912942964863, -0.5902567894277811, 0.006752525972018292
-0.36109078533586403, -0.36163429026064664, -0.5902582672886554, 0.00665616860644158
-0.3609704601081498, -0.36175769357421983, -0.5902605686713067, 0.006503274673575611
-0.36085397678775855, -0.3618782520786189, -0.5902636155511554, 0.006295142355871306
-0.36074227301511896, -0.36199488997038953, -0.5902673046282921, 0.006033538903805909
-0.3606362349288359, -0.36210655382601453, -0.5902715108293396, 0.005720685675409741
-0.3605366917644961, -0.36221222367419026, -0.5902760915475312, 0.005359239325174385
-0.3604444112340194, -0.3623109240827289, -0.5902808914773163, 0.004952269297749893
-0.3603600956426839, -0.362401735083807, -0.5902857478796318, 0.004503231813051743
-0.3602843786874236, -0.36248380275524317, -0.590290496099369, 0.004015940559373146
-0.36021782286996684, -0.3625563492740729, -0.5902949751479856, 0.0034945343395659315
-0.36016091745208145, -0.3626186822619869, -0.590299033161983, 0.0029434419420338834
-0.36011407687771346, -0.36267020325027644, -0.5903025325521536, 0.0023673445328889465
-0.36007763958810945, -0.3627104151046363, -0.5903053546689635, 0.001771135887865064
-0.3600518671608822, -0.36273892826721277, -0.5903074038258338, 0.0011598808021877282
-0.36003694371212835, -0.36275546569425654, -0.5903086105438415, 0.0005387720332976138
-0.360032975511665, -0.3627598663920798, -0.5903089339077656, -8.691385511103574e-05
-0.36003999077473103, -0.3627520874810837, -0.5903083629535499, -0.0007118613690512201
-0.3600579396083867, -0.3627322047466328, -0.5903069170401013, -0.0013307612947828303
-0.36008669410677696, -0.3627004116657597, -0.5903046451928138, -0.0019383558553728152
-0.3601260486055764, -0.3626570169291722, -0.5903016244410936, -0.0025294834252240434
-0.36017572012162313, -0.3626024405079741, -0.5902979572062806, -0.003099122418664801
-0.36023534901830323, -0.3625372083431011, -0.5902937678285961, -0.0036424339764068087
-0.36030449994989, -0.3624619457618069, -0.5902891983509241, -0.004154803084848794
-0.36038266314831324, -0.3623773697490439, -0.59028440370245, -0.00463187777765762
-0.36046925612308023, -0.36228428022147996, -0.5902795464455103, -0.005069606086590136
-0.3605636258490047, -0.36218355046778916, -0.5902747912638051, -0.005464270428882026
-0.3606650515166361, -0.3620761169302795, -0.5902702993788673, -0.005812519141459028
-0.36077274791676817, -0.36196296850969123, -0.5902662230840966, -0.006111394897436747
-0.3608858695230316, -0.36184513557697096, -0.5902627005816491, -0.006358359767580685
-0.3610035153255644, -0.36172367887311907, -0.5902598512971967, -0.00655131671831187
-0.3611247344542876, -0.3615996784709452, -0.5902577718313337, -0.006688627368188009
-0.3612485326128556, -0.3614742229611807, -0.5902565326848435, -0.006769125856302413
-0.3613738793243628, -0.36134839901026783, -0.5902561758687767, -0.006792128708475734
-0.36149971596800845, -0.361223281418933, -0.5902567134803277, -0.006757440620238154
-0.36162496456284643, -0.361099923789966, -0.5902581272927584, -0.006665356109197423
-0.36174853723117784, -0.3609793498912107, -0.590260369373257, -0.006516657023258172
-0.3618693462509398, -0.3608625457764274, -0.5902633637078076, -0.006312605925104505
-0.36198631458431085, -0.36075045270316974, -0.5902670087780105, -0.006054935407188701
-0.3620983867495202, -0.3606439608639157, -0.5902711810025454, -0.005745833424987047
-0.3622045398851873, -0.36054390392513813, -0.5902757389266589, -0.00538792476928449
-0.36230379484213815, -0.36045105434950164, -0.5902805280177066, -0.004984248830515014
-0.3623952271270232, -0.3603661194594475, -0.5902853859042072, -0.004538233839480895
-0.3624779775157324, -0.36028973818667454, -0.590290147880835, -0.004053667798850395
-0.3625512621528063, -0.3602224784416934, -0.5902946524927187, -0.003534666348423607
-0.36261438195600537, -0.360164835031075, -0.5902987470097182, -0.0029856378339805745
-0.3626667311529068, -0.36011722804722035, -0.5903022926050443, -0.0024112458742975213
-0.3627078047887813, -0.3600800016565272, -0.5903051690625964, -0.0018163697433483752
-0.36273720506170715, -0.3600534232164254, -0.5903072788533568, -0.0012060629045189922
-0.36275464636159804, -0.3600376826596716, -0.5903085504425618, -0.0005855100505877528
-0.3627599589139172, -0.36003289209507927, -0.590308940715463, 4.0016982969090135e-05
-0.36275309095572505, -0.3600390855869434, -0.5903084364393717, 0.0006652040533076174
-0.36273410940063655, -0.36005621909026386, -0.5903070547123919, 0.001284739909142504
-0.3627031989793692, -0.3600841705347013, -0.5903048423836091, 0.0018933613648198983
-0.3626606598730857, -0.36012274006638667, -0.5903018744644122, 0.002485898061320845
-0.36260690388674544, -0.3601716504724598, -0.5902982515848457, 0.003057316429851928
-0.36254244923837153, -0.36023054782784036, -0.5902940965812922, 0.003602762481131807
-0.36246791406671586, -0.3602990024165932, -0.5902895503312393, 0.004117603054398081
-0.3623840087834983, -0.3603765099906756, -0.5902847669764257, 0.0045974651743745255
-0.3622915274166173, -0.3604624934363576, -0.5902799086963777, 0.005038273181747829
-0.3621913381069265, -0.36055630492280655, -0.5902751402095865, 0.005436283322862701
-0.3620843729329458, -0.36065722860783767, -0.5902706231887848, 0.00578811550709112
-0.36197161724499716, -0.3607644839726074, -0.5902665107796711, 0.006090781965381132
-0.3618540986925882, -0.3608772298499332, -0.5902629424088915, 0.006341712570556993
-0.3617328761265034, -0.3609945692001839, -0.5902600390572762, 0.006538776608737576
-0.3616090285501339, -0.36111555467446177, -0.5902578991585207, 0.006680300821487033
-0.361483644283473, -0.36123919498754375, -0.5902565952623022, 0.006765083569745191
-0.361357810488359, -0.36136446210323436, -0.5902561715749031, 0.006792405002957242
-0.3612326031855225, -0.3614902992130331, -0.590256642460669, 0.006762033149900727
-0.3611090778734758, -0.36161562946597303, -0.5902579919550789, 0.006674225881277503
-0.36098826083697744, -0.361739365383976, -0.5902601743059176, 0.006529728727994287
-0.3608711412094934, -0.3618604188737732, -0.5902631155242252, 0.006329768573003392
-0.3607586638305488, -0.3619777117242201, -0.5902667158924667, 0.006076043268421384
-0.3606517229158771, -0.3620901864574164, -0.5902708533449393, 0.005770707263191641
-0.3605511565366264, -0.36219681738419507, -0.5902753876058754, 0.005416353359604009
-0.3604577418841537, -0.36229662169985444, -0.5902801649450001, 0.005015990749312712
-0.3603721912798664, -0.362388670445127, -0.5902850233893755, 0.00457301951087099
-0.3602951488755082, -0.3624720991506979, -0.5902897982148639, 0.004091201780977787
-0.3602271879787279, -0.36254611798143643, -0.5902943275310532, 0.0035746298403426255
-0.3601688089319016, -0.3626100211991212, -0.5902984577702862, 0.0030276913820417137
-0.36012043746912403, -0.36266319576979145, -0.590302048894667, 0.0024550322551733406
-0.3600824234770197, -0.36270512895387663, -0.5903049791444539, 0.001861516999237426
-0.3600550400894056, -0.36273541473369453, -0.5903071491667892, 0.0012521875046797954
-0.3600384830534795, -0.3627537589532923, -0.5903084853847131, 0.0006322201521925913
-0.3600328703158219, -0.3627599830695045, -0.5903089424921703, 6.881797408452507e-06
-0.36003824178942645, -0.3627540264397886, -0.5903085049903646, -0.0006185150216381749
-0.3600545592776986, -0.3627359471011825, -0.5903071877133365, -0.0012386572696435445
-0.3600817065471582, -0.36270592102479216, -0.590305035324927, -0.001848276603441463
-0.36011948955675765, -0.3626642398607409, -0.590302120804203, -0.0024421941773239936
-0.3601676368675373, -0.36261130721856927, -0.5902985429707215, -0.0030153646795180447
-0.3602258002710904, -0.362547633556922, -0.5902944231336014, -0.003562919222246348
-0.3602935556883011, -0.36247382978308984, -0.5902899009780692, -0.004080206718463439
-0.36037040440046364, -0.36239059968693454, -0.5902851298290227, -0.0045628333923320545
-0.36045577468262513, -0.362298731354207, -0.5902802714522513, -0.005006700087590864
-0.3605490239134481, -0.362199087720791, -0.5902754905696292, -0.005408037057919772
-0.36064944123668496, -0.36209259644151626, -0.590270949274263, -0.005763435945971665
-0.3607562508464204, -0.36198023925466394, -0.590266801534948, -0.006069878682626703
-0.3608686159614244, -0.36186304102598243, -0.5902631879762376, -0.006324763064950507
-0.36098564354348706, -0.36174205865400166, -0.5902602311110546, -0.006525924800013235
-0.36110638980063026, -0.36161837001185215, -0.5902580311874281, -0.006671655831873939
-0.36122986649905897, -0.3614930630899864, -0.5902566627900995, -0.006760718800388323
-0.3613550480880564, -0.3613672254895992, -0.5902561723121533, -0.006792357512807773
-0.361480879620409, -0.36124193439877406, -0.5902565763823487, -0.006766303342171138
-0.36160628542797413, -0.3611182471629705, -0.5902578613014245, -0.006682777500030234
-0.36173017848849465, -0.36099719253932727, -0.590259983506485, -0.0065424891648920265
-0.3618514703964296, -0.36087976270095146, -0.590262871047733, -0.006346629481707678
-0.3619690818282345, -0.36076690603384, -0.5902664260275089, -0.0060968614815995
-0.3620819533719606, -0.360659520746035, -0.5902705279190016, -0.005795306004594193
-0.3621890565729625, -0.3605584492868197, -0.590275037652173, -0.005444523741222754
-0.36228940503256557, -0.36046447355389255, -0.5902798023284312, -0.005047493541237296
-0.3623820653853683, -0.3603783108491515, -0.5902846604042641, -0.004607587169151767
-0.36246616797382536, -0.3603006105294203, -0.590289447168133, -0.004128540716589435
-0.3625409170362862, -0.3602319512876254, -0.5902940003249557, -0.0036144229102501447
-0.36260560022689603, -0.3601728389927702, -0.5902981654988424, -0.003069600581417527
-0.3626595972927876, -0.3601237050137225, -0.5903018014674951, -0.0024987015880238352
-0.3627023877456579, -0.3600849049522892, -0.5903047849507519, -0.00190657550309001
-0.36273355738093427, -0.36005671771514125, -0.5903070147908624, -0.0012982524035788402
-0.36275280351786876, -0.3600393448616155, -0.5903084153827023, -0.0006789001110730559
-0.36275993885752056, -0.36003291017476324, -0.5903089392375501, -5.3780249976124405e-05
-0.36275489388212057, -0.36003745941585563, -0.5903085685934588, 0.0005717965000758469
-0.3627377177479385, -0.36005296023710676, -0.5903073160175748, 0.0011925155733736482
-0.36270857765380304, -0.3600793022431701, -0.5903052239799775, 0.001803103720695852
-0.36266775669790197, -0.36011629720809957, -0.590302363413493, 0.002398373856787525
-0.36261565026565235, -0.36016367947033756, -0.590298831308346, 0.002973269167603506
-0.36255276102036516, -0.3602211065431611, -0.5902947474232564, 0.003522906099084629
-0.3624796925953706, -0.36028815999114583, -0.5902902502245521, 0.0040426158596419985
-0.3623971421104416, -0.3603643466340478, -0.5902854921910513, 0.004527984082257746
-0.36230589165612737, -0.36044910014749043, -0.5902806346439607, 0.004974888308970885
-0.3622067989064376, -0.36054178313452145, -0.5902758422771273, 0.005379532980266755
-0.3621007870327798, -0.36064168974322486, -0.5902712775731235, 0.005738481634264736
-0.36198883409986793, -0.3607480489028787, -0.5902670952944865, 0.006048686045322733
-0.3618719621273868, -0.36086002824464714, -0.5902634372368634, 0.0063075120584591615
-0.3617512259995179, -0.36097673876259206, -0.5902604274219118, 0.006512761904547422
-0.36162770239817243, -0.3610972402570527, -0.5902581678928819, 0.006662692811284808
-0.36150247892527465, -0.36122054758562827, -0.5902567352553585, 0.006756031756209687
-0.361376643565112, -0.36134563772751804, -0.590256178080386, 0.0067919862402874434
-0.36125127462019313, -0.36147145764548005, -0.5902565152579646, 0.0067702509935725725
-0.3611274312338474, -0.36159693290676787, -0.5902577353567054, 0.006691010557963392
-0.361006144590733, -0.3617209770009162, -0.5902597970113385, 0.006554937725891785
-0.36088840986319237, -0.3618425012688633, -0.5902626303249452, 0.006363187847736646
-0.36077517894785405, -0.3619604253354679, -0.5902661392384064, 0.006117389054623518
-0.36066735401378003, -0.3620736879167563, -0.5902702047867822, 0.0058196284768785396
-0.36056578186152743, -0.3621812578549284, -0.5902746891322794, 0.005472434571540557
-0.36047124907248274, -0.3622821452189865, -0.5902794402371422, 0.005078755704785167
-0.3603844779102806, -0.36237541229734604, -0.5902842970180873, 0.004641935166649851
-0.36030612292161124, -0.36246018430145266, -0.5902890948075818, 0.004165682825822413
-0.3602367681725973, -0.3625356595966047, -0.5902936709368206, 0.003654043661202816
-0.3601769250495046, -0.3626011192780545, -0.5902978702511202, 0.003111363434194728
-0.36012703054890416, -0.3626559359171222, -0.5903015503707119, 0.0025422517909408564
-0.36008744598260534, -0.3626995813133893, -0.590304586518522, 0.0019515431066983414
-0.3600584560265053, -0.36273163310483136, -0.5903068757512014, 0.001344255404972971
-0.3600402680496889, -0.36275178010757614, -0.5903083404498787, 0.0007255477016273426
-0.36003301167031765, -0.3627598262803877, -0.5903089309522245, 0.00010067613870261028
-0.36003673849745055, -0.362755693235282, -0.5903086272365263, -0.0005250507160627862
-0.36005142203245377, -0.36273942124421665, -0.590307439600641, -0.001146317020240886
-0.36007695771932247, -0.36271116872170206, -0.5903054083127867, -0.0017578448702488354
-0.3601131631494078, -0.36267121019370063, -0.5903026022460207, -0.0023544391888238275
-0.3601597784419548, -0.36261993279336513, -0.5902991165427383, -0.002931031900910261
-0.36021646683681086, -0.3625578313532396, -0.5902950693884214, -0.0034827250190868587
-0.36028281554896113, -0.36248550219065756, -0.5902905980040938, -0.004004832269811944
-0.3603583369455682, -0.3624036357074698, -0.5902858539934176, -0.0044929189052558905
-0.3604424701144111, -0.3623130079462953, -0.5902809982022535, -0.0049428393621235005
-0.36053458289757234, -0.36221447126262407, -0.5902761952650184, -0.005350772448411296
-0.3606339744655863, -0.3621089442848855, -0.5902716080227691, -0.005713253761234043
-0.36073987850488287, -0.36199740134279423, -0.5902673920022753, -0.00602720506341243
-0.3608514670851417, -0.3618808615476923, -0.5902636901432422, -0.006289960373152025
-0.3609678552632133, -0.3617603777072709, -0.5902606279524168, -0.006499288549575203
-0.361088106466808, -0.36163702525114727, -0.590258309248816, -0.006653412186811971
-0.3612112386845451, -0.3615118913335591, -0.590256812644263, -0.00675102266054494
-0.36133623146964944, -0.36138606426538944, -0.5902561888785006, -0.006791291203085674
-0.36146203374322794, -0.3612606234103801, -0.5902564590991708, -0.006773875915998573
-0.3615875723602263, -0.3611366296603481, -0.5902576141449355, -0.006698924662766094
-0.36171176137770467, -0.36101511658228436, -0.5902596148560361, -0.006567073817797847
-0.36183351194165003, -0.3608970823070218, -0.5902623934017598, -0.006379442882030156
-0.3619517426860033, -0.36078348220563905, -0.5902658555798418, -0.0061376250092488645
-0.36206539051672615, -0.36067522237659033, -0.590269884009894, -0.005843673520900299
-0.36217342163519994, -0.3605731539445227, -0.5902743421126494, -0.005500084520333902
-0.36227484263983645, -0.3604780681515467, -0.5902790787401758, -0.005109775749928973
-0.36236871153298167, -0.3603906922040021, -0.5902839333001342, -0.004676061866169999
-0.3624541484525353, -0.3603116858229787, -0.590288741200397, -0.004202626338204376
-0.3625303459445318, -0.3602416384354994, -0.5902933394294543, -0.0036934902044800967
-0.36259657859445593, -0.36018106693553564, -0.5902975720834159, -0.0031529779494446283
-0.36265221184135954, -0.36013041394013157, -0.5903012956521941, -0.002585680787702885
-0.3626967098098427, -0.36009004646579834, -0.5903043838856002, -0.0019964176661945183
-0.3627296420104217, -0.36006025495391714, -0.5903067320743167, -0.0013901943155748462
-0.36275068877837113, -0.36004125258085207, -0.5903082606005291, -0.0007721606998001091
-0.3627596453442613, -0.3600331747984358, -0.59030891763777, -0.0001475672276803169
-0.36275642445555123, -0.3600360790629703, -0.5903086809083816, 0.00047827989834115474
-0.3627410574969784, -0.360049944725254, -0.5903075584389668, 0.0011000638128659296
-0.36271369408732634, -0.3600746730697605, -0.5903055882882017, 0.001712502209867986
-0.3626746001606459, -0.36011008750725604, -0.590302837256241, 0.0023103922680010485
-0.36262415457025554, -0.36015593394108725, -0.5902993986195042, 0.0028886548930031823
-0.36256284428302465, -0.36021188134243887, -0.5902953889676988, 0.0034423778977053965
-0.3624912582587201, -0.36027752258327306, -0.5902909442503751, 0.003966857750044249
-0.36241008013384246, -0.36035237558692046, -0.5902862151671291, 0.004457639532725677
-0.3623200798506885, -0.36043588486468703, -0.5902813620578043, 0.004910554774593343
-0.36222210438983593, -0.3605274235120913, -0.5902765494659934, 0.005321756833087841
-0.3621170677773614, -0.36062629573996086, -0.5902719405601885, 0.0056877535291838316
-0.3620059405466579, -0.3607317400135436, -0.5902676916017368, 0.006005436760582314
-0.36188973883847264, -0.360842932866833, -0.5902639466471494, 0.006272108845427622
-0.3617695133218226, -0.3609589934496482, -0.5902608326643336, 0.006485505377125742
-0.36164633811284397, -0.3610789888517829, -0.5902584552282776, 0.0066438144006811545
-0.3615212998587565, -0.3612019402321599, -0.5902568949420567, 0.006745691752074312
-0.3613954871403231, -0.3613268297618102, -0.5902562047044395, 0.006790272434317777
-0.36126998032905633, -0.3614526083682563, -0.5902564079166762, 0.00677717793671939
-0.36114584201558286, -0.3615782042461554, -0.5902574976892282, 0.006706519437324905
-0.361024108103712, -0.36170253207559033, -0.5902594370753126, 0.006578896862303952
-0.36090577964168435, -0.36182450286597323, -0.5902621603233543, 0.00639539380998347
-0.36079181543850236, -0.36194303432087593, -0.5902655751059029, 0.0061575683811297965
-0.36068312549005044, -0.36205706159809325, -0.5902695656495025, 0.005867439990739335
-0.36058056521755166, -0.36216554832052883, -0.5902739966594526, 0.0055274722698165895
-0.36048493050057506, -0.3622674976778171, -0.5902787179064636, 0.005140552198185876
-0.3603969534688468, -0.3623619634465056, -0.5902835693197613, 0.004709965641070297
-0.3603172990021384, -0.362448060748642, -0.590288386414007, 0.0042393694927350825
-0.36024656187585036, -0.3625249763650956, -0.5902930058660716, 0.003732760659671358
-0.3601852644819167, -0.3625919784210919, -0.5902972710525877, 0.003194442143315203
-0.3601338550504639, -0.36264842526740815, -0.5903010373605154, 0.0026289865078710766
-0.360092706297267, -0.36269377339129716, -0.5903041770906271, 0.002041197042149771
-0.36006211442535074, -0.3627275842063714, -0.5903065837876066, 0.001436066945154663
-0.36004229841580015, -0.3627495295899178, -0.5903081758498799, 0.0008187368831856176
-0.36003339955261193, -0.3627593960590385, -0.5903088992967264, 0.00019445128122916447
-0.3600354811387205, -0.362757087502931, -0.5903087295987902, -0.00043148627684970323
-0.360048528374573, -0.3627426264168472, -0.5903076725098906, -0.0010537581564798368
-0.3600724483861928, -0.362716153613063, -0.5903057638719034, -0.001667077901322656
-0.36010707040579837, -0.36267792641464136, -0.5903030683993395, -0.002266235194246164
-0.3601521461240439, -0.36262831536807205, -0.590299677484856, -0.0028461401641170746
-0.3602073502480919, -0.36256779954016727, -0.5902957061001498, -0.003401866658316478
-0.3602722813133036, -0.3624969604920303, -0.5902912888973724, -0.003928694110519852
-0.3603464628077604, -0.36241647504779184, -0.5902865756433158, -0.004422147646284456
-0.360429344677456, -0.3623271069973726, -0.5902817261412316, -0.004878036085164241
-0.3605203052855055, -0.3622296978903121, -0.5902769048125129, -0.005292487517195229
-0.36061865390060344, -0.36212515709114856, -0.5902722751219736, -0.005661982153404394
-0.36072363378817807, -0.3620144512757366, -0.590267994035744, -0.005983382174216342
-0.36083442597201953, -0.36189859355201515, -0.5902642066996753, -0.00625395832597701
-0.36095015372476147, -0.3617786323881018, -0.5902610415186268, -0.006471413043994635
-0.36106988783264904, -0.3616556405253607, -0.5902586058034305, -0.006633899910233366
-0.3611926526638536, -0.3615307040444984, -0.5902569821330468, -0.0067400392848141685
-0.36131743305065966, -0.3614049117392182, -0.5902562255551838, -0.006788929982526377
-0.361443181974763, -0.3612793449350813, -0.5902563617202394, -0.006780156898393197
-0.36156882902226706, -0.36115506787154183, -0.5902573860117873, -0.006713794519744697
-0.36169328955153446, -0.3610331187433965, -0.5902592637030654, -0.006590406296023847
-0.3618154744935891, -0.3609145014748707, -0.5902619311341707, -0.006411039871487094
-0.3619343006820456, -0.36080017827602295, -0.5902652978700702, -0.006177218219868243
-0.3620487015883571, -0.36069106300786224, -0.590269249766313, -0.005890926753757303
-0.3621576383192906, -0.36058801536035023, -0.5902736528385601, -0.005554596514705484
-0.36226011071759157, -0.3604918358269371, -0.5902783578048096, -0.005171083582691083
-0.36235516839443105, -0.36040326144113677, -0.590283205146373, -0.0047436448753428425
-0.3624419215139305, -0.36032296222542626, -0.5902880305160647, -0.004275910537973543
-0.3625195511461915, -0.36025153829083656, -0.5902926703102792, -0.00377185315476884
-0.3625873190060679, -0.36018951751732564, -0.590296967216039, -0.003235754039129007
-0.3626445764004975, -0.36013735374055145, -0.5903007755449295, -0.0026721668868915096
-0.3626907722175299, -0.36009542536998584, -0.590303966173038, -0.0020858790996800803
-0.3627254598049744, -0.36006403436634227, -0.5903064309193499, -0.0014818711066481023
-0.3627483026055899, -0.3600434055127818, -0.5903080862140944, -0.0008652740311371975
-0.3627590784383622, -0.3600336859238892, -0.5903088759325924, -0.0002413260640066585
-0.3627576823411568, -0.36003494474855513, -0.5903087732984698, 0.00038467208261391345
-0.36274412791811605, -0.3600471730370314, -0.590307781791663, 0.0010074022588153996
-0.3627185471648622, -0.3600702837578942, -0.5903059350304118, 0.0016215741102774705
-0.36268118877500355, -0.3601041119667747, -0.590303295631243, 0.0022219700727414966
-0.36263241496178167, -0.36014841514474205, -0.59029995308562, 0.0028034897410569738
-0.3625726968581007, -0.36020287373946025, -0.5902960207253042, 0.00336119323212512
-0.362502608585782, -0.3602670919559663, -0.5902916318793695, 0.0038903431704400354
-0.3624228201099793, -0.3603405988554972, -0.5902869353532441, 0.004386444937684305
-0.36233408901652764, -0.36042284982968853, -0.5902820903831147, 0.004845284843782585
-0.36223725136807283, -0.36051322852317214, -0.5902772612368219, 0.0052629658957275656
-0.3621332118086229, -0.36061104927981524, -0.5902726116443326, 0.005635940862111017
-0.36202293309539724, -0.36071556018629636, -0.5902682992466332, 0.005961042355343232
-0.3619074252413458, -0.36082594678136115, -0.5902644702512373, 0.006235509679739942
-0.3617877344514313, -0.36094133648996996, -0.5902612544754761, 0.006457012221709297
-0.3616649320308569, -0.36106080382885, -0.5902587609455667, 0.006623669187899707
-0.361540103434154, -0.3611833764140202, -0.5902570742006095, 0.006734065528101523
-0.3614143376108152, -0.36130804178213694, -0.5902562514267583, 0.006787263911675543
-0.36128871678646635, -0.36143375501651365, -0.590256320518669, 0.006782812659069996
-0.3611643067991125, -0.36155944714615074, -0.5902572791339069, 0.006720749563362384
-0.3610421480883802, -0.3616840342627018, -0.590259094772351, 0.0066016015705144615
-0.36092324741272463, -0.36180642727679435, -0.590261705877908, 0.006426380320959408
-0.36080857034604796, -0.36192554221235707, -0.5902650239252042, 0.0061965735890555
-0.36069903458184105, -0.36204031091625244, -0.5902689364205552, 0.00591413269064805
-0.36059550405063623, -0.36214969204144554, -0.59027331071553, 0.005581455962279195
-0.3604987838358771, -0.36225268214574846, -0.5902779985038772, 0.005201368448264197
-0.3604096158549789, -0.36234832673552364, -0.5902828408494091, 0.004777097963687289
-0.3603286752568913, -0.3624357310751125, -0.5902876735744319, 0.004312247732118159
-0.36025656747530155, -0.3625140705785517, -0.5902923328260605, 0.0038107658262535498
-0.36019382586805815, -0.36258260060057657, -0.5902966606317056, 0.0032769116674741107
-0.36014090986863323, -0.3626406654491622, -0.5903005102553601, 0.002715219866190219
-0.3600982035744905, -0.3626877064517924, -0.5903037511730497, 0.002130461708544569
-0.36006601469997424, -0.362723268922131, -0.590306273498694, 0.0015276046162573742
-0.3600445738275885, -0.3627470078924583, -0.5903079917102627, 0.000911769924870028
-0.3600340339008504, -0.3627586924996101, -0.590308847549822, 0.0002881893411113666
-0.36003446991386845, -0.36275820893768884, -0.590308811999085, -0.0003378395476428329
-0.36004587876679295, -0.36274556191874596, -0.5903078862634419, -0.0009609983300051334
-0.36006817927169366, -0.3627208746122378, -0.5903061017310862, -0.0015759930061922487
-0.36010121230949654, -0.36268438706446415, -0.5903035189086179, -0.0021775990138274593
-0.3601447411546965, -0.3626364531295765, -0.5903002253692401, -0.00276070565710475
-0.36019845199986844, -0.3625775359732559, -0.5902963327831645, -0.0033203595580764017
-0.360261954725854, -0.3625082022379045, -0.5902919731309625, -0.0038518067579430665
-0.3603347839752822, -0.36242911498351127, -0.5902872942283209, -0.004350533108734881
-0.36041640059617563, -0.36234102554046577, -0.5902824547139971, -0.004812302611487086
-0.360506193528368, -0.36224476442894094, -0.5902776186709557, -0.005233193375711423
-0.36060348220793614, -0.36214123151362054, -0.5902729500630971, -0.0056096308963891565
-0.3607075195635826, -0.3620313855721121, -0.5902686071762048, -0.0059384183685902
-0.36081749567385724, -0.36191623346024815, -0.5902647372515809, -0.006216763785867524
-0.36093254214522585, -0.36179681905755146, -0.5902614714942758, -0.006442303596500809
-0.36105173725858064, -0.3616742121715739, -0.5902589206251047, -0.0066131227211826925
-0.3611741119160513, -0.3615494975708583, -0.5902571711271909, -0.006727770766584938
-0.36129865640144665, -0.36142376430331913, -0.5902562823142319, -0.006785274301151552
-0.36142432794682666, -0.36129809544040437, -0.5902562843198226, -0.006785145092202168
-0.3615500590752586, -0.3611735583681027, -0.5902571770759671, -0.006727384236767006
-0.36167476666644716, -0.3610511957243949, -0.5902589303153821, -0.0066124821523057
-0.3617973616684145, -0.3609320170598723, -0.5902614845975194, -0.0064414144273857755
-0.36191675935553114, -0.360816991274725, -0.5902647533235413, -0.006215633566320401
-0.3620318900117392, -0.36070703986194386, -0.5902686256719791, -0.005937056695494382
-0.36214170989852534, -0.3606030309641334, -0.5902729703555998, -0.005608049332443032
-0.3622452123507871, -0.3605057742305322, -0.5902776400721795, -0.0052314053514818885
-0.36234143883078396, -0.3604160164422816, -0.5902824764983362, -0.004810323311590583
-0.3624294897614444, -0.3603344378583112, -0.5902873156571733, -0.004348379343092772
-0.36250853495573176, -0.36026164922176096, -0.5902919934777706, -0.003849496819187119
-0.3625778234588859, -0.36019818935803616, -0.5902963513580499, -0.003317913066300979
-0.36263669262522813, -0.3601445232905426, -0.5903002415423956, -0.0027581433932744193
-0.36268457626080886, -0.3601010407988927, -0.5903035321316619, -0.0021749427432501264
-0.3627210116773477, -0.3600680553468888, -0.5903061115556585, -0.0015732652935582746
-0.3627456455212843, -0.3600458033135555, -0.5903078923564063, -0.0009582223475696742
-0.36275823826389164, -0.36003444346961533, -0.590308814153827, -0.00033503887819224376
-0.36275866726371464, -0.36003405665359245, -0.590308845693255, 0.0002909909048198332
-0.3627469283403746, -0.3600446456155699, -0.590307985905306, 0.0009145485824730819
-0.3627231358282824, -0.3600661350119805, -0.590306263942139, 0.0015303367622158954
-0.3626875211091861, -0.36009837155085034, -0.5903037381888878, 0.002133124132899401
-0.36264042965289245, -0.3601411243030219, -0.5903004942837946, 0.0027177899519196073
-0.36258231662508345, -0.3601940852102734, -0.5902966422142252, 0.003279367582760454
-0.36251374114908685, -0.36025686983524075, -0.5902923125870788, 0.0038130867100145565
-0.362435359333966, -0.3603290184100061, -0.5902876522001137, 0.004314413871219743
-0.3623479162036578, -0.36040999724952316, -0.5902828190644058, 0.0047790909603317
-0.3622522366805667, -0.3604992006022796, -0.590277977046757, 0.005203171376136004
-0.3621492157914621, -0.3605959530133309, -0.5902732903137351, 0.005583053510132471
-0.36203980827349314, -0.36069951227388986, -0.5902689177657422, 0.005915511292129312
-0.3619250177632929, -0.36080907302683796, -0.5902650076497931, 0.006197721537677366
-0.36180588575263917, -0.3609237710889954, -0.590261692533642, 0.006427287869268237
-0.36168348048985444, -0.36104268853876464, -0.5902590848115934, 0.006602261012630028
-0.36155888599752195, -0.3611648596023036, -0.5902572728943055, 0.006721155300207976
-0.3614331913644061, -0.3612892773530235, -0.5902563182117107, 0.00678296124575598
-0.36130748045327954, -0.3614149012185426, -0.5902562531305987, 0.006787154086647236
-0.36118282214725295, -0.36154066526687134, -0.5902570798574247, 0.006733698223812404
-0.36106026123586854, -0.3616654872202789, -0.5902587703635136, 0.006623047522922595
-0.3609408100194249, -0.3617882781217674, -0.5902612673351947, 0.00645614147435004
-0.3608254406865027, -0.3619079525561283, -0.5902644861166768, 0.006234397243369938
-0.36071507849626716, -0.36202343930596603, -0.5902683175798346, 0.005959697675817517
-0.36061059577457, -0.36213369230359826, -0.5902726318236661, 0.005634375357786815
-0.3605128067119314, -0.3622377017230832, -0.5902772825780591, 0.005261192860743531
-0.36042246293275526, -0.362334505043421, -0.5902821121626272, 0.004843319335399859
-0.36034024978919243, -0.362423197904699, -0.5902869568325355, 0.004384303648626335
-0.36026678332039985, -0.3625029445740895, -0.5902916523301155, 0.0038880442872974183
-0.36020260780880986, -0.3625729878383207, -0.5902960394540451, 0.00335875628101334
-0.3601481938597073, -0.3626326581437974, -0.5902999694572749, 0.0028009354218276506
-0.3601039369288743, -0.3626813818147603, -0.5903033090906423, 0.0022193200831501507
-0.3600701562252846, -0.3627186881937279, -0.590305945121124, 0.0016188509616016998
-0.3600470939215683, -0.36274421556652303, -0.5903077881714711, 0.0010046290844955832
-0.3600349146138542, -0.36275771575605864, -0.5903087757509763, 0.0003818724415529644
-0.3600337049842117, -0.36275905729416347, -0.5903088743745564, -0.00024412838779838643
-0.3600434736326267, -0.3627482271083289, -0.5903080806982551, -0.0008680552308315688
-0.3600641510607038, -0.36272533068967705, -0.590306421632639, -0.00148460755508496
-0.3600955898052999, -0.3626905907387816, -0.5903039534302393, -0.0020885475503088914
-0.36013756473643477, -0.3626443443164311, -0.5903007597780058, -0.0026747446714430476
-0.3601897735492672, -0.362587038556074, -0.5902969489594828, -0.0032382192603219308
-0.36025183749407896, -0.36251922502280265, -0.5902926501829905, -0.003774184872402135
-0.3603233024002974, -0.36244155282941837, -0.5902880092003644, -0.004278088946817049
-0.3604036400601528, -0.36235476064276295, -0.5902831833648681, -0.004745651473313085
-0.3604922500440014, -0.36225966773245855, -0.5902783362958919, -0.005172901327888057
-0.3605884620223906, -0.36215716422898725, -0.5902736323313712, -0.005556209969985656
-0.3606915386692304, -0.36204820076831934, -0.5902692309560248, -0.0058923222176287555
-0.36080067921595493, -0.36193377770586943, -0.5902652813943166, -0.006178383842613652
-0.36091502371825634, -0.36181493408334675, -0.59026191755143, -0.006411965755547892
-0.3610336580850515, -0.3616927365281808, -0.5902592534737288, -0.006591084579813274
-0.3611556199040993, -0.3615682682568736, -0.5902573794825506, -0.006714219444197469
-0.361279905080527, -0.361442618341262, -0.5902563591123513, -0.006780324855703826
-0.3614054752840081, -0.3613168713806968, -0.5902562269569447, -0.006788839546675918
-0.36153126617808173, -0.36119209770426053, -0.5902569874968168, -0.00673969122363487
-0.3616561963818389, -0.36106934420594616, -0.5902586149472434, -0.0066332971789126016
-0.3617791770906389, -0.36094962589299595, -0.5902610541323591, -0.006470560760071283
-0.36189912225952114, -0.360833918204144, -0.5902642223555584, -0.00625286372603514
-0.3620149592312476, -0.3607231501310654, -0.5902680122028671, -0.005982054552631727
-0.3621256396712482, -0.360618198153695, -0.5902722951842783, -0.005660432783647844
-0.3622301506548722, -0.36051988097901067, -0.5902769260896826, -0.005290729556342041
-0.362327525738828, -0.36042895505392036, -0.5902817479117524, -0.004876084462400588
-0.36241685583914585, -0.36034611080677714, -0.5902865971689393, -0.004420018936337624
-0.36249729973276557, -0.36027196955908214, -0.5902913094481457, -0.003926406393069153
-0.36256809399924494, -0.36020708103956045, -0.5902957249791648, -0.0033994393645638715
-0.3626285622232327, -0.36015192142715335, -0.5902996940518788, -0.0028435939118100035
-0.362678123287271, -0.36010689184768985, -0.5903030820925192, -0.002263591612548293
-0.36271629859795995, -0.36007231725091526, -0.5903057742268247, -0.001664359447020021
-0.3627427181063092, -0.36004844560005744, -0.5903076791753208, -0.0010509879230891513
-0.3627571250046904, -0.36003544731477355, -0.5903087323485893, -0.0004286877982609622
-0.3627593790076914, -0.3600334149197443, -0.5903088980375159, 0.00019725423089291238
-0.36274945815161785, -0.3600423628647691, -0.5903081706242103, 0.0008215204917729128
-0.36272745907669324, -0.3600622274973646, -0.5903065747725126, 0.001438807565017162
-0.3626935957863149, -0.3600928671848782, -0.5903041645916253, 0.002043871391259935
-0.3626481969081651, -0.3601340625992431, -0.5903010218012447, 0.0026315718677985774
-0.36259170151177234, -0.36018551719306857, -0.5902972529604432, 0.003196916552364042
-0.3625246535653248, -0.3602468579099928, -0.5902929858543214, 0.0037351030995246676
-0.3624476951404597, -0.3603176361845156, -0.5902883651609974, 0.004241560067014707
-0.362361558496645, -0.36039732929628776, -0.5902835475459163, 0.004711985744292376
-0.3622670571960047, -0.3604853421505243, -0.5902786963498581, 0.005142384673680857
-0.36216507641457096, -0.36058100955951167, -0.590273976050788, 0.005529101555281218
-0.3620565626265615, -0.3606835990997632, -0.5902695466873341, 0.005868852250197902
-0.36194251284421053, -0.3607923146151695, -0.5902655584329561, 0.006158751622200962
-0.36182396359682456, -0.36090630042848104, -0.5902621465047357, 0.006396337985476199
-0.36170197982919317, -0.361024646311793, -0.5902594265793527, 0.0065795939553001245
-0.3615776438914762, -0.3611463932516995, -0.5902574908716048, 0.006706963529045406
-0.36145204478060144, -0.3612705400268199, -0.5902564050083573, 0.006777365256615039
-0.3613262677775029, -0.361396050595057, -0.5902562058038533, 0.006790201391973354
-0.36120138460580176, -0.36152186226577576, -0.5902569000117566, 0.006745362950664197
-0.361078444216515, -0.36164689460888677, -0.5902584640962096, 0.006643230631866353
-0.3609584642807314, -0.36177005902927195, -0.5902608450296697, 0.00648467159743402
-0.36084242344875783, -0.3618902689118876, -0.5902639620904854, 0.006271032134310382
-0.3607312544107689, -0.3620064502210485, -0.5902677095993096, 0.006004126260492432
-0.3606258377712954, -0.3621175524175584, -0.590271960501632, 0.005686220368167366
-0.3605269967286264, -0.36222255954022986, -0.5902765706750304, 0.005320014030528213
-0.3604354925311246, -0.3623205012845714, -0.5902813838151734, 0.00490861713088823
-0.360352020666055, -0.362410463901535, -0.5902862367349709, 0.004455523503813633
-0.36027720772335947, -0.3624916007336708, -0.5902909648972483, 0.003964581307828353
-0.3602116088671117, -0.36256314220505137, -0.5902954079933793, 0.003439960377544042
-0.3601557058415159, -0.36262440508515403, -0.5902994153787283, 0.002886116829552336
-0.3601099054361805, -0.3626748008554105, -0.5903028511805839, 0.002307755220796388
-0.36007453833710523, -0.36271384302032117, -0.590305598905353, 0.0017097885801278649
-0.36004985829501324, -0.36274115322246736, -0.5903075653887443, 0.0010972966530764245
-0.3600360415511358, -0.36275646604211076, -0.5903086839549473, 0.00047548271625100057
-0.3600331864717653, -0.36275963238670506, -0.5903089166776259, -0.0001503706689752931
-0.36004131335636047, -0.3627506214029551, -0.5903082556660267, -0.0007749465839668896
-0.3600603643990322, -0.3627295208732195, -0.5903067233325613, -0.0013929389756106802
-0.3600902037991993, -0.3626965360883295, -0.5903043716327832, -0.0019990977857109364
-0.3601306180333598, -0.36265198721936864, -0.5903012803035497, -0.0025882735991973
-0.36018131631552996, -0.3625963052408063, -0.5902975541591402, -0.0031554614278586045
-0.36024193128828197, -0.36253002648575494, -0.5902933195370661, -0.00369584325438752
-0.36031201999874996, -0.3624537859402259, -0.5902887200141385, -0.004204828973031585
-0.3603910652239556, -0.36236830940640585, -0.590283911538109, -0.004678095377922988
-0.3604784772167329, -0.36227440468450234, -0.590279057140001, -0.005111622867989178
-0.3605735959470975, -0.3621729519381587, -0.5902743214064462, -0.005501729557982321
-0.3606756939137832, -0.36206489341940884, -0.5902698648994674, -0.005845102508338495
-0.3607839795967327, -0.36195122273541447, -0.5902658387128863, -0.006138825812004218
-0.3608976016136145, -0.36183297384074053, -0.5902623793499031, -0.006380405303758859
-0.36101565363202537, -0.3617112099357138, -0.5902596040954582, -0.00656778968663298
-0.3611371800742821, -0.36158701244374625, -0.5902576070402278, -0.0066993879004971476
-0.36126118263394025, -0.361461470228686, -0.5902564558909765, -0.006774082589512488
-0.3613866276029847, -0.36133566919780535, -0.590256189675358, -0.006791239557646851
-0.36151245398660015, -0.36121068241754395, -0.5902568174189241, -0.006750713134641153
-0.36163758235925947, -0.3610875608482067, -0.5902583178391725, -0.0066528474084446695
-0.361760924392318, -0.3609673247813009, -0.5902606400669941, -0.006498473314024591
-0.3618813929601543, -0.3608509560397811, -0.5902637053710794, -0.006288901602399055
-0.36199791270993464, -0.3607393909779757, -0.5902674098268584, -0.006025911747550708
-0.36210943096006154, -0.360633514295183, -0.5902716278395399, -0.005711736882353542
-0.3622149287750248, -0.36053415365554364, -0.5902762164018691, -0.005349044887581606
-0.36231343205033983, -0.3604420750875257, -0.5902810199423131, -0.0049409157902464505
-0.36240402243105785, -0.3603579791197524, -0.5902858755993564, -0.004490815658694467
-0.3624858478814462, -0.3602824975964567, -0.5902906187431215, -0.004002567211833224
-0.3625581327221281, -0.36021619110591674, -0.5902950885571324, -0.0034803173882802323
-0.36262018695440124, -0.3601595469490231, -0.590299133490962, -0.002928502147856983
-0.3626714146996576, -0.3601129775727543, -0.5903026163988672, -0.002351808802398815
-0.36271132159464703, -0.36007681939472713, -0.5903054191901396, -0.0017551361950292625
-0.3627395210004848, -0.3600513319499641, -0.5903074468334393, -0.001143553066577229
-0.3627557389043601, -0.36003669729923515, -0.5903086305792774, -0.0005222549644355216
-0.36275981741733676, -0.3600330196493794, -0.5903089302913305, 0.00010347993736427397
-0.3627517167987456, -0.3600403251493016, -0.5903083358074876, 0.000728335727950805
-0.362731515966746, -0.36005856184032026, -0.5903068672844558, 0.0013470039737358288
-0.36269941148484053, -0.36008759975543747, -0.5903045745142319, 0.0019542288682689803
-0.3626557150446108, -0.36012723117827794, -0.5903015352356269, 0.002544851929835581
-0.3626008494948829, -0.36017717108811675, -0.5902978524981384, 0.003113855863047913
-0.36253534349602623, -0.3602370578319025, -0.5902936511675959, 0.0036564072084894934
-0.3624598249044062, -0.36030645407680406, -0.590289073692123, 0.0041678974157302595
-0.36237501301539665, -0.36038484810696936, -0.5902842752720403, 0.004643981989569939
-0.36228170981317165, -0.36047165553538574, -0.5902794185975249, 0.005080617376975966
-0.3621807903912786, -0.3605662215055352, -0.5902746683324941, 0.005474095282617181
-0.3620731927192863, -0.3606678234577023, -0.590270185531748, 0.005821074123887379
-0.3619599069374675, -0.36077567453117076, -0.5902661221806641, 0.006118607361580217
-0.3618419643633016, -0.3608889276660563, -0.5902626160425325, 0.00636416846963141
-0.36172042639076185, -0.361006680457443, -0.5902597859881951, 0.00655567233629892
-0.3615963734559744, -0.36112798079991837, -0.5902577279662674, 0.006691492919530972
-0.36147089423133605, -0.36125183334307487, -0.5902565117505049, 0.006770477010811317
-0.3613450751949788, -0.3613772067585115, -0.5902561785745305, 0.006791953994225043
-0.3612199907041579, -0.36150304179693304, -0.5902567397340649, 0.006755741520626396
-0.36109669368041675, -0.3616282600908498, -0.590258176204018, 0.006662147050397211
-0.36097620699192157, -0.36175177363482014, -0.5902604392834113, 0.006511965252159439
-0.3608595155950106, -0.3618724948519876, -0.5902634522462886, 0.006306471278750999
-0.3607475594734745, -0.361989347133561, -0.5902671129426708, 0.006047409975599639
-0.36064122739121873, -0.36210127571772854, -0.5902712972614315, 0.005736981110136219
-0.3605413514524548, -0.3622072587569073, -0.5902758633377492, 0.005377820743873276
-0.36044870244411376, -0.36230631840793925, -0.5902806563625533, 0.004972978901017304
-0.3603639859183452, -0.362397531769334, -0.5902855138309552, 0.004525893718750368
-0.3602878389592874, -0.3624800414834527, -0.590290271051768, 0.004040362294357392
-0.36022082756806484, -0.3625530658198426, -0.5902947667313315, 0.0035205084729223947
-0.36016344459350547, -0.3626159080590273, -0.5902988484423273, 0.0029707478460909414
-0.3601161081333957, -0.3626679650038973, -0.5903023777921346, 0.002395750257109436
-0.36007916033221377, -0.36270873445833085, -0.5903052351154503, 0.0018004001297175344
-0.3600528665059852, -0.36273782152951106, -0.5903073235320081, 0.0011897549582070236
-0.3600374145329095, -0.36275494363120586, -0.5903085722317538, 0.0005690023128074332
-0.36003291445923513, -0.3627599340894594, -0.5903089388760303, -5.658427172255878e-05
-0.3600393982830383, -0.36275274427909576, -0.590308411033307, -0.0006816901460274557
-0.3600568198933962, -0.36273344424838283, -0.5903070066007429, -0.0013010047494347741
-0.360085055158335, -0.3627022218193531, -0.5903047731972807, -0.0019092667780920692
-0.3601239021710826, -0.36265938018178145, -0.5903017865488608, -0.0025013089298007384
-0.3601730816799168, -0.36260533402882156, -0.5902981479205464, -0.0030721018413547847
-0.3602322377414745, -0.3625406043109365, -0.5902939806826715, -0.0036167968417379526
-0.36030093865019774, -0.36246581171127445, -0.5902894261275081, -0.004130767155537953
-0.36037867820692815, -0.36238166896924673, -0.5902846386783499, -0.004609647205237255
-0.36046487739711985, -0.36228897219919154, -0.5902797806535062, -0.005049369678426718
-0.3605588865531981, -0.3621885913670805, -0.590275016762779, -0.0054462000462212065
-0.36065998807605293, -0.3620814600998956, -0.5902705085230394, -0.0057967682419667824
-0.360767399787284, -0.3619685650092809, -0.5902664087822395, -0.0060980972344364896
-0.36088027897666297, -0.36185093471329655, -0.590262856537495, -0.006347628256827159
-0.36099772719840617, -0.3617296287376023, -0.5902599722228844, -0.006543242481706946
-0.36111879585557416, -0.36160572647036704, -0.5902578536266697, -0.006683278962344848
-0.36124249259456265, -0.36148031633398126, -0.5902565725762946, -0.006766548692315287
-0.3613677885117912, -0.3613544853217143, -0.5902561725034914, -0.006792344667664007
-0.3614936261528836, -0.3612293090293597, -0.5902566669719959, -0.006760447869016319
-0.36161892826159614, -0.36110584229133846, -0.5902580392177555, -0.006671129114587912
-0.3617426072122012, -0.36098511050838733, -0.5902602427172098, -0.0065251467689197455
-0.3618635750357755, -0.36086810173062367, -0.5902632027643824, -0.006323740326106286
-0.36198075392865237, -0.3607557595362654, -0.59026681900336, -0.006068619920126853
-0.36209308711094923, -0.36064897672332885, -0.590270968830344, -0.005761951848427883
-0.3621995498852919, -0.3605485898099986, -0.5902755115499962, -0.005406340227934739
-0.3622991607312689, -0.3604553743197214, -0.5902802931452246, -0.005004804934977585
-0.36239099226039573, -0.3603700408100736, -0.5902851514987538, -0.00456075601196485
-0.362474181849761, -0.36029323159046656, -0.590289921889491, -0.004077964753779063
-0.36254794177054117, -0.3602255180633014, -0.5902944425773486, -0.003560531715538598
-0.362611568630295, -0.3601673986164111, -0.5902985602871839, -0.00301285191028513
-0.36266445195542074, -0.3601192969916803, -0.5903021354058899, -0.0024395774900347385
-0.3627060817523261, -0.36008156105556954, -0.5903050467163896, -0.0018455782261813508
-0.3627360549023686, -0.3600544619017143, -0.5903071955079664, -0.0012359001251850872
-0.36275408026614864, -0.3600381932235488, -0.5903085089235055, -0.0006157225325495901
-0.3627599823966926, -0.36003287090553127, -0.5903089424300905, 9.685907946966896e-06
-0.3627537037878279, -0.3600385327945692, -0.5903084813291419, 0.0006350120621557544
-0.3627353056128767, -0.3600551386279892, -0.5903071412548577, 0.0012549434958135824
-0.3627049669388849, -0.36008257011020917, -0.5903049676440445, 0.0018642136587835928
-0.36266298243211226, -0.3601206311464533, -0.5903020341953304, 0.002457646674968784
-0.36260975860057076, -0.3601690482576403, -0.5902984403700312, 0.0030302013532843438
-0.3625458086481682, -0.36022747121528065, -0.5902943080194594, 0.003577014042355456
-0.36247174604171395, -0.36029547394816874, -0.5902897772530903, 0.004093439962358872
-0.36238827691589504, -0.3603725557832178, -0.5902850016877428, 0.004575092661486744
-0.3622961914617209, -0.3604581430904392, -0.5902801432389061, 0.005017881261675485
-0.3621963544603547, -0.3605515914064338, -0.5902753666308613, 0.005418045178270644
-0.36208969513623057, -0.36065218811146504, -0.5902708338117522, 0.005772186020926203
-0.3619771965107097, -0.3607591557321246, -0.5902666984629622, 0.006077296407981814
-0.36185988444010575, -0.3608716559347167, -0.5902631007889309, 0.0063307854535366885
-0.36173881651974715, -0.36098879426390074, -0.5902601627640122, 0.006530500715156764
-0.36161507102904944, -0.3611096256670706, -0.5902579839974708, 0.006674746420334817
-0.36148973608165547, -0.3612331608278506, -0.5902566383567449, 0.006762297821204959
-0.36136389913001477, -0.36135837331236087, -0.5902561714633948, 0.00679241155934516
-0.3612386369559035, -0.36148420751024213, -0.5902565991465861, 0.006764831955550735
-0.3611150062579579, -0.36160958732943915, -0.5902579069065017, 0.006679793173012294
-0.3609940349250641, -0.3617334255802177, -0.5902600504058662, 0.00653801723617847
-0.36087671406117217, -0.3618546339605826, -0.5902629569729266, 0.006340707921531601
-0.3607639908035526, -0.3619721335329593, -0.59026652806497, 0.00608954057035994
-0.36065676195350216, -0.362084865561493, -0.5902706426089006, 0.005786647907177681
-0.3605558684167507, -0.36219180256131533, -0.5902751611056873, 0.005434601980519964
-0.3604620904310184, -0.3622919593962871, -0.5902799303595837, 0.005036392375208352
-0.3603761435409325, -0.36238440425065177, -0.5902847886718415, 0.004595400876611123
-0.3602986752662982, -0.3624682692931107, -0.5902895713228687, 0.00411537279766376
-0.3602302623990077, -0.36254276084950654, -0.5902941161569932, 0.003600385208203234
-0.3601714088567869, -0.3626071689026402, -0.5902982690804773, 0.00305481233322729
-0.3601225440187563, -0.36266087574489037, -0.5903018892863515, 0.002483288411730576
-0.3600840214683535, -0.36270336362111677, -0.5903048540288818, 0.0018906683305045782
-0.3600561180733307, -0.36273422121552346, -0.590307062785727, 0.0012819863674365468
-0.36003903334008147, -0.362753148856402, -0.5903084406666048, 0.0006624133961380533
-0.36003288899000174, -0.36275996233639074, -0.5903089409528334, 3.7212917935046e-05
-0.360037728718433, -0.3627545952724711, -0.5903085466815882, -0.0005883037018479875
-0.360053518111375, -0.3627370999586039, -0.5903072712211234, -0.0012088224089410614
-0.36008014471093797, -0.3627076466939607, -0.5903051578174452, -0.0018190716582935959
-0.36011741823665133, -0.3626665216001783, -0.5903022781278132, -0.002413867246908988
-0.36016507098560946, -0.36261412297121887, -0.5902987297908278, -0.0029881563963327436
-0.3602227584492528, -0.3625509562282999, -0.5902946331155418, -0.0035370607067935567
-0.3602900601976573, -0.3624776275792314, -0.5902901270019165, -0.004055917615493687
-0.36036648109299496, -0.3623948365056021, -0.5902853642310011, -0.004540320005363873
-0.3604514529017102, -0.36230336722192513, -0.5902805062845893, -0.004986153627537649
-0.36054433637955785, -0.36220407926756404, -0.5902757178700311, -0.005389632020622967
-0.3606444239046659, -0.3620978974046094, -0.5902711613358631, -0.0057473286322909725
-0.3607509427309894, -0.3619858010025816, -0.5902669911675993, -0.006056205873483536
-0.3608630589279228, -0.361868813093737, -0.59026334875027, -0.006313640862374217
-0.3609798820615374, -0.3617479892809967, -0.5902603575752494, -0.006517447643814574
-0.3611004706590796, -0.36162440667410545, -0.5902581190538144, -0.006665895700080289
-0.36122383848148776, -0.36149915301903546, -0.590256709079314, -0.006757724600032674
-0.3613489616091383, -0.3613733161712316, -0.5902561754544406, -0.006792154666080091
-0.36147478632448005, -0.36124797404562414, -0.5902565362707705, -0.006768893571327445
-0.36160023775231387, -0.3611241851560907, -0.590257779295486, -0.006688138812821843
-0.3617242291949503, -0.36100297983492124, -0.5902598623860503, -0.006550576040634181
-0.3618456720761407, -0.3608853521996147, -0.5902627149187897, -0.006357373256463273
-0.36196348638524867, -0.3607722529107735, -0.5902662401829769, -0.006110170929318369
-0.3620766114924898, -0.36066458274180646, -0.5902703186593038, -0.0058110681094318325
-0.3621840171878231, -0.36056318695924394, -0.5902748120716446, -0.0054626046546739715
-0.3622847147809972, -0.3604688504925313, -0.5902795680748079, -0.005067739716171046
-0.3623777680888741, -0.3603822938546889, -0.5902844254194022, -0.004629826661335173
-0.362462304128905, -0.36030416976079227, -0.5902892194187479, -0.0041525846428536566
-0.3625375233349566, -0.36023506038022424, -0.590293787532509, -0.0036400670510919886
-0.362602709113673, -0.3601754751513011, -0.5902979748777365, -0.0030966271145616985
-0.36265723656634485, -0.3601258490833634, -0.5903016394804513, -0.0025268809383058952
-0.36270058021272245, -0.3600865414716965, -0.5903046570896701, -0.0019356682929731097
-0.362732320569094, -0.3600578349545712, -0.5903069253905969, -0.0013280114877013852
-0.36275214945290113, -0.3600399348489838, -0.5903083674740662, -0.0007090726774524623
-0.36275987390965403, -0.3600329687119296, -0.59030893444454, -8.410996987633001e-05
-0.3627554186842742, -0.3600369860867172, -0.5903086070781826, 0.0005415672920592362
-0.3627388271875902, -0.3600519584083859, -0.5903073964747559, 0.0011626436877395052
-0.36271026093863534, -0.36007777905796856, -0.5903053436812178, 0.001773842928811765
-0.36266999749392004, -0.36011426357152476, -0.5903025182997933, 0.0023699727327800343
-0.3626184269050178, -0.3601611500257631, -0.5902990161277468, 0.002945968974887358
-0.36255604677483577, -0.36021809963698115, -0.5902949559089282, 0.003496938739637708
-0.36248345600998366, -0.3602846976233097, -0.590290475307295, 0.004018201903550101
-0.36240134739097996, -0.3603604543911876, -0.5902857262389934, 0.004505330894314658
-0.3623104991029974, -0.3604448071151496, -0.590280869721329, 0.004954188288233937
-0.36221176538685906, -0.3605371217848382, -0.5902760704133131, 0.005360961927448562
-0.3621060664826973, -0.3606366957944619, -0.5902714910329208, 0.005722197260702069
-0.36199437804672163, -0.3607427611474052, -0.5902672868403385, 0.00603482663601586
-0.3618777202248453, -0.360854488342389, -0.5902636003742324, 0.006296195300334894
-0.36175714656545643, -0.3609709909975295, -0.5902605566194512, 0.006504083889679593
-0.3616337329475924, -0.3610913312551005, -0.5902582587699493, 0.006656727223320196
-0.3615085666904587, -0.36121452599310133, -0.5902567847305187, 0.006752829246708377
-0.36138273599607973, -0.3613395538503906, -0.5902561844758686, 0.006791574000106103
-0.36125731985944, -0.3614653630507104, -0.5902564783565384, 0.006772632522807584
-0.3611333785603844, -0.3615908799881107, -0.5902576564090413, 0.006696165636338931
-0.3610119448295359, -0.36171501851276755, -0.5902596786936141, 0.006562822583835424
-0.3608940157573155, -0.36183668983281003, -0.590262476648125, 0.0063737355367409435
-0.3607805454915982, -0.36195481292526477, -0.5902659554122737, 0.0061305100138561285
-0.36067243874639565, -0.36206832532840016, -0.5902699970433248, 0.0058352112913848606
-0.3605705451219695, -0.3621761941693358, -0.5902744645144227, 0.005490346915792066
-0.36047565421663696, -0.36227742726541223, -0.5902792063599778, 0.0050988454637743204
-0.36038849149287766, -0.36237108412616703, -0.5902840618107029, 0.004664031725229515
-0.36030971484566066, -0.3624562866751784, -0.5902888662442324, 0.004189598515547587
-0.36023991180963766, -0.36253222950801256, -0.5902934567665604, 0.003679575352567364
-0.36017959733422955, -0.3625981895041477, -0.5902976777350629, 0.003138294260879573
-0.3601292120518228, -0.36265353461717287, -0.5903013860358249, 0.002570352991517121
-0.36008912096429113, -0.3626977316786788, -0.5903044559363092, 0.001980575968172343
-0.3600596124767226, -0.36273035306683477, -0.5903067833487775, 0.001373973291634229
-0.3600408977142767, -0.36275108211029417, -0.5903082893598478, 0.0007556981518771274
-0.36003311006813554, -0.36275971712131905, -0.5903089229064515, 0.00013100301191146946
-0.3600363049290515, -0.36275617397820326, -0.5903086625074084, -0.0004948050610864912
-0.3600504595814037, -0.3627404872055078, -0.590307516991871, -0.0011164095338852627
-0.3600754732463092, -0.36271280953049667, -0.59030552519992, -0.001728529626670351
-0.3601111672785041, -0.362673409924653, -0.590302754665472, -0.002325965225236069
-0.3601572855376459, -0.36262267016939076, -0.5902992993261863, -0.0029036411001368383
-0.3602134949696987, -0.3625610800142136, -0.5902952763380646, -0.003456650053522193
-0.36027938644746715, -0.3624892310227953, -0.5902908221028075, -0.003980294624363259
-0.36035447593048475, -0.3624078092270123, -0.5902860876426894, -0.004470126996112382
-0.36043820601281995, -0.3623175867301841, -0.5902812334798226, -0.004921986767323981
-0.36052994793249105, -0.3622194124181122, -0.5902764241934828, -0.0053320362651717535
-0.36062900411772914, -0.3621142019495308, -0.590271822840056, -0.005696793103865189
-0.3607346113431166, -0.3620029272059784, -0.5902675854247996, -0.006013159714417494
-0.3608459445626111, -0.36188660538476025, -0.5902638556128367, -0.006278449598761321
-0.36096212147667517, -0.36176628791756227, -0.5902607598586619, -0.00649041008955986
-0.36108220787744205, -0.3616430493915692, -0.5902584031192329, -0.006647241426938153
-0.36120522379937703, -0.36151797663994667, -0.5902568652959317, -0.006747611994494452
-0.36133015048371653, -0.3613921581546603, -0.590256198525957, -0.006790669589090827
-0.36145593814367283, -0.3612666739573813, -0.5902564254149306, -0.006776048631829956
-0.3615815144946629, -0.36114258604434757, -0.5902575382705971, -0.0067038732610808635
-0.3617057939903091, -0.3610209294991178, -0.5902594993635809, -0.0065747562822144
-0.3618276876815639, -0.3609027043440709, -0.5902622422063648, -0.0063897939826506305
-0.361946113593711, -0.36078886817794975, -0.5902656738071586, -0.0061505568547138255
-0.3620600074949938, -0.36068032962352503, -0.5902696778222883, -0.005859076302440272
-0.3621683339120302, -0.36057794258739206, -0.5902741185002928, -0.005517827441688774
-0.36227009723153913, -0.36048250131358095, -0.5902788452840655, -0.005129708135450623
-0.3623643527159498, -0.360394736194815, -0.590283697915077, -0.00469801443791689
-0.3624502172525814, -0.3603153102903274, -0.5902885118666664, -0.004226412651391204
-0.36252687965268826, -0.36024481648759676, -0.5902931239222206, -0.0037189082292745307
-0.3625936103179549, -0.36018377523746903, -0.5902973777091184, -0.0031798117858197936
-0.36264977009810406, -0.36013263278804375, -0.5903011290008016, -0.0026137024988729775
-0.36269481817402704, -0.3600917598423944, -0.5903042506071567, -0.002025389215095353
-0.36272831881613066, -0.36006145056862326, -0.5903066366873544, -0.0014198695879149056
-0.36274994688693496, -0.3600419218975228, -0.5903082063388448, -0.0008022875964131318
-0.36275949197996116, -0.36003331305298136, -0.5903089063407677, -0.00017788980826951344
-0.36275686111294336, -0.36003568527260676, -0.5903087129586955, 0.00044801923845624707
-0.3627420799216837, -0.3600490216903569, -0.5903076327494869, 0.0010701221516975338
-0.36271529233067434, -0.3600732273685281, -0.5903057023389381, 0.0016831339122351046
-0.3626767587070797, -0.36010812948259907, -0.590302987179778, 0.0022818468223207425
-0.36262685253495486, -0.360153477678412, -0.5902995793321453, 0.0028611747899690617
-0.3625660556758309, -0.3602089446362843, -0.5902955943418511, 0.0034161965690327986
-0.3624949523091826, -0.3602741268901686, -0.590291167322328, 0.003942197584904034
-0.3624142216710786, -0.3603485459613365, -0.5902864483731779, 0.004434709988772151
-0.3623246297308117, -0.3604316498746256, -0.5902815974907106, 0.004889550599627934
-0.3622270199629425, -0.3605228151306771, -0.5902767791430843, 0.005302856412400043
-0.36212230338555207, -0.36062134920941114, -0.5902721566940042, 0.005671117372488142
-0.36201144804425356, -0.36072649367807863, -0.5902678868640526, 0.005991206141237645
-0.361895468125517, -0.3608374279714679, -0.5902641144174184, 0.006260404603298561
-0.36177541288211446, -0.3609532739023503, -0.5902609672541321, 0.006476426895036502
-0.3616523555481226, -0.3610731009472099, -0.5902585520741443, 0.0066374387629364005
-0.3615273824112305, -0.36119593233604175, -0.5902569507601932, 0.006742073091989407
-0.36140158219648233, -0.3613207519560242, -0.5902562176020276, 0.006789441476125724
-0.36127603589860835, -0.36144651205771017, -0.5902563774560426, 0.006779141735614392
-0.3611518071803629, -0.36157214172971686, -0.5902574249026799, 0.006711261319773021
-0.36102993343251955, -0.3616965560844543, -0.5902593244301448, 0.00658637656710966
-0.36091141756811607, -0.3618186660739562, -0.5902620116382105, 0.006405547828956597
-0.3607972206000123, -0.3619373888322205, -0.5902653954213262, 0.006170310496559531
-0.36068825502755597, -0.3620516584193181, -0.5902693610570611, 0.005882662005260173
-0.3605853790359529, -0.36216043682370747, -0.5902737740952313, 0.005545044922655584
-0.3604893914914781, -0.36226272506334767, -0.5902784849159194, 0.0051603262602215125
-0.36040102769759963, -0.362357574213929, -0.5902833338019111, 0.0047317731796225684
-0.36032095586192947, -0.3624440961843557, -0.5902881563536223, 0.004263025295555649
-0.3602497742121047, -0.36252147405586255, -0.5902927890629541, 0.0037580638062257223
-0.36018800869053036, -0.3625889718020966, -0.5902970748571102, 0.0032211777101582443
-0.36013611115352295, -0.362645943213193, -0.5903008684243914, 0.002656927393727969
-0.3600944579998353, -0.36269183985730713, -0.5903040411413644, 0.0020701058972395813
-0.36006334915666816, -0.36272621792799353, -0.5903064854342919, 0.0014656981883475135
-0.36004300735783556, -0.362748743844888, -0.5903081184268871, 0.0008488387897788944
-0.3600335776583772, -0.3627591984979006, -0.5903088847506467, 0.00022476812347512384
-0.3600351271421036, -0.362757480050912, -0.5903087584224223, -0.0004012120548236689
-0.3600476447927301, -0.36274360524911453, -0.5903077437255289, -0.0010237837480388283
-0.3600710415147601, -0.3627177092038596, -0.5903058750644927, -0.001637657949807818
-0.3601051503064002, -0.36268004365930884, -0.5903032157983721, -0.002237619627372765
-0.36014972660282174, -0.36263097377553655, -0.5902998560922288, -0.0028185720688805064
-0.36020444882325886, -0.3625709734920618, -0.5902959098596472, -0.0033755802146208836
-0.3602689191691393, -0.3625006195633722, -0.5902915109000263, -0.003903912601198519
-0.36034266473194176, -0.3624205843829763, -0.5902868083616716, -0.004399081560476499
-0.36042513897829964, -0.3623316277343074, -0.5902819616845814, -0.0048568813311587605
-0.3605157236854808, -0.3622345876247337, -0.5902771351944338, -0.005273423759863769
-0.36061373140249575, -0.36213037037262297, -0.5902724925311047, -0.0056451712902284
-0.3607184085104358, -0.3620199401265214, -0.5902681911006182, -0.005968966962691966
-0.36082893895019363, -0.3619043079998727, -0.5902643767386285, -0.006242061173858957
-0.36094444867648035, -0.3617845210042887, -0.5902611787663155, -0.006462134972437806
-0.3610640108842793, -0.3616616509593833, -0.5902587056062806, -0.006627319698419268
-0.3611866520378365, -0.3615367835477654, -0.5902570411070068, -0.006736212803120915
-0.3613113587135087, -0.36141100767048195, -0.5902562417004433, -0.006787889719728765
-0.3614370852467408, -0.3612854052414276, -0.5902563344890186, -0.0067819116867741235
-0.36156276215090666, -0.3611610415397033, -0.5902573163269061, -0.006718329460370825
-0.36168730525229964, -0.3610389562172547, -0.5902591539266616, -0.006597682884797562
-0.36180962546209394, -0.36092015503613817, -0.5902617849876262, -0.006420996324942307
-0.36192863908332695, -0.3608056023862424, -0.5902651203078587, -0.006189769998038837
-0.3620432785296732, -0.360696214610968, -0.5902690468080439, -0.005905967275823799
-0.3621525033137698, -0.36059285414608, -0.59027343136491, -0.005571998061527671
-0.3622553111467479, -0.36049632445632107, -0.5902781253242558, -0.0051906983787722225
-0.3623507489780755, -0.3604073657361184, -0.5902829695406362, -0.004765306341256047
-0.3624379237963117, -0.36032665132532093, -0.5902877997728909, -0.004299434702825712
-0.362516013007268, -0.36025478477883266, -0.5902924522526162, -0.0037970402168941366
-0.3625842742066774, -0.36019229752055126, -0.5902967692367906, -0.0032623900619067232
-0.3626420541698092, -0.36013964700735257, -0.590300604356286, -0.002700025615385508
-0.3626887968905458, -0.36009721532801175, -0.5903038275788766, -0.0021147238827133705
-0.3627240505170499, -0.3600653081648071, -0.5903063296184339, -0.0015114569079695006
-0.36274747304991606, -0.3600441540518713, -0.5903080256407387, -0.0008953495125208077
-0.362758836691192, -0.3600339038737701, -0.5903088581402047, -0.00027163572245989995
-0.36275803075824875, -0.360034630559801, -0.5903087988899186, 0.0003543857418614774
-0.36274506310446164, -0.36004632894355226, -0.5903078498988334, 0.000977396532204936
-0.3627200600183025, -0.36006891577269506, -0.5903060433436454, 0.0015921039075184192
-0.36268326460286127, -0.36010222987007556, -0.590303440477658, 0.002193285748920863
-0.3626350336681837, -0.3601460324632372, -0.5903001295536604, 0.002775834967875081
-0.3625758331982749, -0.3602000077147818, -0.5902962228312869, 0.0033348029265067754
-0.3625062324823243, -0.3602637634997924, -0.5902918527703859, 0.0038654414982367807
-0.3624268970249458, -0.36033683248825155, -0.5902871675395259, 0.004363243409490292
-0.36233858037222844, -0.3604186735994047, -0.5902823259919886, 0.004823980519044063
-0.36224211500867043, -0.36050867390091657, -0.5902774922796384, 0.005243739710345407
-0.36213840249406126, -0.36060615102801796, -0.5902728302873189, 0.005618956093630498
-0.3620284030188623, -0.36071035619652003, -0.5902684980764843, 0.0059464432386085245
-0.3619131245613405, -0.360820477878377, -0.5902646425264466, 0.006223420184576938
-0.3617936118296753, -0.36093564619953733, -0.5902613943548808, 0.006447535002803188
-0.361670935167561, -0.3610549381072877, -0.5902588636863656, 0.006616884715566593
-0.3615461795927666, -0.36117738333850957, -0.5902571363191448, 0.006730031407128901
-0.36142043412504954, -0.3613019712016353, -0.5902562708166075, 0.00678601439383738
-0.3612947815433193, -0.36142765816424527, -0.5902562965220505, 0.006784358353318542
-0.36117028869255696, -0.36155337621573613, -0.590257212563977, 0.006725077346072325
-0.3610479974395163, -0.36167804195113573, -0.5902589878856405, 0.0066086746965145545
-0.3609289163532998, -0.3618005662986219, -0.5902615622978278, 0.00643613873444202
-0.3608140131633901, -0.3619198647904487, -0.5902648485192138, 0.006208934431815428
-0.36070420802437686, -0.36203486825559283, -0.5902687351351569, 0.0059289910034769295
-0.360600367594203, -0.362144533793199, -0.5902730903746799, 0.005598685573741644
-0.3605032999119925, -0.3622478558695683, -0.5902777665776415, 0.00522082304351699
-0.3604137500430583, -0.36234387736860607, -0.5902826052007104, 0.004798612324483599
-0.36033239644308457, -0.3624317004168124, -0.5902874421924673, 0.004335639137678934
-0.3602598479811201, -0.36251049679946656, -0.5902921135554312, 0.003835835603298821
-0.3601966415522927, -0.36257951778488196, -0.5902964609064372, 0.00330344687640286
-0.36014324020621447, -0.3626381031786171, -0.5903003368468388, 0.002742995109192052
-0.36010003171589133, -0.36268568943924173, -0.5903036099604175, 0.0021592410443334736
-0.3600673275145443, -0.3627218167015347, -0.5903061692694934, 0.0015571435651516494
-0.36004536193383485, -0.3627461345714793, -0.5903079279980943, 0.0009418175471149799
-0.36003429168615464, -0.36275840657963054, -0.5903088265145184, 0.0003184903706648913
-0.36003419554550664, -0.3627585132048299, -0.5903088343534698, -0.0003075425321576549
-0.3600450741954069, -0.362746453408069, -0.5903079512491578, -0.0009309627158237358
-0.3600668502275891, -0.36272234464583575, -0.5903062071443104, -0.0015464739572256952
-0.36009936829137246, -0.36268642136269125, -0.5903036611747952, -0.0021488473005874314
-0.3601423954096249, -0.3626390319931899, -0.5903003996642975, -0.0027329655243714507
-0.3601956214926497, -0.3625806345328546, -0.5902965331970933, -0.003293866648591723
-0.3602586600952241, -0.36251179076575346, -0.5902921928682199, -0.003826786109890228
-0.3603310494739551, -0.36243315926168984, -0.5902875258382531, -0.004327197244084255
-0.3604122540113196, -0.36234548727828053, -0.5902826903434667, -0.0047908497314563285
-0.36050166607890954, -0.36224960172175424, -0.5902778503306102, -0.0052138056786172
-0.36059860841504143, -0.36214639933466086, -0.5902731698982449, -0.005592473032071511
-0.36070233709083244, -0.36203683628848204, -0.590268807733118, -0.00592363604238157
-0.36081204513393983, -0.36192191736421075, -0.5902649117301941, -0.00620448252377166
-0.36092686687051345, -0.361802684904294, -0.5902616139787199, -0.006432627681855066
-0.3610458830336116, -0.3616802077149608, -0.5902590262842576, -0.006606134311615053
-0.3611681266707858, -0.361555570089222, -0.5902572363784517, -0.00672352919855654
-0.3612925898651148, -0.36142986110804776, -0.5902563049449685, -0.006783815587809128
-0.3614182312632357, -0.3613041643609518, -0.5902562635623766, -0.006786481618663636
-0.36154398438154933, -0.3611795482080393, -0.590257113633677, -0.006731504655338242
-0.3616687666384202, -0.36105705668419175, -0.5902588263387408, -0.006619351478486631
-0.36179148903668434, -0.36093770112324386, -0.5902613436112752, -0.006450974335879525
-0.36191106639784787, -0.3608224525564985, -0.5902645801072118, -0.006227802884619009
-0.36202642802780627, -0.36071223491653215, -0.5902684260978266, -0.005951732090988453
-0.3621365286745232, -0.360607919054754, -0.5902727511895588, -0.005625106187400365
-0.3622403596215258, -0.3605103175602651, -0.5902774087444803, -0.005250698818671804
-0.36233695974795155, -0.3604201803489049, -0.5902822408516043, -0.004831689541808171
-0.3624254263767447, -0.3603381909755292, -0.590287083680534, -0.0043716368743720296
-0.3625049257278301, -0.3602649636099762, -0.5902917730359818, -0.0038744481160970412
-0.3625747027929579, -0.36020104060814284, -0.590296149924842, -0.003344346196407689
-0.3626340904535642, -0.36014689060438787, -0.5903000659470591, -0.002785833826639071
-0.3626825176723558, -0.3601029070500139, -0.5903033883274817, -0.0022036552597306074
-0.3627195166032817, -0.36006940712494195, -0.5903060044180447, -0.0016027559817063549
-0.3627447284827289, -0.3600466309554784, -0.5903078255175711, -0.0009882406780771168
-0.3627579081867458, -0.36003474108006583, -0.5903087898796159, -0.0003653298341512518
-0.36275892736426063, -0.3600338221165671, -0.5903088648063106, 0.00026068465910482813
-0.36274777608395525, -0.36004388059841985, -0.5903080477571717, 0.0008844845127455844
-0.3627245629618683, -0.360064844962251, -0.590306366435249, 0.0015007702744096886
-0.36268951376718817, -0.3600965656856083, -0.5903038778476956, 0.0021043064009837395
-0.3626429685340996, -0.3601388155895481, -0.5903006663726309, 0.00268996578210195
-0.3625853772372155, -0.36019129033629016, -0.5902968408978819, 0.003252773332361262
-0.36251729411614764, -0.3602536091662081, -0.5902925311286759, 0.003787948278820154
-0.36243937076040234, -0.3603253159304849, -0.5902878831895315, 0.004290944782449352
-0.3623523480883497, -0.3604058804852417, -0.5902830546695411, 0.004757490547533955
-0.36225704737283737, -0.360494700519298, -0.5902782092790767, 0.005183623091369448
-0.3621543604807247, -0.36059110389065907, -0.5902735112991281, 0.005565723367697239
-0.3620452395037481, -0.36069435154604057, -0.5902691200114765, 0.005900546460916216
-0.36193068596358513, -0.360803641093133, -0.5902651842985427, 0.0061852490939004945
-0.36181173977463255, -0.3609181110869214, -0.5902618375959601, 0.006417413719961427
-0.3616894681440175, -0.36103684607935715, -0.5902591933689564, 0.006595068998830255
-0.36156495457992666, -0.3611588824663603, -0.5902573412658525, 0.006716706487231975
-0.36143928816683557, -0.36128321514788597, -0.5902563440790213, 0.006781293406413211
-0.361313553250206, -0.36140880499623884, -0.5902562356162843, 0.0067882813816332495
-0.3611888196542167, -0.3615345871055117, -0.5902570195548718, 0.006737611081903068
-0.36106613353487904, -0.36165947977175283, -0.5902586693167675, 0.006629712721950255
-0.360946508948117, -0.3617823941299104, -0.5902611289696695, 0.006465502422298622
-0.3608309201889328, -0.36190224435062146, -0.5902643151230372, 0.006246374457284836
-0.36072029493434343, -0.3620179582782248, -0.5902681197549833, 0.005974189454598804
-0.3606155082001842, -0.36212848837179834, -0.5902724138742251, 0.00565125864332971
-0.3605173771008183, -0.36223282279420577, -0.5902770518930074, 0.005280324280318898
-0.36042665638195537, -0.3623299964807405, -0.5902818765627956, 0.00486453641664115
-0.3603440346806983, -0.36241910200950067, -0.5902867243054551, 0.004407426197019337
-0.3602701314540854, -0.3624993000905201, -0.5902914307592018, 0.003912875914668654
-0.3602054945081229, -0.36256982949020033, -0.590295836351307, 0.0033850860721951425
-0.3601505980537496, -0.3626300162118665, -0.5902997917086056, 0.0028285397254568727
-0.3601058412144942, -0.3626792817623006, -0.5903031627223339, 0.0022479644114467793
-0.36007154691261833, -0.3627171503477148, -0.5903058350955239, 0.0016482919829875569
-0.36004796106609926, -0.36274325486050074, -0.5903077182187106, 0.0010346166920643888
-0.36003525203758013, -0.3627573415398002, -0.5903087482424819, 0.0004121518797030979
-0.3600335102878728, -0.3627592732138807, -0.5903088902426332, -0.0002138143567974382
-0.3600427482002667, -0.3627490310598298, -0.590308139404472, -0.0008379641389414375
-0.3600629000570488, -0.3627267148454051, -0.590306521186086, -0.0014549950380715387
-0.36009382216567665, -0.36269254164819764, -0.5903040904550418, -0.0020596651736124864
-0.3601352931481655, -0.36264684307772865, -0.5903009296278013, -0.002646837791018629
-0.3601870144227616, -0.3625900610558226, -0.5902971458749774, -0.0032115249367956297
-0.3602486109211911, -0.362522742238788, -0.5902928674872502, -0.0037489298563934703
-0.360319632097, -0.36244553119078116, -0.5902882395252176, -0.00425448775261871
-0.36039955329016937, -0.36235916244051636, -0.5902834189007387, -0.004723904557309962
-0.36048777751981476, -0.36226445157263953, -0.5902785690565909, -0.005153193387146607
-0.3605836377799707, -0.36216228552008034, -0.5902738544248671, -0.005538708375366222
-0.3606863999129575, -0.36205361223420585, -0.5902694348520131, -0.005877175594580763
-0.36079526613051327, -0.3619394299153931, -0.5902654601795172, -0.006165720811520117
-0.3609093792447611, -0.3618207759876574, -0.5902620651639587, -0.006401893842106195
-0.3610278276593326, -0.3616987159973091, -0.5902593649085999, -0.00658368930448639
-0.36114965115586684, -0.3615743326074956, -0.590257450961345, -0.006709563598257539
-0.3612738474930943, -0.361448714848291, -0.5902563882113019, -0.006778447969829411
-0.36139937981527115, -0.3613229477661929, -0.5902562126890999, -0.006789757556467909
-0.3615251848445824, -0.36119810259812235, -0.5902569303454974, -0.00674339633479357
-0.36165018180885067, -0.361075227573905, -0.5902585168496579, -0.006639757933180351
-0.36177328203237824, -0.36095533942857516, -0.5902609184139347, -0.006479722301400484
-0.36189339909465734, -0.3608394156823752, -0.5902640536172126, -0.006264648264800293
-0.3620094594399015, -0.3607283877228763, -0.590267816165036, -0.005996362024075178
-0.36212041330057176, -0.3606231347009635, -0.5902720784929943, -0.005677141695142181
-0.36222524578102777, -0.3605244782312331, -0.5902766960912642, -0.0053096980164783255
-0.3623229879337666, -0.3604331778683174, -0.5902815124037455, -0.004897151383381263
-0.3624127276509507, -0.36034992731437065, -0.5902863641357565, -0.004443005399678357
-0.3624936201884654, -0.36027535129981114, -0.5902910867903574, -0.003951117167207567
-0.3625648981389292, -0.3602100030698836, -0.5902955202456258, -0.0034256645616487762
-0.36262588067399015, -0.3601543624037745, -0.5902995141837722, -0.0028711107697158562
-0.3626759818849272, -0.3601088340910241, -0.5903029331879956, -0.0022921663870401434
-0.36271471806384403, -0.36007374679175574, -0.5903056613342215, -0.0016937493979984396
-0.3627417137853176, -0.3600493522125512, -0.5903076061219775, -0.0010809433779849058
-0.36275670666979654, -0.3600358245383246, -0.5903087016110606, -0.00045895427493783007
-0.3627595507347726, -0.3600332600718631, -0.5903089106575915, 0.00016693385992141733
-0.36275021826709875, -0.3600416770461754, -0.5903082261735859, 0.0007914038123933803
-0.3627288001790555, -0.3600610155899102, -0.5903066713673153, 0.0014091504306258914
-0.36269550484103275, -0.3600911378420468, -0.5903042989562963, 0.002014925746762847
-0.3626506554141842, -0.3601318282282383, -0.5903011893796135, 0.0026035836071920406
-0.36259468573621134, -0.3601827939267521, -0.5902974480702279, 0.0031701234282731014
-0.3625281348417746, -0.3602436655662944, -0.5902932018798084, 0.0037097327025911887
-0.3624516402250615, -0.36031399821039367, -0.5902885947773682, 0.0042178278923818355
-0.362365929975091, -0.36039327269290833, -0.5902837829676111, 0.004690093361632713
-0.36227181393378194, -0.3604808973760908, -0.590278929594554, 0.005122518016275193
-0.36217017404211616, -0.3605762104060857, -0.5902741992100385, 0.005511429342585422
-0.3620619540506095, -0.36067848254053736, -0.5902697521946971, 0.005853524557150738
-0.3619481487764229, -0.3607869206189367, -0.590265739320516, 0.006145898607239377
-0.36182979309085106, -0.3609006717385198, -0.5902622966393277, 0.0063860687878510725
-0.36170795081758966, -0.36101882818703934, -0.5902595408704819, 0.006571995770837588
-0.36158370371439386, -0.361140433168868, -0.5902575654440142, 0.006702100871990758
-0.3614581406988293, -0.3612644873430684, -0.5902564373333964, 0.0067752794136388406
-0.3613323474632769, -0.3613899561718188, -0.5902561947851961, 0.006790910072825233
-0.3612073966057784, -0.3615157780554965, -0.5902568460225655, 0.00674886013833901
-0.3610843383823461, -0.3616408732075309, -0.5902583689664863, 0.006649486633510176
-0.36096419216381337, -0.36176415319860356, -0.5902607119842206, 0.006493633295572955
-0.36084793865685905, -0.36188453107662666, -0.5902637956396027, 0.006282623436343322
-0.3607365129253821, -0.3620009319470241, -0.5902675153858747, 0.006018248742758884
-0.3606307982256096, -0.3621123038778763, -0.5902717451098195, 0.00570275410929263
-0.36053162064702005, -0.3622176289772382, -0.5902763414070967, 0.005338818627171508
-0.3604397445319283, -0.3623159344759792, -0.5902811484438938, 0.004929532887485486
-0.3603558686300776, -0.36240630363943227, -0.5902860032401167, 0.004478372786427419
-0.3602806229312038, -0.3624878863253498, -0.590290741195038, 0.0039891700508055275
-0.3602145661087175, -0.36255990900447843, -0.5902952016680748, 0.003466079730350876
-0.3601581835015424, -0.3626216840636406, -0.5902992334254781, 0.002913544929920055
-0.36011188555886886, -0.3626726182195109, -0.5903026997682336, 0.002336259079182289
-0.3600760066740901, -0.36271221988424684, -0.5903054831672686, 0.0017391260594914514
-0.3600508043392272, -0.36274010534136925, -0.5903074892487431, 0.0011272185270996928
-0.3600364585594622, -0.36275600361145866, -0.5903086499942402, 0.0005057347884092217
-0.3600330714785116, -0.36275975991174936, -0.5903089260472882, -0.00012004540365097013
-0.3600406671789136, -0.3627513376408592, -0.590308308047964, -0.0007448057529922385
-0.3600591916363143, -0.36273081884903324, -0.5903068169502957, -0.0013632386378002426
-0.3600885128227511, -0.36269840318447666, -0.5903045033116958, -0.001970090253412559
-0.3601284209701092, -0.36265440533686455, -0.5903014455785319, -0.002560205292716638
-0.3601786290205664, -0.36259925102899504, -0.5902977474260057, -0.0031285707804795627
-0.36023877330529896, -0.3625334716360349, -0.5902935342425835, -0.0036703586859230947
-0.36030841450527185, -0.3624576975380227, -0.5902889488782388, -0.004180966949205317
-0.36038703895804836, -0.3623726503346212, -0.5902841468007337, -0.00465605857209326
-0.3604740603816309, -0.3622791340707966, -0.5902792908242148, -0.0050915984407983944
-0.36056882209010055, -0.3621780256377951, -0.590274545588897, -0.005483887569452667
-0.3606705997758566, -0.3620702645249432, -0.5902700719790165, -0.005829594475759607
-0.3607786049295377, -0.36195684210434176, -0.5902660216683117, -0.006125783425678659
-0.36089198896114194, -0.36183879063222446, -0.590262531977928, -0.006369939311304127
-0.3610098480746481, -0.36171717214780486, -0.5902597212210502, -0.006559988955095814
-0.3611312289338269, -0.3615930674429527, -0.5902576846920305, -0.0066943186640319174
-0.36125513513929786, -0.3614675652644245, -0.5902564914359376, -0.0067717878888212185
-0.36138053451680596, -0.36134175189508766, -0.5902561819079855, -0.006791738875787036
-0.36150636719472584, -0.3612167012422022, -0.5902567666021522, -0.006754002232187926
-0.3616315544256632, -0.3610934655400284, -0.5902582256954475, -0.006658898359357805
-0.36175500808348804, -0.3609730667515544, -0.590260509719886, -0.006507234741926471
-0.36187564074393297, -0.3608564887307536, -0.5902635412393957, -0.006300299115327525
-0.36199237623485947, -0.36074467018328116, -0.5902672174748488, -0.006039848567619251
-0.3621041605221713, -0.3606384984406651, -0.5902714137882666, -0.005728094665140624
-0.36220997277985545, -0.3605388040415981, -0.5902759879081343, -0.005367684724491562
-0.3623088364784326, -0.36044635609453746, -0.5902807847526383, -0.004961679385546669
-0.36239983031570566, -0.3603618583790851, -0.590285641687351, -0.0045135266714499845
-0.3624820988075729, -0.36028594612999054, -0.5902903940391423, -0.0040270327515424436
-0.36255486235516554, -0.3602191834375481, -0.5902948806794016, -0.0035063296516780335
-0.36261742660773777, -0.36016206119173, -0.5902989494872599, -0.0029558401831072762
-0.3626691909487354, -0.36011499549487025, -0.5903024625075585, -0.0023802403857620356
-0.36270965594506244, -0.36007832646891824, -0.5903053006286397, -0.0017844198040750004
-0.3627384296165147, -0.36005231738807264, -0.5903073676212944, -0.001173439933131376
-0.36275523240324037, -0.3600371540757, -0.5903085934018629, -0.0005524911897171095
-0.3627599007333634, -0.3600329445153361, -0.5903089364087879, 7.315122353870144e-05
-0.3627523891199098, -0.3600397186387948, -0.5903083850119922, 0.0006981721824284546
-0.36273277074516974, -0.36005742826929343, -0.5903069579072645, 0.001317261848527387
-0.36270123652080355, -0.3600859472133934, -0.5903047034822709, 0.001925160831122788
-0.3626580926424885, -0.3601250715117176, -0.5903016981757012, 0.0025167049156091387
-0.3626037566878957, -0.3601745198741364, -0.5902980438852264, 0.0030868689743111903
-0.3625387523353545, -0.3602339343396528, -0.5902938645121971, 0.003630809683335525
-0.36246370280702833, -0.3603028812139668, -0.5902893017603073, 0.004143906680146247
-0.36237932316393406, -0.36038085234797657, -0.5902845103307295, 0.004621801810945213
-0.3622864116001727, -0.36046726682782704, -0.5902796526766936, 0.005060436134403014
-0.36218583989969366, -0.36056147315110465, -0.5902748934953936, 0.005456084368591266
-0.3620785432304574, -0.36066275196411535, -0.5902703941439951, 0.005805386490841638
-0.36196550945773576, -0.36077031943173243, -0.5902663071690669, 0.006105376225421474
-0.36184776816036235, -0.3608833313040345, -0.5902627711348862, 0.006353506181080326
-0.36172637953113307, -0.3610008877329939, -0.5902599059259153, 0.0065476694294008255
-0.36160242333540815, -0.3611220388781047, -0.5902578086826562, 0.006686217345203407
-0.36147698809064477, -0.3612457913224263, -0.5902565505086096, 0.0067679735617439596
-0.3613511606145581, -0.3613711153005924, -0.5902561740599234, 0.006792243925858217
-0.3612260160714468, -0.3614969527184799, -0.5902566920994011, 0.006758822371316816
-0.36110260862556953, -0.3616222259211763, -0.5902580870638597, 0.006667992662244351
-0.36098196278809613, -0.3617458471423267, -0.5902603116594974, 0.006520525992321813
-0.3608650655208099, -0.3618667285447149, -0.5902632904651001, 0.006317674459439124
-0.36075285913620847, -0.361983792739762, -0.5902669224887646, 0.006061160469299439
-0.36064623501074267, -0.3620959836533528, -0.5902710845915129, 0.0057531621550046975
-0.3605460281063332, -0.36220227758767676, -0.5902756356617831, 0.0053962949326655536
-0.36045301227574333, -0.3623016943142945, -0.5902804213993308, 0.004993589345363316
-0.3603678963104249, -0.3623933080229561, -0.5902852795464028, 0.004548465379111303
-0.36029132067560043, -0.36247625794425353, -0.5902900453888692, 0.004064703464569173
-0.36022385486695097, -0.36254975846228876, -0.5902945573408164, 0.003546412406889472
-0.36016599531662974, -0.36261310853641515, -0.5902986624232636, 0.0029979945129421127
-0.3601181637734585, -0.3626657002586936, -0.5903022214512164, 0.002424108209982306
-0.36008070608310516, -0.3627070263859917, -0.5903051137531464, 0.0018296284723133271
-0.3600538912985902, -0.36273668670228476, -0.5903072412628284, 0.00121960539236616
-0.36003791105929783, -0.36275439308732804, -0.5903085318447248, 0.0005992212496106112
-0.3600328791874068, -0.36275997319191733, -0.59030894174012, -2.625355541214741e-05
-0.36003883146368865, -0.36275337264676677, -0.5903084570509999, -0.000651505324089273
-0.360055725559445, -0.36273465576093356, -0.5903070942113487, -0.0012712222548442367
-0.3600834411171543, -0.36270400469579445, -0.5903048994298572, -0.0018801396219394616
-0.36012177998859984, -0.3626617171311123, -0.5903019471229605, -0.0024730845497131695
-0.36017046665501906, -0.36260820246976067, -0.5902983373913651, -0.0030450199977832475
-0.3602291488684711, -0.3625439766564018, -0.590294192625678, -0.0035910875801250723
-0.36029739856652754, -0.3624696557120417, -0.5902896533562898, -0.00410664885177183
-0.3603747131228656, -0.3623859481101539, -0.590284873488284, -0.004587324711030838
-0.36046051700394166, -0.3622936461403712, -0.5902800150829962, -0.005029032582352763
-0.360554163906166, -0.3621936164220241, -0.590275242863194, -0.0054280210650910245
-0.3606549394486196, -0.36208678974168884, -0.5902707186282056, -0.005780901756081141
-0.36076206449319304, -0.36197415039612457, -0.5902665957683456, -0.006084677978972339
-0.3608746991570395, -0.361856725224434, -0.5902630140646031, -0.0063367701802685495
-0.36099194757155306, -0.3617355725109983, -0.5902600949498618, -0.0065350377807964115
-0.36111286342793103, -0.3616117709339137, -0.5902579373922514, -0.006677797301535655
-0.3612364563322201, -0.3614864087226618, -0.5902566145401501, -0.006763836614157724
-0.36136169897293835, -0.36136057317393444, -0.5902561712425073, -0.006792425198972003
-0.3614875350826693, -0.361235340656609, -0.590256622528519, -0.006763320326045099
-0.3616128881520164, -0.36111176721638416, -0.5902579530981575, -0.006676769108818679
-0.36173667083076333, -0.36099087986831013, -0.5902601178408211, -0.006533506413404241
-0.36185779492780235, -0.3608736686421531, -0.5902630433645318, -0.006334748640680349
-0.3619751818991219, -0.3607610794220002, -0.5902666304838671, -0.006082183432168833
-0.3620877736927036, -0.3606540075985122, -0.590270757582327, -0.005777955384223253
-0.3621945438012327, -0.3605532925305279, -0.5902752847352073, -0.005424647888123416
-0.3622945083587965, -0.36045971279297684, -0.5902800584532523, -0.00502526124601594
-0.36238673710675595, -0.3603739821708849, -0.5902849168863241, -0.004583187244041687
-0.3624703640471889, -0.36029674634515174, -0.5902896953106979, -0.004102180394197081
-0.3625445976000924, -0.36022858020513926, -0.5902942317139711, -0.0035863260852220134
-0.3626087300829859, -0.36016998571613323, -0.5902983722882241, -0.0030400059098155932
-0.3626621463388533, -0.36012139026663303, -0.5903019766451678, -0.0024678604604637146
-0.3627043313502655, -0.3600831454210679, -0.5903049225764183, -0.0018747499088331088
-0.36273487669384963, -0.36005552600781876, -0.5903071101974334, -0.001265712703762502
-0.36275348570961496, -0.36003872948004445, -0.5903084653345579, -0.0006459227400980195
-0.3627599772834349, -0.36003287549731766, -0.5903089420402604, -2.064536473642026e-05
-0.36275428816763755, -0.36003800568899214, -0.5903085241512424, 0.0006048074029491073
-0.36273647379340623, -0.36005408357490054, -0.5903072258365484, 0.0012251220517836782
-0.36270670755872225, -0.36008099463476106, -0.5903050911170817, 0.0018350287722875447
-0.3626652786061141, -0.36011854653385744, -0.59030219237283, 0.002429346274596858
-0.36261258813455266, -0.36016646952836573, -0.5902986278884453, 0.0030030258459318193
-0.36254914431871565, -0.36022441708850306, -0.5902945185204513, 0.003551194269845318
-0.3624755559356265, -0.36029196679069264, -0.5902900035991353, 0.004069195240071655
-0.3623925248227051, -0.36036862154064697, -0.5902852362041432, 0.004552628915699699
-0.36230083731183305, -0.3604538111970853, -0.5902803779740127, 0.0049973892814138094
-0.36220135480064397, -0.36054689467030787, -0.5902755936256763, 0.0053996989964413865
-0.36209500363447533, -0.360647162570761, -0.5902710453697726, 0.005756141438353748
-0.3619827644799797, -0.3607538404798284, -0.5902668874111153, 0.0060636896727067
-0.3618656613742143, -0.3608660929084123, -0.5902632607207552, 0.006319732106390452
-0.3617447506310858, -0.36098302799841386, -0.5902602882568434, 0.0065220946111986845
-0.36162110978055484, -0.36110370300837635, -0.5902580707962711, 0.006669058934244982
-0.3614958267052686, -0.3612271306075394, -0.5902566835183473, 0.006759377243184059
-0.3613699891247877, -0.361352285982974, -0.5902561734562727, 0.006792282686487421
-0.36124467455983633, -0.36147811474287084, -0.5902565579027697, 0.006767495882042344
-0.3611209408886902, -0.36160354157611374, -0.5902578238238828, 0.006685227280874292
-0.3609998175856487, -0.3617274796047595, -0.5902599283008115, 0.006546175386629896
-0.3608822977082973, -0.36184884034268794, -0.5902627999848068, 0.006351520845405131
-0.3607693306767116, -0.3619665441513451, -0.5902663415158347, 0.006102916454367549
-0.3606618158647146, -0.36207953106287194, -0.5902704328230628, 0.005802473171207622
-0.36056059700143117, -0.36218677182276315, -0.5902749351953215, 0.005452742239559106
-0.36046645736151706, -0.3622872789892184, -0.5902796959836109, 0.005056693577935753
-0.3603801157050116, -0.3623801179150379, -0.590284553776267, 0.004617690611212046
-0.36030222291345904, -0.36246441743083924, -0.5902893438713824, 0.004139461753979733
-0.36023335925797584, -0.3625393800457559, -0.5902939038609587, 0.0036260687839773024
-0.3601740322277449, -0.36260429148393714, -0.5902980791374665, 0.0030818723709371354
-0.36012467484398347, -0.362658529382061, -0.5903017281360963, 0.0025114950513403225
-0.36008564438479373, -0.3627015709846556, -0.5903047271349111, 0.0019197819624222569
-0.360057221450359, -0.36273299969003947, -0.5903069744501045, 0.001311759669052194
-0.3600396093052841, -0.3627525103197242, -0.5903083938840459, 0.0006925934345491731
-0.36003293344522125, -0.3627599130076965, -0.5903089373091538, 6.754330085283411e-05
-0.3600372413476637, -0.3627551356324621, -0.5903085862999266, -0.0005580806454672683
-0.36005250238136055, -0.36273822474332884, -0.5903073527577666, -0.0011789634372737074
-0.36007860786452683, -0.36270934496240037, -0.5903052785073944, -0.0017898304328724617
-0.36011537127819904, -0.3626687768742518, -0.5903024338785463, -0.0023854921754573647
-0.3601625286569661, -0.3626169134454126, -0.5902989153210767, -0.0029608885207224097
-0.3602197391941758, -0.36255425504477357, -0.5902948421343769, -0.003511131654220276
-0.3602865861119292, -0.36248140316301114, -0.5902903524220611, -0.004031547630376894
-0.36036257785704606, -0.3623990529533767, -0.590285598409146, -0.0045177160787342515
-0.360447149692242, -0.3623079847370403, -0.5902807412805487, -0.004965507739787586
-0.3605396657565295, -0.36220905463311226, -0.5902759457159581, -0.005371119512471989
-0.3606394216700314, -0.3621031844860103, -0.5902713743063948, -0.0057311067176751655
-0.36074564775580087, -0.3619913512707794, -0.5902671820417681, -0.006042412306828317
-0.3608575129448329, -0.3618745761601332, -0.5902635110563121, -0.006302392771366881
-0.3609741294202924, -0.36175391343539864, -0.5902604858100033, -0.006508840537371822
-0.3610945580433641, -0.36163043941740436, -0.5902582088692806, -0.006660002659718801
-0.36121781458634594, -0.3615052415829261, -0.5902567574300501, -0.006754595661310331
-0.3613428767792034, -0.36137940801805923, -0.5902561807007972, -0.006791816395194055
-0.3614686921543302, -0.3612540173423726, -0.590256498234475, -0.0067713488403429445
-0.361594186651383, -0.3611301292175507, -0.5902576992656852, -0.00669336677537368
-0.36171827392058986, -0.361008775532185, -0.5902597430756101, -0.0065585323082997535
-0.3618398652395175, -0.3608909523311723, -0.5902625603723314, -0.006367990274362267
-0.3619578799358383, -0.3607776125346407, -0.5902660556397682, -0.006123358547858644
-0.3620712561878565, -0.3606696594681845, -0.5902701103756458, -0.005826714347502829
-0.36217896205620603, -0.3605679412042606, -0.5902745871087777, -0.005480576647999381
-0.3622800065848705, -0.3604732456945037, -0.5902793340595239, -0.005087884842981038
-0.36237345079809224, -0.36038629665513566, -0.5902841902854734, -0.004651973836017204
-0.36245841841231785, -0.36030775015305294, -0.5902889911379403, -0.004176545766802582
-0.3625341060793841, -0.3602381918289853, -0.5902935738442994, -0.0036656386086170636
-0.3625997929789222, -0.3601781346865931, -0.5902977830268953, -0.0031235919004346303
-0.362654849584528, -0.36012801737268996, -0.5903014759713925, -0.00255500990236382
-0.36269874543946035, -0.3600882028738408, -0.5903045274658978, -0.0019647224861372714
-0.3627310557933294, -0.36005897755836735, -0.5903068340467299, -0.0013577440928499382
-0.3627514669709946, -0.3600405504999078, -0.5903083175068173, -0.0007392311078063757
-0.36275978036821943, -0.36003305302880806, -0.5903089275477048, -0.00011443801693223509
-0.3627559149948901, -0.3600365384701988, -0.5903086434852024, 0.0005113272794772154
-0.36273990851508087, -0.36005098204206976, -0.5903074749508019, 0.0011327486120281491
-0.36271191676316294, -0.36007628090231747, -0.590305461565063, 0.001744546758573194
-0.3626722117456441, -0.3601122543499071, -0.5903026715940584, 0.002341524343017331
-0.36262117816863915, -0.36015864420120836, -0.5902991996344501, 0.002918610030950397
-0.3625593085599714, -0.36021511537755124, -0.5902951634057465, 0.00347090164304971
-0.362487197082072, -0.3602812567533906, -0.5902906997585529, 0.003993707817271198
-0.36240553215630855, -0.3603565823255416, -0.5902859600342268, 0.004482587864267054
-0.36231508804051094, -0.36044053277223675, -0.59028110493333, 0.004933389477034849
-0.3622167155186897, -0.36053247747577344, -0.5902762990669049, 0.005342283975284159
-0.3621113318748419, -0.3606317170839902, -0.5902717053753516, 0.005705798787140794
-0.3619999103310052, -0.36073748668348316, -0.5902674796041244, 0.006020846895317444
-0.3618834691332785, -0.360848959651368, -0.5902637650235412, 0.00628475300147503
-0.3617630604682526, -0.3609652522424889, -0.5902606875716735, 0.006495276190894367
-0.3616397593865156, -0.3610854289556248, -0.5902583515849527, 0.006650628909491536
-0.36151465289976337, -0.3612085087056581, -0.5902568362611652, 0.006749492096375271
-0.3613888294040656, -0.36133347180946507, -0.5902561929747002, 0.006791026347307208
-0.3612633685645611, -0.3614592677719237, -0.5902564435350126, 0.006774879017350854
-0.3611393317768756, -0.3615848238356807, -0.5902575794473143, 0.006701187204462775
-0.3610177532986093, -0.3617090542348015, -0.5902595622005335, 0.006570576589583485
-0.3608996321211281, -0.3618308700690517, -0.5902623245727935, 0.006384156142728663
-0.36078592462832615, -0.3619491896929693, -0.5902657729101759, 0.006143508738470327
-0.3606775380658461, -0.3620629494929667, -0.5902697903015579, 0.0058506777578383904
-0.36057532482219423, -0.3621711149071545, -0.5902742405419465, 0.005508149786862888
-0.3604800775029342, -0.36227269152705743, -0.5902789727500012, 0.0051188335545038
-0.360392524761353, -0.36236673610852055, -0.5902838264832513, 0.00468603528434968
-0.3603133278341626, -0.362452367311352, -0.5902886371776284, 0.004213430664963087
-0.3602430777193386, -0.36252877598396727, -0.5902932417269188, 0.003705033672848925
-0.36018229292540993, -0.3625952348107204, -0.5902974840129704, 0.003165162509445158
-0.36013141771751145, -0.36265110714580373, -0.590301220199138, 0.0025984029389982933
-0.3600908207853274, -0.3626958548684851, -0.5903043236074499, 0.002009569337401231
-0.36006079426154824, -0.36272904510982384, -0.5903066890140817, 0.0014036637827536688
-0.3600415530263493, -0.3627503557204743, -0.5903082362174348, 0.0007858335362862229
-0.3600332342433139, -0.36275957937226333, -0.5903089127577742, 0.00016132727712157982
-0.360035897084644, -0.3627566262123, -0.5903086956961663, -0.0004645495340844642
-0.3600495226178302, -0.36274152501670553, -0.5903075923923536, -0.00108647977944579
-0.36007401384157034, -0.3627144228208946, -0.5903056402551811, -0.0016991799083435613
-0.36010919587485124, -0.3626755830338012, -0.5903029054740371, -0.002297444873429115
-0.36015481631909496, -0.36262538207372286, -0.5902994807743512, -0.002876192392149271
-0.360210545828344, -0.3625643045926623, -0.5902954822732993, -0.003430506154122116
-0.3602759789359308, -0.3624929373833742, -0.5902910455423794, -0.003955677604509224
-0.3603506351973754, -0.3624119620880326, -0.5902863210104309, -0.004447245946705554
-0.3604339607177356, -0.3623221468488331, -0.5902814688630148, -0.004901036024007436
-0.3605253301369258, -0.36222433705837487, -0.59027665361114, -0.005313193759190317
-0.3606240491482632, -0.3621194453809118, -0.5902720385135167, -0.005680218852873121
-0.3607293576234638, -0.3620084412241842, -0.5902677800414484, -0.005998994465886731
-0.360840433411467, -0.361892339845432, -0.5902640225740184, -0.0062668136373133145
-0.36095639686888104, -0.3617721912743138, -0.5902608935033842, -0.00648140221813351
-0.36107631616668967, -0.3616490692299623, -0.5902584989160766, -0.006640938130228314
-0.3611992134015449, -0.3615240601996117, -0.5902569199966641, -0.006744066791562267
-0.3613240715209126, -0.36139825283252225, -0.5902562102756433, -0.006789912580471132
-0.36144984205013775, -0.36127272778586783, -0.5902563938148149, -0.00677808624485267
-0.3615754535867872, -0.3611485481394435, -0.590257464391619, -0.006708688195493673
-0.3616998210041915, -0.36102675047425214, -0.5902593857100721, -0.006582307656551876
-0.3618218552826409, -0.3609083366869482, -0.590262092631156, -0.006400017680150954
-0.3619404738640454, -0.3607942665885644, -0.5902654933809698, -0.006163366065946578
-0.362054611404802, -0.3606854513127282, -0.5902694726618322, -0.00587436226018759
-0.3621632307828394, -0.3605827475363874, -0.5902738955609129, -0.005535460342027401
-0.3622653341990604, -0.3604869524956764, -0.59027861212394, -0.005149538237424646
-0.362359974201227, -0.3603987997615482, -0.5902834624389741, -0.004719873332681475
-0.36244626445027284, -0.3603189557247344, -0.5902882820579437, -0.004250114690258782
-0.3625233900453787, -0.360248016727871, -0.5902929075721491, -0.0037442520987200217
-0.3625906172252409, -0.3601865067745529, -0.590297182152712, -0.003206582216213412
-0.36264730226877206, -0.3601348757407993, -0.5903009608681065, -0.0026416720925226647
-0.3626928994290345, -0.3600934980139394, -0.5903041155984408, -0.0020543203781094445
-0.3627269677492523, -0.36006267148715754, -0.5903065393798145, -0.0014495165494525805
-0.3627491766289148, -0.3600426168445836, -0.5903081500313975, -0.000832398498089028
-0.36275931003082174, -0.360033477081511, -0.59030889294218, -0.00020820884582959341
-0.3627572692457852, -0.36003531721658044, -0.5903087429228585, 0.0004177496395569553
-0.3627430741598988, -0.36004812416698684, -0.5903077050600246, 0.0010401591455020565
-0.36271686299902384, -0.36007180677327655, -0.5903058145436713, 0.0016537320451060192
-0.36267889055562386, -0.36010619597647486, -0.5903031354738811, 0.0022532558681716388
-0.36262952493335365, -0.36015104516623175, -0.5902997586871681, 0.0028336376264912564
-0.36256924287416736, -0.3602060307339088, -0.5902957986762293, 0.0033899471131200033
-0.3624986237601855, -0.36027075287809396, -0.5902913897076026, 0.003917458804927266
-0.3624183424074915, -0.3603447367215451, -0.5902866812689237, 0.004411692010648845
-0.3623291607906918, -0.3604274338072426, -0.5902818330002065, 0.004868448922771847
-0.3622319188549279, -0.36051822404680867, -0.5902770092810576, 0.005283850250644912
-0.36212752458558073, -0.36061641819653456, -0.5902723736573664, 0.005654368133960723
-0.3620169435149099, -0.3607212609345303, -0.5902680832964506, 0.0059768560599287686
-0.3619011878490941, -0.3608319346069494, -0.5902642836586335, 0.006248575533757702
-0.3617813053986253, -0.3609475637019106, -0.5902611035658676, 0.006467219280210584
-0.3616583684898582, -0.3610672200968721, -0.5902586508345588, 0.006630930783700031
-0.3615334630260214, -0.3611899291090983, -0.5902570086205781, 0.00673832000538425
-0.3614076778525659, -0.3613146763599967, -0.5902562326003254, 0.006788475147753539
-0.36128209456489735, -0.36144041544304195, -0.590256349083359, 0.006780970370021931
-0.3611577778769155, -0.36156607636237736, -0.5902573541205344, 0.006715869391038695
-0.36103576664709724, -0.36169057468578214, -0.5902592136378763, 0.006593724950200287
-0.36091706563586445, -0.3618128213321995, -0.5902618645916424, 0.006415574130778408
-0.3608026380444196, -0.36193173289128344, -0.5902652171054468, 0.0061829295839890795
-0.3606933988619717, -0.3620462423512202, -0.5902691575170326, 0.005897766725818023
-0.3605902090259758, -0.3621553100920979, -0.5902735522314555, 0.005562507011888747
-0.36049387037946845, -0.36225793498610304, -0.590278252250102, 0.005179997428299406
-0.3604051213913846, -0.3623531654333817, -0.5902830982220565, 0.004753486368137836
-0.3603246335904251, -0.3624401101539817, -0.5902879258466003, 0.0042865960940676835
-0.3602530086510729, -0.362517948552341, -0.5902925714437076, 0.003783292016703289
-0.360190776061994, -0.3625859404714912, -0.5902968775036801, 0.003247849046183099
-0.36013839130249126, -0.3626434351596295, -0.5903006980277494, 0.0026848153001264342
-0.3600962344519304, -0.3626898792819019, -0.590303903478536, 0.0020989734747286046
-0.3600646091600064, -0.36272482382496307, -0.5903063851724631, 0.0014953002068288082
-0.36004374191213384, -0.36274792976077097, -0.5903080589651417, 0.0008789237731021543
-0.3600337815337141, -0.362758972358628, -0.5903088681047018, 0.0002550804878307392
-0.36003479888913614, -0.3627578440601693, -0.590308785156275, -0.0003709298272213188
-0.3600467867454329, -0.3627445558600235, -0.5903078129323304, -0.0009937889186463977
-0.3600696597859885, -0.36271923716454113, -0.5903059843972996, -0.001608205335651227
-0.3601032547757992, -0.3626821341314247, -0.5903033615497336, -0.0022089594339529356
-0.36014733089582496, -0.3626336065234368, -0.5903000333199059, -0.002790947762693751
-0.3602015702792345, -0.3625741231387902, -0.5902961125542023, -0.0033492264535310242
-0.36026557879610666, -0.36250425590849367, -0.5902917321885958, -0.0038790532403599827
-0.36033888714479034, -0.3624246727760545, -0.5902870407410095, -0.004375927750810645
-0.36042095231708227, -0.3623361294968839, -0.5902821972754707, -0.0048356297265390626
-0.360511159510163, -0.36223946051288824, -0.590277366008837, -0.005254254848181744
-0.3606088245605231, -0.36213556907164324, -0.5902727107429937, -0.005628247862403589
-0.36071319697365145, -0.36202541676886446, -0.5902683893113067, -0.005954432732469815
-0.36082346361798334, -0.361910012697505, -0.5902645482276024, -0.006230039559924382
-0.36093875314256163, -0.3617904023866243, -0.5902613177190688, -0.006452728052972896
-0.3610581411652469, -0.36166765670837986, -0.5902588073114302, -0.006620607346764567
-0.36118065626241647, -0.3615428609222877, -0.5902571021160071, -0.006732252011674434
-0.36130528677244, -0.36141710401277427, -0.5902562599444882, -0.006786714117646124
-0.3614309884042728, -0.3612914684594184, -0.5902563093491728, -0.006783531255429394
-0.3615566926200038, -0.3611670205598607, -0.5902572486550853, -0.006722730448910336
-0.3616813157367992, -0.361044801403803, -0.590259046016754, -0.00660482792647829
-0.3618037686701858, -0.3609258185735772, -0.5902616404977327, -0.006430824753301882
-0.36192296721779393, -0.3608110386232446, -0.5902649441362855, -0.006202198360305225
-0.3620378427613261, -0.36070138036485244, -0.5902688449272503, -0.005920890039348339
-0.3621473532453594, -0.36059770896809684, -0.5902732106190394, -0.005589288507425745
-0.36225049427534195, -0.36050083085894014, -0.5902778931971076, -0.005210209675391837
-0.36234631016441277, -0.3604114893843282, -0.5902827339019467, -0.004786872788577186
-0.36243390474994563, -0.3603303611946216, -0.5902875686115201, -0.004322873137434586
-0.36251245179642055, -0.360258053283109, -0.5902922334056872, -0.003822151565789557
-0.36258120480157086, -0.3601951006133356, -0.5902965701239652, -0.003288961032094059
-0.36263950602788153, -0.3601419642601237, -0.5903004317281859, -0.0027278305050109177
-0.36268679459136466, -0.3600990299891301, -0.590303687288184, -0.0021435264984014405
-0.3627226134539221, -0.36006660720246786, -0.590306226421433, -0.0015410125720645995
-0.3627466151842018, -0.3600449281840753, -0.5903079630360324, -0.0009254071431088384
-0.36275856637416093, -0.36003414758778995, -0.5903088382500762, -0.0003019399683748503
-0.36275835062401285, -0.3600343421229891, -0.590308822388363, 0.00032409232935340674
-0.36274597003612663, -0.3600455104066209, -0.5903079159887019, 0.0009473713096939066
-0.3627215451880147, -0.3600675729658249, -0.5903061497836778, 0.0015626019505314745
-0.3626853135849464, -0.36010037239143067, -0.590303583658485, 0.0021645576826064138
-0.36263762662312116, -0.3601436736586916, -0.5903003046201974, 0.0027481248359192767
-0.3625789451238539, -0.3601971646469597, -0.5902964238473692, 0.003308346116552429
-0.3625098335270438, -0.3602604569038901, -0.5902920729200554, 0.0038404627415500846
-0.3624309528575599, -0.36033308671160835, -0.5902873993581468, 0.0043399548719349505
-0.3623430526003599, -0.3604145165214133, -0.59028256161935, 0.004802579999586983
-0.36224696163862014, -0.36050413682966, -0.590277723726461, 0.005224408962343824
-0.3621435784233762, -0.36060126856999863, -0.5902730497061287, 0.005601859283050879
-0.36203386055286013, -0.3607051660959837, -0.5902686980276706, 0.005931725552116061
-0.3619188139446827, -0.36081502082308625, -0.5902648162304823, 0.006211206599124946
-0.36179948178418175, -0.36092996559035706, -0.5902615359221586, 0.00643792922695821
-0.36167693342779994, -0.36104907978964196, -0.5902589683168593, 0.006609968311340835
-0.36155225343148056, -0.3611713952945932, -0.5902572004651286, 0.006725863099570042
-0.3614265308611977, -0.3612959032032257, -0.5902562923029215, 0.006784629574058082
-0.3613008490263865, -0.36142156138701353, -0.5902562746198361, 0.006785768779046293
-0.36117627575777367, -0.3615473028170718, -0.5902571480153843, 0.006729271042174313
-0.36105385432971604, -0.36167204461464375, -0.5902588828786695, 0.006615616056312258
-0.3609345951042653, -0.3617946977495712, -0.5902614203921589, 0.006445768820985777
-0.36081946795068554, -0.3619141772875454, -0.5902646745255372, 0.0062211714766492445
-0.3607093954707776, -0.3620294130654289, -0.590268534952091, 0.0059437310987981
-0.36060524703788677, -0.3621393606546087, -0.5902728707888045, 0.0056158035522583406
-0.3605078336366093, -0.3622430124558301, -0.5902775350334231, 0.005240173538739532
-0.3604179034716418, -0.3623394087559719, -0.5902823695481162, 0.004820031002664187
-0.3603361382984348, -0.36242764856816123, -0.5902872104208239, 0.00435894409115075
-0.3602631504158097, -0.3625069000719985, -0.5902918935225477, 0.003860828893573009
-0.3601994802518017, -0.3625764104706459, -0.590296260072181, 0.0033299162140728233
-0.36014559446881966, -0.3626355150863133, -0.5903001620201942, 0.002770715656484228
-0.36010188451293135, -0.3626836455251574, -0.5903034670686069, 0.0021879773250451213
-0.3600686655344607, -0.3627203367566867, -0.5903060631569933, 0.0015866514657432952
-0.3600461756130202, -0.3627452329710493, -0.5903078622623593, 0.0009718463918908305
-0.36003457522913396, -0.36275809209962384, -0.590308803383992, 0.0003487850532905112
-0.36003394693634716, -0.36275878890959457, -0.5903088546120172, -0.00027723937907508657
-0.36004429520153736, -0.36274731661092097, -0.5903080142094825, -0.0009009085317231919
-0.3600655463964524, -0.3627237869435831, -0.5903063106712629, -0.0015169240639607022
-0.36009754893953816, -0.3626884287433568, -0.5903038017577761, -0.0021200527309937975
-0.3601400736032363, -0.3626415850147934, -0.5903005725363036, -0.0027051708876821966
-0.3601928140173394, -0.3625837085696917, -0.5902967324963637, -0.0032673080510024002
-0.360255387413029, -0.362515356317332, -0.5902924118370021, -0.003801689148064981
-0.3603273356642174, -0.3624371823183068, -0.5902877570519452, -0.004303775088718905
-0.3604081266921929, -0.36234992973622226, -0.5902829259623633, -0.004769301317190056
-0.3604971563058662, -0.36225442184030954, -0.5902780823657136, -0.0051943140156202935
-0.360593750552741, -0.36215155222653705, -0.5902733904821311, -0.005575203653545835
-0.36069716865483503, -0.3620422744348427, -0.5902690093866704, -0.0059087356010069335
-0.360806606599093, -0.3619275911454316, -0.5902650876161654, -0.0061920775488284365
-0.36092120144332374, -0.3618085431376078, -0.5902617581335243, -0.006422823507365951
-0.36104003638660565, -0.3616861981904962, -0.5902591338201405, -0.006599014184389347
-0.3611621466376812, -0.36156164009645253, -0.5902573036491845, -0.0067191535735025955
-0.36128652609656153, -0.36143595794536476, -0.5902563296694511, -0.006782221616316143
-0.3614121348439585, -0.361310235821952, -0.5902562449019667, -0.006787682834254287
-0.36153790741080605, -0.3611855430390829, -0.590257052220616, -0.006735490859169178
-0.36166276177686385, -0.3610629250088837, -0.5902587242547248, -0.006626088825634666
-0.3617856090238114, -0.36094339483059645, -0.5902612043168861, -0.006460405621706804
-0.3619053635453351, -0.3608279256506908, -0.5902644083246061, -0.006239848028870003
-0.36202095369501863, -0.36071744382729953, -0.5902682276506563, -0.005966288815644281
-0.36213133273335785, -0.3606128229084892, -0.5902725328055465, -0.005642050882712411
-0.36223548991848886, -0.36051487841288665, -0.5902771778273403, -0.00526988759022648
-0.36233246157190846, -0.3604243633823896, -0.5902820052300382, -0.004852959429949486
-0.3624213419411343, -0.3603419646607031, -0.590286851342811, -0.004394807235840256
-0.3625012936762493, -0.3602682998386786, -0.5902915518590992, -0.0038993221563435217
-0.3625715577369363, -0.3602039147982482, -0.5902959474074507, -0.0033707126397300516
-0.36263146255098866, -0.3601492817813057, -0.5902998889552069, -0.002813468710062966
-0.3626804322544751, -0.36010479790830674, -0.5903032428618012, -0.0022323238354564857
-0.36271799385741543, -0.36007078407346826, -0.5903058954102792, -0.0016322147119572361
-0.3627437831968512, -0.36004748414913634, -0.5903077566633419, -0.00101823930533806
-0.3627575495609663, -0.36003506444069755, -0.5903087635131024, -0.00039561350909558346
-0.36275915889294175, -0.36003361334497475, -0.5903088818210979, 0.00023037321024376491
-0.3627485955108182, -0.3600431411787307, -0.5903081075759475, 0.000854402799966866
-0.3627259623089868, -0.36006358015910855, -0.5903064670293812, 0.0014711738537067495
-0.3626914794372874, -0.36009478453388066, -0.5903040158060242, 0.0020754467009000696
-0.3626454814841209, -0.3601365308754767, -0.5903008370171419, 0.002662087965747227
-0.3625884132196966, -0.3601885185682777, -0.5902970384423367, 0.003226114213222971
-0.36252082398365937, -0.36025037053280085, -0.5902927488748161, 0.003762734308205068
-0.36244336082711603, -0.3603216342425901, -0.5902881137542053, 0.004267390125726909
-0.3623567605417831, -0.3604017830992069, -0.5902832902350433, 0.004735795265540026
-0.36226184072802237, -0.36049021823726846, -0.590278441858215, 0.005163971442374551
-0.36215949006841974, -0.3605862708345634, -0.5902737330060278, 0.005548282244261801
-0.36205065798394565, -0.3606892050016821, -0.5902693233289423, 0.005885463974759508
-0.3619363438553935, -0.36079822132116823, -0.59026536233291, 0.006172653320614613
-0.36181758599370595, -0.3609124610980077, -0.5902619843108016, 0.006407411614019554
-0.3616954505390033, -0.3610310113714167, -0.5902593037897217, 0.006587745487884033
-0.36157102045988865, -0.3611529107227007, -0.5902574116485045, 0.006712123753179234
-0.36144538481232846, -0.36127715589588383, -0.5902563720369555, 0.00677949035915561
-0.361319628401505, -0.3614027092273159, -0.5902562202012339, 0.0067892733298461315
-0.3611948219711958, -0.3615285068582538, -0.5902569612890509, 0.006741389603516789
-0.36107201302408987, -0.36165346768114826, -0.5902585701751694, 0.006636245735404073
-0.3609522173537628, -0.3617765029468394, -0.5902609923131177, 0.0064747344579832965
-0.3608364113455491, -0.3618965264367876, -0.5902641455842544, 0.006258227126949493
-0.360725525080146, -0.36201246508276097, -0.5902679230815451, 0.0059885621148686174
-0.3606204362510864, -0.362123269896645, -0.5902721967337148, 0.005668029247875518
-0.3605219648861069, -0.3622279270561055, -0.5902768216469745, 0.005299350413646768
-0.3604308688434633, -0.3623254689782658, -0.590281641017184, 0.0048856565009407936
-0.36034784003801623, -0.3624149852038723, -0.5902864914459535, 0.004430460862037671
-0.3602735013389079, -0.3624956329091378, -0.5902912084804941, 0.003937629519170262
-0.3602084040711707, -0.36256664686170237, -0.5902956321893961, 0.003411348364249473
-0.360153026047912, -0.36262734864123447, -0.5902996125852944, 0.002856087627565652
-0.3601077700578095, -0.3626771549539629, -0.5903030147105209, 0.002276563915409117
-0.3600729627345395, -0.3627155848838588, -0.5903057232132797, 0.001677700138407583
-0.36004885374014517, -0.36274226594083336, -0.5903076462591178, 0.001064583671550366
-0.3600356152029751, -0.3627569387878723, -0.59030871864501, 0.00044242310309985483
-0.3600333413621791, -0.3627594605538168, -0.5903089040104168, -0.0001834960573496601
-0.36004204838429366, -0.3627498066659183, -0.5903081960702921, -0.0008078563317097325
-0.36006167433258274, -0.36272807116555983, -0.590306618828215, -0.0014253535009914244
-0.36009207928578024, -0.36269446550082163, -0.590304225762411, -0.002030741718936301
-0.3601330456190174, -0.3626493158200429, -0.5903010980122777, -0.0026188781240358543
-0.36018427847529766, -0.36259305882031545, -0.5902973416269477, -0.003184766566990832
-0.3602454064701469, -0.3625262362331251, -0.5902930839692283, -0.003723600078919562
-0.3603159826844172, -0.36244948805532085, -0.5902884693969094, -0.004230801717312508
-0.3603954860100317, -0.36236354465655796, -0.5902836543679288, -0.0047020634416744325
-0.36048332292023477, -0.36226921791369926, -0.5902788021354158, -0.005133382688779988
-0.360578829739275, -0.3621673915378536, -0.590274077212506, -0.005521096338245589
-0.3606812754861314, -0.3620590107704875, -0.5902696397946238, -0.005861911782420135
-0.36078986536276314, -0.3619450716310434, -0.5902656403283331, -0.006152934840134298
-0.3609037449494249, -0.3618266098997671, -0.5902622144108624, -0.0063916942813359795
-0.36102200515803196, -0.3617046900160017, -0.5902594781931926, -0.006576162758791134
-0.36114368797958696, -0.3615803940642962, -0.5902575244424949, -0.006704773973571275
-0.3612677930438043, -0.3614548110086575, -0.5902564193973557, -0.00677643593271863
-0.36139328498875334, -0.36132902631966224, -0.5902562005223472, -0.0067905401900337555
-0.3615191016162179, -0.36120411212047676, -0.5902568752380246, -0.0067469669941400525
-0.36164416278526945, -0.3610811179568387, -0.59025842066938, -0.006646086301632519
-0.36176737997300656, -0.36096106227346036, -0.590260784421275, -0.006488754647012079
-0.36188766640828707, -0.36084492465586115, -0.5902638863545777, -0.006276307895048801
-0.3620039476624324, -0.360733638873195, -0.5902676213028294, -0.006010549935012282
-0.3621151725609658, -0.36062808673487057, -0.5902718626373881, -0.005693737409659915
-0.362220324263272, -0.36052909275249856, -0.5902764665602398, -0.005328560604775342
-0.36231843134322217, -0.3604374195795539, -0.5902812769790001, -0.0049181206571809214
-0.3624085786938328, -0.3603537641846869, -0.5902861307988755, -0.0044659032702728425
-0.36248991807336317, -0.36027875470135173, -0.5902908634522049, -0.003975749155992508
-0.36256167810920625, -0.360212947886684, -0.5902953144781219, -0.0034518214504838463
-0.36262317357960383, -0.3601568271165543, -0.5902993329631537, -0.0028985703772131765
-0.3626738138016786, -0.36011080084155367, -0.5903027826582686, -0.0023206954557573782
-0.36271310996732575, -0.3600752014302653, -0.590305546598827, -0.0017231055765111402
-0.3627406812858819, -0.36005028433130026, -0.5903075310707354, -0.0011108772809462057
-0.3627562598137445, -0.3600362274939928, -0.5903086687882668, -0.0004892116035148474
-0.36275969387570806, -0.3600331309987985, -0.5903089211757384, 0.00013661015540597884
-0.3627509500100098, -0.36004101686185863, -0.5903082796756384, 0.0007612713461797083
-0.3627301133982396, -0.36005982899321665, -0.5903067660388162, 0.001379465190383065
-0.3626973867715153, -0.3600894333041298, -0.5903044315868975, 0.001985939916434762
-0.36265308781479333, -0.3601296179750558, -0.5903013554719394, 0.00257554342252495
-0.3625976451210724, -0.36018009391154715, -0.5902976419923802, 0.0031432670834203183
-0.3625315927756556, -0.36024049542967496, -0.5902934170563381, 0.003684288325714748
-0.3624555636767999, -0.3603103812251144, -0.5902888239122381, 0.004194011607532444
-0.36237028172230357, -0.36038923569004255, -0.5902840182915836, 0.004668107453397306
-0.36227655301119865, -0.3604764706490259, -0.5902791631286161, 0.005102549212747826
-0.36217525622524605, -0.36057142758868754, -0.5902744230359306, 0.005493647231153394
-0.3620673323660204, -0.36067338045592967, -0.5902699587233708, 0.005838080146408699
-0.3619537740297418, -0.3607815390956288, -0.5902659215494265, 0.0061329230470623785
-0.36183561440361756, -0.36089505339107264, -0.5902624483898314, 0.0063756722582877946
-0.3617139161643742, -0.36101301815910103, -0.5902596569972982, 0.006564266549040661
-0.3615897604520575, -0.36113447883719985, -0.5902576420096481, 0.006697104584895257
-0.3614642360804854, -0.3612584379821179, -0.5902564717416207, 0.006773058482544994
-0.36133842913031644, -0.36138386257940236, -0.5902561858690577, 0.006791483354448898
-0.36121341305230437, -0.36150969214127515, -0.590256794083945, 0.00675222276527336
-0.36109023938740514, -0.36163484754709074, -0.5902582757658644, 0.00665561005540563
-0.36096992918794046, -0.36175824055709116, -0.5902605806809997, 0.0065024655206980045
-0.36085346520059147, -0.36187878390699013, -0.5902636306850063, 0.0062940894715469075
-0.36074178484852115, -0.36199540186893053, -0.590267322372053, 0.0060322512282236125
-0.3606357740270888, -0.3621070411442877, -0.5902715305802735, 0.005719174142858689
-0.360536261706224, -0.36221268193638856, -0.5902761126348453, 0.005357516771432212
-0.36044401531318904, -0.3623113490370974, -0.5902809131849029, 0.004950350351319313
-0.360359736852786, -0.3624021227509282, -0.5902857694703477, 0.004501132771149147
-0.3602840597085655, -0.3624841494743767, -0.5902905168400271, 0.004013679249703902
-0.36021754605855494, -0.3625566517467196, -0.5902949943342142, 0.0034921299690446107
-0.36016068483276353, -0.3626189375918891, -0.5902990501421085, 0.0029409149337229464
-0.3601138901372426, -0.36267040897910907, -0.5903025467492974, 0.002364716352534332
-0.36007750007080985, -0.36271056924270506, -0.590305365600603, 0.001768428861501094
-0.36005177586541826, -0.3627390293185675, -0.5903074111201644, 0.001157117926365275
-0.36003690128933075, -0.3627555126757245, -0.5903086139523839, 0.000535976779557348
-0.36003298226322333, -0.3627598588458518, -0.5903089333137931, -8.971773984518504e-05
-0.36004004665260914, -0.36275202548058605, -0.5903083583760457, -0.0007146500644449835
-0.3600580442149086, -0.36273208889558095, -0.5903069086331147, -0.0013335111096954549
-0.36008684669539215, -0.36270024309040894, -0.5903046332402376, -0.0019410434293504612
-0.36012624808238136, -0.3626567972639174, -0.590301609347035, -0.0025320859271517116
-0.36017596504779614, -0.36260217187458954, -0.5902979394813608, -0.0031016177408725483
-0.3602356376136584, -0.3625368933240254, -0.5902937480726329, -0.0036448009225681093
-0.36030483009781744, -0.36246158736800127, -0.5902891772325942, -0.004157021550066628
-0.360383032402407, -0.3623769713830397, -0.5902843819366161, -0.00463392891920558
-0.360469661715782, -0.36228384563631566, -0.5902795247689834, -0.005071472483860805
-0.36056406470259983, -0.3621830837225992, -0.590274770410361, -0.005465936231192012
-0.36066552025693777, -0.36207562234334123, -0.5902702800543704, -0.00581397020246812
-0.3607732428897866, -0.36196245060974386, -0.5902662059425678, -0.006112618895056036
-0.3608863868149005, -0.36184459905363486, -0.5902626862030949, -0.006359346308370496
-0.36100405078592934, -0.3617231285272098, -0.5902598401679445, -0.006552057425503109
-0.36112528372329, -0.3615991191654375, -0.5902577643275472, -0.006689115952599208
-0.36124909115176707, -0.36147365957351885, -0.5902565290597688, -0.0067693581695681074
-0.3613744424498241, -0.3613478363866446, -0.5902561762441594, -0.006792102778148773
-0.36150027888973013, -0.36122272433106983, -0.5902567178422852, -0.006757156666477985
-0.3616255224245203, -0.3610993768948295, -0.5902581354922498, -0.006664816542907615
-0.36174908515424953, -0.3609788176940002, -0.5902603811311369, -0.0065158664256884284
-0.36186987938077775, -0.36086203259706007, -0.5902633786242879, -0.006311571009084281
-0.3619868281382269, -0.3607499626463869, -0.5902670263462126, -0.006053664960310544
-0.36209887606600055, -0.36064349779303306, -0.5902712006256841, -0.0057443382352067
-0.3622050004736289, -0.3605434714393747, -0.590275759938275, -0.005386217533551283
-0.36230422243231575, -0.3604506557647268, -0.5902805497042596, -0.004982344047188397
-0.3623956177174914, -0.3603657577921361, -0.5902854075292675, -0.004536147685426715
-0.3624783274203379, -0.3602894161407889, -0.5902901687100514, -0.00405141799224194
-0.3625515680444885, -0.36022219839818725, -0.5902946718187173, -0.003532271998396832
-0.3626146409070897, -0.36016459903967435, -0.590298764176087, -0.002983119278408534
-0.3626669406711437, -0.36011703782015736, -0.59030230702859, -0.002408624507055186
-0.36270796284843787, -0.36007985856389546, -0.5903051802531198, -0.0018136678325334718
-0.36273731012912036, -0.3600533282828613, -0.5903072864302755, -0.0012033034031771791
-0.3627546974146787, -0.3600376365621115, -0.5903085541478159, -0.0005827164015594175
-0.36275995545522355, -0.3600328951613865, -0.5903089404222649, 4.282104640878716e-05
-0.36275303301884754, -0.3600391377952774, -0.5903084321565063, 0.0006679947093043622
-0.36273399754976365, -0.3600563200691149, -0.5903070465839187, 0.0012874934498797385
-0.36270303430204187, -0.360084319563603, -0.5903048306839774, 0.001896054398155539
-0.3626604439662878, -0.3601229360773771, -0.5903018595891537, 0.002488507709711462
-0.3626066388366054, -0.3601718920524395, -0.5902982340371626, 0.0030598205248575376
-0.36254213759387954, -0.3602308332220352, -0.5902940769549931, 0.00360513975183548
-0.36246755880796666, -0.36029932953338206, -0.5902895292906056, 0.0041198333081310995
-0.3623836132850734, -0.3603768764080768, -0.5902847452336861, 0.004599529468208614
-0.3622910954068076, -0.36046289641051443, -0.5902798869875598, 0.005040153983299772
-0.36219087362354363, -0.3605567413987938, -0.5902751192695622, 0.005437964659053213
-0.3620838802765295, -0.3606576952331324, -0.5902706037263546, 0.005789583099606911
-0.36197110093023577, -0.3607649771135255, -0.5902664934535328, 0.006092023351705954
-0.3618535633987773, -0.3608777456113037, -0.59026292780531, 0.006342717209562773
-0.36173232664784216, -0.36099510344847363, -0.5902600276702087, 0.006539535969959097
-0.3616084697466132, -0.36111610306448627, -0.5902578913728711, 0.006680808457341912
-0.3614830810330648, -0.3612397529928282, -0.5902565913408737, 0.0067653351701039794
-0.36135724764112753, -0.36136502504998813, -0.5902561716494886, 0.006792398431614958
-0.36123204552020016, -0.36149086231759575, -0.590256646527584, 0.006761768462650741
-0.36110853005694676, -0.36161618787549865, -0.5902579998752855, 0.00667370532543967
-0.36098772738701046, -0.36173991422000285, -0.5902601858097387, 0.00652895672340112
-0.3608706264609618, -0.3618609532782354, -0.5902631302204864, 0.006328751674600142
-0.36075817190526127, -0.3619782269073476, -0.5902667332817559, 0.006074790110786743
-0.36065125769605866, -0.36209067774690085, -0.590270872836538, 0.005769228487435216
-0.3605507216419802, -0.3621972802749128, -0.5902754085377835, 0.005414661523243071
-0.3604573406523627, -0.3622970519033819, -0.5902801866063807, 0.005014100219873748
-0.36037182675031465, -0.3623890639382519, -0.5902850450446525, 0.00457094634409935
-0.36029482377595534, -0.36247245222209923, -0.5902898191286619, 0.0040889635846709585
-0.36022690471462704, -0.3625464272757184, -0.5902943469931311, 0.00357224562494752
-0.3601685695780239, -0.3626102837573957, -0.5902984751196185, 0.003025181399272621
-0.3601202437631541, -0.36266340906605776, -0.5903020635418574, 0.0024524178260140876
-0.36008227681480376, -0.36270529092651005, -0.5903049905917208, 0.0018588203327869054
-0.3600549415215406, -0.3627355238114286, -0.5903071570248453, 0.0012494315093832173
-0.36003843328299645, -0.36275381407519136, -0.5903084893859656, 0.0006294282410712247
-0.3600328696967574, -0.36275998369853313, -0.5903089424997959, 4.077688955818369e-06
-0.3600382903261351, -0.3627539725697003, -0.5903085010029487, -0.0006213075051848147
-0.3600546566248408, -0.3627358392565958, -0.5903071798649208, -0.0012414144049234738
-0.3600818520103587, -0.362705760254455, -0.5903050238804649, -0.0018509749677407667
-0.36011968209400935, -0.36266402772411244, -0.5903021061505748, -0.0024448108477624323
-0.3601678750914823, -0.36261104576598546, -0.5902985256036147, -0.0030178774279430447
-0.3602260824523935, -0.36254732530374467, -0.5902944036407024, -0.0035653067041648448
-0.36029387976036475, -0.3624734776783408, -0.5902898800191367, -0.004082448654397497
-0.3603707679657798, -0.36239020707701797, -0.5902851081135155, -0.004564910740053999
-0.3604561750210986, -0.36229830194241774, -0.5902802497152746, -0.005008595203776573
-0.3605494579930171, -0.362198625523354, -0.5902754695470099, -0.005409733847854353
-0.36064990572658284, -0.36209210574096107, -0.5902709296776019, -0.0057649200000480325
-0.36075674213337905, -0.3619797245513501, -0.5902667840274944, -0.006071137398493869
-0.36086913016910027, -0.36186250698860345, -0.5902631731504044, -0.006325785754293032
-0.3609861765553163, -0.3617415100698631, -0.5902602194683342, -0.006526702779075134
-0.36110693728627363, -0.3616178117376948, -0.5902580231213922, -0.006672182494978247
-0.3612304239444859, -0.3614925000040502, -0.5902566585730566, -0.006760989675846297
-0.3613556108292537, -0.3613666624455767, -0.5902561720859192, -0.0067923703007580685
-0.3614814428805727, -0.3612413761821791, -0.5902565801534368, -0.006766057934038452
-0.36160684435796475, -0.3611176984503961, -0.5902578689408267, -0.006682275979444029
-0.361730728210204, -0.36099665786092394, -0.5902599947540447, -0.0065417357900577865
-0.3618520060486251, -0.3608792464063786, -0.5902628855209636, -0.006345630649375116
-0.3619695986143414, -0.3607664122618265, -0.5902664432345607, -0.00609562567292326
-0.36208244660915456, -0.36065905339758486, -0.5902705472753341, -0.005793843713332007
-0.362189521741878, -0.3605580120020131, -0.5902750585003735, -0.00544284738486278
-0.3622898378268533, -0.3604640696921335, -0.5902798239605002, -0.005045617355789574
-0.3623824617603105, -0.36037794347265917, -0.5902846820856201, -0.0046055270884769895
-0.36246652419318215, -0.36030028238969225, -0.5902894681625172, -0.004126314237270868
-0.36254122971655445, -0.3602316648145686, -0.590294019919395, -0.0036120489431399542
-0.3626058663781774, -0.3601725962861624, -0.5902981830278239, -0.0030670992911059703
-0.3626598143555083, -0.36012350783667657, -0.5903018163355315, -0.0024960942215869852
-0.36270255362244475, -0.36008475472638224, -0.5903047966525732, -0.001903884209568506
-0.36273367046303007, -0.36005661551691814, -0.590307022928551, -0.0012955000457243872
-0.36275286270556917, -0.36003929142019486, -0.5903084196791838, -0.0006761100709703743
-0.3627599435742339, -0.36003290587035053, -0.5903089395459916, -5.097623020500194e-05
-0.3627548440817614, -0.3600375042789996, -0.5903085649022454, 0.000574590678032395
-0.36273761391551984, -0.3600530539486415, -0.5903073084507054, 0.0011952761717431038
-0.36270842079920584, -0.3600794441348222, -0.5903052127928596, 0.0018058072873103736
-0.36266754834294845, -0.36011648626382764, -0.5903023489842817, 0.002400997424523854
-0.36261539242474083, -0.3601639143285448, -0.5902988141251196, 0.002975790449656811
-0.36255245617505416, -0.36022138549997795, -0.5902947280674673, 0.003525303678403524
-0.36247934366340495, -0.3602884810050335, -0.5902902293513103, 0.004044869370905964
-0.36239675240982094, -0.3603647073320191, -0.5902854705069112, 0.004530074384846945
-0.362305464864903, -0.36044949783326996, -0.590280612882964, 0.004976797649460495
-0.36220633901898647, -0.3605422147989865, -0.5902758211759156, 0.005381245143072334
-0.362100298313349, -0.36064215207745565, -0.5902712578459629, 0.005739982079170937
-0.3619883210342104, -0.3607485383141321, -0.5902670776090512, 0.006049962030743159
-0.3618714293733126, -0.360860540875532, -0.5902634221916003, 0.006308552749399078
-0.3617506783371638, -0.3609772705136639, -0.590260415525753, 0.0065135584643726836
-0.36162714468075796, -0.361097786812985, -0.5902581595479914, 0.006663238476537659
-0.3615019160310534, -0.3612211044450253, -0.5902567307435002, 0.0067563218938545165
-0.3613760803511562, -0.36134620023635144, -0.5902561775533689, 0.006792018386915801
-0.36125071587857227, -0.36147202103403187, -0.5902565187325008, 0.006770024876245666
-0.36112688165065243, -0.3615974923298476, -0.5902577427138408, 0.006690528096521409
-0.36100560870830456, -0.36172152758102527, -0.590259808000486, 0.006554203016711019
-0.3608878920458045, -0.3618430381418708, -0.5902626445723794, 0.006362207129067502
-0.36077468335100416, -0.3619609436982696, -0.590266156259933, 0.006116170653793657
-0.3606668845571236, -0.36207418307629213, -0.5902702240041513, 0.005818182739795102
-0.3605653422054097, -0.3621817252778684, -0.5902747098927899, 0.005470773775072187
-0.3604708425979365, -0.362282580581329, -0.5902794618357677, 0.005076893952748298
-0.360384107702285, -0.36237581153313103, -0.590284318721381, 0.004639888270262199
-0.36030579175533983, -0.3624605436497692, -0.5902891158785413, 0.004163468169619889
-0.3602364785023622, -0.36253597564607154, -0.5902936906598767, 0.0036516800555420025
-0.36017667900005645, -0.36260138900797023, -0.5902978879563997, 0.0031088709555807427
-0.3601268299087548, -0.3626561567345191, -0.5903015654567503, 0.0025396516115288904
-0.360087292199047, -0.36269975108529606, -0.5903045984726588, 0.0019488573144143052
-0.3600583502020155, -0.3627317501851146, -0.5903068841669634, 0.00134150681578417
-0.36004021093946637, -0.36275184335784105, -0.5903083450407633, 0.0007227596655660695
-0.36003300368072966, -0.36275983508452647, -0.5903089315614163, 9.787234130350319e-05
-0.3600367796852426, -0.36275564750737677, -0.5903086238422136, -0.0005278464552080364
-0.3600515121046379, -0.36273932142963905, -0.590307432316756, -0.0011490809500810473
-0.36007709603373195, -0.3627110157913924, -0.5903053973851418, -0.0017605535102814495
-0.36011334871597944, -0.36267100563173416, -0.5903025880439731, -0.002357069528778535
-0.3601600099248706, -0.3626196785780601, -0.5902990995466643, -0.0029335615963931526
-0.3602167425576931, -0.3625575299321775, -0.5902950501734283, -0.0034851325815095633
-0.360283133491365, -0.3624851564501038, -0.590290577220518, -0.004007097248982111
-0.3603586947610713, -0.36240324893679376, -0.5902858323447742, -0.004495022063073521
-0.3604428651306185, -0.3623125837980611, -0.5902809764213814, -0.0049447628359085205
-0.36053501212837136, -0.36221401370909767, -0.590276174089233, -0.005352499902481577
-0.36063443462399325, -0.3621084575717598, -0.5902715881688653, -0.005714770525457776
-0.36074036601878723, -0.3619968899409376, -0.5902673741422246, -0.006028498257573699
-0.36085197811623415, -0.36188033010375453, -0.5902636748814128, -0.006291019016091847
-0.3609683857293152, -0.36175983099394415, -0.5902606158050838, -0.006500103652201216
-0.36108865206777285, -0.3616364681178599, -0.5902583006266585, -0.006653976828206941
-0.3612117949317969, -0.36151132865831515, -0.5902568078384446, -0.006751332046546457
-0.36133679371935523, -0.36138550090839905, -0.5902561880507982, -0.006791342706855153
-0.3614625972329788, -0.361260064170036, -0.5902564622764892, -0.006773669100246769
-0.3615881322490231, -0.3611360792320272, -0.5902576212183976, -0.006698461283452819
-0.361712312788916, -0.36101457952032456, -0.5902596255846728, -0.006566357809275701
-0.361834050008514, -0.36089656299014095, -0.5902624074206777, -0.0063784803237539765
-0.36195226259916113, -0.3607829848059514, -0.5902658724125941, -0.00613642407432374
-0.36206588757316005, -0.3606747508322695, -0.590269903084632, -0.005842244406891088
-0.3621738912878948, -0.360572711936067, -0.5902743627815072, -0.005498439362906045
-0.3622752805474123, -0.36047765908152596, -0.5902791003012359, -0.0051079285200343865
-0.36236911360849955, -0.3603903191800757, -0.590283955021223, -0.004674028251630981
-0.36245451091066316, -0.360311351643936, -0.5902887623439093, -0.004200423610681753
-0.3625306653462428, -0.3602413455800104, -0.5902933592773622, -0.003691137072938744
-0.3625968518884526, -0.3601808175532849, -0.5902975899616131, -0.003150494401347726
-0.36265243640146194, -0.3601302098450031, -0.5903013109533535, -0.0025830879192752488
-0.36269688346762974, -0.36008988913077555, -0.5903043960897675, -0.0019937375031937785
-0.3627297630825017, -0.36006014550739907, -0.5903067407665413, -0.001387449626095292
-0.3627507560877419, -0.36004119180410865, -0.5903082654849354, -0.0007693748007072096
-0.3627596582353442, -0.36003316312399414, -0.5903089185475902, -0.00014476378633303266
-0.36275638280260014, -0.36003611657377, -0.5903086778116102, 0.000481077065379506
-0.3627409617056925, -0.3600500311544872, -0.5903075514394479, 0.0011028309423991164
-0.36271354508963427, -0.36007480780137446, -0.590305577622106, 0.001715215794179596
-0.36267439940277113, -0.36011026957717784, -0.590302823284057, 0.0023130292547716346
-0.3626239039942971, -0.36015616203929834, -0.5902993818138159, 0.0028911928813157165
-0.3625625463024136, -0.36021215381607585, -0.5902953698971581, 0.003444795328459242
-0.36249091572804404, -0.3602778374410197, -0.5902909235604212, 0.003969134089150073
-0.3624096963136153, -0.36035273050496386, -0.5902861935581025, 0.004459755445519943
-0.36231965836774105, -0.36043627719456883, -0.5902813402612017, 0.004912492289991461
-0.3622216491940664, -0.36052785029078316, -0.5902765282196644, 0.0053234994960875874
-0.36211658309563755, -0.36062675370250374, -0.5902719205833198, 0.005689286540434911
-0.3620054308346857, -0.3607322256085643, -0.5902676735704694, 0.006006747101851884
-0.3618892087314606, -0.36084344227522736, -0.5902639311716563, 0.006273185389914478
-0.36176896758473986, -0.360959522606649, -0.5902608202681336, 0.006486338983706436
-0.3616457815910592, -0.36107953347258936, -0.5902584463304885, 0.006644397991307771
-0.36152073742976665, -0.3612024958412048, -0.590256889843187, 0.0067460203716853484
-0.3613949236672255, -0.36132739172565886, -0.590256203576201, 0.006790343292769331
-0.3612694206163384, -0.3614531719320354, -0.5902564107961634, 0.006776990432392532
-0.361145290767693, -0.3615787645732983, -0.5902575044776612, 0.006706075162215732
-0.3610235698867914, -0.36170308429058606, -0.5902594475413856, 0.006578199588554613
-0.3609052588487217, -0.36182504209969835, -0.5902621741110763, 0.006394449457964475
-0.3607913162580749, -0.36194355575799064, -0.5902655917466653, 0.00615638496933543
-0.36068265187871595, -0.36205756052590077, -0.5902695845779655, 0.00586602756790756
-0.3605801208758497, -0.3621660201786078, -0.5902740172327104, 0.005525842829832657
-0.3604845188525153, -0.36226793810768343, -0.5902787394258409, 0.0051387195784726985
-0.3603965776446937, -0.3623623683405064, -0.5902835910544979, 0.004707945405308159
-0.3603169618242331, -0.36244842629727647, -0.5902884076260357, 0.004237178798887374
-0.3602462658471691, -0.36252529910192155, -0.5902930258350414, 0.003730418114420049
-0.3601850117770402, -0.36259225526442607, -0.5902972891002882, 0.00319196764412894
-0.3601336475086193, -0.36264865355804066, -0.5903010528738728, 0.0026264010740384746
-0.360092545417112, -0.36269395092551393, -0.590304189542493, 0.002038522636209617
-0.3600620013611897, -0.36272770926364095, -0.5903065927546322, 0.001433326286241871
-0.36004223397496415, -0.3627496009547133, -0.5903081810268715, 0.0008159532538860997
-0.36003338419378317, -0.36275941303635917, -0.5903089005069957, 0.00019164832959652154
-0.36003551497103325, -0.36275704992721247, -0.590308726800146, -0.0004342847384173891
-0.3600486111574015, -0.3627425346540847, -0.5903076657960681, -0.0010565283537756543
-0.3600725795296057, -0.3627160085561082, -0.5903057534693857, -0.001669796300538231
-0.3601072489717263, -0.36267772947176335, -0.5903030546596798, -0.0022688787021130034
-0.36015237082828044, -0.3626280684450097, -0.5902996608727533, -0.0028486863242636294
-0.3602076194633147, -0.36256750501603285, -0.5902956871776929, -0.003404293842158025
-0.36027259307335857, -0.3624966211895361, -0.5902912683049805, -0.003930981701048923
-0.36034681481348807, -0.36241609419837395, -0.5902865540780218, -0.004424276213195259
-0.3604297343043915, -0.3623266882018863, -0.5902817043330498, -0.00487998754982354
-0.3605207295937737, -0.3622292450760274, -0.590276883499686, -0.005294245306064045
-0.36061910964735666, -0.36212467446583774, -0.5902722550259432, -0.005663531338618108
-0.3607241174428879, -0.36201394327966785, -0.5902679758366924, -0.005984709600144267
-0.36083493373490994, -0.3618980648086756, -0.5902641910134637, -0.006255052720704687
-0.36095068154862053, -0.3617780876544624, -0.590261028875919, -0.006472265114801964
-0.3610704314481854, -0.36165508464245766, -0.5902585966317017, -0.006634502422278003
-0.36119320760869067, -0.3615301418890575, -0.5902569767420922, -0.006740387122370875
-0.3613179947019669, -0.36140434817697764, -0.5902562241266177, -0.006789020192278444
-0.361443745585426, -0.36127878477639097, -0.5902563643013395, -0.006779988714420635
-0.3615693897603913, -0.36115451582970737, -0.5902573925138893, -0.006713369370004357
-0.36169384254298476, -0.3610325793961665, -0.5902592739045714, -0.006589727790268307
-0.36181601486714454, -0.36091397922932755, -0.5902619446880589, -0.00641011377072145
-0.36193482361666185, -0.36079967733705387, -0.590265314315661, -0.006176052387595033
-0.36204920236193694, -0.36069058735027615, -0.5902692685448834, -0.005889531089410081
-0.36215811235828566, -0.36058756870461117, -0.5902736733122869, -0.005552982869819119
-0.36226055364668674, -0.36049142161839864, -0.5902783792783919, -0.0051692656605013074
-0.3623555760855267, -0.36040288283258826, -0.5902832268906039, -0.004741638114647323
-0.36244229013360707, -0.36032262206269705, -0.5902880517925554, -0.004273731982221345
-0.3625198772008289, -0.3602512391011601, -0.5902926903964941, -0.003769521307472695
-0.36258759938380825, -0.36018926150013986, -0.5902969854297926, -0.0032332887068148007
-0.36264480840928726, -0.36013714276039754, -0.5903007912675184, -0.0026695890109095033
-0.36269095361851367, -0.36009526095117184, -0.5903039788702192, -0.002083210578302677
-0.36272558884060613, -0.3600639176890644, -0.5903064401594571, -0.0014791346089669233
-0.3627483780219062, -0.3600433374104257, -0.5903080916826755, -0.0008624928043474638
-0.3627590995009895, -0.3600336668812857, -0.5903088774430727, -0.00023852373572785378
-0.36275764884472217, -0.3600349749010301, -0.590308770798478, 0.00038747170528560625
-0.36274404018888606, -0.36004725217014477, -0.590307775364808, 0.0010101753917972213
-0.3627184060565478, -0.360070411307843, -0.5903059248934481, 0.0016242971947923175
-0.36268099565781786, -0.36010428702150343, -0.5903032821267191, 0.0022246199756738214
-0.3626321717049691, -0.3601486364458747, -0.590299936670263, 0.0028060439516520885
-0.3625724058062876, -0.3602031396852394, -0.5902960019545321, 0.0033636300533456723
-0.3625022725296081, -0.36026740060543083, -0.5902916113884588, 0.003892641903343273
-0.3624224422515828, -0.3603409479341855, -0.5902869138357879, 0.00438858605724805
-0.36233367293054664, -0.36042323673718357, -0.5902820685675053, 0.004847250164686044
-0.362236800958891, -0.36051365034282223, -0.5902772398615543, 0.005264738726683962
-0.36213273126464685, -0.3606115027909689, -0.5902725914329658, 0.0056375061474517145
-0.36202242684118, -0.3607160418793718, -0.5902682808832597, 0.005962386802665381
-0.3619068978883757, -0.36082645287603454, -0.5902644543572911, 0.00623662187255167
-0.36178719074840293, -0.3609418629567269, -0.5902612415886639, 0.006457882716135451
-0.3616643768142016, -0.3610613464140705, -0.590258751501639, 0.006624290592647233
-0.36153954157956714, -0.361183930668704, -0.5902570685185908, 0.006734432567024455
-0.36141377398642704, -0.36130860309425983, -0.5902562496981313, 0.006787373468424641
-0.36128815620825194, -0.36143431864693953, -0.5902563228008836, 0.006782663803460623
-0.36116375398902, -0.36156000826789747, -0.5902572853484319, 0.006720343559244347
-0.3610416076355686, -0.3616845880032633, -0.5902591047073383, 0.00660094186507946
-0.360922723738195, -0.36180696876311835, -0.5902617191953727, 0.0064254725155735125
-0.3608080676708395, -0.3619260666179671, -0.5902650401724815, 0.006195425391855984
-0.36069855689887653, -0.3620408135099299, -0.5902689550456461, 0.00591275385129361
-0.36059505510018897, -0.3621501682367937, -0.5902733310858156, 0.005579858189390908
-0.36049836708454774, -0.3622531275508971, -0.5902780199275637, 0.005199565310238875
-0.3604092344779999, -0.3623487372021921, -0.5902828625989817, 0.004775104773705345
-0.36032833212351467, -0.36243610274621674, -0.5902876949113213, 0.0043100814183029065
-0.36025626513696707, -0.3625143999335275, -0.5902923530256836, 0.003808444788067159
-0.360193566549021, -0.36258288449760656, -0.5902966790080322, 0.0032744556195558015
-0.3601406954587193, -0.362640901163537, -0.5903005261841748, 0.0027126496709535043
-0.3600980356236376, -0.36268789170967397, -0.5903037641131177, 0.0021277991989510523
-0.36006589441425496, -0.36272340192908226, -0.5903062830101138, 0.0015248724102738301
-0.3600445020664307, -0.3627470873561697, -0.5903079974693831, 0.0009089912331915594
-0.36003401117522993, -0.3627587176463871, -0.5903088493602171, 0.00028538776979563073
-0.36003449638530194, -0.36275817952236744, -0.5903088097982143, -0.00034064019793798097
-0.360045954247029, -0.36274547822783987, -0.590307880124773, -0.0009637742664564005
-0.3600683032230628, -0.3627207374602547, -0.5903060918616017, -0.00157872064617825
-0.36010138384596657, -0.3626841977834615, -0.5903035056417968, -0.002180255185489521
-0.36014495904373955, -0.36263621355217346, -0.5903002091537505, -0.00276326779637897
-0.3601987146653147, -0.3625772484094276, -0.590296314167648, -0.003322805900507568
-0.3602622602519676, -0.362507869446024, -0.5902919527454314, -0.0038541165236399668
-0.36033513011234075, -0.3624287401362001, -0.5902872727627962, -0.004352686678889344
-0.360416784767865, -0.36234061218590463, -0.5902824328951107, -0.004814281694956882
-0.36050661284132923, -0.3622443164483711, -0.5902775972373142, -0.005234981164256602
-0.36060393346379904, -0.36214075307581517, -0.5902729297402394, -0.0056112122072534696
-0.36070799927381336, -0.3620308810856314, -0.5902685886520037, -0.0059397797732308735
-0.3608180000777029, -0.3619157075243008, -0.5902647211529224, -0.006217893723758033
-0.3609330672310098, -0.3617962764122775, -0.5902614583658073, -0.00644319247305977
-0.3610522787885182, -0.36167365764853066, -0.5902589109107705, -0.006613762989017509
-0.361174665454698, -0.36154893604444593, -0.5902571651551837, -0.0067281569893795105
-0.3612992173477876, -0.3614232006438103, -0.5902562802858653, -0.006785403199672147
-0.3614248915699251, -0.3612975344691659, -0.5902562863027089, -0.006785015572043692
-0.36155062055328135, -0.36117300481550685, -0.5902571830017239, -0.006726997397612312
-0.36167532112877077, -0.36105065419081317, -0.590258939981951, -0.006611841278621926
-0.3617979042404176, -0.36093149198004326, -0.5902614976760151, -0.00644052496063401
-0.3619172852055792, -0.36081648688568313, -0.5902647693694013, -0.006214503058906493
-0.36203239439977086, -0.36070656017458946, -0.5902686441400338, -0.005935694746838895
-0.36214218822557387, -0.36060257973843, -0.5902729906185542, -0.005606467507696652
-0.36224566020870275, -0.36050535495422753, -0.5902776614418792, -0.005229617083557188
-0.3623418520513735, -0.3604156323129717, -0.5902824982490984, -0.0048083437873220666
-0.3624298644642139, -0.36033409176860376, -0.5902873370503879, -0.004346225374472104
-0.36250886759340895, -0.36026134374724783, -0.5902920137869451, -0.003847186700749541
-0.36257811085991, -0.3601979267477513, -0.5902963698934406, -0.003315466419859608
-0.3626369320324224, -0.3601443054595649, -0.5903002576743942, -0.00275558100131137
-0.3626847653655151, -0.36010086932276875, -0.5903035453121451, -0.0021722863723749367
-0.36272114864836436, -0.36006793145755134, -0.590306121336573, -0.0015705375095338063
-0.362745729028048, -0.36004572789646483, -0.5903078984049636, -0.0009554463234832833
-0.3627582674934431, -0.3600344170618869, -0.5903088162637873, -0.0003322381974130045
-0.3627586419311162, -0.3600340794429323, -0.5903088437919214, 0.0002937924492085003
-0.3627468486923664, -0.36004471743991584, -0.5903079800559894, 0.0009173271900430696
-0.3627230026401098, -0.3600662553598031, -0.5903062543420114, 0.0015330688276271448
-0.36268733567465716, -0.36009853956215143, -0.5903037251622952, 0.0021357864466559203
-0.3626401937678694, -0.3601413387711374, -0.5903004782712603, 0.002720359897724777
-0.3625820325647271, -0.3601943445846436, -0.5902966237575097, 0.0032818233297792487
-0.3625134116393134, -0.36025717222538733, -0.5902922923108109, 0.003815407398397928
-0.36243498751766157, -0.3603293615909867, -0.5902876307906098, 0.004316579789308467
-0.36234750560230744, -0.3604103786691796, -0.590282797246399, 0.0047810837120333665
-0.3622517911520129, -0.360499617390612, -0.5902779555588243, 0.005204974037057716
-0.36214873948457726, -0.36059640199433474, -0.5902732698832575, 0.005584650771152821
-0.3620393055805683, -0.3606999899801788, -0.5902688990842407, 0.005916889589204321
-0.361924493270979, -0.36080957571735117, -0.5902649913494874, 0.006198869166795493
-0.36180534419224386, -0.36092429477003274, -0.5902616791660168, 0.006428195085597837
-0.361682926687787, -0.361043228988535, -0.590259074828701, 0.0066029201130375454
-0.36155832482662353, -0.3611654123990985, -0.5902572666334435, 0.006721560688465428
-0.3614326276968388, -0.36128983790703506, -0.590256315883986, 0.006783109479900886
-0.3613069191155659, -0.3614154648072535, -0.5902562548137725, 0.006787043908106068
-0.3611822678779706, -0.36154122707383385, -0.5902570854932758, 0.006733330568048858
-0.3610597186464014, -0.36166604237700306, -0.5902587797598123, 0.006622425511523327
-0.3609402835580712, -0.3617888217523286, -0.5902612801722195, 0.006455270388612764
-0.36082493460613285, -0.36190847982400665, -0.5902645019580518, 0.0062332844796103735
-0.36071459682561935, -0.36202394546253547, -0.5902683358873234, 0.005958352682761986
-0.36061014229317867, -0.36213417273760107, -0.5902726519754173, 0.005632809556565818
-0.3605123849285913, -0.36223815201036635, -0.5902773038896895, 0.0052594195481465555
-0.36042207606734167, -0.3623349209961457, -0.5902821339104225, 0.004841353571192886
-0.36033990075760314, -0.36242357561921856, -0.5902869782779879, 0.0043821621278690645
-0.3602664747223263, -0.3625032804766628, -0.5902916727449609, 0.003885745198726792
-0.36020234191802014, -0.3625732787278587, -0.5902960581449572, 0.0033563191526813445
-0.36014797261650433, -0.3626329012308487, -0.590299985789373, 0.0027983809552943146
-0.36010376193438887, -0.3626815747560075, -0.5903033225090183, 0.0022166699776348013
-0.3600700287372949, -0.36271882912133757, -0.5903059551696594, 0.001616127729586715
-0.3600470148515573, -0.36274430311177186, -0.5903077945083033, 0.0010018558603547385
-0.36003488452506993, -0.36275774906678215, -0.5903087781600913, 0.0003790727848411474
-0.36003372409054757, -0.36275903604566984, -0.590308872773114, -0.00024693069270793395
-0.36004354179821163, -0.3627481515075669, -0.590308075139398, -0.0008708363770420196
-0.360064267800154, -0.3627252014725746, -0.5903064123036905, -0.0014873439156642759
-0.36009575428466256, -0.3626904091608054, -0.5903039406463517, -0.0020912158792313913
-0.3601377757749247, -0.36264411213655834, -0.5903007439714731, -0.0026773223012584034
-0.36019002962195734, -0.3625867580144916, -0.5902969306650816, -0.003240684294856517
-0.3602521367357775, -0.36251889881277854, -0.5902926300198458, -0.0037765163728436272
-0.360323642610883, -0.36244118406388837, -0.5902879878509576, -0.004280267109594536
-0.3604040187116754, -0.3623543528162787, -0.5902831615518951, -0.004747657798260256
-0.36049266428988724, -0.36225922467921057, -0.5902783147577603, -0.005174718775264842
-0.3605889087090809, -0.36215669007767737, -0.5902736117971632, -0.005557823105034014
-0.36069201435058695, -0.36204769989469576, -0.5902692121207795, -0.005893717341448666
-0.3608011801707275, -0.36193325468374626, -0.590265264895467, -0.006179549108265003
-0.36091554597085795, -0.36181439363492063, -0.5902619039471919, -0.006412891268411928
-0.36103419742984266, -0.3616921834744393, -0.590259243224177, -0.006591762481381459
-0.3611561719332862, -0.36156770746883526, -0.5902573729340233, -0.006714643978595759
-0.36128046521570834, -0.3614420546927253, -0.5902563564857082, -0.006780492418404505
-0.36140603881130307, -0.3613163097031037, -0.5902562283400814, -0.00678874871499683
-0.3615318282866632, -0.36119154274417353, -0.5902569928416844, -0.006739342768776182
-0.36165675220560123, -0.36106880058556123, -0.5902586240714782, -0.006632694059432308
-0.36177972175261686, -0.3609490980739888, -0.590261066725463, -0.006469708096852949
-0.36189965091858123, -0.36083341045505835, -0.5902642379894258, -0.006251768758952998
-0.36201546713047605, -0.36072266649833673, -0.5902680303462967, -0.005980726579268893
-0.3621261221873767, -0.3606177424363094, -0.590272315220982, -0.005658883080571749
-0.3622306033480204, -0.36051945670670704, -0.5902769473391776, -0.005288971283586764
-0.3623279444017805, -0.3604285654687691, -0.5902817696524318, -0.00487413255194705
-0.3624172365453576, -0.3603457588478962, -0.5902866186625368, -0.004417889965518825
-0.36249763888226816, -0.36027165785020865, -0.5902913299647655, -0.003924118443957449
-0.3625683883616415, -0.36020681187915693, -0.5902957438220308, -0.0033970118705196088
-0.36262880897699046, -0.36015169678071324, -0.5902997105809583, -0.002841047492484215
-0.3626783200545789, -0.3601067133419056, -0.5903030957462262, -0.0022609478987352916
-0.36271644347448384, -0.3600721861693942, -0.5903057845410614, -0.0016616408968476637
-0.36274280968526507, -0.3600483628802934, -0.5903076857992159, -0.001048217631113664
-0.3627571623947693, -0.3600354135461412, -0.5903087350563958, -0.00042588929909854556
-0.3627593618444701, -0.36003343034232194, -0.5903088967362659, 0.0002000571627145005
-0.36274938660223965, -0.3600424273688786, -0.5903081653568683, 0.0008243040440245606
-0.3627273338377165, -0.3600623406237733, -0.5903065657165183, 0.0014415480903025696
-0.3626934180747733, -0.3600930281256878, -0.5903041520528761, 0.0020465456081330646
-0.362647968446024, -0.3601342701995601, -0.5903010062037225, 0.0026341570587369505
-0.36259142450408754, -0.36018576995362084, -0.5902972348318385, 0.0031993907568997697
-0.362524330672529, -0.360247153990906, -0.5902929658081385, 0.003737445300880443
-0.36244732944532554, -0.3603179734105294, -0.5902883438757525, 0.0042437503706517134
-0.3623611534665542, -0.3603977051637115, -0.5902835257421303, 0.00471400554685165
-0.3622666166412415, -0.36048575383627446, -0.5902786747656271, 0.005144216820886444
-0.36216460444340104, -0.3605814539325566, -0.5902739554167583, 0.005530730487472988
-0.36205606359791487, -0.3606840727353108, -0.5902695277019295, 0.005870264134271386
-0.3619419913187847, -0.36079281381189476, -0.590265541738701, 0.006159934468850759
-0.3618234242874272, -0.3609068212290486, -0.5902621326664709, 0.006397281750766715
-0.36170142755111667, -0.3610251845268706, -0.5902594160650881, 0.006580290625721242
-0.3615770835136499, -0.36114694448758355, -0.5902574840366523, 0.006707407189350443
-0.3614514811782107, -0.36127109971671545, -0.5902564020832884, 0.00677755213988218
-0.3613257057866679, -0.36139661403393586, -0.5902562068866813, 0.006790129911479419
-0.3612008289808475, -0.36152242464866313, -0.5902569050646134, 0.006745033713309277
-0.36107789959024517, -0.3616474510723101, -0.5902584729466311, 0.006642646433039352
-0.3609579351280171, -0.3617706046954876, -0.590260857376442, 0.006483837397361173
-0.36084191405365473, -0.361890798935421, -0.590263977513854, 0.006269955016080584
-0.36073076883726896, -0.3620069598369767, -0.5902677275752108, 0.006002815370103803
-0.36062537983771337, -0.3621180369908823, -0.5902719804194576, 0.005684686837088246
-0.36052656998554344, -0.36222301461561857, -0.5902765918583288, 0.005318270881411437
-0.36043510024271874, -0.3623209226357018, -0.5902814055445825, 0.004906679167219243
-0.36035166579459676, -0.36241084757922293, -0.5902862582726063, 0.004453407184409614
-0.3602768929165747, -0.362491943111961, -0.5902909855117223, 0.003962304607235913
-0.3602113364481152, -0.36256344002446006, -0.5902954269845981, 0.0034375426335059296
-0.36015547780095813, -0.3626246554922623, -0.5902994321016297, 0.0028835785788276463
-0.36010972342629255, -0.36267500143808074, -0.5903028650670104, 0.002305118024722844
-0.36007440366730525, -0.3627139918378537, -0.5903056094833161, 0.0017070748414074628
-0.36004977192879606, -0.3627412488301188, -0.5903075722984313, 0.0010945294253457787
-0.36003600410399583, -0.3627565075094904, -0.5903086869609208, 0.00047268550806438774
-0.3600331982099635, -0.3627596193096868, -0.5903089156768085, -0.00015317409407046545
-0.3600413741964127, -0.3627505539088639, -0.5903082506911964, -0.0007777324095458627
-0.36006047390786133, -0.36272939961919226, -0.5903067145512398, -0.0013956835349416322
-0.3600903611949702, -0.3626963622528805, -0.5903043593415547, -0.0020017777630385782
-0.3601308221870876, -0.3626517624873308, -0.5903012649180042, -0.0025908662280108566
-0.36018156575361837, -0.36259603178194755, -0.5902975361997809, -0.003157944684443405
-0.36024222419620255, -0.36252970692748676, -0.5902932996116595, -0.003698196045003347
-0.3603123542261407, -0.36245342333494535, -0.5902886987971061, -0.004207031313119894
-0.3603914382914374, -0.3623679071940922, -0.5902838897476596, -0.004680128561818343
-0.360478886324776, -0.3622739666512793, -0.5902790355137785, -0.005113469627696531
-0.3605740379872773, -0.36217248217159115, -0.5902743006765211, -0.005503374209679927
-0.36067616548274983, -0.3620643962613337, -0.5902698457675153, -0.005846531085375479
-0.3607844770132026, -0.361950702733135, -0.5902658218264006, -0.006140026183279956
-0.3608981209386364, -0.36183243569739554, -0.590262365280242, -0.006381367276498276
-0.36101619069272883, -0.36171065846062533, -0.5902595933184764, -0.006568505092705119
-0.3611377304912329, -0.36158645250349153, -0.5902575999201453, -0.006699850665563669
-0.3612617418521412, -0.36146090669957776, -0.590256452668031, -0.006774288784436429
-0.36138719092647487, -0.36133510692040505, -0.5902561904576613, -0.0067911874317393775
-0.3615130166164934, -0.3612101261537175, -0.5902568221787976, -0.006750403130473479
-0.36163813943496415, -0.36108701524116116, -0.5902583264140852, -0.006652282158103915
-0.3617614710355732, -0.3609667943189181, -0.5902606521650723, -0.006497657616844187
-0.36188192432141486, -0.36085044502146424, -0.5902637205810003, -0.006287842384346123
-0.3619984240165449, -0.3607389034851285, -0.5902674276317953, -0.006024618002603817
-0.36210991756556976, -0.3606330541653251, -0.5902716476346812, -0.005710219596352845
-0.36221538620892646, -0.36053372445999243, -0.5902762375149228, -0.005347316945179409
-0.36231385606747635, -0.36044168011248323, -0.5902810416562989, -0.004938991865728416
-0.36240440905986393, -0.3603576213505688, -0.5902858971769138, -0.004488712091578528
-0.36248619347022326, -0.3602821797047926, -0.5902906394515094, -0.004000301868284249
-0.3625584339825262, -0.36021591543949194, -0.5902951076930727, -0.0034779095095019853
-0.36262044100131463, -0.36015931552361424, -0.5902991504044862, -0.002925972186737672
-0.36267161908679113, -0.3601127920661058, -0.5903026305153549, -0.0023491782497913707
-0.3627114743450739, -0.3600766811420514, -0.5903054300298027, -0.0017524273971410698
-0.3627396206316048, -0.360051241940745, -0.5903074540275911, -0.0011407890350252179
-0.3627557844467699, -0.3600366561750812, -0.590308633882836, -0.0005194591805900211
-0.3627598084272342, -0.36003302770273005, -0.590308929591128, 0.0001062837220705243
-0.36275165336362836, -0.3600403823228673, -0.5903083311261094, 0.0007311236940342926
-0.3627313987042827, -0.3600586677271841, -0.5903068587794738, 0.001349752436258844
-0.36269924153494126, -0.36008775359983747, -0.5903045624728605, 0.001956914478279692
-0.36265549405485653, -0.36012743187715235, -0.5903015200649849, 0.0025474518729211876
-0.3626005795995998, -0.36017741719356366, -0.5902978347114427, 0.0031163480532974673
-0.362535027289422, -0.360237347554769, -0.590293631366759, 0.0036587704762056123
-0.3624594654082913, -0.3603067852916648, -0.5902890525473432, 0.004170111687287105
-0.362374613642114, -0.36038521835880544, -0.5902842534990765, 0.00464602845788675
-0.36228127432443613, -0.3604720620482855, -0.5902793969334298, 0.005082478661160793
-0.36218032285368806, -0.360566661193758, -0.5902746475106215, 0.005475755575433118
-0.36207269745731063, -0.3606682929394366, -0.5902701662568925, 0.005822519325801517
-0.3619593884847345, -0.3607761701452856, -0.5902661051051632, 0.006119825200273528
-0.36184142741300473, -0.36088944549211965, -0.5902626017441538, 0.006365148603973803
-0.3617198757459805, -0.36100721633920196, -0.5902597749505484, 0.006556406443926688
-0.3615958139806633, -0.36112853037237824, -0.5902577205624097, 0.006691974767302655
-0.3614703308026831, -0.36125239206323245, -0.5902565082302945, 0.0067707025075614494
-0.36134451265774326, -0.36137776993968684, -0.5902561790561579, 0.006791921225382306
-0.361219433827522, -0.3615036046465576, -0.5902567442000456, 0.006755450764412166
-0.3610961471177847, -0.3616288177514596, -0.5902581845017841, 0.006661600775471889
-0.3609756752440002, -0.3617523212278988, -0.590260451130486, 0.006511168096735732
-0.3608590029763862, -0.3618730275241899, -0.5902634672398593, 0.006305430011345321
-0.3607470700828166, -0.3619898601047753, -0.5902671305732458, 0.0060461334377437115
-0.3606407650851263, -0.3621017643303297, -0.5902713169301106, 0.005735480141519843
-0.36054091982287806, -0.36220771852549616, -0.5902758843765292, 0.0053761080905355705
-0.3604483047991883, -0.36230674506879046, -0.5902806780569724, 0.004971069107346039
-0.3603636252664295, -0.3623979213287618, -0.5902855354443167, 0.004523803004186487
-0.3602875179959192, -0.36248039026426027, -0.5902902918501176, 0.004038108415833211
-0.36022054866552633, -0.3625533705050379, -0.5902947860083416, 0.0035181105741859627
-0.36016320979266303, -0.36261616573201616, -0.5902988655432462, 0.0029682262951846537
-0.360115919137482, -0.3626681731843997, -0.5903023921359883, 0.002393126473376594
-0.3600790185022179, -0.36270889113333227, -0.5903052462147421, 0.0017976964018049408
-0.3600527728573689, -0.3627379251786612, -0.5903073310092485, 0.0011869942546138732
-0.36003736973338607, -0.3627549932461568, -0.5903085758322623, 0.0005662080865993989
-0.36003291882742183, -0.3627599291867667, -0.590308938476571, -5.938828236109863e-05
-0.3600394517878398, -0.36275268490642265, -0.590308406646268, -0.0006844801196912499
-0.3600569221540606, -0.3627333309838858, -0.590306998373716, -0.0013037569841107674
-0.3600852054451811, -0.36270205576425596, -0.5903047614080564, -0.001911957892746229
-0.36012409940698464, -0.3626591629462945, -0.5903017715960085, -0.0025039160632068236
-0.3601733244426881, -0.3626050677116782, -0.5902981303098984, -0.0030746028464590344
-0.3602325242673652, -0.3625402914729594, -0.5902939610101718, -0.003619170473895243
-0.3603012668387574, -0.36246545534348074, -0.5902894050590043, -0.004132993253011927
-0.36037904562754686, -0.3623812724561124, -0.5902846169270155, -0.004611706860427766
-0.3604652812975645, -0.3622885392777707, -0.5902797589556603, -0.005051245398372584
-0.3605593238704905, -0.36218812608274065, -0.590274995852921, -0.005447875901022669
-0.36066045545001235, -0.36208096675946666, -0.590270489108947, -0.005798229999879613
-0.36076789357704697, -0.36196804813243844, -0.5902663915209712, -0.006099332482506806
-0.36088079528044636, -0.36185039898300764, -0.5902628420131166, -0.006348626506061405
-0.36099826187672424, -0.3617290789504255, -0.5902599609266678, -0.006543995255904121
-0.36111934455804695, -0.36160516748737026, -0.5902578459404388, -0.006683779869856495
-0.36124305079037333, -0.361479753032971, -0.5902565687594821, -0.006766793480141731
-0.3613683515237516, -0.36135392255140575, -0.5902561726843424, -0.006792331257442395
-0.36149418919497434, -0.3612287515660255, -0.5902566711432231, -0.006760176374605034
-0.3616194864797291, -0.3611052947983757, -0.5902580472367853, -0.006670601841103442
-0.3617431557278612, -0.3609845774991379, -0.5902602543110143, -0.0065243681932338655
-0.361864108992087, -0.36086758753468884, -0.5902632175387362, -0.006322717058963263
-0.36198126853832435, -0.3607552682694345, -0.5902668364562037, -0.006067360650191483
-0.36209357770546424, -0.36064851226115624, -0.5902709883688044, -0.005760467268724415
-0.3622000119646305, -0.36054815576495547, -0.5902755325104844, -0.005404642945283007
-0.36229959001341316, -0.36045497402178917, -0.5902803148159337, -0.005002909363175573
-0.3623913847297999, -0.3603696772905465, -0.590285173143792, -0.004558678249604547
-0.3624745338039739, -0.3602929075687009, -0.59028994277383, -0.004075722447714642
-0.3625482498641558, -0.36022523593609435, -0.5902944619917455, -0.0035581439111503042
-0.3626118299154316, -0.360167160449687, -0.5902985775722299, -0.003010338889798729
-0.36266466391798713, -0.3601191045141343, -0.5903021499743683, -0.002436960600262517
-0.36270624234336435, -0.3600814156539496, -0.5903050580731878, -0.0018428796971463029
-0.3627361625638853, -0.36005436461744567, -0.5903072032668644, -0.0012331428811727225
-0.3627541339509245, -0.3600381447504437, -0.5903085128202725, -0.0006129299972015867
-0.36275998158167555, -0.3600328715883796, -0.5903089423314458, 1.2490010827727543e-05
-0.3627536484808438, -0.36003858262847155, -0.590308477237274, 0.0006378039103793756
-0.36273519635252693, -0.36005523725836175, -0.5903071333073501, 0.0012576993714230001
-0.36270480478762823, -0.36008271683346027, -0.5903049561092106, 0.0018669101497784501
-0.3626627689626738, -0.3601208249114063, -0.5903020194631142, 0.002460260874400225
-0.3626094958759437, -0.3601692876678442, -0.5902984229387845, 0.0030327110540122283
-0.3625454991956102, -0.3602277545324144, -0.590294288479044, 0.0035793979257999525
-0.36247139282124197, -0.36029579909679366, -0.5902897562648758, 0.004095677779634068
-0.3623878832838876, -0.36037292035718027, -0.5902849799621808, 0.004577165405373897
-0.36229576113032513, -0.36045854436124714, -0.5902801215114428, 0.005019771327977168
-0.362195891453444, -0.36055202633394623, -0.5902753456370002, 0.005419736515182448
-0.3620892037427196, -0.3606526533572245, -0.5902708142621191, 0.005773664265169658
-0.3619766812360443, -0.3607596476756444, -0.5902666810192124, 0.006078549006558461
-0.3618593499567485, -0.3608721706929947, -0.590263086041317, 0.006331801770088057
-0.3617382676174612, -0.3609893277143682, -0.5902601512113742, 0.006531272120047329
-0.3616145125657464, -0.36111017347413255, -0.5902579760303269, 0.006675266363712725
-0.36148917293550187, -0.36123371847306707, -0.5902566342440508, 0.006762561888438381
-0.36136333615344063, -0.3613589361282491, -0.5902561713434288, 0.006792417508378417
-0.36123807893204474, -0.36148477071755847, -0.5902566030222581, 0.006764579735873859
-0.3611144578599932, -0.361610146077715, -0.5902579146452586, 0.006679284926088488
-0.360993500678784, -0.3617339749911993, -0.5902600617441829, 0.006537257277326022
-0.3608761983110239, -0.36185516917413363, -0.5902629715252395, 0.006339702703408625
-0.36076349768229754, -0.3619726497548855, -0.5902665453367476, 0.006088298628351534
-0.3606562953555188, -0.3620853581126622, -0.5902706620134085, 0.0057851797871343435
-0.36055543197492623, -0.3621922669273685, -0.590275181983879, 0.0054329201494428435
-0.36046168749708896, -0.36229239127718427, -0.5902799520024433, 0.005034511115619932
-0.360375777169053, -0.3623847996092493, -0.5902848103444209, 0.004593336165488252
-0.3602983481995832, -0.36246862440195016, -0.590289592289207, 0.004113142170942155
-0.3602299770587263, -0.3625430723349934, -0.590294135705068, 0.003598007611988003
-0.360171167333883, -0.3626074337858125, -0.5902982865463473, 0.00305230796296079
-0.36012234806736065, -0.3626610914780195, -0.5903019040766694, 0.0024806785406762165
-0.3600838725009533, -0.36270352811944484, -0.5903048656410134, 0.0018879751290011447
-0.36005601715730373, -0.36273433288352774, -0.5903070708247952, 0.001279232714461984
-0.3600389811953305, -0.3627532066080664, -0.5903084448588797, 0.0006596226847921447
-0.3600328859874865, -0.36275996560909296, -0.5903089411550146, 3.440885650681588e-05
-0.36003777487944866, -0.36275454403419904, -0.590308542885664, -0.0005910972915211807
-0.3600536131075107, -0.3627369947083662, -0.5903072635546436, -0.0012115817940902818
-0.3600802878646996, -0.36270748845537426, -0.5903051465391945, -0.001821773397069527
-0.3601176085228235, -0.36266631190836995, -0.5903022636190359, -0.0024164883877332128
-0.36016530703349703, -0.36261386385329664, -0.5902987125423006, -0.0029906746730380632
-0.3602230385459899, -0.36255065017777943, -0.5902946137109315, -0.0035394547278820134
-0.3602903822928516, -0.3624772775249232, -0.5902901060979878, -0.004058167045894976
-0.3603668428049961, -0.36239444577556124, -0.5902853425353486, -0.00454240573914624
-0.3604518515258265, -0.3623029395031424, -0.5902804845316458, -0.004988057950105732
-0.36054476889856024, -0.36220361856215677, -0.5902756967961647, -0.00539133875903175
-0.3606448870019122, -0.3620974079833069, -0.5902711416544126, -0.005748823292411078
-0.3607514328064797, -0.36198528735632096, -0.5902669735446894, -0.006057475762868849
-0.36086357211756326, -0.36186827988419634, -0.5902633337822278, -0.006314675197806957
-0.36098041425982674, -0.3617474412908688, -0.5902603457683888, -0.006518237642634745
-0.3611010175453757, -0.36162384875787557, -0.5902581108072723, -0.006666434654543818
-0.36122439554991814, -0.36149859005497387, -0.5902567046715196, -0.006758007934085219
-0.36134952420213207, -0.36137275301523597, -0.5902561750336758, -0.0067921799740796734
-0.36147534966979833, -0.36124741548746575, -0.5902565398501441, -0.00676866063839818
-0.3616007970033509, -0.36112363587852014, -0.5902577867524901, -0.006687649616671999
-0.3617247794739722, -0.36100244437598716, -0.5902598734667119, -0.006549834734823664
-0.36184620852001803, -0.36088483491844014, -0.5902627292462808, -0.00635638613525762
-0.36196400419316155, -0.36077175795694316, -0.5902662572703892, -0.006108946374417464
-0.3620771059749699, -0.36066411402839404, -0.5902703379261537, -0.005809616519011204
-0.3621844838164494, -0.36056274813944167, -0.5902748328635528, -0.00546093835532329
-0.36228514923798105, -0.36046844493973706, -0.5902795896856842, -0.005065872858457922
-0.3623781663157365, -0.36038192464584395, -0.590284447115384, -0.0046277750998609
-0.3624626623734285, -0.3603038396627096, -0.5902892404630807, -0.0041503658018005015
-0.36253783819558827, -0.3602347718385952, -0.5902938072105266, -0.0036376997763873328
-0.3626029775805739, -0.3601752302820549, -0.5902979925210924, -0.0030941315139019765
-0.3626574560583291, -0.36012564966603955, -0.5903016544897806, -0.002524278210391255
-0.3627007486093803, -0.36008638894450207, -0.5903046689549128, -0.0019329805474005781
-0.3627324362374853, -0.3600577304108227, -0.5903069337082946, -0.0013252615570497044
-0.36275221126829216, -0.3600398790346666, -0.5903083719610414, -0.0007062839231630773
-0.36275988126989234, -0.36003296202416835, -0.5903089349474999, -8.130608359272611e-05
-0.362755371517513, -0.3600370285730037, -0.5903086035789179, 0.000544362489989335
-0.362738725953209, -0.3600520497664852, -0.5903073890907576, 0.0011654064508681264
-0.3627101066213363, -0.36007791863649063, -0.5903053326616927, 0.0017765497865594457
-0.36266979159112156, -0.360114450371229, -0.5903025040172133, 0.0023726006900339257
-0.3626181714077964, -0.36016138270172515, -0.5902989990652191, 0.002948495707515415
-0.3625557441427919, -0.36021837650181876, -0.5902949366438135, 0.003499342784243903
-0.3624831091405212, -0.3602850166517122, -0.590290454491629, 0.004020462839849042
-0.3624009595836022, -0.3603608132260542, -0.5902857045773788, 0.004507429518571898
-0.36231007401929316, -0.3604452030756471, -0.5902808479470445, 0.004956106776299781
-0.3622113070069287, -0.3605375518767229, -0.590276049263451, 0.005362683986007194
-0.3621055790588116, -0.36063715672299645, -0.5902714712233968, 0.005723708265462785
-0.36199386605503114, -0.3607432493331849, -0.5902672690416199, 0.0060361137556884685
-0.3618771883159657, -0.36085499994035464, -0.5902635851886072, 0.006297247605354897
-0.3617565995147328, -0.36097152191939497, -0.5902605445606106, 0.006504892444779851
-0.36163317560581587, -0.3610918771953454, -0.5902582502455735, 0.006657285163183076
-0.3615080039357428, -0.36121508245860867, -0.5902567800284564, 0.0067531318340743945
-0.361382172687545, -0.361340116193709, -0.5902561837543782, 0.006791618665861241
-0.3612567607932631, -0.3614659265068313, -0.5902564816389242, 0.006772418887720277
-0.3611328284286772, -0.361591439714535, -0.5902576635828642, 0.006695695514268651
-0.3610114081824125, -0.3617155696325368, -0.5902596895145021, 0.006562099966386506
-0.36089349696840456, -0.36183722748007163, -0.5902624907480585, 0.006372766559487427
-0.3607800487271534, -0.36195533229284493, -0.5902659723120582, 0.006129302904414524
-0.36067196793805656, -0.3620688217167757, -0.590270016168839, 0.005833776299761553
-0.3605701039431207, -0.36217666303630125, -0.5902744852160791, 0.005488696227579207
-0.3604752460622461, -0.3622778642757042, -0.590279227934747, 0.005096993096911522
-0.3603881194625951, -0.3623714852002342, -0.5902840835259467, 0.004661993411188002
-0.3603093817299359, -0.3624566480362946, -0.5902888873625441, 0.00418739156592651
-0.36023962007853705, -0.36253254772689625, -0.5902934765707661, 0.003677218512218581
-0.36017934912862903, -0.36259846154029074, -0.5902976955525379, 0.003135807548795268
-0.36012900917664203, -0.36265375785611065, -0.5903014012613006, 0.002567757530823394
-0.3600889648834391, -0.3626979039645013, -0.590304468052398, 0.001977893806669902
-0.36005950430944067, -0.3627304727293007, -0.5903067919435154, 0.0013712272144131808
-0.36004083823262456, -0.36275114798603303, -0.5903082941406642, 0.0007529114876056381
-0.3600330996953982, -0.36275972856869143, -0.590308923710091, 0.0001281994344566565
-0.3600363437389158, -0.36275613088553227, -0.5903086593054665, -0.0004976017340036097
-0.3600505472978133, -0.36274038999251046, -0.5903075098917578, -0.00111917554327117
-0.3600756092439865, -0.3627126591428892, -0.5903055144412167, -0.0017312414743356644
-0.36011135058419674, -0.36267320782204115, -0.5903027406118083, -0.0023285998736307925
-0.3601575148322199, -0.3626224183066794, -0.5902992824529076, -0.0029061761682290083
-0.3602137685912772, -0.3625607808169129, -0.5902952572161148, -0.003459064007041263
-0.3602797023958577, -0.3624888873567017, -0.5902908013793692, -0.003982566958782149
-0.3603548318731795, -0.3624074243628531, -0.5902860660192385, -0.004472238410808951
-0.36043859929290256, -0.3623171643039018, -0.5902812116883441, -0.004923919329443074
-0.36053037557877576, -0.36221895638752977, -0.5902764029716531, -0.005333773561802322
-0.36062946285747177, -0.3621137165481896, -0.5902718029062309, -0.005698320381250996
-0.3607350976176139, -0.36200241689496493, -0.5902675674536612, -0.006014464003034478
-0.3608464545459651, -0.3618860748033478, -0.5902638402125191, -0.006279519823217816
-0.36096265109795944, -0.3617657418334719, -0.5902607475501354, -0.006491237162406192
-0.361082752846424, -0.3616424926516264, -0.5902583943186428, -0.00664781832560928
-0.36120577963587985, -0.36151741412184824, -0.5902568603004908, -0.006747933820750766
-0.36133071255061544, -0.36139159472050175, -0.5902561975038705, -0.006790733610468313
-0.3614565016834168, -0.3612661144095164, -0.5902564283996945, -0.006775854304759413
-0.361582074669101, -0.36114203508403686, -0.5902575451598627, -0.006703422235486881
-0.36170634592351314, -0.36102039168834654, -0.5902595099226237, -0.00657405238755624
-0.36182822650522417, -0.3609021840707991, -0.5902622560760421, -0.006388843195519438
-0.36194663449457676, -0.3607883696249491, -0.5902656905160832, -0.00614936724825186
-0.36206050576376403, -0.3606798567408668, -0.5902696968028096, -0.005857657977997708
-0.36216880499299586, -0.36057749906854264, -0.5902741391077401, -0.00551619244328085
-0.3622705367722344, -0.36048209057498104, -0.5902788668186035, -0.005127870347722188
-0.3623647566160171, -0.36039436135874725, -0.5902837196454322, -0.004695989468460451
-0.3624505817110346, -0.36031497417081504, -0.5902885330549198, -0.0042242176983985705
-0.3625272012127503, -0.36024452157903086, -0.5902931438488273, -0.003716561935629105
-0.36259388590865793, -0.36018352370563644, -0.5902973956973048, -0.003177334080855404
-0.36264999707189005, -0.3601324264632183, -0.5903011444395114, -0.002611114429134551
-0.36269499433963504, -0.36009160021416364, -0.5903042629717722, -0.0020227127655356356
-0.3627284424661388, -0.3600613387821394, -0.5903066455574849, -0.001417127495048234
-0.3627500168194183, -0.3600418587509111, -0.5903082114125832, -0.0007995031550210778
-0.36275950751384123, -0.3600332989956838, -0.5903089074449265, -0.0001750866733128368
-0.36275682209672, -0.36003572040450305, -0.5903087100546803, 0.0004508172530201657
-0.36274198673538105, -0.3600491057615729, -0.5903076259346063, 0.0010728912754637517
-0.3627151458809553, -0.3600733597799056, -0.5903056918431029, 0.0016858506205257955
-0.3626765604156301, -0.36010830928688287, -0.5903029733577043, 0.002284488036248108
-0.36262660432036964, -0.3601537035822765, -0.5902995626513267, 0.0028637180726689016
-0.36256575992936113, -0.3602092150033849, -0.5902955753667064, 0.0034186203163870093
-0.36249461186481846, -0.36027443974546214, -0.590291146695063, 0.0039444812091213
-0.3624138397705483, -0.3603488989969541, -0.5902864267920079, 0.0044368340932622605
-0.36232420998416814, -0.36043204045762445, -0.5902815756861882, 0.004891497143684335
-0.36222656630547156, -0.36052324031299976, -0.590276757853328, 0.005304608864297754
-0.3621218200317956, -0.36062180574039493, -0.5902721366396736, 0.005672660849707358
-0.36201093943995666, -0.36072697801982545, -0.5902678687239153, 0.005992527536637273
-0.36189493889833146, -0.3608379363173666, -0.5902640988053394, 0.006261492696186258
-0.3617748677918602, -0.3609538021989783, -0.5902609546982611, 0.006477272446211925
-0.3616517994373888, -0.36107364491978633, -0.590258542999013, 0.0066380345929207205
-0.36152682015703697, -0.3611964875175173, -0.5902569454723222, 0.006742414141795536
-0.36140101866365404, -0.3613213137198067, -0.5902562162795366, 0.006789524850069408
-0.3612754758954415, -0.3614470756539264, -0.5902563801426124, 0.006778966725814682
-0.36115125541705195, -0.3615727023248043, -0.5902574315060714, 0.0067108294121413364
-0.3610293944827261, -0.36169710880377115, -0.5902593347253259, 0.00658569142877838
-0.36091089583395597, -0.3618192060469996, -0.5902620252749836, 0.0064046152772501835
-0.3607967202806217, -0.361937911239939, -0.5902654119362014, 0.006169138449762496
-0.36068778009130487, -0.3620521585429123, -0.5902693798889669, 0.0058812604155863936
-0.36058493319627294, -0.36216091009424234, -0.5902737946045361, 0.005543425691970837
-0.3604889781861884, -0.3622631671114298, -0.5902785064061159, 0.00515850313921549
-0.3604006500715359, -0.36235798091865923, -0.5902833555432296, 0.004729761651266312
-0.36032061675262583, -0.3624444637207421, -0.5902881776077727, 0.004260842443814789
-0.3602494761382271, -0.362521798939865, -0.5902928091081582, 0.0037557281711271895
-0.36018775384273627, -0.3625892509324983, -0.5902970930125732, 0.003218709130427739
-0.36013590138741136, -0.3626461739095266, -0.5903008840733859, 0.0026543468383257896
-0.36009429483065236, -0.36269201989311683, -0.5903040537521432, 0.0020674352872219245
-0.36006323375546245, -0.3627263455587969, -0.5903064945781181, 0.0014629602105681611
-0.36004294054878794, -0.3627488178302932, -0.5903081237925734, 0.000846056704021094
-0.36003355991708064, -0.3627592181174373, -0.5903088861551067, 0.00022196556466421647
-0.36003515859463187, -0.3627574451132688, -0.5903087558168802, -0.000404011277630675
-0.3600477252153935, -0.3627435160945963, -0.590307737197173, -0.0010265558541602167
-0.3600711703345246, -0.36271756670000876, -0.5903058648335185, -0.001640379389200147
-0.36010532660202155, -0.36267984918979124, -0.5903032022105157, -0.0022402672809117316
-0.36014994910679965, -0.3626307292225017, -0.590299839607043, -0.002821123444940088
-0.36020471592480474, -0.36257068121233316, -0.5902958910349183, -0.003378013640265686
-0.3602692289183915, -0.3625002823589365, -0.5902914903728597, -0.0039062074063544567
-0.36034301484571407, -0.3624202054663417, -0.59028678682689, -0.004401218253509522
-0.3604255268476775, -0.36233121068939445, -0.5902819398711642, -0.004858841764370184
-0.3605161463856058, -0.3622341363640331, -0.5902771138408021, -0.00527519128350167
-0.3606141857048719, -0.362129889091407, -0.5902724723600841, -0.005646730893717548
-0.3607188908980754, -0.3620194332549176, -0.5902681727949334, -0.005970305401897586
-0.3608294456358938, -0.3619037801536312, -0.5902643609177569, -0.006243167083321454
-0.3609449756244657, -0.3617839769350515, -0.5902611659654865, -0.0064629989616452185
-0.36106455383538316, -0.36166109550523173, -0.59025869625833, -0.006627934431320068
-0.3611872065383207, -0.3615362215847797, -0.5902570355277059, -0.006736573060220849
-0.3613119201475167, -0.3614104440659687, -0.5902562400777919, -0.006787992442260897
-0.3614376488723007, -0.3612848448093914, -0.5902563368768741, -0.0067817560025793915
-0.3615633231392824, -0.36116048899905684, -0.5902573226431564, -0.006717916691276977
-0.36168785873038933, -0.3610384161531398, -0.5902591639560095, -0.006597016535436013
-0.36181016655747, -0.36091963186465104, -0.5902617983888875, -0.006420082053094559
-0.3619291629714094, -0.3608051003227275, -0.5902651366255282, -0.006188615566755523
-0.3620437804824429, -0.3606957376419585, -0.5902690654877363, -0.005904582487709593
-0.3621529787493446, -0.3605924060048571, -0.590273451772155, -0.005570394675733061
-0.3622557556790814, -0.3604959086019843, -0.5902781467660064, -0.005188890011377719
-0.3623511584659943, -0.36040698533597704, -0.5902829912887662, -0.004763308349874515
-0.36243829439106945, -0.36032630924035425, -0.5902878210888794, -0.004297264056383251
-0.36251634119779674, -0.36025448355193024, -0.5902924724125885, -0.0037947153516780506
-0.36258455686172575, -0.3601920393672029, -0.5902967875560619, -0.003259930725089157
-0.36264228857618575, -0.36013943380845137, -0.5903006202125746, -0.0026974526973424303
-0.3626889807867575, -0.3600970486244419, -0.5903038404334072, -0.00211205923955888
-0.3627241821216797, -0.3600651891534987, -0.5903063390342055, -0.0015087231758144156
-0.36274755108419243, -0.36004408358305207, -0.5903080312973432, -0.0008925699150400751
-0.36275886039530625, -0.3600338824491801, -0.5903088598446925, -0.00026883387341531106
-0.36275799990109303, -0.3600346583317049, -0.5903087965833406, 0.0003571860394498101
-0.3627449779865952, -0.36004640571444735, -0.5903078436582415, 0.0009801714885136405
-0.36271992146808574, -0.36006904099567916, -0.5903060333794781, 0.00159482994826245
-0.3626830739658402, -0.3601024026499241, -0.5903034271266048, 0.0021959397158426855
-0.3626347927899276, -0.3601462515582915, -0.5903001132672454, 0.002778394315659871
-0.36257554440101414, -0.36020027153983314, -0.5902962041605572, 0.0033372459144355043
-0.36250589853584814, -0.3602640701301937, -0.5902918323472258, 0.0038677473749379743
-0.36242652111232176, -0.3603371796655397, -0.590287146055232, 0.004365392589214898
-0.3623381660510052, -0.3604190587387499, -0.5902823041738293, 0.004825954747965587
-0.3622416661682869, -0.36050909410072807, -0.5902774708661959, 0.005245522221477619
-0.36213792331024974, -0.3606066030820514, -0.590272810003447, 0.005620531749057006
-0.36202789790585643, -0.3607108366088001, -0.5902684796087345, 0.005947798657830763
-0.36191259812271137, -0.3608209828812312, -0.5902646264997915, 0.006224543857908393
-0.36179306880860784, -0.3609361717749775, -0.5902613813115264, 0.006448417388866584
-0.3616703803973572, -0.3610554800119252, -0.5902588540673709, 0.0066175183220862095
-0.36154561794830553, -0.361177937132098, -0.5902571304494698, 0.006730410854351261
-0.3614198704758672, -0.3613025322792556, -0.5902562688940972, 0.006786136460058157
-0.3612942207088953, -0.3614282217920466, -0.5902562986107276, 0.006784222002142011
-0.3611697354003045, -0.3615539375700483, -0.5902572185918734, 0.006724683735179824
-0.3610474562858611, -0.36167859616065023, -0.5902589976472349, 0.006608027167870151
-0.3609283917681393, -0.3618011084892496, -0.5902615754610135, 0.0064352427860155945
-0.36081350937811896, -0.36192039013235444, -0.5902648646365569, 0.006207797671055011
-0.36070372904355374, -0.362035372011816, -0.5902687536590648, 0.005927623082912164
-0.3605999171708434, -0.3621450113691903, -0.5902731106759642, 0.00559709810924873
-0.3605028815263781, -0.3622483028629051, -0.5902777879668487, 0.005219029515919672
-0.36041336688488934, -0.36234428961810616, -0.5902826269514955, 0.004796627965305758
-0.36033205139672053, -0.3624320740502296, -0.5902874635662204, 0.004333480799999308
-0.3602595436136221, -0.36251082827894254, -0.5902921338263193, 0.003833521618786963
-0.36019638010394095, -0.3625798039493431, -0.5902964793860143, 0.00330099689973635
-0.36014302358316763, -0.36263834128233907, -0.5903003529073894, 0.002740429951166545
-0.3600998614846489, -0.3626858771858532, -0.5903036230562403, 0.002156582495078599
-0.3600672048979039, -0.36272195227281046, -0.5903061789554068, 0.0015544142089552965
-0.3600452878080601, -0.36274621665036066, -0.5903079339445306, 0.0009390405704354776
-0.3600342665791263, -0.36275843436702426, -0.5903088285187009, 0.00031568936497341853
-0.36003421963567883, -0.3627584864298472, -0.590308832346288, -0.00031034377101410925
-0.360045147311465, -0.3627463723315011, -0.5903079452975116, -0.0009337403900157415
-0.3600669718487707, -0.3627222100568045, -0.5903061974488417, -0.0015492044693518174
-0.3600995375484827, -0.3626862345685252, -0.5903036480630834, -0.0021515074543620237
-0.3601426110868642, -0.36263879480274785, -0.590300383579752, -0.002735532721866506
-0.3601958820304112, -0.36258034923361093, -0.590296514683917, -0.003296319082341444
-0.36025896359410614, -0.36251146009510593, -0.5902921725529552, -0.003829102948215039
-0.36033139370026124, -0.3624327863730492, -0.5902875044085388, -0.004329358808053427
-0.3604126364043564, -0.36234507570258234, -0.5902826685247211, -0.004792837661985023
-0.3605020837604218, -0.362249155325129, -0.5902778288614356, -0.005215603092283112
-0.3605990582011198, -0.3621459222730342, -0.5902731495053857, -0.005594064664337431
-0.3607028155066154, -0.3620363329599172, -0.5902687891068208, -0.005925008377021594
-0.3608125484314041, -0.3619213923598188, -0.5902648955008074, -0.006205623907419566
-0.3609273910495988, -0.36180214295852586, -0.5902616006953235, -0.006433528422721665
-0.3610464238668669, -0.36167965365606725, -0.5902590163960488, -0.006606786761556439
-0.3611686797316367, -0.3615550087906162, -0.590257230219518, -0.006723927817815538
-0.3612931505597792, -0.3614292974412434, -0.590256302722961, -0.006783956991897038
-0.36141879486620554, -0.36130360315066956, -0.5902562653514729, -0.0067863646069973235
-0.3615445460744561, -0.36117899418997423, -0.5902571193720649, -0.00673113022139773
-0.3616693215519996, -0.3610565144658524, -0.5902588358307149, -0.006618722801410006
-0.3617920322954521, -0.3609371751481527, -0.5902613565338704, -0.006450096753563984
-0.36191159316698773, -0.36082194707194193, -0.5902645960211513, -0.00622668384854856
-0.36202693356169335, -0.3607117539449556, -0.5902684444624139, -0.005950381103159093
-0.36213700836621887, -0.36060746636878593, -0.5902727713810073, -0.005623534719861788
-0.3622408090525059, -0.36050989666126965, -0.5902774300770607, -0.005248920216349852
-0.362337374737294, -0.3604197944488905, -0.5902822626008916, -0.0048297189094130165
-0.36242580302895877, -0.36033784298216864, -0.5902871051079697, -0.00436949094833274
-0.36250526047850473, -0.3602646561144489, -0.5902917934139134, -0.0038721451225922875
-0.362574992451416, -0.3602007758754814, -0.5902961685611948, -0.0033419056966838773
-0.36263433224173847, -0.36014667056598315, -0.5903000822088021, -0.0027832765509194224
-0.36268270925915824, -0.36010273329795883, -0.5903034016620928, -0.0022010029311210467
-0.3627196561338071, -0.36006928090788404, -0.5903060143722452, -0.0016000311315943906
-0.3627448146017266, -0.3600465531757081, -0.5903078317526971, -0.0009854664545980152
-0.36275794005589534, -0.36003471229159867, -0.5903087921831023, -0.00036252980535953183
-0.3627589046729123, -0.36003384252404613, -0.5903088630988993, 0.0002634867056711529
-0.36274769905311555, -0.36004395005672074, -0.5903080420955982, 0.0008872647723870234
-0.3627244323413603, -0.3600649629767545, -0.5903063570103199, 0.0015035051277347271
-0.3626893308260314, -0.36009673141316134, -0.5903038649778173, 0.0021069726147856047
-0.3626427350443121, -0.36013902784022345, -0.5903006504930132, 0.0026925407069175577
-0.3625850954513541, -0.3601915475761065, -0.5902968225457796, 0.00325523509501814
-0.362516966739029, -0.36025390952103953, -0.5902925109251702, 0.0037902759683238344
-0.36243900091556336, -0.3603256571914417, -0.590287861818473, 0.004293118627625244
-0.36235193927987674, -0.3604062601158211, -0.5902830328543598, 0.004759492084913369
-0.36225660344329835, -0.3604951156646471, -0.5902781877582544, 0.005185435321897819
-0.36215388556597006, -0.36059155138928656, -0.5902734908011608, 0.005567330900942885
-0.3620447379853948, -0.3606948279442973, -0.5902691012301748, 0.005901935645568785
-0.361930162420005, -0.36080414266276317, -0.5902651678695102, 0.006186408133468092
-0.3618111989312638, -0.3609186338459306, -0.5902618240750458, 0.006418332772703599
-0.36168891482378673, -0.36103738581639, -0.5902591832134108, 0.006595740261098243
-0.36156439365451687, -0.36115943476869394, -0.5902573348188261, 0.0067171242595280515
-0.36143872450948866, -0.36128377543307644, -0.5902563415579332, 0.006781454141625073
-0.3613129916906437, -0.36140936854733685, -0.5902562371054518, 0.006788183715047411
-0.3611882649361987, -0.361535149109687, -0.5902570250026514, 0.006737255842751083
-0.3610655902767952, -0.3616600353620363, -0.590258678537306, 0.0066291029263933115
-0.3609459816069309, -0.36178293842968356, -0.5902611416492045, 0.006464643247907762
-0.3608304130276623, -0.3619027725203584, -0.590264330830533, 0.006245273199226132
-0.3607198119931817, -0.3620184655639159, -0.5902681379567423, 0.005972855463883074
-0.3606150532712531, -0.36212897015439516, -0.5902724339519818, 0.005649703247634838
-0.3605169537064632, -0.3622332746393597, -0.5902770731648875, 0.00527856068803819
-0.3604262677564102, -0.3623304141880581, -0.5902818983064331, 0.004862579604952369
-0.3603436837548797, -0.36241948166050253, -0.5902867457824834, 0.004405292784905143
-0.3602698208432388, -0.3624996380944828, -0.5902914512402873, 0.003910584021948779
-0.36020522650198805, -0.36257012262706045, -0.5902958551408779, 0.003382655165752721
-0.3601503746089205, -0.3626302616714072, -0.5902998081684364, 0.0028259904539544617
-0.36010566394863375, -0.3626794771788814, -0.5903031762931865, 0.0022453184299305803
-0.36007141710020885, -0.3627172938298835, -0.5903058453161103, 0.0016455717688697886
-0.3600478796354465, -0.3627433450149111, -0.5903077247413351, 0.0010318453540525943
-0.3600352195688272, -0.36275737748896475, -0.5903087508448309, 0.000409352961310291
-0.360033527011849, -0.36275925460741, -0.5903088888353153, -0.0002166170774777179
-0.3600428139980397, -0.3627489580789297, -0.5903081340340474, -0.0008407468514759211
-0.36006301446014743, -0.3627265882005457, -0.5903065120334897, -0.0014577341022059822
-0.36009398435700046, -0.3626923625699988, -0.5903040778294474, -0.002062337320327746
-0.36013550196367505, -0.36264661330124226, -0.5903009139561355, -0.0026494203203972252
-0.36018726835412107, -0.3625897827985278, -0.5902971276874442, -0.00321399591100167
-0.36024890811958254, -0.362522418172734, -0.5902928473993522, -0.003751268286114534
-0.36031997037838004, -0.36244516440941543, -0.5902882182168856, -0.004256673775378552
-0.3603999301422772, -0.3623587564208405, -0.5902833970932765, -0.004725919606135545
-0.3604881901112649, -0.36226401013340326, -0.5902785474882192, -0.005155020348160449
-0.3605840829717699, -0.36216181277679194, -0.5902738338256938, -0.00554033173297461
-0.36068687427276835, -0.3620531125517614, -0.5902694159192813, -0.005878581563038215
-0.3607957659499652, -0.3619389078591474, -0.5902654435539649, -0.006166897451769936
-0.36090990056006234, -0.3618202362737577, -0.5902620514080978, -0.006402831162924389
-0.3610283662753794, -0.3616981634430825, -0.5902593544876461, -0.006584379347090152
-0.3611502026739676, -0.3615737720826324, -0.5902574442274476, -0.006710000503679301
-0.3612744073423375, -0.36144815122750573, -0.5902563853916059, -0.006778628028501743
-0.36139994328748615, -0.3613223858839728, -0.5902562138780466, -0.006789679239611802
-0.36152574713270935, -0.3611975472060679, -0.5902569355016217, -0.006743060307352822
-0.3616507380484665, -0.3610746833010867, -0.5902585257969946, -0.006639167048196059
-0.36177382734599317, -0.3609548107452162, -0.5902609308479837, -0.006478881575871683
-0.36189392863830694, -0.36083890686706177, -0.590264069115261, -0.006263564837228623
-0.3620099684514688, -0.3607279028334076, -0.5902678342004879, -0.005995045094041971
-0.3621208971491787, -0.3606226775488339, -0.590272098453223, -0.005675602445415037
-0.3622257000167769, -0.36052405235966556, -0.5902767172983798, -0.005307949518289874
-0.36232340833706145, -0.3604327865336847, -0.5902815341375787, -0.004895208485664303
-0.36241311028058154, -0.36034957347076635, -0.5902863856582731, -0.004440884603178044
-0.36249396142763746, -0.36027503758649004, -0.5902911073706825, -0.003948836484521701
-0.3625651947384134, -0.3602097318012517, -0.5902955391848234, -0.0034232433643696337
-0.36262612979161435, -0.3601541355615956, -0.5902995308385436, -0.0028685696239609945
-0.362676181120665, -0.3601086533185063, -0.5903029469924931, -0.002289526878763338
-0.36271486548983034, -0.36007361338919996, -0.5903056718192358, -0.0016910339495642959
-0.3627418079702093, -0.3600492671342662, -0.5903076129308467, -0.0010781750575705317
-0.36275674669700364, -0.36003578839057837, -0.5903087045117665, -0.0004561566003910114
-0.3627595362141923, -0.36003327311166666, -0.5903089095506258, 0.00016973712108663133
-0.3627501493401233, -0.3600417391807915, -0.590308221095326, 0.0007941888451465213
-0.3627286775167511, -0.3600611263770209, -0.5903066624887895, 0.0014118935749783943
-0.36269532963553, -0.3600912964906112, -0.5903042865773852, 0.002017603698993664
-0.3626504293634447, -0.3601320336001197, -0.5903011739188803, 0.0026061736180123087
-0.36259441102248213, -0.3601830445392834, -0.5902974300507252, 0.0031726034962298606
-0.36252781410414947, -0.36024395959599376, -0.5902931819113417, 0.003712081761054826
-0.36245127652668596, -0.3603143334981024, -0.5902885735358191, 0.0042200259885210745
-0.3623655267656457, -0.3603936467506581, -0.5902837611720196, 0.004692121825854606
-0.3622713750079478, -0.36048130739602924, -0.5902789079827389, 0.005124359620694204
-0.3621697034947947, -0.3605766532717988, -0.590274178513582, 0.005513068447184179
-0.3620614562296991, -0.36067895484109513, -0.5902697331141397, 0.0058549472424043805
-0.36194762823398163, -0.3607874186659682, -0.5902657225016082, 0.006147092792094076
-0.36182925453345716, -0.36090119158657163, -0.5902622826511371, 0.006387024332074182
-0.361707399056698, -0.3610193656574161, -0.5902595301861019, 0.00657270456089037
-0.36158314361743393, -0.36114098387708193, -0.5902575584245243, 0.006702556889714154
-0.36145757714173654, -0.36126504672994075, -0.5902564342156249, 0.00677547878718646
-0.36133178528506205, -0.3613905195381689, -0.5902561956736893, 0.00679085110942518
-0.36120684056566166, -0.36151634060026994, -0.5902568508860447, 0.006748543338615781
-0.3610837931198746, -0.3616414300690982, -0.5902583776389083, 0.006648914687249355
-0.36096366216228437, -0.36176469949886525, -0.5902607241704055, 0.006492811058963339
-0.36084742821026683, -0.3618850619674536, -0.5902638109252416, 0.006281557890883067
-0.3607360261089878, -0.36200144265846834, -0.5902675332515733, 0.006016948936162737
-0.3606303388701563, -0.36211278976750794, -0.5902717649487061, 0.005701231078886379
-0.36053119231650466, -0.3622180855798892, -0.5902763625453965, 0.005337085306405519
-0.3604393505047776, -0.3623163575531214, -0.5902811701637705, 0.004927603996341097
-0.3603555118834906, -0.36240668922738417, -0.5902860248040102, 0.004476264706626855
-0.3602803061283887, -0.3624882307814863, -0.5902907618706706, 0.003986900686866852
-0.3602142915887029, -0.362560209050627, -0.5902952207532794, 0.0034636683576525127
-0.3601579532712288, -0.36262193682587107, -0.5902992502720062, 0.002911012031054199
-0.360111701286987, -0.36267282126357936, -0.5903027138037362, 0.0023336261699808754
-0.36007586968674077, -0.3627123712460125, -0.5903054939147038, 0.0017364155062018199
-0.36005071561671287, -0.36274020355159586, -0.5903074963425519, 0.0011244533562677363
-0.3600364187341655, -0.3627560477145183, -0.5903086531927424, 0.0005029384910950379
-0.36003308083362406, -0.3627597494778527, -0.5903089252408787, -0.00012284907164730274
-0.36004072564789225, -0.3627512727715746, -0.5903083032628292, -0.0007475929731798738
-0.36005929880300047, -0.36273070017597553, -0.5903068083475256, -0.0013659857315855835
-0.3600886679221731, -0.362698231861202, -0.5903044911818208, -0.001972773883484814
-0.3601286228900481, -0.3626541830241239, -0.5903014303316719, -0.0025628026615010097
-0.3601788763040431, -0.362598979873648, -0.5902977295779618, -0.003131059823955456
-0.36023906415419604, -0.362533154244035, -0.590293514397348, -0.0036727182611481684
-0.36030874678535496, -0.36245733694200477, -0.5902889277075155, -0.004183177013944194
-0.360387410205691, -0.3623722499567106, -0.5902841250211616, -0.004658100355022475
-0.3604744678125765, -0.36227869768135346, -0.59027926917307, -0.005093454600844649
-0.3605692626105912, -0.3621775573108469, -0.5902745247990949, -0.005485542342919268
-0.3606710699964675, -0.36206976859111917, -0.5902700527542639, -0.005831033810004448
-0.3607791011820132, -0.3619563231021251, -0.5902660046592483, -0.006126995098225241
-0.3608925073184984, -0.3618382532583444, -0.5902625177600681, -0.006370913033393081
-0.3610103843747525, -0.3617166212075694, -0.5902597102752737, -0.006560716458818021
-0.361131778806572, -0.36159250780126484, -0.5902576773882803, -0.006694793772322671
-0.3612556940374292, -0.3614670017981845, -0.5902564880206786, -0.006772006567739101
-0.36138109775034877, -0.36134118944758953, -0.5902561824958495, -0.006791699268647675
-0.3615069299688618, -0.36121614458006157, -0.5902567711720532, -0.006753704675272804
-0.36163211188180444, -0.3610929193130631, -0.5902582340912952, -0.006658345379069309
-0.3617555553431868, -0.3609725354559534, -0.5902605216558777, -0.006506431033412616
-0.36187617295516405, -0.36085597667575164, -0.5902635563097048, -0.006299251502751354
-0.361992888620122, -0.36074418146145715, -0.5902672351673819, -0.006038565946399055
-0.3621046484277636, -0.3606380369018858, -0.590271433502023, -0.005726587926635781
-0.3622104317256154, -0.3605383732705296, -0.590276008973582, -0.005365966663755161
-0.3623092622071714, -0.36044595939157253, -0.5902808064544117, -0.004959764592908303
-0.3624002188415285, -0.3603614987444561, -0.590285663288504, -0.004511431408829195
-0.3624824464622691, -0.3602856262508033, -0.5902904148061345, -0.004024774814524893
-0.36255516583184266, -0.36021890567740944, -0.590294899906969, -0.0035039282185099167
-0.36261768300090724, -0.36016182758264337, -0.5902989665223273, -0.002953315651879074
-0.3626693977901063, -0.36011480773106297, -0.5903024767713846, -0.0023776142011578323
-0.36270981123435675, -0.3600781859022735, -0.5903053116364411, -0.0017817142751579034
-0.36273853184670823, -0.360052225024875, -0.5903073749986841, -0.0011706780437173
-0.3627552805797363, -0.36003711057444054, -0.5903085968975461, -0.0005496964029572978
-0.36275989438671896, -0.3600329501853845, -0.5903089359030831, 7.595516469209244e-05
-0.36275232831186066, -0.3600397734398024, -0.5903083805208902, 0.0007009614571611755
-0.362732656067834, -0.36005753181126476, -0.5903069495818855, 0.0013200127607710345
-0.3627010690890783, -0.36008609875743425, -0.59030469160374, 0.0019278500110906055
-0.36265787407979677, -0.3601252699715406, -0.5903016831456162, 0.002519309518528143
-0.3626034891055584, -0.3601747638184716, -0.5902980262120391, 0.0030893668746456025
-0.3625384383060031, -0.3602342219957748, -0.5902938447939713, 0.003633179662838385
-0.3624633453325754, -0.36030321047260205, -0.5902892806644404, 0.004146128608133347
-0.36237892563872154, -0.36038122076989154, -0.5902844885713234, 0.004623856815256822
-0.36228597776998894, -0.36046767165242244, -0.5902796309903413, 0.005062306761603795
-0.36218537381742744, -0.36056191130735704, -0.5902748726162043, 0.0054577547320554505
-0.3620780492091942, -0.3606632200841974, -0.5902703747787064, 0.00580684240547839
-0.36196499202210464, -0.3607708138676159, -0.5902662899730835, 0.006106605327912764
-0.3618472319969668, -0.3608838481473404, -0.5902627566900609, 0.006354498034629159
-0.3617258294388578, -0.3610014228383026, -0.5902598947208225, 0.006548415612120486
-0.36160186417636286, -0.3611225878898616, -0.5902578010960305, 0.006686711521417009
-0.3614764247424378, -0.36124634970549585, -0.5902565467965062, 0.0067682115356066525
-0.3613505979245275, -0.36137167837441786, -0.5902561743470386, 0.006792223676861356
-0.361225458813378, -0.3614975156947111, -0.590256696374845, 0.00675854407138293
-0.36110206145934376, -0.36162278394451164, -0.5902580951815248, 0.006667458674272734
-0.36098143022260565, -0.36174639533422925, -0.5902603233430125, 0.006519740850196777
-0.3608645518803628, -0.36186726204953445, -0.5902633053171981, 0.006316644829664516
-0.3607523685305559, -0.36198430677272, -0.59026694000475, 0.00605989509457448
-0.3606457713087503, -0.3620964735497564, -0.5902711041763717, 0.005751671780204653
-0.3605455949132297, -0.362202738852648, -0.5902756566503539, 0.005394592213837838
-0.3604526129137967, -0.3623021226722538, -0.5902804430788545, 0.004991688742491649
-0.3603675338028307, -0.3623936994660575, -0.5902853011806883, 0.004546383033538554
-0.360290997733302, -0.3624766087789446, -0.590290066243253, 0.004062457062101161
-0.360223573878087, -0.3625500653531817, -0.5902945767070715, 0.003544021027726448
-0.36016575833827336, -0.36261336854666426, -0.5902986796436132, 0.0029954784697005426
-0.3601179725253083, -0.36266591088613476, -0.590302235940637, 0.002421488875175818
-0.3600805619428096, -0.3627071855943518, -0.5903051250192064, 0.0018269280967565969
-0.36005379529840187, -0.36273679294685823, -0.5903072489223836, 0.0012168469160483899
-0.36003786388380965, -0.36275444533462164, -0.5903085356369139, 0.0005964281066543664
-0.36003288117216214, -0.36275997093286705, -0.5903089415352076, -2.9057636035968495e-05
-0.3600388825945354, -0.36275331590327264, -0.590308452854778, -0.0006542965203800638
-0.36005582547255455, -0.3627345450855738, -0.5903070861649394, -0.0012739768543898883
-0.36008358909971816, -0.36270384116472865, -0.5903048878049268, -0.0018828342235925695
-0.3601219749802749, -0.36266150233031735, -0.590301932312508, -0.0024756962625926203
-0.36017070725026346, -0.36260793847486905, -0.5902983198963953, -0.0030475266358934447
-0.3602294333199809, -0.36254366600654453, -0.5902941730382132, -0.0035934678509262183
-0.3602977247900284, -0.3624693013782052, -0.5902896323392944, -0.004108882537090343
-0.36037507870356256, -0.3623855534586624, -0.5902848517531858, -0.0045893928387698325
-0.36046091920495393, -0.36229321489219235, -0.5902799933655639, -0.005030917587545961
-0.36055459967928183, -0.3621931526086478, -0.5902752218985918, -0.005429706938939715
-0.3606554054477029, -0.36208629765838163, -0.5902706991260671, -0.005782374181720589
-0.3607625570905524, -0.3619736345533827, -0.5902665783887154, -0.006085924452830887
-0.3608752144630307, -0.3618561902984554, -0.5902629993955602, -0.006337780118007626
-0.3609924814576213, -0.36173502329396956, -0.5902600834875825, -0.006535802606951927
-0.3611134115532466, -0.36161121228488324, -0.5902579295241903, -0.006678310522119524
-0.3612370141739567, -0.3614858455196901, -0.5902566105319037, -0.00676409387162093
-0.3613622618601693, -0.3613600102681582, -0.5902561712288126, -0.006792424309077629
-0.3614880982337395, -0.36123478282875754, -0.5902566265086839, -0.0067630612963485905
-0.3616134467151596, -0.3611112191361965, -0.5902579609360857, -0.006676254138604093
-0.36173721992761276, -0.3609903460571928, -0.5902601292696255, -0.006532739875076865
-0.3618583296993506, -0.3608731534393206, -0.590263057995581, -0.0063337370427682714
-0.3619756975535908, -0.3607605869542275, -0.5902666478199599, -0.0060809353642368
-0.36208826555468654, -0.36065354175353537, -0.5902707770345487, -0.005776481444151791
-0.36219500736141264, -0.36055285693402883, -0.5902753056428934, -0.005422960592352473
-0.36229493932347734, -0.3604593107890114, -0.5902800801063871, -0.005023374923495472
-0.36238713144639967, -0.36037361680553426, -0.590284938549611, -0.004581117914769647
-0.36247071804315045, -0.36029642035314047, -0.5902897162484908, -0.004099945633357262
-0.36254490788871485, -0.36022829599909256, -0.5902942512152157, -0.0035839448740596796
-0.3626089936962691, -0.36016974537815716, -0.5902983896905666, -0.0030374984745050212
-0.36266236074093583, -0.36012119554187283, -0.5903019913574156, -0.002465248100328946
-0.36270449446902187, -0.3600829977129163, -0.590304934098583, -0.0018720548153789878
-0.36273498694700457, -0.3600554263744854, -0.5903071181376889, -0.0012629577720569302
-0.3627535420248522, -0.3600386786322157, -0.5903084694225245, -0.0006431313741164478
-0.3627599791121061, -0.3600328737967078, -0.5903089421361742, -1.7841278335879973e-05
-0.3627542354918062, -0.36003805314764425, -0.5903085202506959, 0.0006076003877188423
-0.3627363671260697, -0.3600541798551573, -0.5903072180706384, 0.0012278802072986192
-0.3627065479372261, -0.360081139049909, -0.5903050797479642, 0.0018377286671565024
-0.36266506757887584, -0.36011873804950967, -0.5903021777848299, 0.0024319649729228165
-0.3626123277413712, -0.3601667067647296, -0.5902986105750259, 0.0030055411023177264
-0.3625488370650415, -0.3602246983237205, -0.590294499067479, 0.003553584718473829
-0.362475204761313, -0.36029228996552265, -0.5902899826650151, 0.004071440576243538
-0.36239213306583284, -0.36036898426478225, -0.5902852144974936, 0.004554710068284769
-0.36230040866829993, -0.3604542107574231, -0.5902803562296379, 0.004999288574751318
-0.36220089328027694, -0.36054732804152345, -0.5902755725796547, 0.005401400300321641
-0.3620945135144513, -0.36064762642850046, -0.5902710257344989, 0.005757630304819224
-0.361982250256385, -0.3607543312168495, -0.5902668698511484, 0.006064953458526696
-0.36186512771256074, -0.36086660665393333, -0.5902632458302884, 0.006320760080187905
-0.3617442023165872, -0.3609835606408949, -0.5902602765395608, 0.006522878044339641
-0.3616205516689289, -0.361104250221881, -0.5902580626482726, 0.006669591174738603
-0.36149526367476914, -0.3612276878817412, -0.5902566792147202, 0.00675965377198419
-0.36136942603010647, -0.3613528486567854, -0.590256173141768, 0.006792301155732603
-0.36124411618841945, -0.3614786780415613, -0.5902565615868943, 0.006767256134920647
-0.3611203919199232, -0.36160410065169446, -0.5902578313805776, 0.006684731352950124
-0.36099928255326397, -0.3617280295792923, -0.590259939472724, 0.006545427488621954
-0.36088178096624435, -0.36184937635407755, -0.5902628143920149, 0.006350527327556589
-0.3607688363686421, -0.3619670614010895, -0.5902663586687277, 0.006101685752700629
-0.36066134789710536, -0.36208002486513013, -0.5902704521389365, 0.005801015736104384
-0.360560159020308, -0.36218723765405836, -0.5902749560181348, 0.005451070447256931
-0.360466052732629, -0.36228771253800696, -0.5902797176062257, 0.005054821625669254
-0.3603797474972553, -0.36238051513035596, -0.5902845754644227, 0.004615634396871763
-0.36030189388527745, -0.36246477456919424, -0.5902893648885906, 0.004137238741290582
-0.3602330718464333, -0.36253969371545114, -0.5902939234934721, 0.0036236978543252958
-0.3601737885399454, -0.36260455868602326, -0.5902980967184819, 0.003079373663090334
-0.36012447665048997, -0.36265874754715466, -0.5903017430683625, 0.002508889790417552
-0.3600854931147275, -0.36270173800492866, -0.5903047389109813, 0.0019170922795599908
-0.3600571181878721, -0.36273311394575924, -0.5903069826695428, 0.0013090084133045975
-0.3600395547871482, -0.36275257069982714, -0.5903083982670074, 0.0006898039786276394
-0.36003292805931697, -0.36275991892399095, -0.5903089377058726, 6.473934236855136e-05
-0.3600372851322293, -0.36275508702717363, -0.5903085826957953, -0.0005608752855524374
-0.3600525950249136, -0.36273812208983836, -0.5903073452738322, -0.0011817250172565035
-0.3600787487064556, -0.36270918925916396, -0.590305267396252, -0.0017925354922361976
-0.3601155593100889, -0.36266856963202, -0.590302419515775, -0.0023881177343835817
-0.3601627625247885, -0.3626166566680028, -0.5902988981925025, -0.0029634122754737284
-0.36022001720154584, -0.3625539512037821, -0.5902948228195994, -0.0035135321667206774
-0.3602869062246763, -0.3624810551669553, -0.5902903315748006, -0.004033804510369308
-0.360362937709396, -0.3623986641118663, -0.5902855767350764, -0.004519810156963856
-0.3604475465949313, -0.36230755872065923, -0.5902807195133707, -0.004967421230740884
-0.3605400967071909, -0.36220859542976047, -0.5902759245925228, -0.005372836165296079
-0.360639883366185, -0.36210269635450343, -0.590271354541722, -0.005732611954007127
-0.36074613661076094, -0.36199083869251547, -0.5902671643048043, -0.006043693344379627
-0.36085802510680864, -0.36187404378965937, -0.590263495947252, -0.006303438732232135
-0.3609746607949067, -0.3617533660506792, -0.5902604738399424, -0.006509642540161922
-0.36109510431974257, -0.36162988187055733, -0.5902582004428887, -0.006660553894756208
-0.3612183712668511, -0.361504678752141, -0.5902567528318533, -0.006754891448266365
-0.3613434392127951, -0.36137884476133797, -0.5902561800855334, -0.006791854222694241
-0.36146925557342824, -0.36125345845364687, -0.5902565016218476, -0.006771128387215458
-0.36159474621201904, -0.3611295793856425, -0.5902577065396954, -0.006692889913366702
-0.361718824745511, -0.36100823930296, -0.5902597539884901, -0.006557803086245465
-0.36184040246380966, -0.360890434073146, -0.5902625745529412, -0.006367014883917378
-0.3619583987545495, -0.3607771164081879, -0.5902660726061791, -0.006122145271102079
-0.3620717519049921, -0.36066918939839454, -0.5902701295514775, -0.005825273486821537
-0.3621794301344068, -0.36056750085739175, -0.5902746078427368, -0.005478920438839725
-0.36228044269502124, -0.360472838457907, -0.5902793556474852, -0.005086027350186921
-0.36237385086806384, -0.3603859256204438, -0.5902842119943519, -0.004649930834615207
-0.36245877867402043, -0.360307418102368, -0.590289012230545, -0.004174334608227179
-0.3625344231133104, -0.3602379012237631, -0.5902935936043275, -0.003663278073495533
-0.36260006375538056, -0.36017788765889813, -0.5902978007832204, -0.003121102039168972
-0.3626550715007947, -0.36012781571847685, -0.5903014911208199, -0.0025524118648556186
-0.3626989163521519, -0.3600880480479377, -0.5903045394936178, -0.0019620383420989877
-0.3627311740453705, -0.3600588706708566, -0.5903068425437747, -0.0013549966442317775
-0.3627515314126565, -0.360040492313638, -0.5903083221839288, -0.0007364436949402005
-0.3627597903718083, -0.360033043957822, -0.590308928245144, -0.00011163432005226774
-0.3627558704627989, -0.3600365785789299, -0.590308640178166, 0.0005141234416341302
-0.3627398098810395, -0.3600510710452127, -0.5903074677502623, 0.0011355134848127424
-0.3627117649866666, -0.36007641816537095, -0.5903054507140076, 0.0017472568534630155
-0.3626720082996656, -0.3601124388904382, -0.5903026574592473, 0.0023441566373689866
-0.36262092502087473, -0.3601588746909731, -0.590299182693981, 0.0029211421637501647
-0.36255900814798925, -0.3602153901456633, -0.5902951442328415, 0.0034733121049851942
-0.3624868522828525, -0.3602815737907833, -0.5902906790021216, 0.003995976133499483
-0.36240514625076403, -0.36035693929101886, -0.5902859383968646, 0.004484694768322009
-0.3623146646736649, -0.3604409270004312, -0.5902810831474928, 0.004935317074397226
-0.36221625865625806, -0.360532905987351, -0.5902762778700776, 0.005344015895231406
-0.36211084575700525, -0.36063217659843283, -0.5902716854850426, 0.005707320321598144
-0.36199939942419634, -0.3607379736347689, -0.5902674616935406, 0.00602214512354645
-0.3618829380808013, -0.360849470206823, -0.5902637496987634, 0.0062858168995590475
-0.3617625140405445, -0.3609657823250447, -0.5902606753511112, 0.006496096725111209
-0.3616392024318251, -0.3610859742696362, -0.5902583428817684, 0.006651199112800442
-0.3615140902959558, -0.3612090647663643, -0.5902568313692702, 0.006749807127387346
-0.3613882660122061, -0.36133403397607866, -0.5902561920587891, 0.00679108353125427
-0.3612628091848392, -0.36145983128424186, -0.590256446624982, 0.00677467786871648
-0.36113878110733544, -0.3615853838539965, -0.5902575864372481, 0.00670072943109005
-0.3610172158970557, -0.3617096058828023, -0.5902595728522941, 0.006569866078225902
-0.3608991123704708, -0.3618314084792732, -0.5902623385240949, 0.006383198926162379
-0.36078542670551195, -0.3619497100542852, -0.5902657896868638, 0.006142312944437545
-0.36067706591444315, -0.36206344709950644, -0.5902698093336841, 0.005849253540241355
-0.3605748821285819, -0.3621715852079562, -0.5902742611830908, 0.00550650923977519
-0.36047966767597184, -0.36227313017570806, -0.5902789942991856, 0.0051169906097096604
-0.3603921509153323, -0.3623671390119898, -0.5902838482087057, 0.004684005593260977
-0.36031299277478135, -0.3624527306772023, -0.5902886583416002, 0.004211231465897684
-0.3602427839323953, -0.3625290963651131, -0.5902932616106858, 0.0037026836447807162
-0.3601820425678919, -0.3625955091469357, -0.590297501941211, 0.0031626816134544956
-0.36013121261073633, -0.36265133280120554, -0.5903012355628291, 0.0025958122487610975
-0.3600906624098109, -0.3626960296642866, -0.5903043358845167, 0.0020068908601532606
-0.3600606837532887, -0.36272916735172633, -0.5903066977871025, 0.001400920272253248
-0.36004149117426343, -0.36275042422016557, -0.5903082411877942, 0.0007830482993717876
-0.3600332214876035, -0.3627595934625927, -0.5903089137557904, 0.00015852397552013251
-0.36003593351593655, -0.36275658575583547, -0.5903086926868444, -0.00046734708499810687
-0.36004960797700203, -0.3627414304074955, -0.5903075854765721, -0.0010892478132102413
-0.36007414752023614, -0.3627142749794037, -0.5903056296662719, -0.001701894909551639
-0.36010937691657174, -0.3626753833951195, -0.590302891569872, -0.002300083777711114
-0.36015504342142957, -0.3626251325692862, -0.590299464025208, -0.002878732782281852
-0.36021081734592786, -0.3625640076258392, -0.5902954632459129, -0.0034329264505822683
-0.3602762928848351, -0.3624925957994072, -0.5902910248807259, -0.0039579572488441595
-0.3603509892610275, -0.3624115791389143, -0.5902862994138921, -0.0044493655761558525
-0.3604343522547212, -0.36232172615378344, -0.5902814470626639, -0.004902977635900345
-0.36052575619101435, -0.36222388256066407, -0.5902766323449539, -0.005314940863712917
-0.36062450646098765, -0.36211896130181676, -0.5902720185013557, -0.005681756612938631
-0.3607298426495702, -0.36200793201489345, -0.5902677619606507, -0.006000309822921249
-0.3608409423375242, -0.36189181013772664, -0.5902640070364366, -0.006267895421913003
-0.36095692563527404, -0.3617716458308292, -0.5902608810346425, -0.006482241244672388
-0.36107686049316734, -0.36164851289480615, -0.5902584899377524, -0.006641527274633402
-0.36119976881640703, -0.36152349785006277, -0.5902569148119956, -0.006744401051614423
-0.3613246333938328, -0.36139768933246375, -0.5902562090592521, -0.006789989118135496
-0.36145040562851205, -0.3612721679415134, -0.590256396606784, -0.00677790441029132
-0.36157601403541295, -0.36114799665784725, -0.590257471096136, -0.006708249532563588
-0.3617003734479529, -0.3610262119249661, -0.5902593960986767, -0.006581615889743296
-0.361822394851787, -0.3609078154670987, -0.590262106350483, -0.006399078683073008
-0.3619409957415515, -0.36079376689151743, -0.59026550996473, -0.006162187811618625
-0.36205511087520037, -0.3606849771003975, -0.5902694915466189, -0.0058729547535446396
-0.362163703281844, -0.3605823025151589, -0.5902739161053019, -0.005533835535195334
-0.36226577536323346, -0.3604865400958217, -0.5902786336302336, -0.005147709928465311
-0.36236037991690384, -0.36039842311993997, -0.5902834841768574, -0.004717857048647212
-0.3624466309009191, -0.36031861767060347, -0.5902883032892429, -0.004247927555530155
-0.36252371375656467, -0.360247719771309, -0.5902929275758598, -0.0037419126897277485
-0.36259089510641684, -0.3601862530974317, -0.5902972002494462, -0.003204110403764913
-0.3626475316510792, -0.3601346671897716, -0.5903009764431287, -0.0026390888730634327
-0.36269307809843654, -0.3600933360951867, -0.590304128122511, -0.0020516476953488794
-0.36272709397434766, -0.36006255736257986, -0.5903065484271361, -0.0014467771078714663
-0.36274924918289286, -0.36004255132915675, -0.5903081552940549, -0.0008296155699200932
-0.3627593282071231, -0.3600334606415898, -0.5903088942405805, -0.00020540607316319216
-0.3627572328671629, -0.36003534996898645, -0.5903087402118227, 0.00042054844584481644
-0.3627429835806891, -0.3600482058787784, -0.5903076984303167, 0.0010429302082723268
-0.362716719100596, -0.36007193686219263, -0.5903058042189239, 0.0016564518231891685
-0.36267869473508296, -0.3601063735120812, -0.5903031218030094, 0.002255901256572244
-0.3626292790857365, -0.36015126887190707, -0.5902997421325397, 0.0028361861528458233
-0.36256894936847406, -0.3602062989898356, -0.5902957797979843, 0.003392377128724022
-0.36249828540972673, -0.36027106372551587, -0.5902913691446615, 0.003919749668698151
-0.3624179624351167, -0.36034508786855457, -0.5902866597173212, 0.004413824264456487
-0.3623287427895747, -0.3604278226364357, -0.5902818111894932, 0.004870404456647399
-0.36223146674563433, -0.3605186476251284, -0.5902769879495617, 0.005285612456470065
-0.36212704257021333, -0.36061687328765046, -0.5902723535271632, 0.005655922046342644
-0.3620164360291378, -0.360721744014063, -0.5902680650488812, 0.005978188483079153
-0.36190065951289596, -0.3608324418808325, -0.5902642679112043, 0.006249675153316498
-0.36178076096655465, -0.36094809112812465, -0.5902610908513178, 0.006468076759084535
-0.3616578128016118, -0.3610677634107242, -0.5902586415827994, 0.006631538841122398
-0.36153290095803226, -0.36119048385213426, -0.5902570031441183, 0.006738673478543246
-0.361407114271284, -0.36131523791255327, -0.5902562310836793, 0.006788571035482459
-0.3612815342823297, -0.36144097906033856, -0.5902563515767892, 0.006780807858192244
-0.3611572256089105, -0.36156663721395466, -0.5902573605383503, 0.006715449859448
-0.36103522697475665, -0.3616911278979744, -0.5902592237613369, 0.006593051960898762
-0.36091654297035736, -0.36181336203323633, -0.5902618780763725, 0.00641465339792925
-0.3608021365953751, -0.3619322562585152, -0.590265233493111, 0.0061817689255100824
-0.3606929226095147, -0.36204674365986134, -0.5902691762508728, 0.005896375997201508
-0.36058976169638246, -0.3621557847648158, -0.5902735726751653, 0.005560898022744664
-0.36049345542432576, -0.3622583786427104, -0.5902782737093978, 0.005178183842310968
-0.3604047419700661, -0.3623535739398446, -0.5902831199682169, 0.0047514835872589836
-0.36032429255563025, -0.3624404796699223, -0.5902879471411714, 0.00428442112792636
-0.3602527085371354, -0.3625182755762185, -0.5902925915635404, 0.003780963338302201
-0.3601905190756318, -0.36258622188264544, -0.59029689576545, 0.0032453864351097467
-0.36013817931566217, -0.3626436682564135, -0.5903007138111255, 0.002682239674594832
-0.3600960689964612, -0.3626900618151847, -0.5903039162472142, 0.0020963067138751804
-0.3600644914236847, -0.36272495402636495, -0.5903063944923537, 0.0014925649647735564
-0.36004367273598425, -0.3627480063650693, -0.5903080645190867, 0.0008761432863614886
-0.36003376141024035, -0.3627589946199068, -0.5903088697032327, 0.00025227837772990545
-0.36003482796135056, -0.3627578117613781, -0.5903087827440356, -0.0003737297554417349
-0.3600468648065812, -0.3627444693157633, -0.5903078065899544, -0.000996562878304668
-0.36006978627993813, -0.3627190972170202, -0.590305974338677, -0.0016109297609390484
-0.36010342879813373, -0.3626819421396641, -0.5903033481147566, -0.002211611180351766
-0.3601475511957577, -0.36263336434593985, -0.5903000169629442, -0.002793504303772034
-0.36020183526252114, -0.36257383311002367, -0.5902960938286949, -0.003351666072435204
-0.3602658865291928, -0.36250392080963834, -0.5902917117282842, -0.003881355214361695
-0.3603392353604782, -0.36242429580059743, -0.5902870192384498, -0.004378072527336297
-0.3604213384220306, -0.3623357142117096, -0.59028217545855, -0.004837599089186294
-0.3605115805945601, -0.3622390108156026, -0.5902773446160955, -0.005256032071317489
-0.36060927741026017, -0.3621350891449049, -0.5902726904985837, -0.0056298178530410446
-0.3607136780853242, -0.3620249110325451, -0.5902683709004408, -0.005955782158233888
-0.36082396921701243, -0.3619094857595012, -0.5902645322733244, -0.006231156962036704
-0.36093927920466673, -0.36178985899313265, -0.5902613047611315, -0.0064536039433166605
-0.3610586834414552, -0.3616671016944135, -0.5902587977879963, -0.00662123428822516
-0.36118121030770145, -0.3615422991631707, -0.5902570963487962, -0.006732624681092665
-0.361305847978004, -0.3614165403772748, -0.5902562581278714, -0.006786829350865972
-0.3614315520333802, -0.3612909077651014, -0.5902563115435836, -0.0067833880740704195
-0.36155725384717596, -0.36116646753115256, -0.5902572547849699, -0.00672233006864531
-0.3616818696900741, -0.361044260633158, -0.590259055873134, -0.006604173746748207
-0.36180431047603945, -0.3609252944860304, -0.5902616537452879, -0.00642992232855265
-0.3619234920482255, -0.36081053544453123, -0.5902649603247218, -0.0062010553529816955
-0.36203834588251027, -0.36070090209317185, -0.5902688635065644, -0.005919516155031827
-0.36214783006719686, -0.3605972593494995, -0.5902732309581636, -0.005587695412648854
-0.36225094040117156, -0.3605004133662304, -0.5902779146053055, -0.005208410898809286
-0.3623467214400977, -0.3604111071992999, -0.5902827556522294, -0.004784883606311625
-0.362434277311519, -0.36033001719337754, -0.5902875899652946, -0.0043207104435515195
-0.36251278211546667, -0.3602577500241725, -0.5902922536377971, -0.0038198337289837747
-0.36258148972753146, -0.36019484032822935, -0.5902965885472796, -0.0032865077397905822
-0.3626397428265089, -0.36014174884608163, -0.5903004477168964, -0.002725262596194998
-0.36268698097859386, -0.36009886100360267, -0.5903037002990252, -0.0021408657865929982
-0.36272274762451984, -0.36006648585911427, -0.5903062360121044, -0.0015382816599420206
-0.36274669583462693, -0.36004485534996145, -0.5903079688801958, -0.0009226292303633185
-0.362758592719193, -0.36003412378156185, -0.5903088401484222, -0.00029913865443909385
-0.3627583224068134, -0.360034367513849, -0.5903088202753695, 0.0003268932460105903
-0.3627458875315388, -0.3600455848140033, -0.590307909934857, 0.0009501480339835394
-0.36272140919902685, -0.3600676958597333, -0.5903061399930881, 0.0015653308931312827
-0.36268512543239617, -0.36010054289347493, -0.5903035704619547, 0.002167215660579203
-0.36263738812884705, -0.3601438905439375, -0.5903002884640117, 0.002750689269840117
-0.36257865858762306, -0.36019742634675644, -0.5902964052781592, 0.0033107952224544625
-0.3625095016977147, -0.3602607615099186, -0.590292052566264, 0.0038427757160470572
-0.36243057889903785, -0.3603334319814211, -0.5902873779087184, 0.004342112068941561
-0.3623426400530033, -0.3604148998857889, -0.5902825398003715, 0.0048045630971349776
-0.3622465143768172, -0.36050455540209825, -0.5902777022765424, 0.005226201118081646
-0.36214310061007227, -0.3606017191586961, -0.5902730293513611, 0.005603445277115948
-0.3620333565918544, -0.3607056452186147, -0.5902686794570089, 0.005933091916180612
-0.3619182884315113, -0.3608155247246785, -0.5902648000723884, 0.00621234173053705
-0.3617989394564044, -0.3609304902645081, -0.590261522723295, 0.006438823487028438
-0.3616763791154739, -0.36104962100325977, -0.5902589585235571, 0.006610614106960039
-0.36155169200855886, -0.3611719486162608, -0.5902571944082574, 0.006726254947484483
-0.36142596719851705, -0.3612964640352131, -0.5902562901866731, 0.006784764147272704
-0.36130028794683333, -0.361422125000849, -0.5902562765148018, 0.006785644934975253
-0.36117572199413406, -0.36154786439249464, -0.5902571538561626, 0.006728889832307858
-0.3610533124855989, -0.3616725992816482, -0.5902588924660835, 0.00661498071732084
-0.36093406961839114, -0.36179524063314306, -0.5902614334000075, 0.006444884747334253
-0.36081896306473804, -0.36191470355460553, -0.5902646905116531, 0.006220046174945549
-0.3607089152008929, -0.36202991797339046, -0.5902685533733306, 0.005942374124251339
-0.36060479514977084, -0.36213983960088525, -0.5902728910194602, 0.005614226427769153
-0.36050741362418504, -0.36224346102756244, -0.5902775563864363, 0.005238389657290734
-0.360417518539041, -0.3623398227791885, -0.5902823912983697, 0.004818055513820258
-0.36033579134509686, -0.3624280241555603, -0.5902872318297258, 0.004356793772610539
-0.3602628440243957, -0.36250723366852733, -0.5902919138630734, 0.003858522008848466
-0.3601992166786001, -0.3625766988960668, -0.5902962786535244, 0.0033274723574883156
-0.360145375636309, -0.36263575557396743, -0.5903001782111892, 0.002768155586802754
-0.36010171200416197, -0.36268383575620544, -0.5903034803191298, 0.002185322789129782
-0.3600685405889481, -0.3627204748891695, -0.5903060730166165, 0.0015839250137525294
-0.36004609912386, -0.36274531766319973, -0.5903078683956259, 0.0009690711855834814
-0.3600345477411092, -0.3627581225269736, -0.5903088055817906, 0.0003459846690803383
-0.3600339686448484, -0.36275876477553737, -0.590308852798672, -0.0002800411506270315
-0.36004436595218925, -0.36274723815052046, -0.5903080084453219, -0.0009036878882565311
-0.36006566568539977, -0.3627236549205489, -0.5903063011505713, -0.001519657393765097
-0.3600977159144294, -0.36268824444025083, -0.5903037888022074, -0.0021227168138197366
-0.3601402870650041, -0.36264135021665944, -0.5903005565839725, -0.0027077430921886303
-0.36019307242294984, -0.36258342554143475, -0.5902967140869902, -0.0032697665271481232
-0.3602556888794284, -0.36251502777529765, -0.5902923915936101, -0.0038040130127976893
-0.3603276779737513, -0.36243681139660266, -0.5902877356597367, -0.004305944603377778
-0.36040850729981133, -0.3623495199484412, -0.5902829041454852, -0.004771298055113669
-0.3604975723484476, -0.36225397703736584, -0.5902780608627055, -0.005196121018540445
-0.3605941988608702, -0.3621510765513958, -0.5902733700208845, -0.005576805575448444
-0.3606976457673644, -0.3620417722749546, -0.5902689906597509, -0.005910118838252141
-0.36080710878077626, -0.36192706708369204, -0.590265071257333, -0.006193230355442401
-0.360921724705776, -0.3618080019026627, -0.5902617446962475, -0.006423736094544685
-0.36104057651277477, -0.36168564460717556, -0.5902591237588339, -0.0065996788033899365
-0.36116269920993904, -0.3615610790370727, -0.590257297303804, -0.006719564581237175
-0.361287086528444, -0.3614353942825773, -0.5902563272539698, -0.00678237552310868
-0.3614126984154765, -0.36130967438373085, -0.590256246497121, -0.006787578333367814
-0.36153846930715505, -0.36118498856635517, -0.5902570577711699, -0.006735128837861533
-0.3616633171302426, -0.3610623821162101, -0.5902587335713401, -0.006625472357652114
-0.3617861529579811, -0.3609428679702048, -0.590261217082543, -0.006459539941276983
-0.3619058912224111, -0.3608274190800532, -0.5902644241053487, -0.00623874048640739
-0.36202146036392957, -0.36071696158034794, -0.5902682459103044, -0.005964948815531738
-0.3621318137793099, -0.36061236877046643, -0.5902725529238713, -0.005640489803670885
-0.3622359409126992, -0.36051445589873155, -0.5902771991210918, -0.005268118688929935
-0.36233287832083894, -0.3604239757184884, -0.590282026976109, -0.004850997728683421
-0.36242172053440447, -0.36034161476976445, -0.5902868728027516, -0.004392669395138124
-0.3625016305324098, -0.36026799032744783, -0.5902915723041555, -0.0038970263336646
-0.36257184964628486, -0.36020364794773696, -0.5902959661432723, -0.003368278335364369
-0.36263170671464906, -0.3601490595392056, -0.5902999053453906, -0.0028109166015616487
-0.36268062631899745, -0.3601046218832469, -0.5903032563494698, -0.0022296756019886516
-0.3627181359442466, -0.36007065553080453, -0.5903059055369653, -0.0016294928500855477
-0.3627438719260938, -0.36004740400798363, -0.5903077630845333, -0.001015466937783742
-0.36275758406896375, -0.3600350332719692, -0.5903087660099251, -0.00039281418812813775
-0.36275913884334154, -0.3600336313702489, -0.5903088803077383, 0.00023317570310664353
-0.36274852109888744, -0.36004320826982317, -0.5903081021025618, 0.0008571846562295928
-0.362725834259102, -0.36006369583831077, -0.590306457780395, 0.0014739114403979426
-0.3626912989936416, -0.36009494797488917, -0.5903040030938794, 0.002078116761566005
-0.36264525039483586, -0.36013674090510694, -0.5903008212716995, 0.0026646678182105006
-0.3625881337146577, -0.3601887736691346, -0.5902970201963024, 0.003228581942410152
-0.36252049874650827, -0.3602506688471273, -0.590292728745676, 0.00376506895239342
-0.36244299296194826, -0.3603219735775631, -0.5902880924232882, 0.004269571854620774
-0.3623563535351879, -0.3604021609340001, -0.5902832684244179, 0.004737805548662524
-0.3622613984071862, -0.3604906317322041, -0.5902784203062096, 0.005165793206348244
-0.362159016556061, -0.3605867168426977, -0.5902737124421955, 0.005549900017651325
-0.3620501576508912, -0.3606896800831445, -0.5902693044493279, 0.005886864019260018
-0.3619358212716194, -0.3607987217605553, -0.5902653457764501, 0.006173823747488805
-0.36181704587866625, -0.36091298292508966, -0.5902619706376655, 0.006408342484814107
-0.3616948977120247, -0.36103155038533785, -0.5902592934623205, 0.006588428898590427
-0.36157045979138824, -0.36115346251980085, -0.590257405015816, 0.006712553901143576
-0.3614448211765209, -0.361277715901163, -0.5902563693226933, 0.006779663592186606
-0.36131906663121227, -0.36140327272948536, -0.5902562214962642, 0.006789188177117774
-0.3611942668152649, -0.3615290690481966, -0.5902569665483121, 0.006741046788012448
-0.3610714691078347, -0.3616540236935236, -0.5902585792191998, 0.006635648167799903
-0.360951689142734, -0.36177704790444243, -0.5902610048341386, 0.0064738872120212124
-0.36083590311284597, -0.3618970554972005, -0.5902641611566047, 0.006257137396501339
-0.3607250408773568, -0.36201297348670747, -0.5902679411761096, 0.005987239153044186
-0.3606199798828682, -0.36212375301740074, -0.5902722167358618, 0.005666484288675187
-0.36052153988831337, -0.36222838044924355, -0.5902768428773937, 0.0052975965768051895
-0.36043047846465115, -0.3623258884309499, -0.5902816627549153, 0.004883708680749777
-0.3603474872240938, -0.3624153667829001, -0.5902865129528307, 0.00442833560107219
-0.3602731887206502, -0.36249597300690306, -0.5902912290261718, 0.003935344867972137
-0.3602081339542711, -0.3625669422392602, -0.5902956510761134, 0.0034089237281452072
-0.3601528004052429, -0.3626275964676833, -0.5902996291715319, 0.002853543601908801
-0.3601075905235551, -0.36267735284140923, -0.5903030284327545, 0.0022739221106409233
-0.3600728305998788, -0.36271573091728804, -0.5903057336050886, 0.001674982996421732
-0.3600487699502012, -0.36274235870231686, -0.5903076529670006, 0.0010618142749270472
-0.3600355803547862, -0.3627569773746274, -0.5903087214403723, 0.0004396249788402263
-0.3600333557035078, -0.36275944458976817, -0.5903089027973228, -0.00018629913790646903
-0.36004211181314927, -0.3627497363065242, -0.5903081908887172, -0.0008106405550694082
-0.3600617863974078, -0.3627279470958097, -0.5903066098526905, -0.001428095214049548
-0.36009223918632793, -0.36269428892645117, -0.590304213296106, -0.002033417630144841
-0.3601332522080012, -0.36264908845212696, -0.5903010824767186, -0.002621465501463234
-0.3601845302609834, -0.36259278285356156, -0.5902973235477241, -0.003187243431576687
-0.3602457016201016, -0.3625259143182852, -0.5902930639581708, -0.0037259453912701548
-0.3603163190306914, -0.36244912326626366, -0.5902884481313434, -0.00423299555644238
-0.360395861056073, -0.3623631404526362, -0.5902836325677085, -0.004704087174173999
-0.3604837338498754, -0.3622687780981184, -0.5902787805385165, -0.005135219126975449
-0.36057927342812124, -0.36216692021281804, -0.5902740565500038, -0.005522729886016636
-0.36068174851568646, -0.3620585122899245, -0.5902696207659087, -0.00586332856745039
-0.3607903640375836, -0.36194455055173136, -0.5902656235773975, -0.0061541228314882625
-0.36090426531757114, -0.3618260709316886, -0.5902622005044695, -0.00639264339138338
-0.3610225430350016, -0.36170413797270895, -0.590259467601662, -0.006576864928633376
-0.36114423897586234, -0.36157983381403924, -0.5902575175237593, -0.0067052232412640545
-0.3612683525960476, -0.3614542474269604, -0.5902564163848267, -0.006776628483728873
-0.3613938483945913, -0.3613284642439566, -0.5902562015170031, -0.0067904743895163145
-0.3615196640724567, -0.36120355630730816, -0.5902568802049877, -0.006746643400769524
-0.36164471942927456, -0.36108057304206964, -0.5902584294390991, -0.006645507662876812
-0.361767925926871, -0.360960532735782, -0.5902607966952713, -0.006487925875886435
-0.3618881968253307, -0.36084441478383567, -0.5902639017155648, -0.006275236028540798
-0.3620044577754513, -0.36073315273592477, -0.590267639228859, -0.006009244074518984
-0.3621156577315856, -0.36062762815630434, -0.5902718825195427, -0.005692208643927115
-0.3622207800316958, -0.36052866528930116, -0.5902764877232772, -0.005326821915974523
-0.3623188534775874, -0.3604370265023664, -0.590281298704246, -0.004916186810901514
-0.36240896323837324, -0.36035340846254826, -0.5902861523485874, -0.004463790690343928
-0.3624902613945571, -0.36027843898901013, -0.5902908840945861, -0.003973475785178782
-0.3625619769390862, -0.36021267451447114, -0.5902953335121323, -0.003449406598223679
-0.3626234250554412, -0.36015659808249, -0.5902993497422806, -0.002896034555680784
-0.36267401550130207, -0.3601106178053536, -0.5903027966124484, -0.0023180602056355783
-0.3627132599393966, -0.3600750657089147, -0.5903055572537751, -0.001720393283953999
-0.36274077807454064, -0.3600501968959191, -0.5903075380640281, -0.0011081109872914086
-0.3627563024771482, -0.3600361889677378, -0.5903086718816328, -0.0004864148093722938
-0.36275968199808506, -0.36003314165561295, -0.5903089202631376, 0.00013941369001040105
-0.3627508837069966, -0.3600410766259452, -0.5903082747868573, 0.0007640578038896978
-0.36272999331539324, -0.36005993743917697, -0.5903067573384596, 0.0013822108990901468
-0.36269721407602507, -0.36008958965778237, -0.5903044193688047, 0.0019886215506081453
-0.3626528641805665, -0.36012982111502634, -0.5903013401492211, 0.002578138201563506
-0.36259737270748316, -0.3601803423717821, -0.5902976240834091, 0.0031457529653251015
-0.36253127420038145, -0.36024078740309706, -0.590293397167173, 0.0036866441944241506
-0.3624552019832725, -0.3603107145686838, -0.5902888027160722, 0.004196217452320654
-0.3623698803424038, -0.3603896079315333, -0.5902839965059185, 0.004670144538809664
-0.3622761157238993, -0.36047687899584224, -0.590279141490934, 0.005104400237632551
-0.36217478711197115, -0.36057186893906434, -0.5902744022786902, 0.005495296475447478
-0.3620668357635244, -0.36067385141284125, -0.5902699395491753, 0.005839513604444127
-0.36195325448132676, -0.3607820359837063, -0.590265904607201, 0.006134128546277514
-0.3618350766095162, -0.36089557227680025, -0.590262434252825, 0.006376639562354864
-0.3617133649320874, -0.36101355487448394, -0.5902596461436487, 0.006564987444553903
-0.36158920064740463, -0.3611350290070393, -0.5902576348061754, 0.006697572950903173
-0.36146367258004486, -0.3612589970549326, -0.5902564684313896, 0.006773270342353919
-0.3613378667758901, -0.36138442586194974, -0.5902561865631404, 0.006791436909272207
-0.3612128566079116, -0.361510254836516, -0.5902567987576538, 0.006751918409450408
-0.3610896934992499, -0.3616354047953424, -0.5902582842595893, 0.006655050373065634
-0.3609693983476716, -0.36175878748000745, -0.5902605927056198, 0.0065016552638962844
-0.36085295371207093, -0.3618793156539005, -0.5902636458316904, 0.006293035520052507
-0.3607412967982202, -0.3619959136649795, -0.5902673401261184, 0.006030962531288453
-0.3606353132581257, -0.3621075283397316, -0.5902715503386334, 0.005717661643446912
-0.36053583179596904, -0.36221314005633787, -0.5902761337264552, 0.005355793313534791
-0.3604436195542793, -0.36231177383093205, -0.5902809348935103, 0.0049484305711208244
-0.36035937823732034, -0.3624025102405777, -0.5902857910587747, 0.004499032972951033
-0.3602837409152091, -0.3624844960006478, -0.5902905375751648, 0.004011417267639256
-0.36021726944223276, -0.3625569540128448, -0.5902950135118781, 0.003489725015743636
-0.36016045241661176, -0.3626191927035115, -0.5902990671109158, 0.002938387437202731
-0.3601137036064812, -0.3626706144799495, -0.5903025609327529, 0.002362087782692029
-0.36007736076821384, -0.3627107231452389, -0.590305376516649, 0.0017657215476832458
-0.36005168478809313, -0.3627391301291094, -0.590307418397525, 0.0011543548675675805
-0.36003685908654404, -0.3627555594134386, -0.5903086173431554, 0.0005331814488768292
-0.36003298923509686, -0.36275985105530006, -0.5903089327018516, -9.252159483005544e-05
-0.36004010274954057, -0.36275196323757586, -0.590308353780984, -0.0007174386236528252
-0.36005814903766065, -0.3627319728061874, -0.5903069002095781, -0.0013362606831436798
-0.3600869994958579, -0.36270007428319306, -0.5903046212726795, -0.001943730658638727
-0.3601264477651127, -0.3626565773754984, -0.5903015942400717, -0.002534687984096267
-0.3601762101724427, -0.3626019030288574, -0.5902979217460507, -0.0031041125215872396
-0.36023592639852475, -0.36253657810539963, -0.5902937283091463, -0.003647167235330303
-0.36030516042481264, -0.3624612287892668, -0.5902891561098638, -0.004159239295363883
-0.3603834018236781, -0.3623765728483729, -0.5902843601696541, -0.004635979260430694
-0.3604700674623704, -0.36228341090020666, -0.5902795030946384, -0.0050733380072078395
-0.3605645036954481, -0.3621826168454285, -0.5902747495623359, -0.005467601093403401
-0.36066598912058423, -0.3620751276444145, -0.590270260738346, -0.0058154202651904685
-0.3607737379690501, -0.3619619326186081, -0.5902661888122784, -0.0061138418446803604
-0.36088690419482194, -0.36184406246049405, -0.5902626718381654, -0.0063603317603580685
-0.3610045863151744, -0.3617225781332405, -0.5902598290542412, -0.006552797012331256
-0.361125833041152, -0.36159855983375855, -0.590257756840706, -0.006689603394599992
-0.36124964971881557, -0.3614730961815097, -0.5902565254524629, -0.006769589328076157
-0.3613750055821582, -0.3613472737802327, -0.5902561766375313, -0.006792075690521443
-0.3615008417966964, -0.361222167281525, -0.5902567222218426, -0.006756871562700699
-0.3616260802496394, -0.3610988300584954, -0.5902581437083565, -0.006664275843648256
-0.36174963301899354, -0.3609782855752943, -0.590260392904084, -0.00651507472181673
-0.36187041243075513, -0.3608615195149767, -0.5902633935537763, -0.006310535022824048
-0.36198734159120727, -0.360749472704621, -0.5902670439249237, -0.006052393488343311
-0.3620993652611496, -0.36064303485374616, -0.5902712202564767, -0.005742842074194877
-0.36220546092124273, -0.36054303910053676, -0.59027578095443, -0.005384509388694579
-0.3623046498632887, -0.3604502573408831, -0.5902805713920835, -0.004980438424570253
-0.36239600813170925, -0.36036539629837283, -0.5902854291522872, -0.004534060769044839
-0.36247867713317816, -0.36028909427962974, -0.5902901895339852, -0.004049167506748564
-0.3625518737306094, -0.36022191854910546, -0.5902946911363706, -0.0035298770586986083
-0.3626148996407058, -0.3601643632508875, -0.5902987813313312, -0.0029806002273917056
-0.3626671499620413, -0.3601168478023665, -0.5903023214386091, -0.002406002742807437
-0.36270812067304725, -0.3600797156856469, -0.5903051914281744, -0.0018109656265286377
-0.3627374149560373, -0.3600532335672336, -0.5903072939903076, -0.001200543710971501
-0.36275474822414355, -0.3600375906844757, -0.5903085578353378, -0.0005799226676167257
-0.3627599517521658, -0.3600328984480401, -0.5903089401110905, 4.562508809095393e-05
-0.36275297483924085, -0.3600391902228135, -0.590308427856031, 0.0006707852370565939
-0.36273388546015706, -0.3600564212644619, -0.5903070384387996, 0.0012902467569760906
-0.3627028693922876, -0.3600844688047379, -0.5903048189692279, 0.001898747094440905
-0.36266022783560103, -0.3601231322947924, -0.5903018447008185, 0.00249111692050871
-0.36260637357323977, -0.3601721338315047, -0.5902982164788872, 0.0030623240854476576
-0.362541825748816, -0.3602311188064653, -0.590294057320946, 0.003607516395845278
-0.36246720336313454, -0.3602996568300708, -0.5902895082453303, 0.004122062848219503
-0.36238321761671566, -0.3603772429935955, -0.5902847234895696, 0.0046015929675132525
-0.36229066324468073, -0.36046329953960066, -0.5902798652806769, 0.005042033916189777
-0.36219040900672017, -0.36055717801517384, -0.5902750983347188, 0.005439645059830505
-0.3620833875065951, -0.3606581619830037, -0.5902705842721756, 0.005791049697905322
-0.3619705845227028, -0.36076547036200624, -0.5902664761384367, 0.006093263693454661
-0.36185302803354336, -0.36087826146212276, -0.5902629132151882, 0.0063437207625056755
-0.3617317771194831, -0.3609956377671093, -0.5902600162985624, 0.006540294212854212
-0.36160791091528144, -0.36111665150489547, -0.5902578836040817, 0.00668131495210318
-0.3614825177766816, -0.36124031102782206, -0.5902565874371727, 0.006765585616290878
-0.36135668480950645, -0.36136558800522156, -0.5902561717420679, 0.0067923907028220425
-0.3612314878916344, -0.36149142540903045, -0.5902566506121488, 0.006761502624498651
-0.3611079822977088, -0.36161674625010065, -0.5902580078122001, 0.0066731836350200505
-0.36098719401410073, -0.36174046299932505, -0.5902601973287607, 0.006528183610180153
-0.36087011180833994, -0.36186148760443393, -0.5902631449299255, 0.006327733702937085
-0.3607576800936987, -0.36197874199109403, -0.5902667506817544, 0.006073535924374881
-0.3606507926066336, -0.36209116891655024, -0.5902708923360139, 0.005767748736122031
-0.3605502868931544, -0.36219774302622443, -0.5902754294744705, 0.0054129687728328695
-0.36045693958049896, -0.36229748194903555, -0.5902802082692793, 0.005012208845658756
-0.3603714623934128, -0.3623894572563493, -0.5902850666981354, 0.004568872409003298
-0.3602944988603414, -0.36247280510283875, -0.5902898400374156, 0.004086724703021153
-0.36022662164427666, -0.3625467363654089, -0.5902943664470854, 0.003569860813016399
-0.3601683304262, -0.3626105460990251, -0.5902984924580239, 0.003022670913845926
-0.36012005026601324, -0.3626636221356525, -0.5903020781756881, 0.0024498029923496604
-0.3600821303666435, -0.3627054526645972, -0.5903050020236483, 0.001856123363423492
-0.36005484317140013, -0.36273563264899433, -0.5903071648661025, 0.0012466753153422703
-0.360038383732345, -0.36275386895362816, -0.5903084933695305, 0.0006266362370644581
-0.36003286929806244, -0.36275998408317234, -0.590308942489444, 1.273594266948905e-06
-0.3600383390821855, -0.36275391845667715, -0.5903084969978754, -0.0006240998684354674
-0.36005475418873434, -0.36273573117289404, -0.5903071719997672, -0.001244171314398197
-0.36008199768616544, -0.36270559925113977, -0.5903050124207524, -0.0018536730026460003
-0.3601198748381733, -0.3626638153628796, -0.5903020914837005, -0.0024474270880191374
-0.3601681135151147, -0.3626107840993057, -0.5902985082257162, -0.0030203896490566236
-0.36022636482464676, -0.36254701684898216, -0.5902943841398323, -0.0035676935661256523
-0.36029420401315404, -0.36247312538636445, -0.5902898590553237, -0.0040846898829980235
-0.360371131700146, -0.36238981429590633, -0.5902850863963847, -0.004566987299078905
-0.36045657551553867, -0.3622978723769479, -0.5902802279799868, -0.0050104894566045995
-0.36054989221411726, -0.3621981631910285, -0.5902754485293347, -0.005411429707106793
-0.36065037034228997, -0.3620916149253701, -0.5902709100889728, -0.005766403064024829
-0.36075723352922084, -0.36197920975369446, -0.5902667665308888, -0.006072395073254605
-0.3608696444676227, -0.3618619728781929, -0.5902631583378675, -0.006326807360364871
-0.3609867096389603, -0.3617409614343986, -0.5902602078409079, -0.006527479641901653
-0.3611074848238284, -0.36161725343409123, -0.5902580150721298, -0.006672708018361126
-0.36123098142119714, -0.3614919369105156, -0.5902566543736989, -0.006761259397774143
-0.3613561735805406, -0.3613660994155654, -0.5902561718776815, -0.006792381931163663
-0.36148200612924253, -0.3612408180007829, -0.5902565839422238, -0.006765811374174521
-0.3616074032546742, -0.36111714979360765, -0.5902578765970303, -0.00668177332271887
-0.3617312778768417, -0.36099612325813457, -0.5902600060169391, -0.00654098130432375
-0.36185254162416636, -0.36087873020634575, -0.590262900007543, -0.006344630740815152
-0.36197011530263534, -0.36076591860224894, -0.5902664604525223, -0.00609438883183171
-0.36208293972802386, -0.3606585861783279, -0.590270566639769, -0.005792380442235297
-0.36218998677282277, -0.3605575748619211, -0.5902750793535932, -0.005441170109572376
-0.3622902704646125, -0.36046366598929747, -0.5902798455943365, -0.005043740320122637
-0.3623828579614654, -0.36037757626791844, -0.5902847037654314, -0.0046034662335187534
-0.3624668802229968, -0.36029995443311313, -0.5902894891520978, -0.0041240870661849805
-0.3625415421932163, -0.3602313785345833, -0.5902940395059348, -0.0036096743726586936
-0.3626061323136518, -0.36017235378104395, -0.5902982005460777, -0.0030645974909490874
-0.3626600311922389, -0.36012331086800886, -0.5903018311903766, -0.002493486443165592
-0.3627027192652026, -0.360084604714198, -0.5903048083391882, -0.001901192605426711
-0.36273378330530504, -0.36005651353620505, -0.5903070310495332, -0.0012927474812556513
-0.3627529216499783, -0.360039238198508, -0.5903084239580265, -0.0006733199300168198
-0.3627599480465509, -0.3600329017863272, -0.5903089398364592, -4.817221620433287e-05
-0.3627547940382846, -0.36003754936162413, -0.5903085611933339, 0.0005773847436460828
-0.3627375098436293, -0.36005314787718534, -0.590307300867014, 0.0011980365521526656
-0.36270826371110165, -0.36007958623945313, -0.5903052015903664, 0.0018085105322016037
-0.3626673397626976, -0.36011667552695636, -0.5903023345416628, 0.002403620569509458
-0.3626151343688844, -0.36016414938704155, -0.5902987969309091, 0.002978311211526788
-0.36255215112716377, -0.3602216646484596, -0.5902947087034903, 0.0035277006445293335
-0.36247899454308485, -0.36028880220047166, -0.5902902084729544, 0.00404712218118006
-0.362396362536759, -0.3603650681999717, -0.590285448820905, 0.004532163904607988
-0.362305037918647, -0.3604498956760508, -0.5902805911234129, 0.004978706131936713
-0.36220587899520595, -0.3605426466061148, -0.5902758000794127, 0.005382956379970155
-0.36209980947736864, -0.36064261453872015, -0.5902712381266145, 0.0057414815381415865
-0.3619878078726405, -0.3607490278355785, -0.5902670599342674, 0.006051236978575479
-0.3618708965445979, -0.3608610535986533, -0.5902634071594675, 0.006309592359911129
-0.36175013062185357, -0.36097780233801113, -0.590260403644759, 0.006514353910105859
-0.3616265869322641, -0.3610983334223521, -0.5902581512197869, 0.006663783003494683
-0.36150135312760767, -0.3612216613372772, -0.5902567262492815, 0.0067566108786650736
-0.36137551714961214, -0.3613467627568837, -0.5902561770443502, 0.006792049375959646
-0.3612501571705877, -0.3614725844127207, -0.5902565222247826, 0.006769797606412417
-0.3611263321217314, -0.36159805172128523, -0.5902577500878684, 0.006690044497436628
-0.36100507290003925, -0.3617220781076951, -0.5902598190051002, 0.006553467194410586
-0.36088737432157847, -0.36184357493983366, -0.5902626588333307, 0.006361225331253831
-0.36077418786529447, -0.36196146196482903, -0.5902661732925691, 0.006114951216958822
-0.36066641522845244, -0.36207467811901717, -0.5902702432298467, 0.005816736018645321
-0.3605649026928939, -0.3621821925642794, -0.5902747306585605, 0.005469112054835262
-0.3604704362813018, -0.3622830157884953, -0.5902794834364102, 0.005075031345088775
-0.360383737665134, -0.3623762105963766, -0.59028434042338, 0.004637840593668153
-0.3603054607714189, -0.36246090280967136, -0.590289136944939, 0.004161252815257874
-0.3602361890245125, -0.36253629149292743, -0.590293710375259, 0.0036493158397029233
-0.36017643315152437, -0.36260165852292936, -0.5902979056511537, 0.003106377959957061
-0.3601266294765251, -0.3626563773266195, -0.5903015805297688, 0.0025370510126717415
-0.360087138628867, -0.36269992062370227, -0.5903046104117234, 0.001946171203816458
-0.3600582445948073, -0.3627318670259325, -0.5903068925661122, 0.0013387580121200899
-0.360040154048866, -0.362751906364994, -0.5903083496140583, 0.0007199715206922863
-0.36003299591153815, -0.36275984364427083, -0.5903089321526378, 9.506854168029448e-05
-0.36003682109263846, -0.3627556015361758, -0.5903086204301599, -0.0005306420899699375
-0.3600516023940693, -0.3627392213752343, -0.5903074250159615, -0.0011518446698180896
-0.3600772345614738, -0.3627108626270479, -0.5903053864419922, -0.0017632618362779663
-0.3601135344904206, -0.36267080084377823, -0.5903025738283515, -0.0023596994534347904
-0.36016024160865945, -0.3626194241469616, -0.5902990825394081, -0.0029360907788467208
-0.3602170184709347, -0.3625572283075402, -0.5902950309500242, -0.003487539537534107
-0.3602834516161245, -0.36248481052006776, -0.5902905564315887, -0.004009361533540558
-0.36035905274746916, -0.3624028619924282, -0.5902858106940156, -0.00449712444397018
-0.3604432603048435, -0.36231215949344064, -0.5902809546417047, -0.004946685457066282
-0.36053544150295047, -0.3622135560177986, -0.5902761529179141, -0.005354226435463501
-0.3606348949106455, -0.36210797074056855, -0.5902715683225476, -0.005716286307957748
-0.3607408536441853, -0.36199637844159793, -0.5902673562926232, -0.0060297904177153885
-0.3608524892409418, -0.3618797985835642, -0.590263659632541, -0.006292076581498869
-0.3609689162701407, -0.36175928422602377, -0.5902606036727777, -0.006500917642932223
-0.36108919772368064, -0.36163591095184766, -0.5902582920210894, -0.006654540332786585
-0.3612123512134635, -0.3615107659722121, -0.5902568030502136, -0.006751640280465085
-0.3613373559823556, -0.3613849375622069, -0.5902561872410856, -0.00679139305305608
-0.3614631607144875, -0.36125950496175274, -0.5902564654715916, -0.006773461131268989
-0.361588692107809, -0.36113552885645495, -0.5902576283088351, -0.006697996765047618
-0.3617128641483127, -0.3610140425310644, -0.5902596363289004, -0.006565640685467551
-0.36183458800193635, -0.3608960437650297, -0.5902624214532746, -0.0063775166834680605
-0.3619527824176414, -0.36078248751609177, -0.5902658892566497, -0.006135222099853828
-0.36206638451429274, -0.3606742794147101, -0.5902699221679142, -0.005840814304631097
-0.3621743608054997, -0.3605722700700852, -0.5902743834558616, -0.005496793276916014
-0.3622757183011631, -0.36047725016838816, -0.5902791218645588, -0.005106080429155018
-0.36236951551272745, -0.36038994632607335, -0.5902839767412652, -0.004671993851000388
-0.3624548731815094, -0.36031101764643303, -0.5902887834831014, -0.004198220178641323
-0.3625309845463429, -0.36024105291620634, -0.5902933791178222, -0.0036887833244416903
-0.36259712496834884, -0.36018056837136336, -0.590297607829488, -0.003148010329102078
-0.36265266073696856, -0.3601300059573218, -0.5903013262416664, -0.0025804946239624395
-0.36269705689245335, -0.36008973200877603, -0.5903044082790004, -0.001991057014201521
-0.36272988391548344, -0.36006003627792427, -0.5903067494422506, -0.0013847047142903119
-0.36275082315419127, -0.3600411312468659, -0.5903082703518053, -0.0007665887848459926
-0.3627596708820444, -0.3600331516699431, -0.5903089194394473, -0.00014196033476783642
-0.3627563409061878, -0.36003615430428515, -0.5903086746970599, 0.0004838741359982982
-0.362740865674237, -0.36005011780119656, -0.5903075444229371, 0.0011055978696952295
-0.36271339585739415, -0.36007494274666707, -0.5903055669403817, 0.0017179290721565372
-0.3626741984182289, -0.36011045185543256, -0.5903028092981386, 0.0023156658337150915
-0.3626236532017094, -0.3601563903389584, -0.5902993649967526, 0.0028937303637765824
-0.3625622481172456, -0.3602124264827612, -0.5902953508179881, 0.0034472121596379615
-0.3624905730067689, -0.36027815248192196, -0.5902909028648771, 0.003971409740054605
-0.3624093123184614, -0.3603530855948105, -0.5902861719467152, 0.004461870587336664
-0.362319236727065, -0.360436669683482, -0.5902813184655471, 0.004914428958188272
-0.36222119385909035, -0.36052827721436764, -0.5902765069775607, 0.005325241242861448
-0.362116098294339, -0.36062721179449797, -0.5902719006138106, 0.005690818574220011
-0.3620049210236632, -0.36073271131637297, -0.5902676555494474, 0.006008056412718851
-0.3618886785465887, -0.36084395177861306, -0.5902639157089469, 0.006274260859814047
-0.36176842179143376, -0.3609600518398224, -0.5902608078868231, 0.006487171480641277
-0.3616452250349117, -0.36108007814985, -0.59025843744919, 0.006644980446652816
-0.3615201749882849, -0.361203051486225, -0.5902568847618499, 0.0067463478400188485
-0.36139436020331694, -0.3613279537044014, -0.5902562024659429, 0.006790412993722472
-0.3612688609341064, -0.36145373548919524, -0.5902564136934699, 0.006776801774174049
-0.36114473957102544, -0.3615793248720628, -0.5902575112831489, 0.006705629746618817
-0.3610230317411042, -0.3617036364553955, -0.5902594580231704, 0.006577501197405081
-0.3609047381461308, -0.3618255812615878, -0.5902621879126344, 0.006393504021121133
-0.36079081718615746, -0.3619440771019967, -0.5902656083989203, 0.006155200514505026
-0.3606821783929133, -0.36205805933992274, -0.5902696035151881, 0.005864614152686691
-0.3605796766754856, -0.36216649190304195, -0.5902740378116986, 0.005524212456536239
-0.36048410736030245, -0.3622683783850822, -0.590278760947724, 0.005136886092452658
-0.3603962019895315, -0.3623627730644723, -0.5902836127884324, 0.004705924377605748
-0.3603166248270415, -0.3624487916597654, -0.5902884288339818, 0.004234987394196174
-0.36024597000945946, -0.36252562163814306, -0.5902930457967871, 0.0037280749454640418
-0.36018475927189375, -0.36259253189452356, -0.5902973071378679, 0.0031894926136789756
-0.36013344017373894, -0.3626488816247885, -0.5903010683745563, 0.0026238152059001943
-0.3600923847496116, -0.36269412822731295, -0.5903042019795613, 0.0020358478966149467
-0.36006188851381915, -0.3627278340821871, -0.5903066017052386, 0.0014305853971633398
-0.36004216975349457, -0.36274967207678843, -0.5903081861863805, 0.000813169499867262
-0.3600333690553297, -0.3627594297693215, -0.5903089016993117, 0.0001888453597519046
-0.3600355490231619, -0.3627570121078767, -0.5903087239836861, -0.00043708311153464464
-0.36004869415792273, -0.36274244265081945, -0.5903076590651716, -0.00105929835671082
-0.36007271088703086, -0.36271586326410066, -0.5903057430511168, -0.001672514401135857
-0.3601074277464348, -0.3626775323015454, -0.5903030409061243, -0.0022715218096441003
-0.3601525957345294, -0.36262782130448923, -0.5902996442490827, -0.002851231985760963
-0.36020788887226285, -0.3625672102863662, -0.5902956682463885, -0.0034067204332767108
-0.360272905017356, -0.3624962816953312, -0.5902912477067611, -0.003933268609820604
-0.3603471669919135, -0.362415713172795, -0.5902865325101191, -0.004426404015109339
-0.3604301240913568, -0.3623262692473296, -0.5902816825255662, -0.004881938172748558
-0.36052115404803364, -0.36222879212110226, -0.5902768621908409, -0.0052960021836138205
-0.36061956552475627, -0.3621241917194433, -0.5902722349370438, -0.005665079550670906
-0.36072460121166805, -0.36201343518298, -0.5902679576476793, -0.0059860359993364285
-0.36083544159415537, -0.3618975359858655, -0.5902641753398583, -0.006256146043842621
-0.3609512094500872, -0.3617775428629618, -0.5902610162479573, -0.006473116078266288
-0.36107097512167385, -0.3616545287235443, -0.5902585874763597, -0.006635103800629745
-0.3611937625910544, -0.3615295797194854, -0.5902569713686104, -0.006740733809511119
-0.36131855636975985, -0.3614037846223096, -0.5902562227160189, -0.0067891092446582865
-0.36144430919108694, -0.3612782246466044, -0.5902563669002909, -0.006779819375946709
-0.361569950471767, -0.3611539638375615, -0.5902573990331231, -0.006712943078435752
-0.3616943954858759, -0.36103204011869616, -0.5902592841219081, -0.0065890481650526436
-0.36181655517047395, -0.3609134570727549, -0.5902619582559414, -0.006409186582369521
-0.36193534645974346, -0.36079917650527316, -0.5902653307729345, -0.006174885508845255
-0.3620497030232529, -0.3606901118169865, -0.5902692873324297, -0.00588813442858378
-0.362158586265089, -0.36058712218906974, -0.5902736937919788, -0.005551368286915464
-0.36226099642468323, -0.3604910075646671, -0.5902784007547263, -0.005167446866724947
-0.3623559836078547, -0.3604025043920953, -0.590283248634281, -0.004739630556201671
-0.3624426585682904, -0.36032228207985384, -0.5902880730652061, -0.004271552709334946
-0.3625202030558825, -0.36025094010173775, -0.5902927104757124, -0.003767188829753711
-0.3625878795491897, -0.36018900568207946, -0.5902970036336309, -0.0032308228361483515
-0.3626450401949163, -0.36013693198671815, -0.5903008069776096, -0.0026670106932230853
-0.3626911347876439, -0.3600950967446407, -0.5903039915527447, -0.0020805417156247296
-0.36272571763790884, -0.3600638012283237, -0.5903064493832482, -0.001476397873291687
-0.362748453195721, -0.3600432695272978, -0.5903080971338331, -0.000859711444894384
-0.3627591203192987, -0.3600336480590367, -0.5903088789356131, -0.00023572138124492974
-0.3627576151045342, -0.3600350052734187, -0.5903087682806389, 0.000390271247479179
-0.3627439522188418, -0.3600473315211665, -0.5903077689208039, 0.0010129483383030406
-0.3627182647126952, -0.3600705390721356, -0.5903059147406148, 0.0016270199884191648
-0.36268080231263977, -0.36010446228545945, -0.5903032686081432, 0.0022272694857799332
-0.36263192822988766, -0.36014885794958107, -0.5902999202431488, 0.002808597670823217
-0.36257211454798277, -0.3602034058254181, -0.5902959831746968, 0.003366066288722919
-0.3625019362806281, -0.36026770943962383, -0.5902915908914863, 0.0038949399609645636
-0.362422064215807, -0.36034129718646524, -0.590286892315477, 0.004390726417831436
-0.36233325668416805, -0.360423623805707, -0.5902820467523455, 0.004849214649361406
-0.3622363504076489, -0.36051407230956345, -0.5902772184900259, 0.005266510651270633
-0.3621322505980925, -0.3606119564339654, -0.5902725712285019, 0.005639070463981941
-0.3620219204847892, -0.3607165236878037, -0.5902682625297189, 0.005963730226966513
-0.3619063704543368, -0.3608269590684311, -0.5902644384757737, 0.006237732996821245
-0.3617866469858876, -0.3609423895025321, -0.5902612287164549, 0.006458752105573235
-0.3616638215599013, -0.36106188905874825, -0.590258742073996, 0.006624910865343624
-0.3615389797092188, -0.36118448496247124, -0.5902570628539855, 0.006734798456445899
-0.3614132103679999, -0.36130916442446537, -0.5902562479874567, 0.006787481867981972
-0.36128759565736535, -0.36143488227398823, -0.5902563251009808, 0.006782513792794278
-0.36116320122708634, -0.36156056936453307, -0.5902572915801653, 0.006719936412011116
-0.3610410672510468, -0.36168514169690136, -0.5902591146582759, 0.006600281038176939
-0.3609222001512338, -0.3618075101808328, -0.5902617325269884, 0.006424563619890487
-0.3608075651014955, -0.36192659093362467, -0.5902650564316316, 0.006194276144788521
-0.3606980793389727, -0.3620413159928748, -0.5902689736799301, 0.0059113740114169295
-0.36059460628879636, -0.36215064430141297, -0.5902733514623021, 0.005578259473824627
-0.36049795048698097, -0.3622535728063264, -0.5902780413542497, 0.005197761295388197
-0.36040885326813643, -0.36234914750137226, -0.5902828843482518, 0.004773110780200843
-0.36032798916919273, -0.36243647423349257, -0.5902877162446166, 0.0043079143810963345
-0.360255962988165, -0.3625147290899553, -0.5902923732185426, 0.003806123112769211
-0.36019330742850086, -0.36258316818317216, -0.5902966973746544, 0.0032719990262217525
-0.36014048125478615, -0.3626411366554918, -0.5903005421006748, 0.002710079026634098
-0.36009786788468945, -0.3626880767362808, -0.5903037770386785, 0.0021251363404266193
-0.3600657743448106, -0.36272353469811347, -0.590306292505326, 0.00152213995847863
-0.36004443052435575, -0.36274716657761275, -0.5903080032111452, 0.0009062124009113975
-0.36003398866993497, -0.3627587425489014, -0.5903088511526918, 0.00028258616428416123
-0.3600345230767378, -0.3627581498631689, -0.5903088075794704, -0.0003434407757319072
-0.36004602994537904, -0.3627453942958191, -0.5903078739688837, -0.0009665500243260012
-0.36006842738909794, -0.36272060007226004, -0.590306081976134, -0.0015814480030208933
-0.360101555592103, -0.36268400827382796, -0.5903034923607723, -0.0021829109718544946
-0.36014517713590977, -0.36263597375570333, -0.5903001929263189, -0.002765829451478795
-0.3601989775258273, -0.3625769606381608, -0.5902962955428566, -0.003325251664003906
-0.36026256596358874, -0.3625075364602539, -0.5902919323536079, -0.003856425620563545
-0.3603354764238794, -0.36242836511030274, -0.5902872512941746, -0.004354839496116991
-0.3604171691015765, -0.36234019866962897, -0.590282411076428, -0.004816259947745706
-0.3605070323024757, -0.3622438683243294, -0.5902775758071707, -0.0052367680514257085
-0.36060438485269275, -0.3621402745139396, -0.5902729094240554, -0.005612792553705172
-0.3607084791006774, -0.36203037649542347, -0.5902685701374264, -0.0059411401586153085
-0.360818504580633, -0.3619151815056878, -0.5902647050665125, -0.006219022596206216
-0.36093359239727885, -0.36179573370589346, -0.5902614452517972, -0.006444080247038967
-0.36105282037941233, -0.36167310308620604, -0.5902589012126146, -0.0066144021264981975
-0.36117521903398064, -0.3615483745006396, -0.5902571592005255, -0.006728542063643656
-0.3612997783138028, -0.3614226369886472, -0.5902562782754316, -0.006785530941237863
-0.3614254551912659, -0.36129697352367207, -0.5902562883035037, -0.0067848848963289795
-0.36155118200782543, -0.3611724513095318, -0.5902571889447583, -0.006726609414111221
-0.36167587554580083, -0.36105011272403964, -0.5902589496645811, -0.006611199281517901
-0.3617984467454245, -0.3609309669863704, -0.5902615107688117, -0.006439634400927364
-0.3619178109672555, -0.36081598260117154, -0.590264785427318, -0.0062133714982844
-0.36203289867860045, -0.36070608060904685, -0.5902686626174919, -0.00593433179366676
-0.36214266642335824, -0.360602128650626, -0.5902730108879407, -0.005604884735657518
-0.3622461079182814, -0.3605049358306298, -0.5902776828148221, -0.005227827933611149
-0.3623422651057575, -0.3604152483498241, -0.5902825199998042, -0.004806363453797835
-0.362430238984323, -0.3603337458571052, -0.59028735844025, -0.0043440706762384535
-0.3625092000335799, -0.3602610384615338, -0.5902920340895846, -0.0038448759385430096
-0.36257839805036995, -0.36019766433536216, -0.5902963884193355, -0.0033130192209658857
-0.36263717121794536, -0.3601440878340614, -0.5903002737942586, -0.0027530181529096314
-0.3626849542395325, -0.3601006980581579, -0.590303558478267, -0.002169629644955945
-0.3627212853818792, -0.3600678077842141, -0.5903061311013875, -0.001567809471892606
-0.3627458122927878, -0.36004565269830113, -0.5903079044362279, -0.0009526701508643097
-0.3627582964787994, -0.3600343908744458, -0.5903088183558484, -0.0003294374744487893
-0.36275861635453, -0.36003410245235345, -0.5903088418726897, 0.0002965939290755993
-0.362746768802955, -0.36004478948257135, -0.5903079741893827, 0.0009201056269335754
-0.3627228692154634, -0.36006637592260327, -0.5903062447257886, 0.0015358006176525182
-0.36268715001086826, -0.3600987077835478, -0.5903037121213492, 0.0021384483826621587
-0.3626399576629905, -0.36014155344292387, -0.5903004622466004, 0.0027229293666275337
-0.36258174829599354, -0.36019460415473703, -0.5902966052913087, 0.0032842785047985552
-0.3625130819345722, -0.3602574748018079, -0.590292272028019, 0.003817727424547806
-0.36243461552156697, -0.36032970494732164, -0.5902876093777651, 0.004318744960559131
-0.3623470948379284, -0.3604107602518386, -0.5902827754283484, 0.004783075638640065
-0.36225134547857774, -0.3605000343282112, -0.5902779340741466, 0.005206775801639218
-0.3621482630521331, -0.360596851109547, -0.5902732494592229, 0.005586247072203598
-0.36203880278236444, -0.36070046780436926, -0.5902688804121533, 0.005918266870835624
-0.3619239686944006, -0.3608100785082984, -0.590264975061248, 0.006200015733621019
-0.36180480256910974, -0.360924818532979, -0.5902616658127007, 0.006429101201807944
-0.3616823728447962, -0.3610437695007511, -0.5902590648618767, 0.006603578084840907
-0.3615577636366927, -0.36116596523807276, -0.5902572603898634, 0.006721964929217319
-0.3614320640319981, -0.36129039848230926, -0.5902563135741725, 0.006783256557381989
-0.36130635780201115, -0.36141602839582543, -0.5902562565148795, 0.006786932573563495
-0.3611817136537694, -0.36154178885895216, -0.5902570911464747, 0.006732961766761271
-0.361059176122261, -0.3616665974900686, -0.5902587891722857, 0.0066218023748036625
-0.3609397571814602, -0.3617893653175136, -0.5902612930236973, 0.006454398207314033
-0.36082442862895636, -0.3619090070051011, -0.590264517811669, 0.006232170659351664
-0.3607141152755322, -0.36202445151144214, -0.5902683542044288, 0.005957006681242276
-0.36060968894852885, -0.36213465304381454, -0.5902726721338344, 0.005631242803481433
-0.3605119632968985, -0.36223860215070514, -0.5902773252048088, 0.005257645348373267
-0.3604216893671338, -0.3623353367839599, -0.5902821556584118, 0.0048393869920345944
-0.36033955190337186, -0.36242395315225817, -0.5902869997203326, 0.004380019871310879
-0.36026616631231045, -0.3625036161827826, -0.5902916931535037, 0.0038834454597594594
-0.3602020762244984, -0.36257356940774577, -0.5902960768265854, 0.003353881464885712
-0.3601477515782616, -0.36263314409699055, -0.5903000021095212, 0.0027958260249869747
-0.36010358715101876, -0.36268176746716774, -0.5903033359131843, 0.0022140195079786806
-0.36006990146502504, -0.36271896981187857, -0.590305965202207, 0.0016134042361609286
-0.36004693600030935, -0.3627443904152564, -0.5903078008279117, 0.0009990824797564315
-0.36003485465652696, -0.3627577821333927, -0.5903087805513315, 0.0003762730779560457
-0.3600337434170354, -0.36275901455309145, -0.5903088711537517, -0.00024973294107968804
-0.36004361018229425, -0.3627480756651279, -0.5903080695631843, -0.0008736173604843533
-0.36006438475488733, -0.36272507201855153, -0.5903064029585378, -0.0014900800086293917
-0.36009591897454096, -0.3626902273529532, -0.5903039278479617, -0.002093883837969479
-0.360137987017619, -0.3626438797360517, -0.5903007281526313, -0.002679899461467154
-0.36019028589101687, -0.3625864772636027, -0.5902969123609827, -0.003243148764355352
-0.36025243616450775, -0.3625185724067179, -0.5902926098499444, -0.003778847217624098
-0.3603239829976894, -0.36244081511737336, -0.5902879664979644, -0.004282444531659371
-0.3604043975271731, -0.36235394482545935, -0.5902831397386282, -0.004749663303738795
-0.3604930786861139, -0.3622587814796775, -0.5902782932226368, -0.005176535331380958
-0.36058935553115035, -0.3621562157993242, -0.5902735912691642, -0.005559435284602504
-0.3606924901511065, -0.3620471989142451, -0.5902691932947343, -0.005895111453686675
-0.36080168122727796, -0.36193273157576233, -0.5902652484084964, -0.0061807133148249664
-0.360916068306788, -0.3618138531221283, -0.5902618903571091, -0.006413815683670001
-0.3610347368385636, -0.36169163037813223, -0.5902592329905777, -0.0065924392561500615
-0.3611567240061906, -0.3615671466601227, -0.5902573664027048, -0.0067150673665688524
-0.3612810253737333, -0.3614414910452909, -0.5902563538769474, -0.0067806588247883584
-0.3614066023400698, -0.3613157480480753, -0.5902562297411685, -0.006788656726926986
-0.3615323903750266, -0.36119098782761716, -0.5902569982039618, -0.006738993167271087
-0.3616573079873314, -0.3610682570290067, -0.5902586332119919, -0.006632089812785762
-0.36178026635082894, -0.36094857033829353, -0.5902610793331633, -0.00646885433551942
-0.3619001794924368, -0.36083290280781233, -0.5902642536357129, -0.006250672732131736
-0.36201597492357274, -0.360722182984899, -0.5902680484995482, -0.005979397593543104
-0.36212660457718304, -0.36061728685448746, -0.5902723352645777, -0.005657332421107712
-0.36223105589561044, -0.360519032584971, -0.5902769685924011, -0.005287212118543159
-0.36232836290111303, -0.3604281760478474, -0.5902817913935501, -0.004872179820886063
-0.36241761707126896, -0.36034540706550444, -0.5902866401532686, -0.004415760252746834
-0.3624979778363713, -0.36027134632863467, -0.5902913504753133, -0.003921829837852855
-0.36256868251530194, -0.36020654291537546, -0.5902957626558235, -0.0033945838100276193
-0.36262905551060365, -0.36015147233870204, -0.5902997270982723, -0.002838500602071766
-0.36267851659240424, -0.36010653504682144, -0.5903031093858739, -0.0022583038132024218
-0.362716588114375, -0.360072055303293, -0.5903057948394224, -0.001658922077483436
-0.3627429010227188, -0.36004828037910963, -0.590307692405957, -0.0010454471747638186
-0.36275719954081953, -0.36003537999768465, -0.5903087377463524, -0.0004230907417774748
-0.3627593444370716, -0.36003344598510445, -0.5903088954170758, 0.00020286004598423193
-0.3627493148109142, -0.36004249209165573, -0.5903081600721042, 0.0008270874414266358
-0.36272720836137307, -0.36006245396575043, -0.5903065566442103, 0.001444288355757604
-0.3626932401327404, -0.3600931892774133, -0.5903041394994757, 0.0020492194624047114
-0.36264773976247566, -0.36013447800459963, -0.5903009905937088, 0.0026367417873862094
-0.3625911472861719, -0.3601860229111751, -0.5902972166933256, 0.003201864403389653
-0.3625240075826326, -0.3602474502595955, -0.5902929457549668, 0.0037397868531781546
-0.36244696356801476, -0.360318310813617, -0.5902883225866756, 0.0042459399397360206
-0.36236074827082443, -0.36039808119606975, -0.5902835039377994, 0.0047160245356069365
-0.3622661759387916, -0.3604861656734276, -0.5902786531841572, 0.005146048081952642
-0.36216413234370504, -0.3605818984421406, -0.5902739347887016, 0.005532358468719377
-0.36205556446089393, -0.36068454649127324, -0.5902695087255085, 0.005871675010672244
-0.3619414697059039, -0.3607933131117358, -0.5902655250561353, 0.00616111625966011
-0.36182288491203796, -0.36090734211435715, -0.590262118842205, 0.006398224421016321
-0.36170087522883376, -0.36102572280735745, -0.5902594055666575, 0.006580986171200222
-0.36157652311351196, -0.3611474957687243, -0.5902574772188337, 0.006707849704364385
-0.3614509175752991, -0.36127165943103734, -0.5902563991760718, 0.006777737867233729
-0.36132514381680414, -0.3613971774758986, -0.5902562079874745, 0.006790057274259706
-0.3612002733978752, -0.36152298701296404, -0.5902569101349405, 0.00674470332823947
-0.361077355026314, -0.36164800749533643, -0.5902584818134361, 0.006642061105253177
-0.36095740605719084, -0.3617711502995613, -0.590260869737955, 0.006483002096670984
-0.36084140475904347, -0.3618913288753445, -0.5902639929498216, 0.006268876834921475
-0.36073028338179625, -0.36200746934832195, -0.5902677455611418, 0.006001503463501
-0.3606249220385209, -0.3621185214393673, -0.590272000344404, 0.005683152345141575
-0.36052614339195055, -0.3622234695468527, -0.590276613045598, 0.005316526834936283
-0.36043470811756884, -0.36232134382452086, -0.5902814272746779, 0.004904740377325285
-0.3603513110987606, -0.36241123107780904, -0.5902862798076215, 0.004451290116935068
-0.3602765782963333, -0.3624922852959255, -0.590291006120358, 0.0039600272430853544
-0.3602110642250961, -0.36256373763606775, -0.5902954459669584, 0.0034351243160627124
-0.36015524996429904, -0.36262490568001127, -0.5902994488129534, 0.0028810398497258736
-0.36010954162668907, -0.3626752017918937, -0.5903028789395325, 0.002302480449367919
-0.36007426921262653, -0.3627141404192118, -0.590305620045521, 0.0017043608257268285
-0.3600496857809784, -0.36274134419655346, -0.5903075791910403, 0.0010917620253316233
-0.3600359668769686, -0.3627565487329508, -0.5903086899490759, 0.00046988823373643365
-0.3600332101684206, -0.3627596059884216, -0.5903089146580366, -0.00015597747860210634
-0.3600414352553042, -0.36275048617257877, -0.5903082456988851, -0.0007805180882013146
-0.3600605836325479, -0.36272927812737854, -0.5903067057535031, -0.0013984278422385491
-0.3600905188020629, -0.3626961881863514, -0.590304347035534, -0.0020044573853650553
-0.3601310265460589, -0.36265153753313506, -0.5903012495197916, -0.0025934584018750175
-0.36018181538934246, -0.3625957581119543, -0.5902975182303091, -0.0031604273899990716
-0.3602425172926451, -0.36252938717107464, -0.5902932796790383, -0.0037005481931952078
-0.3603126886314618, -0.3624530605463171, -0.5902886775760019, -0.004209232924850604
-0.3603918115248165, -0.3623675048148536, -0.5902838679564198, -0.004682160937613278
-0.3604792955852879, -0.3622735284689862, -0.5902790138900743, -0.005115315506428135
-0.3605744801651596, -0.3621720122750316, -0.5902742799523376, -0.005505017915012079
-0.36067663717338605, -0.36206389899335134, -0.590269826644334, -0.0058479586586972195
-0.36078497453412584, -0.36195018264181655, -0.5902658049514172, -0.0061412255020165726
-0.3608986403498141, -0.3618318974864416, -0.5902623512244254, -0.006382328156814096
-0.36101672782032557, -0.36171010693969863, -0.5902595825572132, -0.006569219375746278
-0.361138280954979, -0.36158589253929063, -0.5902575928171223, -0.006700312286527927
-0.36126230109635327, -0.361460343168331, -0.5902564494629082, -0.0067744938239012245
-0.36138775425466774, -0.36133454466238724, -0.5902561912579466, -0.006791134148826313
-0.36151357922943594, -0.36120956993032594, -0.5902568269562034, -0.006750091977577248
-0.3616386964719115, -0.3610864696949623, -0.5902583350054864, -0.0066517157770650485
-0.3617620176183127, -0.3609662639369956, -0.5902606642780358, -0.006496840816596909
-0.36188245560066346, -0.36084993410228683, -0.5902637358037, -0.006286782100224503
-0.3619989352201257, -0.36073841610904, -0.5902674454469709, -0.006023323237640133
-0.3621104040477321, -0.36063259416868, -0.5902716674371743, -0.005708701345050924
-0.36221584350008973, -0.36053329541285306, -0.5902762586321929, -0.005345588100391694
-0.362314279923623, -0.3604412852997201, -0.5902810633712233, -0.00493706710940745
-0.36240479551077964, -0.36035726375613697, -0.5902859187521002, -0.004486607770310574
-0.362486538865762, -0.36028186199891044, -0.5902906601542977, -0.003998035854643756
-0.3625587350360753, -0.36021563996839756, -0.5902951268203757, -0.003475501050388784
-0.36262069482967274, -0.36015908430157206, -0.5902991673066283, -0.002923441739973825
-0.362671823245712, -0.36011260676932455, -0.5903026446181012, -0.0023465473103592423
-0.36271162685980374, -0.3600765431041959, -0.5903054408538319, -0.001749718314537632
-0.3627397200218121, -0.3600511521497407, -0.5903074612047473, -0.0011380248232889102
-0.3627558297453861, -0.36003661527097097, -0.590308637168613, -0.0005166633226237979
-0.36275979919283274, -0.36003303597638847, -0.5903089288729627, 0.0001090874742033283
-0.3627515896860869, -0.360040439715438, -0.5903083264271959, 0.0007339115211270895
-0.3627312812036273, -0.3600587738301879, -0.5903068502579784, 0.0013525006545559365
-0.36269907135338686, -0.36008790765595733, -0.5903045504165587, 0.0019595997409062502
-0.362655272842205, -0.36012763278178117, -0.5903015048815015, 0.0025500513684185654
-0.36260030949228983, -0.3601776634972709, -0.5902978169144304, 0.0031188396995606273
-0.36253471088363765, -0.36023763746689275, -0.5902936115584803, 0.003661133108162272
-0.3624591057276626, -0.36030711668530035, -0.5902890313982491, 0.004172325236716041
-0.3623742141006252, -0.36038558877748916, -0.5902842317250736, 0.004648074123845094
-0.3622808386852484, -0.3604724687147063, -0.5902793752716052, 0.005084339069575403
-0.362179855184638, -0.3605671010208329, -0.5902746266942533, 0.005477414926508548
-0.3620722020838927, -0.36066876254408187, -0.5902701469905883, 0.005823963528005579
-0.36195886994137805, -0.3607766658651823, -0.5902660880409716, 0.006121041989779164
-0.36184089039348055, -0.36088996340574486, -0.5902625874594588, 0.0063661276485619716
-0.36171932505372206, -0.3610077522893258, -0.5902597639284957, 0.006557139430488185
-0.36159525447976515, -0.36112907999316257, -0.5902577131755286, 0.006692455472215505
-0.3614697673702627, -0.3612529508109754, -0.5902565047278688, 0.006770926849364042
-0.36134395013828935, -0.3613783331271717, -0.5902561795557749, 0.006791887299309422
-0.3612188769897611, -0.3615041674808579, -0.590256748683611, 0.0067551588585105645
-0.3610956006144945, -0.36162937537494455, -0.5902581928161355, 0.0066610533681635015
-0.36097514357510074, -0.36175286876208435, -0.5902604629925836, 0.006510369835848305
-0.3608584904555363, -0.36187356011597516, -0.5902634822463819, 0.006304387674782531
-0.3607465808076361, -0.36199037297451153, -0.5902671482142623, 0.006044855876117124
-0.3606403029110572, -0.3621022528210771, -0.5902713366063681, 0.0057339782032147305
-0.3605404883406188, -0.3622081781527603, -0.5902759054197668, 0.005374394529828356
-0.36044790731554943, -0.36230717156997283, -0.590280699752578, 0.004969158476333603
-0.3603632647883799, -0.36239831071151285, -0.5902855570555539, 0.004521711529425104
-0.36028719721755553, -0.36248073885291787, -0.5902903126431039, 0.004035853860716047
-0.36022026995765155, -0.36255367498433655, -0.590294805276932, 0.0035157120882123127
-0.36016297519463536, -0.36261642318725484, -0.5902988826329755, 0.0029657042513894175
-0.36011573035099964, -0.36266838113733624, -0.590302406466262, 0.002390502295294069
-0.3600788768867229, -0.36270904757311695, -0.5903052572985236, 0.0017949923814354625
-0.36005267942676444, -0.3627380285872063, -0.5903073384695754, 0.0011842333629439783
-0.36003732515382136, -0.36275504261744584, -0.5903085794150276, 0.0005634137782945159
-0.3600329234159473, -0.36275992403972723, -0.590308938059141, -6.219226841818625e-05
-0.36003950551179487, -0.3627526252911, -0.5903084022416402, -0.0006872699623042223
-0.36005702463113054, -0.3627332174807961, -0.5903069901300791, -0.0013065089823810702
-0.36008535594412905, -0.3627018894769337, -0.5903047496037647, -0.0019146486676503208
-0.36012429684913916, -0.36265894548717803, -0.5903017566301423, -0.00250652275640771
-0.36017356740433326, -0.3626048011816235, -0.5902981126887323, -0.003077103314646125
-0.36023281098323967, -0.3625399784347765, -0.5902939413300065, -0.003621543476988444
-0.3603015952069286, -0.3624650987900173, -0.5902893839859474, -0.00413521863462263
-0.3603794132159561, -0.3623808757734991, -0.5902845951743955, -0.00461376571904057
-0.3604656853525766, -0.36228810620452356, -0.5902797372598396, -0.005053120247796047
-0.3605597613277798, -0.3621876606654827, -0.5902749749483313, -0.005449550818754007
-0.3606609229481197, -0.3620804733060663, -0.5902704697031866, -0.005799690762135764
-0.36076838747391393, -0.36196753116339053, -0.590266374270818, -0.006100566684791509
-0.36088131167319126, -0.3618498631818734, -0.5902628275022593, -0.006349623668263339
-0.3609987966248769, -0.3617285291141368, -0.5902599496459204, -0.006544746911053736
-0.3611198933103712, -0.3616046084771478, -0.5902578382711008, -0.006684279635807724
-0.36124360901534225, -0.361479189726566, -0.590256564960413, -0.006767037113587817
-0.36136891454362985, -0.3613533597972789, -0.590256172883188, -0.006792316689821775
-0.36149475222336924, -0.3612281941400075, -0.5902566753320858, -0.00675990372960291
-0.36162004466236897, -0.36110474736324527, -0.5902580552724932, -0.006670073433605508
-0.3617437041862498, -0.3609840445674647, -0.5902602659199753, -0.0065235885097407595
-0.3618646428695781, -0.36086707343515756, -0.5902632323262113, -0.006321692719626293
-0.36198178304807327, -0.3607547771167934, -0.5902668539196888, -0.006066100352781018
-0.3620940681796211, -0.3606480479298073, -0.5902710079150654, -0.005758981714991582
-0.3622004739040663, -0.3605477218661288, -0.5902755534756686, -0.005402944750321725
-0.36230001913721877, -0.3604545738841449, -0.5902803364880755, -0.005001012948534801
-0.3623917770237506, -0.36036931394399363, -0.5902851947869512, -0.004556599721038226
-0.36247488556714, -0.36029258373115725, -0.5902899636530422, -0.004073479458588792
-0.3625485577528418, -0.36022495400288224, -0.5902944813979428, -0.003555755512651348
-0.362612090983638, -0.36016692248522175, -0.5902985948462812, -0.0030078253692032964
-0.3626648756536499, -0.36011891224557857, -0.5903021645294299, -0.0024343433086352457
-0.36270640269968124, -0.3600812704665042, -0.590305069414602, -0.0018401808679275303
-0.36273626998512043, -0.3600542675509799, -0.5903072110089337, -0.0012303854412009608
-0.36275418739218557, -0.3600380964972053, -0.5903085166993369, -0.0006101373717853214
-0.3627599805222794, -0.36003287249159177, -0.5903089422148251, 1.5294097119385586e-05
-0.36275359293100007, -0.3600386326816697, -0.5903084731277669, 0.0006405956354975063
-0.3627350868531998, -0.3600553361053993, -0.5903071253431389, 0.0012604550184574662
-0.36270464240359124, -0.36008286376918885, -0.590304944559175, 0.0018696063086727922
-0.36266255526888724, -0.3601210188831029, -0.590302004717714, 0.0024628746410297734
-0.3626092329375321, -0.36016952727752716, -0.5902984054968198, 0.003035220224917107
-0.3625451895418289, -0.3602280380402493, -0.5902942689307391, 0.0035817811869050774
-0.3624710394139512, -0.3602961244258571, -0.5902897352718682, 0.004097914887344153
-0.3623874894811354, -0.36037328509986755, -0.5902849582350856, 0.004579237358501506
-0.36229533064573405, -0.3604589457876596, -0.5902800997857578, 0.005021660529045222
-0.3621954283121591, -0.3605524614025909, -0.5902753246481697, 0.005421426919738661
-0.36208871223471184, -0.3606531187283598, -0.5902707947205985, 0.005775141517856766
-0.36197616586759396, -0.3607601397275827, -0.5902666635863817, 0.006079800562800868
-0.3618588154009297, -0.360872685541627, -0.5902630713070592, 0.006332817002380297
-0.3617377186644266, -0.3609898612361332, -0.5902601396740779, 0.006532042407961843
-0.36161395407357755, -0.36111072133256894, -0.5902579680799895, 0.006675785166882548
-0.36148860978232566, -0.3612342761490136, -0.5902566301490597, 0.006762824801913114
-0.3613627731914446, -0.3613594989536597, -0.5902561712414602, 0.006792422299898445
-0.36123752094393724, -0.36148533391280535, -0.5902566069156148, 0.006764326364756989
-0.361113909518349, -0.3616107047921314, -0.590257922400787, 0.00667877554357428
-0.36099296650863033, -0.3617345243465343, -0.5902600730977894, 0.00653649620837497
-0.3608756826559024, -0.36185570431046377, -0.5902629860908428, 0.0063386964101053
-0.3607630046739372, -0.3619731658784475, -0.5902665626193665, 0.006087055655211875
-0.36065582888715486, -0.362085850544975, -0.5902706814259412, 0.00578371068876666
-0.36055499567821014, -0.3621927311549462, -0.590275202867007, 0.005431237401158763
-0.3604612847224399, -0.36229282300107946, -0.5902799736469834, 0.005032629007734458
-0.3603754109692453, -0.36238519479362297, -0.5902848320153689, 0.004591270682186453
-0.36029802131629807, -0.36246897932085254, -0.5902896132506573, 0.004110910854722263
-0.36022969191175813, -0.36254338361652694, -0.5902941552451644, 0.003595629414815947
-0.3601709260126693, -0.36260769845288265, -0.5902983040014192, 0.003049803085387982
-0.36012215232450284, -0.3626613069849175, -0.5903019188537366, 0.0024780682602795227
-0.3600837237473934, -0.3627036923835609, -0.5903048772378909, 0.0018852816196003224
-0.3600559164588609, -0.36273444431158597, -0.5903070788471231, 0.0012764788576536043
-0.3600389292703453, -0.36275326411637576, -0.5903084490334962, 0.0006568318754097416
-0.36003288320535165, -0.36275996863739846, -0.5903089413392185, 3.160480367338499e-05
-0.3600378212598947, -0.3627544925528716, -0.5903085390720543, -0.0005938907660412262
-0.36005370832056305, -0.3627368892187798, -0.5903072558713692, -0.0012143409585073
-0.3600804312313065, -0.3627073299834651, -0.5903051352456102, -0.0018244748114114087
-0.36011779901622354, -0.36266610199150817, -0.5903022490969067, -0.002419109103180521
-0.3601655432814601, -0.362613604520728, -0.5902986952828556, -0.0029931924270407725
-0.3602233188341364, -0.36255034392502783, -0.5902945942982074, -0.0035418481333864063
-0.3602907045693031, -0.36247692728265757, -0.5902900851890257, -0.004060415773064023
-0.3603672046866483, -0.3623940548735176, -0.5902853208379144, -0.004544490688025729
-0.360452250306577, -0.36230251162980365, -0.5902804627802322, -0.004989961412770964
-0.36054520155982417, -0.36220315772092737, -0.5902756757270886, -0.005393044569844608
-0.36064535022575783, -0.3620969184459879, -0.5902711219808509, -0.0057503169651230346
-0.36075192299169845, -0.3619847736147003, -0.5902669559324989, -0.0060587446134215215
-0.3608640853989473, -0.3618677466005814, -0.5902633188273734, -0.006315708451805912
-0.360980946530873, -0.3617468932483582, -0.5902603339767377, -0.006519026526604021
-0.36110156448456576, -0.361623290811141, -0.5902581025774458, -0.006666972470206268
-0.36122495265064625, -0.3614980270822601, -0.5902567002813802, -0.00675829011505605
-0.3613500868062536, -0.36137218987221464, -0.5902561746309075, -0.006792204124507226
-0.36147591300467496, -0.36124685696349357, -0.5902565434472465, -0.006768426553234855
-0.3616013562221656, -0.36112308665575665, -0.5902577942263543, -0.006687159283409133
-0.36172532969897697, -0.36100190899172835, -0.5902598845627941, -0.006549092316676284
-0.36184674488828095, -0.360884317730914, -0.59026274358723, -0.006355397935936667
-0.36196452190427497, -0.3607712631147091, -0.5902662743688408, -0.006107720784778531
-0.36207760034010206, -0.360663645443392, -0.5902703572012507, -0.005808163946018205
-0.36218495030803555, -0.36056230946363355, -0.5902748536606365, -0.005459271133912366
-0.3622855835393086, -0.36046803954521, -0.5902796112984895, -0.005064005147030337
-0.36237856436961635, -0.36038155560816354, -0.590284468809983, -0.0046257227602721105
-0.36246302042913714, -0.3603035097472582, -0.5902892615027667, -0.004148146264845658
-0.36253815285325486, -0.3602344834895921, -0.590293826880791, -0.0036353318939089927
-0.36260324583221526, -0.360174985613925, -0.5902980101538516, -0.003091635398763514
-0.362657675324769, -0.3601254504567948, -0.59030166948603, -0.002521675065667216
-0.36270091677234706, -0.36008623663080475, -0.5903046808050362, -0.0019302924862324756
-0.3627325516662807, -0.36005762608443237, -0.5903069420093455, -0.0013225114147003415
-0.36275227284050204, -0.3600398234400063, -0.5903083764304077, -0.0007034950628745112
-0.3627598883857297, -0.3600329555567964, -0.5903089354324869, -7.850219791016225e-05
-0.36275532410751277, -0.36003707127884466, -0.5903086000619254, 0.0005471575807231329
-0.36273862447911764, -0.3600521413417399, -0.5903073816898778, 0.0011681690011168097
-0.3627099520701803, -0.3600780584282124, -0.5903053216267053, 0.001779256327553994
-0.3626695854625701, -0.3601146373786298, -0.5903024897211153, 0.0023752282293551885
-0.36261791569507484, -0.360161615578348, -0.5902989819915768, 0.00295102192458519
-0.36255544130751827, -0.3602186535587635, -0.5902949173703639, 0.003501746220049705
-0.36248276208196784, -0.36028533586217937, -0.5902904336706911, 0.004022723079281144
-0.362400571602969, -0.36036117223148656, -0.5902856829137344, 0.004509527363819341
-0.36230964877967464, -0.36044559919379693, -0.5902808261740408, 0.004958024409833546
-0.3622108484897284, -0.36053798211198673, -0.5902760281181376, 0.005364405121772806
-0.362105091517389, -0.36063761777934156, -0.5902714514215355, 0.005725218287009675
-0.3619933539664054, -0.3607437376299917, -0.5902672512534183, 0.006037399840078635
-0.36187665633139676, -0.36085551163144314, -0.5902635700159975, 0.0062982988318171
-0.3617560524099884, -0.36097205291546697, -0.590260532516843, 0.006505699887206683
-0.3616326182318894, -0.36109242318999424, -0.5902582417378172, 0.00665784196570536
-0.3615074411707374, -0.3612156389579715, -0.5902567753439957, 0.006753433269089857
-0.36138160939037034, -0.3613406785497494, -0.590256183050876, 0.006791662174039995
-0.361256201759695, -0.36146648995412833, -0.5902564849390758, 0.006772204099659079
-0.3611322783502502, -0.36159199941036424, -0.5902576707736285, 0.006695224253616319
-0.3610108716084982, -0.36171612069990955, -0.5902597003509326, 0.006561376234414926
-0.3608929782717458, -0.3618377650533152, -0.5902625048616078, 0.006371796501234531
-0.3607795520729902, -0.3619558515651845, -0.5902659892230715, 0.006128094756676931
-0.36067149725690073, -0.3620693179893062, -0.5902700353028142, 0.005832340321364168
-0.3605696629071349, -0.3621771317676583, -0.5902745059231426, 0.0054870446124962394
-0.3604748380650913, -0.362278301131683, -0.5902792495116862, 0.005095139870957011
-0.360387747602551, -0.36237188610255877, -0.59028410524005, 0.004659954313132941
-0.36030904879602543, -0.36245700920971613, -0.5902889084764433, 0.004185183914033006
-0.36023932853935603, -0.3625328657438026, -0.5902934963674373, 0.0036748610573077533
-0.3601791011235522, -0.36259873336201753, -0.5902977133596118, 0.0031333203150838472
-0.36012880650906487, -0.3626539808701933, -0.5903014164738627, 0.0025651616458726395
-0.36008880901572515, -0.36269807601715853, -0.590304480153498, 0.0019752113218882766
-0.360059396359276, -0.36273059215252745, -0.5903068005216977, 0.0013684809176401633
-0.36004077897050535, -0.3627512136187717, -0.59030829890392, 0.0007501247093768236
-0.3600330895430446, -0.362759739771667, -0.5903089244957606, 0.00012539584960857313
-0.3600363827684475, -0.36275608754944944, -0.5903086560857551, -0.0005003983076869201
-0.3600506352316093, -0.36274029253945506, -0.5903075027746776, -0.0011219413476400847
-0.3600757454552117, -0.362712508520906, -0.590305503666925, -0.001733953012944346
-0.36011153409804797, -0.3626730054929901, -0.5903027265444625, -0.0023312341115575208
-0.3601577443280294, -0.36262216622762355, -0.5902992655683182, -0.002908710727932221
-0.36021404240565225, -0.3625604814153929, -0.5902952380856096, -0.003461477358573037
-0.3602800185271119, -0.36248854350039394, -0.5902907806504208, -0.003984838602733207
-0.360355187987347, -0.3624070393241944, -0.5902860443935102, -0.004474349052426296
-0.3604389927316487, -0.3623167417203552, -0.5902811898978981, -0.004925851042441912
-0.36053080336955035, -0.3622185002182372, -0.5902763817541306, -0.005335509940487048
-0.36062992172623054, -0.36211323102779713, -0.5902717829798424, -0.005699846679664408
-0.36073558400443073, -0.3620019064854443, -0.5902675494928366, -0.00601576725996879
-0.36084696462381505, -0.3618855441446338, -0.5902638248250436, -0.006280588972044128
-0.3609631807948942, -0.3617651956937237, -0.5902607352565434, -0.006492063124809786
-0.3610832978713151, -0.36164193587788873, -0.5902583855345743, -0.0066483940884546865
-0.36120633550779646, -0.36151685159182434, -0.5902568553225986, -0.006748254495442748
-0.36133127463183534, -0.36139103129609307, -0.5902561964997655, -0.006790796474320341
-0.36145706521596044, -0.36126555489268686, -0.5902564314022631, -0.006775658824030197
-0.361582634814576, -0.36114148417548053, -0.5902575520661526, -0.006702970069896157
-0.3617068978059478, -0.3610198539493188, -0.5902595204973331, -0.006573347376242785
-0.3618287652564727, -0.3609016638883853, -0.5902622699594972, -0.006387891324556355
-0.3619471553017708, -0.3607878711809156, -0.5902657072364303, -0.006148176599985515
-0.36206100391820517, -0.3606793839841671, -0.5902697157920115, -0.005856238662626468
-0.3621692759397982, -0.3605770556914252, -0.5902741597208316, -0.005514556513237252
-0.3622709761599745, -0.3604816799925863, -0.5902788883555582, -0.005126031695565897
-0.3623651603455965, -0.36039398669199163, -0.5902837413748948, -0.004693963709128986
-0.3624509459829316, -0.36031463823229926, -0.5902885542390023, -0.0042220220367964224
-0.3625275225718414, -0.36024422686167856, -0.5902931637681258, -0.00371421502066273
-0.3625941612858077, -0.3601832723737346, -0.5902974136752933, -0.003174855847140579
-0.3626502238215281, -0.3601322203455166, -0.5903011598654802, -0.002608525927711882
-0.36269517027262155, -0.3600914407987075, -0.590304275321536, -0.002020035985028759
-0.36272856587727986, -0.3600612272125254, -0.5903066544111569, -0.00141438517478604
-0.3627500865090989, -0.36004179582370255, -0.5903082164688138, -0.0007967185917192446
-0.3627595228033421, -0.360033285158756, -0.590308908531122, -0.00017228352296916124
-0.36275678283692314, -0.36003575575616953, -0.5903087071328563, 0.00045361517631726877
-0.3627418933086829, -0.3600491900503956, -0.5903076191026753, 0.0010756602020854653
-0.36271499919634986, -0.3600734924051664, -0.590305681331553, 0.0016885670274709133
-0.3626763618970654, -0.3601084892997768, -0.590302959521785, 0.0022871288471915416
-0.36262635588860725, -0.36015392968794346, -0.5902995459590021, 0.00286626085417326
-0.36256546397769296, -0.3602094855639618, -0.5902955563827855, 0.003421043468595663
-0.36249427122912525, -0.3602747527844098, -0.5902911260620481, 0.0039467641493026165
-0.3624134576942817, -0.3603492522049423, -0.5902864052083104, 0.004438957430640577
-0.36232379007891624, -0.36043243120028867, -0.5902815538824457, 0.0048934428440728225
-0.36222611250785486, -0.3605236656409142, -0.590276736567633, 0.005306360403140635
-0.36212133655747647, -0.3606222624015911, -0.5902721165925484, 0.005674203352242421
-0.36201043073558303, -0.36072746247517806, -0.5902678505938839, 0.005993847904003341
-0.36189440959223296, -0.3608384447591272, -0.5902640832059233, 0.006262579716422863
-0.3617743226443113, -0.36095433057269544, -0.5902609421571812, 0.006478116889228427
-0.36165124329121445, -0.3610741889497727, -0.5902585339402989, 0.006638629288648555
-0.36152625788927817, -0.36119704273595765, -0.5902569402019391, 0.0067427540408787155
-0.3614004551389557, -0.36132187549949824, -0.590256214975011, 0.0067896070665940745
-0.3612749159217241, -0.36144763924455525, -0.5902563828470159, 0.00677879056172688
-0.3611507037039563, -0.361573262892552, -0.5902574381265604, 0.006710396363152942
-0.3610288556031981, -0.361697661473938, -0.5902593450362887, 0.006585005171712791
-0.3609103741892473, -0.3618197459492334, -0.5902620389256888, 0.006403681638931404
-0.360796220068872, -0.36193843355555244, -0.5902654284626859, 0.0061679653577026905
-0.3606873052797722, -0.3620526585536903, -0.5902693987297658, 0.0058798578308769545
-0.3605844874971793, -0.36216138323205693, -0.5902738151197168, 0.005541805524929602
-0.36048856503605875, -0.3622636090079149, -0.5902785278989714, 0.005156679148486976
-0.3604002726138431, -0.3623583874541585, -0.5902833772839003, 0.004727749327211515
-0.3603202778234844, -0.36244483107171077, -0.5902881988579906, 0.004258658877161439
-0.3602491782548405, -0.36252212362390557, -0.590292829146278, 0.003753391907978725
-0.3601874991942642, -0.3625895298502134, -0.5902971111580407, 0.003216240014848954
-0.36013569182792915, -0.36264640438242446, -0.5903008997098131, 0.0026517658438329774
-0.3600941318738645, -0.3626921996968534, -0.5903040663482083, 0.0020647643386050773
-0.36006311857086437, -0.3627264729511126, -0.590306503705584, 0.001460221997560677
-0.36004287395899837, -0.362748891573099, -0.5903081291408069, 0.0008432744884069485
-0.36003354239612695, -0.36275923749262085, -0.5903088875416138, 0.00021916298247335453
-0.3600351902670207, -0.362757409931901, -0.5903087531934937, -0.0004068104171422447
-0.36004780585586993, -0.3627434266993538, -0.590307730651686, -0.0010293277710190776
-0.3600712993684969, -0.36271742396077133, -0.5903058545867079, -0.0016431005349724285
-0.3601055031066942, -0.3626796544924933, -0.5903031886086544, -0.002242914538970165
-0.36015017181313413, -0.3626304844514646, -0.5902998231101587, -0.0028236743270216706
-0.3602049832204933, -0.36257038872643266, -0.5902958722011938, -0.0033804464776352114
-0.3602695388520756, -0.36249994496206206, -0.5902914698397054, -0.003908501533939143
-0.3603433651327428, -0.3624198263727386, -0.5902867652893315, -0.004403354185434995
-0.3604259148777119, -0.36233079348453334, -0.5902819180582758, -0.004860801359406513
-0.3605165692324145, -0.3622336849617548, -0.5902770924909863, -0.005276957899019542
-0.36061464013864775, -0.36212940768811996, -0.5902724521960372, -0.005648289526857495
-0.3607193734005969, -0.36201892628166865, -0.5902681544991439, -0.005971642816768027
-0.36082995241881355, -0.3619032522268656, -0.5902643451093665, -0.006244271923163372
-0.3609455026509707, -0.3617834328068823, -0.5902611531793017, -0.006463861845030702
-0.36106509684539256, -0.36166054001399284, -0.5902586869266907, -0.006628548031588045
-0.36118776107731776, -0.36153565960658895, -0.5902570299658292, -0.006736932167494442
-0.36131248159902163, -0.3614098804679643, -0.5902562384730876, -0.0067880940075359915
-0.3614382124938881, -0.3612842844052191, -0.5902563392825905, -0.006781599163522557
-0.36156388410194706, -0.36115993650708866, -0.5902573289765769, -0.0067175027795212654
-0.36168841216095626, -0.36103787615781324, -0.5902591740012545, -0.006596349065314916
-0.3618107075836444, -0.3609191087812077, -0.5902618118042335, -0.006419166691906283
-0.3619296867689594, -0.3608045983655245, -0.5902651529549925, -0.006187460086801426
-0.36204428232391794, -0.3606952607964251, -0.590269084176534, -0.005903196700500719
-0.36215345405365185, -0.3605919580030714, -0.5902734721855064, -0.005568790348906368
-0.36225620006118686, -0.36049549290175864, -0.5902781682106581, -0.005187080769008168
-0.3623515677859508, -0.36040660510326106, -0.590283013036493, -0.004761309557009435
-0.3624386648015637, -0.36032596733471345, -0.5902878424011752, -0.004295092688759919
-0.3625166691893892, -0.360254182514794, -0.5902924925657033, -0.00379238985171351
-0.3625848393049701, -0.36019178141256425, -0.5902968058655421, -0.003257470845351533
-0.36264252275985676, -0.36013922081568195, -0.5903006360564717, -0.002694879332823732
-0.3626891644514646, -0.36009688213288604, -0.590303853273366, -0.0021093942501697947
-0.36272431348822076, -0.3600650703585344, -0.5903063484337191, -0.0015059892006102887
-0.36274762887609435, -0.36004401333334457, -0.5903080369365546, -0.0008897901797630889
-0.3627588838551148, -0.3600338612449031, -0.5903088615312415, -0.00026603199299939946
-0.3627579688000796, -0.3600346863235563, -0.5903087942588868, 0.00035998626171756306
-0.36274489262769416, -0.3600464827033589, -0.5903078374004423, 0.000982946263450354
-0.3627197826820001, -0.36006916643319165, -0.590306023399356, 0.0015975557031255529
-0.3626828831003891, -0.36010257563925996, -0.5903034137613904, 0.0021985932948058533
-0.3626345516928613, -0.3601464708562536, -0.5903000969689426, 0.0027809531767073454
-0.36257525539662483, -0.36020053555969134, -0.5902961854806164, 0.003339688320986894
-0.36250556439584014, -0.3602643769458024, -0.5902918119178434, 0.003870052580564511
-0.36242614502151294, -0.3603375270169691, -0.5902871245679158, 0.004367541013872049
-0.3623377515685082, -0.36041944403974147, -0.59028228235595, 0.004827928144244362
-0.3622412171849059, -0.36050951444831436, -0.5902774494563263, 0.005247303829467455
-0.3621374440028715, -0.360607055268672, -0.5902727897263199, 0.005622106438515056
-0.362027392689649, -0.3607113171372388, -0.5902684611506724, 0.005949153056464554
-0.3619120716019558, -0.36082148798266345, -0.5902646104854382, 0.006225666464700246
-0.36179252572697895, -0.36093669743037027, -0.5902613682826713, 0.006449298671497148
-0.3616698255884254, -0.3610560219769642, -0.5902588444645815, 0.006618150797650045
-0.36154505628700206, -0.3611784909657477, -0.5902571245971564, 0.006730789152698059
-0.3614193068315762, -0.36130309337596234, -0.5902562669895159, 0.006786257369238358
-0.36129365990075113, -0.3614287854174938, -0.5902563007172944, 0.006784084495583698
-0.36116918215519267, -0.3615544989002807, -0.5902572246370125, 0.006724288980374059
-0.3610469151995137, -0.3616791503242712, -0.590259007424841, 0.006607378516493653
-0.360927867269611, -0.36180165061228775, -0.5902615886384374, 0.006434345745571664
-0.3608130056978276, -0.36192091538530735, -0.5902648807658822, 0.006206659858265016
-0.36070325018496263, -0.3620358756582751, -0.5902687721922927, 0.0059262541592405875
-0.3605994668857694, -0.3621454888153778, -0.5902731309835895, 0.005595509699092209
-0.36050246329382085, -0.3622487497073924, -0.5902778093592022, 0.005217235108135656
-0.36041298389319576, -0.36234470170092326, -0.5902826487021262, 0.004794642798896792
-0.3603317065288403, -0.3624324475005489, -0.5902874849365238, 0.0043313217349040325
-0.36025923943515825, -0.3625111595605195, -0.5902921540905796, 0.003831206992857597
-0.36019611885368175, -0.36258008990289803, -0.5902964978560102, 0.0032985463731030787
-0.3601428071657514, -0.36263857916410225, -0.5903003689557302, 0.0027378643393009307
-0.36009969146503507, -0.36268606470154485, -0.5903036361376388, 0.0021539235919694204
-0.36006708249733765, -0.36272208760641245, -0.5903061886251698, 0.0015516846018997707
-0.3600452139012441, -0.36274629848710815, -0.5903079398736387, 0.000936263448025581
-0.3600342416923751, -0.3627584619101749, -0.5903088305049645, 0.0003128883199199365
-0.36003424394588046, -0.36275845941089124, -0.5903088303212044, -0.00031314494252923403
-0.36004522064573996, -0.362746291013608, -0.5903079393285874, -0.0009365178907357194
-0.36006709368479584, -0.36272207523143807, -0.5903061877373048, -0.0015519347033505011
-0.3600997070155123, -0.36268604754529643, -0.5903036349370582, -0.0021541672277190583
-0.36014282696755695, -0.362638557392703, -0.5903003674831326, -0.0027380994398888358
-0.360196142763637, -0.36258006372629403, -0.5902964961613151, -0.0032987709416401694
-0.36025926727896485, -0.3625111292298445, -0.5902921522312335, -0.003831419121994479
-0.36033173810158603, -0.3624324133050165, -0.5902874829755557, -0.004331519623031926
-0.3604130189600233, -0.36234466396429377, -0.5902826467060055, -0.004794824765443673
-0.3605025015907941, -0.36224870878409554, -0.5902778073955889, -0.005217399607828029
-0.3605995081209673, -0.36214544508635105, -0.590273129119039, -0.005595655335062351
-0.36070329403982904, -0.3620358295265982, -0.5902687704899998, -0.005926379694869163
-0.36081305182880197, -0.3619208672717038, -0.5902648792835394, -0.006206764227660253
-0.3609279153100666, -0.36180160095057046, -0.5902615874262772, -0.006434428062597715
-0.36104696476201714, -0.3616790995568061, -0.5902590065239353, -0.006607438082273531
-0.36116923283409763, -0.3615544474735327, -0.5902572240778788, -0.006724325289204999
-0.361293711275122, -0.3614287337777151, -0.5902563005188616, -0.006784097239216438
-0.36141935846844253, -0.361303041965084, -0.5902562671584836, -0.006786246439485034
-0.36154510774491955, -0.3611784402175131, -0.5902571251277662, -0.006730754642347442
-0.3616698764213222, -0.3610559723133425, -0.5902588453388139, -0.0066180929996825805
-0.36179257548825017, -0.36093664925828206, -0.5902613694708552, -0.006449218076606242
-0.36191211984876004, -0.36082144169102914, -0.5902646119472579, -0.006225563757140129
-0.3620274389873511, -0.360711273094359, -0.5902684628365327, -0.005949029108258781
-0.36213748792958034, -0.3606070138199444, -0.5902727915790286, -0.0056219623020733215
-0.3622412583360256, -0.3605094759142724, -0.5902774514130323, -0.005247140728671657
-0.3623377895612443, -0.36041940871439637, -0.5902822843502743, -0.00482774746407775
-0.36242617949925193, -0.3603374951664434, -0.5902871265322011, -0.004367344288677796
-0.36250559503233026, -0.3602643488072188, -0.5902918137854503, -0.003869841481031641
-0.3625752818998774, -0.36020051134028686, -0.5902961871881789, -0.0033394646399729027
-0.36263457380871145, -0.36014645073269846, -0.5903000984585206, -0.002780718814016895
-0.36268290061563824, -0.36010255975713823, -0.5903034149824307, -0.0021983502410544355
-0.3627197954270879, -0.3600691549066236, -0.5903060243104085, -0.0015973060228251545
-0.36274490047884533, -0.3600464756147369, -0.5903078379705654, -0.000982692077461353
-0.36275797168087964, -0.3600346837233668, -0.5903087944686956, -0.0003597297292170161
-0.3627588817374896, -0.3600338631516291, -0.5903088613735654, 0.00026628869287861814
-0.3627476217806722, -0.36004401973343025, -0.5903080364166812, 0.0008900448664646776
-0.3627243014840651, -0.3600650812064097, -0.5903063475692139, 0.0015062397106990664
-0.362689147655191, -0.360096897351057, -0.590303852093478, 0.0021096384557291047
-0.3626425013341408, -0.36013924029489053, -0.5903006346011401, 0.002695115159547861
-0.36258481345648863, -0.36019180501203896, -0.590296804184043, 0.0032576962901777447
-0.3625166391662278, -0.3602542100626115, -0.5902924907149791, 0.003792602999843073
-0.36243863089013684, -0.3603259986282894, -0.5902878404439034, 0.004295291729922874
-0.36235153030750566, -0.36040663991000765, -0.5902830110389611, 0.004761492800834744
-0.3622561593679463, -0.36049553095993436, -0.5902781662405163, 0.005187246659369192
-0.36215341052467265, -0.3605919990228559, -0.5902734703094736, 0.005568937477120625
-0.3620442363607369, -0.3606953044612473, -0.5902690824581368, 0.005903323817273161
-0.36192963879110507, -0.3608046443336739, -0.5902651514524114, 0.006187566112811331
-0.36181065802408185, -0.36091915668774455, -0.5902618105683303, 0.006419250726949744
-0.3616883614615486, -0.36103792561680614, -0.5902591730738471, 0.0065964103959270295
-0.36156383270899284, -0.36115998711418196, -0.5902573283890241, 0.00671754088501514
-0.3614381608537972, -0.3612843357405311, -0.5902563390547274, 0.006781613720395459
-0.36131243015418923, -0.36140993209931727, -0.590256238612553, 0.00678808489220634
-0.36118771026223817, -0.3615357110930485, -0.5902570304678082, 0.006736899457347249
-0.36106504708305054, -0.3616605909096926, -0.5902586877740762, 0.0066284920043203415
-0.3609454543495427, -0.3617834826651024, -0.5902611543432751, 0.006463782976302111
-0.36082990596869047, -0.3619033006043131, -0.5902643465503753, 0.0062441708825712785
-0.36071932917174065, -0.3620189727429153, -0.5902681561682407, 0.005971520462180256
-0.3606145984782818, -0.3621294518101307, -0.5902724540365402, 0.005648146897149117
-0.36051653046303733, -0.3622337263384454, -0.590277094440401, 0.0052767962052739335
-0.36042587929541925, -0.3623308317312788, -0.5902819200504126, 0.004860621974653316
-0.36034333300583865, -0.36241986113076774, -0.5902867672565505, 0.004403158633010395
-0.36026951041994093, -0.3624999759026539, -0.5902914717152091, 0.00390829147456567
-0.3602049586926852, -0.36257041555484215, -0.5902958739212918, 0.003380223695329455
-0.36015015136869066, -0.3626305069105141, -0.5902998246164273, 0.0028234407139485582
-0.360105486893602, -0.3626796723657466, -0.5903031898499171, 0.0022426720793720088
-0.36007128750330664, -0.36271743707524573, -0.5903058555207717, 0.001642851288309201
-0.36004779842341883, -0.3627434349277059, -0.590307731246771, 0.0010290738544636922
-0.3600351873202544, -0.3627574131940505, -0.5903087534293117, 0.00040655398758044763
-0.36003354395599196, -0.3627592357567747, -0.5903088874100548, -0.00021941974678414436
-0.3600428800144021, -0.36274888485615875, -0.5903081286462148, -0.0008435294063624625
-0.36006312907869764, -0.3627264613184602, -0.5903065028646104, -0.0014604729037591155
-0.36009414675908236, -0.36269218326150865, -0.5903040651892462, -0.0020650091017614123
-0.36013571098370667, -0.36264638330360366, -0.5903008982720346, -0.002652002384900224
-0.36018752248224195, -0.36258950433131143, -0.5902971094900694, -0.003216466324690947
-0.36024920550547057, -0.3625220939099384, -0.5902928273045399, -0.0037536060644431843
-0.3603203088365162, -0.3624447974462771, -0.5902881969048008, -0.004258859061407708
-0.3604003071589631, -0.36235835023596774, -0.5902833752853506, -0.004727933839154027
-0.3604886028537255, -0.36226356854695796, -0.590278525922688, -0.005156846421223671
-0.36058452829968135, -0.3621613399054847, -0.5902738132325701, -0.005541954138033588
-0.3606873487525344, -0.3620526127614714, -0.5902693969956018, -0.005879986522439802
-0.36079626587204194, -0.361938385715991, -0.5902654269401612, -0.006168073035028612
-0.3609104219595878, -0.36181969649442214, -0.5902620376662834, -0.006403767387793267
-0.36102890495629547, -0.3616976108452117, -0.5902593440825608, -0.00658506826409334
-0.3611507542367617, -0.36157321153601707, -0.5902574375107027, -0.006710436263407091
-0.36127496721542895, -0.3614475876067542, -0.5902563825897651, -0.006778806931114558
-0.36140050676219615, -0.3613218240232675, -0.590256215084945, -0.006789599766146135
-0.36152630940165265, -0.3611969918565219, -0.5902569406751857, -0.006742723132572598
-0.3616512942470864, -0.3610741390911134, -0.5902585347606685, -0.006638575034884015
-0.3617743725968703, -0.36095428214422687, -0.5902609432967131, -0.006478039750607617
-0.36189445809776144, -0.3608383981526957, -0.5902640846258355, -0.006262480347852897
-0.36201047735788494, -0.36072741806239206, -0.5902678522458866, -0.005993727149153497
-0.3621213808724013, -0.36062222053148774, -0.5902721184204817, -0.0056740622364013955
-0.3622261541078544, -0.3605236266379481, -0.5902767385093708, -0.005306200124532853
-0.3623238285775614, -0.3604323953626316, -0.5902815558720009, -0.004893264763705762
-0.3624134927306678, -0.360349219803072, -0.5902864071780731, -0.004438763060767353
-0.3624943024720839, -0.36027472405995953, -0.5902911279450765, -0.003946555140596297
-0.3625654911297458, -0.3602094607288049, -0.5902955581150764, -0.003420821596142726
-0.3626263786895816, -0.36015390892348276, -0.5902995474816608, -0.002866028002404275
-0.3626763801273044, -0.3601084727564011, -0.5903029607830221, -0.002286886993876351
-0.3627150126794604, -0.36007348020185237, -0.5903056822884403, -0.0016883182269144057
-0.362741901913764, -0.3600491822744267, -0.5903076197226014, -0.00107540656766709
-0.36275678648023413, -0.3600357524629487, -0.590308707394633, -0.0004533588625234702
-0.3627595214493704, -0.3600332863716915, -0.5903089084257009, 0.00017254033886547414
-0.36275008017102106, -0.36004180153416687, -0.5903082159995955, 0.0007969737281750996
-0.36272855461678954, -0.3600612373798686, -0.5903066535938747, 0.0014146364645414337
-0.3626951541991358, -0.36009145535033504, -0.5903042741837217, 0.0020202812935369565
-0.36265020309079243, -0.36013223917704074, -0.5903011584455319, 0.002608763171288712
-0.36259413609791835, -0.36018329534920746, -0.5902974120211718, 0.003175083010676968
-0.36252749316872923, -0.36024425381393255, -0.5902931619357301, 0.0037144301747490042
-0.36245091264535645, -0.3603146689634198, -0.5902885522902729, 0.004222223354112185
-0.3623651233897094, -0.36039402097394513, -0.5902837393757143, 0.0046941494799591
-0.36227093593351123, -0.36048171756803893, -0.5902788863735171, 0.005126200342311154
-0.36216923281797675, -0.36057709627478096, -0.5902741578229376, 0.005514706603797287
-0.3620609582994003, -0.3606794272628564, -0.5902697140424169, 0.005856368922542438
-0.36194710760303894, -0.36078791681695876, -0.5902657056942581, 0.006148285923241053
-0.3618287159090041, -0.36090171152025774, -0.5902622686768355, 0.006387978782946738
-0.36170684725052216, -0.3610199031941397, -0.5902595195174704, 0.006573412227234681
-0.3615825834970835, -0.36114153463152576, -0.5902575514221102, 0.006703011762913014
-0.36145701358305327, -0.3612656061422407, -0.5902564311156758, 0.006775677005111439
-0.3613312231267689, -0.3613910829086272, -0.5902561965801482, 0.006790790989116174
-0.36120628456650217, -0.3615169031274903, -0.5902568557670234, 0.0067482253905199715
-0.36108324791875157, -0.3616419868913039, -0.5902583863277703, 0.006648341610902707
-0.3609631322416966, -0.36176524573801205, -0.590260736371414, 0.006491987720150297
-0.3608469178632674, -0.3618855927756788, -0.5902638262235843, 0.006280491280461402
-0.36073553940977643, -0.36200195326630924, -0.5902675511274256, 0.0060156481108915106
-0.36062987964830795, -0.3621132755332426, -0.5902717847948523, 0.005699707084743711
-0.36053076413475904, -0.3622185420392776, -0.5902763836878151, 0.005335351085028644
-0.36043895664022796, -0.36231678046878324, -0.5902811918844862, 0.0049256742753631495
-0.3603551553119404, -0.3624070746369945, -0.5902860463654341, 0.004474155874821727
-0.3602799895116021, -0.3624885750439768, -0.5902907825406091, 0.003984630655143943
-0.3602140172642241, -0.36256050888956626, -0.590295239829758, 0.003461256407066736
-0.36015772324444595, -0.36262218936923785, -0.5902992671070723, 0.0029084786491108167
-0.36011151722509727, -0.3626730240791841, -0.5903027278254297, 0.0023309928766194333
-0.36007573291429495, -0.36271252237188867, -0.5903055046464504, 0.0017337046709365962
-0.36005062711245506, -0.36274030152077796, -0.5903075034193248, 0.001121688008042839
-0.3600363791289133, -0.36275609157371536, -0.5903086563734392, 0.0005001421224794605
-0.3600330904090038, -0.3627597387996516, -0.5903089244164983, -0.0001256527042468866
-0.36004078433579434, -0.3627512076599233, -0.5903082984601674, -0.0007503800515735399
-0.36005940618570353, -0.3627305812648456, -0.5903067997282659, -0.0013687325783855973
-0.3600888232331507, -0.36269806030645124, -0.5903044790370534, -0.001975457163480859
-0.360128825015537, -0.36265396048872267, -0.5903014150720209, -0.0025653995800953007
-0.3601791237855362, -0.3625987085065657, -0.5902977117196623, -0.00313354832095546
-0.36023935519206807, -0.3625328366531979, -0.5902934945447401, -0.0036750771982577723
-0.3603090792438919, -0.36245697616186134, -0.5902889065325532, -0.0041853863543526385
-0.3603877816198232, -0.3623718494110234, -0.5902841032406275, -0.004660141333562934
-0.360474875396649, -0.36227826114192396, -0.5902792475242729, -0.005095309883279822
-0.3605697032695063, -0.36217708885293587, -0.5902745040148705, -0.005487196173009519
-0.3606715403395294, -0.3620692725463731, -0.5902700335381298, -0.005832472143122301
-0.36077959753977884, -0.3619558040098221, -0.5902659876615513, -0.006128205720398144
-0.36089302576289883, -0.3618377158157873, -0.5902625035559385, -0.006371885664782776
-0.36101092074268126, -0.36171607022041474, -0.5902596993451252, -0.006561442840777831
-0.36113232872708023, -0.3615919481345492, -0.5902576701015259, -0.006695267737313295
-0.36125625296256825, -0.3614664383287307, -0.5902564846232069, -0.006772224091526723
-0.3613816609896121, -0.36134062701841807, -0.59025618310169, -0.006791658504355578
-0.3615074927270773, -0.3612155879573259, -0.5902567757595097, -0.006753405969007175
-0.3616326693002214, -0.36109237314594933, -0.5902582425036826, -0.006657791266991219
-0.3617561025433963, -0.36097200423986053, -0.5902605336068324, -0.006505626220280128
-0.3618767050853917, -0.36085546471898367, -0.590263571392893, -0.006298202822107616
-0.36199340090333587, -0.360743692855541, -0.5902672528702733, -0.006037282302732958
-0.36210513621095275, -0.36063757549552766, -0.5902714532232661, -0.005725080219990959
-0.3622108905295299, -0.36053794264714445, -0.5902760300433909, -0.005364247697408894
-0.36230968777575345, -0.36044556285022433, -0.5902808281572732, -0.004957848964884358
-0.3624006071902257, -0.3603611392839874, -0.5902856848874352, -0.00450933538814585
-0.3624827939244125, -0.36028530655687696, -0.59029043556767, -0.0040225162032105685
-0.362555469102266, -0.36021862811215044, -0.5902949191260292, -0.0035015262005425904
-0.36261793917602037, -0.3601615941765457, -0.5902989835461264, -0.002950790630320995
-0.3626696044036626, -0.3601146201768217, -0.5903024910215634, -0.0023749876248623123
-0.3627099662882447, -0.36007804555022327, -0.5903053226286785, -0.001779008456519022
-0.36273863383616756, -0.36005213287974125, -0.5903073823591211, -0.0011679159690150408
-0.362755328512504, -0.360037067293151, -0.590308600375463, -0.000546901536918932
-0.362759887795725, -0.36003295607574204, -0.5903089353794009, 7.875907843997016e-05
-0.3627522672612217, -0.36003982845989224, -0.5903083760122088, 0.0007037505980372447
-0.36273254115202724, -0.36005763556952886, -0.5903069412399211, 0.0013227634338452599
-0.3627009014253093, -0.3600862505134229, -0.5903046797101806, 0.0019305388486102124
-0.3626576552937142, -0.3601254686374209, -0.5903016681025692, 0.002521913678632333
-0.36260322131060085, -0.3601750079614434, -0.590298008528395, 0.003091864235563936
-0.3625381240767872, -0.3602345098416043, -0.5902938250681496, 0.003635549010910168
-0.36246298767284113, -0.360303539910534, -0.590289259564096, 0.004148349818042218
-0.36237852794445935, -0.36038158935924436, -0.5902844668107097, 0.004625911020946605
-0.3622855437884428, -0.3604680766311952, -0.590279609306092, 0.005064176516426228
-0.36218490760273947, -0.3605623496031829, -0.5902748517423583, 0.005459424156797447
-0.3620775550754819, -0.3606636883279729, -0.59027035542182, 0.005808297323024297
-0.3619644744948092, -0.3607713084101186, -0.5902662727882764, 0.006107833383414321
-0.36184669576327955, -0.3608843650790956, -0.5902627422588066, 0.006355488800181776
-0.36172527929803033, -0.36100195801290935, -0.5902598835312357, 0.0065491606750770655
-0.3616013049906539, -0.3611231369509136, -0.5902577935263201, 0.006687204555609125
-0.3614758613893948, -0.36124690811715154, -0.5902565431021541, 0.0067684483548862365
-0.3613500352512271, -0.361372241455576, -0.5902561746521396, 0.006792202270522809
-0.3612249015931579, -0.3614980786566526, -0.590256700667899, 0.006758264621175091
-0.3611015143514662, -0.36162334193175916, -0.590258103315828, 0.006666923552861386
-0.36098089773518427, -0.36174694346826974, -0.5902603350416291, 0.006518954601090209
-0.36086403833678626, -0.3618677954749512, -0.5902633201823493, 0.006315614128766706
-0.36075187803953057, -0.3619848207051882, -0.5902669575312985, 0.006058628693681101
-0.36064530773798875, -0.362096963325256, -0.5902711237689447, 0.005750180432906796
-0.3605451618667155, -0.3622031999771972, -0.5902756776435287, 0.005392888584444015
-0.3604522137124746, -0.3623025508713872, -0.590280464759716, 0.0049897872987217816
-0.36036717146850916, -0.36239409073325557, -0.5902853228130002, 0.004544299923881005
-0.36029067497548684, -0.3624769594221836, -0.5902900870924187, 0.0040602099788555855
-0.36022329308343903, -0.3625503720387879, -0.5902945960650412, 0.0035416290568798725
-0.3601655215623558, -0.3626136283396766, -0.5902986968528909, 0.0029929619288996995
-0.3601177814862887, -0.3626661212864224, -0.5903022504165751, 0.002418869141165
-0.36008041801678925, -0.36270734456780007, -0.5903051362698296, 0.0018242274237453035
-0.36005369951607635, -0.3627368989510209, -0.5903072565650725, 0.0012140882465556371
-0.36003781692820713, -0.36275449733833354, -0.5903085394113782, 0.0005936348764458391
-0.36003288337725914, -0.3627599684294347, -0.5903089413123132, -3.186169724710193e-05
-0.3600389339446133, -0.3627532589169782, -0.5903084486409268, -0.0006570875907581756
-0.3600559256022223, -0.36273443417135676, -0.590307078101851, -0.0012767312225936622
-0.3600837372946122, -0.3627036774010626, -0.590304876164834, -0.0018855284904420386
-0.3601221701785068, -0.36266128730541325, -0.5903019174889239, -0.0024783075400538353
-0.3601709480447597, -0.36260767426648655, -0.59029830239077, -0.0030500327416733315
-0.36022971796192504, -0.3625433551558087, -0.5902941534429299, -0.0035958474970110062
-0.360298051193661, -0.3624689468579404, -0.5902896113175827, -0.004111115510617295
-0.36037544445263947, -0.36238515863685805, -0.5902848300166337, -0.004591460173692228
-0.3604613215611898, -0.36229278349128746, -0.5902799716499898, -0.005032801725635353
-0.36055503559311464, -0.36219268866139664, -0.5902752009390965, -0.005431391878765345
-0.3606558715717145, -0.3620858054611019, -0.5902706796321114, -0.005783845614353068
-0.3607630497958525, -0.3619731186174002, -0.5902665610200665, -0.006087169883133731
-0.36087572985887106, -0.3618556553005724, -0.590262984739925, -0.006338788970505597
-0.3609930154144575, -0.3617344740267572, -0.5902600720406835, -0.006536566315397217
-0.36111395972938576, -0.36161065360755384, -0.5902579216729601, -0.006678822602015111
-0.3612375720458566, -0.3614852823102591, -0.5902566065413691, -0.0067643499751033394
-0.3613628247563445, -0.3613594473775156, -0.5902561712331091, -0.0067924222617078665
-0.3614886613721541, -0.3612342250371985, -0.5902566305065103, -0.006762801115509564
-0.3616140052438537, -0.3611106711128509, -0.5902579687907465, -0.006675738033353692
-0.36173776896822785, -0.36098981232270066, -0.5902601407136664, -0.006531972227457912
-0.3618588643931, -0.3608726383319877, -0.5902630726398548, -0.006332724370728464
-0.36197621310913053, -0.36076009459979275, -0.5902666651668169, -0.006079686266462825
-0.3620887572972683, -0.3606530760385901, -0.5902707964947098, -0.005775006527271061
-0.3621954707825996, -0.36055242148301636, -0.5902753265554249, -0.005421272381102592
-0.36229537013066926, -0.3604589089446678, -0.5902801017611086, -0.005021487754604271
-0.36238752561137133, -0.36037325161256073, -0.590284960211173, -0.004579047815426942
-0.36247107184876837, -0.3602960945448246, -0.5902897371813054, -0.004097710185291507
-0.3625452179730235, -0.36022801198658494, -0.5902942707083971, -0.0035815630643576844
-0.3626092570931416, -0.3601695052420567, -0.5902984070820352, -0.0030349905344295392
-0.3626625749165323, -0.3601210010257937, -0.5903020060563461, -0.002462635333495889
-0.362704657353369, -0.360082850218707, -0.5903049456054404, -0.0018693594167517242
-0.36273509696007855, -0.36005532695879794, -0.5903071260611654, -0.001260202639298803
-0.36275359809666075, -0.3600386280041725, -0.5903084734928095, -0.0006403399129130379
-0.36275998069637094, -0.360032872316457, -0.590308942214104, -1.5037203354234078e-05
-0.36275418257296954, -0.3600381008256611, -0.5903085163324718, 0.0006103932545259073
-0.362736260219495, -0.3600542763522214, -0.5903072102879566, 0.001230638139310304
-0.36270638808257694, -0.3600812836777513, -0.5903050683635499, 0.0018404282348823862
-0.3626648563268121, -0.3601189297721986, -0.5903021631835278, 0.0024345832432479363
-0.3626120671338251, -0.3601669442009371, -0.5902985932507488, 0.003008055833484464
-0.3625485296094708, -0.36022497975007606, -0.5902944796064623, 0.003555974549130486
-0.36247485339942165, -0.36029261332129914, -0.5902899617259364, 0.004073685206944405
-0.36239174113737904, -0.3603693471582191, -0.590285192789139, 0.004556790433896209
-0.3622999798706693, -0.36045461047401006, -0.5902803344868707, 0.005001187006300816
-0.3622004316245765, -0.36054776155457935, -0.5902755515384978, 0.00540310067492239
-0.3620940232789247, -0.360648090412385, -0.5902710061071821, 0.005759118182408824
-0.3619817359379647, -0.36075482206311427, -0.590266852301961, 0.0060662162042746225
-0.3618645939773806, -0.36086712049068526, -0.5902632309530584, 0.006321786971550964
-0.361743653950261, -0.3609840933555952, -0.5902602648375234, 0.006523660361876367
-0.36161999352735474, -0.36110479748772073, -0.5902580545170107, 0.006670122275931448
-0.3614947006361712, -0.3612282451876654, -0.5902566749287541, 0.006759929147460774
-0.36136886294894477, -0.36135341134113586, -0.5902561728452497, 0.00679231846742385
-0.3612435578517187, -0.36147924132921205, -0.5902565652887206, 0.006767015235842762
-0.3611198430064745, -0.3616046596944509, -0.5902578389540891, 0.006684234288448242
-0.3609987475960422, -0.3617285794992069, -0.5902599506599981, 0.006544678479065371
-0.3608812643183016, -0.3618499122892602, -0.5902628288126093, 0.006349532732627187
-0.3607683421726019, -0.36196757855345607, -0.5902663758325767, 0.006100454017567585
-0.36066088005830843, -0.36208051854948176, -0.5902704714629657, 0.00579955731992737
-0.36055972118354773, -0.36218770334778083, -0.5902749768460264, 0.00544939773460707
-0.3604656482623432, -0.3622881459306403, -0.5902797392306696, 0.005052948821600295
-0.36037937946096055, -0.3623809121722297, -0.5902845971510962, 0.004613577406512221
-0.36030156503998567, -0.36246513151831394, -0.5902893859010544, 0.004135015034960494
-0.3602327846277368, -0.36254000718180834, -0.5902939431181409, 0.0036213263193066478
-0.36017354505344257, -0.3626048256725287, -0.5902981142888178, 0.00307687444329765
-0.360124278665215, -0.3626589654864376, -0.5903017579874762, 0.002506284115322573
-0.3600853420582564, -0.3627019047913025, -0.5903047506718723, 0.0019144022838212317
-0.3600570151428023, -0.3627332279617368, -0.5903069908722903, 0.0013062569486371536
-0.36003950048868616, -0.36275263083666476, -0.5903084026323315, 0.0006870144195199163
-0.36003292289377775, -0.3627599245958638, -0.5903089380846058, 6.193538730952063e-05
-0.3600373291362845, -0.3627550381786885, -0.5903085790739406, -0.0005636698156298986
-0.3600526878855169, -0.3627380191967441, -0.5903073377730367, -0.001184486381584667
-0.3600788897614402, -0.36270903332224, -0.5903052562696836, -0.0017952402321324144
-0.3601157475494905, -0.3626683621642619, -0.5903024051395348, -0.002390742872746153
-0.3601629965930455, -0.36261639967537396, -0.5902988810528741, -0.002965935512141489
-0.3602202954007585, -0.3625536471598946, -0.590294803496557, -0.0035159320680226117
-0.3602872265191852, -0.3624807069821905, -0.5902903107223446, -0.004036060691244377
-0.36036329773196984, -0.36239827509752354, -0.5902855550590559, -0.0045219034540998175
-0.36044794365489385, -0.3623071325488234, -0.5902806977475528, -0.004969333865262579
-0.3605405278008176, -0.3622081360896312, -0.5902759034737132, -0.005374551893628085
-0.36064034518970256, -0.36210220810597715, -0.5902713347847832, -0.005734116205641022
-0.36074662557627035, -0.3619903260178533, -0.590267146578421, -0.0060449733453916835
-0.36085853736140083, -0.36187351134404766, -0.5902634808512599, -0.0063044836135208795
-0.3609751922431955, -0.36175281861249786, -0.5902604618849939, -0.006510443429506584
-0.36109565064997184, -0.3616293242921218, -0.5902581920331414, -0.006661103991934263
-0.3612189279806429, -0.36150411591162546, -0.5902567482512692, -0.0067551860826107115
-0.3613440016585272, -0.3613782815165283, -0.5902561794882532, -0.006791890892616767
-0.36146981898311226, -0.36125289959806883, -0.5902565050269649, -0.0067709067813726785
-0.36159530574146526, -0.36112902960753435, -0.5902577138306103, -0.006692411913293922
-0.3617193755174414, -0.361007703147441, -0.59025976491686, -0.006557072750438072
-0.36184093961349917, -0.3608899159078446, -0.5902625887471024, -0.006366038413489431
-0.36195891747744935, -0.3607766203924615, -0.5902660895837433, -0.006120930957304007
-0.36207224750573097, -0.3606687194562018, -0.5902701487356852, -0.005823831640848188
-0.36217989807647266, -0.3605670606537653, -0.5902746285820122, -0.005477263304506961
-0.36228087865036507, -0.3604724313788924, -0.5902793772375227, -0.005084169000198693
-0.36237425076583585, -0.3603855547562992, -0.5902842337019953, -0.004647887051281774
-0.36245913874761293, -0.36030708623376695, -0.590289033318645, -0.0041721227496283
-0.3625347399448917, -0.36023761081069217, -0.5902936133567349, -0.0036609169262086416
-0.36260033431710625, -0.3601776408319186, -0.5902978185290663, -0.003118611658800281
-0.36265529319194245, -0.36012761427201556, -0.5903015062572647, -0.0025498134057204244
-0.3626990870314719, -0.36008789343528014, -0.5903045515062925, -0.001959353877495138
-0.3627312920580268, -0.3600587640005294, -0.5903068510242216, -0.0013522489788357814
-0.36275159561123527, -0.36004043434692645, -0.5903083268434528, -0.00073365617092776
-0.3627598001309792, -0.3600330351072032, -0.590308928924602, -0.00010883061860312506
-0.36275582568733755, -0.36003661890727034, -0.5903086368533643, 0.0005169195017441385
-0.3627397110070455, -0.36005116026564443, -0.5903074605327768, 0.0011382781498021609
-0.3627116129759611, -0.36007655564183394, -0.5903054398473991, 0.0017499666365765757
-0.3626718046274754, -0.3601126236389508, -0.5903026433108038, 0.002346788518614687
-0.3626206716570489, -0.36015910538175633, -0.590299165742262, 0.002923673785627121
-0.36255870753212294, -0.36021566510631486, -0.5902951250514508, 0.0034757219625251665
-0.36248650729380105, -0.36028189101074437, -0.5902906582402567, 0.003998243756997786
-0.36240476017114476, -0.3603572964276348, -0.5902859167573039, 0.00448680089720086
-0.3623142411500174, -0.3604413213869184, -0.5902810613627678, 0.004937243820725524
-0.36221580165561185, -0.36053333464301307, -0.5902762566776357, 0.0053457468955182995
-0.3621103595206394, -0.36063263624145314, -0.5902716656022432, 0.005708840875582458
-0.3619988884194226, -0.3607384606979054, -0.5902674437933354, 0.006023442318818717
-0.3618824069515787, -0.3608499808562756, -0.5902637343868817, 0.0062868797209762045
-0.36176196755774404, -0.36096631248272837, -0.5902606631455256, 0.006496916148094759
-0.36163864544390933, -0.3610865196390136, -0.5902583341951345, 0.006651768179745914
-0.3615135276807888, -0.36120962086192177, -0.5902568264949367, 0.00675012100655478
-0.3613877026306527, -0.3613345961564356, -0.590256191160856, 0.006791139557655359
-0.3612622498366952, -0.3614603947887729, -0.590256449732736, 0.006774475566662844
-0.361138230490075, -0.3615859438427593, -0.5902575934441706, 0.006700270518217924
-0.36101667856775166, -0.3617101574794459, -0.5902595835196721, 0.00656915445096407
-0.36089859271115243, -0.36183194681650366, -0.590262352489112, 0.006382240626762563
-0.3607849288921181, -0.36195023032136353, -0.590265806474901, 0.006141116109837597
-0.3606765938894202, -0.3620639445911694, -0.5902698283744084, 0.005847828333181267
-0.36057443957708946, -0.36217205537407127, -0.5902742818297907, 0.005504867762733427
-0.36047925800556824, -0.3622735686709122, -0.5902790158506953, 0.005115146802370982
-0.36039177723894067, -0.3623675417445168, -0.590283869933176, 0.004681975114366308
-0.36031265789667455, -0.3624530938560824, -0.5902886795013114, 0.004209031560460031
-0.36024249033690536, -0.362529416544922, -0.590293281487061, 0.003700332997778021
-0.3601817924105055, -0.36259578326928366, -0.5902975198591792, 0.0031602001912288155
-0.36013100771124573, -0.3626515582321995, -0.5903012509137144, 0.0025932211294626382
-0.3600905042471886, -0.3626962042272641, -0.59030434814668, 0.002004212054666375
-0.3600605734619784, -0.3627292893546211, -0.5903067065436268, 0.001398176537127781
-0.360041429541619, -0.3627504924769749, -0.5903082461406239, 0.0007802629433567345
-0.3600332089522609, -0.3627596073085284, -0.5903089147358379, 0.00015572066135564406
-0.3600359701669549, -0.3627565450558454, -0.5903086896597237, -0.000470144541830208
-0.3600496935536942, -0.3627413355579998, -0.590307578543766, -0.0010920156470486172
-0.3600742814126582, -0.36271412690319715, -0.5903056190616887, -0.0017046096066893831
-0.36010955816673584, -0.3626751835295535, -0.5903028776519158, -0.0023027222763643816
-0.36015527072535747, -0.36262488284795735, -0.5902994472646236, -0.00288127266867659
-0.36021108905673915, -0.3625637104541539, -0.590295444209824, -0.003435346149478561
-0.3602766070171075, -0.3624922540244968, -0.590291004213404, -0.003960236206869463
-0.3603513434967258, -0.3624111960144891, -0.5902862778149107, -0.004451484436384572
-0.3604347439510124, -0.3623213053005938, -0.5902814252631787, -0.004904918402197353
-0.3605261823902999, -0.3622234279233085, -0.5902766110829132, -0.005316687053450858
-0.36062496390349685, -0.36211847710268774, -0.5902719984964792, -0.005683293396802966
-0.3607303277888234, -0.3620074227060752, -0.5902677438900293, -0.006001624150630876
-0.36084145135895584, -0.36189128035167273, -0.590263991511578, -0.00626897613280689
-0.3609574544782428, -0.3617711003306229, -0.5902608685807397, -0.006483079162243172
-0.36107740487651996, -0.361647956524785, -0.5902584809758795, -0.006642115284225226
-0.36120032426768156, -0.3615229354875239, -0.5902569096448338, -0.006744734160643951
-0.3613251952820947, -0.3613971258411012, -0.5902562078608286, -0.006790064498340808
-0.3614509692007236, -0.36127160812716297, -0.5902563994165737, -0.006777721421661808
-0.361576574456121, -0.3611474452270055, -0.5902574778177221, -0.00670780972875484
-0.3617009258419871, -0.36102567344646275, -0.5902594065030193, -0.00658092300493251
-0.3618229343495529, -0.3609072943371934, -0.5902621200836847, -0.0063981386003626696
-0.3619415175263945, -0.3607932673025762, -0.5902655265600313, -0.006161008513247457
-0.36205561023224453, -0.36068450301322064, -0.5902695104402215, -0.005871546253314808
-0.36216417564761494, -0.36058185763491846, -0.5902739366554824, -0.005532209793672526
-0.3622662163753272, -0.36048612785149436, -0.5902786551390989, -0.005145880751652086
-0.36236078546290296, -0.36039804664703334, -0.5902835059140046, -0.0047158399709699836
-0.36244699716574247, -0.3603182797969271, -0.5902883245165229, -0.004245739708114122
-0.3625240372674292, -0.36024742300549073, -0.5902929475724052, -0.0037395726550612874
-0.36259117277459707, -0.36018599961984576, -0.5902972183361122, -0.0032016380579743616
-0.36264776080969696, -0.3601344588455466, -0.5903009920055204, -0.0026365052171289645
-0.36269325653556994, -0.36009317438896227, -0.5903041406318177, -0.0020489746766914944
-0.36272721996082047, -0.3600624434547024, -0.5903065574580616, -0.0014440374338285937
-0.36274932149419903, -0.3600424860330397, -0.5903081605392397, -0.0008268325147016661
-0.3627593461390629, -0.36003344442202223, -0.5903088955210244, -0.0002026032799403107
-0.36275719624486835, -0.3600353829412213, -0.5903087374829548, 0.00042334716602116906
-0.362742892760872, -0.36004828780831155, -0.5903076917835064, 0.001045701078995389
-0.36271657496695897, -0.36007206716520357, -0.5903057938783836, 0.0016591713049226586
-0.362678498686999, -0.36010655125658697, -0.5903031081181904, 0.0022585462468409693
-0.36262903302041116, -0.36015149277974634, -0.5902997255662819, 0.0028387341826718363
-0.3625686556569555, -0.36020656743967316, -0.5902957609108229, 0.00339480655362465
-0.36249794686722425, -0.3602713747570985, -0.5902913485758188, 0.003922039852612771
-0.3624175822862121, -0.3603454391885116, -0.5902866381630328, 0.004415955755034051
-0.3623283246289859, -0.36042821162593874, -0.5902817893793996, 0.004872359150405831
-0.36223101449527195, -0.36051907134975036, -0.5902769666219712, 0.005287373752430142
-0.3621265604333117, -0.3606173285097509, -0.5902723334040184, 0.005657474986842078
-0.3620159284422775, -0.3607222272080295, -0.5902680468112835, 0.00597951988058584
-0.3619001310967449, -0.3608329492514579, -0.5902642521763227, 0.006250773702182013
-0.3617802164761331, -0.36094861863235606, -0.5902610781514666, 0.006468933131308738
-0.3616572570768609, -0.36106830678295554, -0.5902586323473905, 0.006632145765336046
-0.36153233887541836, -0.36119103863313784, -0.5902569976851071, 0.00673902580155681
-0.3614065506970848, -0.36131579948204684, -0.5902562295849881, 0.006788665765894702
-0.36128097402818726, -0.36144154267309436, -0.5902563540880729, 0.006780644191700766
-0.3611566733901277, -0.3615671980392464, -0.5902573669733119, 0.0067150291856540615
-0.3610346873717256, -0.36169168106206817, -0.5902592339006545, 0.006592377851550708
-0.36091602039338966, -0.361813902664502, -0.5902618915751335, 0.006413731576700919
-0.36080163525311004, -0.36193277953465686, -0.5902652498925045, 0.006180607219561856
-0.3606924464809713, -0.36204724485666795, -0.5902691949937432, 0.0058949842709218915
-0.3605893145066307, -0.3621562593057509, -0.5902735931248995, 0.005559288094217958
-0.36049304062366283, -0.36225882214860416, -0.5902782951715085, 0.00517636938320086
-0.36040436271650644, -0.36235398227789495, -0.5902831417138872, 0.004749480006938173
-0.36032395170045617, -0.36244084900119056, -0.5902879684319641, 0.004282245442816599
-0.36025240861321906, -0.36251860240079614, -0.5902926116764345, 0.003778634027517179
-0.36019026228819484, -0.36258650308168294, -0.5902969140173563, 0.0032429232836128806
-0.36013796753514116, -0.36264390113023304, -0.590300729582047, 0.00267966360519495
-0.36009590375314204, -0.36269024411676254, -0.5903039290012704, 0.002093639609483143
-0.36006437390380075, -0.36272508398953696, -0.5903064037959491, 0.0014898294824309821
-0.36004360377900013, -0.36274808272691506, -0.5903080700556176, 0.0008733626646285336
-0.36003374150709244, -0.3627590166368644, -0.5903088712838198, 0.0002494762390801264
-0.3600348572534843, -0.3627577792187776, -0.5903087803139314, -0.0003765296055248113
-0.36004694308567764, -0.36274438253058094, -0.5903078002303983, -0.0009993366538037644
-0.3600699129883066, -0.36271895703380364, -0.5903059642641421, -0.001613653897612037
-0.3601036030298068, -0.36268174991970714, -0.5903033346656748, -0.0022142625361345663
-0.3601477716984095, -0.3626331219499236, -0.5903000005941629, -0.002796060355554733
-0.3602021004403849, -0.36257354287447063, -0.5902960750940535, -0.0033541051075246377
-0.36026619444721686, -0.36250358551764106, -0.5902916912618342, -0.0038836565149929178
-0.36033958374999786, -0.36242391864738766, -0.590286997732955, -0.004380216546659724
-0.3604217246882804, -0.36233529876573367, -0.5902821536419982, -0.004839567617235144
-0.36051200182635046, -0.36223856097582463, -0.5902773232270137, -0.005257808389550987
-0.3606097303921678, -0.3621346090951305, -0.5902726702609997, -0.0056313868761608595
-0.360714159312708, -0.36202440519357615, -0.5902683524993368, -0.005957130562084138
-0.36082447491414327, -0.3619089587399402, -0.590264516331413, -0.00623227329651905
-0.36093980534622216, -0.3617893155396583, -0.5902612918177458, -0.00645447872938148
-0.36105922577753946, -0.361666546642301, -0.5902587882808058, -0.006621860098135292
-0.3611817643925055, -0.3615417373877935, -0.5902570905989709, -0.006732996201297105
-0.36130640920209856, -0.36141597674724324, -0.5902562563291928, -0.006786943426966328
-0.3614321156595668, -0.3612903470976284, -0.5902563137558762, -0.006783243737510712
-0.3615578150496971, -0.3611659145501329, -0.5902572609320746, -0.006721928544906504
-0.36168242359688463, -0.3610437199303488, -0.5902590657454881, -0.00660351844498024
-0.36180485221373837, -0.36092477048561833, -0.5902616670070295, -0.006429018812728923
-0.36192401678914987, -0.3608100323712715, -0.5902649765250763, -0.006199911294812478
-0.3620388488933919, -0.36070042394416557, -0.5902688820951242, -0.005918141269023221
-0.36214830675871623, -0.36059680986959763, -0.5902732513035484, -0.005586101373841908
-0.36225138637766896, -0.3604999960269546, -0.590277936016566, -0.005206611243878582
-0.3623471325486518, -0.3604107251810875, -0.5902827774022729, -0.004782893618842906
-0.36243464968958616, -0.3603296733709189, -0.5902876113155361, -0.004318547024453008
-0.3625131122362514, -0.36025744695453343, -0.5902922738632013, -0.003817515253114235
-0.36258177444227413, -0.3601945802414397, -0.5902966069609424, -0.0032840539000076625
-0.3626399794029198, -0.3601415336378543, -0.5903004636933372, -0.0027226942361387152
-0.3626871671347045, -0.36009869222984814, -0.5903037132953947, -0.0021382047236203714
-0.36272288155730603, -0.36006636473193987, -0.5903062455865925, -0.0015355504997178965
-0.362746776242842, -0.3600447827348704, -0.5903079747070131, -0.0009198511746890587
-0.3627586188199683, -0.36003410019563364, -0.5903088420288474, -0.0002963373039631982
-0.36275829394569126, -0.3600343931247194, -0.5903088181444884, 0.000329694092508379
-0.36274580478573837, -0.3600456594395425, -0.5903079038637643, 0.0009529245820108375
-0.36272127297387824, -0.36006781896838447, -0.5903061301864755, 0.0015680595548648365
-0.36268493705101656, -0.3601007136052974, -0.5903035572511702, 0.0021698732554703932
-0.36263714941526104, -0.3601441076324561, -0.5903002722958233, 0.0027532532217216326
-0.36257837184366437, -0.3601976882417981, -0.5902963866996056, 0.003313243751458151
-0.36250916967416447, -0.36026106630166366, -0.5902920322061045, 0.003845088023691354
-0.3624302047615613, -0.3603337774259543, -0.5902873564561141, 0.004344268514809808
-0.3623422273435325, -0.3604152834124592, -0.5902825179815165, 0.004806545365643065
-0.3622460669711133, -0.36050497412302307, -0.5902776808300427, 0.005227992373923143
-0.36214262267224606, -0.360602169880754, -0.590273009003192, 0.005605030308074311
-0.3620328525266512, -0.3607061244582359, -0.5902686608959021, 0.005934457262109894
-0.36191776283518906, -0.36081602872573415, -0.5902647839264816, 0.006213475797433384
-0.36179839706702177, -0.36093101501954505, -0.5902615095388377, 0.006439716645243205
-0.3616758247633689, -0.3610501622782548, -0.5902589487463931, 0.0066112587727410145
-0.36155113056774724, -0.3611725019790021, -0.5902571883687088, 0.006726645647171613
-0.36142540353969155, -0.36129702488732673, -0.5902562880883442, 0.006784897563620235
-0.36129972689254464, -0.3614226886133871, -0.5902562784276765, 0.006785519935219674
-0.3611751682766504, -0.3615484259449052, -0.590257159714233, 0.006728507477751707
-0.36105277070784203, -0.36167315390382604, -0.5902589020695864, 0.00661434425435381
-0.3609335442182454, -0.3617957834501817, -0.5902614464221958, 0.0064439995799651035
-0.3608184582829155, -0.3619152297337469, -0.5902647065098742, 0.006218919819070003
-0.36070843505243944, -0.3620304227725888, -0.5902685718040304, 0.005941016144031458
-0.3606043433992009, -0.3621403184183174, -0.5902729112566106, 0.005612648354647775
-0.36050699376414175, -0.3622439094513523, -0.5902775777427578, 0.005236604892309529
-0.36041713377230644, -0.3623402366365648, -0.5902824130486332, 0.004816079214050763
-0.36033544456970124, -0.36242839956062933, -0.5902872532353394, 0.004354642722642836
-0.3602625378215458, -0.3625075670678424, -0.590291934197125, 0.003856214478411212
-0.3601989533030925, -0.3625769871111746, -0.5902962972254261, 0.0033250279463949567
-0.3601451570091023, -0.3626359958401556, -0.5903001943900956, 0.0027655950585308018
-0.36010153970677006, -0.36268402575672254, -0.5903034935553273, 0.0021826678944418584
-0.36006841585933447, -0.36272061278425904, -0.5903060828601637, 0.0015811983058582003
-0.360046022853559, -0.3627454021133838, -0.5903078745116108, 0.0009662958284181209
-0.3600345204733383, -0.36275815271013334, -0.5903088077616877, 0.00034318424034095185
-0.36003399057343166, -0.36275874039744505, -0.5903088509674131, -0.00028284286000050777
-0.3600444369211864, -0.3627471594486176, -0.5903080026638426, -0.0009064670764324293
-0.3600657851893946, -0.36272352266089103, -0.5903062916137435, -0.0015223904504648828
-0.36009788309951807, -0.36268805990768394, -0.5903037758322317, -0.002125380521116463
-0.36014050073057824, -0.3626411151984208, -0.5903005406194526, -0.00271031482193466
-0.36019333102445183, -0.3625831423045076, -0.5902966956680592, -0.00327222443333911
-0.3602559905323033, -0.36251469903796174, -0.590292371343616, -0.003806336217227016
-0.36032802045887236, -0.36243644029473665, -0.5902877142641051, -0.004308113372997653
-0.3604088880706956, -0.36234910999722636, -0.5902828823284796, -0.004773293969595054
-0.36049798854058834, -0.3622535320891064, -0.5902780393628695, -0.005197927126612764
-0.36059464730352875, -0.36215060075023775, -0.5902733495660023, -0.005578406538700842
-0.3606981229981425, -0.3620412700093103, -0.5902689719421723, -0.0059115010611888175
-0.3608076110632651, -0.3619265429371973, -0.5902650549105011, -0.006194382100705146
-0.3609222480505314, -0.3618074606044793, -0.5902617312732247, -0.006424647582343532
-0.3610411167018027, -0.36168509098242774, -0.5902591137135513, -0.006600342294317934
-0.3611632518248059, -0.3615605179581567, -0.5902572909756744, -0.006719974441785247
-0.3612876469820312, -0.3614348306220181, -0.5902563248563812, -0.006782528273341251
-0.3614132619873063, -0.3613091129691781, -0.5902562481102035, -0.006787472676367662
-0.36153903118211383, -0.36118443413823087, -0.5902570633390789, -0.006734765670702438
-0.361663872440419, -0.3610618392884023, -0.5902587429041501, -0.0066248547638093945
-0.36178669682722586, -0.3609423411941144, -0.5902612298626846, -0.0064586731645381555
-0.36190641881314445, -0.3608269126121897, -0.5902644398983754, -0.00623763188649662
-0.3620219669256063, -0.3607164794535628, -0.590268264179619, -0.00596360780581261
-0.36213229469788133, -0.36061191476881715, -0.5902725730489178, -0.005638927771439849
-0.3622363917603514, -0.3605140335358853, -0.5902772204183926, -0.005266348898958428
-0.3623332949052178, -0.36042358821948595, -0.5902820487224357, -0.004849035210807592
-0.36242209894652233, -0.3603412650559097, -0.5902868942596465, -0.004390530816830881
-0.3625019671924078, -0.3602676810040333, -0.5902915927429676, -0.0038947298586543616
-0.3625721413462336, -0.36020338129428564, -0.590295984869863, -0.0033658434694864357
-0.3626319506576078, -0.36014883750189286, -0.5902999217236697, -0.00280836402714115
-0.3626808201535945, -0.3601044460691649, -0.5903032698229648, -0.0022270270021565123
-0.3627182777941218, -0.36007052720375654, -0.5903059156476883, -0.0016267707245201071
-0.3627439604136343, -0.36004732408552453, -0.5903077694885138, -0.001012694411448984
-0.36275761833285924, -0.360035002323448, -0.590308768488873, -0.0003900148146442
-0.3627591185496156, -0.36003364961567585, -0.5903088787764457, 0.00023597814177525714
-0.36274844644518667, -0.3600432755794485, -0.5903080966117932, 0.0008599663520481028
-0.3627257059721526, -0.3600638117328666, -0.590306448515166, 0.001476648761759451
-0.3626911183199255, -0.3600951116265161, -0.5903039903671813, 0.0020807864542732746
-0.36264501908467695, -0.3601369511390795, -0.5903008055138877, 0.002667247203215168
-0.362587854000028, -0.36018902896653293, -0.5902970019405023, 0.00323104910861361
-0.3625201733129968, -0.36025096734869055, -0.590292708609705, 0.00376740294285939
-0.3624426249154328, -0.36032231308899443, -0.590288071088706, 0.004271752844610746
-0.3623559463638615, -0.3604025389330364, -0.5902832466134187, 0.004739815013979967
-0.36226095593964236, -0.36049104537778076, -0.5902783987571343, 0.0051676140805655075
-0.36215854291621363, -0.3605871629865409, -0.5902736918844983, 0.005551516836893148
-0.36204965721054383, -0.36069015528412507, -0.5902692855788442, 0.00588826305332744
-0.361935298601506, -0.3607992223021017, -0.5902653292318083, 0.006174993116227331
-0.36181650569877266, -0.3609135048359038, -0.5902619569786342, 0.006409272258757234
-0.3616943448419907, -0.36103208946361387, -0.5902592831508332, 0.00658911118304417
-0.3615698991017242, -0.36115401436106054, -0.5902573984003106, 0.006712982903017416
-0.3614442575413299, -0.3612782759297408, -0.5902563666263009, 0.006779835669020447
-0.3613185048830081, -0.36140383623359107, -0.5902562228092456, 0.00678910186790231
-0.36119371170240167, -0.36152963121839177, -0.5902569718249971, 0.006740702825550131
-0.36107092525496454, -0.3616545796643381, -0.5902585882795365, 0.006635049472505324
-0.3609511610145937, -0.36177759279874966, -0.590261017369796, 0.0064730388672116085
-0.3608353949815808, -0.36189758447287035, -0.5902641767414251, 0.006256046605379803
-0.36072455679348137, -0.36201348178497084, -0.5902679592805549, 0.005985915177728537
-0.3606195236498634, -0.36212423601226507, -0.5902722367449662, 0.005664938371774188
-0.3605211150407662, -0.3622288336972306, -0.5902768641116106, 0.0052958418461892445
-0.36043008824977696, -0.3623263077203932, -0.5902816844931563, 0.004881760038304504
-0.3603471345864019, -0.3624157481819754, -0.5902865344569127, 0.0044262095963599375
-0.36027287628946525, -0.3624963129095795, -0.5902912495658444, 0.003933059557855992
-0.3602078640337988, -0.3625672374083514, -0.5902956699538184, 0.003406498523552875
-0.3601525749668415, -0.3626278440742132, -0.5902996457460561, 0.0028509991030270807
-0.3601074111998731, -0.3626775504995512, -0.5903030421409718, 0.002271279931934964
-0.36007269868054426, -0.36271587671421357, -0.5903057439810534, 0.0016722655829652466
-0.3600486863787773, -0.36274245122237536, -0.5903076596577487, 0.0010590447116091114
-0.3600355457267469, -0.3627570157173793, -0.5903087242178904, 0.0004368267940799223
-0.3600333702650481, -0.36275942838151365, -0.59030890156628, -0.00018910217225528357
-0.36004217546071227, -0.36274966570510103, -0.590308185689698, -0.0008134246259053012
-0.3600618986778773, -0.3627278227885622, -0.5903066008608181, -0.0014308366695652153
-0.36009239929790104, -0.362694112121408, -0.5903042008151037, -0.0020360931809824965
-0.360133459001849, -0.3626488608625731, -0.5903010669286112, -0.002624052418755844
-0.3601847822438451, -0.3625925066763013, -0.5902973054585269, -0.003189719740176464
-0.3602459969580404, -0.3625255922060282, -0.5902930439400528, -0.00372829005651036
-0.3603166555542787, -0.3624487582946754, -0.5902884268618689, -0.004235188662838577
-0.3603962362673192, -0.36236273608268643, -0.5902836107668651, -0.004706110094544541
-0.36048414493122016, -0.36226833813443393, -0.5902787589443008, -0.005137054680548195
-0.36057971725383564, -0.36216644875881476, -0.5902740358934004, -0.00552436248418783
-0.36068222166601127, -0.3620580137005248, -0.5902696017461081, -0.005864744345971003
-0.3607908628158992, -0.361944029384487, -0.59026560683809, -0.006155309767972371
-0.3609047857708605, -0.36182553189713107, -0.5902621866120239, -0.006393591407159871
-0.3610230809778032, -0.3617035858847184, -0.5902594570259254, -0.006577565974096351
-0.3611447900178314, -0.3615792735409765, -0.5902575106221288, -0.006705671364016738
-0.3612689121731678, -0.3614536838442538, -0.5902564133901342, -0.0067768198789596714
-0.361394411803975, -0.36132790218874256, -0.5902562025296226, -0.006790407432193245
-0.36152022651057414, -0.36120300053565246, -0.5902568851894322, -0.006746318659388964
-0.3616452760333462, -0.3610800281891837, -0.5902584382252237, -0.00664492789465398
-0.3617684718190528, -0.3609600032795548, -0.5902608089840427, -0.006487096003426966
-0.3618887271592157, -0.36084390501188746, -0.5902639170891956, -0.006274163098184524
-0.3620049677843251, -0.3607326667162911, -0.5902676571649713, -0.00600793719669786
-0.3621161427777888, -0.36062716971176556, -0.590271902408878, -0.005690678916027842
-0.36222123565636566, -0.36052823797526234, -0.5902765088903504, -0.005325082328342149
-0.36231927545001275, -0.36043663358813116, -0.5902813204302451, -0.0049142521367622006
-0.3624093476041512, -0.3603530529157599, -0.5902861738957447, -0.004461677360561658
-0.36249060452172843, -0.3602781234629717, -0.5902909047311914, -0.003971201748891354
-0.36256227556142817, -0.3602124013380281, -0.5902953525373413, -0.0034469911705263118
-0.3626236763121391, -0.36015636925215155, -0.59029936650988, -0.002893498253639953
-0.36267421697224145, -0.3601104349792993, -0.5903028105527649, -0.0023154245740198746
-0.36271340967541765, -0.36007493020258097, -0.590305567892994, -0.0017176807121617743
-0.3627408746220563, -0.3600501096788664, -0.59030754504026, -0.0011053445190352458
-0.36275634489665365, -0.36003615066155814, -0.5903086749571842, -0.0004836179467472647
-0.36275966987618313, -0.36003315253268275, -0.5903089193325721, 0.00014221718639579725
-0.36275081716170465, -0.36004113660890147, -0.5903082698805715, 0.000766844117004099
-0.3627298729946229, -0.3600600461010586, -0.5903067486216507, 0.0013849563580547865
-0.36269704114926726, -0.3600897462228534, -0.5903044071358702, 0.0019913028320161503
-0.3626526403239453, -0.36013002446036935, -0.5903013248137748, 0.002580732527813629
-0.36259710008247914, -0.3601805910298167, -0.5902976061642569, 0.0031482382982685035
-0.3625309554266404, -0.3602410795652373, -0.5902933772707177, 0.0036889994226665833
-0.3624548401060351, -0.3603110480904108, -0.5902887815157541, 0.004198422570580891
-0.3623694787951828, -0.3603899803391786, -0.5902839747193803, 0.004672180817808302
-0.36227567828710305, -0.3604772874954142, -0.5902791198556877, 0.0051062503830710294
-0.3621743178682534, -0.3605723104274601, -0.5902743815271124, 0.0054969447747353975
-0.362066339050649, -0.36067432249176434, -0.590269920383676, 0.005840946059941915
-0.36195273484338686, -0.3607825329766061, -0.5902658876764114, 0.006135332993939437
-0.3618345387473102, -0.36089609124907573, -0.5902624201296058, 0.006377605774784221
-0.36171281365346153, -0.36101409165717113, -0.5902596353056713, 0.0065657072176153524
-0.3615886408183038, -0.36113557922410244, -0.5902576276197282, 0.006698040173176416
-0.36146310907696666, -0.3612595561541989, -0.5902564651389601, 0.006773481046856574
-0.3613373044403543, -0.3613849891496491, -0.5902561872751965, 0.006791389307026808
-0.36121230020347195, -0.3615108175152597, -0.5902568034488986, 0.006751612904620341
-0.36108914767147604, -0.3616359620052919, -0.5902582927698194, 0.006654489559535875
-0.36096886758741864, -0.361759334342862, -0.590260604745155, 0.006500843903327105
-0.3608524423222672, -0.36187984731924516, -0.5902636609911931, 0.006291980501585836
-0.36074080886427884, -0.36199642535843135, -0.5902673578904706, 0.0060296728132375405
-0.360634852622003, -0.362108015412245, -0.5902715701044003, 0.005716148177448905
-0.3605354020337831, -0.3622135980339425, -0.5902761548223415, 0.005354068951791671
-0.3604432239573353, -0.362312198464143, -0.5902809566031183, 0.0049465099574964476
-0.3603590197963258, -0.3624028975526732, -0.5902858126448925, 0.0044969324188289025
-0.3602834223073854, -0.3624848423339797, -0.5902905583047615, 0.0040091546135771075
-0.3602169930210233, -0.36255725607237954, -0.5902950326809575, 0.003487319480083917
-0.360160220203641, -0.36261944759679254, -0.590299084068386, 0.0029358594529135893
-0.36011351728543706, -0.36267081975274595, -0.5903025751025041, 0.002359458823818088
-0.3600772216803221, -0.3627108768121954, -0.5903053874170866, 0.0017630139468794031
-0.3600515939289002, -0.36273923069880754, -0.5903074256579026, 0.0011515916262703355
-0.36003681710375435, -0.3627556059073769, -0.5903086207161463, 0.0005303860417355282
-0.3600329964272657, -0.36275984302041464, -0.5903089320719347, -9.532541958644778e-05
-0.3600401590654988, -0.36275190075205443, -0.5903083491683608, -0.0007202270461998911
-0.3600582540766082, -0.3627318564784632, -0.5903068917694895, -0.0013390100146610448
-0.36008715250813406, -0.36269990524413454, -0.5903046092901408, -0.0019464175427835262
-0.36012664765372593, -0.3626563572639494, -0.5903015791202074, -0.0025372895956198285
-0.3601764554955105, -0.3626016339708207, -0.5902979040003558, -0.003106606760390898
-0.3602362153728438, -0.36253626268727535, -0.5902937085381441, -0.0036495329142988797
-0.3603054909308093, -0.36246087002566174, -0.5902891349827409, -0.004161456320372864
-0.360383771412055, -0.36237617414510837, -0.590284338401572, -0.004638028800995157
-0.36047047336276816, -0.3622829760132238, -0.5902794814224839, -0.0050752026563262494
-0.3605649428274659, -0.3621821498363519, -0.5902747287197376, -0.005469265015246562
-0.36066645810748643, -0.3620746328335789, -0.5902702414308005, -0.005816869329394121
-0.36077423315446455, -0.36196141453636554, -0.5902661716932329, -0.006115063746117366
-0.3608874216626974, -0.36184352579763246, -0.5902626574868639, -0.006361316123392269
-0.3610051219131989, -0.36172202769129747, -0.590259817956088, -0.006553535478687702
-0.3611263824077695, -0.3615980004759952, -0.5902577493708101, -0.0066900896941251885
-0.3612502083138923, -0.3614725327852375, -0.5902565218629213, -0.006769819331805329
-0.3613755687212553, -0.3613467111911147, -0.5902561770488861, -0.006792047445616649
-0.3615014046887982, -0.3612216102703799, -0.590256726618992, -0.006756585308973137
-0.3616266380380916, -0.36109828328103977, -0.5902581519410668, -0.006663734011529566
-0.3617501808252992, -0.36097775353516404, -0.5902604046920837, -0.0065142819117957555
-0.36187094540076303, -0.36086100653024455, -0.5902634084962568, -0.006309497966517574
-0.36198785494314445, -0.3607489828779329, -0.5902670615141253, -0.0060511209915202905
-0.3620998543348628, -0.36064257204610883, -0.590271239894903, -0.005741344942222365
-0.36220592122793005, -0.36054260690867324, -0.5902758019751033, -0.0053828003350203536
-0.3623050771349634, -0.3604498590780125, -0.5902805930811563, -0.0049785319629991635
-0.36239639836958915, -0.3603650349781934, -0.5902854507732451, -0.004531973090703583
-0.36247902665417464, -0.3602887726032269, -0.5902902103526164, -0.0040469163427651915
-0.3625521792111004, -0.36022163889447323, -0.5902947104456604, -0.0035274815297471475
-0.36261515815679346, -0.36016412766473316, -0.590298798475434, -0.0029780806813680073
-0.36266735902555014, -0.3601166579938596, -0.5903023358350874, -0.002403380582008153
-0.3627082782625677, -0.36007957302178517, -0.5903052025877469, -0.0018082631257998732
-0.3627375195424266, -0.3600531390695382, -0.5903073015334419, -0.0011977838283761123
-0.36275479878997297, -0.36003754502675445, -0.5903085615051197, -0.0005771288492379684
-0.36275994780473597, -0.360032901955023, -0.5903089397819357, 4.842910753723851e-05
-0.3627529164169063, -0.36003924286952804, -0.590308423537944, 0.0006735756360899726
-0.36273377313182864, -0.3600565226762732, -0.5903070302770344, 0.0012929998299652922
-0.36270270425012774, -0.3600846182580669, -0.5903048072393627, 0.0019014394532217904
-0.3626600114810564, -0.36012332871858577, -0.5903018297994104, 0.0024937256932742657
-0.36260610809668736, -0.36017237580960104, -0.590298198910025, 0.003064827111203557
-0.36254151370322785, -0.3602314045810697, -0.5902940376791571, 0.0036098924127656805
-0.36246684773227567, -0.3602999843065934, -0.5902894871954215, 0.004124291674294325
-0.36238282177848746, -0.3603776097471585, -0.5902847017440845, 0.004603655671949164
-0.3622902309303072, -0.3604637028235391, -0.5902798435757372, 0.005043912980111141
-0.3621899442565336, -0.3605576147718659, -0.5902750774050645, 0.005441324524923021
-0.36208289462322385, -0.3606586288573652, -0.5902705648262555, 0.005792515301752254
-0.36197006802248344, -0.3607659637179581, -0.5902664588343897, 0.006094502990432598
-0.3618524925969727, -0.3608787774022948, -0.5902628986385307, 0.0063447232292321385
-0.3617312275415141, -0.3609961721559911, -0.590260004942339, 0.006541051337311753
-0.3616073520562252, -0.36111719999558545, -0.5902578758521513, 0.0066818203057030035
-0.36148195451440834, -0.3612408690924178, -0.590256583551195, 0.006765834908281969
-0.3613561219935789, -0.3613661509688262, -0.5902561718526341, 0.00679238181659872
-0.36123093029990816, -0.3614919884872301, -0.5902566547143554, 0.006761235635508612
-0.3611074345958435, -0.361617304589673, -0.5902580157658129, 0.00667266081012622
-0.36098666071832397, -0.36174101172183537, -0.5902602088629704, 0.00652740938848151
-0.36086959725169965, -0.3618620218522639, -0.5902631596525276, 0.006326714658205606
-0.36075718839592685, -0.3619792569753565, -0.5902667680924439, 0.006072280709416815
-0.3606503276476597, -0.362091659966263, -0.5902709118433473, 0.005766268009520794
-0.36054985229020053, -0.3621982056380336, -0.5902754504159153, 0.005411275108677533
-0.3604565386686084, -0.3622979118367238, -0.5902802299336749, 0.005010316627004713
-0.36037109820920166, -0.3623898503993367, -0.5902850883498041, 0.004566797705949769
-0.36029417412869835, -0.3624731577928395, -0.5902898609411047, 0.004084485136422186
-0.36022633876770194, -0.3625470452504387, -0.590294385892897, 0.0035674754049666293
-0.3601680914764489, -0.36261080822394864, -0.590298509785484, 0.0030201599261990364
-0.36011985697771, -0.3626638349785224, -0.5903020927961421, 0.0024471877546337526
-0.3600819841325421, -0.36270561416809544, -0.5903050134402221, 0.0018534260916133166
-0.36005474503898216, -0.36273574124636154, -0.5903071726905497, 0.0012439189230315645
-0.36003833440151345, -0.36275392358858083, -0.5903084973353979, 0.0006238441406513822
-0.36003286911972043, -0.3627599842234128, -0.5903089424611088, -1.5304861786836177e-06
-0.36003838805755606, -0.36275386410072274, -0.5903084929751425, -0.0006268921109143373
-0.3600548519693515, -0.362735622850092, -0.5903071641178764, -0.0012469279975996705
-0.36008214357454094, -0.3627054380148692, -0.5903050009457923, -0.0018563707077008545
-0.3601200677892059, -0.36266360277707566, -0.5903020768035857, -0.0024500428976533812
-0.3601683521383827, -0.3626105222185708, -0.5902984908370325, -0.0030229013424374063
-0.3602266473877912, -0.36254670819268364, -0.5902943646309986, -0.0035700798077302753
-0.36029452844660437, -0.3624727729072188, -0.5902898380866394, -0.004086930403892792
-0.36037149560349213, -0.3623894213436647, -0.59028506467764, -0.004569063069063965
-0.3604569761658677, -0.3622974426578669, -0.5902802062463962, -0.005012382845764472
-0.360550326576662, -0.36219770072388546, -0.5902754275166107, -0.0054131246354016315
-0.36065083508371265, -0.3620911239948167, -0.5902708905083807, -0.005767885137663917
-0.3607577250338452, -0.3619786948617719, -0.5902667490451343, -0.006073651706710071
-0.3608701588568878, -0.36186143869482823, -0.5902631435386279, -0.006327827883008157
-0.3609872427943098, -0.36174041274768587, -0.5902601962287746, -0.006528255388377312
-0.3611080324131849, -0.3616166951011227, -0.5902580070396382, -0.006673232401950373
-0.36123153892907856, -0.3614913738094607, -0.5902566501920199, -0.0067615279661435304
-0.3613567363418029, -0.3613655363996434, -0.5902561716874322, -0.006792392404040324
-0.3614825693663013, -0.36124025985465913, -0.5902565877486984, -0.006765563662639132
-0.3616079621179843, -0.3611166011926752, -0.5902578842700215, -0.006681269529958034
-0.36173182748829147, -0.36099558873102633, -0.5902600172951519, -0.0065402257078357885
-0.36185307712293757, -0.36087821410091403, -0.5902629145074514, -0.006343629756215028
-0.3619706318930037, -0.36076542505516396, -0.5902664776813727, -0.006093150958551913
-0.3620834327284578, -0.36065811908831424, -0.5902705860122827, -0.005790916191569012
-0.36219045166569264, -0.36055713786658905, -0.5902751002118091, -0.00543949191565208
-0.3622907029457435, -0.36046326244542326, -0.5902798672299155, -0.005041862434570072
-0.36238325398874016, -0.3603772092349615, -0.5902847254436737, -0.0046014046046408625
-0.36246723606318143, -0.3602996266597074, -0.5902895101368502, -0.004121859203722709
-0.3625418544661927, -0.36023109244768703, -0.5902940590845512, -0.003607299199221064
-0.36260639803325045, -0.3601721114774259, -0.5902982180535824, -0.003062095181381875
-0.36266024780291795, -0.36012311410772235, -0.5903018460320103, -0.0024908782532112855
-0.3627028846738789, -0.3600844549157306, -0.590304820010577, -0.0018985006911289917
-0.362733895907715, -0.3600564117729874, -0.5903070391537916, -0.0012899947106457979
-0.3627529803510614, -0.360039185196533, -0.5903084282192145, -0.0006705296886903262
-0.36275995227444835, -0.3600328979226649, -0.59030894010894, -4.536820845275807e-05
-0.36275474375167593, -0.36003759466369223, -0.5903085574667128, 0.0005801786964416613
-0.3627374055322604, -0.3600532420226915, -0.590307293266491, 0.0012007967141345359
-0.36270810638949513, -0.36007972855700976, -0.5903051903724905, 0.0018112134549131647
-0.3626671309571635, -0.36011686499742557, -0.5903023200856314, 0.0024062432913032603
-0.3626148760981057, -0.36016438464576006, -0.5902987797257107, 0.0029808314527913983
-0.36255184587672484, -0.36022194398853014, -0.5902946893313229, 0.0035300969970626394
-0.36247864523445084, -0.3602891235773793, -0.5902901875894841, 0.004049374290090869
-0.3623959724913016, -0.36036542923781845, -0.5902854271330324, 0.004534252641196595
-0.3623046108174114, -0.3604502936757392, -0.5902805693653072, 0.004980613756087349
-0.36220541883515256, -0.3605430785558066, -0.5902757789876172, 0.005384666690682782
-0.36209932052490024, -0.360643077126914, -0.590271218415077, 0.005742980010936286
-0.36198729461522405, -0.3607495174671095, -0.5902670422701323, 0.00605251088861842
-0.361870363641311, -0.3608615664138982, -0.5902633921404608, 0.006310630889834889
-0.3617495828536551, -0.36097833423551573, -0.5902603917789229, 0.006515148241628726
-0.361626029152757, -0.3610988800850303, -0.5902581429082578, 0.006664326392080872
-0.3615007902150049, -0.36122221826225953, -0.5902567217726916, 0.006756898710610151
-0.3613749539605442, -0.36134732528898716, -0.5902561765533146, 0.006792079207431889
-0.3612495984963018, -0.36147314778141837, -0.5902565257347934, 0.006769569184129712
-0.3611257826471438, -0.3615986110809527, -0.5902577574787689, 0.0066895597608094635
-0.3610045371659938, -0.36172262858079773, -0.5902598300251588, 0.006552730259133577
-0.3608868566905654, -0.3618441116626252, -0.590262673107775, 0.006360242454480204
-0.3607736924907703, -0.3619619801350221, -0.5902661903362891, 0.006113730744343492
-0.3606659460278061, -0.36207517304480996, -0.5902702624638402, 0.005815288313691739
-0.3605644633240158, -0.36218265971404606, -0.5902747514295633, 0.0054674494111281
-0.36047003012260737, -0.36228345084037594, -0.5902795050390411, 0.005073167882138191
-0.3603833677988513, -0.3623766094869797, -0.5902843621240559, 0.004635792137229789
-0.36030512996986575, -0.36246126178106397, -0.5902891580067472, 0.004159036763125847
-0.36023589973905845, -0.3625366071370857, -0.5902937300829413, 0.003646951014099176
-0.3601761875039131, -0.3626019278228553, -0.5902979233353579, 0.0031038844477578767
-0.36012642925221383, -0.36265659769335734, -0.5903015955897457, 0.0025344499948204745
-0.36008698527205685, -0.3627000899285501, -0.5903046223356959, 0.0019434847753688998
-0.3600581392048645, -0.3627319836272377, -0.5903069009486303, 0.0013360089944539379
-0.3600400973778638, -0.3627519691289969, -0.5903083541697474, 0.0007171832674842759
-0.3600329883627118, -0.36275985195959426, -0.5903089327258764, 9.226474031229261e-05
-0.3600368627196, -0.36275555532166437, -0.5903086170003552, -0.0005334376198721891
-0.3600516929007028, -0.36273912108099693, -0.5903074176982497, -0.0011546081789827842
-0.360077373302497, -0.36271070922867477, -0.5903053754833326, -0.0017659698477802764
-0.360113720472674, -0.3626705958298482, -0.5903025595991536, -0.002362328962349458
-0.3601604734932564, -0.36261916950009443, -0.5902990655209693, -0.0029386194478465606
-0.3602172945764658, -0.36255692647936355, -0.5902950117182107, -0.003489945886758461
-0.3602837699231636, -0.36248446440059157, -0.5902905356373074, -0.004011625123110995
-0.3603594109046785, -0.36240247487442234, -0.5902857890411444, -0.004499226047598572
-0.3604436556369979, -0.3623117350324906, -0.590280932863226, -0.0049486072252813845
-0.36053587102121465, -0.36221309818878766, -0.5902761317510631, -0.005355952047076242
-0.3606353553254431, -0.3621074837913778, -0.5902715484838165, -0.0057178011084901
-0.3607413413809697, -0.361995866844842, -0.5902673384534693, -0.00603108154363266
-0.36085300045915636, -0.3618792669871935, -0.5902636443966246, -0.006293133069208973
-0.36096944688557897, -0.3617587374035851, -0.5902605915554953, -0.0065017305216462295
-0.36108974343441635, -0.3616353537531858, -0.5902582834321021, -0.0066551027004720644
-0.36121290752942625, -0.36151020327532213, -0.5902567982795605, -0.00675194736226577
-0.3613379182585299, -0.36138437422688496, -0.5902561864493513, -0.00679144224169749
-0.3614637241876303, -0.36125894578559825, -0.5902564686844626, -0.006773252009118295
-0.36158925193645863, -0.36113497853369547, -0.5902576354162292, -0.006697531107647141
-0.3617134154557705, -0.3610135056145639, -0.590259647088698, -0.006564922446512785
-0.3618351259217939, -0.36089552463174257, -0.5902624354995263, -0.0063765519613533635
-0.3619533021413235, -0.3607819903361096, -0.5902659061119828, -0.006134019086060102
-0.362066881340007, -0.360673808123956, -0.5902699412597137, -0.005839383214379492
-0.36217483018790175, -0.36057182834661616, -0.5902744041356849, -0.005495146262658922
-0.3622761559009815, -0.36047684141216596, -0.5902791434301158, -0.00510423147761941
-0.362369917245562, -0.36038957364201774, -0.5902839984602307, -0.004669958664637414
-0.3624552352649749, -0.36031068383048304, -0.5902888046179429, -0.00419601604246993
-0.36253130354474217, -0.3602407604440945, -0.5902933989508053, -0.003686428959400078
-0.36259739783406386, -0.3601803193897726, -0.590297625687013, -0.0031455257331397253
-0.3626528848478089, -0.36012980227708336, -0.5903013415171079, -0.0025779009022136425
-0.36269723008425236, -0.3600895750997879, -0.5903044204532759, -0.0019883761996802728
-0.3627300045093155, -0.36005992726547387, -0.5903067581014235, -0.0013819595806318378
-0.36275088997767835, -0.3600410709090972, -0.5903082752011205, -0.000763802652693749
-0.36275968328433406, -0.3600331404362518, -0.5903089203133278, -0.00013915687346334032
-0.3627562987662971, -0.36003619225447825, -0.5903086715647196, 0.00048667110972169537
-0.3627407694026049, -0.3600502046653369, -0.5903075373894257, 0.0011083645942852485
-0.36271324639060964, -0.36007507790558635, -0.5903055562430229, 0.0017206420433405873
-0.3626739972070323, -0.3601106343419609, -0.5903027952984823, 0.0023183020043878668
-0.36262340219251543, -0.3601566188400025, -0.590299348168313, 0.0028962673399607545
-0.36256194972755396, -0.3602126993424247, -0.5902953317301896, 0.0034496283908386424
-0.36249023009493464, -0.3602784677059019, -0.590290882163744, 0.0039736847023804705
-0.3624089281484262, -0.36035344085637355, -0.5902861503329674, 0.0044639849578272045
-0.3623188149287119, -0.3604370623313332, -0.5902812966708416, 0.00491636477886686
-0.3622207383849637, -0.36052870428274597, -0.5902764857396828, 0.005326982073126917
-0.3621156133735274, -0.3606276700158402, -0.5902718806516611, 0.0056923496302934
-0.36200441111365433, -0.3607331971368598, -0.5902676375386688, 0.00600936469297638
-0.36188814828392424, -0.3608444613768773, -0.5902639002590178, 0.006275335254960165
-0.3617678759419716, -0.3609605811490504, -0.5902607955203961, 0.006488002867806147
-0.3616446684444682, -0.361080622883442, -0.5902584285843732, 0.006645561766635261
-0.3615196125343789, -0.3612036071670962, -0.5902568796980341, 0.00674667415703759
-0.3613937967486631, -0.3613285156979118, -0.5902562013736521, 0.006790481537184068
-0.36126830128242493, -0.36145429903960913, -0.5902564166085803, 0.006776611962114843
-0.36114418842564255, -0.36157988514232287, -0.5902575181056733, 0.0067051831906287
-0.3610224936667099, -0.36170418856989395, -0.5902594685206469, 0.006576801688992732
-0.3609042175339702, -0.36182612035152106, -0.590262201728008, 0.006392557499632423
-0.36079031822280316, -0.3619445983527766, -0.590265625062645, 0.006154015016857729
-0.3606817050326907, -0.3620585580400454, -0.5902696224611467, 0.005863199745334204
-0.3605792326165036, -0.36216696349372257, -0.5902740583963919, 0.005522581150220913
-0.36048369602397556, -0.3622688185099123, -0.5902787824720884, 0.00513505174045299
-0.3603958265033924, -0.36236317761830694, -0.5902836345215398, 0.0047039025583211725
-0.36031628801058835, -0.36244915683601997, -0.5902884500378202, 0.004232795279047433
-0.36024567436273824, -0.36252594397367777, -0.5902930657512835, 0.003725731153213853
-0.3601845069664871, -0.3625928083113106, -0.590297325165303, 0.0031870170523968927
-0.36013323304582556, -0.3626491094675859, -0.590301083862544, 0.002621228903905222
-0.36009222429476373, -0.3626943052966418, -0.590304214401813, 0.0020331728238283412
-0.36006177588323207, -0.3627279586619687, -0.5903066106394101, 0.001427844278391292
-0.36004210575137485, -0.36274974295611073, -0.5903081913283926, 0.0008103856216070014
-0.36003335413722704, -0.362759446257902, -0.5903089028736626, 0.00018604237217483224
-0.36003558329507723, -0.362756974044914, -0.5903087211494021, -0.0004398813957244326
-0.36004877737610275, -0.3627423504070548, -0.5903076523171971, -0.0010620681648148096
-0.3600728424584255, -0.36271571773705125, -0.5903057326170933, -0.0016752322026555532
-0.3601076067298752, -0.36267733490401055, -0.5903030271386733, -0.0022741645163939454
-0.3601528208427357, -0.36262757394654277, -0.5902996276138462, -0.0028537771481817607
-0.3602081584748752, -0.3625669153512081, -0.5902956493062401, -0.0034091464312670902
-0.3602732171452292, -0.3624959420094649, -0.5902912271027195, -0.003935554836454732
-0.36034751934296294, -0.36241533197111275, -0.5902865109396133, -0.004428531051675068
-0.3604305140382731, -0.36232585013376606, -0.5902816607187868, -0.004883887953619135
-0.36052157864820034, -0.3622283390256055, -0.5902768408859833, -0.0052977581495586065
-0.3606200215327109, -0.36212370885203826, -0.5902722148552798, -0.005666626789313452
-0.36072508509442125, -0.36201292698574883, -0.5902679394687073, -0.0059873613715822034
-0.3608359495496547, -0.3618970070836631, -0.5902641596788598, -0.006257238295220707
-0.36095173742905673, -0.36177699801368, -0.5902610036347413, -0.006473965934259459
-0.36107151885300437, -0.3616539727687005, -0.5902585783374016, -0.006635704045203462
-0.3611943176108299, -0.36152901753585964, -0.590256966012595, -0.006741079346193535
-0.36131911805392114, -0.36140322107528833, -0.5902562213233772, -0.006789197139668627
-0.36144487279162885, -0.3612776645457957, -0.5902563695170819, -0.0067796488830181535
-0.3615705111562749, -0.36115341189517347, -0.590257405569473, -0.00671251564512931
-0.3616949483800891, -0.36103150091105196, -0.5902592943550584, -0.00658836742051016
-0.3618170954034582, -0.3609129350052134, -0.5902619718377977, -0.0064082583066063575
-0.3619358692111737, -0.3607986757807351, -0.5902653472418686, -0.006173717583834206
-0.362050203572193, -0.3606896364080445, -0.5902693061289287, -0.005886736771532139
-0.3621590600395922, -0.3605866758137706, -0.5902737142776112, -0.005549752766284558
-0.3622614390514787, -0.3604905936657813, -0.5902784222337873, -0.005165627201685851
-0.36235639096131833, -0.3604021261196896, -0.5902832703773795, -0.00473762220036079
-0.36244302681788965, -0.3603219422769218, -0.5902880943339917, -0.004269372719697292
-0.3625205287112704, -0.36025064129258766, -0.5902927305479102, -0.0037648557220196143
-0.3625881595021393, -0.36018875006315587, -0.5902970218275311, -0.0032283564275587115
-0.36264527175731975, -0.3601367214195168, -0.5903008226751824, -0.0026644319342790062
-0.3626913157248628, -0.3600949327503874, -0.5903040042205955, -0.002077872512106878
-0.36272584619683523, -0.360063684984107, -0.5903064585907054, -0.0014736609000929525
-0.3627485281269974, -0.3600432018633788, -0.5903081025675523, -0.0008569299532544538
-0.3627591408932631, -0.3600336294571149, -0.5903088804102015, -0.00023291900103622476
-0.36275758112057677, -0.3600350358656871, -0.5903087657449427, 0.0003930707087184851
-0.36274386400797787, -0.3600474110900562, -0.5903077624596436, 0.0010157210978629786
-0.3627181231333094, -0.36007066705072444, -0.5903059045719072, 0.0016297424906983862
-0.36268060873948704, -0.3601046377585906, -0.5903032550755138, 0.0022299186026143794
-0.36263168453656347, -0.3601490796558018, -0.5902999038042779, 0.0028111508981428627
-0.36257182308322156, -0.3602036721599299, -0.5902959643858001, 0.003368501937850981
-0.3625015998388854, -0.3602680184584721, -0.590291570388455, 0.003897237342923061
-0.3624216860027021, -0.36034164661225665, -0.5902868707923152, 0.0043928660190818815
-0.36233284027744905, -0.3604240110351741, -0.5902820249376396, 0.0048511782974873605
-0.36223589971440895, -0.3605144944233052, -0.5902771971222401, 0.005268281669200266
-0.3621317698090234, -0.36061241020870505, -0.5902725510309421, 0.005640633811450892
-0.36202141402629096, -0.3607170056114869, -0.59026824418601, 0.005965072628034378
-0.3619058429392985, -0.3608274653584411, -0.5902644226066823, 0.006238843052376809
-0.36178610316395776, -0.3609429161272737, -0.5902612158588457, 0.006459620389892633
-0.36166326626802636, -0.36106243176276487, -0.5902587326626301, 0.006625530005901765
-0.36153841782317875, -0.36118503929520007, -0.5902570572067839, 0.00673516319632241
-0.3614126467556006, -0.3613097257726279, -0.5902562462947212, 0.00678758911034811
-0.3612870351338713, -0.36143544589753396, -0.5902563274189453, 0.006782362627115558
-0.3611626485133741, -0.36156113043593074, -0.5902572978290875, 0.006719528121750934
-0.36104052693487254, -0.3616856953434886, -0.5902591246251414, 0.00659961908993803
-0.3609216766518958, -0.361808051529813, -0.5902617458727314, 0.006423653634083206
-0.3608070626380653, -0.3619271151592073, -0.590265072702629, 0.006193125848066326
-0.36069760190217304, -0.3620418183649685, -0.5902689923233796, 0.0059099931712697324
-0.3605941576164975, -0.36215112023519025, -0.5902733718449621, 0.005576659815868468
-0.36049753404321017, -0.36225401791192746, -0.5902780627839069, 0.005195956404034275
-0.3604084722254147, -0.36234955763296073, -0.5902829060971899, 0.00477111598352713
-0.360327646393944, -0.3624368455368421, -0.5902877375742883, 0.004305746620880062
-0.3602556610289088, -0.36251505804774664, -0.5902923934046089, 0.0038038008007663425
-0.36019304850650424, -0.3625834516571931, -0.5902967157315456, 0.0032695418879001544
-0.3601402672568321, -0.3626413719249555, -0.5903005580048346, 0.0027075079336781353
-0.3600977003576362, -0.3626882615315492, -0.5903037899497082, 0.002122473133431568
-0.3600656544916244, -0.3627236672291727, -0.5903063019843092, 0.0015194072613422898
-0.36004435920134226, -0.36274724555674775, -0.5903080089355309, 0.0009034334285063188
-0.3600339663849387, -0.36275876720712463, -0.5903088529272325, 0.00027978452505592657
-0.36003454998814155, -0.36275811996007623, -0.5903088053428412, -0.00034624128054752635
-0.3600461058618015, -0.3627453101226761, -0.5903078677957653, -0.0009693256031427922
-0.36006855176974994, -0.36272046244825606, -0.5903060720746769, -0.0015841750762589635
-0.36010172754784975, -0.3626838185355754, -0.5903034790655403, -0.002185566372474965
-0.3601453954311451, -0.36263573374018787, -0.5903001766869433, -0.002768390621974446
-0.360199240581337, -0.3625766726594857, -0.5902962769087902, -0.0033276968481569034
-0.36026287186063954, -0.3625072032806316, -0.5902919119554917, -0.003858734048330085
-0.3603358229098117, -0.36242798990586167, -0.5902872298224563, -0.004356991560062101
-0.3604175535972197, -0.36233978499168984, -0.5902823892579503, -0.004818237369528807
-0.3605074519117112, -0.3622434200568725, -0.5902775543805263, -0.0052385540369277225
-0.3606048363745169, -0.36213979582805667, -0.5902728891145463, -0.00561437193548945
-0.3607089590440705, -0.3620298718015549, -0.5902685516324733, -0.005942499524527041
-0.3608190091825356, -0.36191465540447676, -0.5902646889923493, -0.006220150403035784
-0.3609341176439157, -0.3617951909384667, -0.5902614321522407, -0.006444966918303827
-0.3610533620311428, -0.36167254848466823, -0.5902588915306298, -0.006615040133532982
-0.3611757726537763, -0.3615478129395078, -0.590257153263208, -0.006728925989329214
-0.3613003392993699, -0.36142207333789866, -0.5902562762829195, -0.006785657525844535
-0.36142601881072534, -0.36129641260399004, -0.5902562903221938, -0.006784753065097874
-0.36155174343876706, -0.36117189785024306, -0.5902571949050547, -0.006726220286347254
-0.3616764299174138, -0.3610495713241364, -0.5902589593632545, -0.006610556161120141
-0.361798989183314, -0.36093044207891156, -0.5902615238758897, -0.006438742748434265
-0.36191833664044004, -0.3608154784212426, -0.5902648014972685, -0.006212238884663051
-0.3620334028481118, -0.3607056011653633, -0.5902686811043295, -0.005932967836225538
-0.36214314449176654, -0.3606016777007631, -0.5902730311637335, -0.005603301016609771
-0.36224655547941453, -0.3605045168597739, -0.5902777041909807, -0.0052260379019620955
-0.36234267799383413, -0.360414864552868, -0.5902825417504267, -0.004804382311367693
-0.36243061332167603, -0.36033340012383697, -0.5902873798267324, -0.00434191524877011
-0.36250953227615645, -0.36026073336463316, -0.5902920543856627, -0.0038425645329711157
-0.3625786850301861, -0.3601974021208765, -0.590296406935709, -0.0033105714700452865
-0.3626374101817261, -0.36014387041403184, -0.5903002899019646, -0.002750454848512905
-0.36268514288279885, -0.3601005270050526, -0.5903035716300057, -0.0021669725614513182
-0.36272142187783907, -0.360067684326862, -0.5903061408500812, -0.0015650811811034138
-0.36274589531546053, -0.36004557771904055, -0.5903079104501806, -0.0009498938301881005
-0.3627583252199277, -0.36003436490726104, -0.5903088204299942, -0.000326636709777487
-0.36275859053393267, -0.36003412568181703, -0.5903088399355461, 0.00029939534394473434
-0.3627466886721279, -0.3600448617434914, -0.5903079683054752, 0.0009228838926737777
-0.3627227355543421, -0.36006649670032975, -0.590306235093462, 0.0015385321318308078
-0.3626869641178265, -0.3600988762149788, -0.5903036990660427, 0.0021411099404704107
-0.3626397213382726, -0.3601417683183141, -0.5903004462098104, 0.002725498358197516
-0.36258146381890877, -0.3601948639204803, -0.5902965868156186, 0.003286733107409014
-0.3625127520348991, -0.36025777756442445, -0.5902922517387015, 0.003820046788079297
-0.3624342433457256, -0.3603300484789267, -0.5902875879615789, 0.004320909384614581
-0.3623466839105709, -0.36041114199741, -0.5902827536102537, 0.0047850667398253765
-0.362250899660317, -0.3605004514149819, -0.5902779125927234, 0.005208576669587605
-0.36214778649419077, -0.36059730035886706, -0.5902732290416309, 0.005587842413027906
-0.36203829987894676, -0.36070094574635614, -0.5902688617494783, 0.005919643136804516
-0.36192344403362653, -0.3608105813995707, -0.5902649587850717, 0.006201161237975289
-0.3618042608833071, -0.36092534237772134, -0.5902616524736896, 0.006430006217761469
-0.3616818189609534, -0.3610443100752958, -0.5902590549111133, 0.0066042349279457355
-0.3615572024277989, -0.3611665181191056, -0.590257254163556, 0.006722368022412805
-0.36143150036995086, -0.3612909590787211, -0.590256311282257, 0.006783402478192433
-0.3613057965126788, -0.36141659198413, -0.5902562582339033, 0.006786820083056684
-0.36118115947470975, -0.3615423506220967, -0.5902570968170019, 0.006732591820030524
-0.36105863366350266, -0.361667152559346, -0.5902587986009112, 0.006621178112887532
-0.36093923088964275, -0.361789908817193, -0.5902613058896038, 0.0064535249306197666
-0.36082392275501973, -0.36190953409928417, -0.5902645336775019, 0.006231055782800343
-0.36071363384604604, -0.3620249574525618, -0.5902683725311226, 0.0059556596715038025
-0.3606092357406544, -0.3621351332221171, -0.5902726922988873, 0.005629675098815889
-0.36051154181688183, -0.362239052143984, -0.5902773465233868, 0.005255870261740265
-0.3604213028321559, -0.36233575240675553, -0.5902821774065653, 0.004837419598273265
-0.36033920322651813, -0.3624243305037189, -0.5902870211595418, 0.004377876879328793
-0.36026585809036493, -0.3625039516923574, -0.5902917135557162, 0.003881145070798006
-0.3602018107282512, -0.3625738598778998, -0.5902960954989042, 0.00335144321805116
-0.36014753074497885, -0.3626333867421505, -0.5903000184176953, 0.0027932706313489116
-0.360103412578757, -0.3626819599481772, -0.590303349303118, 0.0022113686746398427
-0.360069774408458, -0.3627191102652949, -0.5903059752187454, 0.0016106804817933174
-0.3600468573678005, -0.36274447747693117, -0.5903078071302781, 0.0009963089431765343
-0.3600348250081924, -0.3627578149558539, -0.5903087829246804, 0.0003734733213763948
-0.36003376296363665, -0.362758992816404, -0.5903088695164564, -0.00025253513243612296
-0.36004367878482924, -0.3627479995809981, -0.5903080639696031, -0.0008763981806863009
-0.3600645019248504, -0.3627249423276032, -0.5903063935971721, -0.001492815833517321
-0.36009608387487413, -0.3626900453152303, -0.5903039150350633, -0.0020965514260733887
-0.3601381984644534, -0.36264364711492925, -0.5903007123214777, -0.002682476151636507
-0.3601905423563756, -0.36258619630343425, -0.590296894047185, -0.003245612668406314
-0.3602527357801941, -0.36251824580465775, -0.5902925896732867, -0.003781177406355658
-0.3603243235606345, -0.3624404459899173, -0.5902879451413859, -0.004284621212651175
-0.3604047765065559, -0.3623535366703543, -0.5902831179250683, -0.004751667989418896
-0.3604934932325855, -0.36225833813391417, -0.5902782716905224, -0.005178350995939953
-0.3605898024884977, -0.36215574139398776, -0.5902735707473742, -0.005561046508430481
-0.3606929660706837, -0.3620466978270316, -0.5902691744778877, -0.0058965045541202145
-0.36080218238549744, -0.36193220838198636, -0.5902652319334019, -0.006181876462110902
-0.36091659072593296, -0.3618133125450409, -0.5902618767811778, -0.00641473900118089
-0.3610352763110982, -0.3616910772393319, -0.5902592227729248, -0.006593114904020504
-0.36115727612269566, -0.3615665858308097, -0.5902573598885872, -0.006715489608061623
-0.3612815855544823, -0.3614409273990309, -0.5902563512860591, -0.006780824074844243
-0.36140716587018595, -0.36131518641568094, -0.5902562311601921, -0.006788563582499316
-0.36153295244305017, -0.361190432954659, -0.590257003583633, -0.006738642419196294
-0.36165786372690867, -0.36106771353634803, -0.5902586423687661, -0.0066314844390927665
-0.361780810885157, -0.360948042685973, -0.5902610919554401, -0.006467999476232621
-0.36190070798097096, -0.36083239526246347, -0.5902642692943977, -0.006249575645774019
-0.3620164826104263, -0.3607216995908059, -0.590268066662599, -0.0059780675956960395
-0.3621270868405576, -0.3606168314082757, -0.5902723553150407, -0.00565578080553439
-0.36223150829753925, -0.360518608613844, -0.5902769898493279, -0.0052854520615244925
-0.3623287812367266, -0.3604277867911895, -0.5902818131350814, -0.004870226269562855
-0.3624179974167896, -0.36034505545963136, -0.5902866616411099, -0.004413629798395914
-0.36249831659499243, -0.3602710349943832, -0.5902913709797644, -0.0039195405751555005
-0.3625689764601533, -0.3602062741482327, -0.5902957814805208, -0.003392155183510497
-0.36262930182400777, -0.3601512481011294, -0.590299743603799, -0.0028359532410141366
-0.36267871290069087, -0.36010635696243876, -0.5903031230114427, -0.0022556593564062844
-0.36271673251758674, -0.3600719246526054, -0.5903058051218897, -0.0016562029893951587
-0.3627429921186347, -0.3600481980964939, -0.5903076989955297, -0.0010426765545146783
-0.3627572364428162, -0.3600353466693832, -0.5903087404184465, -0.0004202921267760007
-0.36275932678547984, -0.36003346184806295, -0.590308894079935, 0.0002056628802247255
-0.3627492427776362, -0.36004255703306454, -0.59030815476991, 0.0008298706835067369
-0.3627270826476694, -0.3600625675232544, -0.5903065475555845, 0.0014470283609188373
-0.36269306196023265, -0.3600933506400066, -0.590304126931422, 0.002051892953624364
-0.36264751085754465, -0.3601346860143053, -0.5903009749712035, 0.0026393260533126546
-0.3625908698580589, -0.3601862760656678, -0.5902971985449061, 0.003204337491420422
-0.36252368429567794, -0.36024774671599125, -0.5902929256948095, 0.0037421277560284946
-0.36244659750857666, -0.3603186483937031, -0.5902883012937705, 0.004248128773905559
-0.3623603429095108, -0.36039845739328, -0.5902834821329278, 0.0047180427102265264
-0.3622657350887164, -0.36048657766189485, -0.5902786316054516, 0.00514787845658092
-0.36216366011554935, -0.36058234308816917, -0.5902739141666208, 0.0055339854987575
-0.36205506521556685, -0.36068502036754935, -0.5902694897580719, 0.005873084879175508
-0.3619409480056379, -0.360793812514584, -0.5902655083852575, 0.0061622969944438695
-0.36182234547072856, -0.3609078630842957, -0.5902621050319353, 0.006399165996081281
-0.3617003228624178, -0.3610262611531395, -0.5902593950840562, 0.006581680591635952
-0.3615759626911318, -0.36114804709500026, -0.5902574704181401, 0.006708291074029618
-0.3614503539719356, -0.36127221916966124, -0.5902563962866959, 0.006777922438656042
-0.36132458186797933, -0.361397740920822, -0.5902562091062192, 0.006789983480344605
-0.36119971785694793, -0.3615235493585516, -0.5902569152227211, 0.006744371795528997
-0.3610768105247806, -0.3616485638778387, -0.5902584906966043, 0.006641474648625297
-0.36095687706830637, -0.3617716958413649, -0.5902608821141861, 0.006482165695523124
-0.3608408955649731, -0.36189185873153196, -0.5902640083983633, 0.006267797591033564
-0.360729798044396, -0.3620079787549626, -0.5902677635570767, 0.006000190540923702
-0.3606244643737606, -0.3621190057628998, -0.5902720202764452, 0.005681616892604141
-0.36052571694788627, -0.3622239243338251, -0.5902766342368114, 0.005314781891414315
-0.3604343161557051, -0.3623217648509254, -0.5902814490054334, 0.004902800761550082
-0.3603509565785713, -0.36241161439719694, -0.5902863013399896, 0.004449172301762964
-0.3602762638626521, -0.36249262728547527, -0.5902910267231296, 0.003957749215775718
-0.3602107921980666, -0.3625640350397962, -0.5902954649404367, 0.0034327054256360926
-0.36015502233154484, -0.3626251556483322, -0.5902994655126778, 0.0028785006426878053
-0.3601093600373694, -0.3626754019167897, -0.5903028927981308, 0.0022998424951877427
-0.3600741349730604, -0.3627142887643454, -0.5903056305919492, 0.0017016465335535631
-0.3600495998515426, -0.3627414393217302, -0.5903075860665545, 0.00108899445350907
-0.36003592987002775, -0.3627565897124603, -0.590308692919398, 0.0004670908937457032
-0.36003322234710333, -0.3627595924228886, -0.5903089136212987, -0.0001587808220922521
-0.36004149653299355, -0.3627504181940877, -0.5903082406890822, -0.0007833036194599371
-0.36006069357304304, -0.36272915639777503, -0.590306696939343, -0.001401171897036835
-0.36009067662042094, -0.3626960138887494, -0.5903043347147152, -0.002007136652238447
-0.3601312311102086, -0.3626513123567968, -0.590301234108907, -0.0025960501203543844
-0.36018206522263096, -0.36259548423085197, -0.5902975002507218, -0.0031629095441104062
-0.3602428105775315, -0.36252906721655065, -0.5902932597392003, -0.0037028996985716467
-0.36031302321462755, -0.36245269757437926, -0.5902886563508244, -0.004211433807859351
-0.3603921849239986, -0.3623671022687336, -0.5902838461643872, -0.004684192504973594
-0.3604797049981673, -0.3622730901376714, -0.5902789922688854, -0.005117160503882779
-0.3605749224806367, -0.3621715422485322, -0.5902742592338919, -0.005506660673713074
-0.3606771089855787, -0.36206340161551775, -0.5902698075299183, -0.005849385228075835
-0.36078547215938617, -0.36194966246151883, -0.5902657880879298, -0.006142423768025897
-0.3608991598470277, -0.36183135920794096, -0.5902623371824455, -0.006383287944559474
-0.3610172650146908, -0.36170955537299565, -0.5902595718116576, -0.006569932535652138
-0.36113883146539194, -0.36158533255120573, -0.5902575857311453, -0.006700772763329035
-0.3612628603664434, -0.36145977963500364, -0.5902564462755914, -0.0067746977078899494
-0.3613883175874285, -0.3613339824238092, -0.5902561920761944, -0.006791079708934814
-0.3615141418252912, -0.3612090137474224, -0.5902568317511183, -0.006749779676023466
-0.3616392534699633, -0.361085924209658, -0.5902583436133498, -0.0066511482654423235
-0.3617625641404004, -0.3609657336355786, -0.5902606764058571, -0.0064960229134393
-0.36188298679776554, -0.3608494232822894, -0.5902637510391486, -0.006285720750231678
-0.3619994463205457, -0.36073792884974576, -0.5902674632723537, -0.006022027452896396
-0.3621108904064224, -0.36063213430527863, -0.5902716872469871, -0.005707182128721792
-0.3622163006483933, -0.36053286651415095, -0.5902762797536464, -0.00534385835352741
-0.3623147036186638, -0.36044089064925466, -0.590281085087053, -0.004935141521624788
-0.3624051817836971, -0.36035690633647066, -0.590285940324883, -0.004484502695261257
-0.3624868840679616, -0.36028154447881666, -0.5902906808514544, -0.003995769171308633
-0.3625590358826817, -0.3602153646926314, -0.5902951459390097, -0.003473092011360398
-0.36262094843938897, -0.3601588532828859, -0.5902991841973574, -0.0029209108080045626
-0.3626720271763455, -0.3601124216823952, -0.5903026587070785, -0.0023439159845571288
-0.3627117791387723, -0.3600764052811387, -0.5903054516622018, -0.0017470089476853815
-0.3627398191710527, -0.3600510625769222, -0.590307468364885, -0.001135260431842499
-0.362755874800167, -0.3600365745868698, -0.5903086404365897, -0.0005138673910147879
-0.3627597897140997, -0.3600330444703117, -0.5903089281368175, 0.0001118911932850867
-0.3627515257660985, -0.3600404973269635, -0.5903083217107321, 0.0007366992087559748
-0.36273116346476786, -0.36005888014927445, -0.5903068417199582, 0.0013552486281623258
-0.3626989009401753, -0.360088061923733, -0.590304538345317, 0.0019622846556962546
-0.3626550514066663, -0.3601278338920957, -0.5903014896851702, 0.0025526504158915344
-0.362600039172973, -0.36017790999916455, -0.5902977991070975, 0.0031213308014211394
-0.36253439427870315, -0.36023792756819484, -0.5902935917427578, 0.0036634951039666505
-0.36245874586255755, -0.36030744825762473, -0.5902890102448402, 0.004174538063651034
-0.3623738143909735, -0.3603859593629275, -0.5902842099500302, 0.004650118987108874
-0.36228040289565755, -0.3604728755345493, -0.5902793536120502, 0.005086198601916444
-0.362179387384184, -0.3605675409866561, -0.5902746058833875, 0.005479073335575446
-0.3620717065990906, -0.3606692322715286, -0.5902701277328325, 0.005825406730269175
-0.36195835130745835, -0.36077716169074514, -0.5902660709880841, 0.006122257729906311
-0.36184035330479025, -0.36089048140681124, -0.5902625731884403, 0.0063671056032462755
-0.3617187743140504, -0.3610082883076915, -0.5902597529220285, 0.006557871295876172
-0.36159469495334384, -0.36112962966214446, -0.5902577058056129, 0.006692935034205617
-0.36146920393413673, -0.3612535095861735, -0.5902565012432126, 0.0067711500361991046
-0.3613433876366775, -0.36137889632083453, -0.5902561800733637, 0.006791852216030501
-0.36121832019093236, -0.3615047302996999, -0.5902567531847406, 0.0067548658029896085
-0.3610950541705962, -0.3616299329611674, -0.5902582011470473, 0.00666050482858337
-0.3609746119852665, -0.3617534162372382, -0.5902604748696764, 0.006509570469650909
-0.36085797803250075, -0.36187409262720727, -0.5902634972658259, 0.00630334426925742
-0.360746091647968, -0.36199088574263727, -0.5902671658656887, 0.006043577290954074
-0.36063984086904033, -0.3621027411898423, -0.5902713562901702, 0.005732475295492512
-0.3605400570057029, -0.36220863763857847, -0.5902759264674283, 0.005372680062058394
-0.3604475099932165, -0.36230759791137035, -0.5902807214493362, 0.004967247008319318
-0.3603629044842098, -0.36239869991747753, -0.5902855786646334, 0.004519619294835205
-0.36028687662420533, -0.3624810872493277, -0.5902903334306951, 0.004033598629401447
-0.3602199914444435, -0.36255397925764776, -0.5902948245370724, 0.0035133130154202242
-0.3601627407994167, -0.3626166804246598, -0.590298899711486, 0.002963181715143669
-0.3601155417739379, -0.36266858886263487, -0.5903024207829285, 0.002387877723316208
-0.36007873548571157, -0.3627092037776246, -0.5903052683667711, 0.0017922880690755133
-0.3600525862141478, -0.36273813175509606, -0.5903073459129675, 0.0011814722836718525
-0.3600372807941854, -0.36275509174503384, -0.5903085829800314, 0.0005606193883713542
-0.3600329282247752, -0.36275991864831303, -0.5903089376237247, -6.499622941526313e-05
-0.3600395594548603, -0.3627525654331105, -0.5903083978194115, -0.0006900596733919052
-0.3600571273245553, -0.3627331037391076, -0.5903069818698226, -0.001309260743779322
-0.36008550665512096, -0.3627017229573888, -0.5903047377843976, -0.0019173391023500786
-0.3601244944974814, -0.3626587278044445, -0.5903017416512564, -0.0025091290089650532
-0.3601738105647794, -0.3626045344386776, -0.5902980950570434, -0.0030796032454973644
-0.3602330978890178, -0.36253966519641456, -0.5902939216421715, -0.0036239158506220746
-0.360301923754623, -0.36246474205091783, -0.5902893629083339, -0.004137443300001154
-0.36037978097206125, -0.362380478921447, -0.5902845734204863, -0.004615823780736458
-0.3604660895620546, -0.36228767297949627, -0.5902797155660414, -0.0050549942263904656
-0.36056019892495883, -0.36218719511535746, -0.590274954049006, -0.005451224799143707
-0.3606613905702627, -0.36207997973975037, -0.5902704503057546, -0.005801150528501159
-0.36076888147776687, -0.36196701410219534, -0.5902663570317739, -0.006101799841095945
-0.3608818281547761, -0.36184932730995445, -0.5902628130049153, -0.006350619743279353
-0.3609993314427389, -0.36172797922879707, -0.5902599383806324, -0.006545497447044524
-0.3611204421124202, -0.36160404943976276, -0.5902578306186442, -0.006684778260130577
-0.3612441672693406, -0.36147862641482875, -0.5902565611790745, -0.006767279592629431
-0.3613694775712939, -0.3613527970593937, -0.5902561731000112, -0.0067923009648221105
-0.36149531523793377, -0.36122763675136027, -0.5902566795385635, -0.006759629934073822
-0.36162060280938146, -0.3611041999860003, -0.590258063324857, -0.006669543892201297
-0.36174425258723264, -0.36098351171341503, -0.5902602775440673, -0.0065228077185900185
-0.36186517666811413, -0.360866559432071, -0.590263247126779, -0.006320667308286135
-0.3619822974577672, -0.36075428607837745, -0.590266871393785, -0.006064839028125751
-0.3620945585332921, -0.3606475837293144, -0.5902710274690957, -0.005757495187497206
-0.36220093570347656, -0.36054728811354464, -0.5902755744455165, -0.0054012456433539975
-0.36230044810256823, -0.36045417390680756, -0.5902803581616175, -0.004999115691391117
-0.3623921691421357, -0.36036895077042597, -0.5902852164281985, -0.004554520426631622
-0.36247523713915586, -0.360292260077842, -0.5902899845270959, -0.004071235786794017
-0.3625488654365032, -0.3602246722636633, -0.5902945007959087, -0.0035533665204576913
-0.3626123518348261, -0.3601666847230056, -0.5902986121093075, -0.0030053113489347167
-0.36266508716233337, -0.3601187201859992, -0.590302179071047, -0.002431725615604992
-0.36270656282121283, -0.36008112549321436, -0.5903050807406075, -0.0018374817389894163
-0.3627363771660197, -0.3600541707022903, -0.5903072187341517, -0.0012276278057426115
-0.36275424058988825, -0.36003804846380083, -0.5903085205606793, -0.0006073446567779811
-0.3627599792184739, -0.36003287361512937, -0.5903089420802122, 1.8098166344460892e-05
-0.3627535371382753, -0.36003868295411745, -0.5903084690006067, 0.0006433872370363983
-0.3627349771148838, -0.36005543516904737, -0.5903071173622118, 0.0012632104364509924
-0.36270447978677123, -0.36008301091733297, -0.5903049329939275, 0.001872302135012365
-0.36266234135076014, -0.3601212130614747, -0.590301989959122, 0.0024654879744187876
-0.3626089697853505, -0.3601697670866112, -0.5902983880441292, 0.003037728865579643
-0.36254487968684723, -0.3602283217387017, -0.590294249374539, 0.003584163825274372
-0.36247068581987285, -0.36029644993526877, -0.5902897142740631, 0.004100151285118948
-0.3623870955076759, -0.3603736500111827, -0.5902849365064528, 0.004581308520528767
-0.36229490000799214, -0.36045934736957375, -0.5902800780618472, 0.00502354886457113
-0.3621949650365499, -0.36055289661225987, -0.590275303664365, 0.005423116391665648
-0.36208822061226154, -0.36065358422475957, -0.5902707751871845, 0.0057766177787511
-0.3619756504054171, -0.3607606318878228, -0.5902666461644637, 0.0060810510765118425
-0.36185828077271, -0.36087320048049343, -0.5902630565861497, 0.006333831150257112
-0.36173716966070546, -0.36099039482907136, -0.5902601281521126, 0.006532811578786225
-0.3616133955526043, -0.361111269242251, -0.5902579601464459, 0.0066763028297733866
-0.36148804662218725, -0.36123483385555843, -0.5902566260717547, 0.006763086561602046
-0.36136221024408655, -0.3613600617884609, -0.5902561711574715, 0.006792425933922153
-0.36123696299163743, -0.36148589709584855, -0.5902566108266339, 0.00676407184226091
-0.36111336123307713, -0.36161126347255323, -0.590257930173062, 0.006678265025573838
-0.3609924324146502, -0.36173507364608726, -0.5902600844666587, 0.006535734029471995
-0.3608751670958499, -0.36185623936943934, -0.5902630006697077, 0.006337689041809583
-0.3607625117785078, -0.3619736819035131, -0.5902665799127951, 0.006085811651168606
-0.3606553625484421, -0.3620863428583023, -0.5902707008464656, 0.005782240612340059
-0.3605545595266273, -0.3621931952439241, -0.5902752237550373, 0.005429553735968667
-0.36046088210709026, -0.3622932545678541, -0.5902799952931702, 0.005030746051885834
-0.36037504494152284, -0.36238558980366276, -0.590284853684652, 0.004589204427069771
-0.3602976946164498, -0.3624693340497147, -0.5902896342071869, 0.00410867884939521
-0.3602294069581029, -0.36254369469401126, -0.5902941747772512, 0.0035932506171019465
-0.3601706848931401, -0.36260796290376485, -0.590298321445664, 0.003047297700943923
-0.3601219567901701, -0.3626615222655081, -0.5903019336175249, 0.0024754575709920765
-0.360083575207653, -0.3627038564133972, -0.5903048888194887, 0.0018825878027663872
-0.36005581597797676, -0.3627345554996435, -0.590307086852688, 0.0012737247974844031
-0.3600388775650931, -0.36275332138128524, -0.5903084531904346, 0.0006540409684685417
-0.36003288064355776, -0.3627599714212735, -0.5903089415054283, 2.8800759913104785e-05
-0.36003786785972347, -0.3627544408284651, -0.5903085352407441, -0.0005966841249332077
-0.36005380375047613, -0.3627367834898305, -0.5903072481712883, -0.0012170999017246406
-0.36008057481069566, -0.3627071712782288, -0.5903051239366824, -0.001827175900863222
-0.3601179897167798, -0.36266589184959663, -0.590302234561417, -0.002421729392810248
-0.3601657797294211, -0.3626133449735258, -0.5902986780124861, -0.002995709657919256
-0.3602235993136105, -0.36255003747006964, -0.5902945748773658, -0.003544240922907748
-0.3602910270269224, -0.3624765768524649, -0.5902900642750272, -0.004062663796627865
-0.36036756673785597, -0.36239366379950966, -0.5902852991386953, -0.004546574851658516
-0.36045264924386, -0.3623020836019525, -0.5902804410303455, -0.004991864015221618
-0.3605456343632415, -0.3622026967439236, -0.5902756546627991, -0.005394749452784537
-0.36064581357608927, -0.36209642879270487, -0.5902711023151727, -0.00575180965018694
-0.36075241328652763, -0.36198425977777704, -0.5902669383310221, -0.006060012424940768
-0.3608645987719524, -0.3618672132429508, -0.5902633038856983, -0.006316740624211125
-0.3609814788745479, -0.361746345153523, -0.5902603222002848, -0.006519814295604662
-0.3611021114765174, -0.3616227328339585, -0.590258094364321, -0.006667509146993044
-0.3612255097835372, -0.3614974641009505, -0.5902566959088794, -0.006758571142914344
-0.3613506494213653, -0.36137162674222234, -0.5902561742461162, -0.0067922271173759844
-0.3614764763289705, -0.3612462984737581, -0.5902565470620548, -0.006768191315894636
-0.3616019154086161, -0.3611225374878462, -0.5902578017170523, -0.006686667813133898
-0.3617258798698233, -0.361001373682187, -0.590259895674267, -0.006548348786335278
-0.36184728118079057, -0.36088380063707426, -0.590262757941606, -0.006354408658685009
-0.36196503951845505, -0.36077076838410616, -0.5902662914782993, -0.00610649416062595
-0.3620780945877552, -0.3606631769868298, -0.5902703764845608, -0.005806710390715076
-0.36218541666245563, -0.36056187093184366, -0.5902748744628612, -0.005457602990739092
-0.3622860176848606, -0.360467634308969, -0.5902796329131889, -0.005062136582219298
-0.3623789622504009, -0.3603811867416591, -0.5902844905031647, -0.004623669642930176
-0.3624633782959237, -0.3603031800144427, -0.5902892825377711, -0.004145926032377797
-0.3625384673078573, -0.36023419533321344, -0.5902938465432681, -0.0036329634040696297
-0.3626035138685091, -0.3601747411469045, -0.5902980277759826, -0.003089138769579419
-0.36265789436558515, -0.36012525145561547, -0.5903016844691691, -0.002519071504583688
-0.36270108470155427, -0.360086084530584, -0.5903046926400121, -0.0019276041099316277
-0.3627326668554237, -0.360057521975374, -0.5903069502937253, -0.0013197610611251059
-0.36275233416948516, -0.36003976806497007, -0.590308380882144, -0.0007007060970635557
-0.3627598952571315, -0.3600329493097735, -0.5903089358994823, -7.569831330634619e-05
-0.36275527645425054, -0.3600371142041947, -0.5903085965271897, 0.0005499525637860857
-0.36273852276530494, -0.36005223313409884, -0.5903073742721044, 0.00117093133801819
-0.36270979728516717, -0.36007819843307654, -0.5903053105762468, 0.0017819625513391885
-0.3626693791082747, -0.3601148245936635, -0.5903024754114924, 0.002377855350302636
-0.3626176597668691, -0.3601618486555581, -0.5902989649068141, 0.0029535476256743174
-0.36255513826904084, -0.36021893080773715, -0.5902948980885758, 0.003504149046655154
-0.3624824148343585, -0.3602856552546271, -0.5902904128444786, 0.004024982621472241
-0.3624001834491215, -0.36036153140739324, -0.5902856612480578, 0.004511624429711769
-0.36230922338419, -0.3604459954695024, -0.5902808044023163, 0.004959941188521889
-0.36221038983531195, -0.36053841249052665, -0.5902760069773714, 0.005366125334466601
-0.3621046038584873, -0.36063807896338995, -0.5902714316273342, 0.005726727325100856
-0.3619928417809055, -0.36074422603771306, -0.5902672334757303, 0.006038684888983471
-0.3618761242712025, -0.360856023415537, -0.5902635548563977, 0.006299348979559351
-0.3617555052512874, -0.3609725839856235, -0.59026052048814, 0.006506506216840006
-0.3616320608258766, -0.3610929692389211, -0.5902582332466692, 0.006658397630810075
-0.36150687839550766, -0.3612161954910639, -0.5902567706771248, 0.006753733551721491
-0.36138104610461996, -0.3613412409183846, -0.5902561823653479, 0.006791704524653133
-0.3612556427587976, -0.361467053392473, -0.5902564882569762, 0.006771988158678711
-0.36113172832515905, -0.3615925590754663, -0.5902576779813137, 0.00669475185448014
-0.3610103351078471, -0.36171667171475586, -0.590259711202883, 0.006560651388061516
-0.3608924596673907, -0.361838302552415, -0.5902625189887497, 0.006370825362164525
-0.36077905552915557, -0.3619563707421609, -0.5902660061452889, 0.006126885570865519
-0.360671026702971, -0.36206981414587225, -0.5902700544452247, 0.005830903356452866
-0.3605692220140483, -0.36217760036329194, -0.5902745266355863, 0.0054853920708391405
-0.360474430225204, -0.3622787378332404, -0.5902792710907676, 0.005093285786240065
-0.3603873759127695, -0.36237228683303846, -0.590284126952985, 0.0046579144314241325
-0.3603087160439469, -0.36245737019534907, -0.5902889295859036, 0.00418297556025433
-0.36023903719210704, -0.3625331835586463, -0.5902935161565485, 0.003672502988246298
-0.36017885331900645, -0.3625990049692531, -0.5902977311562613, 0.003130832560177416
-0.36012860404909053, -0.36265420365935486, -0.5903014316734888, 0.002562565337113972
-0.3600886533611405, -0.36269824783659343, -0.5903044922395884, 0.0019725285142897617
-0.36005928862621195, -0.36273071133646706, -0.5903068090833058, 0.0013657344017867531
-0.3600407199278962, -0.36275127900847337, -0.5903083036495989, 0.0007473378176675058
-0.3600330796110426, -0.3627597507302174, -0.5903089252634458, 0.00012259225784519768
-0.36003642201760655, -0.362756043969936, -0.5903086528482618, -0.0005031947816613357
-0.36005072338274535, -0.36274019484633346, -0.5903074956406207, -0.001124706946523854
-0.3600758818799302, -0.3627123576645481, -0.5903054928770369, -0.0017366642420391667
-0.36011171781999873, -0.3626728029375128, -0.5903027124634298, -0.002333867938573824
-0.36015797402500804, -0.3626219139322451, -0.5902992486724149, -0.002911244778822635
-0.3602143164127489, -0.3625601818096832, -0.5902952189465466, -0.003463890107715869
-0.3602803348411492, -0.3624881994539093, -0.5902907599159608, -0.003987109555840368
-0.3603555442728994, -0.3624066541110802, -0.5902860227655027, -0.0044764589206171285
-0.3604393863289653, -0.3623163189795958, -0.5902811681084833, -0.004927781906004919
-0.3605312313047161, -0.3622180439102912, -0.590276360540914, -0.005337245400944754
-0.3606303807239013, -0.36211274538841476, -0.5902717630608882, -0.0057013719988610575
-0.36073607050345946, -0.36200139597748093, -0.5902675315423226, -0.00601706948501493
-0.3608474747960474, -0.36188501340868484, -0.5902638094504046, -0.006281657045075397
-0.360963710567364, -0.36176464949838727, -0.5902607229778797, -0.006492887976647754
-0.3610838429519967, -0.36164137907042593, -0.5902583767670181, -0.006648968715394539
-0.36120689141500395, -0.3615162890499444, -0.590256850362243, -0.0067485740185342915
-0.3613318367272489, -0.36139046788149876, -0.5902561955136266, -0.0067908581806548456
-0.36145762874117415, -0.36126499540695345, -0.5902564344226178, -0.006775462189694209
-0.3615831949309579, -0.36114093331873587, -0.5902575589894452, -0.006702516764404105
-0.36170744963748525, -0.3610193162820914, -0.590259531087686, -0.006572641248412133
-0.361829303935185, -0.3609011437968821, -0.5902622838567054, -0.006386938369940984
-0.3619476760151723, -0.360787372845899, -0.5902657239681741, -0.006146984910134371
-0.362061501958198, -0.3606789113534684, -0.5902697347898662, -0.005854818356584284
-0.3621697467523223, -0.36057661245607664, -0.5902741803395392, -0.005512919651851634
-0.36227141539465224, -0.3604812695664299, -0.5902789098949014, -0.005124192179308846
-0.36236556390458774, -0.3603936121945748, -0.5902837631034373, -0.0046919371602802944
-0.3624513100681783, -0.36031430247479956, -0.5902885754188864, -0.004219825666970193
-0.362527843729878, -0.3602439323355543, -0.5902931836800905, -0.003711867484785211
-0.36259443644932965, -0.3601830212417725, -0.5902974316430605, -0.0031723770851060373
-0.362650450346953, -0.3601320144349409, -0.5903011752786865, -0.0026059369950529173
-0.3626953459729316, -0.3600912815960209, -0.590304287656429, -0.0020173588740360388
-0.36272868904951017, -0.3600611158597704, -0.5903066632483531, -0.0014116426275991552
-0.3627501559559423, -0.3600417331158785, -0.5903082215075222, -0.0007939339069839742
-0.36275953784844106, -0.36003327154217235, -0.5903089095993433, -0.0001694803577162754
-0.362756743333542, -0.3600357913275749, -0.5903087041932156, 0.0004564130078723974
-0.36274179964158804, -0.3600492745567857, -0.5903076122536878, 0.0010784289310941887
-0.3627148522768675, -0.36007362524426545, -0.5903056708042859, 0.0016912831326126117
-0.3626761631514078, -0.360108669521232, -0.590302945672021, 0.002289769254707721
-0.36262610723969824, -0.3601541559953553, -0.5902995292551735, 0.002868803134057097
-0.362565167820863, -0.3602097563179488, -0.5902955373900911, 0.0034234660252556444
-0.3624939304021487, -0.36027506600694037, -0.5902911054232881, 0.003949046405070229
-0.3624130754423325, -0.3603496055852238, -0.5902863836220906, 0.004441080000557883
-0.3623233700151163, -0.3604328221025357, -0.5902815320794889, 0.004895387700475676
-0.36222565857015776, -0.36052409111433215, -0.590276715286005, 0.0053081110286451695
-0.3621208529626657, -0.360622719192906, -0.5902720965526329, 0.005675744879846416
-0.3620099219312063, -0.36072794704403655, -0.5902678324739605, 0.005995167243127637
-0.3618938802072972, -0.36083895329664606, -0.5902640676191708, 0.006263665663840645
-0.361773777439546, -0.3609548590233941, -0.5902609296308913, 0.006478960223960183
-0.36165068710967807, -0.3610747330370595, -0.5902585248979997, 0.006639222850037022
-0.3615256956080336, -0.3611975979912505, -0.590256934949038, 0.006743092789199729
-0.3613998916224648, -0.36132243729498525, -0.5902562136884429, 0.006789688125704466
-0.3612743559775332, -0.3614482028294833, -0.5902563855692434, 0.006778613243399655
-0.3611501520411522, -0.3615738234328477, -0.5902574447641352, 0.006709962172900047
-0.36102831679400793, -0.3616982140948435, -0.5902593553630194, 0.006584317796047878
-0.36090985263405695, -0.3618202857805465, -0.5902620525903088, 0.006402746914176868
-0.36079571996482507, -0.3619389557789511, -0.5902654450007608, 0.006166791220596827
-0.36068683059301565, -0.36205315845154684, -0.590269417579438, 0.005878454251386817
-0.3605840419387236, -0.3621618562370509, -0.5902738356407515, 0.005540184421822952
-0.3604881520411347, -0.36226405075270796, -0.5902785493944637, 0.005154854288360697
-0.3603998953245614, -0.3623587938203384, -0.5902833990239013, 0.004725736207813758
-0.3603199390745411, -0.36244519823718313, -0.5902882201042546, 0.00425647459597898
-0.36024888056197335, -0.36252244810791356, -0.5902928491772939, 0.003751055017188313
-0.36018724474513597, -0.36258980855517886, -0.5902971292934942, 0.003213770363851031
-0.360135482475091, -0.36264663463183344, -0.5903009153336555, 0.0026491844106961374
-0.36009396912948166, -0.36269237926847553, -0.5903040789295455, 0.002062093051849342
-0.36006300360287646, -0.36272660010490876, -0.5903065128166773, 0.0014574835497951765
-0.36004280758846186, -0.3627489650732846, -0.5903081344715781, 0.0008404921434123838
-0.36003352509550424, -0.3627592566234419, -0.5903088889101613, 0.00021636037738024229
-0.36003522215925177, -0.3627573745068091, -0.5903087505522593, -0.00040960947288294484
-0.3600478867141357, -0.36274333706339945, -0.5903077240890676, -0.001032099498146347
-0.3600714286166462, -0.36271728098617007, -0.590305844324063, -0.001645821386665974
-0.36010567982038033, -0.3626794595674472, -0.5903031749927926, -0.0022455614011036174
-0.360150394721781, -0.362630239462468, -0.590299806601582, -0.0028262247146988166
-0.3602052507102731, -0.3625700960344105, -0.5902958533584818, -0.003382878726324629
-0.3602698489701358, -0.36249960737280973, -0.5902914493005738, -0.0039107949835728096
-0.36034371559296563, -0.3624194471022345, -0.5902867437490076, -0.00440548935590144
-0.36042630306833434, -0.36233037611979757, -0.590281896245927, -0.004862760115947509
-0.3605169922258329, -0.36223323341797764, -0.5902770711449975, -0.0052787236061311174
-0.36061509470374487, -0.362128926162847, -0.590272432038975, -0.00564984718939836
-0.36071985601791645, -0.36201841920686295, -0.5902681362132597, -0.005972979207091907
-0.36083045929886515, -0.3619027242196665, -0.5902643293134662, -0.00624537569321358
-0.3609460297559045, -0.3617828886198742, -0.5902611404077674, -0.006464723622464833
-0.36106563991421203, -0.3616599844857594, -0.5902586776113663, -0.006629160499136624
-0.36118831565473, -0.3615350976132857, -0.5902570244213788, -0.006737290124898675
-0.36131304306792345, -0.36140931687656097, -0.5902562368863292, -0.006788194415554933
-0.36143877611140185, -0.3612837240290001, -0.5902563417061648, -0.006781441169648361
-0.3615644450387976, -0.36115938406388426, -0.5902573353271605, -0.006717087725191968
-0.3616889655438964, -0.3610373362313555, -0.5902591840623868, -0.006595680474565306
-0.3618112485405145, -0.36091858578588365, -0.5902618252336524, -0.006418250241550139
-0.3619302104758768, -0.3608040965147038, -0.5902651692962378, -0.006186303558389393
-0.3620447840540004, -0.36069478407443345, -0.5902691028744212, -0.005901809914448404
-0.36215392922659984, -0.3605915101407833, -0.5902734926049483, -0.005567185081335037
-0.36225664429297766, -0.36049507735569797, -0.5902781896581942, -0.0051852706519848035
-0.3623519769378649, -0.36040622503802044, -0.5902830347838008, -0.004759309963013109
-0.3624390350277218, -0.3603256256084413, -0.5902878637097615, -0.0042929206003360565
-0.3625169969819797, -0.36025388166745853, -0.590292512711944, -0.003790063717405699
-0.36258512153635436, -0.36019152365666407, -0.5902968241652173, -0.0032550104231204545
-0.36264275672077684, -0.3601390080290685, -0.5903006518879654, -0.0026923055222737953
-0.36268934788463203, -0.36009671585336167, -0.5903038660987432, -0.0021067289150044806
-0.36272444461664644, -0.3600649517799228, -0.5903063578169668, -0.001503254982825602
-0.36274770642560616, -0.3600439433027506, -0.5903080425583679, -0.0008870103071644227
-0.3627589070706123, -0.36003384026093443, -0.5903088631998497, -0.0002632300816887908
-0.362757937455216, -0.36003471453534486, -0.5903087919165579, 0.00036278640819008024
-0.3627448070277781, -0.360046559910272, -0.5903078311254397, 0.0009857208565464454
-0.3627196436600725, -0.36006929208520755, -0.5903060134032847, 0.0016002811716491247
-0.362682692006546, -0.3601027488380525, -0.5903034003820226, 0.0022012464853656748
-0.36263431037703386, -0.3601466903570868, -0.5903000806587624, 0.0027835115505905174
-0.36257496618516405, -0.3602007997743132, -0.590296166791476, 0.003342130145755281
-0.3625052300623668, -0.3602646839465703, -0.5902917914822522, 0.0038723571147355174
-0.3624257687525919, -0.3603378745424839, -0.5902871030775907, 0.0043696886831088725
-0.36233733692481673, -0.3604198295023182, -0.5902822605383646, 0.00482990070755849
-0.36224076805861205, -0.3605099349436074, -0.5902774280500425, 0.005249084534026766
-0.3621369645720144, -0.36060750758780546, -0.5902727694559494, 0.005623680161752692
-0.3620268873703305, -0.3607117977817569, -0.5902684427023085, 0.00595050643429625
-0.3619115449991698, -0.36082199318259145, -0.5902645944833963, 0.006226788004778954
-0.361791982584885, -0.3609372231656278, -0.5902613552683227, 0.006450178850562974
-0.3616692707408613, -0.36105656400231334, -0.5902588348780019, 0.00661878214216892
-0.36154449460895277, -0.3611790448393658, -0.5902571187622065, 0.0067311663021235825
-0.36141874319227185, -0.3613036544916599, -0.5902562651028639, 0.006786377121376111
-0.3612930991189791, -0.3614293490404886, -0.5902563028417472, 0.006783945833685573
-0.3611686289573107, -0.36155506020633466, -0.5902572306993887, 0.006723893081740499
-0.3610463741805596, -0.36167970444189923, -0.5902590172184503, 0.006606728742513317
-0.3609273428577956, -0.361802192667638, -0.5902616018300882, 0.006433447613280127
-0.3608125021225893, -0.3619214405492093, -0.5902648969071757, 0.006205520993655644
-0.3607027714486699, -0.3620363791948732, -0.5902687907348237, 0.005924884232710889
-0.3605990167390435, -0.3621459661316706, -0.5902731512975382, 0.005593920343557146
-0.360502045214379, -0.3622491964029476, -0.5902778307546855, 0.005215439820483975
-0.3604126010680313, -0.36234511361698074, -0.5902826704525863, 0.004792656825607008
-0.3603313618394892, -0.3624328207677001, -0.5902875063033618, 0.004329161942771728
-0.3602589354457669, -0.36251149064413357, -0.5902921743481965, 0.0038288917259144545
-0.36019585780154506, -0.3625803756454906, -0.5902965163164106, 0.0032960952969284586
-0.36014259095398726, -0.36263881682385735, -0.5903003849918477, 0.002735298274038692
-0.36009952165706527, -0.3626862519862786, -0.5903036492046015, 0.0021512643354637297
-0.3600669603128539, -0.36272222270231236, -0.590306198278774, 0.0015489547444532611
-0.36004514021338807, -0.36274638008170346, -0.5903079457854123, 0.0009334861803598975
-0.3600342170258959, -0.36275848920907516, -0.5903088324733056, 0.0003100872359814416
-0.36003426847609943, -0.3627584321479662, -0.5903088282782178, -0.00031594604622769897
-0.36004529419821407, -0.3627462094544046, -0.5903079333423882, -0.0009392952175140397
-0.3600672157356406, -0.36272194016976345, -0.5903061780097052, -0.001554664658761814
-0.36009987669243004, -0.3626858602930405, -0.5903036217967274, -0.0021568266202121934
-0.36014304305166667, -0.36263831976310223, -0.5903003513744499, -0.0027406656780094934
-0.3601964036922868, -0.3625797780109631, -0.5902964776293014, -0.0033012222260799997
-0.36025957114975304, -0.36251079817003606, -0.5902921319030708, -0.003833734630845159
-0.36033208267787487, -0.3624320400576643, -0.5902874615393188, -0.004333679688664119
-0.3604134016782572, -0.3623442520634915, -0.5902826248873342, -0.00479681104150741
-0.3605029195699565, -0.36224826209873506, -0.5902777859330834, -0.0052191952249605765
-0.3605999581745073, -0.3621449677746965, -0.5902731087392171, -0.005597245043990902
-0.36070377269039156, -0.362035325988614, -0.5902687518826664, -0.00592774999570709
-0.3608135553260471, -0.3619203420999568, -0.5902648630783994, -0.006207903484316503
-0.36092843965182575, -0.3618010588805207, -0.5902615741715883, -0.006435326601347491
-0.36104750571896915, -0.36167854541727174, -0.5902589966679214, -0.00660808827367325
-0.36116978597807137, -0.3615538861380645, -0.5902572179535359, -0.0067247216126753075
-0.36129427201104225, -0.3614281701175528, -0.5902562983326687, -0.006784236329761573
-0.3614199220698415, -0.3613024808042823, -0.5902562689834033, -0.006786127116164914
-0.3615456693928336, -0.36117788629073877, -0.5902571309007723, -0.00673037791826906
-0.3616704312462814, -0.36105543022674114, -0.5902588548630271, -0.006617462073428894
-0.361793118614974, -0.36093612345370774, -0.5902613824222173, -0.006448338305172653
-0.36191264644306387, -0.3608209364138314, -0.5902646278855165, -0.006224442610600469
-0.3620279443046823, -0.36071079236480974, -0.5902684812201668, -0.005947676106532954
-0.36213796736451476, -0.3606065614082924, -0.5902728117836057, -0.005620388934316996
-0.3622417074719967, -0.3605090553193283, -0.5902774727523775, -0.005245360355953443
-0.36233820421972107, -0.3604190231454727, -0.5902823060997341, -0.004825775206150119
-0.3624265557875518, -0.36033714752839874, -0.5902871479532115, -0.004365196895783528
-0.3625059293892412, -0.36026404168832304, -0.5902918341505755, -0.0038675371918167876
-0.3625755711382841, -0.36020024700258957, -0.5902962058057787, -0.003337023026698416
-0.36263481515443274, -0.360146231104555, -0.5903001146961994, -0.0027781606163735026
-0.36268309174175406, -0.36010238642756554, -0.5903034282884824, -0.002195697189987413
-0.36271993448309237, -0.36006902912116634, -0.590306034232523, -0.001594580655866028
-0.3627449861140637, -0.36004639827256346, -0.590307844171167, -0.0009799175471413035
-0.36275800306168837, -0.3600346553753626, -0.5903087967363896, -0.00035692960620061593
-0.3627588585579954, -0.36003388399930336, -0.5903088596303069, 0.00026909062025164734
-0.3627475442666378, -0.36004408962852863, -0.5903080307204213, 0.0008928247945083526
-0.36272417039000704, -0.36006519965119155, -0.5903063381119351, 0.0015089740228419206
-0.36268896425470176, -0.3600970634992642, -0.5903038391946839, 0.002112303923366781
-0.3626422674036319, -0.36013945295351313, -0.5903006186970208, 0.002697689139562473
-0.36258453125267687, -0.3601920626440467, -0.5902967858126837, 0.0032601569174304347
-0.3625163113978075, -0.3602545107908752, -0.5902924704981147, 0.003794929372992468
-0.36243826068419494, -0.36032634024097365, -0.5902878190658364, 0.004297464088984369
-0.3623511211713145, -0.3604070198677404, -0.5902829892233592, 0.0047634926949707765
-0.36225571514686417, -0.36049594640509175, -0.5902781447258755, 0.005189057103489603
-0.36215293535692095, -0.3605924467912951, -0.5902734498240801, 0.005570543095972315
-0.3620437346298674, -0.36069578109681455, -0.5902690636953751, 0.005904710975809251
-0.3619291150769791, -0.36080514610578174, -0.5902651350472565, 0.006188723031750024
-0.36181011705318045, -0.360919679612274, -0.5902617970758207, 0.006420167582561087
-0.3616878080573974, -0.36103846548051277, -0.5902591629502709, 0.006597079403220398
-0.36156327174344605, -0.3611605395027253, -0.5902573219764482, 0.006717956363640456
-0.3614375971998517, -0.3612848960701498, -0.5902563365694029, 0.0067817721427154065
-0.3613118686409307, -0.3614104956520767, -0.5902562401375845, 0.006787984913144993
-0.36118715563242154, -0.36153627305549396, -0.5902570359503361, 0.006736541925770136
-0.3610645039537277, -0.36166114641461977, -0.5902586970270692, 0.006627879955852866
-0.36094492717603177, -0.36178402683606525, -0.5902611670518704, 0.006462921607645134
-0.360829399012091, -0.36190382860238535, -0.5902643622825514, 0.006243067507524261
-0.3607188464700879, -0.36201947981512583, -0.5902681743894637, 0.0059701844497331335
-0.36061414382133283, -0.3621299333389131, -0.5902724741278843, 0.005646589592152125
-0.36051610737059725, -0.36223417789137546, -0.5902771157195312, 0.005275030832340116
-0.36042549099903365, -0.36233124911032155, -0.5902819417947169, 0.004858663526089702
-0.36034298243361884, -0.36242024042022136, -0.5902867887276398, 0.00440102374170961
-0.3602692001842285, -0.3625003135149658, -0.5902914921839508, 0.0039059982729194765
-0.36020469108024367, -0.36257070827348614, -0.5902958926925328, 0.0033777916613477476
-0.360149928333081, -0.3626307519291363, -0.5902998410525633, 0.0028208905058802244
-0.3601053100494145, -0.3626798673228553, -0.590303203392514, 0.00224002536022703
-0.3600711581219205, -0.3627175800837712, -0.5903058657094984, 0.0016401305417727838
-0.3600477174300194, -0.3627435245988666, -0.5903077377350122, 0.0010263021937716988
-0.3600351552918556, -0.36275744865504855, -0.5903087559959196, 0.0004037549589906507
-0.36003356112028917, -0.3627592166619754, -0.5903088859668494, -0.00022222236424061806
-0.36004294624933286, -0.3627488113915268, -0.5903081232409743, -0.000846311803130046
-0.360063243912669, -0.3627263341991661, -0.5903064936794494, -0.0014632114422689724
-0.3600943093718846, -0.3626920037227551, -0.5903040525344417, -0.0020676805174645097
-0.3601359202082173, -0.36264615308485126, -0.5903008825755043, -0.0026545839840954617
-0.3601877768070738, -0.3625892256542189, -0.5902970912828605, -0.0032189361774517945
-0.36024950307879866, -0.3625217694504562, -0.5902928072028221, -0.0037559431909917635
-0.3603206474713454, -0.36244443030142803, -0.5902881755889726, -0.004261043610345803
-0.36040068434015726, -0.3623579438859671, -0.5902833534769697, -0.004729947256035396
-0.36048901574712067, -0.36226312681337747, -0.5902785043600068, -0.005158671606039392
-0.36058497376362353, -0.3621608669062364, -0.5902737926455036, -0.0055435755902819425
-0.36068782335216876, -0.36205211286341843, -0.5902693780809817, -0.005881390472562225
-0.3607967658966529, -0.3619378634860114, -0.5902654103381119, -0.0061692475611125775
-0.36091094344324204, -0.3618191566497392, -0.5902620239385197, -0.006404702516570579
-0.36102944370198287, -0.3616970582037857, -0.5902593336933459, -0.006585756055396223
-0.3611513058441498, -0.3615726509677396, -0.5902574308111104, -0.0067108708773845486
-0.3612755271122663, -0.36144702398612616, -0.5902563798057766, -0.0067789846776553225
-0.36140107023929935, -0.3613212621841665, -0.5902562163097906, -0.006789519136102331
-0.36152687165131026, -0.3611964365495717, -0.5902569458661835, -0.006742384810528001
-0.36165185040460945, -0.36107359494406965, -0.5902585437406707, -0.006637981893362388
-0.36177491778490967, -0.36095375362568793, -0.5902609557601116, -0.006477196825768501
-0.36189498747292226, -0.36083788953935125, -0.5902641001489226, -0.006261394796874033
-0.36201098615905525, -0.3607269334099006, -0.590267870301218, -0.005992408189649679
-0.36212186447015104, -0.36062176364899257, -0.5902721383947561, -0.005672521068378123
-0.3622266080541783, -0.36052320106614455, -0.5902767597242226, -0.00530444983551874
-0.36232424865519075, -0.3604320043552147, -0.590281577606998, -0.004891320217849071
-0.36241387500113764, -0.36034886631133567, -0.5902864286951417, -0.004436640772818768
-0.36249464332174264, -0.360274410720263, -0.5902911485135264, -0.00394427313582972
-0.36256578731287503, -0.36020918985258266, -0.5902955770363739, -0.003418399257388879
-0.3626266273678499, -0.36015368248946933, -0.5902995641131147, -0.0028634859054854013
-0.362676578904814, -0.3601082924047341, -0.5903029745595749, -0.00228424673283406
-0.36271515963271184, -0.3600733472297307, -0.5903056927418295, -0.0016856022305149708
-0.36274199561596887, -0.36004909763304194, -0.590307626497238, -0.0010726379087481232
-0.36275682601948356, -0.3600357167554372, -0.5903087102596589, -0.00045056106181207996
-0.3627595064403135, -0.36003329985193155, -0.590308907282818, 0.0001753435127818532
-0.36275001075981017, -0.3600418641062897, -0.5903082108863988, 0.0007997584610078037
-0.362728431479198, -0.360061348598434, -0.5903066446825769, 0.0014173790988525248
-0.3626949785318886, -0.3600916144211931, -0.5903042617753149, 0.002022958529943002
-0.3626499765962753, -0.36013244495896934, -0.590301142959579, 0.002611352266588116
-0.3625938609625766, -0.36018354635648475, -0.5902973939815811, 0.0031775619712015347
-0.36252717203557827, -0.3602445482200647, -0.5902931419529874, 0.0037167779432846207
-0.3624505485811449, -0.36031500460629284, -0.590288531040744, 0.004224419988793132
-0.36236471984736085, -0.3603943953627107, -0.5902837175787099, 0.004696176323614296
-0.362270496710558, -0.36048212789205647, -0.590278864766904, 0.0051280401808270785
-0.3621687620117553, -0.36057753941496573, -0.5902741371381213, 0.005516343812161281
-0.3620604602598092, -0.3606798998057489, -0.5902696949795433, 0.005857789597339237
-0.3619465868836931, -0.3607884150718301, -0.5902656888984781, 0.006149478000494262
-0.3618281772175914, -0.3609022315394965, -0.5902622547164327, 0.006388932140323904
-0.36170629539916377, -0.3610204407971246, -0.5902595088645959, 0.006574118769768148
-0.3615820233534408, -0.36114208543210746, -0.5902575444367758, 0.006703465491528284
-0.3614564500228784, -0.3612661655798761, -0.5902564280335515, 0.006775874067398544
-0.36133066098849165, -0.3613916462830973, -0.5902561975045714, 0.006790729711927004
-0.36120572860839384, -0.3615174656370622, -0.5902568606654977, 0.006747906294124059
-0.3610827027790674, -0.36164254367405224, -0.5902583950330657, 0.006647767404585836
-0.36096260240213396, -0.3617657919159478, -0.5902607485872365, 0.006491163279291562
-0.36084640761594067, -0.36188612350120797, -0.5902638415346201, 0.006279423605276839
-0.3607350528278227, -0.362002463770456, -0.5902675690134188, 0.006014346267182832
-0.36062942056013414, -0.3621137611749926, -0.5902718046482439, 0.00569818212713935
-0.3605303361018475, -0.3622189983553221, -0.5902764048343384, 0.005333615963350363
-0.36043856293833687, -0.36231720322288796, -0.590281213606026, 0.004923743724893302
-0.3603547989154793, -0.36240745986819456, -0.5902860679243741, 0.004472046291382918
-0.3602796730808884, -0.3624889191127598, -0.5902908032048392, 0.003982359956033784
-0.3602137431353204, -0.36256080852124417, -0.5902952588974979, 0.0034588438790132455
-0.36015749342122694, -0.3626224416936985, -0.5902992839306658, 0.0029059447845287715
-0.3601113333732251, -0.3626732266662912, -0.5903027418333052, 0.002328359199552281
-0.36007559635677144, -0.36271267326185175, -0.5903055153625023, 0.0017309935541616791
-0.3600505388264652, -0.36274039924890245, -0.5903075104790579, 0.0011189224828985313
-0.3600363397437112, -0.36275613518904903, -0.5903086595363299, 0.0004973456830396101
-0.36003310020464707, -0.36275972787715327, -0.5903089235741484, -0.00012845630097305943
-0.36004084324260843, -0.36275114230592265, -0.5903082936399819, -0.0007531669877010874
-0.36005951378440726, -0.3627304621156715, -0.5903067910925237, -0.001371479177736669
-0.3600889787556607, -0.3626978885202633, -0.5903044668774027, -0.0019781400929495497
-0.36012902734654695, -0.3626537377307112, -0.5903013997995906, -0.002567996048064686
-0.36017937146501033, -0.362598436927807, -0.5902976938511209, -0.0031360362710647054
-0.36023964641887285, -0.3625325188635907, -0.590293474684775, -0.0036774354968605195
-0.36030941188083365, -0.3624566151976676, -0.5902888853533675, -0.004187594970066105
-0.3603881532003892, -0.36237144869764093, -0.5902840814591475, -0.004662181507379969
-0.3604752831337864, -0.36227782445259316, -0.5902792258778387, -0.005097164287801974
-0.3605701440667771, -0.3621766202641523, -0.5902744832362384, -0.005488849059456803
-0.3606720108049677, -0.36206877639079915, -0.5902700143306275, -0.0058339094748840895
-0.36078009400275635, -0.36195528482753014, -0.5902659706752336, -0.006129415292007805
-0.3608935442942587, -0.36183717830465056, -0.5902624893655488, -0.006372857205324735
-0.36101145717834515, -0.36171551918643874, -0.5902596884306118, -0.006562168100869156
-0.36113287869525934, -0.3615913884429024, -0.5902576628317721, -0.006695740558940966
-0.36125681191461956, -0.36146587485615933, -0.5902564812435244, -0.006772440460165053
-0.3613822242344986, -0.36134006460766654, -0.5902561837255056, -0.00679161658293567
-0.36150805546927345, -0.3612150313740864, -0.5902567803645177, -0.0067531061134597295
-0.36163322668081443, -0.36109182703877296, -0.5902582509326029, -0.0066572360232353914
-0.3617566496840172, -0.3609714731033571, -0.5902605455727411, -0.006504820302683098
-0.3618772371345186, -0.3608549528605276, -0.5902635864889486, -0.006297153073591269
-0.3619939130844062, -0.3607432043656047, -0.5902672705835096, -0.006035997636855165
-0.3621056238716476, -0.36063711422165756, -0.5902714729519813, -0.0057235715454776286
-0.3622113491915132, -0.3605375121715034, -0.5902760511175456, -0.005362527825759195
-0.36231011318409834, -0.36044516647054714, -0.5902808498612067, -0.004955932501813641
-0.3624009953617213, -0.3603607799977244, -0.5902857064841277, -0.004507238609768292
-0.36248314119393343, -0.3602849870482504, -0.5902904563237323, -0.004020256917994195
-0.36255577216637747, -0.3602183507418053, -0.5902949383365682, -0.0034991235981937825
-0.3626181951330272, -0.3601613609734634, -0.5902990005586439, -0.0029482651188702455
-0.3626698107893628, -0.36011443283216493, -0.5903025052580827, -0.0023723606573284655
-0.3627101211066943, -0.3600779054127785, -0.5903053336053422, -0.0017763023486232427
-0.36273873558487146, -0.3600520409526762, -0.5903073897025983, -0.0011651537094974395
-0.36275537620153164, -0.36003702423182726, -0.590308603835608, -0.0005441065920788044
-0.36275988096037826, -0.360032962186396, -0.5903089348377373, 8.156296430562842e-05
-0.3627522059679995, -0.3600398836990437, -0.5903083714859466, 0.0007065396045841305
-0.3627324259977672, -0.36005773954405873, -0.5903069328813734, 0.0013255138672857338
-0.3627007335295249, -0.3600864024813262, -0.5903046678015973, 0.0019332273432294763
-0.3626574362842804, -0.3601256675093203, -0.5903016530465668, 0.00252451739548557
-0.3626029533030729, -0.36017525230300795, -0.5902979908343035, 0.0030943610566497902
-0.36253780964776416, -0.3602347978770901, -0.5902938053347419, 0.0036379177271577243
-0.36246262982789024, -0.3603038695277043, -0.5902892384592849, 0.004150570309506315
-0.3623781300812198, -0.36038195811597207, -0.5902844450488999, 0.004627964427677713
-0.3622851096556148, -0.3604684817640773, -0.5902795876239576, 0.005066045398566018
-0.36218444125571136, -0.3605627880385063, -0.590274830873866, 0.005461092642548133
-0.3620770608294046, -0.36066415669535834, -0.5902703360733442, 0.0058097512432476635
-0.36196395687593585, -0.3607718030591516, -0.5902662556146523, 0.006109060391733844
-0.36184615945938925, -0.36088488209920666, -0.5902627278411279, 0.006356478477586924
-0.36172472910874076, -0.3610024932567175, -0.5902598723571577, 0.0065499046181616075
-0.36160074577837065, -0.36112368606116085, -0.5902577859735254, 0.0066876964477140454
-0.36147529803160394, -0.36124746655729023, -0.5902565394255512, 0.0067686840195608075
-0.3613494725947435, -0.36137280454396203, -0.5902561749752208, 0.006792179706864642
-0.3612243444108708, -0.361498641604199, -0.5902567049785549, 0.006757984020759161
-0.361100967302017, -0.36162389988281307, -0.5902581114667581, 0.006666387298119413
-0.3609803653259076, -0.3617474915443415, -0.5902603467553341, 0.006518167245153593
-0.36086352489015083, -0.3618683288208615, -0.590263335060539, 0.006314582356938158
-0.3607513876631989, -0.3619853345370654, -0.5902669750683929, 0.006057361266851184
-0.36064484429851973, -0.36209745297975493, -0.5902711433692142, 0.005748688113380414
-0.36054472896684564, -0.36220366096123213, -0.5902756986412887, 0.005391184044788508
-0.36045181467182663, -0.3623029789116088, -0.5902804864418962, 0.004987885014390738
-0.360366809307504, -0.3623944818244712, -0.5902853444433198, 0.004542216050505397
-0.360290352402191, -0.36247730987389726, -0.5902901079363483, 0.004057962215225833
-0.360223012483035, -0.36255067851904155, -0.5902946154147081, 0.0035392364947664547
-0.3601652849888989, -0.3626138879153956, -0.5902987140510811, 0.002990444890976049
-0.360117590656416, -0.36266633145951066, -0.5903022648790168, 0.002416249008402373
-0.36008027430505307, -0.3627075033063015, -0.5903051475050052, 0.0018215264537441514
-0.36005360395161456, -0.362737004714747, -0.590307264190886, 0.001211329384360872
-0.3600377701924842, -0.36275454909844873, -0.5903085431681115, 0.000590841559462224
-0.3600328858026862, -0.36275996568161717, -0.590308941071434, -3.46657385681987e-05
-0.36003898551390423, -0.36275320168789005, -0.5903084444094462, -0.0006598785347501558
-0.3600560259484239, -0.36273432301830144, -0.5903070700220866, -0.0012794853589900219
-0.36008388570180383, -0.3627035134048243, -0.5903048645095832, -0.001888222422034207
-0.36012236558325383, -0.3626610720564365, -0.5903019026522143, -0.002480918381658896
-0.3601711890384586, -0.36260740984465756, -0.5902982848744966, -0.0030525383147043963
-0.3602300027942483, -0.3625430441042464, -0.5902941338398371, -0.0035982265179839205
-0.36029837777736484, -0.3624685921513089, -0.590289590291165, -0.004113347771983519
-0.3603758103700301, -0.36238476364480887, -0.5902848082786382, -0.004593526715458349
-0.36046172407257626, -0.36229235193772935, -0.5902799499362841, -0.005034684996313622
-0.3605554716475855, -0.3621922245803503, -0.5902751799847181, -0.005433075884295599
-0.36065633782057094, -0.36208531314993353, -0.5902706601463473, -0.0057853160537435395
-0.36076354260900445, -0.3619726025882637, -0.5902665436624066, -0.006088414269685113
-0.36087624534446827, -0.36185512023087474, -0.5902629700977033, -0.00633979673760764
-0.36099354944196316, -0.361733924709449, -0.5902600606091671, -0.006537328906019722
-0.3611145079562479, -0.3616100949020137, -0.590257913838561, -0.006679333541153097
-0.361238129947814, -0.36148471909445445, -0.5902566025685426, -0.0067646049245794196
-0.36136338766135634, -0.3613588845020902, -0.590256171255391, -0.006792419056881226
-0.36148922449780374, -0.36123366728201245, -0.5902566345219888, -0.006762539783590413
-0.3616145637379907, -0.3611101231464263, -0.590257976662129, -0.0066752207931732276
-0.36173831795250233, -0.3609892786649096, -0.5902601521729308, -0.006531203470695586
-0.3618593990089437, -0.3608721233202249, -0.5902630872973373, -0.006331710624750317
-0.36197672856563945, -0.36075960235876303, -0.5902666825244215, -0.0060784361390758875
-0.3620892489203511, -0.360652610453738, -0.5902708159627917, -0.005773530633847703
-0.36219593406469885, -0.36055198617754536, -0.5902753474727822, -0.005419583254675786
-0.3622958007802848, -0.3604585072599962, -0.5902801234173972, -0.0050195997396771715
-0.3623879196015891, -0.36037288659200617, -0.5902849818709904, -0.0045769769463784304
-0.36247142546396893, -0.3602957689202413, -0.5902897581091225, -0.004095474050391578
-0.3625455278529539, -0.3602277281676466, -0.5902942901934979, -0.0035791806565313245
-0.3626095202735481, -0.3601692653078561, -0.5902984244626137, -0.0030324820900244783
-0.36266278886559977, -0.3601208067184155, -0.590302020741947, -0.0024600221604162485
-0.3627048200032741, -0.360082702938453, -0.5903049570969799, -0.0018666637134155378
-0.3627352067330498, -0.3600552277607634, -0.5903071339678555, -0.0012574473059608995
-0.3627536539250307, -0.3600385775959156, -0.5903084775454087, -0.0006375483569650762
-0.3627599820362293, -0.3600328710565589, -0.5903089422740482, -1.2233140269242193e-05
-0.36275412941114205, -0.3600381487230323, -0.5903085123965727, 0.0006131860028961346
-0.36273615307370966, -0.3600543730660789, -0.5903072024885097, 0.0012333958473521854
-0.3627062279948129, -0.36008142851826763, -0.5903050569638479, 0.001843127475010245
-0.36266464484996896, -0.36011912170189464, -0.5903021485689338, 0.0024372010851327246
-0.3626118063119723, -0.36016718183695384, -0.5902985759156276, 0.0030105700390117497
-0.3625482219520688, -0.3602252613675295, -0.5902944601374157, 0.0035583637614177476
-0.36247450185002683, -0.3602929368579757, -0.5902899407819149, 0.004075929131802897
-0.36239134903742554, -0.36036971022090525, -0.5902851710790965, 0.00455887001219196
-0.36229955091902855, -0.3604550103467875, -0.5902803127457276, 0.005003084575752447
-0.3621999698336361, -0.36054819520941284, -0.590275530502222, 0.005404800119968625
-0.3620935329279936, -0.36064855452234656, -0.5902709864878378, 0.005760605070884724
-0.36198122152481893, -0.36075531301854846, -0.590266834763567, 0.006067477909751851
-0.36186406016877504, -0.3608676344185885, -0.5902632160890766, 0.006322812780321834
-0.361743105532208, -0.36098462614242954, -0.5902602531507402, 0.006524441563693285
-0.3616194353559333, -0.36110534480580647, -0.5902580464024921, 0.0066706522377510975
-0.3614941375895747, -0.36122880252521994, -0.5902566706604531, 0.00676020336958515
-0.36136829988140107, -0.36135397403593195, -0.590256172566719, 0.006792334621576512
-0.36124299954983197, -0.3614798046057308, -0.5902565690082476, 0.006766773184867901
-0.3611192941484376, -0.3616052187042892, -0.5902578465444144, 0.006683736087471225
-0.3609982127140754, -0.3617291293644126, -0.5902599618626289, 0.006543928358105176
-0.3608807477645559, -0.3618504481481454, -0.5902628432465823, 0.006348537060803231
-0.3607678480886747, -0.36196809560835863, -0.5902663930073733, 0.006099221249194379
-0.3606604123484012, -0.36208101211584387, -0.5902704907951398, 0.005798097922940265
-0.36055928349122135, -0.36218816890385175, -0.5902749976789846, 0.005447724101908753
-0.36046524395072144, -0.3622885791670424, -0.5902797608569293, 0.005051075166061111
-0.36037901159618335, -0.3623813090405896, -0.5902846188362737, 0.0046115196404958435
-0.3603012363776331, -0.3624654882781364, -0.5902894069087615, 0.004132790635378987
-0.360232497601928, -0.362540320444773, -0.590293962734953, 0.0036189541793347057
-0.36017330176827145, -0.3626050924434081, -0.5902981318484638, 0.0030743747119927486
-0.3601240808881878, -0.3626591831998748, -0.5903017728934294, 0.002503678026505654
-0.3600851912154036, -0.36270207134375243, -0.590304762417578, 0.0019117119756690106
-0.36005691231516357, -0.36273334173795724, -0.5903069990583428, 0.001303505275521755
-0.3600394464099066, -0.3627526907302342, -0.5903084069800176, 0.0006842247577027257
-0.36003291794860504, -0.3627599300233221, -0.5903089384453557, 5.913143615325317e-05
-0.36003737335982366, -0.3627549890870253, -0.5903085754343668, -0.0005664642352254225
-0.3600527809631593, -0.3627379160640749, -0.5903073302553875, -0.0011872475297912593
-0.3600790310294587, -0.362708877151664, -0.5903052451276974, -0.0017979446521054262
-0.3601159359963755, -0.36266815447102396, -0.5903023907498366, -0.002393367590104548
-0.36016323086170154, -0.36261614246758034, -0.5902988639022032, -0.0029684582303041015
-0.36022057379177086, -0.3625533429131734, -0.5902947841652626, -0.003518331357726975
-0.36028754699540544, -0.3624803586087859, -0.5902902898647061, -0.00403831617262888
-0.3603636579247116, -0.36239788591042543, -0.5902855333810988, -0.004523995969797975
-0.3604483408720699, -0.36230670622161865, -0.5902806759831105, -0.004971245643040515
-0.3605409590373435, -0.3622076766128137, -0.5902758823595442, -0.005376266697190459
-0.3606408071405127, -0.3621017197405263, -0.5902713150355927, -0.005735619472336335
-0.3607471146522526, -0.3619898132468904, -0.5902671288626308, -0.006046252309663036
-0.3608590497085278, -0.3618729788233972, -0.5902634657683465, -0.006305527415072406
-0.3609757237650745, -0.36175227112095576, -0.5902604499451666, -0.006511243205287205
-0.3610961970339637, -0.3616287666821987, -0.590258183640045, -0.006661652951177436
-0.3612194847276311, -0.3615035530614811, -0.5902567436883015, -0.006755479564311552
-0.3613445641163068, -0.3613777182837292, -0.590256178908957, -0.006791926404973801
-0.3614703823832881, -0.3612523407757344, -0.5902565084498247, -0.006770684022870642
-0.36159586523962584, -0.36112847988331853, -0.5902577211384246, -0.006691932775254819
-0.3617199262362891, -0.3610071670657198, -0.5902597758607139, -0.006556341301019593
-0.3618414766884961, -0.36088939783535556, -0.5902626029548067, -0.006365060863261808
-0.3619594361044508, -0.3607761244875437, -0.5902661065724507, -0.006119715606687673
-0.3620727429899916, -0.36066824964168454, -0.5902701679282594, -0.005822388809843968
-0.3621803658823264, -0.36056662059345457, -0.5902746493265921, -0.005475605245298016
-0.36228131445082923, -0.36047202445752524, -0.5902793988296234, -0.005082309793346502
-0.3623746504913403, -0.3603851840627602, -0.5902842554083914, -0.00464584248637748
-0.36245949863303617, -0.3603067545473023, -0.5902890544022291, -0.004169910191393893
-0.3625350565740756, -0.3602373205898177, -0.5902936331015102, -0.003658555167168421
-0.36260060466405586, -0.36017739420569295, -0.5902978362644237, -0.0031161207597611594
-0.36265551465793966, -0.3601274130333407, -0.5903015213807206, -0.0025472145254077172
-0.36269925747739895, -0.36008773903589464, -0.5903045635039172, -0.001956669092788277
-0.36273140983128516, -0.36005865754740407, -0.5903068594880682, -0.0013495010971336773
-0.36275165956672695, -0.3600403765997834, -0.5903083314853886, -0.0007308685362459273
-0.3627598096457396, -0.36003302647695457, -0.5903089295860813, -0.0001060269130626992
-0.3627557806685222, -0.3600366594552147, -0.5903086335108023, 0.0005197154593323743
-0.36273961189312376, -0.3600512497033501, -0.5903074532983514, 0.0011410426065286
-0.36271146073108074, -0.360076693331684, -0.5903054289652464, 0.0017526761074571138
-0.3626716007291163, -0.36011280859541484, -0.5903026291487382, 0.0023494199863126034
-0.3626204180772139, -0.36015933627352137, -0.5902991487793052, 0.0029262048961581294
-0.3625584067124322, -0.3602159402594606, -0.5902951058615874, 0.003478131215268775
-0.3624861621149853, -0.360282208413222, -0.5902906374729716, 0.00400051068739096
-0.3624043739175252, -0.36035765373533146, -0.5902858951155596, 0.004488906250557383
-0.3623138174696494, -0.3604417159316351, -0.5902810395791699, 0.0049391697157053814
-0.362215344516835, -0.36053376344268884, -0.5902762354895926, 0.005347476975864978
-0.3621098731658331, -0.36063309601297433, -0.5902716457269654, 0.0057103604488507285
-0.36199837731677587, -0.36073894787281113, -0.59026742590352, 0.006024738480930154
-0.3618818757457054, -0.36085049159964044, -0.5902637190879061, 0.006287941465563059
-0.3617614210199467, -0.36096684271544943, -0.5902606509549237, 0.006497734459723603
-0.3616380884228615, -0.3610870650636615, -0.590258325525054, 0.006652336110249597
-0.36151296505435737, -0.3612101769922337, -0.590256821638166, 0.006750433733842919
-0.3613871392594966, -0.3613351583504357, -0.5902561902808986, 0.006791194426519808
-0.36126169052021817, -0.36146095828541513, -0.5902564528582699, 0.006774272111243245
-0.36113767992517964, -0.3615865038018664, -0.5902576004680743, 0.006699810465943137
-0.3610161413107782, -0.36171070902463065, -0.5902595942026565, 0.006568441707937352
-0.3608980731432514, -0.3618324850806438, -0.5902623664678324, 0.006381281244710074
-0.3607844311882189, -0.3619507504941084, -0.5902658232742735, 0.0061399182348912925
-0.36067612199084664, -0.3620644419678638, -0.590269847423716, 0.005846402136916999
-0.3605739971677806, -0.3621725254054129, -0.5902743024820302, 0.005503225356032322
-0.36047884849178113, -0.3622740070125876, -0.5902790374045128, 0.005113302132815894
-0.36039140373222767, -0.3623679443060246, -0.5902838916566441, 0.00467994384802442
-0.3603123231998856, -0.36245345684792274, -0.5902887006567449, 0.004206830949036446
-0.3602421969329044, -0.36252973652333165, -0.5902933013560271, 0.003697981732251456
-0.3601815424532797, -0.3625960571777095, -0.5902975377668587, 0.003157718243199523
-0.36013080301906186, -0.36265178343874216, -0.5903012662517814, 0.0025906295815514716
-0.36009034629747516, -0.362696378557384, -0.5903043603939281, 0.0020015329214024685
-0.36006046338762376, -0.36272941111848267, -0.5903067152836453, 0.001395432577848611
-0.3600413681284148, -0.3627505604908876, -0.5903082510759169, 0.000777477468717857
-0.36003319663727607, -0.36275962091006386, -0.5903089156979121, 0.0001529173351062625
-0.3600360070376837, -0.3627565041123353, -0.5903086866148031, -0.00047294190410531866
-0.3600497793478853, -0.36274124046823464, -0.5903075715939363, -0.001094783280492255
-0.3600744155188096, -0.36271397859230337, -0.5903056084414364, -0.0017073239992988832
-0.3601097396253099, -0.36267498343714144, -0.5903028637201756, -0.002305360368945669
-0.36015549823084014, -0.36262463290978497, -0.5902994304926077, -0.002883812050908673
-0.3602113609607307, -0.3625634130776626, -0.5902954251650431, -0.003437765250408228
-0.3602769213326926, -0.362491912058706, -0.5902909835404244, -0.003962514478207794
-0.3603516979044089, -0.362410812714826, -0.5902862562134978, -0.004453602527043046
-0.36043513580653963, -0.36232088428933795, -0.590281403464571, -0.004906858322581393
-0.360526608734708, -0.36222297314638796, -0.5902765898250287, -0.005318432328121354
-0.3606254214757094, -0.3621179927836077, -0.5902719784988967, -0.005684829204220052
-0.36073081304113674, -0.3620069132978163, -0.5902677258295927, -0.00600293744880829
-0.36084196047567063, -0.3618907504873584, -0.5902639759994492, -0.00627005576982818
-0.3609579833976926, -0.3617705547737857, -0.5902608561416803, -0.006483915970721026
-0.36107794931664994, -0.36164740011999097, -0.5902584720304602, -0.00664270215892194
-0.3612008797552676, -0.36152237311208535, -0.5902569044951783, -0.00674506611861271
-0.3613257571855968, -0.36139656235852424, -0.5902562066803704, -0.006790138721092926
-0.36145153276666875, -0.3612710483429037, -0.5902564022441782, -0.00677753727901397
-0.3615771348488058, -0.3611468938470015, -0.5902574845563685, -0.006707368784160816
-0.361701478186191, -0.3610251350388234, -0.5902594169230901, -0.0065802290022557025
-0.3618234737758361, -0.36090677329730736, -0.5902621338307483, -0.006397197432197741
-0.361942039218474, -0.36079276782181, -0.590265543166858, -0.006159828171050951
-0.36205610947583544, -0.3606840290512604, -0.5902695293426228, -0.005870136759754251
-0.362164647880057, -0.3605814128957232, -0.5902739572114359, -0.00553058311775121
-0.3622666572352503, -0.3604857157627439, -0.5902786766505158, -0.005144050707310796
-0.36236119083913954, -0.3603976703428715, -0.5902835276503956, -0.004713822100006465
-0.3624473632446672, -0.3603179421037439, -0.5902883457397652, -0.004243551148395176
-0.36252436057790516, -0.3602471264304481, -0.5902929675617674, -0.003737231995129716
-0.36259145022972195, -0.3601857463418192, -0.5902972364126927, -0.003199165179271958
-0.362647989744574, -0.36013425070814065, -0.5903010075552664, -0.002633921125166905
-0.3626934347403937, -0.3600930128952762, -0.5903041531263471, -0.0020463013225985424
-0.36272734570863796, -0.3600623297635266, -0.5903065664725793, -0.0014412975277949124
-0.3627493935628112, -0.3600424209562261, -0.5903081657669422, -0.0008240493329103805
-0.36275936382662766, -0.3600334284227933, -0.5903088967835044, -0.0001998004666392235
-0.3627571593789003, -0.36003541613326384, -0.5903087347362498, 0.0004261457996101628
-0.3627428017004548, -0.36004836995555767, -0.5903076851195918, 0.0010484717572018295
-0.36271643059813063, -0.3600721976822727, -0.5903057835220505, 0.0016618904898475335
-0.36267830241139754, -0.36010672920994624, -0.5903030944194257, 0.002261190838533209
-0.3626287867374133, -0.3601517168896984, -0.5902997089883986, 0.00284128171554283
-0.36256836173965556, -0.36020683608336335, -0.5902957420147502, 0.0033972353874171966
-0.3624976081327308, -0.3602716859727779, -0.590291328001081, 0.0039243293562916115
-0.36241720196083715, -0.3603457906813453, -0.5902866166060644, 0.004418086482030439
-0.3623279063089918, -0.3604286007756763, -0.5902817675699329, 0.004874313003727429
-0.3622305621039128, -0.360519495220592, -0.5902769452982927, 0.005289134138239527
-0.3621260781749519, -0.36061778386274845, -0.590272313287938, 0.0056590269552099365
-0.3620154207544095, -0.36072271051633864, -0.5902680285836629, 0.005980850252238363
-0.3618996026007246, -0.36083345671873024, -0.5902642364539924, 0.006251871180184208
-0.36177967192744565, -0.360949146214505, -0.5902610654663148, 0.0064697883967550366
-0.36165670131569483, -0.3610688502134647, -0.5902586231283327, 0.00663275155625576
-0.361531776778269, -0.36119159345200647, -0.590256992243543, 0.006739376974383342
-0.3614059871300559, -0.3613163610683734, -0.5902562281042478, 0.006788759338992716
-0.3612804138025538, -0.361442106281201, -0.590256356617202, 0.006780479370593971
-0.3611561212206489, -0.36156775883814574, -0.5902573734254094, 0.006714607369746929
-0.3610341478380842, -0.3616922341779595, -0.5902592440558178, 0.006591702622289022
-0.36091549790503896, -0.3618144432258946, -0.5902619050879125, 0.00641280866726804
-0.3608011340176974, -0.3619333027196101, -0.590265266303613, 0.00617944446635929
-0.3606919704764091, -0.3620477459415452, -0.5902692137456277, 0.005893591547232545
-0.3605888674567834, -0.3621567337148138, -0.5902736135806418, 0.005557677226598274
-0.36049262597753695, -0.3622592655037, -0.5902783166364176, 0.005174554051292546
-0.360403983630755, -0.36235439044745377, -0.5902831634590503, 0.0047474756275299535
-0.36032361102494614, -0.36244121814771413, -0.5902879897189613, 0.004280069039121075
-0.36025210887936154, -0.3625189290260109, -0.5902926317823746, 0.0037763040847557305
-0.3601900056997144, -0.3625867840685494, -0.5902969322593845, 0.0032404595921213743
-0.36013775596095143, -0.3626441337810433, -0.5903007453405018, 0.0026770870923734443
-0.3600957387219885, -0.3626904261865991, -0.590303941740693, 0.00209097216201309
-0.360064256600364, -0.3627252137144532, -0.5903064130832416, 0.0014870937602717025
-0.3600435350411819, -0.3627481588462913, -0.5903080755747276, 0.0008705819083799145
-0.36003372182426363, -0.36275903840949486, -0.5903088728464596, 0.0002466740723599639
-0.36003488676552386, -0.3627577464323728, -0.5903087778659614, -0.00037932937699407146
-0.36004702158270196, -0.36274429550449117, -0.590307793853664, -0.001002110244673358
-0.36007003991106423, -0.36271881661491434, -0.5903059541736979, -0.0016163777452100087
-0.3601037774707796, -0.36268155747158426, -0.5903033212024925, -0.0022169135008551955
-0.36014799240373363, -0.362632879335427, -0.5902999842135681, -0.002798615917613577
-0.3602023658127742, -0.3625732524321803, -0.5902960563502863, -0.0033565435583925328
-0.36026650255012105, -0.3625032500325591, -0.5902916707892549, -0.0038859571418718044
-0.3603399323132872, -0.362423541316492, -0.5902869762245364, -0.004382359808427251
-0.36042211111576106, -0.3623348831590273, -0.5902821318258256, -0.004841535310363172
-0.36051242320545773, -0.36223811099363024, -0.5902773018416012, -0.005259583802593724
-0.3606101835061658, -0.36213412892240293, -0.5902726500302516, -0.005632954931510908
-0.36071464065571623, -0.3620238992520437, -0.5902683341080032, -0.0059584779438069365
-0.3608249807092857, -0.3619084316389103, -0.5902645004018745, -0.006233388563198155
-0.3609403315671321, -0.36178877202629045, -0.590261278888916, -0.00645535241103592
-0.3610597681734016, -0.36166599155213275, -0.5902587787898612, -0.006622484776406407
-0.3611823185167249, -0.36154117559624377, -0.5902570848665297, -0.006733366572242861
-0.3613069704446168, -0.3614154131227648, -0.5902562545484473, -0.006787056345946311
-0.36143267928272516, -0.361289786457083, -0.5902563159860438, -0.006783098245793424
-0.361558376227459, -0.3611653616168824, -0.5902572670963888, -0.006721525877780747
-0.3616829774571224, -0.3610431792954515, -0.5902590756338031, -0.006602862021304158
-0.3618053938831767, -0.3609242465724145, -0.5902616802829431, -0.006428114206002337
-0.3619245414404626, -0.3608095294035334, -0.590264992737332, -0.006198766186009609
-0.3620393517938706, -0.36069994591789634, -0.5902689006929116, -0.005916765381573141
-0.36214878331982225, -0.3605963605284498, -0.5902732716551736, -0.0055845063912920365
-0.36225183220474255, -0.3604995788411629, -0.5902779574308682, -0.005204810710920919
-0.3623475434899899, -0.360410343329736, -0.5902827991520567, -0.004780902826523512
-0.36243502188406973, -0.36032932972728415, -0.5902876326622246, -0.0043163828805198486
-0.36251344215870307, -0.36025714407422205, -0.590292294081879, -0.003815196138586843
-0.36258205894573414, -0.36019432035298815, -0.5902966253649338, -0.003281599513172849
-0.3626402157570562, -0.36014131863545407, -0.5903004796574888, -0.002720125425287658
-0.3626873530596466, -0.3600985236678709, -0.5903037262772743, -0.00213554330994335
-0.36272301525223727, -0.36006624382093744, -0.5903062551448807, -0.0015328190918622898
-0.3627468564088141, -0.3600447103387874, -0.5903079805164697, -0.0009170729765624326
-0.36275864467646535, -0.3600340768299847, -0.5903088438913402, -0.0002935359174257937
-0.36275826524063515, -0.3600344189555734, -0.5903088159957112, 0.0003324948683699254
-0.3627457217987238, -0.36004573428320363, -0.5903078977754177, 0.0009557009533048145
-0.36272113651257754, -0.36006794229173633, -0.5903061203638359, 0.0015707879352710107
-0.36268474844082566, -0.3601008845268472, -0.590303544026129, 0.0021725304668326357
-0.36263691048239, -0.3601443249241898, -0.5903002561156321, 0.002755816691134034
-0.3625780848920135, -0.3601979503320196, -0.5902963681117094, 0.003315691703154948
-0.36250883745643847, -0.3602613712790552, -0.5902920118395797, 0.0038473996640991264
-0.3624298304451812, -0.3603341230451311, -0.5902873350003368, 0.004346424209183806
-0.3623418144720042, -0.36041566710133965, -0.5902824961627887, 0.004808526804786355
-0.3622456194215735, -0.3605053929923474, -0.5902776593869662, 0.00522978272957718
-0.36214214460996785, -0.36060262073607996, -0.5902729886616251, 0.005606614375671057
-0.36203234835732345, -0.36070660381474917, -0.5902686423443527, 0.0059358215896873736
-0.36191723715579194, -0.36081653282615134, -0.5902647677927632, 0.006214608799637596
-0.3617978546161136, -0.3609315398553621, -0.5902614963687864, 0.006440608701467843
-0.3616752703715619, -0.36105070361451586, -0.5902589389853631, 0.0066119023085919135
-0.3615505691091204, -0.3611730553827004, -0.5902571823464753, 0.0067270351985832515
-0.36142483988479535, -0.3612975857594468, -0.5902562860079243, 0.006785029823096515
-0.36129916586359156, -0.3614232522245078, -0.5902562803584472, 0.006785393779819452
-0.36117461460538913, -0.36154898747418085, -0.5902571655895793, 0.006728123978589471
-0.36105222899650813, -0.3616737084810545, -0.5902589116891587, 0.006613706667537776
-0.36093301890388685, -0.361796326200566, -0.5902614594587032, 0.006443113319046859
-0.3608179536052717, -0.3619157558248508, -0.5902647225201771, 0.0062177924092316475
-0.3607079550254657, -0.36203092746290866, -0.5902685902441654, 0.0059396571583862365
-0.36060389178621954, -0.3621407971067936, -0.5902729315002295, 0.005611069333178615
-0.3605065740565183, -0.3622443577270946, -0.5902775991023621, 0.005234819244114546
-0.36041674917147126, -0.36234065032800267, -0.5902824347988815, 0.004814102103705822
-0.3603350979722765, -0.3624287747832792, -0.5902872746376403, 0.004352490941626301
-0.36026223180728123, -0.362507900269862, -0.5902919545246775, 0.0038539063026652677
-0.36019869012529415, -0.3625772751158971, -0.5902963157878639, 0.0033225829812186915
-0.36014493858721053, -0.36263623588481686, -0.5903002105568932, 0.0027630340721125895
-0.36010136762075906, -0.3626842155266583, -0.5903035067771816, 0.0021800126414400927
-0.3600682913456157, -0.36272075044191365, -0.5903060926876192, 0.0015784713425296688
-0.36004594680210666, -0.3627454863215709, -0.5903078806103013, 0.0009635203208707426
-0.36003449342580396, -0.3627581826490831, -0.5903088099236736, 0.00034038376755088124
-0.3600340127220737, -0.3627587157753095, -0.5903088491182339, -0.0002856445067184921
-0.36004450810849786, -0.36274708050521465, -0.5903079968650402, -0.000909246095779442
-0.3600659049084003, -0.3627233901646226, -0.5903062820607776, -0.001525123233598173
-0.3600980504947612, -0.3626878751456799, -0.59030376284785, -0.0021280438524355883
-0.36014071459991026, -0.3626408799601126, -0.590300524642747, -0.00271288607648921
-0.36019358982179006, -0.3625828588589538, -0.5902966772395756, -0.003274681769165248
-0.3602562923715912, -0.36251437010537524, -0.5902923510870257, -0.0038086587609672973
-0.3603283631195131, -0.3624360690127689, -0.5902876928650582, -0.004310281397220609
-0.36040926900477266, -0.36234869988264506, -0.5902828605113544, -0.0047752890603070626
-0.3604984048822114, -0.3622530869956059, -0.5902780178662138, -0.005199732339543696
-0.3605950958806351, -0.362150124823143, -0.5902733291174921, -0.005580006543045535
-0.3606986003470829, -0.3620407676379942, -0.590268953233941, -0.005912882269597724
-0.36080811344646824, -0.361926018706034, -0.5902650385756751, -0.006195532784437537
-0.3609227714774931, -0.3618069192431447, -0.5902617178644582, -0.006425557970625006
-0.36104165695358914, -0.36168453731634054, -0.5902591036842929, -0.006601004657078655
-0.36116380448217744, -0.36155995685979125, -0.5902572846647927, -0.006720383155095722
-0.36128820745721524, -0.36143426696377134, -0.59025632247668, -0.006782679867006798
-0.36141382555933754, -0.3613085515783767, -0.5902562497412058, -0.006787365863290862
-0.36153959303557415, -0.3611838797547904, -0.590257068924333, -0.0067344013577726805
-0.3616644277072816, -0.3610612965255353, -0.5902587522531414, -0.0066242360442303845
-0.36178724063143586, -0.3609418145023958, -0.5902612426572954, -0.006457805291656195
-0.3619069463174288, -0.3608264062471668, -0.5902644557036685, -0.006236522229344226
-0.3620224733799432, -0.3607159974470039, -0.5902682824585807, -0.005962265786732308
-0.3621327754889708, -0.3606114609035955, -0.5902725931806649, -0.0056373647863015115
-0.36223684246134724, -0.36051361132439463, -0.5902772417192197, -0.005264578220628598
-0.3623337113249516, -0.36042320088542157, -0.5902820704689954, -0.004847071876670342
-0.36242247717740106, -0.36034091551917047, -0.5902869157134725, -0.004388391501295659
-0.3625023036561641, -0.36026737186846003, -0.590291613175513, -0.0038924327317155154
-0.36257243283671037, -0.36020311483791156, -0.590296003587201, -0.003363408042521127
-0.36263219437980054, -0.3601486156693754, -0.5902999380900242, -0.0028058109872448707
-0.36268101375820894, -0.36010427046605886, -0.590303283282266, -0.0022243780364182247
-0.36271841940699334, -0.36007039909231575, -0.5903059257424306, -0.0016240483357299192
-0.36274404865943366, -0.3600472443817422, -0.5903077758752676, -0.0010099217268096567
-0.3627576523526218, -0.36003497159510733, -0.5903087709499321, -0.000387215389122425
-0.3627590980117441, -0.3600336680812217, -0.5903088772272083, 0.00023878052577221362
-0.3627483715497066, -0.36004334310756625, -0.5903080911036327, 0.0008627478869503373
-0.36272557744813827, -0.36006392784272545, -0.5903064392336864, 0.0014793858173285544
-0.36269093741615, -0.36009527548870646, -0.5903039776259257, 0.002083455778572398
-0.36264478755366536, -0.36013716157733355, -0.5903007897437049, 0.002669826120328805
-0.36258757407583764, -0.3601892844604049, -0.5902969836749361, 0.0032335157114216358
-0.3625198476831615, -0.36025126603741575, -0.5902926884669032, 0.003769736279215523
-0.36244225668761587, -0.3603226527768031, -0.5902880497504608, 0.004273933095336923
-0.36235553902785755, -0.3604029170962294, -0.5902832248020478, 0.0047418236611630055
-0.3622605133254473, -0.3604914591739036, -0.59027837721099, 0.005169434064730389
-0.3621580691489372, -0.360587609265991, -0.5902736713329351, 0.00555313270172716
-0.3620491566629688, -0.36069063060451867, -0.5902692667174902, 0.005889661076739733
-0.3619347758451208, -0.3607997229456974, -0.5902653126989816, 0.006176161426648072
-0.3618159654540948, -0.36091402683033524, -0.5902619433337025, 0.006410200935708284
-0.3616937919289688, -0.36103262860612484, -0.5902592728552513, 0.006589792341147309
-0.36156933839096417, -0.36115456624635733, -0.5902573918019769, 0.006713410758746312
-0.36144369390682285, -0.36127883598149224, -0.590256363947765, 0.006780006589646682
-0.3613179431569571, -0.361404399739506, -0.5902562241401619, 0.006789014402233324
-0.3611931566326678, -0.3615301933687113, -0.5902569771190869, 0.006740357716207177
-0.3610703814655365, -0.3616551355934644, -0.5902585973561573, 0.006634449649640771
-0.3609506329693922, -0.36177813762963185, -0.5902610299200644, 0.006472189423717039
-0.360834886951799, -0.36189811336366906, -0.5902641923386872, 0.006254954753788136
-0.3607240728285612, -0.3620139899774273, -0.5902679773948516, 0.005984590189163842
-0.3606190675521068, -0.36212471888111575, -0.5902722567609969, 0.005663391497451602
-0.3605206903434942, -0.3622292867999515, -0.5902768853495938, 0.005294086222112507
-0.36042969819886406, -0.3623267268464856, -0.5902817062318751, 0.004879810573950481
-0.3603467821249555, -0.36241612940099377, -0.5902865559581671, 0.004424082848275388
-0.3602725640453607, -0.36249665261707, -0.5902912700994797, 0.00393077358922207
-0.36020759430975724, -0.3625675323688895, -0.5902956888224817, 0.0034040727508950863
-0.3601523497327045, -0.3626280914607467, -0.5902996623088402, 0.0028484541313618826
-0.36010723208675266, -0.36267774792832064, -0.5903030558351472, 0.002268637379747643
-0.360072566976519, -0.36271602227457844, -0.5903057543411508, 0.0016695478985056815
-0.36004860302585107, -0.36274254350096424, -0.5903076663313421, 0.001056274982071307
-0.36003551131882827, -0.3627570538160946, -0.5903087269775479, 0.00043402854929683804
-0.3600333850467644, -0.36275941192903094, -0.590308900317275, -0.00019190515991911417
-0.36004223932694135, -0.3627495948616375, -0.5903081804732236, -0.000816208543745393
-0.36006201117394143, -0.3627276982438149, -0.5903065918525896, -0.0014335778670754125
-0.3600925596204454, -0.3626939350857019, -0.590304188319399, -0.0020387683709991913
-0.36013366600050145, -0.3626486330514027, -0.5903010513679532, -0.002626638875480372
-0.3601850344238169, -0.36259223028856447, -0.5902972873593556, -0.0031921954923772606
-0.3602462924838893, -0.3625252698963921, -0.5902930239148749, -0.003730634074251246
-0.36031699225510183, -0.3624483931406026, -0.5902884055884888, -0.004237381036139429
-0.3603966116436855, -0.3623623315467617, -0.5902835889654012, -0.004708132202454715
-0.36048455616417685, -0.36226789802270387, -0.5902787373527708, -0.005138889349200049
-0.36058016121632075, -0.3621659771759068, -0.5902740152426977, -0.005525994132496657
-0.36068269493700345, -0.36205751500235483, -0.5902695827352222, -0.005866159117757361
-0.36079136169760184, -0.36194350812937937, -0.5902655901104089, -0.0061564956494017916
-0.36090530630918194, -0.361824992796166, -0.5902621727335222, -0.006394538328521951
-0.3610236189863214, -0.36170303375210155, -0.5902594464659768, -0.006578265895079137
-0.361145341105375, -0.3615787132451799, -0.5902575037375951, -0.006706118341771822
-0.36126947177504254, -0.36145312026060694, -0.590256410413267, -0.006777010118397412
-0.3613949752167803, -0.36132734015408785, -0.5902562035601914, -0.006790339318094903
-0.36152078893044637, -0.36120244480557573, -0.5902568901913415, -0.006745992770072465
-0.3616458325973638, -0.36107948339824647, -0.5902584470277367, -0.006644346997081247
-0.36176901764943215, -0.3609594739048403, -0.5902608212875686, -0.006486265029793025
-0.3618892574098229, -0.36084339534007137, -0.5902639324754468, -0.0062730891041801245
-0.3620054776889391, -0.360732180814346, -0.5902676751111424, -0.00600662930178816
-0.36211662769946407, -0.36062671140130065, -0.590271922305369, -0.005689148226238412
-0.3622216911371755, -0.36052781081042107, -0.5902765300614329, -0.0053233418421892685
-0.3623196972603999, -0.3604362408368835, -0.5902813421569714, -0.004912316635106126
-0.36240973179107605, -0.3603526975443516, -0.5902861954403218, -0.004459563281298361
-0.3624909474547927, -0.36027780812325805, -0.590290925361996, -0.003968927047528564
-0.36256257397615765, -0.36021212835737204, -0.5902953715537264, -0.003444575167812733
-0.36262392734963145, -0.36015614062554757, -0.5902993832659297, -0.0028909614715307477
-0.36267441821444046, -0.3601102523633921, -0.5903028244791978, -0.0023127885613656927
-0.3627135591753411, -0.36007479491125793, -0.5903055785164658, -0.0017149678616013473
-0.3627409709283915, -0.3600500226801292, -0.5903075519994145, -0.0011025778766520981
-0.362756387072234, -0.36003611257543355, -0.5903086780149073, -0.0004808210161176017
-0.3627596575099874, -0.3600331636299815, -0.5903089183840321, 0.00014502064408492395
-0.3627507503741305, -0.3600411968106948, -0.5903082649567734, 0.0007696302850502952
-0.36272975243593764, -0.3600601549788236, -0.5903067398883858, 0.0013877015668130109
-0.36269686799126144, -0.36008990299929955, -0.5903043948880935, 0.0019939837602073783
-0.36265241624496003, -0.3601302280110362, -0.5903013094656037, 0.0025833264008403253
-0.3625968272460989, -0.36018083988559313, -0.5902975882349266, 0.003150723081835668
-0.3625306364544796, -0.360241371916033, -0.5902933573669771, 0.0036913540100508204
-0.3624544780451445, -0.3603113817902276, -0.5902887603112903, 0.004200626961948918
-0.3623690770807029, -0.3603903529129042, -0.5902839529319758, 0.004674216290059067
-0.36227524070087924, -0.3604776961476619, -0.5902790982228837, 0.00510809964876196
-0.3621738484941649, -0.360572752053787, -0.5902743607812023, 0.0054985921287513135
-0.3620658422274725, -0.3606747936926086, -0.5902699012268781, 0.0058423775126739
-0.3619522151160014, -0.3607830300742306, -0.5902658707570607, 0.006136536389859628
-0.36183400081707995, -0.3608966103077963, -0.5902624060201753, 0.006378570895428571
-0.361712262328576, -0.36101462850705623, -0.5902596244833646, 0.006566425868120203
-0.36158808096483397, -0.3611361294882771, -0.5902576204503014, 0.006698506251653573
-0.3614625455713286, -0.3612601152798036, -0.5902564618643248, 0.006773690596035435
-0.36133674212378686, -0.3613855524423869, -0.5902561880052168, 0.006791340547739193
-0.3612117438390632, -0.3615113801773937, -0.5902568081576685, 0.006751306250853398
-0.3610886019041548, -0.36163651917682516, -0.5902583012965404, 0.006653927614929765
-0.3609683369072463, -0.3617598811455387, -0.5902606167995871, 0.006500031439146123
-0.36085193103123936, -0.3618803789029088, -0.5902636761634941, 0.006290924416343441
-0.36074032104675435, -0.361996936949177, -0.5902673756650889, 0.006028382074306677
-0.36063439211877246, -0.36210850236172176, -0.590271589877552, 0.005714633745137716
-0.36053497241970967, -0.3622140558690996, -0.5902761759224805, 0.005352343686510851
-0.3604428285223954, -0.362312622936634, -0.5902809783137027, 0.00494458851078645
-0.36035866152983287, -0.3624032846871228, -0.5902858342286772, 0.004494831109152496
-0.3602831038851195, -0.36248518847429045, -0.5902905790287944, 0.004006891287913454
-0.3602167167949455, -0.3625575579252506, -0.5902950518414307, 0.003484913362484351
-0.3601599881938645, -0.36261970227166873, -0.5902991010144991, 0.0029333309812937668
-0.3601133311741157, -0.36267102479744406, -0.5903025892585315, 0.002356829476366391
-0.36007708280713324, -0.36271103024353024, -0.5903053983018998, 0.0017603060595552124
-0.36005150328783253, -0.3627393310276287, -0.5903074329012846, 0.001148828202946999
-0.360036775340946, -0.3627556521575165, -0.5903086240713457, 0.0005275905586106989
-0.36003300383970493, -0.362759834741181, -0.5903089314240326, -9.812921363738314e-05
-0.36004021560045263, -0.36275183802401845, -0.5903083445381697, -0.0007230153316135354
-0.36005835933171415, -0.36273173991241625, -0.5903068833128454, -0.001341759103783257
-0.36008730573217584, -0.36269973597324956, -0.5903045972926197, -0.0019491040813328737
-0.3601268477481655, -0.36265613692929366, -0.590301563987441, -0.002539890761286578
-0.36017670101693744, -0.3626013647005121, -0.5902978862442768, -0.0031091004568675994
-0.36023650453654543, -0.36253594706969217, -0.5902936887596272, -0.0036518979590813346
-0.36030582161573166, -0.36246051107723243, -0.5902891138512276, -0.004163672624727827
-0.3603841411674549, -0.36237577527329934, -0.590284316632372, -0.004640077540563113
-0.3604708794168858, -0.362282540975426, -0.5902794597525219, -0.005077066430912882
-0.3605653820985575, -0.3621816826954336, -0.5902747078825669, -0.0054709279964536344
-0.36066692721754245, -0.3620741379109007, -0.590270222131734, -0.005818317394848738
-0.36077472844592273, -0.36196089636308615, -0.5902661545854293, -0.006116284599176241
-0.36088793921841433, -0.36184298906512036, -0.5902626431491859, -0.0063622993973233965
-0.361005657579885, -0.36172147720144987, -0.5902598068734775, -0.006554272824465081
-0.3611269318230219, -0.3615974410922165, -0.5902577419178491, -0.006690574851110714
-0.3612507669368771, -0.3614719693847728, -0.5902565182911335, -0.006770048180735424
-0.3613761318669938, -0.3613461486193609, -0.59025617747821, -0.00679201804345821
-0.3615019675659117, -0.36122105329770016, -0.590256731033716, -0.0067562979053629405
-0.361627195789755, -0.36109773656252686, -0.5902581601903619, -0.006663191046662436
-0.36175072857304547, -0.36097722157367074, -0.5902604164951158, -0.006513487995778681
-0.36187147829068134, -0.3608604936429185, -0.5902634234517065, -0.006308459840359099
-0.3619883681939229, -0.3607484931663738, -0.5902670791137931, -0.006049847470075069
-0.3621003432870279, -0.36064210937016705, -0.5902712595409375, -0.005739846839560152
-0.3622063813935825, -0.36054217486382334, -0.5902758230002684, -0.005381090372834728
-0.3623055042472383, -0.3604494609761488, -0.5902806147714518, -0.004976624662813774
-0.3623967884310362, -0.3603646738316253, -0.5902854723921145, -0.004529884650771236
-0.36247937598323965, -0.36028845111160035, -0.5902902311659187, -0.00404466450068663
-0.36255248448588095, -0.3602213594343031, -0.5902947297465614, -0.00352508541196042
-0.3626154164552823, -0.3601638922812177, -0.5902988156083719, -0.0029755606407750536
-0.36266756786160814, -0.3601164683946352, -0.5903023502180028, -0.0024007580251108533
-0.36270843561694976, -0.36007943057230407, -0.590305213731819, -0.0018055603308127477
-0.36273762388824893, -0.3600530447897621, -0.5903073090596629, -0.0011950237558646674
-0.3627548491121373, -0.3600374995889264, -0.5903085651571481, -0.0005743349469008565
-0.3627599436129151, -0.3600329056823074, -0.5903089394347888, 5.1233104269917335e-05
-0.3627528577518355, -0.3600392957353856, -0.5903084192022363, 0.0006763659059308366
-0.3627336605647805, -0.36005662430450724, -0.5903070220986174, 0.0012957526683817686
-0.3627025388755757, -0.3600847679235428, -0.5903047954943789, 0.0019041314740446157
-0.3626597949026782, -0.3601235253487045, -0.5903018148849293, 0.0024963340275704522
-0.36260584240698224, -0.3601726179866702, -0.5902981813305781, 0.0030673296017072163
-0.36254120145715907, -0.3602316905457842, -0.5902940180296306, 0.0036122678022018294
-0.36246649191544233, -0.3603003119628796, -0.5902894661408843, 0.0041265197859872245
-0.36238242577044666, -0.36037797666868887, -0.5902846799972361, 0.004605717581177626
-0.36228979846374854, -0.36046410626224457, -0.5902798218727449, 0.005045791174757649
-0.36218947937304835, -0.3605580516687765, -0.5902750564806022, 0.005443003054059654
-0.36208240162648564, -0.3606590958561192, -0.590270545388596, 0.005793979910913974
-0.36196955142965026, -0.3607664571812794, -0.5902664415413914, 0.006095741242445388
-0.36185195708913864, -0.36087929343171143, -0.5902628840753353, 0.0063457246095888105
-0.36173067791401015, -0.3609967066150075, -0.5902599936015346, 0.006541807343220702
-0.36160679316951905, -0.36111774853644085, -0.5902578681170733, 0.006682324518073604
-0.3614813912463195, -0.36124142718649854, -0.5902565796829317, 0.006766083046053298
-0.36135555919341755, -0.36136671394068287, -0.590256171981176, 0.006792371772965052
-0.3612303727450895, -0.36149255155207194, -0.5902566588341881, 0.006760967495744558
-0.36110688695141424, -0.3616178628940925, -0.5902580237361053, 0.006672136850865414
-0.36098612749974146, -0.3617415603874128, -0.5902602204123472, 0.0065266340584547835
-0.36086908279109686, -0.36186255602160555, -0.5902631743882695, 0.006325694540596409
-0.3607566968119973, -0.36197977186001873, -0.5902667855138009, 0.006071024466142741
-0.3606498628191851, -0.3620921508959285, -0.5902709313585135, 0.0057647863078992435
-0.36054941783315897, -0.3621986681102316, -0.5902754713620915, 0.0054095805310800625
-0.3604561379167234, -0.36229834156634355, -0.5902802515995397, 0.005008423564247311
-0.3603707341977065, -0.3623902433671147, -0.5902851099996299, 0.004564722235304339
-0.36029384958104527, -0.36247351029201047, -0.5902898818397014, 0.004082244885266372
-0.36022605608491476, -0.36254735393072535, -0.5902944053305389, 0.003565089401213954
-0.3601678527287753, -0.3626110701320926, -0.5902985271019735, 0.0030176484367675743
-0.3601196638982451, -0.362664047594605, -0.5903021074031969, 0.002444572113318155
-0.3600818381124897, -0.3627057754369504, -0.5903050248414208, 0.001850728517820525
-0.3600546471242686, -0.3627358496034845, -0.5903071804981674, 0.0012411623329236176
-0.360038285290478, -0.36275397798001463, -0.5903085012835518, 0.0006210519523088547
-0.36003286916169996, -0.36275998411922983, -0.5903089424147762, -4.3345519039288086e-06
-0.36003843725220586, -0.3627538095018209, -0.5903084889347381, -0.0006296842321480315
-0.36005494996664456, -0.3627355142881836, -0.590307156219239, -0.0012496844540622833
-0.3600822896754332, -0.3627052765456501, -0.5903049894555783, -0.0018590680824514504
-0.36012026094704885, -0.36266338996671776, -0.5903020621102261, -0.0024526582762268846
-0.3601685909612222, -0.36261026012380837, -0.5902984734375619, -0.0030254125076663876
-0.3602269301417551, -0.36254639933488364, -0.5902943451142011, -0.003572465428582621
-0.3602948530606367, -0.3624724202409447, -0.5902898171130835, -0.0040891702167119666
-0.36037185967573093, -0.36238902822034014, -0.5902850429572815, -0.0045711380496687454
-0.36045737697199365, -0.36229701278522886, -0.5902801845145038, -0.0050142753709480434
-0.3605507610805565, -0.36219723812198656, -0.590275406508839, -0.005414818632465572
-0.36065129995075196, -0.36209063294936894, -0.590270870935827, -0.005769366220729181
-0.360758216647149, -0.3619781798756543, -0.5902667315702309, -0.006074907298663351
-0.3608706733367867, -0.36186090443858177, -0.5902631287526834, -0.006328847322066841
-0.36098777602125165, -0.36173986400979774, -0.5902601846319296, -0.006529030018388212
-0.3611085800542235, -0.36161613673885884, -0.5902579990239086, -0.006673755645675292
-0.36123209646801013, -0.3614908107009569, -0.5902566460280098, -0.006761795380927527
-0.3613572991129189, -0.36136497339788065, -0.5902561715151586, -0.006792401719405137
-0.36148313259162734, -0.36123970174387654, -0.5902565915728458, -0.006765314799493198
-0.3616085209477744, -0.3611160526476649, -0.5902578919597827, -0.006680764601265773
-0.3617323770444314, -0.3609950542796595, -0.5902600285886629, -0.0065394690007406315
-0.3618536125448204, -0.3608776980901417, -0.5902629290206679, -0.006342627695762687
-0.36197114838533007, -0.36076493162062406, -0.5902664949210885, -0.006091912053311384
-0.36208392561034486, -0.3606576521275915, -0.5902706053928507, -0.005789450961598359
-0.36219091642037904, -0.36055670101605775, -0.5902751210749942, -0.005437812803402561
-0.36229113527014356, -0.3604628590605452, -0.5902798888672107, -0.00503998369946546
-0.36238364984203886, -0.3603768423738172, -0.5902847471203202, -0.004599342202206958
-0.3624675917136493, -0.3602992990694974, -0.5902895311167488, -0.0041196306502746805
-0.36254216653540416, -0.36023080655389617, -0.5902940786552199, -0.0036049234232413893
-0.3626066635369013, -0.36017186937531576, -0.5902982355503137, -0.0030595923628387776
-0.3626604641874851, -0.3601229175558196, -0.5903018608604109, -0.002488269652174926
-0.36270304984842294, -0.3600843053309758, -0.5903048316667212, -0.0018958084671388269
-0.36273400827021995, -0.36005631022725426, -0.5903070472413098, -0.0012872417343669758
-0.3627530388087894, -0.36003913241425123, -0.5903084324627338, -0.0006677393474677031
-0.3627599562579076, -0.36003289427933893, -0.5903089403634231, -4.256420742769689e-05
-0.36275469322192844, -0.3600376401851728, -0.5903085537223747, 0.0005829725359451476
-0.3627373009814191, -0.3600533363851244, -0.5903072856491322, 0.001203556657222179
-0.36270794883439994, -0.36007987108744743, -0.5903051791392295, 0.0018139160549899575
-0.3626669219263714, -0.36011705467518484, -0.5903023056161878, 0.0024088655894654635
-0.36261461761243996, -0.36016462010464456, -0.5902987625095272, 0.002983351173029885
-0.3625515404237811, -0.3602222235201278, -0.5902946699509695, 0.0035324927356053045
-0.3624782957375513, -0.3602894451356853, -0.5902901667009027, 0.004051625697266262
-0.36239558227350643, -0.3603657904454829, -0.590285405443298, 0.004536340594269827
-0.3623041835612594, -0.3604506918322522, -0.5902805476086511, 0.004982520521601558
-0.36220495853889567, -0.3605435106479744, -0.5902757579005341, 0.005386376074934071
-0.3620988314560165, -0.36064353984194386, -0.5902711987113535, 0.005744477497316012
-0.361986781262037, -0.3607500072086267, -0.5902670246166483, 0.00605378376067206
-0.3618698306635295, -0.3608620793211641, -0.5902633771345801, 0.006311668339011217
-0.3617490350326462, -0.3609788662060692, -0.590260379928242, 0.006515941458824293
-0.3616254713423147, -0.3610994268009087, -0.5902581346133993, 0.006664868642222315
-0.3615002272933219, -0.36122277521985824, -0.5902567173137223, 0.006757185389659566
-0.36137439078402744, -0.36134788783254534, -0.5902561760802514, 0.00679210788134633
-0.36124903985578616, -0.3614737111400059, -0.5902565292625186, 0.0067693396094552155
-0.3611252332269568, -0.36159917040872935, -0.590257764886525, 0.006689073886740939
-0.36100400150623246, -0.3617231790002149, -0.5902598410606431, 0.006551992211023498
-0.3608863391528261, -0.36184464831012964, -0.5902626873956912, 0.006359258498931418
-0.3607731972274876, -0.3619624982087356, -0.5902662073910699, 0.00611250923617221
-0.36066547695523654, -0.36207566785356204, -0.5902702817061085, 0.005813839625196681
-0.36056402409881894, -0.36218312672706243, -0.5902747722057732, 0.005465785844248645
-0.36046962412189176, -0.36228388573687087, -0.5902795266436348, 0.005071303564227567
-0.3603829981034693, -0.3623770082048481, -0.5902843838233837, 0.004633742901308359
-0.36030479935070503, -0.3624616205638609, -0.5902891790639413, 0.004156820013612262
-0.3602356106460176, -0.36253692257846715, -0.5902937497828991, 0.0036445855791431233
-0.3601759420572326, -0.36260219690767714, -0.5902979410089895, 0.0031013904194159446
-0.3601262292358225, -0.3626568178346692, -0.5903016106366591, 0.0025318485584245906
-0.3600868321286129, -0.36270025899978875, -0.5903046342445574, 0.0019407980295340333
-0.36005803403217806, -0.3627320999889907, -0.5903069093145016, 0.0013332597632570815
-0.36004004092644515, -0.36275203164982295, -0.5903083587078183, 0.0007143949064183972
-0.360032981034228, -0.3627598600304782, -0.5903089332811213, 8.946093767675158e-05
-0.3600369045660986, -0.3627555088638357, -0.5903086135527927, -0.0005362330444407265
-0.36005178362450385, -0.36273902054693186, -0.5903074103636164, -0.0011573714771082788
-0.3600775122567602, -0.36271055559628795, -0.5903053645091624, -0.0017686775443326655
-0.36011390666269194, -0.3626703905899701, -0.5903025453563805, -0.002364958055081857
-0.3601607055786076, -0.36261891463749385, -0.5902990484913508, -0.0029411476029707756
-0.3602175708742237, -0.3625566244476899, -0.5902949924779913, -0.003492351628783067
-0.36028408841241255, -0.36248411809172554, -0.5902905148376787, -0.00401388801731963
-0.3603597692326246, -0.362402087582834, -0.5902857673861656, -0.0045013268736138045
-0.3604440511270002, -0.36231131041527453, -0.5902809110859506, -0.004950528140240809
-0.3605363006830772, -0.3622126402221335, -0.5902761105886851, -0.0053576767370413165
-0.36063581586829174, -0.36210699672425795, -0.5902715286526755, -0.005719314926813209
-0.36074182922904396, -0.3619953551507461, -0.5902673206247661, -0.006032371635122811
-0.36085351177077407, -0.3618787353147186, -0.5902636291736635, -0.006294188479060128
-0.3609699775755195, -0.3617581905267031, -0.5902605794532328, -0.006502542288223257
-0.3610902891998664, -0.36163479652194863, -0.5902582748596908, -0.006655663931186451
-0.36121346387956876, -0.3615096405677214, -0.5902567935264771, -0.006752253291915309
-0.3613384805477613, -0.36138381090250793, -0.5902561856755842, -0.006791490272790146
-0.3614642876522899, -0.3612583866416452, -0.5902564719150889, -0.006773041733849344
-0.36158981173485505, -0.3611344282638186, -0.5902576425405643, -0.006697064311349456
-0.36171396671117473, -0.3610129687708914, -0.5902596578640478, -0.006564203092552063
-0.3618356637679737, -0.3608950055903444, -0.5902624495594139, -0.00637558615759196
-0.36195382177009694, -0.36078149326606423, -0.590265922978572, -0.006132815033164509
-0.3620673780501973, -0.360673336960063, -0.5902699603600087, -0.005837951136396179
-0.3621752994349998, -0.3605713867657082, -0.5902744248209534, -0.005493498320430491
-0.36227659334677287, -0.36047643281290387, -0.590279164997884, -0.005102381665756578
-0.36237031880691595, -0.3603892011279485, -0.5902840201780977, -0.004667922692901601
-0.3624555971609814, -0.3603103501961207, -0.5902888257484122, -0.004193811202554528
-0.3625316223413705, -0.3602404681637038, -0.5902934187762917, -0.0036840739782250686
-0.36259767048553615, -0.3601800706085331, -0.5902976435341698, -0.0031430406138924665
-0.36265310873393086, -0.3601295988043023, -0.5903013567796606, -0.002575306754477695
-0.36269740304298503, -0.36008941840381825, -0.5903044326125794, -0.0019856950600920585
-0.36273012486396683, -0.36005981847004775, -0.5903067667440483, -0.001379214225591181
-0.3627509565581839, -0.360041010790797, -0.5903082800328724, -0.000761016404727102
-0.36275969544220243, -0.3600331294229059, -0.5903089211692244, -0.00013635340289739137
-0.36275625638292663, -0.36003623042432653, -0.5903086684145845, 0.0004894679860746554
-0.3627406728908059, -0.3600502917468791, -0.5903075303389116, 0.0011111311157010022
-0.3627130966892992, -0.36007521327809544, -0.59030554553003, 0.0017233547072744322
-0.36267379576920833, -0.36011081703671755, -0.5903027812850894, 0.00232093776634741
-0.3626231509667527, -0.3601568475423791, -0.590299331328501, 0.002898803809444149
-0.36256165113338323, -0.36021297239500694, -0.5902953126337679, 0.0034520440216592647
-0.3624898869925952, -0.36027878311289474, -0.5902908614570287, 0.003975958975751166
-0.3624085438035727, -0.36035379628958497, -0.590286128716868, 0.00446609855664376
-0.3623183929727509, -0.3604374551380488, -0.5902812748770939, 0.00491829975171109
-0.36222028277176244, -0.3605291314958392, -0.59027646450604, 0.005328721986602175
-0.3621151283332834, -0.36062812836644675, -0.5902718606968795, 0.005693879708409991
-0.3620039011047431, -0.36073368306993614, -0.5902676195381407, 0.006010671942418187
-0.3618876179435533, -0.3608449710699255, -0.5902638848218742, 0.006276408575187086
-0.36176733003644046, -0.36096111053423474, -0.5902607831688554, 0.00648883314507722
-0.36164411181981726, -0.3610811676732658, -0.5902584197360397, 0.006646141951174271
-0.3615190500681371, -0.3612041628837154, -0.5902568746517387, 0.00674699932270438
-0.3613932333033505, -0.36132907770608413, -0.5902562002993239, 0.0067905489231609205
-0.36126774166137765, -0.36145486258316983, -0.590256419541487, 0.006776420996265657
-0.3611436373316219, -0.3615804453839686, -0.5902575249452233, 0.006704735494339616
-0.3610219556636829, -0.3617047406339723, -0.5902594790338019, 0.006576101063454482
-0.3609036970123074, -0.3618266593693875, -0.5902622155571802, 0.006391609893676842
-0.36078981936807497, -0.3619451195102219, -0.5902656417378209, 0.006152828476611994
-0.3606812317981044, -0.36205905662616367, -0.5902696414158197, 0.00586178434610667
-0.36057878869895355, -0.3621674349505486, -0.590274078986768, 0.005520948911179252
-0.3604832848435785, -0.36226925848207814, -0.5902788039989114, 0.005133216522799725
-0.3603954511863141, -0.3623635820019212, -0.5902836562537971, 0.00470187994781118
-0.36031595137490535, -0.3624495218259576, -0.5902884712375285, 0.004230602453825591
-0.36024537890703023, -0.36252626610845207, -0.5902930856985092, 0.003723386738078346
-0.3601842548608385, -0.36259308451472205, -0.5902973431825737, 0.0031845409607125174
-0.36013302612489007, -0.3626493370863777, -0.5903010993378172, 0.002618642168500686
-0.36009206405257144, -0.3626944821334529, -0.5903042268092314, 0.0020304974183104237
-0.3600616634694226, -0.3627280830029471, -0.5903066195571314, 0.0014251029303959343
-0.36004204196859413, -0.36274981359265357, -0.5903081964528961, 0.000807601619581092
-0.3600333394394587, -0.3627594625020869, -0.5903089040300394, 0.00018323936734254841
-0.36003561778675475, -0.3627569357383198, -0.5903087182972878, -0.00044267959051206125
-0.360048860811908, -0.36274225792279446, -0.5903076455521397, -0.0010648377776195442
-0.36007297424375095, -0.36271557197497706, -0.5903057221673143, -0.0016779497046397953
-0.3601077859220022, -0.36267713727918394, -0.5903030133573272, -0.0022768068219194354
-0.3601530461528456, -0.36262732637120365, -0.5902996109670455, -0.002856321811101176
-0.36020842827108956, -0.3625666202105995, -0.5902956303572505, -0.0034115718357261536
-0.36027352945690905, -0.3624956021319867, -0.5902912064928597, -0.0039378403805735915
-0.3603478718665607, -0.3624149505933806, -0.5902864893665083, -0.0044306573225431954
-0.3604309041450572, -0.3623254308612561, -0.5902816389127156, -0.004885836892117531
-0.36052200339418494, -0.36222788578960285, -0.5902768195851168, -0.005299513203614798
-0.36062047767112804, -0.3621232258636944, -0.5902721947806547, -0.005668173054298687
-0.3607255690910519, -0.3620124186880507, -0.5902679212997793, -0.005988685716673184
-0.360836457601308, -0.3618964781021483, -0.5902641440304703, -0.006258329474670961
-0.36095226548542525, -0.3617764531066985, -0.5902609910362706, -0.006474814682655356
-0.36107206264207103, -0.3616534167780088, -0.590258569214825, -0.006636303155915965
-0.3611948726679103, -0.3615284553382645, -0.5902569606740423, -0.006741423732378517
-0.3613196797543401, -0.3614026575359952, -0.5902562199486859, -0.0067892838773138
-0.3614454363869386, -0.3612771044740426, -0.5902563721517026, -0.006779477235683262
-0.3615710718138032, -0.3611528600026199, -0.5902574121229277, -0.006712087070176794
-0.36169550122551275, -0.36103096177330585, -0.5902593046040076, -0.006587685556775355
-0.3618176355659899, -0.36091241302677235, -0.5902619854336119, -0.00640732894360804
-0.3619363918708475, -0.3607981751635052, -0.5902653637224459, -0.006172548612778095
-0.36205070400865247, -0.36068916112350735, -0.5902693249343601, -0.005885338118509659
-0.3621595336816956, -0.3605862295787663, -0.5902737347691633, -0.005548136308217003
-0.3622618815269789, -0.3604901799217878, -0.5902784437155547, -0.0051638066657082975
-0.36235679814582955, -0.36040174801541125, -0.5902832921198776, -0.004735613047479868
-0.3624433948823236, -0.360321602653934, -0.5902881155988906, -0.0042671920136914876
-0.3625208541669198, -0.3602503426737368, -0.5902927506130671, -0.0037625219846781303
-0.3625884392425923, -0.3601884946433894, -0.5902970400114745, -0.0032258894814747954
-0.3626455030964435, -0.36013651105880806, -0.5903008383602196, -0.0026618527345237133
-0.3626914964301289, -0.36009476896842085, -0.5903040168737571, -0.0020752029682093117
-0.3627259745173538, -0.36006356895641645, -0.5903064677818174, -0.0014709236898407922
-0.362748602815713, -0.3600431344186632, -0.5903081079838236, -0.0008541483299036182
-0.3627591612228718, -0.360033611075508, -0.5903088818668308, -0.000230116595579527
-0.36275754689284867, -0.36003506667781493, -0.5903087631913853, 0.0003958700885280055
-0.36274377555630233, -0.36004749087678556, -0.5903077559813246, 0.0010184936700077878
-0.36271798131840904, -0.3600707952435743, -0.5903058943873258, 0.0016324647011709984
-0.362680414938386, -0.3601048134408529, -0.5903032415288332, 0.002232567325732322
-0.36263144062503294, -0.36014930156448655, -0.590299887353654, 0.0028137036331841443
-0.3625715314120489, -0.3602039386887188, -0.5902959455878477, 0.003370937000324518
-0.36250126320443277, -0.36026832766191275, -0.5902915498793716, 0.003899534048838452
-0.3624213076123284, -0.3603419962114911, -0.5902868492663095, 0.004395004860647318
-0.3623324237104558, -0.36042439842550833, -0.5902820031233939, 0.004853141108743112
-0.3622354488792423, -0.36051491668396474, -0.5902771757582036, 0.00527005178018602
-0.3621312888975181, -0.36061286411510285, -0.5902725308402932, 0.005642196189608042
-0.36202090746576787, -0.36071748765033096, -0.5902682258521385, 0.005966414005656951
-0.36190531534334536, -0.3608279717459699, -0.5902644067500212, 0.006239952039046603
-0.3617855592826985, -0.3609434428308518, -0.5902612030158375, 0.006460487568963584
-0.3616627109386632, -0.36106297452601854, -0.590258723267541, 0.0066261480142344375
-0.3615378559215331, -0.36118559366678626, -0.5902570515769823, 0.0067355267866103415
-0.3614120831493163, -0.3613102871386431, -0.5902562446199199, 0.006787695195523346
-0.36128647463785313, -0.36143600951746857, -0.5902563297547684, 0.006782210306468685
-0.3611620958479619, -0.36156169148198114, -0.5902573040951875, 0.006719118688551572
-0.36103998668712034, -0.3616862489429157, -0.5902591346079209, 0.006598956020493343
-0.3609211532402504, -0.3618085928099496, -0.5902617592325853, 0.00642274255832399
-0.3608065602806141, -0.36192763929460836, -0.5902650889854552, 0.006191974501901948
-0.3606971245885361, -0.3620423206261054, -0.590269010975974, 0.005908611331103013
-0.3605937090833433, -0.3621515960380226, -0.5902733922337727, 0.005575059215809729
-0.36049711775328075, -0.3622544628676041, -0.5902780842165121, 0.005194150636498221
-0.3604080913498737, -0.362349967596868, -0.5902829278457732, 0.004769120384036466
-0.3603273037978001, -0.36243721665618167, -0.5902877589003134, 0.004303578138034477
-0.3602553592592235, -0.3625153868068256, -0.5902924135838609, 0.003801477852463834
-0.360192789783049, -0.3625837349196017, -0.5902967340786849, 0.0032670842050177493
-0.36014005346486977, -0.362641606971871, -0.5903005738966356, 0.0027049363925301926
-0.36009753304248504, -0.3626884460954336, -0.5903038028461912, 0.0021198095784245195
-0.36006553485469694, -0.3627237995222239, -0.5903063114470504, 0.0015166743193335832
-0.36004428809738254, -0.3627473242935483, -0.5903080146425298, 0.000900654316451214
-0.3600339443202243, -0.3627587916210402, -0.5903088546838297, 0.0002769828525879262
-0.3600345771194903, -0.36275808981308333, -0.5903088030883215, -0.000349041711909772
-0.36004618199626615, -0.3627452257084157, -0.5903078616054142, -0.0009721010024376957
-0.36006867636498285, -0.3627203245882592, -0.5903060621572298, -0.001586901865433372
-0.36010189971316486, -0.3626836285687304, -0.5903034657561034, -0.002188221386905762
-0.36014561392939615, -0.36263549350566326, -0.5903001604356288, -0.0027709513074384374
-0.3601995038317879, -0.36257638447344676, -0.5902962582654543, -0.003330141452560399
-0.3602631779430583, -0.36250686990721004, -0.5902918915510905, -0.003861041806558173
-0.3603361695700714, -0.36242761452293915, -0.59028720834765, -0.004359142870371262
-0.36041793825471913, -0.362339371152153, -0.5902823674396854, -0.004820213959983834
-0.3605078716689549, -0.3622429716460718, -0.5902775329573884, -0.005240339120474056
-0.36060528802918446, -0.36213931701824176, -0.5902728688117187, -0.005615950352353951
-0.36070943910389974, -0.3620293670041044, -0.5902685331371492, -0.005943857870752059
-0.3608195138833138, -0.3619141292207484, -0.5902646729304357, -0.006221277144072924
-0.36093464297082034, -0.3617946481100811, -0.5902614190671395, -0.006445852486722155
-0.36105390374360513, -0.3616719938440007, -0.5902588818648149, -0.006615677010032425
-0.36117632631397645, -0.3615472513611321, -0.5902571473432265, -0.00672930876639023
-0.36130090030437667, -0.36142150969164466, -0.590256274308322, -0.006785782953490123
-0.36142658242819037, -0.36129585171019796, -0.5902562923587691, -0.006784620078392283
-0.3615523048459922, -0.3611713444377149, -0.5902572008825998, -0.006725830014405899
-0.3616769842434976, -0.3610490299911753, -0.5902589690779563, -0.00660991191755698
-0.3617995315539746, -0.36092991725773504, -0.590261536997231, -0.006437850003324796
-0.3619188622250241, -0.3608149743459602, -0.5902648175792341, -0.006211105218252825
-0.3620339069081985, -0.3607051218435964, -0.5902686996005253, -0.0059316028747642
-0.3621436224306953, -0.3606012268888923, -0.5902730514459105, -0.00560171635083886
-0.36224700289200595, -0.36050409804170613, -0.5902777255703328, -0.0052242469889294966
-0.3623430907155136, -0.3604144809221437, -0.5902825635009438, -0.004802400360382432
-0.36243098747619085, -0.36033305456883347, -0.590287401209813, -0.004339759092446242
-0.36250986432106247, -0.36026042845657236, -0.590292074675157, -0.0038402524844381608
-0.362578971799293, -0.36019714010431625, -0.5902964254425414, -0.00330812316752379
-0.3626376489237094, -0.36014365319949226, -0.5903003059974944, -0.002747891088565258
-0.36268533129527114, -0.3601003561634637, -0.5903035847673463, -0.002164315122319457
-0.3627215581362122, -0.36006756108549987, -0.5903061505826422, -0.001562352637635044
-0.3627459780960466, -0.36004550295868254, -0.5903079164468128, -0.0009471173619298808
-0.3627583537168182, -0.3600343391603251, -0.5903088224862183, -0.00032383590387672625
-0.3627585644693271, -0.3600341491313097, -0.5903088379804872, 0.00030219669333995133
-0.36274660829989835, -0.36004493422265493, -0.5903079624042661, 0.0009256619867934405
-0.36272260165676706, -0.36006661769295334, -0.5903062254450335, 0.0015412633697014766
-0.36268677799556315, -0.36009904485640887, -0.5903036859963793, 0.0021437711196337574
-0.3626394847937561, -0.3601419833972652, -0.5903004301608954, 0.002728066872005199
-0.36258117913352095, -0.36019512388182284, -0.5902965683304466, 0.003289187137202158
-0.36251242194034816, -0.3602580805131774, -0.5902922314428657, 0.003822365488608467
-0.3624338709901983, -0.36033039218573537, -0.5902875665420589, 0.004323073061118674
-0.3623462728203014, -0.36041152390581965, -0.590282731792122, 0.004787057015264022
-0.36225045369730347, -0.36050086865084474, -0.5902778911145623, 0.005210376640611183
-0.3621473098108283, -0.36059774974221104, -0.5902732086304887, 0.005589436793370091
-0.36203779687039583, -0.36070142380604875, -0.590268843096221, 0.005921018386893573
-0.36192291928873777, -0.3608110843910707, -0.5902649425209614, 0.006202305679680948
-0.3618037191349178, -0.3609258663041568, -0.5902616391489832, 0.00643091013332262
-0.3616812650363401, -0.36104485071206316, -0.5902590449764091, 0.006604890642258956
-0.36155664120002573, -0.3611670710420899, -0.5902572479545177, 0.006722769968002308
-0.3614309367107814, -0.361291519696162, -0.590256309008234, 0.006783547242326543
-0.36130523524765146, -0.3614171555720591, -0.5902562599708367, 0.006786706436623887
-0.3611806053408717, -0.3615429123631593, -0.5902571025048478, 0.006732220727938483
-0.36105809127020416, -0.3616677075847279, -0.5902588080456773, 0.006620552725899697
-0.3609387046826926, -0.3617904522512616, -0.5902613187699248, 0.006452650558696605
-0.36082341698439147, -0.36191006110645174, -0.5902645495555344, 0.00622993985016351
-0.3607131525372247, -0.3620254632857933, -0.5902683908673871, 0.005954311653792355
-0.3606087826696134, -0.36213561327241295, -0.5902727124705578, 0.005628106442851566
-0.3605111204885918, -0.3622395019901107, -0.5902773678454039, 0.005254094288564152
-0.3604209164624508, -0.362336167864444, -0.5902821991548625, 0.004835451390257049
-0.36033885472707594, -0.3624247076735174, -0.5902870425955936, 0.004375733152299532
-0.3602655500565184, -0.3625042870053131, -0.5902917339515782, 0.003878844032244531
-0.3602015454292987, -0.36257415013825367, -0.5902961141618933, 0.0033490044126017623
-0.3601473101166708, -0.36263362916627095, -0.5903000347138779, 0.0027907147748225374
-0.36010323821761037, -0.3626821521989877, -0.5903033626788035, 0.0022087174780752892
-0.36006964756759774, -0.36271925048155296, -0.5903059852192631, 0.0016079564669515436
-0.3600467789540276, -0.3627445642967725, -0.5903078134153933, 0.0009935352510894388
-0.3600347955800587, -0.36275784753415485, -0.5903087852801322, 0.00037067351557927667
-0.3600337827303359, -0.36275897083560715, -0.5903088678612246, -0.0002553372663015401
-0.36004374760579383, -0.3627479232551867, -0.5903080583586542, -0.0008791788371775848
-0.36006461931001366, -0.36272481239974974, -0.5903063842195952, -0.001495551389867216
-0.36009624898562487, -0.3626898630476655, -0.5903039022076596, -0.0020992186430956457
-0.36013841011538206, -0.3626434142732273, -0.5903006964780166, -0.0026850523713361912
-0.36019079901797957, -0.3625859151340314, -0.5902968757236948, -0.0032480760065999787
-0.360253035582775, -0.36251791900664987, -0.5902925694898792, -0.0037835069386531472
-0.36032466429965115, -0.36244007668157996, -0.5902879237812299, -0.004286797152212325
-0.3604051556497532, -0.3623531283510316, -0.5902830961112236, -0.004753671854973536
-0.3604939079292271, -0.36225789464199665, -0.590278250161426, -0.005180165768648195
-0.3605902495810429, -0.3621552668617489, -0.5902735502318017, -0.005562656776260248
-0.36069344210923093, -0.3620461966331382, -0.5902691556702465, -0.00589789664252963
-0.360802683645294, -0.3619316851025034, -0.590265215470189, -0.006183038549943116
-0.3609171132281953, -0.3618127719037437, -0.5902618632194, -0.006415661220806448
-0.36103581584734645, -0.3616905240581263, -0.5902592125712184, -0.006593789424897271
-0.3611578282826964, -0.361566024980982, -0.5902573533916675, -0.006715910703022043
-0.36128214575784745, -0.36144036375402877, -0.5902563487130368, -0.006780988168564056
-0.36140772940154386, -0.3613146248060042, -0.5902562325971445, -0.006788469281749688
-0.3615335144906243, -0.36118987812537884, -0.5902570089806868, -0.00673829052463135
-0.3616584194242236, -0.3610671701076611, -0.5902586515417878, -0.006630877938475901
-0.36178135535549316, -0.36094751511709966, -0.5902611045922775, -0.0064671435191570766
-0.3619012363840788, -0.3608318878190795, -0.5902642849654628, -0.006248477500084942
-0.3620169901909326, -0.3607212163161184, -0.5902680848354288, -0.005976736585971667
-0.36212756897740295, -0.3606163760977317, -0.590272375372351, -0.005654228234132538
-0.36223196055371265, -0.3605181847933756, -0.5902770111099367, -0.005283691112845928
-0.36232919940853625, -0.360427397698842, -0.5902818348770055, -0.004868271898324313
-0.3624183775818396, -0.36034470403031515, -0.5902866831260397, -0.004411498602841747
-0.36249865515805835, -0.3602707238474845, -0.5902913914780988, -0.003917250656266631
-0.3625692701961303, -0.36020600557775273, -0.5902958002961033, -0.0033897259913916564
-0.3626295479171475, -0.36015102406801314, -0.5902997600975217, -0.0028334054097532905
-0.36267890897939425, -0.36010617908876963, -0.5903031366229181, -0.0022530145288036686
-0.3627168766840866, -0.36007179421733815, -0.5903058153884522, -0.0016534836330505595
-0.3627430829729894, -0.360048116032443, -0.5903077055679243, -0.0010399057708409486
-0.36275727310074635, -0.36003531356122853, -0.5903087430726722, -0.000417493454571763
-0.36275930888969377, -0.3600334779311827, -0.5903088927248411, 0.00020846566495948108
-0.3627491705024152, -0.3600426221930838, -0.5903081494502863, 0.0008326537697935044
-0.362726956696626, -0.3600626812962575, -0.5903065384506434, 0.0014497681053240695
-0.3626928835572817, -0.36009351221343366, -0.5903041143487203, 0.0020545660813429314
-0.3626472817312725, -0.36013489422863676, -0.5903009593362141, 0.002641909856084068
-0.36259059221979817, -0.36018652941705165, -0.5902971803865891, 0.0032068100205804593
-0.3625233608117232, -0.3602480433600397, -0.590292905627677, 0.003744468009043931
-0.3624462312670771, -0.3603189861507269, -0.5902882799970481, 0.00425031687280014
-0.3623599373826841, -0.3603988337552744, -0.5902834603275257, 0.0047200600703806266
-0.3622652940910933, -0.36048698980160354, -0.5902786100295214, 0.005149707944474648
-0.362163187759016, -0.3605827878705635, -0.590273893550527, 0.005535611577326473
-0.3620545658620218, -0.3606854943640567, -0.5902694707996301, 0.005874493739558208
-0.3619404262180781, -0.3607943120203553, -0.5902654917260775, 0.006163476673018843
-0.36182180596359204, -0.36090838413877413, -0.590262091235669, 0.006400106475819735
-0.36169977045196244, -0.3610267995641234, -0.5902593846172893, 0.006582373886929104
-0.36157540224660445, -0.3611485984663161, -0.5902574636345748, 0.006708731298290191
-0.3614497903682128, -0.3612727789324892, -0.5902563934151605, 0.006778105854137001
-0.36132401994028407, -0.3613983043686053, -0.5902562102429123, 0.006789908529765997
-0.3611991623581544, -0.3615241116853255, -0.5902569203279489, 0.006744039115253429
-0.3610762660857304, -0.3616491202197165, -0.5902584995961272, 0.006640887063274259
-0.36095634816144717, -0.36177224132080177, -0.5902608945051252, 0.006481328194078158
-0.36084038647152206, -0.36189238850388816, -0.5902640238594671, 0.00626671728461809
-0.3607293128251413, -0.3620084880568064, -0.5902677815630015, 0.005998876602612056
-0.3606240068434975, -0.3621194899613881, -0.5902720402155649, 0.005680080479753007
-0.36052529065340855, -0.3622243789764483, -0.5902766554319522, 0.005313036051157157
-0.36043392435718147, -0.3623221857148362, -0.5902814707368312, 0.004900860320237169
-0.3603506022340761, -0.36241199753731446, -0.5902863228696934, 0.004447053739265815
-0.3602759496155722, -0.36249296908054607, -0.5902910473200204, 0.003955470525705332
-0.36021052036705936, -0.3625643322355875, -0.5902954839050164, 0.0034302859626468615
-0.3601547949027195, -0.3626254053971756, -0.5902994822007873, 0.0028759609581531084
-0.360109178658352, -0.3626756018127306, -0.5903029066427923, 0.0022972041626370893
-0.3600740009486201, -0.362714436873227, -0.5903056411225908, 0.0016989319653537248
-0.36004951414049624, -0.36274153420563393, -0.5903075929249676, 0.0010862267103514541
-0.3600358930831753, -0.3627566304480144, -0.5903086958718836, 0.0004642934885688162
-0.36003323474600557, -0.36275957861309316, -0.590308912566593, -0.0001615841240650692
-0.36004155802946936, -0.3627503499734088, -0.5903082356617908, -0.0007860890028507231
-0.3600608037293296, -0.3627290344304126, -0.5903066881087657, -0.0014039156988743045
-0.36009083465002023, -0.36269583936011474, -0.5903043223791063, -0.0020098155632093267
-0.36013143587950647, -0.3626510869583657, -0.5903012186853617, -0.0025986413830160664
-0.3601823152534471, -0.3625952101386991, -0.5902974822610314, -0.003165391146364791
-0.3602431040508184, -0.3625287470639822, -0.5902932397921598, -0.0037052505607437997
-0.36031335797558806, -0.3624523344192073, -0.590288635121588, -0.004213633961784325
-0.3603925584889299, -0.36236669955581635, -0.5902838243715784, -0.004686223263567601
-0.3604801145633548, -0.36227265165742417, -0.5902789706502279, -0.005119004619761733
-0.3605753649336446, -0.36217107209218846, -0.5902742385211998, -0.005508302485519683
-0.3606775809192583, -0.36206290412793174, -0.5902697884242829, -0.005850810793285785
-0.36078596988890854, -0.361949142192344, -0.5902657712359517, -0.006143620981122005
-0.3608996794301963, -0.3618308208619957, -0.5902623231543132, -0.006384246639589684
-0.36101780227573865, -0.3617090037606182, -0.5902595610818179, -0.006570644572320433
-0.3611393820223826, -0.3615847725393374, -0.5902575786622203, -0.006701232095908056
-0.361263419662321, -0.361459216099697, -0.5902564431060843, -0.006774900436387421
-0.3613888809246637, -0.3613334202047682, -0.5902561929124048, -0.006791024112093625
-0.3615147044039658, -0.3612084576051029, -0.590256836563541, -0.006749466225884552
-0.36163981042902693, -0.36108537878534164, -0.5902583522376715, -0.006650579623351221
-0.3617631106017434, -0.36096520341475535, -0.590260688548529, -0.006495203907528957
-0.36188351791262985, -0.36084891256155416, -0.5902637662873365, -0.006284658334566039
-0.36199995731771795, -0.36073744170732525, -0.5902674811079336, -0.006020730648610081
-0.3621113766415577, -0.3606316745751946, -0.5902717070641078, -0.00570566194763999
-0.3622167576537585, -0.36053243776395294, -0.5902763008792713, -0.005342127704895853
-0.36231512715252656, -0.3604404961611487, -0.5902811068037754, -0.0049332151027218765
-0.3624055678785505, -0.3603565490916243, -0.5902859618952498, -0.004482396866801263
-0.36248722907676456, -0.3602812271445601, -0.5902907015429679, -0.003993501818675693
-0.3625593365222972, -0.3602150896122367, -0.5902951650489644, -0.003470682392836361
-0.362621201830426, -0.36015862246759334, -0.5902992010766661, -0.002918379391268555
-0.36267223087866074, -0.36011223680534665, -0.59030267278228, -0.0023412842728391726
-0.36271193118195844, -0.3600762676729008, -0.5903054624549079, -0.0017442992970500104
-0.3627399180793155, -0.3600509732223026, -0.5903074755080014, -0.001132495861159303
-0.3627559196111103, -0.3600365341227828, -0.5903086436867648, -0.000511071386239905
-0.3627597799910439, -0.3600330531844982, -0.5903089273826938, 0.00011469487883936955
-0.36275146160368454, -0.3600405551574364, -0.5903083169767237, 0.0007394867564490582
-0.3627310454877358, -0.3600589866844295, -0.5903068331654205, 0.0013579963566146395
-0.36269873029534794, -0.3600882164031427, -0.5903045262591452, 0.0019649692221988236
-0.3626548297482889, -0.3601280352080658, -0.5903014744760019, 0.0025552490149054856
-0.36259976864170596, -0.3601781566992057, -0.5902977812894555, 0.003123821358464403
-0.3625340774746828, -0.36023821785862964, -0.5902935719196042, 0.0036658564632276775
-0.36245838581304857, -0.36030778000858654, -0.5902889890871299, 0.004176750167727845
-0.3623734145132391, -0.3603863301150635, -0.5902841881739609, 0.0046521630473437495
-0.3622799669557487, -0.360473282507751, -0.5902793319547789, 0.005088057257882334
-0.36217891945241554, -0.3605679810911584, -0.5902745850780379, 0.005480730802367526
-0.36207121100299755, -0.36066970212170135, -0.5902701084836368, 0.005826848932363569
-0.36195783258307246, -0.36077765762189506, -0.5902660539465119, 0.006123472420465708
-0.3618398161470333, -0.3608909994952364, -0.5902625589311076, 0.006368082467878526
-0.3617182235270655, -0.36100882439421245, -0.5902597419311533, 0.006558602039984835
-0.3615941354014993, -0.3611301793792341, -0.590257698452667, 0.006693413453210408
-0.3614686404944052, -0.3612540683887353, -0.5902564977763284, 0.006771372068047777
-0.36134282515300553, -0.3613794595205819, -0.5902561806089233, 0.0067918159755705676
-0.36121776343113177, -0.36150529310299095, -0.5902567577034311, 0.006754571597917964
-0.3610945077861838, -0.3616304905100365, -0.5902582094945145, 0.006659955156843266
-0.3609740804745898, -0.3617539636532717, -0.5902604867617576, 0.006508769998297427
-0.36085746570736643, -0.36187462505779844, -0.5902635122981829, 0.00630229979496474
-0.36074560260389377, -0.36199139840906713, -0.5902671835275146, 0.006042297682488495
-0.36063937895915255, -0.3621032294365445, -0.5902713759815059, 0.005730971418624333
-0.3605396258182002, -0.3622090969828742, -0.5902759475195015, 0.005370964687531765
-0.36044711283225506, -0.3623080240929133, -0.5902807431472349, 0.004965334703641562
-0.3603625443539773, -0.36239908894659223, -0.5902856002715424, 0.004517526300784603
-0.3602865562159189, -0.3624814354534316, -0.5902903542128789, 0.004031342722283513
-0.36021971312594503, -0.36255428332492234, -0.5902948437887517, 0.003510913356226744
-0.36016250660704285, -0.3626169374441901, -0.5902989167787678, 0.0029606586868838655
-0.36011535340632395, -0.36266879636026317, -0.5903024350859797, 0.002385252757895158
-0.36007859429920286, -0.3627093597468305, -0.5903052794194779, 0.0017895834651891031
-0.36005249321953103, -0.36273823468231625, -0.5903073533394201, 0.0011787110172694062
-0.3600372366544815, -0.3627551406289167, -0.5903085865272716, 0.0005578249173057241
-0.3600329332539012, -0.36275991301252963, -0.5903089371703223, -6.780016487665925e-05
-0.36003961361702386, -0.3627525053324694, -0.5903083933795837, -0.000692849252482809
-0.36005723023431635, -0.3627329897588457, -0.5903069735929515, -0.0013120122678422588
-0.3600856575781316, -0.36270155620565747, -0.5903047259499636, -0.0019200291963943554
-0.3601246923519801, -0.36265850989814064, -0.5903017266593616, -0.002511734820443699
-0.3601740539239895, -0.3626042674828973, -0.5902980774148447, -0.0030821026385972872
-0.36023338498465773, -0.3625393517579405, -0.5902939019466823, -0.0036262875944038653
-0.3603022524817935, -0.362464385126258, -0.5902893418261806, -0.004139667248781786
-0.3603801488958096, -0.36238008190003945, -0.5902845516653055, -0.004617881045179366
-0.36046649392594077, -0.3622872396027783, -0.5902796938742828, -0.005056867333852257
-0.3605606366619646, -0.3621867294324599, -0.5902749331549626, -0.0054528978419232975
-0.3606618583163742, -0.36207948606061824, -0.5902704309166674, -0.005802609298744696
-0.36076937558853417, -0.3619664969489561, -0.590266339803854, -0.006103031951228353
-0.3608823447251248, -0.3618487913673559, -0.5902627985210981, -0.006351614730958655
-0.3609998663302295, -0.36172742929451185, -0.5902599271308144, -0.00654624686376795
-0.36112099096410843, -0.3616034903753189, -0.5902578229830763, -0.006685275742759684
-0.36124472555228193, -0.3614780630978638, -0.5902565574154717, -0.006767520917244911
-0.36137004060665534, -0.36135223433785324, -0.5902561733348145, -0.006792284082465659
-0.36149587823858065, -0.3612270794001867, -0.5902566837626569, -0.00675935498808373
-0.361621160920679, -0.36110365266673905, -0.590258071393874, -0.006669013216999933
-0.3617448009307229, -0.3609829789370841, -0.5902602891832859, -0.006522025819933051
-0.3618657103876134, -0.3608660455255226, -0.5902632619404342, -0.0063196408251351525
-0.3619828117673265, -0.36075379515427464, -0.5902668888784846, -0.00606357667645739
-0.3620950487664014, -0.3606471196597595, -0.5902710470308864, -0.005756007686510422
-0.3622013973627902, -0.3605468545072793, -0.5902755954200188, -0.005399545624684082
-0.3623008769093966, -0.3604537740898477, -0.5902803798365492, -0.00499721759208131
-0.36239256108489837, -0.36036858776990954, -0.5902852380675244, -0.004552440366751207
-0.36247558851997075, -0.36029193660881276, -0.590290005395981, -0.004068991432723404
-0.3625491729150967, -0.3602243907184879, -0.5902945201856349, -0.003550976934985647
-0.36261261246896326, -0.3601664471630839, -0.5902986293613021, -0.0030027968294290045
-0.36266529844401174, -0.3601185283354317, -0.5903021935992138, -0.0024291075216238025
-0.36270672270794413, -0.36008098073410943, -0.5903050920512009, -0.0018347823107962434
-0.36273648410657755, -0.3600540740713992, -0.5903072264425177, -0.0012248699752701894
-0.3627542935440379, -0.3600380006502446, -0.5903085244043008, -0.0006045518526562938
-0.3627599776702728, -0.3600328749589986, -0.5903089419276107, 2.090221802604293e-05
-0.362753481102696, -0.36003873344581494, -0.5903084648558005, 0.0006461787145230289
-0.3627348671376164, -0.3600555344493006, -0.5903071093645792, 0.001265965624938455
-0.3627043169372166, -0.3600831582778812, -0.5903049214134817, 0.0018749976283439003
-0.3626621272083502, -0.360121407446503, -0.5903019751873533, 0.002468100874129701
-0.36260870641946796, -0.36017000709507374, -0.590298370580731, 0.0030402369755817274
-0.36254456963074333, -0.3602286056277417, -0.5902942298104628, 0.0035865458405127068
-0.36247033203909174, -0.3602967756249911, -0.5902896932714804, 0.004102386972589647
-0.3623867013636002, -0.36037401509108247, -0.5902849147763026, 0.004583378891116349
-0.362294469217195, -0.36045974910693857, -0.5902800563397307, 0.005025436334247937
-0.3621945016267163, -0.36055333196289585, -0.5902752826856049, 0.005424804930691427
-0.3620877288754717, -0.3606540498463594, -0.5902707556618946, 0.005778093047617942
-0.36197513484961885, -0.36076112415629513, -0.5902666287534739, 0.006082300547495915
-0.3618577460721968, -0.3608737155095194, -0.5902630418786025, 0.006334844213563941
-0.3617366206064039, -0.360990928493103, -0.5902601166454896, 0.006533579632408141
-0.3616128370029349, -0.3611118172030974, -0.590257952229705, 0.006676819352316062
-0.36148748345519266, -0.36123539159261675, -0.5902566220121428, 0.006763347167479771
-0.36136164731147136, -0.36136062463256635, -0.5902561710914667, 0.006792428410468087
-0.36123640507524735, -0.36148646026660103, -0.5902566147553179, 0.0067638161684479975
-0.3611128130042778, -0.36161182211889376, -0.5902579379620835, 0.0066777533721927955
-0.36099189839694157, -0.3617356228897737, -0.5902600958507886, 0.006534970740765099
-0.3608746516309599, -0.36185677435097774, -0.5902630152618296, 0.006336680598710559
-0.3607620189960985, -0.36197419783000273, -0.5902665972170277, 0.006084566616450329
-0.36065489633946335, -0.36208683505256867, -0.5902707202749744, 0.005780769558120685
-0.3605541235202554, -0.36219365919423185, -0.590275244647962, 0.005427869154174006
-0.36046047965111216, -0.3622936859774438, -0.5902800169409954, 0.005028862248408254
-0.3603746790859499, -0.36238598463930827, -0.5902848753522616, 0.004587137400502324
-0.3602973681000955, -0.36246968858848405, -0.5902896551587876, 0.004106446155351935
-0.36022912219781156, -0.3625440055674025, -0.5902941943013205, 0.003590871219260461
-0.3601704439753385, -0.36260822713842367, -0.5902983388790749, 0.0030447918100630763
-0.36012176146439967, -0.36266173731976536, -0.5903019483680304, 0.00247284647326463
-0.36008342688176254, -0.3627040202089382, -0.590304900385804, 0.0018798936789625566
-0.36005571571467365, -0.36273466644769436, -0.5903070948414899, 0.001270970534426121
-0.36003882607958937, -0.3627533784028004, -0.5903084573296974, 0.0006512499644447908
-0.36003287830211383, -0.36275997396073434, -0.5903089416536492, 2.5996725702684126e-05
-0.3600379146789363, -0.36275438886100575, -0.5903085313917412, -0.0005994773677240004
-0.36005389939724375, -0.3627366775215547, -0.5903072404544104, -0.0012198586232768556
-0.3600807186028535, -0.36270701233971026, -0.5903051126124231, -0.0018298766649710602
-0.3601181806244731, -0.36266568148269096, -0.5903022200125811, -0.002424349256183923
-0.36016601637735346, -0.3626130852117546, -0.5902986607312082, -0.002998226365254242
-0.360223879984376, -0.3625497308129746, -0.5902945554484222, -0.0035466330960495372
-0.3602913496656678, -0.3624762262344239, -0.5902900433560087, -0.004064911116216118
-0.36036792895856995, -0.36239327255362186, -0.5902852774377084, -0.00454865822970354
-0.36045304833762004, -0.36230165541967985, -0.5902804192820025, -0.004993765757148783
-0.3605460673087516, -0.3622022356312419, -0.5902756336033125, -0.005396453407577434
-0.36064627705284036, -0.3620959390235573, -0.5902710826573936, -0.005753301347365791
-0.3607529036908944, -0.3619837458456523, -0.590266920740272, -0.006061279197228727
-0.36086511223650275, -0.36186667981140963, -0.5902632889572149, -0.006317771714865505
-0.36098201129077423, -0.36174579700647136, -0.590260310439041, -0.006520600949521667
-0.3611026585211514, -0.3616221748264389, -0.5902580861679068, -0.006668044684832268
-0.36122606694850956, -0.3614969011111554, -0.5902566915540239, -0.0067588510176319425
-0.36135121204738496, -0.36137106362536797, -0.5902561738793068, -0.0067922489527017516
-0.3614770396426016, -0.3612457400183665, -0.590256550694571, -0.00676795492643717
-0.36160247456261985, -0.3611219883748933, -0.5902578092245846, -0.006686175205949228
-0.3617264299864307, -0.36100083844746467, -0.5902599068011296, -0.006547604143946057
-0.3618478173974661, -0.3608832836370164, -0.5902627723094044, -0.006353418303689308
-0.36196555703562217, -0.3607702737652241, -0.5902663085987583, -0.006105266502186042
-0.36207858871785403, -0.3606627086587918, -0.5902703957760762, -0.005805255853365892
-0.36218588287963915, -0.36056143254415063, -0.5902748952702183, -0.005455933926103037
-0.36228645167457096, -0.36046722923108565, -0.5902796545297728, -0.005060267164357355
-0.3623793599580314, -0.3603808180463971, -0.5902845121949197, -0.0046216157481977285
-0.3624637359737386, -0.3603028504643244, -0.5902893035680861, -0.004143705104786592
-0.3625387815593555, -0.3602339073695142, -0.590293866197952, -0.00363059430728267
-0.3626037816894214, -0.3601744968810401, -0.5902980453874798, -0.0030866416267833563
-0.3626581131807547, -0.3601250526625419, -0.5903016994391952, -0.002516467527590882
-0.36270125239698914, -0.36008593264387445, -0.59030470445984, -0.0019249154189609882
-0.36273278180491175, -0.3600574180836752, -0.5903069585614357, -0.0013170104967957443
-0.36275239525524916, -0.3600397129095776, -0.5903083853162547, -0.0006979170262067557
-0.3627599018841158, -0.36003294328311297, -0.5903089363484931, -7.28944302585669e-05
-0.36275522855775455, -0.3600371573490585, -0.5903085929747208, 0.0005527474387042006
-0.3627384208118112, -0.36005232514356167, -0.5903073668374507, 0.0011736934611055988
-0.36270964226634683, -0.3600783386510751, -0.590305299510332, 0.0017846684574596562
-0.36266917252829534, -0.36011501201631446, -0.5903024610883625, 0.0023804820524360513
-0.3626174036232488, -0.360162081933335, -0.5902989478109507, 0.00295607281036146
-0.3625548350274368, -0.36021920824871134, -0.5902948787984699, 0.0035065512636613823
-0.3624820673977779, -0.3602859748290198, -0.5902903920130135, 0.004027241466049324
-0.3623997951221525, -0.3603618907537338, -0.5902856395803716, 0.004513720715905215
-0.36230879783293823, -0.36044639190271743, -0.5902807826318939, 0.004961857112052802
-0.36220993104378285, -0.3605388430122911, -0.5902759858411736, 0.005367844623811157
-0.36210411608221516, -0.3606385402750838, -0.5902714118408142, 0.005728235379495851
-0.3619923294986426, -0.36074471455628654, -0.590267215708575, 0.006039968902201446
-0.3618755921354949, -0.36085653529256834, -0.5902635397098249, 0.006300398048420788
-0.36175495803874447, -0.36097311512979346, -0.5902605084745174, 0.006507311433560984
-0.3616315033878936, -0.3610935153420527, -0.5902582247721433, 0.006658952158421412
-0.3615063156101669, -0.36121675205780823, -0.5902567660278537, 0.006754032681937221
-0.36138048283040547, -0.36134180329953447, -0.5902561816978007, 0.006791745717712509
-0.36125508379067994, -0.3614676168217841, -0.5902564915926292, 0.0067717710648348625
-0.3611311783535117, -0.3615931187097612, -0.5902576852059215, 0.0066942783169591565
-0.36100979868056127, -0.3617172226769949, -0.590259722070352, 0.00655992542746785
-0.36089194115543544, -0.3618388399772906, -0.5902625331294797, 0.006369853142460332
-0.36077855909574064, -0.36195688982369534, -0.5902660230787036, 0.0061256753472030065
-0.3606705562763527, -0.3620703101863999, -0.5902700735960621, 0.005829465405288305
-0.3605687812639401, -0.36217806882313164, -0.5902745473534008, 0.005483738602904255
-0.36047402254265626, -0.36227917438031065, -0.5902792926719815, 0.0050914308430902114
-0.3603870043933175, -0.3623726873916143, -0.5902841486647418, 0.0046558737664214875
-0.3603083834737594, -0.3624577309931405, -0.590288950690914, 0.004180766504977736
-0.3602387460368428, -0.3625335011713826, -0.59029353593809, 0.003670144305445524
-0.36017860571503535, -0.3625992763619599, -0.5902977489424778, 0.0031283442845078434
-0.36012840179675476, -0.36265442622356603, -0.5903014468601716, 0.0025599686049961466
-0.36008849791971587, -0.3626984194227879, -0.590304504310665, 0.0019698453843361784
-0.36005918111027224, -0.36273083028111197, -0.5903068176283377, 0.001362987667323883
-0.3600406611048138, -0.36275134415514076, -0.5903083083777017, 0.0007445508129537464
-0.3600330698994042, -0.36275976144435884, -0.5903089260131515, 0.00011978865964368657
-0.36003646148639823, -0.3627560001470178, -0.5903086495929941, -0.0005059911554526628
-0.36005081175121956, -0.3627400969131832, -0.5903074884895977, -0.0011274723394552732
-0.3600760185181352, -0.3627122065738648, -0.5903054820715665, -0.0017393751611638982
-0.36011190175003494, -0.36267260015566893, -0.5903026983687262, -0.0023365013542383383
-0.3601582039231358, -0.36262166142061303, -0.590299231765216, -0.0029137783204774745
-0.3602145906125418, -0.36255988199986233, -0.5902951997989464, -0.0034663022540691495
-0.36028065133793796, -0.3624878552173343, -0.5902907391760109, -0.003989379817728626
-0.3603559007297985, -0.3624062687236044, -0.590286001135239, -0.004478568015035236
-0.36043978008480715, -0.36231589608172143, -0.5902811463201217, -0.004929711919817587
-0.36053165938422116, -0.3622175874637943, -0.5902763393320251, -0.005338979942895305
-0.36063083985042654, -0.36211225963014926, -0.5902717431493893, -0.005702896338597537
-0.3607365571146369, -0.3620008853711849, -0.5902675136021381, -0.006018370677968297
-0.3608479850625944, -0.3618844825956131, -0.5902637940886198, -0.0062827240421475415
-0.3609642404152945, -0.3617641032475737, -0.5902607107141586, -0.006493711717797976
-0.3610843880883915, -0.3616408222293501, -0.5902583680159865, -0.006649542206349662
-0.3612074473574225, -0.36151572649631847, -0.5902568454194335, -0.006748892389989846
-0.3613323988367737, -0.36138990447682795, -0.5902561945454604, -0.006790918729480223
-0.36145819225897613, -0.36126443595242475, -0.5902564374607628, -0.006775264401803694
-0.3615837550181642, -0.36114038251390856, -0.590257565929743, -0.006702062319106392
-0.3617080014180414, -0.36101877868676335, -0.5902595416936817, -0.00657193400420259
-0.36182984254127926, -0.360900623796386, -0.5902622977676643, -0.006385984331853094
-0.36194819663470024, -0.36078687461998815, -0.5902657407113094, -0.00614579217891813
-0.3620619998836663, -0.36067843884885564, -0.5902697537963673, -0.005853397060128929
-0.3621702174304956, -0.36057616936257575, -0.5902742009638544, -0.005511281859417681
-0.3622718544761985, -0.3604808592965819, -0.5902789314366236, -0.005122351799278117
-0.3623659672929276, -0.3603932378665604, -0.5902837848310494, -0.004689909822272074
-0.3624516739667195, -0.3603139668983737, -0.5902885965945626, -0.0042176285893052055
-0.3625281646868118, -0.36024363800070847, -0.5902932035847123, -0.003709519328406203
-0.3625947113991843, -0.3601827703097926, -0.5902974496005988, -0.0031698977951822613
-0.36265067664813544, -0.36013180873152795, -0.5903011906791249, -0.0026033476316053503
-0.36269552144054407, -0.36009112260613285, -0.5903042999764463, -0.002014681433018616
-0.3627288119828179, -0.360061004723895, -0.5903066720690716, -0.001408899853958165
-0.36275022515994915, -0.36004167062745396, -0.5903082265287097, -0.0007911491012913349
-0.36275955264914894, -0.3600332581459422, -0.5903089106495939, -0.00016667717803169342
-0.3627567035865964, -0.36003582711871907, -0.5903087012357632, 0.00045921074721067657
-0.3627417057341279, -0.3600493592807372, -0.5903076053876524, 0.001081197462021717
-0.36271470512255144, -0.3600737582971909, -0.5903056602613127, 0.0016939989354933338
-0.3626759641787073, -0.3601088499512266, -0.5903029318084241, 0.002292409258353633
-0.3626258583737011, -0.36015438250448395, -0.5902995125398546, 0.0028713449118957027
-0.36256487145894134, -0.36021002726531326, -0.5902955183886389, 0.003425887985964148
-0.36249358938396636, -0.3602753794130136, -0.5902910847787998, 0.0039513279760466265
-0.36241269301478385, -0.3603499591377517, -0.5902863620333654, 0.004443201802665215
-0.3623229497928596, -0.36043321316431387, -0.5902815102773356, 0.004897331712575401
-0.3622252044924781, -0.3605245167331963, -0.5902766940084613, 0.005309860740528022
-0.36212036924746527, -0.3606231761142781, -0.5902720765199447, 0.00567728543227256
-0.3620094130269329, -0.36072843172633573, -0.5902678143641614, 0.0059964855538020305
-0.3618933507436334, -0.3608394619298526, -0.5902640520450968, 0.006264750538271888
-0.36177323217767454, -0.36095538755100076, -0.5902609171194036, 0.006479802450281294
-0.36165013089289133, -0.3610752771815686, -0.5902585158721252, 0.006639815277003153
-0.36152513331341385, -0.36119815328331584, -0.5902569297136271, 0.006743430386719176
-0.36139932811428954, -0.36132299910618404, -0.5902562124198372, 0.006789768027405155
-0.3612737960629737, -0.3614487664086249, -0.5902563883092964, 0.006778434770881486
-0.3611496004287409, -0.36157438394560515, -0.5902574514187945, 0.006709526841474613
-0.3610277780552543, -0.36169876666640266, -0.5902593657055145, 0.006583629301918282
-0.3609093311684799, -0.3618208255408546, -0.5902620662688385, 0.0064018111031627955
-0.36079521996857056, -0.36193947791005454, -0.5902654615504189, 0.006165616038661213
-0.3606863560311181, -0.3620536582364031, -0.5902694364379736, 0.005877049677370568
-0.36058359652098315, -0.36216232910914925, -0.5902738561676307, 0.00553856238294157
-0.3604877392014886, -0.3622644923457403, -0.590278570892583, 0.0051530285591609454
-0.36039951820375593, -0.3623592000171364, -0.5902834207632222, 0.004723722293428239
-0.36031960050585254, -0.3624455652171017, -0.5902882413465549, 0.004254289600650507
-0.3602485830596769, -0.3625227723918405, -0.5902928692011964, 0.0037487174991636925
-0.36018699049539604, -0.3625900870473562, -0.5902971474189264, 0.003211300177862866
-0.360135273328937, -0.36264686465772566, -0.5903009309449085, 0.00264660253936171
-0.3600938065975342, -0.36269255860796257, -0.5903040914961514, 0.002059421427414897
-0.3600628888515228, -0.3627267270201755, -0.5903065219113974, 0.0014547448677416357
-0.36004274143719694, -0.3627490383308515, -0.5903081397848902, 0.0008377096695131747
-0.3600335080152234, -0.36275927550991205, -0.5903088902607545, 0.0002135577498624055
-0.360035254271327, -0.3627573388380134, -0.5903087478931839, -0.0004124084443775803
-0.36004796779018444, -0.36274324718676343, -0.5903077175093271, -0.0010348710350731453
-0.36007155807895863, -0.3627171377762445, -0.5903058340455951, -0.001648541943822189
-0.3601058567430596, -0.3626792644147029, -0.5903031613629444, -0.002248207866867705
-0.3601506178327153, -0.3626299942555725, -0.5902997900813302, -0.0028287746075451384
-0.3602055183941132, -0.36256980313633713, -0.5902958345068008, -0.0033853103859291652
-0.3602701592725316, -0.3624992695912551, -0.590291428755483, -0.003913087754875747
-0.3603440662263362, -0.3624190676549127, -0.590286722205937, -0.004407623764557383
-0.36042669141949313, -0.3623299585952777, -0.5902818744341374, -0.0048647180336729825
-0.36051741536580195, -0.36223278173279605, -0.5902770498028541, -0.005280488404550209
-0.36061554940009755, -0.3621284445156857, -0.5902724118889141, -0.005651403881090377
-0.36072033874996223, -0.3620179120306011, -0.5902681179372954, -0.0059743145726580205
-0.36083096627597233, -0.3619021961321369, -0.5902643135300681, -0.006246478393301232
-0.3609465569391854, -0.3617823443741308, -0.5902611276508948, -0.006465584293818549
-0.3610661830417561, -0.3616594289206355, -0.5902586683123645, -0.006629771833879612
-0.3611888702704674, -0.3615345356049713, -0.5902570188943589, -0.0067376469323909656
-0.3613136045541312, -0.36140875329185884, -0.5902562353175191, -0.006788293666319072
-0.36143933972474995, -0.361283163680833, -0.5902563441475964, -0.006781282021002178
-0.3615650059497437, -0.3611588316695411, -0.5902573416949054, -0.0067166715283780275
-0.36168951887912115, -0.36103679637386177, -0.5902591941394018, -0.0065950107633189784
-0.36181178942799375, -0.3609180628787716, -0.590261838677138, -0.006417332702199659
-0.36193073409207766, -0.36080359477035384, -0.5902651856492561, -0.006185145981733204
-0.3620452856726113, -0.36069430747606646, -0.5902691215813887, -0.005900422129804888
-0.36215440426811263, -0.3605910624180704, -0.5902735130304694, -0.005565578873307655
-0.36225708837438186, -0.36049466196387314, -0.5902782111086027, -0.005183459660630111
-0.36235238592166985, -0.36040584514031737, -0.5902830565306759, -0.004757309568239189
-0.36243940506948435, -0.36032528406159414, -0.590287885014626, -0.004290747791493523
-0.3625173245755179, -0.3602535810099744, -0.5902925328512999, -0.0037877369491614073
-0.3625854035558368, -0.3601912660995462, -0.5902968424550779, -0.003252549458824162
-0.3626429904589117, -0.36013879544864613, -0.5903006677070473, -0.002689731266138719
-0.36268953108623514, -0.3600965497858972, -0.5903038789095322, -0.0021040632345231043
-0.3627245755069445, -0.3600648334176867, -0.5903063671839448, -0.0015005205229306619
-0.36274778373272487, -0.3600438734912854, -0.5903080481627813, -0.0008842302977205653
-0.3627589300418078, -0.3600338194972832, -0.5903088648505184, -0.0002604281399621218
-0.3627579058665199, -0.36003474296707116, -0.5903087895563577, 0.0003655864783907074
-0.3627447211868753, -0.3600466373351786, -0.5903078248332402, 0.0009884952673312733
-0.362719504402344, -0.3600694179517151, -0.5903060033912745, 0.001603006353372498
-0.36268250068436036, -0.3601029222462824, -0.5903033869885138, 0.002203899287075405
-0.3626340688425024, -0.3601469100607637, -0.5903000643367183, 0.00278606943688037
-0.36257467676669697, -0.36020106418366327, -0.5902961480931513, 0.003344571388333028
-0.3625048955354986, -0.36026499113245203, -0.590291771040467, 0.0038746609770682118
-0.3624253923056371, -0.3603382222420336, -0.590287081584273, 0.004371835596570686
-0.3623369221200152, -0.36042021512642264, -0.5902822387210889, 0.0048318724375844115
-0.36224031878949503, -0.360510355586544, -0.5902774066473608, 0.005250864334865829
-0.36213648501777285, -0.36060796003938345, -0.5902727491923507, 0.005625252918516499
-0.3620263819479985, -0.3607122785422796, -0.5902684242636563, 0.005951858791110899
-0.3619110183144506, -0.36082249848093406, -0.5902645784936769, 0.006227908477969853
-0.3617914393824265, -0.36093774898066666, -0.5902613422684903, 0.006451057925931101
-0.361668715854767, -0.36105710608788555, -0.5902588253076402, 0.006619412355552721
-0.36154393291425757, -0.36117959875286065, -0.590257112944626, 0.006731542302581344
-0.3614181795580529, -0.3613042156262549, -0.5902562632341429, 0.0067864957164689745
-0.3612925383636767, -0.36142991266093705, -0.5902563049840861, 0.006783806016489256
-0.3611680758067535, -0.3615556214881157, -0.5902572367789994, 0.0067234960393644586
-0.3610458332290909, -0.36168025851344165, -0.5902590270280584, 0.006606077846057428
-0.3609268185327812, -0.36180273465520885, -0.5902616150359596, 0.00643254838931118
-0.36081199865248914, -0.36192196562397294, -0.5902649130604294, 0.00620438107743748
-0.3607022928347552, -0.36203688262152667, -0.5902688092866487, 0.005923513303572271
-0.36059856673073876, -0.36214644331798795, -0.5902731716178001, 0.005592330042929267
-0.36050162728811874, -0.3622496429494927, -0.5902778521532864, 0.0052136436532844496
-0.3604122184094538, -0.3623455253662069, -0.5902826922028633, 0.004790670045787575
-0.3603310173287204, -0.36243319385161854, -0.5902875276667218, 0.004327001423981943
-0.36025863164549565, -0.3625118215297304, -0.5902921945991592, 0.0038265758183622174
-0.36019559694757186, -0.36258066117707477, -0.5902965347672053, 0.00329364367163887
-0.36014237494791157, -0.3626390542615705, -0.5903004010157353, 0.0027327317558242994
-0.3600993520607687, -0.3626864390400292, -0.5903036622571236, 0.0021486047260203182
-0.3600668383444753, -0.3627223575604961, -0.5903062079162165, 0.001546224637084992
-0.36004506674450754, -0.36274646143414335, -0.5903079516798511, 0.0009307087679140704
-0.3600341925796984, -0.36275851626373334, -0.5903088344237271, 0.0003072861136359661
-0.36003429322633884, -0.3627584046410912, -0.5903088262173348, -0.0003187470816331842
-0.36004536796888076, -0.3627461276539188, -0.5903079273389208, -0.0009420723698801432
-0.3600673380012912, -0.36272180487181727, -0.5903061682660525, -0.001557394335124945
-0.36010004657921446, -0.3626856728118052, -0.5903036086421023, -0.0021594856313943028
-0.3601432593391648, -0.3626380819140008, -0.5903003352537167, -0.0027432314357988515
-0.36019666481632306, -0.36257949208768003, -0.5902964590878895, -0.00330367293525245
-0.36025987520642566, -0.3625104669157503, -0.5902921115684804, -0.003836049474383196
-0.36033242742907745, -0.3624316666310712, -0.5902874400998436, -0.004335839004593973
-0.36041378455900464, -0.3623438400002631, -0.5902826030687238, -0.004798796489851062
-0.36050333769784837, -0.3622478152691393, -0.5902777644739349, -0.0052209899433892665
-0.3606004083616733, -0.3621444903381662, -0.590273088365935, -0.005598833790867757
-0.36070425145823026, -0.3620348223460629, -0.5902687332848332, -0.005929119279318352
-0.36081405892306173, -0.36191981684467855, -0.5902648468853984, -0.006209041677211491
-0.3609289640747948, -0.36180051674847946, -0.5902615609312661, -0.006436224038835835
-0.36104804673763713, -0.3616779912375664, -0.5902589868280146, -0.006608737335663264
-0.36117033916346886, -0.3615533247843139, -0.5902572118464939, -0.006725116788177721
-0.3612948327674489, -0.36142760646085814, -0.590256296164384, -0.006784374263527695
-0.3614204856703115, -0.36130191966836434, -0.5902562708262319, -0.00678600663707625
-0.36154623101810623, -0.36117733240974836, -0.5902571366910804, -0.006730000049245637
-0.3616709860267855, -0.3610548882061406, -0.5902588644033487, -0.006616830022775053
-0.36179366167553195, -0.36093559773451767, -0.5902613953879479, -0.006447457439431304
-0.3619131729498093, -0.3608204312404323, -0.5902646438359169, -0.0062233204091382095
-0.36202844951359947, -0.3607103117563848, -0.5902684996133041, -0.005946322098228996
-0.36213844667093953, -0.3606061091339009, -0.5902728319947256, -0.005618814616876846
-0.36224215646034297, -0.3605086348765051, -0.5902774940950832, -0.005243579098513506
-0.36233861871265416, -0.3604186377421802, -0.590282327849258, -0.004823802135979978
-0.3624269318937918, -0.3603368000680859, -0.5902871693709865, -0.00436304877002841
-0.36250626354917925, -0.3602637347578066, -0.5902918545092766, -0.0038652322553516306
-0.3625758601665877, -0.36019998286242894, -0.590296224413983, -0.0033345808572862977
-0.3626350562788663, -0.360146011681588, -0.5903001309218306, -0.0027756019584334823
-0.36268328263747995, -0.36010221330926995, -0.5903034415802424, -0.002193043778378794
-0.362720073301805, -0.3600689035515343, -0.5903060441385863, -0.00159185503118649
-0.362745071507377, -0.36004632114920365, -0.590307850354502, -0.000977142864114016
-0.3627580341983262, -0.3600346272475935, -0.5903087989861865, -0.00035412943678909796
-0.3627588351344422, -0.36003390506706734, -0.5903088578691276, 0.00027189248731290106
-0.3627474665110356, -0.3600441597420071, -0.5903080250068252, 0.0008956045560462025
-0.36272403905921935, -0.3600653183110831, -0.5903063286384923, 0.0015117080637009396
-0.36268878062460597, -0.3600972298577575, -0.5903038262814462, 0.0021149690172496812
-0.3626420332528345, -0.3601396658160573, -0.5903006027806671, 0.002700262646529736
-0.36258424883997376, -0.36019232047208694, -0.5902967674317144, 0.003262616976365468
-0.3625159834338323, -0.3602548117057811, -0.5902924502745905, 0.003797255087385704
-0.3624378902978078, -0.3603266820294371, -0.590287797684286, 0.0042996357044510795
-0.36235071187138035, -0.36040739998895643, -0.5902829674075678, 0.004765491766993524
-0.36225527078013464, -0.36049636200005086, -0.590278123214346, 0.0051908666539646
-0.3621524600628018, -0.36059289469452904, -0.5902734293449928, 0.005572147757239489
-0.3620432327928764, -0.36069625785091763, -0.5902690449419008, 0.005906097120956736
-0.3619285912777217, -0.36080564797900283, -0.590265118654055, 0.006189878890103865
-0.3618095760186574, -0.3609202026194325, -0.5902617835975266, 0.006421083339398846
-0.3616872546114329, -0.3610390054074205, -0.5902591528426888, 0.006597747282882295
-0.36156271075797586, -0.36116109193423207, -0.5902573155811023, 0.006718370695351448
-0.36143703354775003, -0.3612854564218365, -0.590256334101961, 0.006781929408576372
-0.3613113071509626, -0.36141105920551897, -0.5902562416805442, 0.006787883777898869
-0.3611866010468411, -0.3615368349969258, -0.5902570414502304, 0.006736183248098979
-0.3610639608889148, -0.36166170187671964, -0.5902587062962779, 0.006627266781113195
-0.36094440008648154, -0.36178457094247607, -0.5902611797749806, 0.006462059142101135
-0.3608288921579439, -0.3619043565144826, -0.5902643780270499, 0.006241963074290042
-0.3607183638882995, -0.3620199867804583, -0.5902681926203984, 0.0059688474267855715
-0.3606136893004772, -0.362130414740657, -0.5902724942260004, 0.005645031332924516
-0.3605156844292081, -0.36223462929807093, -0.5902771370022636, 0.005273264569551837
-0.36042510286731333, -0.36233166632511404, -0.5902819635393318, 0.004856704259608416
-0.36034263203827344, -0.3624206195287982, -0.5902868101957371, 0.004398888111378482
-0.3602688901361487, -0.36250065093136175, -0.5902915126464996, 0.0039037044174115246
-0.3602044236647035, -0.362571000782943, -0.590295911454589, 0.0033753590642311287
-0.36014970550212577, -0.3626309967272341, -0.5902998574768348, 0.002818339830191582
-0.3601051334160963, -0.36268006205017644, -0.5903032169209675, 0.002237378272952628
-0.36007102895606924, -0.3627177228554396, -0.590305875882284, 0.0016374095297284823
-0.36004763665525974, -0.36274361402838273, -0.590307744206054, 0.001023530372451578
-0.3600351234836361, -0.3627574838719595, -0.5903087585446535, 0.00040095587601877194
-0.3600335785047376, -0.3627591973230232, -0.5903088845057011, -0.0002250249293704488
-0.3600430127028228, -0.362748737685056, -0.5903081178183299, -0.0008490940413071678
-0.36006335896204544, -0.3627262068426971, -0.5903064844780141, -0.001465949717273276
-0.36009447219538604, -0.3626918239537822, -0.5903040398650445, -0.002070351566987903
-0.3601361296371788, -0.3626459226450387, -0.5903008668665575, -0.002657165117550773
-0.36018803132858246, -0.362588946767315, -0.5902970730658319, -0.0032214054688726942
-0.3602498008395245, -0.36252144479435855, -0.590292787094214, -0.0037582796653728772
-0.36032098628281994, -0.36244406297494736, -0.5902881542694177, -0.00426322742183289
-0.3604010616858071, -0.3623575373709248, -0.5902833316681521, -0.004731959856450178
-0.3604894287913919, -0.36226268493275415, -0.5902784828001928, -0.005160495902311409
-0.3605854193635324, -0.36216039377914444, -0.5902737720645115, -0.005545196089459261
-0.36068829807160196, -0.3620516128577034, -0.5902693591754373, -0.00588279341318305
-0.3607972660237241, -0.3619373411693113, -0.5902653937478316, -0.0061704210298393
-0.36091146501094773, -0.3618186167398142, -0.5902620102248195, -0.006405636549115204
-0.3610299825123595, -0.36169650551891097, -0.5902593233200122, -0.006586442720900305
-0.3611518574960446, -0.36157209037790405, -0.5902574241286771, -0.006711304345556632
-0.36127608703275826, -0.3614464603657217, -0.5902563770396443, -0.006779161268112942
-0.3614016337187014, -0.36132070036676656, -0.5902562175525842, -0.006789437349513306
-0.3615274338815866, -0.361195881285311, -0.5902569510746117, -0.006742045341295678
-0.3616524065209391, -0.36107305086004493, -0.5902585527369957, -0.006637387623750904
-0.3617754629100176, -0.36095322518968653, -0.5902609682381724, -0.0064763528015161186
-0.36189551676369747, -0.3608373810271117, -0.5902641156845136, -0.006260308184494503
-0.3620114948548895, -0.360726448876009, -0.5902678883664703, -0.005991088215771965
-0.3621223479423399, -0.36062130690141636, -0.5902721583760324, -0.00567097894162363
-0.36222706185566433, -0.36052277564431434, -0.5902767809429195, -0.00530269865156051
-0.36232466856986845, -0.36043161351148667, -0.5902815993425532, -0.004889374848439178
-0.3624142570919193, -0.3603485129956051, -0.5902864502094628, -0.004434517739706243
-0.36249498397654745, -0.36027409756743944, -0.5902911690760156, -0.003941990470621781
-0.3625660832877403, -0.3602089191726141, -0.5902955959486995, -0.003415976348530384
-0.3626268758263669, -0.36015345625957607, -0.5902995807328896, -0.00286094333364556
-0.3626767774531485, -0.36010811226351813, -0.5903029883221378, -0.0022816060960927907
-0.36271530634955085, -0.36007321447284213, -0.5903057031793922, -0.0016828859608335486
-0.36274208907679995, -0.3600490132101112, -0.5903076332547474, -0.001069869081288465
-0.36275686531473994, -0.360035681268037, -0.590308713106838, -0.00044776319873490543
-0.36275949118702, -0.36003331355237345, -0.5903089061219736, 0.00017814664235849394
-0.3627499411064983, -0.36004192689713865, -0.5903082057557343, 0.0008025430431722591
-0.3627283081039959, -0.360061460032689, -0.5903066357548981, 0.001420121477448193
-0.36269480263381704, -0.36009177370314993, -0.5903042493521684, 0.0020256354077611313
-0.3626497498799307, -0.36013265094586266, -0.5903011274610274, 0.002613940903476527
-0.36259358561650246, -0.3601837975610649, -0.5902973759319587, 0.003180040377389928
-0.36252685070475177, -0.3602448428143332, -0.5902931219631219, 0.0037191250662718745
-0.3624501843341148, -0.36031534042666036, -0.5902885097872419, 0.004226615892201283
-0.3623643161386688, -0.36039476991688546, -0.5902836957810159, 0.004698202356487807
-0.3622700573391615, -0.36048253836800603, -0.5902788431629081, 0.005129879135942671
-0.3621682910762061, -0.36057798269226904, -0.5902741164591396, 0.00551798007201245
-0.3620599621110071, -0.36068037246968465, -0.5902696759255246, 0.005859209266568856
-0.36194606607602864, -0.3607889134304898, -0.5902656721142726, 0.006150669023667518
-0.36182763845930577, -0.3609027516441905, -0.5902622407699315, 0.006389884404060788
-0.3617057435027089, -0.36102097846626935, -0.5902594982274783, 0.006574824188388394
-0.36158146318659456, -0.36114263627872534, -0.5902575374685198, 0.006703918075500969
-0.36145588646129767, -0.3612667250427405, -0.5902564249692472, 0.006776069974032672
-0.36133009887031775, -0.3613922096614749, -0.5902561984469529, 0.006790667277886498
-0.3612051726914193, -0.3615180281288788, -0.5902568655814585, 0.006747586049500674
-0.36108215770090224, -0.3616431004172366, -0.5902584037547833, 0.0066471920684144994
-0.3609620726436735, -0.36176633803256875, -0.5902607608178603, 0.006490337736545047
-0.3608458974683594, -0.3618866541439396, -0.5902638568583335, 0.006278354865528148
-0.3607345663631947, -0.36200297417080984, -0.5902675869095368, 0.006013043405274609
-0.36062896160569813, -0.36211424669266423, -0.5902718245088636, 0.005696656206348314
-0.36052990821782593, -0.3622194545279326, -0.5902764259849477, 0.005331879941680516
-0.3604381693991553, -0.362317625815353, -0.5902812353283714, 0.004921812345273545
-0.3603544426941494, -0.3624078449209056, -0.5902860894808114, 0.004469935956681719
-0.3602793568362833, -0.3624892629877643, -0.5902908238633428, 0.003980088589933792
-0.3602134692020187, -0.3625611079455968, -0.590295277956482, 0.003456430773912208
-0.3601572638015914, -0.362622693799197, -0.5902993007427704, 0.0029034104377474116
-0.3601111497313838, -0.36267342902485544, -0.5903027558273486, 0.0023257251392341844
-0.3600754600141778, -0.3627128239158679, -0.5903055260628481, 0.0017282821563434
-0.36005045075874487, -0.3627404967359469, -0.5903075175217437, 0.0011161567813087279
-0.36003630057855185, -0.3627561785605049, -0.5903086626814086, 0.0004945491732529835
-0.3600331102205414, -0.3627597167103558, -0.5903089227138263, -0.00013125986134881844
-0.3600409023683153, -0.3627510767095812, -0.5903082888022733, -0.0007559537810900643
-0.36005962159908245, -0.3627303427284714, -0.590306782440301, -0.0013742255291749352
-0.3600891344896676, -0.3626977165026657, -0.5903044547028726, -0.0019808226714395287
-0.36012922988303486, -0.3626535147501253, -0.5903013845143874, -0.0025705920649741545
-0.3601796193424147, -0.36259816513741705, -0.5902976759723452, -0.00313852367386829
-0.36023993783455366, -0.36253220087526616, -0.5902934548174613, -0.003679793156565134
-0.36030974469611643, -0.3624562540494837, -0.5902888641699678, -0.004189802860720224
-0.36038852494731777, -0.3623710478166289, -0.5902840596767306, -0.004664220876139265
-0.3604756910239112, -0.362277387613434, -0.590279204233777, -0.005099017814109678
-0.3605705850023211, -0.36217615154457283, -0.5902744624632073, -0.005490501001995096
-0.3606724813926949, -0.36206828012447745, -0.5902699951317645, -0.005835345805061501
-0.360780590570853, -0.36195476555533257, -0.5902659537003003, -0.006130623812865537
-0.36089406291248083, -0.3618366407250192, -0.5902624751889023, -0.006373827654871483
-0.3610119936816447, -0.361714968105729, -0.5902596775317354, -0.006562892238986984
-0.36113342871100573, -0.36159082872641213, -0.5902576555790172, -0.006696212237144008
-0.3612573708934781, -0.3614653113805576, -0.5902564778816279, -0.00677265567363628
-0.36138278748490194, -0.36133950221542055, -0.5902561843672899, -0.006791573504414151
-0.3615086181953435, -0.3612144748304257, -0.5902567849870686, -0.0067528051087004685
-0.3616337840234769, -0.36109128099161447, -0.5902582593780448, -0.006656679647915047
-0.3617571967649448, -0.3609709420465197, -0.5902605575535901, -0.0065040132807769714
-0.3618777691024423, -0.36085444110045617, -0.5902636015978571, -0.006296102257398709
-0.36199442516323443, -0.36074271599171726, -0.5902672883070748, -0.006034711949001357
-0.3621061114097538, -0.360636653080339, -0.5902714926881509, -0.005722061903368763
-0.3622118077114753, -0.3605370818436632, -0.5902760721960272, -0.005360807049114003
-0.3623105384321208, -0.36044477025259103, -0.5902808715661925, -0.004954015204036504
-0.3624013833559394, -0.36036042088571274, -0.5902857280785632, -0.00450514107406632
-0.3624834882707648, -0.36028466772496304, -0.5902904770743042, -0.004017996959271908
-0.36255607502411613, -0.36021807356640556, -0.5902949575385688, -0.0034967204118826166
-0.36261845087187705, -0.3601611279734228, -0.5902990175598648, -0.002945739117965377
-0.36267001694716583, -0.36011424569711203, -0.5903025194809304, -0.002369733299010533
-0.36271027568967606, -0.3600777654899533, -0.5903053445664227, -0.0017735959519366658
-0.36273883709280075, -0.3600519492436862, -0.5903073970291081, -0.0011623912656384843
-0.36275542364681235, -0.36003698139047113, -0.5903086072779775, -0.0005413115689147557
-0.36275987388068487, -0.36003296851734323, -0.590308934278093, 8.436682181145398e-05
-0.3627521444322124, -0.3600399391572482, -0.5903083669421076, 0.0007093284763284995
-0.3627323106050817, -0.3600578437348374, -0.5903069245062478, 0.0013282640606274067
-0.362700565401761, -0.3600865546611187, -0.5903046558779972, 0.0019359154944955232
-0.3626572170515385, -0.360125866587204, -0.5903016379776179, 0.0025271206686510745
-0.3626026850830272, -0.3601754968431239, -0.5902979731297752, 0.0030968573374861672
-0.36253749501899646, -0.3602350861021858, -0.590293785593761, 0.003640285811187375
-0.36246227179779167, -0.36030419932405944, -0.5902892173500202, 0.004152790082158632
-0.3623777320490771, -0.36038232704001194, -0.5902844232859068, 0.004630017035112937
-0.3622846753715838, -0.3604688870510001, -0.5902795659439509, 0.005067913407718621
-0.36218397477642883, -0.36056322661325435, -0.5902748100107401, 0.0054627601890381815
-0.36207656647105335, -0.36066462518627695, -0.5902703167332916, 0.005811204165916668
-0.3619634391655778, -0.36077229781463216, -0.5902662384522216, 0.006110286352678986
-0.3618456230853908, -0.3608853992075869, -0.5902627134370341, 0.006357467066693331
-0.36172417887108343, -0.3610030285696345, -0.5902598611985944, 0.006550647441265241
-0.36160018653960824, -0.36112423522050785, -0.5902577784376501, 0.006688187197666164
-0.3614747346691589, -0.36124802502581455, -0.5902565357666983, 0.0067689185296085945
-0.3613489099551689, -0.3613733676394759, -0.5902561753162809, 0.006792155985909089
-0.36122378726660687, -0.36149920453725093, -0.5902567093068093, 0.0067577022702012286
-0.361100420311082, -0.3616244577975716, -0.5902581196343086, 0.006665849910156191
-0.36097983299485736, -0.3617480395623448, -0.5902603584841184, 0.0065173787825386215
-0.36086301154053335, -0.36186886208716595, -0.5902633499517551, 0.006313549514371667
-0.36075089740163113, -0.36198584826825353, -0.5902669926160196, 0.006056092814316954
-0.3606443809904081, -0.36209794251315985, -0.5902711629771646, 0.005747194821895194
-0.3605442962136798, -0.3622041218046642, -0.5902757196436178, 0.005389478595176214
-0.3604514157919053, -0.3623034067928357, -0.5902805081253788, 0.004985981889835977
-0.36036644731986023, -0.3623948727396278, -0.5902853660716302, 0.004540131413778919
-0.3602900300134544, -0.36247766013401705, -0.5902901287750255, 0.004055713771605676
-0.36022273207690925, -0.3625509847938839, -0.5902946347560578, 0.0035368433418032016
-0.3601650486179302, -0.36261414727377095, -0.5902987312381706, 0.0029879273563663176
-0.3601174000357086, -0.36266654140535715, -0.5903022793279504, 0.002413628477340643
-0.3600801308076138, -0.36270766180982394, -0.5903051587247236, 0.0018188251872180141
-0.3600535086050217, -0.36273711023801436, -0.5903072717998163, 0.0012085703299371353
-0.36003772367663855, -0.36275460061495524, -0.5903085469071087, 0.0005880481561807105
-0.36003288844843195, -0.36275996268941124, -0.5903089408125664, -3.7469759521974214e-05
-0.36003903730238973, -0.3627531442160167, -0.5903084401603351, -0.0006626693518826793
-0.3600561265111336, -0.36273421162642516, -0.5903070619256476, -0.001282239263113654
-0.3600840343212621, -0.36270334917604286, -0.5903048528391791, -0.0018909160179157289
-0.3601225611944794, -0.36266085658342595, -0.5903018878023857, -0.0024835287869702837
-0.3601714302313155, -0.3626071452094296, -0.5902982673475835, -0.003055043354568715
-0.3602302878168989, -0.3625427328519144, -0.5902941142289441, -0.003600604913450162
-0.3602987045410807, -0.3624682372583735, -0.590289569260051, -0.0041155793208206715
-0.3603761764556688, -0.36238436848258426, -0.5902847865392096, -0.004595592463729468
-0.3604621267390423, -0.36229192023159507, -0.5902799282244569, -0.005036567399274528
-0.36055590784261815, -0.3621917603655893, -0.5902751590354659, -0.005434758955259282
-0.36065680419418955, -0.3620848207249603, -0.590270640668783, -0.0057867854996582055
-0.36076403552991976, -0.3619720864660594, -0.5902665263157416, -0.0060896576122905855
-0.3608767609197274, -0.361854585089449, -0.5902629554688992, -0.00634080341916032
-0.3609940835400419, -0.36173337534213523, -0.590260049193036, -0.006538090378708292
-0.36111505623373086, -0.361609536168351, -0.5902579060209922, -0.006679843339465604
-0.36123868787972446, -0.36148415587236404, -0.5902565986134212, -0.0067648587200251215
-0.3613639505750992, -0.3613583216419679, -0.590256171295652, -0.006792414694617635
-0.3614897876105825, -0.3612331095632839, -0.5902566385551119, -0.006762277300654877
-0.36161512219746383, -0.36110957523700327, -0.5902579845502218, -0.006674702418169728
-0.36173886688033063, -0.3609887450838962, -0.5902601636474056, -0.0065304336049392874
-0.3618599335467796, -0.36087160840410526, -0.5902631019680142, -0.0063306958050243925
-0.3619772439230161, -0.3607591102312049, -0.5902666998927564, -0.006077184982306034
-0.362089740423837, -0.36065214499903997, -0.5902708354387766, -0.00577205376414934
-0.3621963972076174, -0.3605515510176708, -0.5902753683949465, -0.005417893213374998
-0.3622962312722372, -0.3604581057350462, -0.5902801450752342, -0.005017710879049837
-0.3623883134169724, -0.36037252174391443, -0.5902850035290438, -0.0045749053079896605
-0.36247177888867954, -0.3602954434794269, -0.5902897790319239, -0.004093237229049812
-0.3625458375284416, -0.3602274445423078, -0.5902943096705008, -0.0035767976509964296
-0.36260978323743265, -0.36016902557557817, -0.5902984418322865, -0.0030299731417256066
-0.3626630025880899, -0.3601206126197527, -0.5903020354142037, -0.0024574085815419907
-0.3627049824186994, -0.36008255587216165, -0.5903049685731895, -0.0018639677058347494
-0.36273531626588995, -0.36005512878038104, -0.5903071418577494, -0.0012546917725159924
-0.3627537095099438, -0.36003852740743714, -0.5903084815803148, -0.0006347567067497533
-0.3627599831316729, -0.3600328700169986, -0.5903089423160018, -9.42908955847594e-06
-0.36275407600632437, -0.3600381968397339, -0.5903085084429951, 0.0006159786323556637
-0.3627360456887222, -0.3600544699966959, -0.5903071946722958, 0.0012361533309581563
-0.36270606767395275, -0.360081573571417, -0.5903050455488597, 0.0018458263870856759
-0.3626644331483755, -0.36011931383855056, -0.5903021339410516, 0.0024398184981383408
-0.3626115452758488, -0.36016741967272514, -0.5902985585696664, 0.0030130837184800035
-0.36254791409288145, -0.3602255431760192, -0.5902944406603458, 0.0035607523549389037
-0.3624741501131816, -0.3602932605754836, -0.5902899198329579, 0.004078172350448494
-0.3623909567660325, -0.3603700734527664, -0.5902851493673733, 0.0045609488028308335
-0.36229912181344215, -0.3604554103756732, -0.5902802910062149, 0.005004981282797275
-0.36219950790752453, -0.36054862900593476, -0.5902755094708331, 0.005406498635186264
-0.36209304246173046, -0.3606490187582909, -0.5902709668764707, 0.005762090970010011
-0.36198070701702556, -0.36075580408305485, -0.5902668172359703, 0.00606873857476063
-0.3618635262868264, -0.3608681484375441, -0.5902632012383462, 0.006323837506343605
-0.361742557062513, -0.3609851590012967, -0.5902602414792124, 0.006525221649675651
-0.3616188771547496, -0.36110589217603417, -0.5902580383047155, 0.006671181060125978
-0.3614935745350638, -0.36122935989429805, -0.5902566664098129, 0.006760476438329524
-0.36136773682755796, -0.3613545367410653, -0.5902561723061694, 0.006792349618206776
-0.36124244128283844, -0.36148036787100635, -0.5902565727454662, 0.006766529982056106
-0.3611187453458886, -0.3616057776810979, -0.5902578541515403, 0.006683236750122472
-0.36099767790743476, -0.36172967917479804, -0.5902599730806004, 0.006543177125887271
-0.36088023130507485, -0.36185098393062487, -0.5902628576939164, 0.00634754031227182
-0.3607673541169223, -0.36196861256569157, -0.5902664101930983, 0.0060979874478077475
-0.3606599447674411, -0.36208150556411467, -0.5902705101354389, 0.005796637545407543
-0.3605588459433803, -0.3621886343221744, -0.5902750185169879, 0.005446049549461916
-0.3604648397978112, -0.36228901224712295, -0.5902797824849838, 0.0050492006593845775
-0.3603786439029638, -0.36238170573535156, -0.5902846405199339, 0.004609461099185578
-0.36030090789825386, -0.3624658448485849, -0.5902894279116908, 0.004130565542936033
-0.3602322107690349, -0.36254063350427757, -0.5902939823438887, 0.0036165814348231053
-0.3601730586844527, -0.36260535899860213, -0.5902981493974012, 0.0030718744696094365
-0.360123883319421, -0.362659400687415, -0.590301787786205, 0.0025010715244171114
-0.3600850405861754, -0.3627022376622384, -0.5903047741480842, 0.0019090213555663393
-0.3600568097049559, -0.3627334552743908, -0.5903070072276887, 0.001300753394430119
-0.360039392550801, -0.36275275038051435, -0.5903084113100558, 0.000681434993652498
-0.3600329132237833, -0.36275993520635597, -0.5903089387881153, 5.6327489376823134e-05
-0.3600374178028246, -0.3627549397521842, -0.5903085717770696, -0.0005692585438653378
-0.3600528742578101, -0.3627378126918417, -0.5903073227208829, -0.0011900084614100755
-0.36007917251047705, -0.3627087207474595, -0.5903052339702957, -0.0018006487517004375
-0.3601161246507032, -0.36266794655233925, -0.5903023763466848, -0.002395991886019269
-0.3601634653307082, -0.3626158850446647, -0.5902988467404964, -0.00297098042954105
-0.36022085237452806, -0.3625530384636694, -0.5902947648257238, -0.0035207300354358558
-0.3602878676532757, -0.3624800100468003, -0.5902902690018946, -0.004040570954150864
-0.36036401828755504, -0.36239749655063935, -0.590285511701216, -0.004526087703715489
-0.3604487382463848, -0.36230627973911533, -0.5902806542200532, -0.004973156563763852
-0.3605413904166872, -0.36220721699938296, -0.5902758612500243, -0.005377980575707069
-0.36064126921852924, -0.36210123125823, -0.5902712952941584, -0.005737121753853933
-0.36074760383861726, -0.36198930037971033, -0.5902671111574401, -0.0060475302369935495
-0.360859562148095, -0.3618724462277939, -0.5902634506985168, -0.00630657013672733
-0.3609762553604434, -0.36175172357613883, -0.5902604380204632, -0.006512041867386474
-0.361096743471615, -0.36162820904087445, -0.5902581752636001, -0.00666220077241152
-0.3612200415077095, -0.3615029902017929, -0.5902567391429481, -0.006755771893338407
-0.36134512658602724, -0.36137715506302603, -0.5902561783476411, -0.006791960759778843
-0.3614709457738472, -0.3612517819867258, -0.5902565118904205, -0.0067704601117667094
-0.3615964247063934, -0.3611279302130739, -0.5902577284631286, -0.006691452499350111
-0.36172047690194686, -0.361006631057871, -0.5902597868200395, -0.006555608738133282
-0.3618420136886936, -0.3608888798557489, -0.5902626171760396, -0.006364082233419128
-0.36195995463544894, -0.36077562869349933, -0.5902661235722848, -0.006118499219477395
-0.3620732383576699, -0.36066777995489985, -0.5902701871291803, -0.005820944994071033
-0.3621808335518675, -0.3605661806765095, -0.5902746700764566, -0.005473946261510666
-0.3622817500963196, -0.36047161769385017, -0.5902794204237672, -0.005080449729961204
-0.36237505004449055, -0.36038481353986496, -0.5902842771135187, -0.004643797140263458
-0.3624598583302092, -0.3603064230430051, -0.5902890754812762, -0.004167696933912269
-0.3625353730007903, -0.36023703056116463, -0.5902936528386342, -0.003656192796787107
-0.3626008747961672, -0.3601771477802398, -0.5902978539892741, -0.00311362934248427
-0.36265573589873124, -0.3601272120024608, -0.5903015364911698, -0.0025446152243669426
-0.3626994276898874, -0.36008758484978354, -0.5903045754864771, -0.001953983988440799
-0.3627315273651118, -0.36005855131147724, -0.5903068679353017, -0.0013467529995968507
-0.36275172327911054, -0.36004031907220024, -0.5903083361097272, -0.0007280807913710743
-0.36275981891607856, -0.36003301806706023, -0.5903089302295749, -0.00010322320390837422
-0.36275573540635464, -0.36003670022274226, -0.5903086301504766, 0.0005225113139245149
-0.3627395125392875, -0.3600513393583036, -0.5903074460469862, 0.0011438068545248422
-0.36271130825204934, -0.36007683123488854, -0.5903054180675515, 0.0017553852656485
-0.3626713966046231, -0.360112993759792, -0.5903026149730555, 0.0023520510400215603
-0.36262016428141297, -0.3601595673662219, -0.5902991318051174, 0.0029287354949206986
-0.3625581056889695, -0.36021621560504946, -0.5902950866632599, 0.003480539862815801
-0.3624858167464674, -0.3602825259981597, -0.5902906167002764, 0.004002776924304469
-0.3624039874899758, -0.36035801121404676, -0.5902858734716424, 0.004491010828045862
-0.36231339363263726, -0.36044211063451315, -0.5902810177967097, 0.004941094759022806
-0.3622148872400113, -0.36053419238630635, -0.5902762143059593, 0.005349206135991849
-0.36210938669267445, -0.36063355591292034, -0.5902716258592202, 0.005711879041160163
-0.3619978661163481, -0.3607394351594049, -0.5902674080241038, 0.006026033609676824
-0.36188134446327613, -0.36085100243683155, -0.5902637038018436, 0.006289002133156234
-0.361760874427248, -0.3609673730231183, -0.5902606387793115, 0.006498551659876349
-0.36163753136877896, -0.3610876105434878, -0.5902583168715307, 0.0066529029042330665
-0.36151240241675575, -0.36121073315720453, -0.5902568167989589, 0.006750745309216986
-0.36138657589883316, -0.3613357205579826, -0.5902561894189162, 0.006791248137856801
-0.3612611312355011, -0.3614615217740712, -0.5902564560015802, 0.00677406750251069
-0.36113712941274023, -0.3615870637312204, -0.5902576075089532, 0.006699349274362133
-0.3610156041262216, -0.3617112605182592, -0.5902596049012394, 0.0065677278492848245
-0.3608975536668486, -0.3618330232715976, -0.5902623804602455, 0.0063803207801854025
-0.3607839335938894, -0.3619512705724246, -0.5902658400849687, 0.006138719319819019
-0.3606756502187922, -0.3620649392294987, -0.5902698664815927, 0.005844974951706997
-0.3605735549007202, -0.36217299530189484, -0.5902743231397947, 0.005501582019966189
-0.3604784391346686, -0.3622744452006539, -0.5902790589606234, 0.005111456601372025
-0.36039103039524667, -0.36236834669643947, -0.5902839133790958, 0.004677911794593522
-0.36031198868446224, -0.3624538196526581, -0.5902887218078869, 0.004204629632012623
-0.3602419037204351, -0.36253005630028656, -0.5902933212175732, 0.0036956298486109486
-0.3601812926962491, -0.36259633087216636, -0.5902975556642397, 0.0031552357697973016
-0.36013059853421125, -0.36265200842079326, -0.59030128157702, 0.002588037605475381
-0.3600901885606912, -0.36269655265461664, -0.5903043726262545, 0.001998853460822572
-0.3600603535302396, -0.3627295326432938, -0.5903067240071544, 0.0013926883948860752
-0.36004130693465897, -0.3627506282618965, -0.5903082559936722, 0.000774691875930802
-0.3600331845426521, -0.36275963426720537, -0.5903089166420155, 0.00015011399724895074
-0.36003604412811807, -0.3627564629253205, -0.5903086835520871, -0.00047573917134926044
-0.36004986535956285, -0.3627411451382264, -0.5903075646270908, -0.0010975507130737583
-0.3600745498386704, -0.3627138300467573, -0.5903055978055242, -0.001710038086923521
-0.3601099212922666, -0.3626747831179278, -0.5903028497746626, -0.0023079980550130075
-0.3601557259378425, -0.3626243827548219, -0.5902994137091733, -0.002886350928554502
-0.3602116330578613, -0.36256311549642806, -0.5902954061115852, -0.003440183752969668
-0.3602772358315436, -0.3624915699021053, -0.5902909628618034, -0.003964792062482985
-0.3603520524840237, -0.36241042924000366, -0.5902862346096707, -0.0044557198477837
-0.3604355278212459, -0.36232046312010247, -0.5902813816668574, -0.004908797396736477
-0.36052703522417295, -0.36222251822999185, -0.5902765685713167, -0.0053201766874426655
-0.3606258791775563, -0.36211750834467227, -0.5902719585086237, -0.005686364034944753
-0.3607312984064357, -0.3620064037902142, -0.5902677077793549, -0.006004249717247094
-0.3608424696875904, -0.36189022054488507, -0.5902639605000629, -0.006271134332810964
-0.36095851239354104, -0.36177000916041946, -0.5902608437174744, -0.006484751669981939
-0.361078493813471, -0.36164684368052646, -0.5902584631015027, -0.006643287898642494
-0.361201435279076, -0.3615218107238486, -0.5902568993630338, -0.006745396925483247
-0.3613263191042476, -0.3613959988848334, -0.5902562055178794, -0.006790211786398324
-0.36145209632625475, -0.3612704885888335, -0.590256405089597, -0.006777351982398141
-0.3615776952133757, -0.36114634251793065, -0.5902574913120723, -0.006706926698875307
-0.36170203048047256, -0.36102459670213893, -0.590259427358883, -0.00657953388184928
-0.3618240131305468, -0.3609062523475295, -0.5902621475916661, -0.006396255178756141
-0.3619425608177027, -0.36079226844930357, -0.5902655597852011, -0.006158646785247031
-0.3620566086058902, -0.36068355521459594, -0.5902695482538118, -0.005868726273119017
-0.3621651199790933, -0.3605809682976473, -0.5902739777731515, -0.005528955507723424
-0.3622670979429329, -0.36048530382963984, -0.5902786981644733, -0.005142219795767008
-0.36236159604554885, -0.36039729420751676, -0.5902835493860192, -0.00471180343611297
-0.36244772913763423, -0.36031760459110873, -0.5902883669589581, -0.004241361876757371
-0.3625246836879428, -0.3602468300462309, -0.5902929875439363, -0.0037348907103415237
-0.3625917274717525, -0.36018549326339633, -0.5902972544791799, -0.0031966917680871544
-0.3626482184556823, -0.3601340427775932, -0.5903010230923614, -0.0026313365976240737
-0.362693612712889, -0.3600928516141595, -0.5903041656060963, -0.0020436276335304474
-0.36272747121779336, -0.3600622162890784, -0.590306575470689, -0.0014385573902405459
-0.36274946538873276, -0.36004235609873503, -0.5903081709771655, -0.0008212660250220706
-0.3627593812698322, -0.36003341264391553, -0.5903088980280259, -0.00019699763373737738
-0.3627571222692836, -0.3600354495451201, -0.590308731971717, 0.00042894434613675647
-0.36274271039947303, -0.3600484523205143, -0.5903076784385831, 0.0010512422424231074
-0.36271628599415695, -0.36007232841339276, -0.5903057731499383, 0.0016646093775056984
-0.3626781059083355, -0.360106907372145, -0.5903030807067312, 0.002263835031205216
-0.36262854023680735, -0.3601519412017411, -0.5902996923989072, 0.0028438287510331845
-0.36256806761664573, -0.3602071049208754, -0.5902957231097845, 0.0033996636296977673
-0.36249726920632497, -0.3602719973725159, -0.5902913074204671, 0.003926618179355969
-0.3624168214590777, -0.36034614234701157, -0.5902865950464368, 0.004420216445095295
-0.36232748782968494, -0.3604289900855975, -0.5902817457611134, 0.004876266016293188
-0.362230109571654, -0.3605199192375973, -0.5902769239785459, 0.005290893613613269
-0.3621255957952364, -0.36061823934658155, -0.5902722931789413, 0.0056605779511977265
-0.3620149129656407, -0.3607231939389244, -0.5902680103660377, 0.005982179597826797
-0.36189907402494415, -0.3608339642825795, -0.5902642207442302, 0.006252967587153501
-0.361779127320602, -0.3609496738744966, -0.5902610527958778, 0.006470642555295609
-0.361656145518219, -0.3610693937021707, -0.5902586139256362, 0.006633356213796599
-0.3615312146666878, -0.36119214830865365, -0.5902569868194327, 0.006739726996981517
-0.3614054235703006, -0.36131692267144444, -0.5902562266414629, 0.006788851754779073
-0.3612798536055334, -0.3614426698845725, -0.5902563591641802, 0.006780313394918308
-0.3611555691005758, -0.3615683196105661, -0.590257379894644, 0.0067141844118165745
-0.36103360837392984, -0.3616927872455611, -0.5902592542268249, 0.006591026273246405
-0.3609149755053964, -0.36181498371732757, -0.5902619186147051, 0.006411884669804939
-0.36080063288922415, -0.36193382581329026, -0.5902652827264296, 0.006178280666116838
-0.36069149459590943, -0.36204824691441173, -0.5902692325065181, 0.005892197826386186
-0.36058842054691453, -0.3621572079919255, -0.5902736340423823, 0.005556065420174515
-0.36049221148601607, -0.36225970870792423, -0.5902783381041137, 0.005172737846908666
-0.36040360471287436, -0.362354798448455, -0.5902831852036956, 0.004745470449387917
-0.36032327052915614, -0.3624415871094342, -0.5902880110021536, 0.004277891917221312
-0.36025180933560974, -0.3625192554518092, -0.59029265188135, 0.0037739735104241334
-0.36018974931023084, -0.36258706484320047, -0.5902969504915261, 0.0032379953610627934
-0.3601375445931274, -0.36264436620881, -0.5903007610864828, 0.002674510136575482
-0.36009557390302793, -0.36269060802466924, -0.5903039544654773, 0.002088304371924053
-0.3600641395133928, -0.36272534320109817, -0.5903064223542276, 0.0014843577987647232
-0.3600434665225415, -0.36274823472319295, -0.5903080810764166, 0.0008678010180906303
-0.3600337023617596, -0.36275905993780433, -0.5903088743911542, 0.00024387187804637524
-0.36003491649746777, -0.3627577134021801, -0.590308775400131, -0.00038212906937468995
-0.36004710029764664, -0.3627442082375223, -0.5903077874597596, -0.001004883650444775
-0.36007016704819905, -0.3627186759603933, -0.5903059440673564, -0.0016191013032744563
-0.3601039521210344, -0.36268136479534774, -0.5903033077252241, -0.002219564074069222
-0.36014821331170654, -0.3626326365025119, -0.5902999678211763, -0.002801170989521967
-0.36020263137965713, -0.36257296178322185, -0.590296037597411, -0.0033589814246337826
-0.36026681083786793, -0.362502914354472, -0.5902916503105661, -0.00388825709461817
-0.360340281050301, -0.36242316380799466, -0.5902869547132126, -0.00438450231228686
-0.3604224977044225, -0.36233446739168174, -0.5902821100100518, -0.004843502168249459
-0.3605128447318271, -0.362237660869118, -0.5902772804598784, -0.005261358310158667
-0.3606106367521933, -0.36213364862682373, -0.5902726298063586, -0.005634522018840433
-0.360715122114283, -0.36202339320805255, -0.5902683157264564, -0.005959824303189962
-0.360825486602369, -0.3619079044565193, -0.5902644844847248, -0.006234502761901854
-0.36094085786732333, -0.3617882284531403, -0.5902612659746566, -0.006456224988149463
-0.3610603106289635, -0.3616654364240195, -0.5902587693151741, -0.0066231083229507815
-0.3611828726802798, -0.3615406137886322, -0.590257079151482, -0.0067337357938857135
-0.3613075317054768, -0.361414849503949, -0.590256252785642, -0.006787168107805632
-0.36143324290277046, -0.3612892258435718, -0.5902563182340894, -0.006782951598962205
-0.3615589373803769, -0.3611648087315049, -0.5902572732779141, -0.006721122067355227
-0.36168353127070296, -0.3610426387285667, -0.5902590855380784, -0.0066022044758499475
-0.36180593548426876, -0.3609237227465132, -0.590261693573024, -0.006427208508544557
-0.3619250660020825, -0.36080902654140745, -0.5902650089614835, -0.0061976200267849805
-0.3620398545838672, -0.3606994680144485, -0.5902689192999189, -0.005915388492931956
-0.3621492597504391, -0.360595911326133, -0.5902732920130307, -0.005582910465285892
-0.36225227788232295, -0.36049916180892816, -0.5902779788482035, -0.005203009300256836
-0.36234795426404887, -0.36040996164531114, -0.5902828209015712, -0.004778911229705208
-0.3624353938949134, -0.3603289862625334, -0.5902876540053517, -0.004314218012131986
-0.3625137718827752, -0.36025684138329295, -0.5902923142938236, -0.0038128763858064872
-0.36258234323787353, -0.3601940606629226, -0.5902966437592487, -0.0032791445797125747
-0.3626404518888914, -0.3601411038389237, -0.5903004956093488, -0.002717556164086167
-0.36268753875340376, -0.3600983553177073, -0.5903037392446638, -0.0021328815460204343
-0.3627231487093122, -0.3600661231261414, -0.5903062646869724, -0.0015300874368439669
-0.36274693633255184, -0.36004463816174026, -0.5903079863085726, -0.0009142946364584755
-0.36275867028870323, -0.3600340536846347, -0.5903088457359098, -0.00029073449530414927
-0.36275823629167536, -0.3600344450064238, -0.5903088138290497, 0.0003352955731198424
-0.36274563857053677, -0.36004580934499364, -0.5903078916698321, 0.0009584771473959726
-0.362720999815178, -0.36006806582978945, -0.5903061105251878, 0.0015735160338901835
-0.3626845596018873, -0.36010105565812, -0.5903035307868527, 0.0021751872942200805
-0.3626366713303071, -0.36014454241912763, -0.5903002399234613, 0.0027583796776490545
-0.3625777977327532, -0.3601982126174048, -0.590296349514496, 0.0033181390771377726
-0.3625085050446265, -0.36026167644206963, -0.5902919914667157, 0.0038497106368879414
-0.3624294559499962, -0.3603344688389214, -0.5902873135414141, 0.00434857915170902
-0.3623414014385232, -0.3604160509523948, -0.5902824743442153, 0.004810507414241199
-0.3622451717283063, -0.3605058120100266, -0.5902776379473385, 0.005231572184753729
-0.36214166642334944, -0.360603071724624, -0.5902729683266856, 0.005608197479652239
-0.3620318440839869, -0.3607070832880994, -0.590268623802384, 0.005937184898697359
-0.3619167113934384, -0.36081703702587, -0.5902647516712545, 0.006215740736974081
-0.36179731210379684, -0.36093206477189377, -0.5902614832131602, 0.0064414996555683425
-0.3616747159401731, -0.3610512450119756, -0.5902589292404847, 0.00661254471442144
-0.36155000763280065, -0.361173608827288, -0.5902571763415727, 0.006727423601671512
-0.3614242762339498, -0.36129814665150417, -0.5902562839454273, 0.00678516092569752
-0.3612986048600937, -0.36142381583413974, -0.5902562823071249, 0.0067852664688144715
-0.36117406098046656, -0.36154954898024994, -0.590257171482209, 0.006727739334904614
-0.36105168735171056, -0.36167426301326255, -0.5902589213248061, 0.006613067956999049
-0.36093249367542357, -0.3617968688842249, -0.5902614725095318, 0.00644222596474764
-0.3608174490319098, -0.3619162818278485, -0.5902647385425629, 0.006216663945638944
-0.3607074751200702, -0.3620314320442841, -0.5902686086937348, 0.005938297167562722
-0.36060344031091895, -0.362141275666252, -0.5902729517503141, 0.00560948936364519
-0.3605061545013998, -0.36224480585473207, -0.5902776204652449, 0.005233032713023414
-0.3604163647366142, -0.36234106385345055, -0.5902824565491103, 0.004812124183134457
-0.36033475155289363, -0.3624291498234642, -0.5902872960366242, 0.0043503384299383935
-0.3602619259816683, -0.36250823327454973, -0.5902919748457288, 0.003851597482013288
-0.36019842714526396, -0.36257756291020626, -0.5902963343408358, 0.003320137462383984
-0.3601447203706848, -0.3626364757079318, -0.5903002267115821, 0.0027604726279907886
-0.3601011957461736, -0.3626844050660021, -0.5903035199846947, 0.0021773570305815677
-0.36006816704782973, -0.36272088786213497, -0.590306102498988, 0.0015757441242345636
-0.3600458709695329, -0.36274557028777143, -0.5903078866917041, 0.0009607446634155368
-0.3600344665985292, -0.362758212343844, -0.5903088120677575, 0.0003375832511868935
-0.3600340350907889, -0.3627586909091609, -0.5903088472511454, -0.0002884460903057293
-0.36004457951413205, -0.36274700132035265, -0.5903079910489294, -0.0009120249458278638
-0.3600660248424171, -0.362723257431794, -0.5903062724916905, -0.001527855742704825
-0.3600982181001514, -0.3626876901542987, -0.5903037498490813, -0.0021307068073304386
-0.3601409286729844, -0.36264064450180267, -0.5903005086538761, -0.0027154568554228456
-0.3601938488149432, -0.3625825752048505, -0.5902966588015617, -0.003277138534218011
-0.360256594397266, -0.3625140409776263, -0.5902923308238638, -0.0038109806436344026
-0.3603287059556399, -0.3624356975507931, -0.5902876714626202, -0.00431244867569017
-0.3604096501020029, -0.3623482896047978, -0.5902828386941344, -0.004777283326923886
-0.3604988213732693, -0.3622526417569685, -0.5902779963727623, -0.005201536657040834
-0.3605955445921355, -0.36214964877021916, -0.5902733086753771, -0.005581605588226024
-0.36069907781412747, -0.3620402651611182, -0.5902689345350794, -0.005914262463260445
-0.360808615930323, -0.3619254943903165, -0.5902650222528752, -0.006196682406461087
-0.3609232949865958, -0.36180637781877656, -0.5902617044699678, -0.00642646725925202
-0.3610421972680645, -0.3616839836090322, -0.5902590936710754, -0.006601665891577601
-0.36116435718198214, -0.36155939574209517, -0.5902572783711739, -0.0067207907211174625
-0.3612887679539216, -0.36143370330795377, -0.5902563201148776, -0.006782830304098014
-0.3614143891314946, -0.36130799021144067, -0.5902562513901367, -0.006787257894173997
-0.36154015486745605, -0.3611833254161434, -0.5902570745269372, -0.006734035899152392
-0.36166498293075344, -0.3610607538277165, -0.5902587616183174, -0.006623616199038078
-0.3617877843705357, -0.3609412878951529, -0.5902612554663765, -0.006456936322795969
-0.36190747373518994, -0.3608258999850835, -0.5902644715212265, -0.0062354115151555195
-0.3620229797268719, -0.3607155155607671, -0.5902683007471876, -0.005960922758534855
-0.36213325615251346, -0.36061100717489125, -0.5902726133191097, -0.005635800848536549
-0.36223729301562835, -0.3605131892643446, -0.5902772630235704, -0.005262806654255379
-0.36233412757998906, -0.36042281371637475, -0.5902820922157848, -0.004845107726618229
-0.3624228552269969, -0.36034056615962085, -0.5902869371642271, -0.004386251448907678
-0.36250263992364207, -0.36026706292079513, -0.5902916336017896, -0.0038901349532487885
-0.36257272411768837, -0.36020284857867546, -0.590296022295286, -0.003360972054891271
-0.3626324378812098, -0.36014839404170806, -0.5902999544444547, -0.0028032574823141673
-0.36268120713283425, -0.36010409507397845, -0.5903032967273775, -0.00222172870522995
-0.3627185607828647, -0.3600702711965239, -0.590305935821198, -0.0016213256841820626
-0.362744136663508, -0.36004716489667343, -0.5903077822448042, -0.0010071488843397872
-0.3627576861282801, -0.36003494108697875, -0.5903087733931144, -0.00038441591203976515
-0.3627590772297662, -0.36003368676691105, -0.590308875660042, 0.00024158285462171558
-0.3627482964124965, -0.36004341085419356, -0.590308085578098, 0.0008655292604656758
-0.36272544868711987, -0.3600640441679005, -0.5903064299359776, 0.0014821226066438374
-0.36269075628238434, -0.36009543956146406, -0.5903039648701358, 0.0020861247340150744
-0.36264455580187827, -0.36013737221986497, -0.5903007739611752, 0.002672404569120087
-0.36258729394217304, -0.36018954015073956, -0.5902969653996297, 0.0032359817504235117
-0.36251952185709757, -0.36025156491328547, -0.5902926683172983, 0.003772068961075157
-0.36244188827859836, -0.36032299264096423, -0.5902880284085801, 0.004276112606439992
-0.3623551315272828, -0.360403295423548, -0.5902832029903325, 0.004743831489882729
-0.36226007056471476, -0.360491873120536, -0.5902783556678047, 0.005171253158547178
-0.3621575952543512, -0.36058805568100705, -0.590273650787534, 0.005554747611893376
-0.36204865600828895, -0.36069110604427945, -0.5902692478652928, 0.005891058089274822
-0.3619342530025892, -0.36080022369129106, -0.590265296177995, 0.006177328678568784
-0.3618154251447592, -0.3609145489083284, -0.5902619297028936, 0.006411128515526331
-0.3616932389730878, -0.36103316781281214, -0.5902592625755962, 0.006590472372801424
-0.3615687776592367, -0.3611551181756294, -0.5902573852208339, 0.006713837468275211
-0.36144313027312425, -0.36127939605635095, -0.5902563612871002, 0.00678017635405408
-0.3613173814531808, -0.361404963247161, -0.5902562254890245, 0.006788925780143522
-0.36119260160618183, -0.3615307554990852, -0.5902569824305908, 0.006740011460059958
-0.36106983773966683, -0.36165569148083276, -0.590258606449069, 0.006633848699325617
-0.360950105007243, -0.3617786823970215, -0.5902610424849483, 0.0064713388816988685
-0.36083437902361015, -0.36189864216953294, -0.5902642079483952, 0.006253861841928301
-0.36072358898269996, -0.3620144980640144, -0.5902679955190016, 0.005983264187591034
-0.36061861158969666, -0.3621252016238957, -0.5902722767839544, 0.005661843665985262
-0.36052026579658947, -0.36222973975735284, -0.5902769065913426, 0.00529232970488739
-0.36042930831199893, -0.3623271458091808, -0.5902817279710714, 0.004877860288031988
-0.3603464298398359, -0.3624165104399175, -0.5902865774565951, 0.004421955357191771
-0.36027225198841306, -0.36249699212934594, -0.5902912906270801, 0.003928486962469434
-0.3602073247822135, -0.36256782712085245, -0.5902957076821056, 0.003401646410593352
-0.3601521247028924, -0.3626283386272704, -0.5902996788598874, 0.002845908687353565
-0.36010705318424796, -0.362677945127715, -0.5903030695152871, 0.002265994454534434
-0.3600724354878496, -0.362716167598389, -0.5903057646853895, 0.001666829943509748
-0.3600485198914607, -0.3627426355380985, -0.5903076729877912, 0.0010535050867875903
-0.36003547713106054, -0.3627570916707976, -0.5903087297193567, 0.0004312302449681423
-0.360033400048681, -0.362759395232356, -0.5903088990503235, -0.00019470810042166353
-0.3600423034118555, -0.3627495237761824, -0.5903081752393133, -0.0008189923081182817
-0.360062123885612, -0.3627275734616269, -0.5903065828280263, -0.0014363188061176202
-0.36009272015396343, -0.36269375781940105, -0.5903041758090145, -0.002041443199745205
-0.36013387320395296, -0.36264840501869133, -0.5903010357947688, -0.002629224871203738
-0.3601852868008869, -0.3625919536904362, -0.5902972692502363, -0.003194670687766351
-0.36024658819762967, -0.3625249473894696, -0.5902930038826645, -0.0037329774441038992
-0.3603173291331325, -0.3624480278041433, -0.5902883843112294, -0.004239572675983157
-0.3603969871851377, -0.36236192684496615, -0.5902835671633441, -0.00471015349757296
-0.36048496754870585, -0.36226745776303804, -0.5902787157639532, -0.005140723132632448
-0.36058060531553227, -0.3621655054642092, -0.5902739945979216, -0.005527624830680093
-0.3606831683286138, -0.3620570161955352, -0.5902695637332767, -0.0058675728825842086
-0.3607918606826389, -0.36194298678653236, -0.5902655733943787, -0.006157680475590962
-0.36090582693247675, -0.3618244536289178, -0.5902621588689866, -0.006395484155325326
-0.3610241570604945, -0.36170248157498464, -0.5902594359218365, -0.006578964691479925
-0.3611458922384283, -0.36157815292677487, -0.5902574968701754, -0.006706564174470859
-0.3612700314016044, -0.3614525566761446, -0.5902564074542401, -0.006777199202027519
-0.36139553863293783, -0.36132677814011394, -0.5902562046087214, -0.006790270047250718
-0.36152135133200225, -0.3612018891171962, -0.5902568952107243, -0.006745665732893163
-0.36164638912125613, -0.36107893866937213, -0.5902584558466435, -0.006643764970274858
-0.3617695634179392, -0.36095894461174916, -0.5902608336058532, -0.006485432955143004
-0.3618897875770861, -0.360842885768496, -0.5902639478743217, -0.00627201404672676
-0.3620059874892301, -0.3607316950301922, -0.5902676930673735, -0.0060053203900281415
-0.3621171124965533, -0.3606262532250071, -0.5902719422090157, -0.005687616574834176
-0.3622221464740718, -0.36052738379487037, -0.5902765512365242, -0.005321600457825997
-0.3623201189087001, -0.3604358482487082, -0.5902813638844234, -0.004910380306275542
-0.36241011579910476, -0.3603523423484011, -0.5902862169823174, -0.004457448452925528
-0.36249129019371584, -0.36027749296994127, -0.5902909459869997, -0.003966651681487979
-0.3625628721832488, -0.3602118555725674, -0.5902953905612871, -0.003442158590503199
-0.36262417816790093, -0.3601559122027356, -0.5902994000104317, -0.0028884242097925723
-0.3626746192278918, -0.360110069957684, -0.5903028383917511, -0.0023101521681278144
-0.36271370843917106, -0.3600746598349902, -0.5903055891241968, -0.0017122547327390488
-0.3627410669935601, -0.3600499358997449, -0.5903075589415013, -0.0010998110606158964
-0.36275642900391425, -0.3600360747093949, -0.5903086810548143, -0.00047802401796076
-0.36275964489953116, -0.3600331749475313, -0.5903089174175314, 0.00014782406260083815
-0.36275068334431737, -0.36004125723133973, -0.5903082600154794, 0.0007724163075559491
-0.36272963163938965, -0.36006026407247904, -0.5903067311386836, 0.0013904465249010831
-0.3626966946020703, -0.36009005998712085, -0.5903043826254951, 0.0019966643347306503
-0.36265219194368103, -0.36013043176701687, -0.5903012941047286, 0.0025859198202088326
-0.36259655419842174, -0.3601810889390966, -0.5902975702954416, 0.0031532073156119106
-0.3625303172839862, -0.36024166445546046, -0.5902933374559756, 0.0036937079561858007
-0.362454115800693, -0.3603117156681024, -0.5902887391027054, 0.004202830626060587
-0.36236867519906424, -0.3603907256526726, -0.5902839311437296, 0.0046762509552278255
-0.36227480296533243, -0.36047810495254107, -0.5902790765925467, 0.005109948034404097
-0.36217337898981705, -0.3605731938179976, -0.5902743400409846, 0.005500238537229362
-0.36206534529410817, -0.360675265015319, -0.5902698820788045, 0.005843807962411894
-0.36195169529928906, -0.3607835272765225, -0.5902658538491709, 0.006137738733849467
-0.3618334628189477, -0.360897129452902, -0.5902623919245541, 0.006379534924140465
-0.36171171095755394, -0.36101516542407464, -0.5902596136767468, 0.006567143395963425
-0.36158752108711845, -0.3611366797994974, -0.5902576132979119, 0.00669897118627293
-0.3614619820632514, -0.36126067443167587, -0.5902564586074969, 0.006773898989872645
-0.3613361798263067, -0.3613861157400896, -0.5902561887532116, 0.006791290631435526
-0.36121118751479986, -0.36151194282284327, -0.5902568128839707, 0.006750998448219571
-0.3610880561973989, -0.3616370763098675, -0.5902583098397571, 0.0066533645393605225
-0.36096780630726455, -0.36176042788796536, -0.5902606288689192, 0.006499217871508805
-0.3608514198390935, -0.36188091040482173, -0.5902636913485942, 0.006289867264521721
-0.360739833345745, -0.36199744843714754, -0.5902673934499719, 0.006027090314731499
-0.36063393174852876, -0.36210898918809975, -0.5902716096580866, 0.005713118346786229
-0.36053454295383913, -0.36221451356175294, -0.5902761970268701, 0.005350617518000134
-0.3604424332495425, -0.36231304724835334, -0.5902810000252606, 0.0049426662313310004
-0.36035830343791897, -0.3624036716438833, -0.5902858558101262, 0.004492729044291397
-0.36028278564848093, -0.3624855344215421, -0.5902905997472615, 0.004004627291044213
-0.3602164407640609, -0.3625578595714274, -0.5902950709932964, 0.003482506663363832
-0.36015975638733655, -0.36261995672811786, -0.5902991179492554, 0.002930802022781558
-0.36011314527256455, -0.3626712296140314, -0.590302603400838, 0.002354199740790891
-0.3600769441486883, -0.36271118343924225, -0.5903054091710934, 0.0017575978861764383
-0.3600514128649228, -0.3627394311155807, -0.5903074401276777, 0.0011460645980712033
-0.36003673379814627, -0.3627556981638763, -0.590308627408763, 0.0005247949999797927
-0.3600330114724375, -0.3627598262176317, -0.5903089307581595, -0.00010093297650567492
-0.3600402723544165, -0.36275177505350975, -0.5903083398904269, -0.0007258034794208834
-0.36005846480298664, -0.36273162310809903, -0.5903068748396649, -0.0013445079500457628
-0.3600874591679841, -0.36269956647060186, -0.590304585280138, -0.0019517902738344966
-0.3601270480484282, -0.36265591637160555, -0.5903015488417973, -0.0025424914806603544
-0.36017694673671463, -0.3626010952180153, -0.5902978684778407, -0.0031115936106009975
-0.36023679388961505, -0.3625356312527439, -0.590293668973624, -0.003654262369284686
-0.3603061524795593, -0.36246015194408265, -0.5902890927153539, -0.004165888208062451
-0.3603845110898509, -0.3623753762330555, -0.5902842948620847, -0.004642125478798032
-0.36047128562469233, -0.3622821057869301, -0.5902794380847827, -0.005078929330663842
-0.36056582150868755, -0.3621812154227959, -0.5902746870508547, -0.005472590036755938
-0.3606673964507121, -0.36207364287650745, -0.5902702028411759, -0.0058197644613231896
-0.3607752238433809, -0.3619603780989008, -0.5902661374888963, -0.006117504403665298
-0.3608884568619266, -0.36184245226309286, -0.5902626288251592, -0.006363281582000877
-0.36100619331518347, -0.3617209266638354, -0.5902597958064358, -0.0065550090495552415
-0.36112748128685535, -0.361596881682559, -0.5902577344818463, -0.0066910588654917336
-0.36125132558771256, -0.3614714059802505, -0.5902565147371188, -0.006770275874845427
-0.36137669501931347, -0.36134558606510203, -0.5902561779255195, -0.006791987484069138
-0.36150253042797564, -0.361220496363615, -0.5902567354660289, -0.006756009351936967
-0.36162775350456666, -0.3610971899030804, -0.5902581684562526, -0.006662646949156981
-0.3617512762621691, -0.360976689690933, -0.5902604283131874, -0.006512692973917979
-0.36187201110045, -0.36085998085311366, -0.5902634384201303, -0.006307420644542107
-0.36198888134348317, -0.36074800357005243, -0.5902670967239302, -0.00604857292424055
-0.3621008321175889, -0.36064164682602295, -0.5902712791945816, -0.005738347766478603
-0.3622068414181493, -0.3605417429660831, -0.5902758440299255, -0.00537937950244322
-0.3623059312000665, -0.36044906303538116, -0.5902806364629697, -0.004974716524352153
-0.36239717831601004, -0.3603643128587506, -0.5902854940088953, -0.004527795449615559
-0.3624797251203389, -0.3602881298048246, -0.590290251973892, -0.004042411980907208
-0.36255278955492487, -0.3602210801686624, -0.5902947490390736, -0.003522688705755972
-0.3626156745361543, -0.36016365710040077, -0.5902988327301473, -0.002973040106050008
-0.3626677764702084, -0.36011627900474785, -0.59030236458736, -0.0023981350725686824
-0.36270859273619305, -0.36007928833724745, -0.5903052248603954, -0.0018028572420325155
-0.36273772799351467, -0.3600529507279421, -0.5903073165689778, -0.0011922634939105627
-0.36275489919065806, -0.3600374543710223, -0.5903085687914335, -0.0005715409610828979
-0.36275993917673444, -0.3600329096299162, -0.5903089390696633, 5.4037077811431395e-05
-0.3627527988440711, -0.36003934882040256, -0.5903084148489245, 0.0006791560461056333
-0.36273354775906497, -0.3600567261491723, -0.5903070139035673, 0.001298505271759989
-0.3627023732686935, -0.36008491780116647, -0.5903047837342971, 0.0019068231564558864
-0.3626595781005362, -0.3601237221851413, -0.5903017999573971, 0.002498941922959631
-0.3626055765042038, -0.36017286036269835, -0.5902981637405702, 0.003069831556540533
-0.3625408890106958, -0.3602319767005866, -0.5902939983723914, 0.0036146425637587376
-0.3624661359127256, -0.36030063979889904, -0.5902894450817431, 0.0041287471829296795
-0.3623820295926947, -0.36037834375815214, -0.5902846582490504, 0.004607778694859758
-0.3622893658451134, -0.3604645098556777, -0.5902798001717268, 0.005047668499822911
-0.36218901435638073, -0.3605584887058634, -0.5902750355613596, 0.0054446806469690915
-0.3620819085164996, -0.3606595629792174, -0.5902705259592238, 0.005795443525156562
-0.3619690347443253, -0.3607669507519158, -0.5902664242594672, 0.006096978449298497
-0.36185142151016647, -0.3608798095503156, -0.5902628695256255, 0.0063467249034221745
-0.3617301282370964, -0.3609972411440976, -0.5902599822761702, 0.006542562230469849
-0.36160623425528926, -0.3611182971273985, -0.5902578603988661, 0.006682827589147039
-0.36148082797253966, -0.3612419853099975, -0.5902565758323984, 0.006766330029580734
-0.36135499640914537, -0.3613672769207228, -0.5902561721277061, 0.006792360571940943
-0.36122981522729936, -0.361493114603487, -0.5902566629716575, 0.00676069820527026
-0.3611063393645393, -0.3616184211632898, -0.590258031723085, 0.0066716117573447425
-0.36098559435846633, -0.3617421089959886, -0.5902602319768965, 0.006525857620249519
-0.3608685684266415, -0.3618630901123927, -0.5902631891371551, 0.0063246733503002
-0.3607562053420149, -0.36198028664501736, -0.5902668029458268, 0.0060697671947829036
-0.3606493981213076, -0.3620926417054853, -0.5902709508815123, 0.005763303631525194
-0.3605489835221253, -0.3621991304427661, -0.5902754923129994, 0.005407885040343574
-0.3604557373249353, -0.36229877113784903, -0.5902802732668746, 0.00500652965772241
-0.3603703703590121, -0.36239063615964595, -0.5902851316476146, 0.004562645997432746
-0.36029352521746105, -0.36247386260032144, -0.5902899027332081, 0.004080003949946232
-0.3602257735959865, -0.3625476624062459, -0.590294424760014, 0.0035627028021743266
-0.36016761418324483, -0.3626113318234446, -0.5902985444074977, 0.003015136445987391
-0.3601194710276756, -0.3626642599838963, -0.5903021219968589, 0.0024419560688549464
-0.36008169230654075, -0.36270593647117044, -0.5903050362272545, 0.001848030642509547
-0.3600545494273062, -0.3627359577203817, -0.5903071882889681, 0.0012384055454913053
-0.36003823639927934, -0.3627540321279603, -0.5903085052140078, 0.0006182596725141834
-0.360032869424034, -0.3627599837706643, -0.5903089423504644, -7.138602431132315e-06
-0.3600384866661618, -0.36275375466002424, -0.5903084848766829, -0.0006324762316626167
-0.3600550481806323, -0.36273540548723116, -0.590307148303878, -0.0012524406833198476
-0.36008243598885215, -0.3627051148435525, -0.5903049779501351, -0.0018617651264433077
-0.36012045431170425, -0.36266317693188443, -0.5903020474036484, -0.0024552732233007633
-0.3601688299836292, -0.3626099978151067, -0.5902984560273333, -0.003027923144324066
-0.3602272130865295, -0.3625460902756811, -0.5902943255894704, -0.003574850428286061
-0.360295177855236, -0.3624720673876498, -0.5902897961346885, -0.004091409321085184
-0.3603722239168412, -0.36238863492604567, -0.5902850212353407, -0.0045732122405522995
-0.36045777793388933, -0.36229658275915266, -0.5902801627843416, -0.005016167031846689
-0.3605511957257659, -0.36219677538545514, -0.5902753855060505, -0.005416511698024956
-0.3606517649433675, -0.3620901417891531, -0.5902708513713414, -0.0057708463129842276
-0.3607587083690873, -0.36197766479547144, -0.5902667141062067, -0.006076161848917323
-0.3608711879072716, -0.3618603701095876, -0.5902631139800615, -0.00632986567738474
-0.36098830931973536, -0.36173931522087077, -0.5902601730503984, -0.006529803531820433
-0.36110912774689174, -0.3616155783474376, -0.5902579910249653, -0.006674277749465138
-0.3612326540379355, -0.3614902475851386, -0.5902566418816889, -0.00676206164209922
-0.3613578618938271, -0.3613644104104077, -0.5902561713608774, -0.006792409877275259
-0.3614836958051566, -0.36123914366856114, -0.5902565954146787, -0.006765064784797799
-0.36160907974397904, -0.3611155041586991, -0.5902578996663242, -0.006680258536746553
-0.3617329265451994, -0.36099451990415465, -0.5902600398974802, -0.006538711183185235
-0.36185414788975423, -0.3608771821741441, -0.5902629435471984, -0.006341624559646334
-0.36197166477955844, -0.3607644382987417, -0.5902665121716749, -0.00609067211633802
-0.3620844183736325, -0.3606571852962668, -0.5902706247814774, -0.0057879847525889715
-0.36219138103683546, -0.3605562643104304, -0.590275141943153, -0.005436132773124936
-0.36229156743777335, -0.360462455834761, -0.5902799105062262, -0.005038104115142832
-0.3623840455213285, -0.36037647568457687, -0.5902847687953755, -0.004597279026581183
-0.3624679471743746, -0.36029897166256863, -0.5902895520917985, -0.004117401406232056
-0.3625424784008341, -0.3602305208532892, -0.5902940982179468, -0.00360254704513453
-0.3626069288245981, -0.36017162747478715, -0.5902982530362804, -0.003057089035754878
-0.3626606803459428, -0.36012272121236677, -0.5903018756755888, -0.0024856606405081094
-0.36270321478884837, -0.36008415595999366, -0.5903048433076333, -0.0018931159339204955
-0.3627341203928457, -0.3600562088990604, -0.5903070553121037, -0.0012844885528921991
-0.3627530970231988, -0.36003907985171113, -0.5903084366886041, -0.0006649489068266737
-0.3627599599969764, -0.3600328908563899, -0.5903089405999303, -3.976021360751035e-05
-0.36275464244909994, -0.3600376859261001, -0.5903085499603438, 0.0005857662616816069
-0.36273719619117173, -0.3600534309645089, -0.5903072780149637, 0.001206316380948153
-0.36270779104589457, -0.3600800138307868, -0.5903051678906129, 0.001816618331975969
-0.3626667126704086, -0.36011724456024763, -0.5903022911333631, 0.0024114874635553763
-0.3626143589119839, -0.36016485576370083, -0.5902987452823917, 0.0029858703718206197
-0.3625512347684374, -0.3602225032432511, -0.5902946505624639, 0.003534887859758321
-0.3624779460525024, -0.3602897668753853, -0.5902901458072471, 0.004053876402333237
-0.36239519188349556, -0.3603661518229536, -0.590285383751739, 0.0045384277634838675
-0.36230375615032007, -0.3604510901455742, -0.5902805258534826, 0.004984426428167606
-0.3622044981065691, -0.3605439428825965, -0.5902757368182002, 0.005388084532447042
-0.36209834227085613, -0.36064400268378194, -0.5902711790154797, 0.005745973997040833
-0.3619862678132193, -0.3607504970600959, -0.5902670069738488, 0.006055055594535568
-0.3618692976113954, -0.3608625923204115, -0.590263362141857, 0.006312704707280087
-0.3617484871589721, -0.3609793982496313, -0.5902603680927471, 0.0065167335615746395
-0.36162491350108283, -0.3610999735699427, -0.5902581263352397, 0.006665409753844288
-0.36149966436270353, -0.36122333221002567, -0.5902567128723992, 0.006757470915782401
-0.36137382762020587, -0.3613484503875096, -0.5902561756251838, 0.006792135397716092
-0.36124848124918363, -0.3614742744884356, -0.5902565328079794, 0.006769108882446011
-0.3611246838613119, -0.36159972970456933, -0.5902577723111562, 0.006688586875331599
-0.36100346592089094, -0.36172372936589947, -0.5902598521115691, 0.006551253050223558
-0.3608858217084908, -0.3618451848822998, -0.5902627016970928, 0.006358273464792086
-0.3607727020755709, -0.3619630161859244, -0.590266224456923, 0.006111286692669389
-0.3606650080108619, -0.36207616254523156, -0.5902703009566609, 0.005812389953422505
-0.3605635850174178, -0.36218359360329244, -0.5902747929871989, 0.005464121354494957
-0.36046921827926126, -0.3622843204779479, -0.5902795482501992, 0.005069438391688163
-0.360382628579087, -0.36237740674995433, -0.5902844055213707, 0.004631692886265524
-0.36030446891402923, -0.3624619791580421, -0.5902892001165289, 0.004154602567106067
-0.3602353217454768, -0.36253723781706126, -0.5902937694751418, 0.0036422195352476964
-0.36017569681156225, -0.3626024657773932, -0.5902979586720585, 0.0030988958753646865
-0.36012602942742533, -0.3626570377505647, -0.5903016256705219, 0.0025292467039342973
-0.3600866791986015, -0.36270042783743595, -0.5903046461383222, 0.0019381109667750604
-0.36005792907680567, -0.362732216111219, -0.5903069176637429, 0.0013305103190017703
-0.3600399846946577, -0.3627520939275066, -0.5903083632282892, 0.0007116064379719053
-0.36003297392612865, -0.3627598678569699, -0.5903089338183944, 8.665713425191423e-05
-0.3600369466321661, -0.3627554621627438, -0.5903086100874947, -0.0005390283632004045
-0.36005187456549625, -0.3627389197731037, -0.5903074030120872, -0.0011601345637265636
-0.36007765142428005, -0.3627104017299614, -0.5903053535195082, -0.0017713849254782424
-0.3601140930604826, -0.362670185124226, -0.5903025311000608, -0.0023675867311901276
-0.3601609378647137, -0.362618659559251, -0.590299031450583, -0.0029436752437962924
-0.3602178473642049, -0.3625563222126198, -0.5902949732293986, -0.0034947567632072334
-0.360284407083862, -0.36248377159357936, -0.5902904940327369, -0.004016150215791567
-0.36036012773129034, -0.3624017001177785, -0.5902857457291137, -0.004503426921669956
-0.3604444467748278, -0.36231088564191427, -0.5902808893099131, -0.004952448201630517
-0.36053673048850865, -0.36221218211796335, -0.590276089430814, -0.005359400505079235
-0.36063627653915975, -0.36210650953934365, -0.5902715088291588, -0.005720827762684517
-0.36074231718836924, -0.3619948433594461, -0.5902673028065455, -0.006033660691982273
-0.360854023175753, -0.36187820356627853, -0.5902636139636883, -0.006295242810889456
-0.3609705083399187, -0.36175764359552054, -0.5902605673660208, -0.006503352942542487
-0.36109083501998473, -0.36163423925828075, -0.5902582663038834, -0.006656224024852028
-0.36121402026384253, -0.3615090778495522, -0.5902567887909885, -0.006752558069379749
-0.3613390428499983, -0.3613832475892166, -0.5902561849198068, -0.006791537146344171
-0.3614648511084134, -0.36125782753003177, -0.5902564751634899, -0.006772830305516232
-0.36159037150294504, -0.3611338780469592, -0.5902576496818572, -0.006696596376252189
-0.3617145179144703, -0.3610124320001753, -0.5902596686549637, -0.0065634826237257245
-0.36183620154042273, -0.3608944866409597, -0.5902624636329488, -0.006374619272365696
-0.36195434130391235, -0.36078099630607663, -0.5902659398564277, -0.006131609941388868
-0.36206787464481494, -0.3606728659231432, -0.5902699794688062, -0.005836518070941114
-0.3621757685467485, -0.3605709453274687, -0.5902744455116733, -0.005491849450526569
-0.3622770306384966, -0.36047602437070003, -0.5902791865678678, -0.005100530993895754
-0.36237072019675476, -0.3603888287839574, -0.5902840418948696, -0.00466588593615278
-0.3624559588695011, -0.36031001674343044, -0.5902888468745141, -0.0041916056592825384
-0.3625319409362062, -0.36024017607510983, -0.5902934385942853, -0.0036817183813283483
-0.36259794292275294, -0.3601798220277149, -0.5902976613709635, -0.0031405549717927698
-0.3626533323953304, -0.36012939553903944, -0.5903013720293318, -0.0025727121812041376
-0.3626975757686559, -0.3600892619209215, -0.5903044447569195, -0.0019830135958997168
-0.3627302449794525, -0.36005970989169356, -0.5903067753701357, -0.0013764686496405213
-0.36275102289573324, -0.3600409508920056, -0.5903082848470744, -0.0007582300414235337
-0.36275970735568586, -0.3600331186299388, -0.5903089220071537, -0.00013354992354874603
-0.36275621375612477, -0.3600362688138574, -0.5903086652466739, 0.000492264764581256
-0.3627405761389, -0.3600503790458447, -0.5903075232714177, 0.0011138974334733967
-0.36271294675353416, -0.3600753488642099, -0.5903055348014282, 0.0017260670634998134
-0.36267359410484, -0.36011099993971274, -0.5903027672579886, 0.0023235731191501895
-0.36262289952451177, -0.36015707644609085, -0.5902993144773463, 0.0029013397718017373
-0.36256135233483333, -0.36021324564050394, -0.5902952935287538, 0.003454459051696943
-0.362489543699858, -0.3602790987028909, -0.5902908407447637, 0.003978232559789318
-0.3624081592840145, -0.36035415189442666, -0.5902861070984492, 0.00446821138343771
-0.3623179708593022, -0.36043784810360446, -0.5902812530843362, 0.0049202338764040045
-0.36221982701961064, -0.36052955885361526, -0.5902764432766628, 0.00533046098300467
-0.36211464317373276, -0.3606285868462782, -0.5902718407494951, 0.005695408808324011
-0.362003390997059, -0.36073416911555833, -0.5902676015478912, 0.006011978160837344
-0.3618870875256074, -0.3608454808577095, -0.5902638693975423, 0.006277480820328473
-0.36176678407497354, -0.36096163999532305, -0.5902607708322256, 0.006489662312330215
-0.3616435551610908, -0.3610817125192629, -0.5902584109042098, 0.006646721000188623
-0.3615184875896891, -0.36120471863602055, -0.5902568696229815, 0.006747323336981762
-0.36139266986750873, -0.36132963972885646, -0.5902561992429748, 0.006790615151659618
-0.36126718207109143, -0.3614554261198133, -0.5902564224922034, 0.006776228876677071
-0.36114308628908964, -0.36158100559693707, -0.5902575318018105, 0.006704286657845712
-0.3610214177321439, -0.36170529264756635, -0.5902594895626438, 0.006575399320927258
-0.36090317658126025, -0.36182719831512766, -0.5902622294001579, 0.0063906612034328875
-0.36078932062208535, -0.36194564057427536, -0.5902656584244533, 0.006151640893986484
-0.3606807586892625, -0.36205955509822285, -0.5902696603792119, 0.005860367955261045
-0.36057834492293694, -0.3621679062734696, -0.5902740995828306, 0.005519315739704271
-0.3604828738192055, -0.3622696983015329, -0.5902788255281948, 0.005131380439819501
-0.3603950760383847, -0.36236398621527477, -0.5902836779852064, 0.004699856546433228
-0.3603156149200737, -0.36244988662954614, -0.5902884924331094, 0.004228408918915881
-0.36024508364241115, -0.36252658804244176, -0.5902931056384689, 0.0037210417004672597
-0.36018400295501574, -0.3625933605047422, -0.5902973611896849, 0.003182064339056624
-0.3601328194109926, -0.3626495644811565, -0.5903011148003826, 0.002616055000134718
-0.3600919040230871, -0.3626946587377483, -0.5903042392018248, 0.002027821680522914
-0.36006155127243744, -0.36272820710513565, -0.5903066284584143, 0.0014223613536486165
-0.36004197840519037, -0.3627498839864396, -0.590308201559904, 0.0008048174942665018
-0.3600333249620542, -0.36275947850190815, -0.5903089051684578, 0.00018043634573365402
-0.360035652498217, -0.3627568971881363, -0.5903087154273609, -0.00044547769542140216
-0.3600489444653543, -0.3627421651980913, -0.5903076387700202, -0.0010676071946554
-0.3600731062430157, -0.3627154259779395, -0.5903057117018021, -0.00168066690662951
-0.36010796532281564, -0.3626769394271372, -0.5903029995621106, -0.0022794487257759713
-0.36015327166485434, -0.3626270785785548, -0.5902995943087084, -0.0028588659740928137
-0.36020869826089585, -0.36256632486463347, -0.5902956113994493, -0.0034139966462493304
-0.3602738419523792, -0.3624952620629964, -0.5902911858772117, -0.003940125241797854
-0.36034822456268556, -0.3624145690397097, -0.5902864677908357, -0.004432782827362888
-0.3604312944116831, -0.3623250114299168, -0.5902816171073842, -0.004887784987924296
-0.36052242828595626, -0.36222743241321753, -0.5902767982882732, -0.005301267345497135
-0.3606209339399692, -0.36212274275453726, -0.5902721747131986, -0.005669718345377975
-0.3607260532015151, -0.36201191029001367, -0.590267903140924, -0.005990009034399461
-0.36083696574906354, -0.36189594904144884, -0.5902641283947144, -0.006259419582023993
-0.36095279361913624, -0.3617759081421458, -0.5902609784525675, -0.006475662323326481
-0.3610726064888138, -0.3616528607515985, -0.59025856010865, -0.0066369011326827395
-0.36119542776223124, -0.36152789312682687, -0.5902569553529688, -0.006741766968025286
-0.3613202414709521, -0.3614020940045579, -0.5902562185919598, -0.006789369457597109
-0.3614459999769509, -0.3612765444314714, -0.5902563748041647, -0.006779304433989366
-0.36157163244428503, -0.3611523081600224, -0.5902574186934958, -0.006711657353669219
-0.36169605402207916, -0.36103042270557495, -0.5902593148687616, -0.006587002573982123
-0.3618181756580007, -0.36091189113754374, -0.5902619990433874, -0.006406398493550223
-0.3619369144386998, -0.3607976746536905, -0.5902653802146675, -0.0061713785958928255
-0.3620512043325722, -0.3606886859634787, -0.5902693437487249, -0.0058839384697706556
-0.3621600071913432, -0.3605857834841527, -0.590273755266634, -0.005546518913003423
-0.3622623238511322, -0.36048976633277596, -0.5902784652000257, -0.005161985259116717
-0.36235720516134273, -0.3604013700793439, -0.5902833138617736, -0.00473360309791442
-0.3624437627615551, -0.36032126321096813, -0.5902881368599021, -0.004265010591701092
-0.36252117942280027, -0.3602500442452554, -0.5902927706711827, -0.0037601876181376516
-0.36258871877052745, -0.36018823942284306, -0.590297058185462, -0.003223421998326325
-0.36264573421227464, -0.3601363009046472, -0.5903008540327241, -0.0026592730944046132
-0.3626916769034372, -0.3600946053987889, -0.5903040295122342, -0.002072533084393329
-0.3627261025994707, -0.36006345314529353, -0.5903064769565916, -0.0014681862430064403
-0.36274867726188686, -0.360043067193187, -0.590308113382658, -0.000851366575319061
-0.36275918130815443, -0.3600335929142455, -0.5903088833055153, -0.0002273141653538991
-0.36275751242139165, -0.3600350977098258, -0.5903087606199836, 0.0003986693864308117
-0.3627436868638684, -0.3600475708813716, -0.5903077494858675, 0.0010212660542667632
-0.36271783926805745, -0.3600709236506958, -0.5903058841868937, 0.0016351866193765375
-0.36268022090941043, -0.36010498933225055, -0.5903032279681263, 0.0022352156546874623
-0.36263119649537945, -0.36014952367563313, -0.5902998708913053, 0.0028162558755187124
-0.3625712395345566, -0.3602042054117742, -0.5902959267808684, 0.0033733714757368024
-0.36250092637736997, -0.3602686370499293, -0.5902915293642658, 0.0039018300783290466
-0.36242092904479295, -0.36034234598414505, -0.5902868277374912, 0.0043971429421743305
-0.3623320069833018, -0.36042478597668215, -0.5902819813096406, 0.004855103082806475
-0.36223499790226854, -0.36051533909150824, -0.5902771543979474, 0.005271820983939729
-0.3621308078636988, -0.3606133181531178, -0.5902725106565848, 0.005643757598201724
-0.36202040080334574, -0.3607179698042905, -0.5902682075281329, 0.005967754359621161
-0.3619047876666055, -0.36082847823096664, -0.5902643909058173, 0.006241059956657962
-0.36178501534223995, -0.36094396961321107, -0.5902611901874553, 0.006461353642655349
-0.36166215557194215, -0.36106351734844977, -0.5902587138887512, 0.006626764890253871
-0.36153729400441215, -0.36118614807716765, -0.5902570459646013, 0.006735889227265637
-0.36141151954927364, -0.36131084852244544, -0.5902562429630692, 0.006787800123507704
-0.3612859141694378, -0.3614365731337277, -0.5902563321084652, 0.006782056830897762
-0.36116154323097505, -0.36156225250262053, -0.5902573103784777, 0.006718708112500835
-0.3610394465079134, -0.36168680249512053, -0.5902591446066254, 0.006598291829973609
-0.36092062991641716, -0.361809134021183, -0.5902617726065581, 0.0064218303927854456
-0.3608060580292556, -0.3619281633397693, -0.5902651052801162, 0.006190822106508397
-0.36069664739817187, -0.362042822776233, -0.5902690296377185, 0.005907228491168357
-0.3605932606894403, -0.3621520717098635, -0.5902734126287391, 0.005573457673936451
-0.3604967016172931, -0.36225490767331436, -0.5902781056520697, 0.005192343993102125
-0.36040771064160704, -0.362350377393057, -0.5902829495940055, 0.0047671239820822105
-0.36032696138085085, -0.3624375875914847, -0.5902877802226972, 0.004301408932941226
-0.3602550576791914, -0.362515715367173, -0.590292433756304, 0.0037991542682683983
-0.36019253125821116, -0.3625840179703881, -0.5902967524160796, 0.0032646259780028442
-0.3601398398789676, -0.36264184179623715, -0.5903005897760867, 0.0027023644036365136
-0.3600973659392962, -0.3626886304279414, -0.5903038157281377, 0.0021171456758658823
-0.3600654154340813, -0.36272393157728455, -0.5903063208935619, 0.0015139411329231744
-0.36004421721252144, -0.3627474027880415, -0.5903080203321558, 0.0008978750652230288
-0.36003392247583066, -0.36275881579068603, -0.5903088564225006, 0.00027418114735932057
-0.36003460447081415, -0.36275805942223793, -0.5903088008159298, -0.000351842069341378
-0.3600462583487972, -0.36274514105309663, -0.5903078553978525, -0.0009748762217393745
-0.3600688011748119, -0.3627201864923367, -0.5903060522238168, -0.0015896283700827165
-0.36010207208805456, -0.36268343837336847, -0.590303452432486, -0.002190876014699329
-0.3601458326306627, -0.362635253052214, -0.5903001441724016, -0.0027735115074408816
-0.3601997672771733, -0.3625760960801385, -0.590296239612878, -0.003332585476805826
-0.3602634842108321, -0.36250653634009156, -0.590291871140434, -0.0038633488948640504
-0.36033651640463815, -0.3624272389616434, -0.590287186869786, -0.004361293426688801
-0.36041832307404953, -0.36233895715113484, -0.5902823456216642, -0.0048221897187861905
-0.3605082915741755, -0.36224252309204874, -0.5902775115377877, -0.005242123301773968
-0.36060573981665667, -0.3621388380846191, -0.5902728485156016, -0.00561752780404421
-0.3607099192801204, -0.36202886210319907, -0.590268514651482, -0.0059452151970743935
-0.36082001868292024, -0.3619136029546348, -0.590264656880799, -0.006222402819141911
-0.36093516837794093, -0.3617941052208693, -0.5902614059965183, -0.00644673695215999
-0.3610544455167439, -0.3616714391643373, -0.5902588722151928, -0.0066163127559055
-0.36117688001452397, -0.3615466897656472, -0.5902571414406019, -0.006729690394779376
-0.3613014613287636, -0.36142094605001784, -0.5902562723516569, -0.0067859072241713714
-0.3614271460436006, -0.3612952908424274, -0.5902562944132452, -0.006784485936253019
-0.3615528662294407, -0.36117079107207695, -0.590257206877408, -0.006725438598371719
-0.3616775385239904, -0.3610484887252805, -0.5902589788086969, -0.006609266550956021
-0.36180007385734525, -0.3609293925229595, -0.5902615501328439, -0.006436956165768536
-0.3619193877209491, -0.360814470375438, -0.5902648336732206, -0.006209970499263828
-0.3620344108588065, -0.3607046426438565, -0.5902687181060848, -0.005930236909531569
-0.36214410024009747, -0.3606007762151202, -0.5902730717344766, -0.005600130738630188
-0.36224745015601256, -0.3605036793765263, -0.5902777469528828, -0.005222455194832959
-0.36234350327075715, -0.3604140974577432, -0.5902825852513586, -0.004800417601193159
-0.36243136144783494, -0.3603327091921795, -0.5902874225894954, -0.004337602207646436
-0.3625101961682762, -0.36026012373743166, -0.5902920949580736, -0.0038379397933490274
-0.36257925835767413, -0.3601968782857511, -0.5902964439398379, -0.0033056743138281746
-0.36263788744388714, -0.36014343619050515, -0.5903003220808554, -0.002745326873511692
-0.36268551947694905, -0.36010018553344514, -0.5903035978902971, -0.002161657328019804
-0.3627216941570075, -0.3600674380601735, -0.5903061602990809, -0.001559623841957497
-0.3627460606345646, -0.36004542841726606, -0.5903079224261375, -0.0009443407465662117
-0.36275838196950183, -0.36003431363367067, -0.5903088245245368, -0.0003210350572255449
-0.362758538160755, -0.36003417280085714, -0.5903088360075323, 0.0003049979767838111
-0.3627465276863179, -0.36004500692008035, -0.5903079564857766, 0.0009284399088207519
-0.3627224675228031, -0.36006673890048746, -0.5903062157805278, 0.0015439943308023507
-0.3626865916441533, -0.3600992137078458, -0.5903036729123868, 0.0021464319197036174
-0.3626392480295265, -0.36014219867977915, -0.5903004140998854, 0.0027306349076194124
-0.3625808942399247, -0.3601953840387595, -0.5902965498358237, 0.0032916405937678693
-0.3625120916510238, -0.36025838364805607, -0.5902922111405441, 0.003824683525749743
-0.36243349845509587, -0.36033073606773036, -0.5902875451192384, 0.0043252359897135995
-0.3623458615672377, -0.36041190597704564, -0.5902827099739875, 0.004789046464628987
-0.362250007589659, -0.3605012860357698, -0.5902778696396954, 0.005212175714416541
-0.36214683300217143, -0.36059819925954173, -0.5902731882258272, 0.005591030212972845
-0.3620372937568409, -0.36070190198340646, -0.5902688244524116, 0.005922392620883723
-0.36192239445986885, -0.3608115874827549, -0.5902649262689464, 0.006203449058559029
-0.3618031773240791, -0.3609263903122393, -0.5902616258386099, 0.006431812948354041
-0.36168071107109545, -0.3610453914110028, -0.5902590350577895, 0.006605545227685994
-0.3615560799535089, -0.36116762400697, -0.5902572417627696, 0.006723170765934833
-0.36143037305462367, -0.3612920803345746, -0.5902563067521227, 0.006783690849777322
-0.3613046740070608, -0.36141771915955234, -0.5902562617256948, 0.006786591634302221
-0.3611800512523836, -0.361543474082078, -0.5902571082100246, 0.006731848490566052
-0.36105754894248965, -0.3616682625661527, -0.5902588175065933, 0.006619926213964174
-0.3609381785607293, -0.3617909956196581, -0.5902613316646677, 0.006451775091710573
-0.3608229113171867, -0.3619105880265462, -0.590264565445772, 0.0062288228616478045
-0.3607126713491786, -0.36202596901108297, -0.5902684092132267, 0.005952962628353441
-0.36060832973551027, -0.3621360931946509, -0.5902727326488478, 0.005626536835870778
-0.36051069931212754, -0.36223995168903933, -0.5902773891708615, 0.005252317429161646
-0.3604205302581116, -0.36233658315698747, -0.590282220903305, 0.004833482368334379
-0.36033850640513465, -0.36242508466162393, -0.5902870640284911, 0.004373588690600293
-0.3602652422108521, -0.36250462212162626, -0.5902917543410934, 0.0038765423445017836
-0.3602012803277166, -0.36257444018879403, -0.5902961328155584, 0.003346565048962403
-0.36014708969340414, -0.3626338713693461, -0.5903000509980754, 0.002788158455851284
-0.36010306406764025, -0.36268234421960466, -0.5903033760402497, 0.0022060659187432123
-0.36006952094249567, -0.36271939046066537, -0.5903059952037704, 0.0016052321921047057
-0.3600467007590352, -0.36274465087480423, -0.59030781968327, 0.0009907614039711475
-0.3600347663721626, -0.3627578798683293, -0.5903087876177029, 0.000367873661043548
-0.36003380271716146, -0.3627589486107434, -0.5903088661880747, -0.00025813934219828057
-0.3600438166452098, -0.36274784668774807, -0.590308052730358, -0.0008819593294858223
-0.3600647369103931, -0.36272468223505605, -0.5903063748258314, -0.0014982866772159731
-0.3600964143068036, -0.36268968055033524, -0.5903038893657779, -0.002101885488586349
-0.3601386219704088, -0.3626431812110327, -0.5903006806222777, -0.002687628120133334
-0.36019105587582845, -0.36258563375549147, -0.5902968573905442, -0.0032505387785241795
-0.3602533355722437, -0.3625175920128003, -0.590292549299756, -0.003785835814128671
-0.36032500521472544, -0.36243970719247365, -0.5902879024175304, -0.004288972349982468
-0.3604055349567422, -0.3623527198676092, -0.5902830742971287, -0.004755674900072945
-0.36049432277600946, -0.3622574510040464, -0.5902782286353809, -0.005181979649209269
-0.3605906968087509, -0.36215479220273405, -0.5902735297224794, -0.005564266087831248
-0.3606939182667096, -0.36204569533269626, -0.5902691368718428, -0.0058992877186925035
-0.3608031850066227, -0.36193116173744655, -0.5902651990188872, -0.0061841995781391395
-0.3609176358135281, -0.3618122311983736, -0.5902618496718047, -0.006416582342405663
-0.3610363554472551, -0.36168997083464927, -0.5902592023854843, -0.006594462818682065
-0.3611583804861368, -0.3615654641107747, -0.5902573469119694, -0.006716330651395336
-0.36128270598376955, -0.361439800110418, -0.5902563461579011, -0.006781151105936986
-0.3614082929340813, -0.36131406321917425, -0.5902562340520429, -0.0067883738247113785
-0.361534076517686, -0.3611893233399026, -0.5902570143951373, -0.006737937483653322
-0.3616589750792141, -0.3610666267430698, -0.590258660731068, -0.006630270311055352
-0.361781899761775, -0.36094698763179134, -0.5902611172436849, -0.006466286464455108
-0.3619017647016992, -0.36083138047777363, -0.5902643006489143, -0.006247378295267573
-0.3620174976650353, -0.3607207331609461, -0.5902681030180433, -0.005975404564612053
-0.3621280509876639, -0.36061592092295613, -0.5902723954365112, -0.005652674707181188
-0.3622324126640821, -0.36051776112366274, -0.59027703237423, -0.005281929272821107
-0.3623296174164966, -0.3604270087708925, -0.5902818566193226, -0.004866316707516036
-0.3624187575663811, -0.36034435277763754, -0.5902867046080592, -0.004409366666458931
-0.36249899352554016, -0.36027041288801576, -0.5902914119703186, -0.003914960081586731
-0.36256956372321203, -0.3602057372040042, -0.5902958191025734, -0.0033872962340940485
-0.36262979379001015, -0.36015080023941404, -0.5902997765794442, -0.0028308571087311022
-0.3626791048285114, -0.3601060014258677, -0.5903031502203058, -0.002250369330851556
-0.36271702061388067, -0.3600716639975373, -0.5903058256391174, -0.001650764008917855
-0.3627431735858, -0.36004803418699827, -0.590307712123151, -0.0010371348242180735
-0.36275730951463925, -0.36003528067325463, -0.5903087457090425, -0.000414694725643424
-0.362759290749753, -0.3600334942344906, -0.5903088913518091, 0.00021126839971067878
-0.36274909798530186, -0.36004268757173385, -0.590308144113251, 0.0008354366998140564
-0.36272683050830157, -0.3600627952847705, -0.590306529329407, 0.001452507588509403
-0.3626927049239542, -0.360093673997697, -0.5903041017513925, 0.002057238845109409
-0.3626470523837352, -0.3601351026475894, -0.590300943688764, 0.0026444931952661795
-0.36259031437147593, -0.3601867829653157, -0.5902971622183997, 0.0032092819904558875
-0.362523037130862, -0.3602483401917227, -0.5902928855535952, 0.003746807611834512
-0.36244586484361807, -0.36031932408466527, -0.5902882586965363, 0.004252504236057084
-0.362359531690455, -0.3603992102820246, -0.5902834385216227, 0.004722076615736902
-0.36226485294603716, -0.36048740209251817, -0.5902785884563947, 0.005151536545334674
-0.3621627152742244, -0.36058323278928306, -0.5902738729404466, 0.005537236704162837
-0.36205406640037885, -0.3606859684807473, -0.5902694518502082, 0.005875901591594821
-0.3619399043433482, -0.36079481162899496, -0.5902654750786183, 0.006164655295199408
-0.3618212663907533, -0.36090890527773367, -0.5902620774534271, 0.0064010458600874745
-0.36169921799759275, -0.36102733804024567, -0.5902593741663754, 0.006583066056978103
-0.3615748417800553, -0.3611491498826065, -0.5902574568681539, 0.006709170377088017
-0.36144922676425695, -0.36127333871945466, -0.5902563905614806, 0.006778288113662512
-0.3613234580338419, -0.3613988678191796, -0.590256211397566, 0.006789832422553845
-0.3611986069016151, -0.3615246739932161, -0.5902569254506342, 0.006743705287486571
-0.36107572170928104, -0.3616496765209014, -0.590258508512013, 0.006640298349317143
-0.3609558193367245, -0.3617727867378022, -0.5902609069107774, 0.0064804895924954154
-0.3608398774787961, -0.3618929181923447, -0.5902640393331352, 0.0062656359158752796
-0.36072882772413173, -0.3620089972537869, -0.5902677995789168, 0.005997561648805544
-0.3606235494478277, -0.3621199740347717, -0.5902720601617629, 0.005678543106864834
-0.3605248645086079, -0.36222483347466716, -0.5902766766310192, 0.00531128931447631
-0.3604335327220807, -0.3623226064162024, -0.5902814924688707, 0.004898919053730221
-0.36035024806535154, -0.36241238049811764, -0.5902863443967323, 0.004444934429816592
-0.3602756355551624, -0.3624933106811006, -0.5902910679110303, 0.0039531911732733115
-0.3602102487321369, -0.36256462922341337, -0.590295502860699, 0.0034278659275168676
-0.3601545676778808, -0.3626256549265231, -0.5902994988772855, 0.002873420796562783
-0.3601089974896863, -0.36267580147970657, -0.5903029204735223, 0.002294565452172396
-0.36007386713934686, -0.3627145847458566, -0.5903056516374529, 0.0016962171215952658
-0.36004942864787304, -0.3627416288482731, -0.5903075997662885, 0.0010834587963342956
-0.3600358565164379, -0.3627566709396338, -0.5903086988065446, 0.00046149601868477724
-0.36003324736514697, -0.36275956455906655, -0.5903089114939346, -0.0001643873840421312
-0.3600416197447429, -0.3627502815105824, -0.5903082306170271, -0.000788874237899893
-0.3600609141014116, -0.3627289122253414, -0.59030667926179, -0.0014066592472858485
-0.3600909928908588, -0.36269566460050817, -0.590304310028729, -0.002012494117825206
-0.3601316408539439, -0.36265086133791335, -0.5903012032491787, -0.0026012321894240994
-0.3601825654817754, -0.36259493583557556, -0.590297464261263, -0.0031678721963464256
-0.36024339771248304, -0.36252842671345764, -0.5902932198379423, -0.003707600779319601
-0.3603136929143159, -0.3624519710808982, -0.5902886138883205, -0.00421583338626049
-0.36039293221957525, -0.36236629667620346, -0.5902838025780199, -0.004688253213060432
-0.3604805242808091, -0.36227221302835333, -0.5902789490341287, -0.005120847853763115
-0.3605758075241352, -0.3621706018061126, -0.5902742178142864, -0.005509943350165586
-0.3606780529743704, -0.3620624065307082, -0.5902697693274513, -0.005852235354098565
-0.36078646772263356, -0.361948621834409, -0.5902657543955048, -0.006144817141116174
-0.36090019909925863, -0.36183028244872717, -0.5902623091400486, -0.006385204241757337
-0.36101833960340524, -0.36170845210269, -0.5902595503677129, -0.006571355485646371
-0.36113993262588295, -0.36158421250380934, -0.5902575716103627, -0.006701690284203643
-0.36126397898391527, -0.3614586525625325, -0.5902564399543991, -0.006775102009376329
-0.3613894442663028, -0.36133285800538606, -0.5902561937665892, -0.006790967358329578
-0.3615152669653874, -0.36120790150348514, -0.5902568413934787, -0.006749151627231288
-0.36164036734903116, -0.3610848334221285, -0.590258360878457, -0.006650009850905868
-0.36176365700227253, -0.3609646732746389, -0.5902607007060554, -0.006494383799022334
-0.3618840489451899, -0.36084840194019074, -0.5902637815482661, -0.0062835948534250285
-0.3620004682115764, -0.3607369546818793, -0.5902674989537094, -0.006019432825018009
-0.3621118627530754, -0.36063121497852424, -0.590271726888535, -0.005704140802079706
-0.3622172145161293, -0.36053200916235006, -0.590276322009065, -0.005340396154806239
-0.36231555052516173, -0.36044010183548725, -0.5902811285213881, -0.0049312878530403444
-0.3624059537952957, -0.36035619202167646, -0.5902859834631976, -0.004480290285301753
-0.36248757389213404, -0.36028090999621143, -0.5902907222288363, -0.0039912337971424565
-0.3625596369548929, -0.36021481472727723, -0.5902951841502393, -0.0034682721952372106
-0.3626214550027641, -0.3601583918557514, -0.5902992179445546, -0.002915847490205778
-0.36267243435265006, -0.3601120521382307, -0.5903026868437091, -0.0023386521756610244
-0.36271208298936497, -0.3600761302795278, -0.5903054732319564, -0.0017415893630990196
-0.36274001674661427, -0.36005088408592156, -0.5903074826341063, -0.0011297311117146672
-0.36275596417824263, -0.3600364938787437, -0.5903086469191515, -0.000508275308778279
-0.3627597700237023, -0.3600330621189739, -0.5903089266106081, 0.00011749853038731707
-0.3627513971988898, -0.36004061320687364, -0.5903083122251883, 0.0007422741637318126
-0.36273092727258804, -0.36005909343566445, -0.5903068245943868, 0.0013607438394467371
-0.3626985594189729, -0.3600883710941929, -0.5903045141580677, 0.001967653439960116
-0.36265460786715153, -0.3601282367296914, -0.5903014592540234, 0.002557847165022798
-0.3625994978985779, -0.3601784035973895, -0.5902977634615344, 0.003126311370272703
-0.36253376047167385, -0.3602385083381846, -0.5902935520890505, 0.003668217185551122
-0.36245802557924, -0.3603081119381665, -0.5902889679251496, 0.004178961548579076
-0.3623730144675319, -0.36038670103387127, -0.5902841663968973, 0.004654206304212291
-0.3622795308656388, -0.36047368963427984, -0.5902793102998228, 0.005089915037168454
-0.3621784513894537, -0.360568421334301, -0.5902745642782345, 0.005482387326615573
-0.3620707152957403, -0.36067017209455876, -0.5902700892430321, 0.005828290134057215
-0.3619573137683477, -0.36077815365858423, -0.5902660369162828, 0.0061246860612654795
-0.3618392789203395, -0.36089151767096694, -0.590262544687487, 0.006369058242308156
-0.3617176726928978, -0.36100936054883137, -0.5902597309558942, 0.006559331662706143
-0.36159357582436136, -0.36113072914437117, -0.5902576911167118, 0.006693890729165332
-0.3614680770511973, -0.3612546272185979, -0.5902564943272348, 0.006771592944889552
-0.36134226268740166, -0.3613800227263497, -0.5902561811624704, 0.006791778577953301
-0.3612172067104832, -0.36150585589066453, -0.590256762239696, 0.006754276243363336
-0.36109396146137773, -0.36163104802148494, -0.5902582178585477, 0.006659404353054308
-0.3609735490431867, -0.3617545110101186, -0.5902604986688351, 0.00650796842194146
-0.3608569534802455, -0.3618751574076856, -0.5902635273434585, 0.006301254252099271
-0.36074511367552087, -0.3619919109737404, -0.5902672011997434, 0.0060410170509547206
-0.3606389171814939, -0.36210371756112436, -0.5902713956803769, 0.005729466572882083
-0.36053919477820395, -0.3622095561855928, -0.5902759685759869, 0.005369248406555574
-0.36044671583274945, -0.3623084501145505, -0.590280764846273, 0.004963421562640094
-0.3603621843977627, -0.36239947779881476, -0.590285621876281, 0.004515432547642814
-0.36028623599276943, -0.3624817834651941, -0.5902903749896556, 0.004029086139758393
-0.3602194350022224, -0.36255458718613265, -0.5902948630319705, 0.0035085131110512576
-0.36016227261757416, -0.36261719424582906, -0.5902989338348238, 0.002958135167049074
-0.36011516524821097, -0.36266900363021304, -0.5903024493754198, 0.0023826273994859803
-0.36007845332724453, -0.3627095154807384, -0.5903052904566509, 0.0017868785702433864
-0.3600524004429547, -0.3627383373688814, -0.5903073607489433, 0.001175949564211919
-0.36003719273474444, -0.36275518926911965, -0.5903085900567603, 0.0005550303655769662
-0.3600329385033536, -0.36275990713241413, -0.5903089366989493, -7.060407432302085e-05
-0.36003966799830656, -0.36275244498922443, -0.5903083889221757, -0.0006956386991016505
-0.36005733336042756, -0.36273287554006806, -0.5903069652994863, -0.001314763554102665
-0.36008580871316764, -0.36270138922180806, -0.5903047141004851, -0.0019227189493280334
-0.3601248904126345, -0.3626582917683431, -0.5903017116544826, -0.0025143401904044716
-0.3601742974819545, -0.362604000314367, -0.590298059762162, -0.0030846014935263866
-0.3602336722701429, -0.3625390381194469, -0.5902938822435652, -0.0036286587079375665
-0.36030258138841753, -0.3624640280161382, -0.5902893207395151, -0.00414189048059485
-0.36038051698717155, -0.36237968470938275, -0.590284529908881, -0.004619937512029351
-0.3604668984441979, -0.36228680607448027, -0.590279672184591, -0.005058739569874155
-0.36056107453875264, -0.3621862636169041, -0.5902749122662266, -0.005454569946820744
-0.3606623261864015, -0.3620789922687859, -0.5902704115359486, -0.005804067072631888
-0.36076986980615877, -0.3619659797037913, -0.5902663225870804, -0.006104263014993759
-0.360882861384174, -0.3618482553541975, -0.5902627840508274, -0.006352608631147458
-0.3610004012872813, -0.36172687931140113, -0.590259915896484, -0.006546995161112687
-0.36112153986536455, -0.36160293128393595, -0.5902578153644122, -0.00668577208362713
-0.3612452838640893, -0.36147749977578725, -0.5902565536696156, -0.006767761087410354
-0.36137060364963736, -0.36135167163277304, -0.5902561735876078, -0.0067922660427726655
-0.3614964412252306, -0.36122652208659856, -0.5902566880043725, -0.006759078891696878
-0.36162171899618223, -0.36110310540557067, -0.5902580794795488, -0.006668481408109159
-0.36174534921664314, -0.3609824462385771, -0.5902603008376331, -0.006521242813920102
-0.36186624402799783, -0.3608655317156104, -0.5902632767671762, -0.006318613270364902
-0.36198332597667715, -0.36075330434457975, -0.5902669063737858, -0.006062313298007143
-0.36209553887887835, -0.3606466557212308, -0.5902710666004342, -0.005754519212300114
-0.3622018588819398, -0.36054642104741363, -0.5902756163991703, -0.00539784469461629
-0.36230130555764184, -0.3604533744333407, -0.5902804015128656, -0.004995318650942534
-0.3623929528519825, -0.3603682249425124, -0.5902852597049236, -0.004550359541764092
-0.3624759397095376, -0.3602916133241324, -0.5902900262596941, -0.004066746396770875
-0.3625494801885851, -0.360224109367413, -0.5902945395671187, -0.003548586756652651
-0.3626128728860196, -0.3601662098055056, -0.590298646602264, -0.0030002818111235707
-0.36266550949866627, -0.36011833669392, -0.5903022081139316, -0.0024264890271453116
-0.3627068823598645, -0.36008083618922404, -0.5903051033463851, -0.0018320825838139855
-0.36273659080679643, -0.36005397765833613, -0.5903072341340376, -0.001222111950258078
-0.36275434625464764, -0.36003795305656006, -0.5903085282302107, -0.0006017589598990325
-0.3627599758777009, -0.36003287652321636, -0.5903089417570326, 2.3706251685051055e-05
-0.3627534248242956, -0.3600387841567707, -0.5903084606933622, 0.0006489700674821
-0.3627347569214411, -0.3600556339461598, -0.5903071013502574, 0.0012687205834523887
-0.3627041538549812, -0.3600833058508275, -0.5903049098178554, 0.0018776927882117181
-0.36266191284172145, -0.3601216020381751, -0.5903019604024284, 0.0024707133397225025
-0.36260844283995575, -0.3601702473028935, -0.5902983531066465, 0.0030427445545027393
-0.36254425937359536, -0.36022888970734046, -0.5902942102385329, 0.003588927232222455
-0.36246997807169457, -0.36029710149499006, -0.5902896722641432, 0.0041046219493849935
-0.3623863070490023, -0.3603743803395254, -0.5902848930446587, 0.004585448469922508
-0.36229403827344453, -0.3604601509997094, -0.5902800346194322, 0.005027322937766257
-0.36219403808276596, -0.3605537674544492, -0.5902752617119137, 0.005426492536541635
-0.362087237024455, -0.3606545155931046, -0.590270736144752, 0.005779567324220271
-0.3619746192003148, -0.36076161653294003, -0.5902666113534338, 0.006083548975555424
-0.36185721129950654, -0.3608742306286402, -0.5902630271844361, 0.006335856192144141
-0.36173607150164133, -0.36099146222816003, -0.5902601051542259, 0.006534346568713307
-0.361612278424686, -0.3611123652150352, -0.5902579443297803, 0.006677334734439621
-0.36148692028145946, -0.36123594936011405, -0.5902566179702352, 0.006763606619519225
-0.36136108439371395, -0.36136118748589807, -0.5902561710434536, 0.006792429729553361
-0.36123584719488044, -0.36148702342498407, -0.5902566187016715, 0.006763559343379342
-0.3611122648320608, -0.36161238073107493, -0.5902579457678541, 0.00667724058353575
-0.3609913644556092, -0.3617361720775154, -0.5902601072501791, 0.0065342063424014794
-0.3608741362613327, -0.36185730925500204, -0.5902630298672062, 0.006335671080996819
-0.3607615263268048, -0.3619747136578433, -0.5902666145320605, 0.006083320551285358
-0.36065443026030874, -0.3620873271277042, -0.5902707397114626, 0.005779297526374702
-0.3605536876591784, -0.36219412300580345, -0.5902752655457751, 0.005426183656076552
-0.3604600773545822, -0.3622941172297871, -0.590280038590452, 0.00502697759763655
-0.36037431340259707, -0.362386379300506, -0.5902848970181904, 0.004585069602849141
-0.36029704176729893, -0.3624700429371137, -0.5902896761054531, 0.004104212772984579
-0.36022883763094204, -0.36254431623666217, -0.5902942138173677, 0.003588491221707387
-0.3601702032593148, -0.3626084911568288, -0.5902983563016488, 0.0030422854131815797
-0.36012156634723425, -0.3626619521476686, -0.5903019631052514, 0.0024702349675498492
-0.360083278769759, -0.3627041837701749, -0.590304911936839, 0.0018771992486541708
-0.3600556156689809, -0.36273477715573876, -0.590307102813533, 0.0012682160689528592
-0.36003877481385693, -0.36275343518093206, -0.5903084614512916, 0.0006484588638173149
-0.3600328761810345, -0.3627599762558016, -0.5903089417838908, 2.3192701521600658e-05
-0.3600379617175413, -0.36275433665052514, -0.5903085275250586, -0.0006022704939375414
-0.3600539952608698, -0.3627365713139967, -0.5903072327207521, -0.0012226171226952882
-0.3600808626077787, -0.3627068531679668, -0.5903051012728524, -0.0018325771032777429
-0.36011837173929384, -0.362665470890857, -0.5903022054504211, -0.002426968692859709
-0.3601662532252424, -0.36261282523549143, -0.5902986434390461, -0.003000742548622953
-0.36022416084641395, -0.3625494239538306, -0.5902945360114046, -0.003549024652411662
-0.3602916724855134, -0.36247587542863036, -0.5902900224319994, -0.004067157731454749
-0.3603682913487587, -0.36239288113595647, -0.5902852557349826, -0.0045507408218159705
-0.3604534475878205, -0.36230122708309476, -0.5902803975352329, -0.004995666638239816
-0.36054650039631164, -0.3622017743829964, -0.590275612548658, -0.005398156433945479
-0.36064674065596347, -0.36209544913866454, -0.5902710630075417, -0.005754792056418915
-0.36075339420474817, -0.3619832318184496, -0.5902669031602764, -0.006062544930083947
-0.36086562579254045, -0.36186614630608105, -0.590263274041948, -0.006318801723608569
-0.3609825437794877, -0.36174524880732584, -0.5902602986930281, -0.006521386488236864
-0.3611032056183986, -0.3616216167887024, -0.5902580779882216, -0.006668579083649044
-0.3612266241454898, -0.3614963381129934, -0.5902566872168288, -0.006759129739177879
-0.36135177468423696, -0.361370500521768, -0.5902561735304908, -0.006792269630497719
-0.3614776029454918, -0.3612451815974336, -0.5902565543448043, -0.00676771738491969
-0.3616030336840994, -0.36112143931700913, -0.5902578167489568, -0.006685681461955963
-0.36172698004871995, -0.3610003032876663, -0.590259917943384, -0.006546858389652165
-0.3618483535382302, -0.36088276673084074, -0.590262786690625, -0.006352426871134613
-0.3619660744557015, -0.3607697792581578, -0.5902663257302151, -0.006104037809683808
-0.36207908273032663, -0.360662240459367, -0.5902704150757931, -0.005803800334233693
-0.3621863489595174, -0.3605609943006366, -0.5902749160827014, -0.005454263940303071
-0.3622868855083766, -0.360466824311636, -0.590279676148235, -0.005058396893776635
-0.3623797574924499, -0.3603804495224461, -0.590284533885241, -0.0046195610764374
-0.3624640934625304, -0.3603025210969637, -0.5902893245937042, -0.004141483482462053
-0.36253909560770403, -0.36023361959854616, -0.5902938858448354, -0.0036282246039621947
-0.3626040492949174, -0.3601742528163778, -0.5902980629883378, -0.003084143970809985
-0.362658331770251, -0.36012485407761274, -0.590301714396104, -0.0025138631351403337
-0.3627014198586337, -0.36008578097070554, -0.5903047162645171, -0.0019222264137851379
-0.3627328965147364, -0.3600573144093576, -0.5903069668124761, -0.0013142597221859492
-0.3627524560977968, -0.36003965797384474, -0.5903083897327417, -0.0006951278507828661
-0.36275990826669635, -0.3600329374768235, -0.5903089367795246, -7.009054924657804e-05
-0.362755180418049, -0.3600372007134386, -0.5903085894045258, 0.0005555422050008206
-0.3627383186186697, -0.36005241737012206, -0.5903073593859254, 0.0011764553699095575
-0.3627094870137638, -0.36007847908219615, -0.5903052884289733, 0.0017873740454570723
-0.36266896572268614, -0.36011519964656447, -0.5903024467517394, 0.0023831083353121657
-0.3626171472642792, -0.3601623154116539, -0.5902989307040032, 0.002958597478222191
-0.36255453158277995, -0.3602194858816543, -0.5902948595000641, 0.0035089528706663967
-0.36248171977230614, -0.36028629458531836, -0.5902903711763146, 0.00402949961263624
-0.3623994066221491, -0.3603622502704631, -0.5902856179106954, 0.004515816222052556
-0.3623083721260113, -0.3604467884933886, -0.5902807608627924, 0.004963772180111144
-0.36220947211523824, -0.36053927367722105, -0.5902759647095634, 0.005369562989526008
-0.36210362818867237, -0.3606390017143578, -0.5902713920619923, 0.00572974244995124
-0.3619918171197192, -0.3607452031856405, -0.5902671979519676, 0.00604125187952829
-0.3618750599243805, -0.36085704726246237, -0.5902635245762935, 0.00630144603823795
-0.36175441077246495, -0.36097364634789675, -0.5902604964759863, 0.006508115537248396
-0.36163094591804534, -0.3610940614993041, -0.5902582163142484, 0.0066595055484614
-0.36150575281482167, -0.3612173086581185, -0.5902567613961894, 0.006754330659702935
-0.36137991956783333, -0.3613423656931132, -0.5902561810482401, 0.006791785753228202
-0.3612545248554454, -0.36146818024197336, -0.5902564949460379, 0.006771552818181705
-0.3611306284354081, -0.3615936783131607, -0.5902576924474525, 0.006693803641151197
-0.36100926232673725, -0.36171777358653967, -0.5902597329533383, 0.0065591983527745566
-0.36089142273597397, -0.36183937732785676, -0.5902625472837953, 0.006368879842304193
-0.3607780627728342, -0.3619574088097063, -0.5902660400233115, 0.006124464085911689
-0.36067008597712946, -0.3620708061108101, -0.5902700927553206, 0.00582802646813095
-0.3605683406568887, -0.3621785371471039, -0.5902745680765794, 0.00548208420898805
-0.36047361501752095, -0.3622796107728261, -0.5902793142553205, 0.005089575041837395
-0.36038663304426, -0.36237308777822397, -0.5902841703753131, 0.004653832318485638
-0.3603080510855222, -0.36245809160303555, -0.5902889717914689, 0.0041785567485914665
-0.36023845507361496, -0.3625338185819652, -0.590293555712057, 0.003667785009317975
-0.36017835831168554, -0.3625995475401016, -0.5902977667182576, 0.0031258554885084705
-0.36012819975209653, -0.36265464856279905, -0.5903014620339095, 0.0025573714499696294
-0.3600883426914824, -0.36269859077572386, -0.5903045163667275, 0.0019671619324912893
-0.36005907381148194, -0.36273094898645497, -0.5903068261567964, 0.001360240714724702
-0.3600406025012749, -0.362751409058777, -0.5903083130882334, 0.00074176369571404
-0.3600330604081369, -0.3627597719141018, -0.5903089267448839, 0.00011698505548382852
-0.36003650117482355, -0.36275595608071853, -0.5903086463199615, -0.0005087874285839396
-0.3600509003370258, -0.3627399987400374, -0.5903074813216204, -0.0011302375259642531
-0.36007615536981374, -0.36271205524889916, -0.5903054712505272, -0.00174208576985931
-0.3601120858881367, -0.36267239714751076, -0.5903026842603682, -0.0023391343581066026
-0.36015843402238557, -0.3626214086927889, -0.5902992148467389, -0.002916311352470841
-0.3602148650049972, -0.3625595819860006, -0.5902951806428276, -0.0034687137972291633
-0.36028096801743736, -0.3624875107907475, -0.5902907184305911, -0.003991649388019863
-0.36035625735799937, -0.36240588316185296, -0.5902859795027395, -0.0044806763353313
-0.36044017399912354, -0.3623154730268269, -0.5902811245328347, -0.004931641083562419
-0.36053208760800926, -0.36221713087884677, -0.5902763181274839, -0.00534071356605571
-0.36063129910574476, -0.3621117737531042, -0.5902717232453646, -0.005704419698627771
-0.36073704383789673, -0.36200037466666446, -0.5902674956723019, -0.006019670838621795
-0.3608484954233866, -0.3618839517055301, -0.5902637787397059, -0.006283789963094222
-0.3609647703386134, -0.36176355694139695, -0.5902606984653946, -0.006494534348136229
-0.361084933280423, -0.36164026535477467, -0.5902583592814916, -0.006650114561239051
-0.36120800333497405, -0.3615151639310622, -0.5902568404941806, -0.006749209609772286
-0.36133296096033163, -0.36138934108219534, -0.5902561935952748, -0.006790978120803515
-0.361458755769285, -0.361263876529211, -0.5902564405167036, -0.006775065460409835
-0.36158431507611344, -0.3611398317611063, -0.5902575728870475, -0.006701606734097893
-0.361708553147537, -0.36101824116343995, -0.5902595523153196, -0.00657122564375191
-0.36183038107467536, -0.36090010388699534, -0.5902623116923702, -0.006385029210472201
-0.36194871716027766, -0.36078637650327794, -0.590265757465831, -0.006144598406556518
-0.36206249769453647, -0.3606779664704176, -0.5902697728115083, -0.005851974773518462
-0.36217068797424923, -0.36057572641100477, -0.5902742215937701, -0.0055096431362296056
-0.3622722934045507, -0.3604804491831205, -0.5902789529807175, -0.005120510555801619
-0.36236637051055964, -0.36039286370802004, -0.5902838065577242, -0.0046878816954631095
-0.36245203767850465, -0.36031363150308526, -0.590288617766024, -0.004215430804188058
-0.36252848544259897, -0.3602433438571968, -0.5902932234819845, -0.003707170551936826
-0.36259498613533714, -0.36018251957784553, -0.5902974675479031, -0.003167417977801423
-0.36265090272504896, -0.3601316032353188, -0.590301206066791, -0.0026007578378187033
-0.3626956966754433, -0.3600909638290779, -0.5903043122815876, -0.0020120036624395408
-0.36272893467719836, -0.36006089380492734, -0.5903066808733145, -0.001406156854335775
-0.3627502941211238, -0.360041608358449, -0.5903082315323801, -0.000788364175119612
-0.36275956720548097, -0.3600332449700768, -0.5903089116818808, -0.00016387398439521086
-0.36275666359611225, -0.360035863129608, -0.5903086982605098, 0.000462008393854833
-0.3627416115863389, -0.3600494442222496, -0.5903075985045824, 0.0010839657943973692
-0.3627145577334463, -0.3600738915639329, -0.5903056497026485, 0.0016967144356530405
-0.3626757649790202, -0.3601090305897454, -0.5903029179310127, 0.002295048857683776
-0.3626256092906839, -0.36015460921530906, -0.5902994958130666, 0.0028738861872619065
-0.362564574892003, -0.36021029840602625, -0.5902954993784518, 0.0034283093503159703
-0.362493248174661, -0.36027569300259477, -0.5902910641286064, 0.0039536088618520315
-0.3624123104117266, -0.36035031286248465, -0.590286340442159, 0.004445322836611428
-0.3623225294122405, -0.36043360438557304, -0.5902814884760086, 0.004899274880052505
-0.36222475027491363, -0.3605249424974497, -0.5902766727350242, 0.00531160953850403
-0.36211988541197604, -0.36062363316564316, -0.5902720564945035, 0.005678825009272458
-0.3620089040228651, -0.36072891652200445, -0.5902677962645052, 0.005997802835817014
-0.36189282120134647, -0.3608399706586717, -0.5902640364837175, 0.006265834339547717
-0.3617726868588025, -0.36095591615543376, -0.5902609046227324, 0.006480643568064958
-0.3616495746409589, -0.3610758213832157, -0.5902585068626864, 0.006640406569463256
-0.3615245710055224, -0.3611987086120654, -0.5902569244957144, 0.006743766833397237
-0.3613987646145329, -0.3613235609330052, -0.5902562111691987, 0.006789846771700458
-0.36127323617814533, -0.36144932998188817, -0.5902563910671769, 0.0067782551442208345
-0.36114904886681787, -0.3615749444307301, -0.5902574580905373, 0.006709090368968836
-0.36102723938702797, -0.36169931918852116, -0.5902593760637701, 0.00658293968945915
-0.36090880979260287, -0.3618213652300669, -0.5902620799612712, 0.006400874206066099
-0.3607947200801903, -0.36193999994877246, -0.5902654781116516, 0.006164439812113059
-0.36068588159415715, -0.36205415790817386, -0.5902694553053636, 0.005875644109083846
-0.3605831512440292, -0.36216280184827054, -0.5902738767003425, 0.005536939408577376
-0.36048732651718396, -0.3622649337869346, -0.5902785923933161, 0.005151201961213471
-0.36039914125148387, -0.3623596060444809, -0.5902834425018498, 0.004721707584411729
-0.3603192621174697, -0.3624459320114026, -0.5902882625848781, 0.004252103891560812
-0.36024828574799483, -0.3625230964756293, -0.5902928892179731, 0.0037463793543143827
-0.36018673644508103, -0.36259036532669664, -0.5902971655343258, 0.00320882945731524
-0.36013506438949483, -0.36264709446006027, -0.5903009465435618, 0.002644020230278071
-0.36009364427804413, -0.362692737715285, -0.590304104048018, 0.0020567494657639063
-0.3600627743168172, -0.3627268536968926, -0.5903065309897381, 0.0014520059518720978
-0.3600426755052093, -0.36274911134578924, -0.590308145080738, 0.0008349270671872221
-0.36003349115528305, -0.36275929415203123, -0.5903088915933915, 0.00021075510039952636
-0.360035286603241, -0.36275730292552755, -0.5903087452162697, -0.0004152073311487441
-0.36004804908400456, -0.36274315706947013, -0.5903077109124694, -0.0010376423813284502
-0.36007168775541576, -0.36271699433103, -0.5903058237513126, -0.0016512622059804557
-0.36010603387470685, -0.3626790690343056, -0.5903031477191196, -0.0022508539358161257
-0.3601508411459009, -0.36262974883082977, -0.5902997735494132, -0.002831324005132433
-0.36020578627196986, -0.3625695100322712, -0.5902958156461623, -0.0033877414560423745
-0.36027046975921295, -0.36249893161746516, -0.5902914082044457, -0.003915379847466701
-0.36034441703279785, -0.3624186880308472, -0.5902867006601329, -0.004409757411050048
-0.3604270799311253, -0.36232954091105385, -0.5902818526229204, -0.004866675112261596
-0.3605178386522545, -0.3622323299062976, -0.5902770284645701, -0.0052822522939896055
-0.36061600422763285, -0.36212796274672754, -0.5902723917458682, -0.005652959601682905
-0.3607208215966574, -0.36201740475297783, -0.5902680996712636, -0.005975648913254407
-0.36083147335005206, -0.36190166796437395, -0.5902642977591839, -0.0062475800232548815
-0.36094708420072685, -0.36178180006975, -0.5902611149086922, -0.006466443858962374
-0.36106672622793423, -0.36165887331871927, -0.5902586590296925, -0.006630382035730575
-0.36118942492443806, -0.3615339735817453, -0.5902570133847743, -0.006738002589928627
-0.36131416605755007, -0.36140818971395605, -0.5902562337666593, -0.0067883917598298964
-0.3614399033338356, -0.36128260336081275, -0.5902563466068843, -0.006781121717629552
-0.36156556683468566, -0.3611582793241497, -0.5902573480798071, -0.006716254189168704
-0.3616900721665295, -0.3610362565854166, -0.5902592042322926, -0.006594339931708146
-0.3618123302459797, -0.3609175400599476, -0.5902618521346789, -0.006416414074028923
-0.3619312576174605, -0.36080309313254477, -0.5902652020140342, -0.00618398735704732
-0.36204578717965163, -0.36069383100138985, -0.5902691402974217, -0.005899033346823148
-0.36215487917809597, -0.36059061483499144, -0.5902735334620544, -0.005563971725113571
-0.3622575323053121, -0.3604942467263381, -0.5902782325618675, -0.0051816477952673695
-0.36235279473728566, -0.3604054654102009, -0.5902830782771039, -0.004755308373042127
-0.3624397749267779, -0.360324942694214, -0.5902879063157539, -0.004288574262614904
-0.3625176519699378, -0.3602532805423776, -0.5902925529837567, -0.003785409547388121
-0.36258568536336044, -0.36019100874123955, -0.590296860735111, -0.003250087952891597
-0.36264322397421433, -0.36013858307443647, -0.5903006835137058, -0.0026871565648652366
-0.36268971405623607, -0.3600963839305069, -0.5903038917057235, -0.002101397209186412
-0.3627247061590855, -0.36006471527183237, -0.5903063765346458, -0.0014977858213963114
-0.3627478607974324, -0.36004380389894797, -0.5903080537497899, -0.0008814501519084337
-0.3627589527686911, -0.36003379895393905, -0.5903088664832444, -0.0002576261682983145
-0.3627578740339925, -0.3600347716187189, -0.5903087871782858, 0.00036838647184255527
-0.36274463510499666, -0.3600467149780555, -0.5903078185238455, 0.0009912694953340575
-0.36271936490883505, -0.36006954403268265, -0.590305993363329, 0.0016057312478350262
-0.3626823091338631, -0.3601030958639104, -0.5903033735808694, 0.0022065516994884222
-0.3626338270893067, -0.3601471299672385, -0.5903000480028175, 0.0027886268351480746
-0.3625743871412739, -0.3602013287876906, -0.5902961293856516, 0.0033470120483127586
-0.3625045608152965, -0.3602652985033937, -0.5902917505924994, 0.0038769641671801062
-0.3624250156807175, -0.3603385701155577, -0.5902870600879749, 0.004373981753903143
-0.3623365071541792, -0.3604206009119879, -0.5902822169041354, 0.004833843333998938
-0.36223986937763564, -0.36051077637705153, -0.5902773852482928, 0.005252643231695368
-0.36213600534023216, -0.36060841262332755, -0.5902727289355347, 0.005626824708553547
-0.3620258764227441, -0.3607127594187258, -0.5902684058347268, 0.005953210126694046
-0.36191049154789334, -0.360823003877607, -0.5902645625162894, 0.006229027884098775
-0.36179089611969883, -0.36093827487539665, -0.5902613292831809, 0.0064519358974691795
-0.3616681609302361, -0.36105764823358566, -0.5902588157534993, 0.006620041437712018
-0.3615433712030117, -0.36118015270613624, -0.5902571071444153, 0.006731917154025591
-0.36141761592901445, -0.3613047767796502, -0.5902562613833523, 0.006786613154515223
-0.36129197763493526, -0.36143047627873925, -0.590256307144307, 0.006783665044037101
-0.3611675227036094, -0.36155618274552337, -0.5902572428758373, 0.006723097853332005
-0.3610452923451922, -0.3616808125387978, -0.5902590368536555, 0.006605425827255036
-0.36092629429464673, -0.3618032765749002, -0.5902616282560387, 0.006431648073835758
-0.36081149528760004, -0.36192249060949866, -0.590264929225628, 0.00620324010982197
-0.3607018143432871, -0.36203738593813883, -0.5902688278477516, 0.0059221413720748845
-0.36059811686091725, -0.36214692037423757, -0.590273191944357, 0.005590738797495302
-0.36050120951509645, -0.36225008934694247, -0.5902778735549875, 0.005211846606857958
-0.3604118359175159, -0.36234593694852313, -0.5902827139529395, 0.004788682459790814
-0.36033067299657884, -0.3624335667522328, -0.590287549026587, 0.004324840178915454
-0.36025832803438074, -0.3625121522172441, -0.590292214843451, 0.003824259270606907
-0.36019533629179257, -0.3625809464975944, -0.5902965532083796, 0.0032911914976621395
-0.360142159147546, -0.3626392914771924, -0.5903004170273786, 0.0027301647851037244
-0.3600991826761585, -0.3626866258627566, -0.5903036752951926, 0.0021459447640995075
-0.36006671659220757, -0.3627224921809332, -0.5903062175374875, 0.0015434942802657263
-0.3600449934946025, -0.36274654254440797, -0.5903079575569484, 0.0009279312111653085
-0.3600341683537728, -0.362758543074138, -0.5903088363562243, 0.00030448495336308704
-0.36003431819658105, -0.362758376890265, -0.5903088241385525, -0.00032154804826779076
-0.3600454419577169, -0.36274604561216084, -0.5903079213181864, -0.0009448493473618676
-0.3600674604817179, -0.3627216693376214, -0.5903061585063505, -0.001560123731977505
-0.3601002166758297, -0.36268548510162124, -0.5903035954731899, -0.002162144260816681
-0.3601434758300086, -0.3626378438454406, -0.5903003191209419, -0.0027457967128256895
-0.36019692613569654, -0.3625792059564954, -0.59029644053709, -0.0033061230687474663
-0.36026017944892874, -0.36251013546704713, -0.5902920912274751, -0.0038383636522231986
-0.3603327723551336, -0.3624312930253052, -0.5902874186571436, -0.004337997570464045
-0.36041416760219736, -0.362343427774681, -0.5902825812501875, -0.004800781110148183
-0.3605037559743979, -0.36224736829538906, -0.5902777430181575, -0.0052227837628213486
-0.36060085868238834, -0.3621440127768456, -0.590273067999206, -0.005600421575436296
-0.36070473034326456, -0.36203431859903534, -0.5902687146965133, -0.005930487545484688
-0.36081456261976075, -0.3619192915059628, -0.590264830704548, -0.006210178806167137
-0.3609294885788834, -0.36179997455453994, -0.5902615477053195, -0.006437120374926351
-0.3610485878179286, -0.3616774370177869, -0.5902589770042219, -0.006609385268149989
-0.36117089239019573, -0.3615527634123774, -0.5902572057567574, -0.006725510815662264
-0.36129539354424545, -0.36142704280772653, -0.5902562940140101, -0.006784511040508876
-0.36142104926975516, -0.3613013585574236, -0.5902562726869691, -0.006785885002257239
-0.3615467926206404, -0.3611767785746336, -0.5902571424986878, -0.0067296210353591105
-0.3616715407627369, -0.36105434625163024, -0.5902588739597736, -0.006616196847846048
-0.36179420466982914, -0.3609350721007972, -0.5902614083680399, -0.006446575479549167
-0.36191369936890394, -0.36081992617091196, -0.5902646597984498, -0.006222197152960924
-0.3620289546140144, -0.36070983126916045, -0.5902685180159342, -0.005944967083593322
-0.36213892584876983, -0.3606056569968401, -0.5902728522123757, -0.005617239350036077
-0.3622426053009835, -0.36050821458586557, -0.5902775154411358, -0.0052417969566694
-0.3623390330399682, -0.36041825250457515, -0.590282349598832, -0.004821828253916523
-0.36242730781790633, -0.3603364527855567, -0.590287190785513, -0.004360899911790299
-0.36250659751208614, -0.36026342801571476, -0.5902918748615404, -0.003862926672039475
-0.362576148984738, -0.3601997189198429, -0.5902962430127803, -0.0033321381321618853
-0.36263529718196796, -0.36014579246382605, -0.5903001471354031, -0.0027730428406405965
-0.36268347330278217, -0.36010204040227267, -0.5903034548577012, -0.002190390006686998
-0.3627202118832019, -0.3600687781977422, -0.5903060540285908, -0.001589129149255742
-0.36274515665877116, -0.3600462442446639, -0.5903078565205649, -0.0009743680288554554
-0.36275806509079056, -0.3600345993400602, -0.590308801218084, -0.00035132922146116906
-0.36275881146684064, -0.3600339263549164, -0.590308856090029, 0.0002746942935850285
-0.3627473885138861, -0.3600442300738531, -0.5903080192758963, 0.0008983841506062827
-0.36272390749173256, -0.3600654371860652, -0.590306319148892, 0.001514441832813586
-0.3626885967649448, -0.36009739642651206, -0.5903038133537731, 0.0021176337369286273
-0.36264179888180215, -0.36013987888249344, -0.590300586852091, 0.0027028356800176097
-0.3625839662184439, -0.3601925784961246, -0.5902967490411496, 0.0032650764665716524
-0.36251565527437524, -0.36025511280728884, -0.590292430044423, 0.003799580142635886
-0.36243751973105753, -0.36032702399363503, -0.5902877762992692, 0.0043018065759637385
-0.36235030240779187, -0.360407780273605, -0.5902829455916054, 0.004767490016574417
-0.36225482626785344, -0.36049677774475564, -0.5902781017059461, 0.005192675310499075
-0.36215198464241627, -0.3605933427324972, -0.59027340887223, 0.005573751460663015
-0.3620427308498686, -0.3606967347234903, -0.5902690261977307, 0.005907482252494682
-0.36192806739343875, -0.36080614995326576, -0.5902651022728228, 0.0061910336876919575
-0.36180903492061933, -0.36092072570914335, -0.5902617701334604, 0.006421997997323755
-0.3616867011237621, -0.36103954539744876, -0.5902591427511115, 0.0065984140348162405
-0.3615621497526915, -0.361161644408621, -0.5902573092029963, 0.006718783880095216
-0.3614364698975995, -0.36128601679550854, -0.5902563316524082, 0.006782085517969473
-0.3613107456843909, -0.3614116227595576, -0.5902562432414363, 0.006787781486503231
-0.3611860465055984, -0.3615373969172564, -0.5902570469674924, 0.006735823424412864
-0.3610634178887112, -0.36166225729590606, -0.5902587155817014, 0.006626652480223564
-0.36094387308098685, -0.36178511498424903, -0.5902611925126027, 0.006461195579834501
-0.36082838540633866, -0.36190488434051993, -0.5902643937838654, 0.006240857583073719
-0.36071788142645955, -0.36202049363883093, -0.5902682108610383, 0.005967509393581654
-0.36061323491579256, -0.3621308960152847, -0.5902725143308802, 0.005643472119747298
-0.3605152616389413, -0.3622350805584579, -0.5902771582885894, 0.005271497417224635
-0.36042471490032135, -0.3623320833755873, -0.5902819852842478, 0.0048547441755568375
-0.36034228181985906, -0.3624209984564355, -0.5902868316608328, 0.00439675174239335
-0.36026858027575104, -0.36250098815178655, -0.5902915331028463, 0.003901409908443869
-0.3602041564461088, -0.3625712930831677, -0.5902959302074536, 0.0033729259044039802
-0.3601494828758628, -0.36263124130477253, -0.5902998738892365, 0.002815788687325749
-0.3601049569936796, -0.36268025654768576, -0.590303230435276, 0.002234730818006873
-0.3600709000057769, -0.3627178653902352, -0.5903058860391279, 0.001634688252645455
-0.3600475560991575, -0.3627437032162498, -0.5903077506598994, 0.001020758390979546
-0.3600350918956077, -0.3627575188447909, -0.5903087610755188, 0.00039815673914407785
-0.3600335961093444, -0.3627591777399386, -0.5903088830266184, -0.0002278274416953772
-0.3600430793748709, -0.36274866373677606, -0.5903081123782933, -0.0008518761204206481
-0.3600634742268204, -0.3627260792490943, -0.5903064752603189, -0.0014686877283079656
-0.3600946352295732, -0.3626916439546415, -0.590304027181071, -0.002073022249880583
-0.3601363392705703, -0.3626456919842268, -0.5903008511452118, -0.002659745784832043
-0.3601882860467398, -0.36258866767066766, -0.5902970548390029, -0.0032238741985401165
-0.36025009878761394, -0.3625211199417222, -0.5902927669787362, -0.003760615487197085
-0.3603213252708981, -0.3624436954669188, -0.5902881329461567, -0.004265410495506908
-0.3604014391958644, -0.36235713069093134, -0.5902833098589181, -0.004733971640066796
-0.3604898419864866, -0.36226224290518594, -0.590278461243267, -0.0051623193097414385
-0.360585865099349, -0.3621599205243111, -0.5902737514896136, -0.005546815635303058
-0.36068877291077006, -0.36205111274443147, -0.5902693402789866, -0.005884195344077826
-0.36079776625318527, -0.36193681876599815, -0.5902653771693361, -0.006171593441024288
-0.36091198666262914, -0.3618180767647551, -0.590261996525196, -0.006406569485284152
-0.3610305213873455, -0.3616959527906949, -0.59025931296257, -0.006587128260505309
-0.3611524091923648, -0.36157152976661977, -0.5902574174634124, -0.00671173666786662
-0.3612766469768234, -0.3614458967456522, -0.5902563742913752, -0.006779336702474705
-0.3614021972003192, -0.3613201385711773, -0.5902562188133296, -0.006789354406410499
-0.3615279960923983, -0.3611953260638465, -0.5902569563004729, -0.006741704724950986
-0.36165296259599355, -0.36107250683914327, -0.5902585617496433, -0.006636792226168182
-0.3617760079721122, -0.36095269683632136, -0.5902609807308918, -0.006475507678011375
-0.361896045970007, -0.3608368726160702, -0.5902641312326032, -0.0062592205109161005
-0.36201200344531137, -0.36072596446080707, -0.5902679064416375, -0.005989767227761339
-0.3621228312888969, -0.36062085028884505, -0.5902721783643033, -0.005669435856416013
-0.3622275155122465, -0.3605223503725382, -0.5902768021654544, -0.005300946572971053
-0.3623250883215373, -0.36043122283152296, -0.5902816210786596, -0.004887428655821063
-0.36241463900296067, -0.36034815985594915, -0.5902864717210301, -0.004432393961803978
-0.36249532443645505, -0.36027378460155157, -0.5902911896325389, -0.0039397071453726685
-0.3625663790543092, -0.36020864868895697, -0.5902956148520503, -0.003413552869990031
-0.36262712406510866, -0.3601532302338546, -0.5902995973409847, -0.002858400287326574
-0.36267697577229563, -0.3601079323327987, -0.5903030020707123, -0.0022789650841096294
-0.3627154528299752, -0.3600730819312248, -0.5903057136011323, -0.001680169418338607
-0.3627421822962663, -0.3600489290056671, -0.5903076399951371, -0.0010671000857639839
-0.3627569043660226, -0.3600356460007733, -0.5903087159361803, -0.0004449652737711718
-0.36275947568951983, -0.36003332747303496, -0.5903089049431803, 0.0001809497271169212
-0.36274987121112734, -0.3600419899067254, -0.5903082006076187, 0.0008053274741947623
-0.3627281844912341, -0.3600615716826374, -0.5903066268108564, 0.0014228635998635615
-0.36269462650498185, -0.36009193319620236, -0.590304236914303, 0.002028311926539272
-0.36264952294182995, -0.3601328571377108, -0.5903011119499003, 0.0026165290815184754
-0.3625933100597777, -0.36018404896293366, -0.5902973578723313, 0.0031825182288270125
-0.3625265291763383, -0.36024513759671684, -0.5902931019661599, 0.0037214715433195014
-0.36244981990435987, -0.3603156764244906, -0.5902884885297931, 0.004228811063972568
-0.36236391226373565, -0.3603951446364335, -0.5902836739826596, 0.0047002275782458336
-0.36226961781943, -0.36048294899584554, -0.5902788215615569, 0.005131717207357239
-0.36216782001144254, -0.3605784261066436, -0.5902740957860196, 0.005519615383085778
-0.36205946385310916, -0.36068084525460975, -0.5902696568803865, 0.005860627930004182
-0.36194554518016453, -0.3607894118928803, -0.5902656553416662, 0.006151858992573549
-0.3618270996342675, -0.3609032718342772, -0.5902622268373539, 0.006390835574011594
-0.3617051915612781, -0.36102151620150724, -0.590259487606137, 0.0065755284829923
-0.36158090299666334, -0.361143187171307, -0.5902575305173584, 0.006704369514771503
-0.36145532289842963, -0.3612672845307603, -0.5902564219227768, 0.0067762647249982825
-0.36132953677236035, -0.36139277304368067, -0.5902561994073021, 0.006790603687023338
-0.3612046168156914, -0.3615185906028624, -0.5902568705149138, 0.006747264656722395
-0.3610816126843658, -0.3616436571207804, -0.5902584124929284, 0.006646615602504594
-0.36096154296642036, -0.361766884087797, -0.590260773063287, 0.006489511092068961
-0.36084538742062255, -0.36188718470379755, -0.5902638721947244, 0.006277285061414498
-0.3607340800159864, -0.36200348446729813, -0.5902676048157771, 0.006011739525405316
-0.3606285027850873, -0.3621147320861876, -0.5902718443767072, 0.005695129322646367
-0.36052948048277667, -0.36221991055704483, -0.5902764471396381, 0.005330143020329765
-0.3604377760227577, -0.36231804824611813, -0.5902812570515167, 0.00491988013684685
-0.3603540866480207, -0.3624082297950766, -0.5902861110347405, 0.004467824871090464
-0.3602790407778519, -0.36248960666894847, -0.5902908445161161, 0.0039778165572425155
-0.3602131954643777, -0.3625614071625911, -0.5902952970067068, 0.0034540170921850107
-0.36015703438559155, -0.3626229456857104, -0.5902993175433852, 0.0029008756092073896
-0.3601109662996178, -0.3626736311548622, -0.5903027698075605, 0.0023230906961213323
-0.36007532388654984, -0.36271297433393057, -0.5903055367474896, 0.0017255704779496033
-0.3600503629093208, -0.36274059398191316, -0.5903075245473849, 0.0011133909037489389
-0.3600362616334568, -0.36275622168809807, -0.5903086658086817, 0.00049175259359869
-0.36003312045670066, -0.36275970529928414, -0.590308921835541, -0.00013406338489552351
-0.36004096171292166, -0.36275101087093486, -0.5903082839470531, -0.0007587404312663792
-0.3600597296297302, -0.36273022310329095, -0.5903067737716119, -0.0013769716322348461
-0.360089290435166, -0.3626975442537165, -0.5903044425134808, -0.001983504898497787
-0.3601294326249883, -0.36265329154703196, -0.5903013692164297, -0.002573187630387072
-0.3601798674177301, -0.3625978931354712, -0.5902976580833559, -0.003141010528949636
-0.3602402294390845, -0.36253188268830994, -0.5902934349428214, -0.0036821501769786313
-0.360310077689709, -0.36245589271740264, -0.5902888429823777, -0.004192010025948983
-0.36038889686057307, -0.36237064676808817, -0.5902840378934016, -0.004666259439504853
-0.36047609906698197, -0.3622769506245529, -0.5902791825921121, -0.005100870461899861
-0.3605710260760897, -0.36217568269430866, -0.5902744416958006, -0.005492152000356827
-0.3606729521026566, -0.362067783747523, -0.5902699759415632, -0.005836781133424676
-0.3607810872440089, -0.3619542461933467, -0.5902659367367724, -0.0061318312827811595
-0.36089458161750276, -0.3618361030770141, -0.5902624610260193, -0.006374797013274122
-0.3610125302525117, -0.3617144169784047, -0.5902596666485126, -0.006563615255024981
-0.36113397877424924, -0.36159026898519886, -0.5902576483432772, -0.0066966827718595535
-0.3612579298990697, -0.3614647479020432, -0.5902564745375292, -0.0067728697319215485
-0.3613833507407451, -0.3613389398417952, -0.5902561850270527, -0.006791529268816333
-0.36150918090520934, -0.3612139183264558, -0.5902567896271687, -0.006752502954798633
-0.3616343413281301, -0.3610907350045821, -0.5902582678400123, -0.006656122141142775
-0.3617577437861007, -0.3609704110694524, -0.5902605695493804, -0.006503205154716765
-0.3618783009890847, -0.36085392943886685, -0.5902636167196162, -0.006295050373726037
-0.36199493713974484, -0.36074222773397047, -0.5902673060409653, -0.006033425239407042
-0.36210659882519947, -0.3606361920716574, -0.5902715124317703, -0.005720551293937278
-0.3622122660893493, -0.36053665166370474, -0.5902760932788309, -0.0053590853677813275
-0.36231096351976233, -0.3604443741964326, -0.5902808932722263, -0.0049520970718933965
-0.3624017711728261, -0.36036006194802095, -0.5902857496707364, -0.004503042781409979
-0.3624838351548594, -0.3602843485870759, -0.5902904978193808, -0.0040157363274402015
-0.3625563776754436, -0.3602177965860054, -0.5902949767320276, -0.0034943166420286936
-0.3626187063925397, -0.36016089517647043, -0.5902990345497873, -0.002943212628045515
-0.362670222877052, -0.36011405877170377, -0.590302533690106, -0.0023671055503634414
-0.36271043003717873, -0.36007762578177904, -0.5903053555119211, -0.0017708892669261185
-0.36273893835995485, -0.36005185775279613, -0.5903074043386549, -0.0011596286379129412
-0.36275547084835524, -0.36003693876909915, -0.5903086107025781, -0.0005385164679054521
-0.36275986655666415, -0.36003297506859244, -0.5903089337004759, 8.717065047895378e-05
-0.3627520826538886, -0.36003999483450644, -0.5903083623807023, 0.0007121172127960898
-0.3627321949740109, -0.36005794814186054, -0.5903069161145583, 0.001331014013404305
-0.3627003970420696, -0.36008670705279044, -0.5903046439393974, 0.0019386033019546725
-0.36265699759555237, -0.3601260658710572, -0.5903016228957417, 0.002529723497691262
-0.3626024166505353, -0.3601757415817687, -0.5902979554148304, 0.0030993530776552815
-0.3625371801905617, -0.3602353745168596, -0.5902937658452274, 0.0036426532626047388
-0.3624619135826308, -0.3603045292995617, -0.5902891962363237, 0.004155009135631514
-0.36237733384812576, -0.360382696131323, -0.5902844015217533, 0.0046320688429144765
-0.3622842409364493, -0.36046929249191484, -0.5902795442660939, 0.005069780543578944
-0.3621835081649948, -0.36056366532737094, -0.5902747891530011, 0.0054644267959977995
-0.3620760720005347, -0.3606650938006666, -0.5902702974016812, 0.005812656090799109
-0.36196292136384633, -0.3607727926764962, -0.5902662213010026, 0.006111511266057091
-0.36184508664139836, -0.3608859164041678, -0.5902626990465415, 0.0063584545673495505
-0.3617236285851744, -0.36100356395158983, -0.5902598500555608, 0.006551389144278975
-0.36159962727448136, -0.3611247844288783, -0.5902577709187056, 0.006688676805399917
-0.3614741713021742, -0.3612485835226459, -0.5902565321256042, 0.006769151885007968
-0.3613483473326159, -0.3613739307420385, -0.5902561756753262, 0.0067921311076786835
-0.3612232301604764, -0.3614997674557281, -0.5902567136526652, 0.006757419369567716
-0.36109987337876936, -0.36162501567595684, -0.5902581278184807, 0.006665311389081479
-0.360979300742138, -0.3617485875222016, -0.590260370227981, 0.006516589213397516
-0.36086249828803485, -0.3618693952737895, -0.5902633648559954, 0.006312515601260609
-0.36075040725492424, -0.3619863618986823, -0.5902670101741747, 0.006054823336311309
-0.3606439178137427, -0.3620984319254008, -0.5902711825927902, 0.005745700558721606
-0.36054386360730106, -0.3622045825074287, -0.5902757406505091, 0.005387772235912829
-0.36045101707278726, -0.3623038345150078, -0.5902805298101562, 0.004984077925395878
-0.36036608550564886, -0.3623952634786718, -0.5902853876979243, 0.004538046014069742
-0.3602897078093399, -0.36247801020249737, -0.5902901496084434, 0.004053464648389958
-0.36022245186511725, -0.3625512908632762, -0.5902946540890839, 0.003534449598408281
-0.36016481244949716, -0.3626144064147725, -0.5902987484141545, 0.002985409325508436
-0.360117209624208, -0.36266675112394176, -0.5903022937633735, 0.0024110075484338063
-0.36007998752450443, -0.36270782007835656, -0.5903051699289844, 0.0018161236246330636
-0.36005341347632625, -0.3627372155208246, -0.5903072793918676, 0.0012058110837588434
-0.3600376773806926, -0.3627546518878664, -0.5903085506283765, 0.0005852546670799356
-0.36003289131451277, -0.3627599594528421, -0.5903089405357209, -4.027375962962459e-05
-0.3600390893100802, -0.36275308650139404, -0.5903084358936076, -0.0006654600416808606
-0.36005622729035447, -0.36273409999577444, -0.5903070538125502, -0.0012849929344976249
-0.36008418315298174, -0.3627031847147738, -0.5903048411536401, -0.0018936092776315788
-0.3601227570121709, -0.3626606408864468, -0.5903018729394589, -0.0024861387555487413
-0.3601716716233132, -0.36260688036087874, -0.5902982498100534, -0.0030575478608464855
-0.3602305730298533, -0.3625424213988966, -0.5902940946102758, -0.0036029826830129763
-0.36029903148478026, -0.3624678821792279, -0.5902895482242674, -0.004117810156758454
-0.3603765427095207, -0.36238397315028514, -0.5902847647983752, -0.004597657418164818
-0.36046252956054603, -0.3622914883729892, -0.5902799065145351, -0.005038448934209751
-0.3605563441781642, -0.36219129601722355, -0.5902751380913661, -0.005436441091383177
-0.3606572706925165, -0.3620843281862969, -0.5902706211994438, -0.005788253951861215
-0.36076452855854024, -0.36197157025090454, -0.5902665089800958, -0.006090899910753682
-0.3608772765845867, -0.36185404987641534, -0.5902629408535345, -0.006341809015008205
-0.36099461770862773, -0.3617328259249367, -0.59026003779231, -0.006538850733349855
-0.3611156045617665, -0.3616089774066885, -0.5902578982202717, -0.006680351996882807
-0.36123924584151923, -0.36148359264411045, -0.5902565946760207, -0.006765111361414508
-0.3613645134975022, -0.3613577587972705, -0.5902561713539061, -0.006792409174935294
-0.36149035071041835, -0.36123255188113146, -0.5902566426058896, -0.006762013666765148
-0.3616156806222004, -0.36110902738469663, -0.5902579924550331, -0.006674182908448842
-0.3617394157516407, -0.3609882115797717, -0.5902601751370958, -0.006529662630337225
-0.36186046800653726, -0.3608710935837355, -0.5902631166518881, -0.0063296799117401655
-0.36197775918119235, -0.3607586182172191, -0.5902667172718223, -0.006075932796382478
-0.3620902318076611, -0.3606516796745909, -0.5902708549226626, -0.00577057591844292
-0.3621968602112954, -0.36055111600348166, -0.5902753893219149, -0.005416202257502676
-0.362296661606471, -0.36045770436989966, -0.5902801667346155, -0.005015821173057656
-0.3623887070574736, -0.3603721570683611, -0.5902850251853303, -0.004572832900626083
-0.3624721321228592, -0.36029511822245075, -0.5902897999497067, -0.00409099972165863
-0.362546146999454, -0.36022716111063136, -0.5902943291394038, -0.00357441404816905
-0.3626100459847732, -0.36016878604528024, -0.5902984591910535, -0.0030274636899690855
-0.36266321608399243, -0.36012041872985756, -0.5903020500731185, -0.002454794597325715
-0.362705144599643, -0.36008240901987754, -0.5903049800340734, -0.0018612713944745423
-0.36273542555860705, -0.3600550300176879, -0.5903071497308531, -0.001251936039437872
-0.3627537648514181, -0.3600384774387665, -0.5903084855975362, -0.0006319649627454516
-0.36275998398273235, -0.3600328691977993, -0.5903089423399766, -6.625051700813753e-06
-0.36275402235855814, -0.360038245175783, -0.5903085044717542, 0.0006187711424291831
-0.36273593806458626, -0.36005456714408424, -0.590307186839333, 0.0012389105896604634
-0.36270590712006057, -0.36008171883720486, -0.5903050341186051, 0.0018485249706524784
-0.3626642212221054, -0.36011950618216515, -0.5903021192999035, 0.002442435481824042
-0.3626112840255381, -0.3601676577082421, -0.5902985412128897, 0.0030155968714677354
-0.36254760603199954, -0.36022582517552937, -0.5902944211752775, 0.0035631403292952584
-0.36247379818898307, -0.3602935844738, -0.5902898988790909, 0.004080414862508698
-0.36239056432330374, -0.3603704368537719, -0.5902851276539958, 0.004563026805469714
-0.3622986925540218, -0.3604558105606325, -0.5902802692683602, 0.005006877127124457
-0.3621990458463592, -0.3605490629441058, -0.590275488444358, 0.005408196220299354
-0.36209255188025746, -0.36064948312017353, -0.590270947273107, 0.005763575879545978
-0.36198019241470736, -0.3607562952565817, -0.5902667997191949, 0.006069998199101557
-0.3618629923316574, -0.36086866254749317, -0.5902631864008885, 0.006324861149457895
-0.36174200854129956, -0.3609856919321336, -0.5902602298229596, 0.006526000619707409
-0.3616183189239267, -0.361106439598336, -0.5902580302236976, 0.006671708742983325
-0.36149301147275903, -0.36122991729482745, -0.590256662176847, 0.006760748353665056
-0.3613671737875337, -0.36135509945646127, -0.5902561720636111, 0.006792363457329986
-0.3612418830508529, -0.3614809311249624, -0.590256576500383, 0.006766285627466782
-0.3611181965989412, -0.36160633662480324, -0.5902578617754735, 0.006682736276504912
-0.3609971431762301, -0.3617302289302894, -0.5902599843139172, 0.006542424782557259
-0.3608797149399632, -0.361851519636626, -0.5902628721546138, 0.006346542487220034
-0.36076686025744387, -0.3619691294253834, -0.5902664273897513, 0.006096752613634687
-0.3606594773155215, -0.36208199889422643, -0.5902705294838606, 0.005795176187594163
-0.36055840854011234, -0.36218909960268575, -0.5902750393600339, 0.005444374077567266
-0.3604644358036927, -0.3622894451708246, -0.5902798041148298, 0.005047325301904558
-0.360378276381377, -0.36238210225646517, -0.590284662202074, 0.004607401782945675
-0.36030057960191464, -0.36246620122961537, -0.5902894489098398, 0.004128339758023148
-0.36023192412911686, -0.3625409463602852, -0.5902940019449465, 0.0036142080861873327
-0.36017281580203964, -0.3626056253380835, -0.5902981669356305, 0.0030693737165836147
-0.36012368595896305, -0.36265961794904256, -0.5903018026658059, 0.0024984646095095354
-0.3600848901706101, -0.3627024037467518, -0.5903047858633947, 0.0019063304239786301
-0.36005670731221084, -0.3627335685710399, -0.5903070153803338, 0.001298001305836588
-0.3600393389113946, -0.36275280978751856, -0.5903084156224555, 0.0006786451278484744
-0.3600329087193309, -0.3627599401449897, -0.590308939112896, 5.35235474602887e-05
-0.36003746246529844, -0.3627548901742006, -0.5903085681020637, -0.0005720527410728562
-0.3600529677694744, -0.3627377090800894, -0.5903073151695399, -0.0011927691759716127
-0.360079314204491, -0.3627085641096808, -0.5903052227974966, -0.0018033525304592766
-0.36011631351246143, -0.3626677384082704, -0.5903023619300994, -0.0023986157600473295
-0.36016370000004816, -0.3626156274066996, -0.5902988295677756, -0.00297350210942834
-0.3602211311490062, -0.36255273381146447, -0.5902947454779641, -0.003523128100747832
-0.3602881884927652, -0.36247966129632303, -0.5902902481339338, -0.004042825035434913
-0.36036437882046046, -0.3623971070182588, -0.5902854900194298, -0.004528178655506127
-0.36044913577779447, -0.3623058531014156, -0.5902806324584046, -0.004975066627118499
-0.36054182193880036, -0.3622067572494475, -0.5902758401451769, -0.005379693528898542
-0.36064173142369604, -0.36210074265919934, -0.5902712755605015, -0.00573862304995159
-0.360748093135303, -0.3619887874164265, -0.5902670934628691, -0.006048807127180203
-0.360860074680037, -0.3618719135573535, -0.5902634356417887, -0.0063076117783234876
-0.3609767870292334, -0.36175117597816464, -0.5902604261108995, -0.0065128394156845045
-0.36109728996285295, -0.3616276513682666, -0.5902581669038195, -0.006662747455559888
-0.36122059832080133, -0.36150242733267657, -0.5902567346152185, -0.0067560630696585754
-0.3613456890676091, -0.3613765918545315, -0.5902561778043115, -0.006791993957043366
-0.3614715091547098, -0.3612512232311539, -0.5902565153487558, -0.006770235048116459
-0.36159698414168695, -0.3611273805969091, -0.5902577358047241, -0.006690971085679022
-0.3617210275143331, -0.36100609512399706, -0.5902597977948354, -0.006554875061921149
-0.3618425506140124, -0.36088836196912233, -0.5902626314107974, -0.006363102524144935
-0.36196047307036694, -0.36077513301042163, -0.5902661405832401, -0.006117281795896776
-0.3620737336086953, -0.3606673103959379, -0.5902702063384423, -0.0058195001937910934
-0.36218130108503144, -0.3605657409030154, -0.5902746908315989, -0.005472286353442535
-0.3622821855867755, -0.360471211087946, -0.5902794420199464, -0.005078588810373818
-0.36237544942523325, -0.36038444318768703, -0.5902842988173712, -0.0046417510133013205
-0.3624602178390871, -0.36030609172094286, -0.5902890965557808, -0.0041654829775726165
-0.36253568922499824, -0.36023674072479317, -0.5902936725681018, -0.0036538298154780904
-0.3626011447134102, -0.36017690155561144, -0.5902978717036145, -0.0031111374074036997
-0.3626559569142973, -0.36012701117942214, -0.5903015515886114, -0.0025420155030491795
-0.36269959766892834, -0.3600874308769869, -0.5903045874539732, -0.0019512985649169409
-0.36273164465950813, -0.3600584452927814, -0.5903068763659268, -0.0013440046866987593
-0.36275178674839637, -0.36004026176420145, -0.5903083407164751, -0.0007252929367818438
-0.362759827942016, -0.3600330098775363, -0.5903089308550921, -0.00010041949161984791
-0.36275568990086404, -0.3600367412098606, -0.5903086267723985, 0.0005253070650438599
-0.36273941294557643, -0.3600514292305047, -0.5903074387786945, 0.001146570893321236
-0.362711155538916, -0.36007696935143985, -0.5903054071543306, 0.0017580941106921124
-0.3626711922540542, -0.36011317913206664, -0.5903026007837734, 0.0023546816792978714
-0.3626199102697143, -0.3601597986598365, -0.5902991148197186, 0.0029312655814898773
-0.36255780446181096, -0.360216491143052, -0.5902950674564897, 0.003482947904763655
-0.3624854711883282, -0.36028284376551933, -0.5902905959221926, 0.004005042467361482
-0.3624036008885836, -0.36035836886373573, -0.5902858518255742, 0.004493114629318441
-0.36231296963907367, -0.3604425054955005, -0.590280996015409, 0.004943018950361907
-0.36221442982523777, -0.3605346214738061, -0.5902761931267564, 0.005350934375617654
-0.36210890010126284, -0.3606340159412238, -0.590271605999026, 0.005713396652266503
-0.36199735481824113, -0.36073992255761445, -0.5902673901551042, 0.006027327704853534
-0.36188081310439413, -0.36085151336777155, -0.5902636885287096, 0.006290061723591361
-0.36176032777975353, -0.36096790340565466, -0.5902606266187019, 0.006499367748430794
-0.3616369742817672, -0.3610881560784085, -0.5902583082345756, 0.006653468561617401
-0.36151183976808987, -0.3612112893567463, -0.5902568119773233, 0.006751055732641967
-0.36138601254876623, -0.361336282778987, -0.5902561885749137, 0.006791300691675497
-0.36126057198264516, -0.36146208525465096, -0.590256459162669, 0.0067738617405184755
-0.3611365789528539, -0.36158762363073005, -0.5902576145668064, 0.006698886943571853
-0.36101506701417596, -0.36171181196024094, -0.5902596156154171, 0.006567012875146252
-0.36089703428203346, -0.3618335613892757, -0.5902623944663453, 0.00637935923336999
-0.3607834361092144, -0.3619517905562266, -0.5902658569069787, 0.006137519364842349
-0.360675178573334, -0.36206543637598876, -0.590269885548028, 0.0058435467778110576
-0.36057311277597814, -0.36217346506343473, -0.5902743438030715, 0.005499937754830845
-0.3604780299342949, -0.36227488323503465, -0.5902790805190138, 0.005109610208368746
-0.36039065722805474, -0.3623687489156918, -0.5902839351005176, 0.004675878954433706
-0.3603116543504522, -0.36245418227022297, -0.5902887429547234, 0.004202427609776393
-0.3602416106995363, -0.36253037587572656, -0.5902933410716836, 0.0036932773472687255
-0.3601810431394453, -0.3625966043526023, -0.5902975735513081, 0.003152752771455297
-0.3601303942567198, -0.3626522331783125, -0.5903012968894191, 0.002585445201684713
-0.36009003103685433, -0.36269672651893026, -0.590304384843649, 0.0019961736733904423
-0.3600602438898348, -0.3627296539290309, -0.5903067327141458, 0.0013899439887134436
-0.36004124596035336, -0.3627506957899892, -0.5903082608938839, 0.0007719061654742936
-0.3600331726683823, -0.36275964737994904, -0.5903089175681441, 0.00014731064826378399
-0.36003608143824595, -0.36275642149481, -0.5903086804715757, -0.0004785363430846643
-0.3600499515887071, -0.362741049567993, -0.5903075576432312, -0.00110031794432252
-0.3600746843722128, -0.3627136812665872, -0.5903055871539566, -0.0017127518691034383
-0.36011010316757286, -0.36267458257195173, -0.5903028358153841, -0.002310635334121218
-0.3601559538463245, -0.3626241323831174, -0.5902993969143291, -0.0028888893011874
-0.36021190534808456, -0.36256281771050713, -0.5902953870494605, -0.0034426016567582853
-0.3602775505136069, -0.36249122755475993, -0.5902909421775524, -0.003967068959315937
-0.3603524072355103, -0.3624100455900936, -0.5902862130034409, -0.0044578363982561865
-0.36043591999506486, -0.36232004179296506, -0.5902813598700508, -0.004910735624343939
-0.36052746185862483, -0.36222206317420547, -0.5902765473217899, -0.005321920131130564
-0.36062633700896196, -0.36211702378597055, -0.5902719385256724, -0.005687897888729678
-0.36073178388463933, -0.36200589418336204, -0.5902676897393263, -0.006005560955738784
-0.3608429789946287, -0.3618896905243465, -0.5902639450134275, -0.0062722118215873856
-0.36095904146569757, -0.36176946349062056, -0.5902608313081295, -0.006485586259900092
-0.3610790383668898, -0.3616462872064877, -0.5902584541890117, -0.0066438725033041756
-0.3612019908390113, -0.3615212483229109, -0.5902568942484038, -0.006745726581216689
-0.36132688103794963, -0.36139543542012376, -0.5902562043733562, -0.006790283694262292
-0.36145265987938235, -0.36126992886504394, -0.5902564079528275, -0.006777165531863745
-0.36157825554973066, -0.36114579123988233, -0.5902574980848287, -0.006706483472991415
-0.361702582724732, -0.36102405843649465, -0.5902594378103907, -0.006578837643849257
-0.36182455241358547, -0.36090573148793836, -0.590262161366428, -0.0063953118402156105
-0.3619430823239842, -0.36079176918513123, -0.590265576415049, -0.006157464356053667
-0.36205710762231513, -0.36068308150329587, -0.5902695671737754, -0.005867314793665483
-0.36216559194463294, -0.3605805238407527, -0.590273998340614, -0.005527326963881748
-0.36226753849828786, -0.3604848920522369, -0.5902787196809552, -0.0051403880173470085
-0.3623620010820523, -0.3603969182410184, -0.5902835711208596, -0.004709783979646747
-0.36244809484457186, -0.360317267259064, -0.5902883881740864, -0.004239171893585897
-0.36252500659747644, -0.36024653385287286, -0.5902930075188968, -0.0037325488011065704
-0.36259200450063, -0.360185240384603, -0.5902972725355587, -0.0031942178248510014
-0.3626484469429708, -0.3601338350539214, -0.5903010386167915, -0.0026287516349490056
-0.3626937904530143, -0.3600926905456221, -0.5903041780710532, -0.0020409536099493908
-0.36272759648825315, -0.36006210303135844, -0.5903065844523802, -0.0014358170216373747
-0.36274953697194134, -0.36004229146056, -0.5903081761699009, -0.000818482591514283
-0.3627593984686657, -0.3600333970853766, -0.5903088992545841, -0.0001941947817139863
-0.36275708491601855, -0.3600354831767707, -0.5903087291893536, 0.0004317428051241957
-0.3627426188579399, -0.36004853490315814, -0.5903076717404823, 0.0010540125341889303
-0.3627161411550597, -0.36007245935853094, -0.5903057627620502, 0.001667327967437365
-0.3626779091778448, -0.36010708574314476, -0.590303066980113, 0.0022664788244116225
-0.3626282935186371, -0.360152165715831, -0.5902996757978163, 0.002846375288715694
-0.3625677732879813, -0.36020737395216185, -0.5902957041959367, 0.0034020912800609873
-0.36249693008807016, -0.3602723089562587, -0.5902912868339892, 0.003928906321425704
-0.3624164407810041, -0.36034649418545006, -0.5902865734841618, 0.004422345643877018
-0.36232706919114177, -0.36042937955563603, -0.5902817239529532, 0.004878218187782981
-0.3622296568985768, -0.36052034340069294, -0.5902769026627427, 0.0052926521782654425
-0.3621251132942498, -0.3606186949611704, -0.5902722730770378, 0.005662127974556139
-0.3620144050760571, -0.3607236774757008, -0.5902679921584155, 0.0059835079171405734
-0.36189854536949284, -0.36083447194291496, -0.5902642050470421, 0.006254062922919826
-0.36177858265569374, -0.3609502016122367, -0.5902610401401592, 0.006471495606802371
-0.36165558968452816, -0.3610699372489776, -0.5902586047393038, 0.006633959737873505
-0.3615306525407721, -0.3611927032029839, -0.590256981412778, 0.006740075869310024
-0.3614048600179143, -0.36131748429116295, -0.5902562251966329, 0.006788943013256571
-0.361279293437217, -0.36144323348310814, -0.5902563617290029, 0.006780146264720675
-0.361155017029994, -0.36156888035640455, -0.5902573863810072, 0.006713760311953585
-0.36103306897934284, -0.3616933402647696, -0.5902592644136645, 0.006590348804556369
-0.3609144531945393, -0.361815524138699, -0.5902619321554975, 0.006410959584486929
-0.3608001318677607, -0.3619343488155963, -0.5902652991609383, 0.00617711581905014
-0.360691018839538, -0.36204874777517027, -0.5902692512763973, 0.005890803108636982
-0.3605879737770863, -0.3621576821369954, -0.5902736545101033, 0.005554452675237185
-0.36049179714915525, -0.3622601517611912, -0.5902783595745792, 0.005170920770373598
-0.36040322596291396, -0.3623552062808191, -0.5902832069478051, 0.00474346447286761
-0.360322930213128, -0.3624419558862779, -0.5902880322815224, 0.004275714077501022
-0.36025150998200106, -0.3625195816781278, -0.5902926719733448, 0.0037716423049309693
-0.360189493119774, -0.36258734540558046, -0.5902969687137659, 0.0032355305908671143
-0.3601373334316911, -0.3626445984134856, -0.5903007768199763, 0.002671932738248815
-0.3600954092962756, -0.36269078963093615, -0.5903039671756126, 0.00208563623967774
-0.36006402264289705, -0.3627254724494462, -0.5903064316088993, 0.0014816215983817658
-0.36004339822308085, -0.36274831035760446, -0.5903080865606788, 0.0008650199942384141
-0.3600336831195746, -0.3627590812217867, -0.5903088759179007, 0.0002410696566190262
-0.36003494644930367, -0.362757680128205, -0.5903087729164395, -0.00038492868218912115
-0.36004717923049046, -0.362744120729689, -0.5903077810486866, -0.001007656870646677
-0.3600702943996811, -0.3627185350702631, -0.5903059339451211, -0.0016218245713442118
-0.3601041269805353, -0.362681171891031, -0.5903032942338761, -0.0022222142553295614
-0.3601484344222847, -0.362632393451221, -0.5902999514169958, -0.00280372557085071
-0.36020289714098497, -0.3625726709276482, -0.5902960188354379, -0.003361418705840695
-0.36026711931040056, -0.3625025784834379, -0.5902916298257783, -0.003890556372849312
-0.36034062996097627, -0.36242278612196244, -0.5902869331989957, -0.004386644057884044
-0.3604228844541957, -0.36233405146377096, -0.5902820881946889, -0.00484546819057076
-0.36051326640538284, -0.36223721060236613, -0.5902772590818565, -0.005263131911956508
-0.36061109013016657, -0.3621331682084734, -0.5902726095893297, -0.005636088137896572
-0.36071560368832023, -0.3620228870616875, -0.590268297354706, -0.005961169640018916
-0.3608259925932996, -0.3619073771928538, -0.5902644685799704, -0.006235615892456283
-0.3609413842466975, -0.36178768482029366, -0.5902612530749715, -0.006457096460590104
-0.36106085314412306, -0.36166488125804763, -0.5902587598567458, -0.0066237307376794015
-0.3611834268830666, -0.3615400519650468, -0.5902570734538272, -0.006734103866180396
-0.36130809298457256, -0.36141428589088254, -0.5902562510407732, -0.006787278712543098
-0.36143380651959545, -0.36128866525717895, -0.5902563205000072, -0.006782803797059924
-0.3615594985083421, -0.3611642558940811, -0.5902572794766413, -0.0067207171137165615
-0.36168408503751914, -0.36104209822977174, -0.5902590954583018, -0.0066015458087472344
-0.3618064770169108, -0.3609231990079893, -0.5902617068772597, -0.00642630172052713
-0.3619255904739048, -0.36080852378496153, -0.5902650251975147, -0.0061964728173506105
-0.3620403572632819, -0.3606989902338862, -0.590268937916129, -0.005914010603350334
-0.3621497360504714, -0.3605954622627061, -0.5902733123771015, -0.005581313596110715
-0.36225272341031933, -0.36049874493030243, -0.590278000268552, -0.0052012070122076795
-0.36234836487074307, -0.3604095801278585, -0.590282842650797, -0.004776918828740683
-0.3624357657220393, -0.36032864297670497, -0.5902876753448972, -0.004312052419670512
-0.362514101408397, -0.3602565388817778, -0.5902923344990159, -0.0038105559951794495
-0.36258262731863, -0.3601938011712673, -0.5902966621438684, -0.0032766891000548127
-0.3626406877983719, -0.36014088924828047, -0.5903005115489001, -0.0027149864529802717
-0.3626877242159313, -0.36009818717936626, -0.5903037521975478, -0.0021302194323119133
-0.3627232819284929, -0.3600660026475503, -0.5903062742128535, -0.0015273555351335674
-0.3627470160140278, -0.36004456620371994, -0.5903079920833092, -0.0009115161548541746
-0.3627586956566654, -0.3600340307595683, -0.590308847562547, -0.00028793303807752056
-0.3627582070988039, -0.3600344712772465, -0.5903088116444962, 0.0003380962062806154
-0.36274555510117956, -0.36004588462488063, -0.5903078855470029, 0.0009612531638126368
-0.36272086288169136, -0.3600681895825053, -0.5903061006705284, 0.0015762438502605475
-0.36268437053422087, -0.3601012269990673, -0.5903035175333397, 0.002177843737184738
-0.36263643195904294, -0.36014476011721475, -0.5903002237193118, 0.0027609421808363283
-0.36257751036592234, -0.3601984750978915, -0.5902963309079678, 0.0033205858729975423
-0.36250817243877653, -0.36026198179063884, -0.5902919710875169, 0.0038520209416734764
-0.36242908127606055, -0.3603348148072514, -0.5902872920793499, 0.0043507333420291575
-0.3623409882431512, -0.3604164349655451, -0.5902824525258012, 0.0048124871936823825
-0.3622447238913792, -0.3605062311759767, -0.5902776165111651, 0.005233360739161423
-0.36214118811246465, -0.3606035228462965, -0.5902729479983783, 0.005609779619762787
-0.3620313397067185, -0.3607075628781917, -0.5902686052700001, 0.005938547188923236
-0.3619161855482078, -0.3608175413247905, -0.590264735561958, 0.006216871609266533
-0.36179676953015416, -0.36093258976903664, -0.5902614700719593, 0.006442389507410166
-0.36167416146928366, -0.3610517864705256, -0.5902589195117556, 0.0066131859901379765
-0.36154944613886586, -0.3611741623126512, -0.5902571703539957, 0.006727810856388522
-0.3614237125872317, -0.36129870756338234, -0.5902562819008443, 0.006785290871419505
-0.3612980438821265, -0.3614243794421661, -0.5902562842736985, 0.006785138002245128
-0.36117350740195664, -0.3615501104629958, -0.5902571773921096, 0.006727353546781329
-0.36105114577351916, -0.36167481750033403, -0.5902589309765132, 0.0066124281228649474
-0.3609319685329214, -0.36179741150104416, -0.5902614855746645, 0.006441337517236766
-0.3608169445628904, -0.361916807742627, -0.5902647545770118, 0.006215534428501829
-0.3607069953363067, -0.36203193651660515, -0.590268627152717, 0.00593693617180966
-0.36060298897334964, -0.3621417540965881, -0.5902729720068434, 0.005607908446332998
-0.3605057350988302, -0.36224525383416495, -0.5902776418313841, 0.005231245299355886
-0.3604159804677747, -0.36234147721281684, -0.5902824782992978, 0.004810145452688004
-0.36033440531158745, -0.3624295246811017, -0.5902873174322704, 0.0043481851879590494
-0.3602616203447324, -0.36250856608182813, -0.590291995160258, 0.0038492880168606147
-0.3601981643630209, -0.36257785049403335, -0.5902963528843229, 0.003317691390318096
-0.3601445023595371, -0.3626367153094405, -0.5903002428541446, 0.002757910726610984
-0.3601010240830187, -0.362684594374705, -0.5903035331778512, 0.002174701062326424
-0.3600680429659746, -0.36272102504488235, -0.590306112294256, 0.0015730166514436553
-0.3600457953558306, -0.36274565401195824, -0.5903078927558087, 0.0009579688565298995
-0.3600344399914991, -0.36275824179439875, -0.5903088141939318, 0.00033478269172893265
-0.36003405767955476, -0.3627586657989921, -0.5903088453661425, -0.00029124761028379725
-0.3600446511380587, -0.36274692189403435, -0.5903079852155066, -0.0009148036261048553
-0.36006614499140865, -0.3627231244624196, -0.5903062629064818, -0.0015305879773215975
-0.36009838591564614, -0.3626875049335647, -0.5903037368359273, -0.0021333693853512912
-0.3601411429497525, -0.362640408823526, -0.590300492652844, -0.0027180271583032347
-0.3601941080038561, -0.3625822913422415, -0.5902966403540231, -0.003279594728086104
-0.36025689660926385, -0.36251371165476454, -0.5902923105541359, -0.0038133018648415537
-0.3603290489671831, -0.36243532590886685, -0.590287650056798, -0.0043146152080473475
-0.3604100313623092, -0.3623478791637479, -0.5902828168768263, -0.004779276769117426
-0.360499238013681, -0.36225219637326445, -0.5902779748825222, -0.005203340078809733
-0.360595993437943, -0.3621491725915419, -0.5902732882396631, -0.005583203673984018
-0.3606995553991832, -0.36203976257876036, -0.5902689158455917, -0.005915641641956995
-0.3608091185147321, -0.36192496999012613, -0.5902650059421047, -0.006197830966595993
-0.36092381857773603, -0.36180583633145647, -0.5902616910897532, -0.006427375448086515
-0.36104273764512274, -0.3616834298605849, -0.5902590836738968, -0.006602325997719587
-0.3611649099241103, -0.36155883460515015, -0.590257272094813, -0.006721197139799002
-0.36128932847204065, -0.3614331396546484, -0.5902563177709674, -0.00678297958460755
-0.36141495270366675, -0.3613074288684519, -0.5902562530569875, -0.006787148769053882
-0.36154071667765153, -0.36118277112237096, -0.5902570801468813, -0.006733669294922312
-0.3616655381107252, -0.3610602111950224, -0.5902587709996644, -0.006622995228356432
-0.36178832804441596, -0.3609407613724571, -0.5902612682899118, -0.006456066258123572
-0.36190800106632026, -0.360825393826006, -0.5902644873510323, -0.006234299744137319
-0.36202348596628553, -0.360715033794911, -0.5902683190454191, -0.005959578721466058
-0.3621337366884084, -0.36061055358275884, -0.590272633464231, -0.005634235958427653
-0.36223774342309856, -0.3605127673557832, -0.5902772843314226, -0.005261034200155975
-0.3623345436702392, -0.3604224267123872, -0.5902821139627817, -0.004843142761000256
-0.36242323309522506, -0.36034021697729535, -0.590286958611888, -0.0043841106600447585
-0.3625029759947649, -0.3602667541610658, -0.5902916540217763, -0.003887836523657605
-0.3625730151890987, -0.36020258251659776, -0.5902960409940982, -0.003358535507022465
-0.36263268116177705, -0.36014817261890486, -0.5902999707869435, -0.0028007035127932058
-0.36268140027742113, -0.3601039198929301, -0.5903033101582832, -0.002219079009050594
-0.36271870192169786, -0.3600701435163818, -0.5903059458839779, -0.0016186027703462991
-0.36274422442582743, -0.3600470856303093, -0.590307788597112, -0.0010043758845160204
-0.3627577196598154, -0.36003491079904726, -0.5903087758184125, -0.00038161638387567684
-0.36275905620367355, -0.36003370567272175, -0.590308874074941, 0.00024438512784553864
-0.3627482210335581, -0.360043478819301, -0.5903080800351869, 0.0008683104721212298
-0.36272531968910926, -0.36006416070835356, -0.5903064206220394, 0.0014848591292417536
-0.3626905749186524, -0.3600956038447468, -0.5903039520998141, 0.0020887933201510682
-0.3626443238293511, -0.360137583066626, -0.5903007581663042, 0.0026749825491558707
-0.3625870135990783, -0.3601897960374826, -0.5902969471145904, 0.0032384472252069154
-0.3625191958348588, -0.3602518639762402, -0.5902926481608994, 0.003774400988050312
-0.36244151968844185, -0.36032333268141237, -0.5902880070630737, 0.004278291377559593
-0.36235472386220413, -0.3604036739149187, -0.5902831811782829, 0.004745838499809482
-0.36225962765751774, -0.3604922872176002, -0.5902783341275879, 0.005173071361719685
-0.3621571212325334, -0.3605885022315055, -0.5902736302483036, 0.005556361567131589
-0.36204815524658374, -0.3606915816033158, -0.5902692290222581, 0.005892454090710706
-0.3619337300739931, -0.3608007245387863, -0.5902652796688533, 0.0061784948718075295
-0.3618148847708498, -0.3609150710697826, -0.5902619160862098, 0.006412054998071102
-0.36169268597443105, -0.36103370708357063, -0.5902592523118676, 0.006591151277909066
-0.36156821690662555, -0.36115567014876904, -0.5902573786568794, 0.006714263031550308
-0.3614425666403196, -0.3612799561542098, -0.5902563586443031, 0.006780344962232916
-0.3613168197717642, -0.3614055267564489, -0.5902562268558279, 0.006788836001667345
-0.3611920466230266, -0.3615313176094054, -0.5902569877595, 0.00673966405718677
-0.36106929407743493, -0.36165624732633594, -0.5902586155582611, 0.006633246621681353
-0.3609495771282214, -0.361779227100814, -0.5902610550644353, 0.006470487241320736
-0.36083387119708443, -0.3618991708903576, -0.5902642235705334, 0.006252767870004787
-0.36072310525596263, -0.3620150060446323, -0.5902680136529878, 0.005981937173253651
-0.3606181557626926, -0.3621256842405085, -0.5902722968138207, 0.005660294877655709
-0.36051984140010507, -0.36223019256934286, -0.5902769278368383, 0.005290572294829035
-0.360428918589227, -0.36232756460839155, -0.590281749710725, 0.004875909180896109
-0.36034607773108107, -0.3624168912986645, -0.5902865989521755, 0.004419827123485188
-0.36027194011865205, -0.3624973314463322, -0.5902913111486249, 0.00392619967799997
-0.36020705545119247, -0.36256812166417474, -0.5902957265326718, 0.003399219503071938
-0.36015189987742247, -0.36262858557372846, -0.5902996953991813, 0.0028433627714451832
-0.36010687449236956, -0.36267814209768745, -0.590303083181376, 0.002263351156753396
-0.3600723042145395, -0.362716312685609, -0.5903057750137564, 0.0016641117184466173
-0.3600484369756035, -0.3627427273337537, -0.5903076796270861, 0.0010507350262342788
-0.3600354431634344, -0.3627571292814755, -0.5903087324433103, 0.0004284318815732487
-0.3600334152707816, -0.3627593782914863, -0.5903088977654207, -0.00019751099328446198
-0.3600423677154283, -0.3627494524487408, -0.5903081699879644, -0.0008217759185505389
-0.36006223681285643, -0.36272744844201377, -0.5903065737871285, -0.0014390594862275132
-0.36009288089841707, -0.3626935803225315, -0.5903041632839539, -0.0020441176667692724
-0.36013408061215857, -0.3626481767644748, -0.5903010202090629, -0.0026318104054915623
-0.36018553937500364, -0.3625916768819618, -0.5902972511311759, -0.003197145325929902
-0.360246884099205, -0.3625246246853161, -0.5902929838434302, -0.003735320165678585
-0.3603176661883112, -0.36244766228536296, -0.5902883630301021, -0.004241763582007388
-0.3603973628916102, -0.36236152197737315, -0.5902835453607049, -0.004712173979567343
-0.36048537908473643, -0.36226701735551636, -0.59027869417786, -0.005142556030546751
-0.3605810495513926, -0.3621650336238065, -0.5902739739590835, -0.005529254578475306
-0.3606836418407585, -0.3620565172801521, -0.5902695447402808, -0.00586898564022673
-0.36079235977091995, -0.36194246535603325, -0.5902655566900067, -0.0061588642463550015
-0.3609063476406522, -0.3618239143954767, -0.5902621450184231, -0.006396428887426614
-0.36102469520022573, -0.3617019293534588, -0.590259425393508, -0.006579662363198018
-0.3611464434168923, -0.36157759258585287, -0.5902574900198716, -0.006707008862056684
-0.36127059105275416, -0.36145199309095866, -0.5902564045130528, -0.006777387129836835
-0.3613961020523465, -0.36132621614691185, -0.59025620567521, -0.006790199619691662
-0.36152191371513964, -0.36120133347060124, -0.5902569002475752, -0.006745337547925956
-0.36164694560491994, -0.3610783940026445, -0.5902584646819359, -0.006643181814352933
-0.36177010912447094, -0.36095841540036, -0.5902608459388855, -0.006484599779637228
-0.36189031766090174, -0.3608423762972325, -0.5902639632858051, -0.006270937926025665
-0.36200649718509725, -0.360731209363895, -0.5902677110336477, -0.0060040104616581975
-0.36211759716895664, -0.3606257951829419, -0.590271962119799, -0.005686083962092669
-0.36222260166695963, -0.36052695692866044, -0.5902765724156043, -0.005319858175564616
-0.36232054039482375, -0.3604354558236498, -0.5902813856125811, -0.004908443150614851
-0.36241049962815497, -0.3603519873279455, -0.5902862385217115, -0.004455332875816743
-0.36249163273842244, -0.36027717800305215, -0.5902909666061825, -0.003964375651169208
-0.3625631701826345, -0.3602115829836384, -0.5902954095600058, -0.0034397414390199624
-0.36262442876689116, -0.3601556839837341, -0.5902994167433697, -0.0028858864688666853
-0.36267482001254825, -0.3601098877621859, -0.590302852290411, -0.002307515394762792
-0.36271385746687024, -0.36007452497378245, -0.5903055997161757, -0.0017095413260428197
-0.36274116281753566, -0.3600498493377109, -0.5903075658665111, -0.0010970440714019865
-0.36275647069167827, -0.3600360370634328, -0.5903086840768985, -0.00047522695275548755
-0.36275963204481143, -0.360033186485317, -0.5903089164330664, 0.00015062744146549206
-0.36275061607227166, -0.36004131787081317, -0.5903082550566887, 0.0007752021840477463
-0.36272951060499714, -0.36006037338199504, -0.5903067223725454, 0.0013931912318544712
-0.3626965209817212, -0.3600902171862802, -0.5903043703480794, 0.001999344555134151
-0.3626519674201475, -0.36013063572827075, -0.5903012787311569, 0.0025885127854838714
-0.3625962809394968, -0.36018133819027986, -0.5902975523458119, 0.0031556909991822166
-0.3625299979152182, -0.3602419571834671, -0.5902933175377242, 0.003696061260680305
-0.36245375337274743, -0.3603120497239777, -0.5902887178900111, 0.0042050335625517885
-0.36236827315034115, -0.3603910985584209, -0.5902839093546552, 0.004678284812980671
-0.3622743650805428, -0.36047851390998276, -0.5902790549646895, 0.005111795539696578
-0.3621729093552928, -0.36057363572001455, -0.5902743193064705, 0.005501883999904307
-0.3620648482506432, -0.36067573645981366, -0.590269862939465, 0.005845237408928511
-0.361951175393338, -0.3607840245833931, -0.5902658369527498, 0.006138940025721367
-0.3618329247530011, -0.36089764868429786, -0.5902623778427469, 0.006380497860773728
-0.36171115954048416, -0.36101570240812775, -0.5902596028858209, 0.006567859801041455
-0.3615869611852466, -0.36113723015766164, -0.59025760616256, 0.006699434976974405
-0.361461418552825, -0.36126123360971274, -0.5902564553684743, 0.006774106228352115
-0.3613356175480009, -0.361386679042653, -0.5902561895191759, 0.006791239558143816
-0.36121063123076613, -0.36151250545150226, -0.5902568176277974, 0.006750689496790717
-0.3610875105512892, -0.361637633404314, -0.5902583183994594, 0.006652800332943265
-0.36096727578755083, -0.3617609745700383, -0.5902606409531391, 0.006498403200572548
-0.36085090874590176, -0.3618814418248818, -0.5902637065464797, 0.006288809046319048
-0.3607393457613183, -0.3619979598222436, -0.5902674112451034, 0.0060257975347497075
-0.3606334715113323, -0.3621094758912814, -0.5902716294459858, 0.005711601982669446
-0.36053411363622545, -0.3622149711118099, -0.5902762181354909, 0.005348890446569506
-0.3604420381388259, -0.36231347139921555, -0.5902810217377736, 0.004940743119472403
-0.3603579455206264, -0.36240405842287504, -0.5902858773892206, 0.004490626224617353
-0.3602824675975058, -0.36248588017566374, -0.5902906204601447, 0.0040023626233674225
-0.3602161649284006, -0.3625581610108487, -0.5902950901365385, 0.0034800993831433065
-0.3601595247840812, -0.362620210966089, -0.5902991348726403, 0.0029282725778172355
-0.36011295958080125, -0.36267143420246584, -0.590302617529411, 0.002351569617547483
-0.360076805704997, -0.3627113363992984, -0.5903054200246568, 0.0017548894272106993
-0.3600513226601745, -0.3627395309626418, -0.5903074473370741, 0.0011433008121183013
-0.36003669247535086, -0.3627557439264455, -0.5903086307283936, 0.0005219993663218644
-0.3600330193254503, -0.3627598174497644, -0.5903089300743122, -0.00010373670771257958
-0.36004032932737173, -0.36275171184053745, -0.5903083352251325, -0.0007285914891476096
-0.3600585704903976, -0.36273150606552995, -0.5903068663499497, -0.0013472565529827202
-0.36008761281552504, -0.3626993967362193, -0.5903045732526997, -0.001954476119834972
-0.36012724855447253, -0.36265569559092303, -0.5903015336832823, -0.0025450917533040114
-0.36017719265479275, -0.362600825523377, -0.5902978507010549, -0.003114086221173942
-0.36023708343199756, -0.3625353152364852, -0.5902936491801443, -0.0036566261445152804
-0.3603064835222285, -0.3624597926262716, -0.5902890715751287, -0.004168103070009991
-0.360384881179175, -0.36237497702444565, -0.5902842730907202, -0.004644172615363132
-0.3604716919861116, -0.362281670447809, -0.5902794164192765, -0.005080791355275217
-0.360566261057773, -0.3621807480185153, -0.5902746662246094, -0.005474251135884983
-0.36066786580690746, -0.3620731477304797, -0.5902701835591339, -0.005821210528586616
-0.36077571934674446, -0.36195985974389144, -0.5902661204036393, -0.006118723159393347
-0.3608889745931322, -0.3618419153916309, -0.5902626145147855, -0.0063642626772747665
-0.36100672911898724, -0.361720376078534, -0.5902597847549621, -0.0065557441538507425
-0.361128030799162, -0.36159632224710514, -0.5902577270627992, -0.006691541737204209
-0.3612518842662872, -0.3614708425717511, -0.590256511200872, -0.0067705024141152545
-0.3613772581781014, -0.3613450235284177, -0.5902561783908071, -0.006791955767473454
-0.3615030932748773, -0.36121993946820175, -0.5902567399159204, -0.006755719648763135
-0.3616283111824169, -0.36109664330277735, -0.5902581767387269, -0.006662101719124448
-0.36175182389256266, -0.3609761578870252, -0.5902604401462855, -0.006511896846367273
-0.3618725438299628, -0.3608594681609002, -0.5902634534015141, -0.006306380379261339
-0.36198939439172406, -0.3607475140890347, -0.5902671143445208, -0.006047297354250896
-0.36210132082644964, -0.36064118441373827, -0.5902712988558183, -0.005736847723249269
-0.3622073013015379, -0.36054131121550903, -0.5902758650640569, -0.005377667724152483
-0.36230635799336375, -0.36044866525576047, -0.5902806581556924, -0.004972807547953477
-0.3623975680244348, -0.360363952059616, -0.5902855156235707, -0.004525705487605368
-0.36248007406540517, -0.3602878086829412, -0.5902902727765209, -0.004040158783822259
-0.36255309441817396, -0.36022080109758603, -0.590294768323184, -0.003520291411552288
-0.3626159323993593, -0.3601634221223098, -0.5902988498407467, -0.0029705190776310115
-0.36266798485130836, -0.3601160898242153, -0.5903023789431463, -0.0023955117248356216
-0.3627087496202688, -0.36007914631662996, -0.5903052359734687, -0.0018001538599251726
-0.3627378318582045, -0.3600528568840855, -0.590307324061381, -0.0011895030429878682
-0.36275494902552574, -0.3600374093730413, -0.590308572407972, -0.0005687468922622147
-0.3627599344961957, -0.3600329137978422, -0.5903089386865585, 5.684102768370255e-05
-0.3627527396936243, -0.360039402124564, -0.59030841047801, 0.000681946056140398
-0.36273343471470465, -0.3600568282102473, -0.590307005691888, 0.001301257639634149
-0.36270220742951287, -0.36008506789090855, -0.5903047719591238, 0.0019095145000018912
-0.36265936107467256, -0.36012391922786113, -0.590301785016823, 0.0025015493790040222
-0.3626053103884026, -0.3601731029376425, -0.5902981461400121, 0.003072332975285437
-0.362540576363898, -0.3602322630454282, -0.5902939787074507, 0.003617016697041586
-0.362465779724196, -0.36030096781459875, -0.5902894240180119, 0.004130973864753453
-0.3623816332453057, -0.36037871101548646, -0.5902846364995407, 0.004609839012657002
-0.3622889330744802, -0.36046491360377, -0.5902797784726956, 0.005049544955000941
-0.36218854920661114, -0.3605589258830496, -0.590275014647347, 0.005446357303380529
-0.3620814152933508, -0.3606600302265779, -0.5902705065381483, 0.0057969061442467015
-0.36196851796659635, -0.3607674444297806, -0.5902664069886248, 0.006098214610798069
-0.3618508858601457, -0.3608803257580151, -0.5902628549894066, 0.006347724110579472
-0.36172957851086185, -0.3609977757431626, -0.5902599709662483, 0.006543315998948834
-0.3616056753136251, -0.36111884576835684, -0.5902578526975304, 0.006683329518856249
-0.3614802646931575, -0.3612425434628107, -0.5902565719995934, 0.006766575858841151
-0.36135443364084885, -0.36136783990884047, -0.5902561722922198, 0.006792348213547362
-0.3612292577466225, -0.36149367764136997, -0.5902566671267566, 0.0067604277641505894
-0.3611057918353, -0.3616189793971596, -0.5902580397267426, 0.006671085529672428
-0.3609850612945763, -0.3617426575474576, -0.5902602435566062, 0.00652508007401639
-0.3608680541584063, -0.36186362412452233, -0.5902632038991703, 0.006323651087508819
-0.36075571398604733, -0.3619808013302521, -0.5902668203885061, 0.006068508895568701
-0.36064893355409144, -0.3620931323948384, -0.5902709704123272, 0.0057618199806676994
-0.3605485493571541, -0.36219959263554324, -0.5902755132686204, 0.005406188636772479
-0.36045533689329223, -0.3622992005511517, -0.5902802949356604, 0.005004634907767172
-0.36037000669315955, -0.3623910287768476, -0.5902851532937384, 0.004560568992702065
-0.36029320103798, -0.36247421471769714, -0.5902899236216054, 0.004077762330855648
-0.36022549130094683, -0.362547970676935, -0.5902944441813048, 0.003560315608265091
-0.3601673758398777, -0.36261159329794546, -0.5902985617020393, 0.003012623954295757
-0.36011927836601476, -0.36266447214634634, -0.590302136577113, 0.002439339621697597
-0.3600815467146983, -0.3627060972707138, -0.590305047597709, 0.0018453324661462033
-0.36005445194809194, -0.36273606559702243, -0.59030719606294, 0.0012356485612088095
-0.36003818772790563, -0.3627540860323961, -0.5903085091267561, 0.0006154673017458707
-0.3600328699067037, -0.36275998317770497, -0.5903089422681665, -9.94263728149275e-06
-0.36003853629939997, -0.3627536995753333, -0.5903084808009738, -0.0006352681089830827
-0.3600551466112841, -0.36273529644724645, -0.5903071403717933, -0.0012551966849051808
-0.3600825825147608, -0.36270495290859883, -0.5903049664294653, -0.001864461839221062
-0.36012064788313003, -0.36266296367260964, -0.5903020326838581, -0.0024578877384353257
-0.36016906920555336, -0.36260973529250706, -0.5902984386063527, -0.0030304332519901158
-0.3602274962220563, -0.36254578101512436, -0.5902943060568134, -0.0035772348064432484
-0.3602955028303372, -0.36247171434738923, -0.5902897751514615, -0.004093647716641427
-0.3603725883267529, -0.36238824146084636, -0.5902849995118273, -0.0045752856413730884
-0.36045817905147803, -0.3622961525797087, -0.5902801410559181, -0.005018057828151218
-0.3605516305122082, -0.36219631251436657, -0.5902753645082538, -0.005418203831805556
-0.36065223006147185, -0.3620896505142486, -0.5902708318149308, -0.0057723254141921546
-0.36075920019956675, -0.3619771496213047, -0.5902666966530671, -0.006077415357274395
-0.3608717025682431, -0.3618598357079277, -0.5902630992207645, -0.006330882948805271
-0.3609888426896566, -0.36173876638098634, -0.590260161484181, -0.006530575928559716
-0.36110967549108197, -0.3616150199269408, -0.5902579830428056, -0.006674798713248962
-0.36123321163874433, -0.3614896844620882, -0.5902566377530524, -0.006762326749631518
-0.3613584246844197, -0.3613638474373084, -0.5902561712245823, -0.006792416877667637
-0.36148425900678194, -0.36123858562879696, -0.59025659927419, -0.006764813618613806
-0.36160963850649175, -0.36111495572585817, -0.5902579073896357, -0.0066797513365046525
-0.361733475990486, -0.36099398560458573, -0.5902600512215908, -0.006537952255316429
-0.36185468315763014, -0.36087666635298965, -0.5902629580870263, -0.006340620348054098
-0.3619721810755808, -0.360763945089578, -0.5902665294331129, -0.006089431147859667
-0.3620849110182156, -0.3606567185943953, -0.5902706441781416, -0.00578651756480645
-0.362191845514961, -0.36055582774975403, -0.5902751628162629, -0.0054344518251203296
-0.36229199944853585, -0.3604620527681117, -0.5902799321469385, -0.005036223681936299
-0.362384441026518, -0.3603761091672737, -0.5902847904688154, -0.004595215078127807
-0.36246830244527284, -0.3602986444389463, -0.5902895730619757, -0.00411517147198617
-0.36254279006240553, -0.3602302353458847, -0.5902941177727091, -0.003600170065315535
-0.36260719389627216, -0.3601713857758516, -0.5902982705114603, -0.003054585200565406
-0.3626608962782307, -0.360122525077367, -0.5903018904775236, -0.002483051218662555
-0.36270337949510356, -0.3600840068027792, -0.5903048549332948, -0.0018904230919383255
-0.36273423227554835, -0.3600561077883915, -0.5903070633661558, -0.001281735166694483
-0.362753154994256, -0.3600390275088907, -0.5903084408968097, -0.0006621583672449107
-0.36275996349163053, -0.3600328876537884, -0.5903089408184485, -3.695622747048224e-05
-0.36275459143317756, -0.36003773188643706, -0.5903085461806102, 0.0005885598731762215
-0.3627370911615164, -0.3600535257608023, -0.5903072703639786, 0.0012090758848451336
-0.36270763302398745, -0.3600801567869769, -0.590305156626636, 0.0018193202854153705
-0.36266650318929283, -0.36011743465255575, -0.5903022766371551, 0.0024141089131325213
-0.36261409999676353, -0.3601650916228639, -0.5902987280443027, 0.002988389048742233
-0.36255092891072993, -0.3602227831578303, -0.5902946311658074, 0.0035372823691230304
-0.36247759617934516, -0.3602900887964, -0.5902901249085183, 0.004056126404919248
-0.3623948013213171, -0.360366513370145, -0.5902853620583567, 0.004540514148495407
-0.36230332858464687, -0.36045148861561216, -0.5902805040998019, 0.0049863314754743475
-0.36220403753823105, -0.3605443752595727, -0.5902757157406152, 0.005389792062945358
-0.36209785296948127, -0.36064446565232455, -0.5902711593274556, 0.005747469509871574
-0.3619857542688383, -0.3607509870214096, -0.5902669893417327, 0.006056326390008962
-0.36186876448497785, -0.36086310541152844, -0.5902633471622887, 0.0063137399944824014
-0.36174793923270143, -0.3609799303660839, -0.5902603562724318, 0.006517524549762958
-0.3616243556291313, -0.36110052039201257, -0.5902581180737703, 0.006665949726873179
-0.3614991014232185, -0.3612238892326394, -0.5902567084487113, 0.006757755288948901
-0.36137326446914586, -0.36134901295375466, -0.590256175188098, 0.006792161756555545
-0.3612479226765555, -0.36147483782657797, -0.590256536371158, 0.006768877003160448
-0.36112413455026604, -0.3616002889683412, -0.5902577797526409, 0.006688098726683282
-0.3610029304100235, -0.3617242796777218, -0.5902598631779136, 0.006550512776878171
-0.36088530435760957, -0.3618457213790086, -0.5902627160119545, 0.006357287352248014
-0.3607722070350661, -0.3619635340664651, -0.5902662415338217, 0.006110063114060696
-0.3606645391947234, -0.3620766571196987, -0.5902703202154701, 0.005810939298632821
-0.3605631460798471, -0.3621840603426214, -0.590274813773812, 0.0054624559421663325
-0.36046881259474595, -0.36228475506349866, -0.5902795698587059, 0.005067572364852411
-0.3603822592257282, -0.3623778051221971, -0.5902844272179887, 0.004629642092464051
-0.360304138659856, -0.3624623375635143, -0.590289221164482, 0.004152384423997296
-0.3602350330374444, -0.36253755285278044, -0.5902937891596417, 0.0036398528828268865
-0.3601754517669039, -0.3626027344319239, -0.590297976324539, 0.0030964008160385315
-0.360125829827016, -0.3626572574409722, -0.590301640691309, 0.002526644431800766
-0.36008652648200845, -0.3627005964414308, -0.5903046580169679, 0.0019354235875560391
-0.3600578243387277, -0.3627323319938722, -0.590306925996334, 0.001327760662161018
-0.36003992868247847, -0.3627521559620126, -0.5903083677311441, 0.0007088178626227649
-0.3600329670383837, -0.3627598754390444, -0.5903089343376824, 8.385333051660959e-05
-0.3600369889177686, -0.36275541521837784, -0.5903086066044522, -0.0005418235756755682
-0.36005196572364007, -0.36273881875951164, -0.5903073956436558, -0.0011628974383692241
-0.36007779080500935, -0.3627102476297056, -0.5903053425143666, -0.001774091990759835
-0.3601142796659941, -0.3626699794326379, -0.5903025168301941, -0.002370214990232179
-0.36016117035151685, -0.3626184042653974, -0.5902990143986678, -0.002946202369899852
-0.3602181240463427, -0.36255601977419183, -0.5902949539724349, -0.0034971612896301536
-0.36028472593743865, -0.36248342490619934, -0.5902904732224852, -0.0040184117181518335
-0.3603604864005978, -0.36240131247931107, -0.5902857240699931, -0.004505526191421073
-0.36044484258039744, -0.36231046071247164, -0.5902808675351179, -0.004954367409136509
-0.36053716043742046, -0.3622117238763438, -0.590276068277454, -0.005361123350910613
-0.36063673733795, -0.36210602223670274, -0.5902714890132683, -0.005722339615861638
-0.3607428052588437, -0.36199433147101356, -0.5902672849988078, -0.006034948714007685
-0.36085453467398565, -0.36187767174194607, -0.5902635987666974, -0.0062962960645343465
-0.36097103917866336, -0.36175709661010924, -0.5902605552938537, -0.0065041624844834394
-0.3610913808946533, -0.361633681962253, -0.5902582577646721, -0.00665678298139147
-0.361214576682126, -0.36150851512088455, -0.590256784073084, -0.006752861694625572
-0.3613396051651169, -0.36138268428707854, -0.5902561841820058, -0.006791582862370123
-0.361465414555877, -0.3612572684508245, -0.5902564784296502, -0.006772617724173491
-0.3615909312406027, -0.3611333278831804, -0.5902576568400891, -0.0066961273024533936
-0.3617150690655335, -0.3610118953024758, -0.5902596794614245, -0.006562761040174491
-0.3618367392390174, -0.36089396778364247, -0.5902624777201074, -0.006373651305856794
-0.3619548607426467, -0.3607804994561937, -0.5902659567455234, -0.006130403810955347
-0.362068371123744, -0.36067239501324266, -0.5902699985860804, -0.005835084018274472
-0.3621762375230382, -0.36057050403193736, -0.5902744662078181, -0.005490199653243179
-0.3622774677760472, -0.360475616085589, -0.5902792081400404, -0.005098679462366307
-0.3623711214149803, -0.36038845661007346, -0.5902840636105203, -0.0046638483947508275
-0.36245632039044384, -0.36030968347243486, -0.5902888679962225, -0.004189399413041275
-0.362532259329169, -0.36023988417832997, -0.5902934584047622, -0.0036793621691213756
-0.3625982151456426, -0.3601795736473281, -0.5902976791973722, -0.0031380688072727724
-0.36265355583194514, -0.36012919248129915, -0.5903013872661008, -0.0025701171828421414
-0.3626977482612147, -0.3600891056510953, -0.5903044568862786, -0.001980331807565582
-0.36273036485573207, -0.3600596015304024, -0.590306783979671, -0.0013737228532514354
-0.3627510889902953, -0.36004089121270566, -0.590308289643714, -0.0007554435632598509
-0.36275971902476356, -0.3600331080573256, -0.5903089228271052, -0.00013074643589536779
-0.3627561708858804, -0.3600363074230384, -0.5903086620609802, 0.0004950614447664154
-0.362740479146885, -0.3600504665621924, -0.5903075161869378, 0.0011166635471343215
-0.36271279658332156, -0.3600754846638805, -0.5903055240572136, 0.0017287791115595448
-0.36267339221394224, -0.3601111830508892, -0.5903027532171774, 0.002326208062353839
-0.362622647865819, -0.3601573055510755, -0.5902992976148492, 0.0029038752266097576
-0.3625610533319388, -0.36021351907884624, -0.5902952744151488, 0.0034568734805501054
-0.36248920021676534, -0.3602794144758128, -0.5902908200269509, 0.003980505454118975
-0.3624077745898009, -0.360354507670816, -0.5902860854777139, 0.004470323437861883
-0.36231754858842, -0.36043824122791024, -0.5902812312925714, 0.004922167152630213
-0.3622193711285684, -0.36052998635598077, -0.5902764220515543, 0.005332199062053421
-0.36211415789494317, -0.36062904545523733, -0.5902718208095107, 0.005696936929791281
-0.3620028807906728, -0.36073465527362325, -0.5902675835679217, 0.006013283348028564
-0.36188655703015804, -0.36084599074012114, -0.5902638539860212, 0.006278551990219673
-0.3617662380576445, -0.3609621695322034, -0.5902607585105036, 0.0064904903694424625
-0.36164299846836445, -0.3610822574213203, -0.5902584020888798, 0.006647298913598728
-0.3615179250991112, -0.36120527442389694, -0.5902568646117559, 0.006747646199833885
-0.36139210644121134, -0.3613302017661095, -0.5902561982045944, 0.006790680222688383
-0.36126662251163777, -0.3614559896494203, -0.5902564254607168, 0.00677603560340128
-0.3611425352981138, -0.36158156578110856, -0.5902575386754195, 0.006703836681242712
-0.36102087987215814, -0.36170584461055844, -0.5902595001071552, 0.006574696461549531
-0.360902656240889, -0.3618277371886236, -0.5902622432569214, 0.006389711429080618
-0.3607888219848914, -0.36194616154482273, -0.5902656751225204, 0.006150452269201273
-0.36068028570621546, -0.3620600534561125, -0.5902696793512997, 0.005858950573055559
-0.36057790128849887, -0.36216837746237873, -0.5902741201845543, 0.005517681636090198
-0.3604824629508956, -0.36227013796817586, -0.5902788470599133, 0.005129543491840038
-0.3603947010596361, -0.36236439025827316, -0.5902836997157421, 0.004697832354545779
-0.3603152786461191, -0.3624502512466973, -0.5902885136245377, 0.004226214674704466
-0.36024478856889897, -0.36252690977556645, -0.5902931255711371, 0.0037186960407911843
-0.36018375124903046, -0.36259363628129915, -0.5902973791866135, 0.003179587187860724
-0.36013261290414034, -0.3626497916518622, -0.59030113025022, 0.00261346739925613
-0.3600917442063123, -0.36269483510947953, -0.5903042515795758, 0.00202514561092807
-0.36006143929227075, -0.362728330968496, -0.5903066373432432, 0.0014196195486211572
-0.3600419150611528, -0.3627499541374427, -0.590308206649405, 0.0008020332461405931
-0.36003331070499656, -0.36275949425735043, -0.5903089062889088, 0.00017763330782695393
-0.36003568742944025, -0.3627568583943599, -0.5903087125396163, -0.0004482757099762784
-0.3600490283364125, -0.3627420722329544, -0.5903076319708365, -0.001070376415452891
-0.3600732384561832, -0.36271527974595774, -0.5903057012205574, -0.0016833838081658373
-0.36010814493227383, -0.36267674134789973, -0.5903029857530269, -0.0022820902275192206
-0.36015349737871183, -0.3626268305686333, -0.5902995776388389, -0.0028614096367306644
-0.36020896844423744, -0.3625660293133558, -0.5902955924328425, -0.003416420862432568
-0.36027415463157597, -0.36249492180254816, -0.5902911652557827, -0.003942409419748866
-0.3603485774312658, -0.3624141873101585, -0.5902864462126028, -0.00443490756578407
-0.36043168483807253, -0.362324591839813, -0.5902815953028003, -0.0048897322407209605
-0.3605228533234295, -0.3622269788965191, -0.590276776995459, -0.0053030205749214025
-0.3606213903391454, -0.36212225952464205, -0.5902721546529179, -0.005671262662303744
-0.36072653742571803, -0.3620114017917174, -0.5902678849921468, -0.005991331324552181
-0.3608374739928266, -0.36189541990164986, -0.5902641127715982, -0.006260508617111397
-0.3609533218300923, -0.3617753631201097, -0.5902609658836369, -0.006476508856146371
-0.3610731503931307, -0.36165230468955634, -0.5902585510188786, -0.006637497975420342
-0.36119598289368837, -0.3615273309016338, -0.5902569500493742, -0.006742109053094128
-0.36132080320364957, -0.36140153048106083, -0.5902562172531945, -0.0067894538805228785
-0.3614465635615567, -0.36127598441816366, -0.5902563774744622, -0.006779130477984772
-0.361572193047611, -0.36115175636746033, -0.5902574252811682, -0.006711226495698445
-0.36169660676968096, -0.3610298837079362, -0.5902593251493097, -0.006586318472265111
-0.3618187156793846, -0.36091136933759915, -0.5902620126671105, -0.006405466956609204
-0.3619374369146252, -0.3607971742513567, -0.5902653967185177, -0.006170207533394843
-0.3620517045438484, -0.36068821092801806, -0.5902693625720052, -0.005882537825569916
-0.3621604805684385, -0.360585337529987, -0.5902737757700056, -0.005544900580934722
-0.36226276602384844, -0.36048935289879647, -0.5902784866871824, -0.005160162982235707
-0.36235761200777383, -0.3604009923115311, -0.5902833356030489, -0.004731592352019956
-0.36244413045550683, -0.3603209239480618, -0.5902881581170077, -0.004262828454109544
-0.36252150447884324, -0.3602497460071752, -0.59029279072224, -0.0037578526228062605
-0.3625889980858851, -0.3601879844015421, -0.5902970763494781, -0.0032209539785425794
-0.3626459651047621, -0.360136090957052, -0.5903008696926816, -0.0026566930143685336
-0.36269185714474717, -0.36009444204150176, -0.5903040421360141, -0.0020698628611194826
-0.36272623044315455, -0.36006333755074016, -0.5903064861150167, -0.001465448560060278
-0.36274875146549623, -0.3600430001869438, -0.5903081187640462, -0.0008485846899769914
-0.3627592011490989, -0.360033574973314, -0.5903088847262483, -0.0002245117108373312
-0.3627574777062029, -0.36003512896169854, -0.5903087580307336, 0.00040146860195125554
-0.36274359793068434, -0.3600476511037868, -0.5903077429732706, 0.0010240382501706263
-0.36271769698227274, -0.3600710522720535, -0.5903058739706113, 0.0016379082448560642
-0.36268002665258825, -0.36010516543274096, -0.5903032143933964, 0.0022378635890351133
-0.36263095214764063, -0.36014974598919225, -0.5902998544172359, 0.002818807624719902
-0.362570947450792, -0.36020447232904207, -0.5902959079648692, 0.003375805363682809
-0.36250058935775353, -0.3602689466224618, -0.5902915088431462, 0.003904125431014897
-0.3624205503001605, -0.3603426959301538, -0.590286806205869, 0.004399280263311283
-0.36233159009605875, -0.36042517368862304, -0.5902819594963883, 0.0048570642193571534
-0.3622345467835639, -0.3605157616458585, -0.5902771330414806, 0.005273589280175106
-0.36213032670764655, -0.36061377232266734, -0.5902724904798253, 0.005645318036982068
-0.36201989403910906, -0.3607184520732776, -0.5902681892140003, 0.005969093689715693
-0.3619042599091664, -0.36082898481333947, -0.5902643750740755, 0.00624216680503991
-0.3617844713426701, -0.36094449647425586, -0.5902611773737021, 0.006462218610838689
-0.361661600167952, -0.3610640602299595, -0.5902587045262612, 0.00662738063387372
-0.36153673207190273, -0.36118670252624074, -0.5902570403696381, 0.006736250518245585
-0.36141095595555883, -0.3613114099239294, -0.5902562413241645, 0.0067879038943024625
-0.36128535372870796, -0.3614371367462029, -0.5902563344800273, 0.0067819022004480456
-0.3611609906624922, -0.3615628134977391, -0.5902573166789472, 0.006718296393687588
-0.36103890639732505, -0.36168735599999136, -0.5902591546212399, 0.006597626518510584
-0.3609201066804646, -0.36180967516340246, -0.5902617859946336, 0.006420917137641054
-0.36080555588405505, -0.36192868729458383, -0.5902651215865946, 0.0061896686620994176
-0.3606961703311399, -0.3620433248152468, -0.5902690483085942, 0.005905844651717993
-0.360592812434841, -0.36215254725061197, -0.5902734330298406, 0.00557185519053722
-0.360496285635294, -0.36225535232896344, -0.5902781270905587, 0.005190536474168461
-0.3604073301006563, -0.3623507870214404, -0.5902829713418661, 0.004765126778018009
-0.36032661914312736, -0.3624379583426669, -0.5902878015414177, 0.0042992390059821365
-0.36025475628883696, -0.36251604372871205, -0.5902924539219178, 0.003796830048586805
-0.36019227293200706, -0.3625843008094831, -0.5902967707437092, 0.0032621672072837065
-0.3601396264991341, -0.36264207639799273, -0.5903006056431688, 0.002699791967443228
-0.36009719904807125, -0.3626888145290217, -0.5903038285955309, 0.002114481426215857
-0.36006529622977157, -0.36272406339431384, -0.5903063303238291, 0.0015112077025814176
-0.3600441465467471, -0.3627474810401973, -0.5903080260043975, 0.0008950956752982644
-0.3600339008517399, -0.36275883971604406, -0.5903088581432373, 0.00027137940984868806
-0.3600346320420904, -0.3627580287875345, -0.590308798525662, -0.000354642352365707
-0.3600463349193641, -0.3627450561567228, -0.5903078491730784, -0.0009776512605772023
-0.3600689261992017, -0.36272004816050474, -0.5903060422744391, -0.0015923545897464054
-0.3601022446724781, -0.36268324794951734, -0.5903034390946932, -0.0021935302554090294
-0.3601460515348952, -0.36263501237987583, -0.5903001278972678, -0.0027760712215528795
-0.36020003091743613, -0.3625758074796036, -0.5902962209510678, -0.0033350289204856737
-0.36026379066389724, -0.36250620257932775, -0.5902918507235304, -0.003865655312865041
-0.3603368634134424, -0.36242686322203443, -0.5902871653888728, -0.004363443228660082
-0.36041870805513654, -0.3623385429887023, -0.5902823238038961, -0.004824164645612288
-0.36050871162729226, -0.362242074394876, -0.5902774901217336, -0.005243906580537652
-0.36060619173684905, -0.3621383590272672, -0.5902728282262035, -0.005619104290306698
-0.36071039957264484, -0.36202835709892167, -0.5902684961754796, -0.005946571503278879
-0.36082052358125905, -0.36191307660621863, -0.5902646408434437, -0.0062235274280678385
-0.3609356938651773, -0.3617935622709161, -0.5902613929403798, -0.0064476203144841465
-0.36105498735045527, -0.3616708844457627, -0.5902588625817636, -0.006616947371061824
-0.3611774337553115, -0.361546128153137, -0.5902571355553315, -0.006730070874449833
-0.36130202237242126, -0.36142038241310104, -0.5902562704129188, -0.006786030337885436
-0.3614277096568428, -0.36129473000075607, -0.5902562964856131, -0.006784350638721279
-0.36155342758899833, -0.3611702377534036, -0.5902572128894662, -0.006725046038329567
-0.3616780927587797, -0.3610479475265239, -0.5902589885554616, -0.006608620061445053
-0.36180061609331404, -0.3609288678746523, -0.5902615632827113, -0.00643606123593513
-0.3619199131281047, -0.36081396650973807, -0.5902648497792088, -0.00620883472790614
-0.36203491469982674, -0.3607041635661984, -0.5902687366209858, -0.005928869940776395
-0.36214457791986554, -0.36060032567949396, -0.5902730920294073, -0.0055985441802690866
-0.3622478972713331, -0.36050326086427575, -0.5902777683386056, -0.005220662519991948
-0.36234391565947166, -0.3604137141597038, -0.5902826070016466, -0.004798434034150764
-0.36243173523652317, -0.3603323639939071, -0.5902874439657557, -0.004335444594750047
-0.3625105278177181, -0.3602598192072347, -0.5902921152343883, -0.0038356264601083034
-0.3625795447052611, -0.3601966166652003, -0.5902964624275775, -0.0033032249093847767
-0.3626381257422002, -0.36014321938708294, -0.5903003381520271, -0.002742762203796699
-0.36268570742778405, -0.360100015115003, -0.5903036109988404, -0.002158999179011219
-0.36272182994018776, -0.36006731525088287, -0.5903061699993827, -0.0015568947945401126
-0.36274614293098706, -0.36004535409478233, -0.5903079283881421, -0.0009415639845729045
-0.36275840997796005, -0.3600342883272809, -0.5903088265449393, -0.000318234170302211
-0.3627585116082068, -0.36003419669043446, -0.590308834016673, 0.00030779919379965556
-0.36274644683138957, -0.3600450798357373, -0.5903079505500023, 0.0009312176582847566
-0.36272233315246183, -0.36006686032289337, -0.5903062060999417, 0.0015467250146721952
-0.3626864050636177, -0.360099382769242, -0.590303659814064, 0.002149092340232366
-0.36263901104561247, -0.36014241416580006, -0.590300398026781, 0.002733202464609955
-0.3625806091381588, -0.36019564439122975, -0.5902965313317529, 0.003294093476697038
-0.36251176116697215, -0.360258686968993, -0.590292190831741, 0.003827000899118573
-0.36243312574047337, -0.36033108012483905, -0.5902875236931228, 0.0043273981700426975
-0.3623454501514416, -0.36041228821100835, -0.5902826881558559, 0.004791035087594494
-0.36224956133745145, -0.3605017035696725, -0.5902778481681292, 0.00521397389071156
-0.3621463560682918, -0.36059864891076976, -0.5902731678276516, 0.005592622671580165
-0.3620367905383589, -0.36070238027833423, -0.5902688058180542, 0.005923765838557298
-0.36192186954709593, -0.3608120906745209, -0.5902649100290286, 0.006204591374432033
-0.36180263545086777, -0.36092691440186087, -0.5902616125425686, 0.00643271466271991
-0.36168015706529466, -0.36104593217200287, -0.5902590251552506, 0.006606198684133867
-0.36155551868832636, -0.3611681770136328, -0.590257235588307, 0.006723570416161014
-0.36142980940155267, -0.36129264099384173, -0.5902563045139142, 0.006783833300539448
-0.36130411279098085, -0.36141828274649257, -0.5902562634984674, 0.006786475676130403
-0.3611794972093164, -0.3615440357787355, -0.5902571139325196, 0.006731475107995656
-0.36105700668042706, -0.36166881750350277, -0.5902588269836441, 0.006619298577206417
-0.3609376525238167, -0.3617915389222668, -0.5902613445738149, 0.00645089852982912
-0.360822405753465, -0.3619111148594535, -0.5902645813481949, 0.0062277048174612425
-0.3607121902819609, -0.3620264746283184, -0.5902684275686193, 0.005951612595433882
-0.36060787693839336, -0.3621365729887247, -0.5902727528337355, 0.00562496627815703
-0.3605102782875311, -0.36224040124066914, -0.5902774104997369, 0.005250539683850544
-0.36042014421917457, -0.36233699828429, -0.5902822426518697, 0.004831512532854655
-0.36033815826072146, -0.3624254614679491, -0.5902870854582111, 0.004371443494609121
-0.3602649345533879, -0.3625049570412159, -0.5902917747242387, 0.0038742400079732555
-0.3602010154235197, -0.36257473002944773, -0.590296151459878, 0.003344125127558578
-0.36014686947518815, -0.36263411335131346, -0.5903000672702682, 0.0027856016748790285
-0.3601028901288471, -0.362682536009974, -0.5903033893874391, 0.002203413997102107
-0.36006939453314635, -0.3627195302025886, -0.5903060051722514, 0.0016025076577220242
-0.36004662278281074, -0.3627447372109922, -0.5903078259338951, 0.0009879874022975827
-0.36003473738448344, -0.3627579119583535, -0.590308789937381, 0.00036507375824779934
-0.36003382292408825, -0.3627589261418024, -0.5903088644969987, -0.0002609413596491655
-0.3600438859030448, -0.36274776987868185, -0.5903080470847101, -0.0008847396571392811
-0.3600648547259493, -0.3627245518335327, -0.5903063654158778, -0.0015010216951013458
-0.3600965798383641, -0.36268949782326, -0.5903038765094181, -0.0021045519620966732
-0.3601388340294802, -0.3626429479283748, -0.5903006647542625, -0.0026902033975963343
-0.3601913129298596, -0.3625853521678505, -0.5902968390477347, -0.0032530009837682208
-0.36025363574853153, -0.3625172648231535, -0.59029252910292, -0.003788164032395862
-0.3603253463057813, -0.36243933752265023, -0.5902878810502906, -0.00429114680560289
-0.3604059144274421, -0.36235231122014466, -0.5902830524827866, -0.004757677124389096
-0.360494737772844, -0.362257007220127, -0.5902782071123898, -0.0051837926373286625
-0.3605911441715277, -0.36215431741701076, -0.590273509219409, -0.005565874442884963
-0.36069439454301955, -0.3620451939257765, -0.5902691180826767, -0.005900677782388446
-0.36080368646937955, -0.36193063828688954, -0.5902651825794959, -0.006185359546518618
-0.3609181584818215, -0.3618116904290044, -0.5902618361383886, -0.00641750236583978
-0.36103689511071213, -0.3616894175689779, -0.5902591922157174, -0.006595135085278874
-0.3611589327329019, -0.36156490322026347, -0.5902573404494849, -0.006716749453129045
-0.3612832662321328, -0.3614392364682746, -0.5902563436206419, -0.006781312886954579
-0.3614088564676824, -0.36131350165526754, -0.5902562355248747, -0.00678827721141997
-0.36153463852411893, -0.3611887685983045, -0.5902570198269708, -0.0067375832963415495
-0.36165953069176193, -0.3610660834426418, -0.5902586699365898, -0.006629661556953565
-0.36178244410388605, -0.360946460230112, -0.5902611299096421, -0.006465428312291194
-0.3619022929337191, -0.3608308732386063, -0.5902643163447316, -0.006246278031527029
-0.3620180050326244, -0.3607202501253436, -0.5902681212104199, -0.005974071531861226
-0.36212853287123703, -0.36061546588400184, -0.5902724155074992, -0.005651120224961215
-0.36223286462854876, -0.36051733760475146, -0.5902770536421845, -0.00528016654176536
-0.36233003526051644, -0.36042662000738224, -0.5902818783620111, -0.0048643606974851095
-0.3624191373703307, -0.36034400170163394, -0.5902867260871474, -0.004407233989623401
-0.3624993316973606, -0.3602701021160035, -0.5902914324564025, -0.003912668851517365
-0.3625698570413296, -0.360205469027007, -0.5902958378999124, -0.0033848659120414588
-0.36263003944253636, -0.3601505766153462, -0.5902997930495492, -0.0028283083383899184
-0.36267930044799246, -0.3601058239737396, -0.5903031638035903, -0.0022477237630071723
-0.3627171643069298, -0.36007153399320324, -0.5903058358738722, -0.0016480441174652413
-0.36274326395703793, -0.36004795256015243, -0.5903077186611998, -0.0010343637151212558
-0.3627573456844746, -0.3600352480054452, -0.5903087483275489, -0.0004118959404691103
-0.3627592723656481, -0.3600335107579635, -0.590308889960834, 0.00021407108400132803
-0.36274902522629593, -0.36004275316898293, -0.590308138758801, 0.0008382194730965864
-0.3627267040827088, -0.3600629094887575, -0.5903065201918755, 0.0014552468100121954
-0.3626925260602746, -0.36009383599275524, -0.590304089139442, 0.0020599112444742804
-0.3626468228149661, -0.36013531127111464, -0.5903009280288583, 0.0026470760704264346
-0.362590036313133, -0.36018703671040364, -0.5902971440403447, 0.0032117534006348186
-0.36252271325314367, -0.36024863721097755, -0.5902928654725721, 0.0037491465640124935
-0.362445498238255, -0.3603196621954474, -0.5902882373922427, 0.004254690863316084
-0.362359125832885, -0.36039958697345365, -0.5902834167152258, 0.004724092345965525
-0.3622644116536158, -0.3604878145345559, -0.590278566886079, 0.0051533642588644565
-0.3621622426612461, -0.36058367784423817, -0.5902738523363864, 0.005538860879005858
-0.3620535668307161, -0.36068644271752837, -0.590269432909812, 0.005877308435062632
-0.36193938238152756, -0.36079531134040566, -0.5902654584428838, 0.006165832860802694
-0.36182072675229393, -0.3609094265010734, -0.5902620636852121, 0.006401984148743078
-0.3616986654993918, -0.361027876581402, -0.5902593637313143, 0.006583757101684208
-0.3615742812915662, -0.36114970134376245, -0.5902574501188748, 0.006709608310367853
-0.36144866316014723, -0.36127389853044534, -0.5902563877256496, 0.006778469217221314
-0.3613228961487308, -0.36139943127243157, -0.5902562125701711, 0.006789755158741
-0.361198051487405, -0.361525236282109, -0.5902569305907643, 0.0067433703123050736
-0.361075177395503, -0.3616502327812775, -0.5902585174442456, 0.006639708506873713
-0.36095529059420506, -0.3617733320922515, -0.5902609193311243, 0.006479649890936785
-0.3608393685868586, -0.361893447796791, -0.5902640548193485, 0.0062645534850077605
-0.36072834274142684, -0.362009506345797, -0.5902678176048016, 0.005996245679745803
-0.3606230921868032, -0.36212045798294645, -0.5902720801150169, 0.005677004774218251
-0.36052443851353144, -0.36222528782838337, -0.5902766978339897, 0.005309541681685039
-0.36043314125044457, -0.3623230269549327, -0.5902815142015285, 0.004896976962374513
-0.3603498940724327, -0.36241276327952177, -0.5902863659210834, 0.004442814373789629
-0.3602753216814526, -0.36249365208706297, -0.5902910884961374, 0.003950911158879845
-0.3602099772933234, -0.36256492600320733, -0.590295521807464, 0.0034254453206687702
-0.36015434065704366, -0.36262590423631613, -0.5902995155421535, 0.0028708801583583804
-0.36010881653138027, -0.3626760009176675, -0.5903029342903028, 0.002291926364250345
-0.36007373354524175, -0.362714732382195, -0.5903056621365205, 0.0016935020027461164
-0.36004934337366734, -0.3627417232496202, -0.590307606590505, 0.0010806907119328096
-0.36003582016980185, -0.3627567111872998, -0.5903087017233712, 0.0004586984845720698
-0.36003326020450843, -0.3627595502608021, -0.590308910403317, -0.000167190601545761
-0.36004168167878814, -0.3627502128056127, -0.5903082255547877, -0.0007916593241346527
-0.36006102468925527, -0.36272878978257506, -0.5903066703984141, -0.0014094025418075853
-0.3600911513428956, -0.36269548960995335, -0.5903042976635842, -0.002015172315635038
-0.36013184603347337, -0.36265063549547283, -0.5903011878003613, -0.002603822539144096
-0.3601828159075612, -0.3625946613215236, -0.5902974462514214, -0.003170352693641301
-0.36024369156246605, -0.36252810616502806, -0.590293199876555, -0.0037099503539088944
-0.3603140280307435, -0.3624516075595099, -0.5902885926510292, -0.004218032080924904
-0.36039330611586107, -0.3623658936299603, -0.5902837807837199, -0.004690282353119385
-0.3604809341504501, -0.3622717742505279, -0.5902789274205951, -0.005122690205587317
-0.36057625025202267, -0.36217013139037835, -0.5902741971131592, -0.005511583267386801
-0.3606785251508252, -0.3620619088239265, -0.5902697502394304, -0.005853658910288067
-0.36078696566046586, -0.3619481013877952, -0.5902657375665936, -0.0061460122478220565
-0.36090071885411235, -0.36182974396821665, -0.5902622951396543, -0.006386160750917454
-0.3610188769975836, -0.36170790039929124, -0.5902595396693423, -0.006572065275527536
-0.36114048327578485, -0.36158365244470314, -0.5902575645755707, -0.006702147328156842
-0.3612645383311166, -0.36145808902359233, -0.5902564368205323, -0.0067753024268416406
-0.36139000761223306, -0.3613322958257421, -0.5902561946387397, -0.0067909094476717195
-0.3615158295094433, -0.3612073454426472, -0.590256846240922, -0.006748835880136505
-0.36164092422986127, -0.36108428812009075, -0.590258369535693, -0.006649438948222275
-0.36176420334187265, -0.36096414321529435, -0.5902607128784196, -0.006493562588077673
-0.3618845798953313, -0.3608478914182589, -0.5902637968219183, -0.006282530307007795
-0.362000979002012, -0.3607364677734657, -0.5902675168096619, -0.006018133982358489
-0.3621123487408703, -0.36063075551531787, -0.590271746720247, -0.005702618692316383
-0.36221767123540305, -0.36053158070938585, -0.5902763431430041, -0.005338663703568831
-0.3623159737364696, -0.36043970767230515, -0.5902811502398666, -0.004929359772922641
-0.3624063395338426, -0.36035583512665637, -0.5902860050287034, -0.004478182951134413
-0.36248791851398776, -0.36028059303379467, -0.5902907429090367, -0.003988965107106711
-0.36255993718039525, -0.36021454003777, -0.5902952032428125, -0.0034658614189834757
-0.3626217079563363, -0.36015816144736856, -0.5902992348010021, -0.002913315105255935
-0.36267263759825463, -0.36011186768104675, -0.5903027008913458, -0.0023360196934778003
-0.3627122345609425, -0.360075993101012, -0.590305483993329, -0.0017388791462990768
-0.3627401151729098, -0.3600507951677636, -0.5903074897431835, -0.0011269661839828113
-0.36275600850153333, -0.3600364538547285, -0.5903086501337356, -0.0005054791591076825
-0.36275975981205577, -0.3600330712737093, -0.590308925820549, 0.00012030214745163916
-0.3627513325517083, -0.3600406714752409, -0.590308307456118, 0.0007450614301315215
-0.36273080881932607, -0.36005920040293504, -0.59030681600685, 0.0013634910761945028
-0.3626983883110596, -0.3600885259968297, -0.5903045020420787, 0.0019703373085286015
-0.36265438576327413, -0.36012843845691267, -0.5903014440192318, 0.002560444865808335
-0.3625992269436161, -0.36017865069364763, -0.5902977456233316, 0.0031288008364310075
-0.36253344326971226, -0.3602387990067857, -0.5902935322510955, 0.003670577270545551
-0.36245766516117484, -0.3603084440462838, -0.5902889467588996, 0.004181172205840212
-0.3623726142539021, -0.36038707211926335, -0.5902841446188396, 0.004656248757380007
-0.36227909462538355, -0.3604740969140422, -0.5902792886471823, 0.005091771939473187
-0.36217798319535877, -0.3605688617159861, -0.5902745434839776, 0.005484042908053395
-0.36207021947738294, -0.360670642189996, -0.5902700700110166, 0.005829730335121612
-0.3619567948633523, -0.3607786498007033, -0.590266019897394, 0.006125898652116728
-0.36183874162477825, -0.3608920359338901, -0.5902625304575732, 0.006370032926387466
-0.36171712181161775, -0.36100989677143147, -0.5902597199962438, 0.006560060163934876
-0.3615930162220009, -0.36113127895743535, -0.5902576837977381, 0.006694366862008509
-0.3614675136045804, -0.36125518607563656, -0.5902564908959186, 0.006771812666706439
-0.3613417002399303, -0.3613805859380105, -0.5902561817339886, 0.00679174002320475
-0.3612166500290499, -0.36150641866259314, -0.5902567667935164, 0.006753979739395561
-0.3610934151962376, -0.36163160549538553, -0.5902582262391253, 0.006658852417329562
-0.36097301769111223, -0.36175505830765153, -0.5902605105908849, 0.006507165740738359
-0.36085644135118744, -0.36187568967674233, -0.5902635424016268, 0.006300207640857288
-0.36074462486289405, -0.36199242343653537, -0.5902672188823486, 0.0060397353965883065
-0.3606384555361053, -0.36210420556346623, -0.590271415386755, 0.005727960758538612
-0.36053876388575123, -0.36221001524662366, -0.5902759896368566, 0.005367531219437663
-0.3604463189947331, -0.36230887597618056, -0.5902807865464238, 0.004961507585655116
-0.3603618246155902, -0.36239986647404787, -0.5902856434788215, 0.0045133380357795325
-0.3602859159547762, -0.362482131284527, -0.5902903957609988, 0.004026828882222176
-0.3602191570732889, -0.3625548908412002, -0.5902948822667046, 0.0035061122803128992
-0.3601620388310173, -0.36261745082950625, -0.5902989508796312, 0.002955611156077913
-0.36011497729960007, -0.3626692106724255, -0.5903024636512287, 0.0023800016485430115
-0.3600783125698288, -0.36270967097929785, -0.5903053014782718, 0.0017841733847045703
-0.3600523078844047, -0.3627384398147512, -0.590307368141521, 0.001173187924973517
-0.3600371490349523, -0.36275523766561324, -0.5903085935684851, 0.0005522357336631211
-0.36003294397310415, -0.36275990100794786, -0.5903089362095965, -7.340795727651131e-05
-0.36003972259867456, -0.36275238440336843, -0.5903083844471807, -0.0006984280127748188
-0.3600574367028482, -0.3627327610827792, -0.5903069569894237, -0.0013175146020952325
-0.360085960060182, -0.3627012220058543, -0.5903047022359612, -0.0019254083606980458
-0.36012508867938997, -0.3626580734150754, -0.5903016966366199, -0.0025169451184103974
-0.36017454123861337, -0.36260373293311965, -0.5902980420989976, -0.003087099809867523
-0.3602339597454054, -0.36253872428097433, -0.5902938625328243, -0.003631029190829367
-0.360302910474419, -0.36246367072060504, -0.5902892996483412, -0.004144112995073264
-0.3603808852460658, -0.3623792873495312, -0.5902845081512174, -0.0046219931809491676
-0.36046730311674025, -0.3622863723946649, -0.5902796504969714, -0.0050606109341515436
-0.3605615125552337, -0.3621857976687596, -0.5902748913828038, -0.005456241113566674
-0.36066279418025315, -0.3620784983643299, -0.5902703921636039, -0.005805523849930866
-0.36077036413054375, -0.36196546236678007, -0.5902663053814576, -0.006105493032199775
-0.36088337813182414, -0.3618477192705609, -0.5902627695941061, -0.006353601443694481
-0.36100093631379226, -0.36172632927955006, -0.5902599046776423, -0.0065477423389698535
-0.3611220888160843, -0.36160237216569957, -0.5902578077626509, -0.006686267282667348
-0.3612458422046583, -0.36147693644868584, -0.5902565499415037, -0.006768000103104055
-0.3613711667001316, -0.3613511089442365, -0.5902561738583841, -0.006792246845765507
-0.3614970041977753, -0.36122596481067737, -0.5902566922637011, -0.006758801644979546
-0.36162227703578265, -0.36110255820257253, -0.5902580875818692, -0.006667948465638516
-0.36174589744488583, -0.36098191361796816, -0.5902603125070944, -0.006520458700703121
-0.36186677758916175, -0.36086501800240556, -0.5902632916069881, -0.006317584644168385
-0.3619838400857148, -0.36075281364935596, -0.5902669238796695, -0.0060610488930074435
-0.36209602887062253, -0.3606461919137868, -0.5902710861777184, -0.005753029765136232
-0.36220232026083177, -0.3605459877340027, -0.5902756373829506, -0.005396142853455712
-0.362301734047216, -0.36045297493733386, -0.5902804231905456, -0.004993418868312479
-0.3623933444433062, -0.36036786228827467, -0.5902852813403747, -0.004548277952037728
-0.3624762907077811, -0.36029129022383444, -0.5902900471182138, -0.004064500679330526
-0.36254978725690035, -0.3602238282104645, -0.5902945589403399, -0.003546195985876088
-0.3626131330859359, -0.36016597265028927, -0.5902986638321738, -0.0029977662944555327
-0.3626657203262462, -0.3601181452614749, -0.5903022226151831, -0.002423870132622664
-0.362707041776934, -0.36008069185856306, -0.5903051146261448, -0.0018293825585079739
-0.3627366972666448, -0.36005388146309636, -0.5903072418086978, -0.001219353731179834
-0.362754398721696, -0.36003790568273586, -0.5903085320383983, -0.0005989659789839496
-0.3627599738407469, -0.3600328783077633, -0.5903089415684696, 2.6510266843621007e-05
-0.36275336830307503, -0.3600388350869599, -0.5903084565132865, 0.0006517612954396512
-0.3627346464663693, -0.3600557336595931, -0.5903070933192439, 0.0012714753115267983
-0.3627039905400856, -0.36008345363613203, -0.5903048982070487, 0.001880387614161776
-0.3626616982509029, -0.3601217968364435, -0.5903019456043491, 0.0024733253707589424
-0.36260817904685394, -0.36017048771001736, -0.5902983356218803, 0.003045251601923945
-0.36254394891545305, -0.36022917397744003, -0.5902941906587558, 0.0035913080000079356
-0.3624696239177392, -0.3602974275452012, -0.5902896512520595, 0.004106856215135719
-0.3623859125639477, -0.36037474575644235, -0.5902848713115297, 0.004587517256607547
-0.36229360717681147, -0.36046055304780933, -0.5902800129009609, 0.005029208674818908
-0.36219357440477395, -0.36055420308683594, -0.5902752407432985, 0.0054281792089441545
-0.3620867450592894, -0.36065498146490615, -0.5902707166357636, 0.0057810406083233425
-0.36197410345758596, -0.36076210901766304, -0.590266593964349, 0.006084796360494991
-0.36185667645472386, -0.36087474583775814, -0.5902630125036552, 0.006336867085843361
-0.3617355223465015, -0.3609919960341401, -0.5902600936783231, 0.0065351123875896895
-0.3616117198179445, -0.36111291327796047, -0.590257936446673, 0.006677848976075309
-0.3614863571010729, -0.36123650715794375, -0.5902566139460298, 0.006763864917695543
-0.36136052149089926, -0.3613617503483495, -0.5902561710134285, 0.006792429891197132
-0.36123528935061844, -0.3614875865708902, -0.5902566226656881, 0.006763301367118005
-0.3611117167165049, -0.36161293930898797, -0.5902579535903641, 0.0066767266597091
-0.360990830590728, -0.36173672120920486, -0.5902601186648182, 0.006533440834530008
-0.36087362098703835, -0.36185784408140653, -0.5902630444858237, 0.006334660488858433
-0.3607610337706919, -0.3619752293869307, -0.5902666318578778, 0.006082073455903394
-0.360653964311038, -0.36208781908360954, -0.5902707591559132, 0.005777824517369436
-0.3605532519434492, -0.36219458667854365, -0.5902752864484577, 0.005424497241978997
-0.3604596752175475, -0.3622945483247946, -0.5902800602415206, 0.005025092099906192
-0.3603739478915058, -0.362386773787173, -0.5902849186824201, 0.00458300103447565
-0.36029671561809673, -0.3624703970955301, -0.5902896970471654, 0.004101978702685391
-0.36022855325752223, -0.36254462670172394, -0.5902942333253751, 0.0035861106248584905
-0.36016996274509105, -0.36260875495892353, -0.5902983737133695, 0.0030397785107351837
-0.36012137143868905, -0.36266216674917096, -0.5903019778291744, 0.002467623054299787
-0.3600831308716499, -0.36270434709706845, -0.5903049234725809, 0.0018745045123057399
-0.36005551584090034, -0.36273488762374995, -0.5903071107688075, 0.001265461401537603
-0.36003872376789015, -0.3627534917156635, -0.5903084655552099, 0.0006456676670635715
-0.3600328742803083, -0.36275997830647055, -0.5903089418961488, 2.0388687847701573e-05
-0.3600380089755201, -0.36275428419702926, -0.5903085236406936, -0.0006050635030996865
-0.3600540913413264, -0.3627364648671709, -0.5903072249703131, -0.0012253753995135378
-0.3600810068254343, -0.3627066937630202, -0.5903050899179707, -0.0018352772153285351
-0.3601185630611994, -0.3626652600741279, -0.5903021908749403, -0.002429587702398398
-0.3601664902730375, -0.362612565044777, -0.5902986261360047, -0.003003258207605472
-0.3602244418996656, -0.3625491168926852, -0.5902945165663172, -0.003551415591597054
-0.3602919954863931, -0.36247552443513786, -0.5902900015030036, -0.004069403641972899
-0.3603686539083488, -0.36239248954657466, -0.5902852340305235, -0.004552822627654323
-0.36045384699438143, -0.3623007985922636, -0.5902803757900416, -0.0049975666581854716
-0.3605469336258369, -0.3622013129992596, -0.5902755914988403, -0.0053998585316142765
-0.36064720438536735, -0.36209495913810197, -0.5902710433656208, -0.005756281777109154
-0.36075388482799153, -0.3619827176962471, -0.5902668855910369, -0.006063809623308441
-0.3608661394399659, -0.36186561272704765, -0.5902632591398981, -0.006319830650283175
-0.3609830763405859, -0.36174470055617025, -0.5902602869622446, -0.0065221709116352914
-0.3611037527681533, -0.3616210587208337, -0.5902580698252624, -0.006669112343371589
-0.3612271813743716, -0.3614957751065493, -0.5902566828972888, -0.006759407307524125
-0.36135233733181193, -0.3613699374315059, -0.5902561731996604, -0.006792289150779866
-0.3614781662375308, -0.36124462321103934, -0.5902565580127442, -0.0067674786914020705
-0.36160359277294485, -0.3611208903142704, -0.5902578242901564, -0.006685186581257324
-0.3617275300565834, -0.36099976820286683, -0.590259929101016, -0.006546111523599325
-0.36184888960297834, -0.3608822499186197, -0.5902628010852528, -0.00635143436120788
-0.36196659177859203, -0.3607692848629752, -0.5902663428726534, -0.006102808083345839
-0.36207957662507584, -0.3606617723886181, -0.5902704343836933, -0.005802343833582806
-0.3621868149019982, -0.36056055620135863, -0.590274936900293, -0.005452593033639003
-0.36228731918619206, -0.3604664195506716, -0.5902796977685572, -0.00505652577080991
-0.3623801548535771, -0.3603800811698509, -0.5902845555741109, -0.004617505628012075
-0.36246445076222766, -0.3603021919124, -0.5902893456146088, -0.004139261165794122
-0.3625394094528418, -0.3602333320203447, -0.5902939054839035, -0.0036258542945218795
-0.36260431668494464, -0.36017400895294605, -0.5902980805785434, -0.00308164580209318
-0.36265855013403137, -0.36012465570084884, -0.5903017293398843, -0.00251125832768244
-0.3627015870864563, -0.3600856295110928, -0.5903047280540354, -0.0019195370948671493
-0.36273301098487676, -0.36005721095243026, -0.590306975046841, -0.0013115087377675405
-0.36275251669711706, -0.3600396032577725, -0.5903083941316022, -0.0006923385712684464
-0.3627599144048723, -0.3600329318908988, -0.5903089371925757, -6.728667074760774e-05
-0.36275513203514387, -0.360037244297321, -0.5903085858166071, 0.0005583368622020953
-0.36273821618589963, -0.36005250981375825, -0.5903073519175336, 0.001179217063963587
-0.3627093315274472, -0.3600786197264101, -0.5903052773321773, 0.0017900793148763348
-0.3626687586914862, -0.3601153874843769, -0.5903024324016319, 0.0023857341984911285
-0.36261689069000613, -0.3601625490904703, -0.5902989135859817, 0.002961121628835613
-0.36255422793512515, -0.36021976370651565, -0.5902948401933702, 0.003511353867271853
-0.36248137195800745, -0.3602866145234678, -0.5902903503343944, 0.0040317570608605965
-0.3623990179491816, -0.3603626099575171, -0.5902855962390418, 0.00451791094781053
-0.36230794626348706, -0.36044718524144836, -0.5902807390950248, 0.004965686392385653
-0.36220901304976183, -0.36053970448524375, -0.5902759435825538, 0.005371280431334534
-0.3621031401779483, -0.36063946328113494, -0.5902713722908813, 0.005731248536227396
-0.361991304644229, -0.36074569192569417, -0.5902671802059202, 0.006042533820763348
-0.3618745276379536, -0.36085755932513275, -0.5902635094558124, 0.006302492948850952
-0.3617538634525469, -0.36097417763984485, -0.5902604844925551, 0.0065089185277844176
-0.3616303884164309, -0.3610946077105852, -0.59025820787299, 0.006660057800855285
-0.3615051900095686, -0.3612178652919006, -0.5902567567821347, 0.0067546274849876195
-0.36137935631699614, -0.36134292809902135, -0.5902561804166642, 0.0067918246312131956
-0.3612539659531847, -0.3614687436529411, -0.5902564983171976, 0.006771333418776111
-0.36113007857093515, -0.36159423788556433, -0.5902576997058993, 0.006693327827156536
-0.3610087260464586, -0.3617183244432898, -0.590259743851831, 0.006558470164124509
-0.3608909044090848, -0.3618399146040161, -0.5902625614516833, 0.006367905461880314
-0.3607775665605101, -0.36195792770009805, -0.5902660569790977, 0.006123251787215604
-0.3606696158053696, -0.3620713019190117, -0.5902701119229845, 0.005826586545242745
-0.3605679001929569, -0.3621790053351226, -0.5902745888051053, 0.0054804288893881324
-0.3604732076498557, -0.3622800470107064, -0.5902793358407681, 0.005087718382812378
-0.3603862618656489, -0.36237348799279423, -0.5902841920846819, 0.004651790087977695
-0.3603077188792816, -0.36245845202496996, -0.5902889928875518, 0.004176346291483923
-0.360238164302463, -0.36253413579033655, -0.5902935754784334, 0.0036654251002760816
-0.36017811110898823, -0.3625998185036283, -0.5902977844835863, 0.003123366172612225
-0.36012799791514194, -0.3626548706770153, -0.5903014771946906, 0.002554773872484191
-0.36008818767645867, -0.3626987618953724, -0.5903045284077665, 0.0019644781592179084
-0.3600589667298524, -0.3627310674524771, -0.5903068346686743, 0.0013574935444610932
-0.36004054411728514, -0.3627514737193741, -0.5903083177811898, 0.0007389764664253389
-0.3600330511372414, -0.3627597821394515, -0.5903089274586427, 0.00011418144584356359
-0.3600365410828754, -0.36275591177105215, -0.5903086430291656, -0.0005115836005802574
-0.36005098914014977, -0.36273990032692005, -0.5903074741366932, -0.0011330025055829678
-0.3600762924349423, -0.36271190368968464, -0.5903054604139261, -0.0017447960676686613
-0.36011227023427284, -0.36267219391308037, -0.5903026701383636, -0.0023417669497368056
-0.3601586643227198, -0.3626211557488248, -0.5902991979169946, -0.002918843874379601
-0.3602151395900698, -0.3625592817681573, -0.590295161478202, -0.003471124736795075
-0.36028128487959676, -0.3624871661742163, -0.5902906976797142, -0.003993918266338912
-0.3603566141574429, -0.3624054974259001, -0.5902859578680177, -0.004482783881159038
-0.36044056807184954, -0.36231504981499085, -0.5902811027466354, -0.004933569396924888
-0.3605325159760113, -0.36221667415553394, -0.5902762969273048, -0.0053424462701458795
-0.36063175848978124, -0.3621112877573711, -0.5902717033488277, -0.005705942078708474
-0.3607375306731584, -0.3619998638640116, -0.590267477752825, -0.006020969966771004
-0.3608490058783367, -0.36188342073852864, -0.5902637634036721, -0.006284854807751591
-0.36096530033722907, -0.36176301057995053, -0.5902606862315953, -0.006495355867540668
-0.3610854785279969, -0.36163970844679405, -0.5902583505635389, -0.006650685779983848
-0.3612085593475606, -0.3615146013542673, -0.5902568355864859, -0.006749525677846437
-0.3613335230978204, -0.36138877769769007, -0.5902561926630686, -0.006791036354633543
-0.3614593192719976, -0.3612633171374, -0.5902564435904354, -0.00677486536556535
-0.36158487510470216, -0.36113928106041304, -0.5902575798613525, -0.0067011500094747815
-0.3617091048258678, -0.3610177037122, -0.5902595629525905, -0.006570516167198883
-0.3618309195352727, -0.36089958406878675, -0.5902623256308126, -0.006384073005978478
-0.3619492375918072, -0.36078587849584065, -0.590265774231727, -0.0061434035932696205
-0.36206299539071485, -0.36067749421822204, -0.5902697918352757, -0.0058505514970110355
-0.36217115838349545, -0.3605752836014279, -0.5902742422292724, -0.005508003482581404
-0.3622727321796261, -0.3604800392261026, -0.5902789745271684, -0.005118668449206676
-0.3623667735574072, -0.3603924897190033, -0.5902838282834459, -0.004685852780211337
-0.36245240120346467, -0.3603132962889788, -0.5902886389332556, -0.004213232312004261
-0.3625288059971802, -0.36024304990505795, -0.590293243371894, -0.0037048211557869064
-0.36259526065773584, -0.3601822690459606, -0.5902974854849607, -0.0031649376333941787
-0.36265112857765136, -0.36013139794633764, -0.5903012214416752, -0.0025981676141408195
-0.36269587167759787, -0.36009080526487436, -0.5903043245718443, -0.002009325562760015
-0.3627290571326307, -0.36006078310287937, -0.5903066896610752, -0.0014034136292025792
-0.36275036283945616, -0.36004154630886864, -0.5903082365185306, -0.0007855791289448389
-0.3627595815174385, -0.36003323201457604, -0.5903089126962034, -0.00016107077728422359
-0.3627566233621019, -0.3600358993602333, -0.5903086952674568, 0.00046480594733020033
-0.3627415171982439, -0.36004952938130663, -0.5903075916044818, 0.0010867339277532363
-0.3627144101095868, -0.3600740250444707, -0.5903056391283006, 0.0016994296326345133
-0.36267556555239144, -0.360109211436761, -0.5903029040397961, 0.002297688052255512
-0.36262535999069845, -0.3601548361277942, -0.5902994790748194, 0.002876426959731425
-0.3625642781201085, -0.3602105697400456, -0.5902954803595406, 0.0034307301179087755
-0.3624929067743021, -0.36027600677563565, -0.5902910434727209, 0.003955889062109473
-0.3624119276332377, -0.36035066675936933, -0.590286318848485, 0.004447443102048113
-0.36232210887334415, -0.3604339957662558, -0.5902814666755227, 0.004901217202590094
-0.3622242959175561, -0.3605253684070301, -0.5902766514657082, 0.005313357422290534
-0.36211940145629573, -0.36062409034693443, -0.5902720364763244, 0.005680363610600065
-0.36200839491910564, -0.36072940143097243, -0.5902677781750054, 0.005999119088965213
-0.3618922915805405, -0.36084047948302767, -0.5902640209350452, 0.006266917067501214
-0.3617721414830354, -0.36095644483661493, -0.5902608921408877, 0.006481483577186143
-0.361649018353986, -0.36107636564191725, -0.5902584978696909, 0.006640996727335265
-0.3615240086844652, -0.3611992639774134, -0.5902569192953053, 0.006744102129195483
-0.36139820112329846, -0.3613241227753605, -0.5902562099365305, 0.006789924358595948
-0.3612726763231504, -0.3614498935491842, -0.5902563938428854, 0.006778074363467206
-0.3611484973554837, -0.3615755048881355, -0.5902574647793619, 0.006708652755475718
-0.3610267007894252, -0.3616998716611115, -0.5902593864377822, 0.006582248958806217
-0.3609082885065177, -0.3618219048480962, -0.5902620936676014, 0.006399936223064144
-0.3607942202997716, -0.36194052189502135, -0.5902654946844516, 0.006163262541169796
-0.36068540728221354, -0.36205465746677734, -0.5902694741815981, 0.00587423754678236
-0.36058270610793774, -0.3621632744543395, -0.5902738972388777, 0.005535315499022149
-0.360486913988292, -0.3622653750762219, -0.5902786138966537, 0.005149374494843668
-0.3603987644678097, -0.3623600119023086, -0.5902834642397746, 0.004719692081120501
-0.36031892390945086, -0.36244629862002986, -0.5902882838192156, 0.004249917469094019
-0.3602479886269784, -0.362523420359232, -0.5902929092276165, 0.0037440405830490996
-0.3601864825942357, -0.36259064339316094, -0.5902971836396861, 0.0032063582026379783
-0.36013485565680226, -0.3626473240388073, -0.590300962129611, 0.002641437483892524
-0.3600934821710433, -0.3626929165904238, -0.5903041165851436, 0.002054077167357346
-0.3600626599987854, -0.362726980135052, -0.5903065400517007, 0.0014492668026572844
-0.3600426097925177, -0.3627491841181001, -0.5903081503591264, 0.0008321443369110191
-0.36003347451569423, -0.36275931254981186, -0.5903088929080793, 0.00020795242946983398
-0.3600353191549953, -0.36275726676937237, -0.590308742521525, -0.0004180061327205645
-0.3600481305955908, -0.36274306671155077, -0.590307704298506, -0.0010404135364427644
-0.36007181764600493, -0.362716850650568, -0.5903058134412283, -0.0016539821726816468
-0.3601062112153014, -0.3626788734263052, -0.5903031340613333, -0.002253499607503993
-0.36015106466131375, -0.3626295031883011, -0.5902997570058494, -0.002833872907033846
-0.3602060543438126, -0.3625692167222849, -0.5902957967765864, -0.00339017193625905
-0.36027078043014515, -0.36249859345152124, -0.5902913876474842, -0.0039176712609655644
-0.3603447680123104, -0.36241830823012744, -0.5902866791116187, -0.004411890295027627
-0.36042746860318353, -0.3623291230672211, -0.5902818308122987, -0.004868631351392814
-0.3605182620851366, -0.36223187793858114, -0.5902770071301671, -0.005284015274162802
-0.36061645918629204, -0.36212748085607727, -0.5902723716098581, -0.00565451435092593
-0.36072130455793905, -0.3620168973741037, -0.5902680814151845, -0.005976982228669622
-0.3608319805210388, -0.36190113971649085, -0.5902642820008318, -0.006248680582903388
-0.3609476115404592, -0.3617812557068475, -0.5902611021811763, -0.006467302317766931
-0.3610672694726743, -0.36165831768012724, -0.5902586497633641, -0.006630991104603015
-0.3611899796165665, -0.36153341154372365, -0.5902570078926369, -0.006738357097468806
-0.3613147275781018, -0.3614076261429662, -0.5902562322337582, -0.006788488696088534
-0.361440466938579, -0.3612820430690502, -0.5902563490840338, -0.0067809602595756266
-0.36156612769354446, -0.3611577270278187, -0.5902573544818688, -0.006715835707652765
-0.3616906254060447, -0.3610357168661278, -0.5902592143410604, -0.006593667979864412
-0.36181287099439996, -0.3609170173295193, -0.5902618656062762, -0.006415494357211217
-0.3619317810519571, -0.3608025916013805, -0.5902652183905709, -0.0061828276845452635
-0.36204628857505616, -0.36069335465050034, -0.5902691590225173, -0.0058976435657551955
-0.36215535395648846, -0.3605901673916381, -0.5902735538996989, -0.005562363637041115
-0.3622579760857121, -0.36049383164317816, -0.5902782540179842, -0.005179835056218796
-0.36235320338466115, -0.3604050858477491, -0.5902831000230789, -0.0047533063777753255
-0.36244014459955887, -0.3603246015063726, -0.5902879276131402, -0.004286400014081789
-0.36251797916520334, -0.36025298026473174, -0.5902925731093104, -0.0037830815124923834
-0.362585966958897, -0.36019075158180125, -0.5902968790053132, -0.003247625905750789
-0.3626434572666657, -0.3601383709064907, -0.5903006993079403, -0.0026845814188992227
-0.3626898967946256, -0.36009621828723437, -0.5903039044873184, -0.002098730839454297
-0.36272483657307253, -0.3600645973423977, -0.5903063858690737, -0.0014950508786925468
-0.3627479376197419, -0.3600437345257701, -0.590308059319401, -0.0008786698702041587
-0.3627589752512891, -0.3600337786309289, -0.5903088680980388, -0.0002548241671755689
-0.36275784195767125, -0.3600348004903072, -0.5903087847823559, 0.00037118638806941435
-0.36274454878219164, -0.36004679283891694, -0.5903078121972731, 0.000994043540084612
-0.36271922517960475, -0.36006967032811743, -0.590305983319468, 0.0016084558545765785
-0.3626821173551238, -0.3601032696909381, -0.5903033601591124, 0.0022092037221585785
-0.3626335851175281, -0.36014735007650656, -0.590300031657086, 0.0027911837449652705
-0.3625740973089837, -0.3602015935863836, -0.5902961106690034, 0.0033494521252875283
-0.3625042259018564, -0.36026560605937485, -0.5902917301383768, 0.003879266684689136
-0.36242463887793464, -0.3603389181630283, -0.5902870385887241, 0.004376127154752331
-0.36233609202741657, -0.3604209868589814, -0.590282195087532, 0.004835813396479283
-0.36223941982314833, -0.36051119731509196, -0.5902773638528667, 0.005254421224226464
-0.36213552553951156, -0.3606088653395947, -0.5902727086855294, 0.005628395531611245
-0.36202537079468766, -0.3607132404110447, -0.5902683874155451, 0.005954560440831579
-0.36190996469961934, -0.3608235093725529, -0.5902645465512573, 0.006230146222991911
-0.3617903527968245, -0.3609388008497566, -0.5902613163124155, 0.006452812765045162
-0.36166760596739467, -0.3610581904393506, -0.5902588062155996, 0.006620669388557649
-0.361542809475339, -0.3611807066991247, -0.5902571013615918, 0.0067322908564107975
-0.3614170523052772, -0.3613053379517741, -0.5902562595505058, 0.006786729435513378
-0.3612914169328738, -0.3614310398938222, -0.5902563093224207, 0.006783522916371652
-0.36116696964799455, -0.3615567439784846, -0.5902572489899116, 0.006722698523729365
-0.3610447515289753, -0.36168136651789495, -0.5902590466952473, 0.006604772686235302
-0.3609257701435009, -0.3618038184266412, -0.5902616414903299, 0.006430746667024896
-0.3608109920280279, -0.3619230155057197, -0.590264945402775, 0.006202098091020506
-0.36070133597436604, -0.3620378891446474, -0.5902688464181338, 0.005920768438468719
-0.3605976671296761, -0.3621473973003628, -0.5902732122772107, 0.005589146607541705
-0.36050079189540263, -0.3622505355952439, -0.5902778949597884, 0.005210048681525017
-0.3604114535922994, -0.3623463483638816, -0.5902827357028146, 0.004786694067968579
-0.3603303288431413, -0.3624339394695033, -0.5902875703829573, 0.004322678207952447
-0.36025802461249423, -0.36251248270664427, -0.5902922350810731, 0.00382194208305381
-0.36019507583427146, -0.3625812316070265, -0.5902965716399359, 0.003288738775425216
-0.3601419435529478, -0.3626395284707101, -0.5903004330267815, 0.0027275973623219715
-0.36009901350328677, -0.36268681245445855, -0.5903036883188149, 0.002143284450160586
-0.3600665950560964, -0.3627226265636324, -0.5903062271425957, 0.001540763674465109
-0.3600449204637096, -0.36274662341251607, -0.590307963416715, 0.0009251535105896232
-0.3600341443481513, -0.36275856964032005, -0.5903088382708113, 0.00030168375564116945
-0.3600343433868517, -0.36275834889552927, -0.5903088220418876, -0.00032434894565490987
-0.3600455161647408, -0.36274596332918296, -0.5903079152802043, -0.0009476261494884147
-0.3600675831769311, -0.3627215335672376, -0.5903061487306202, -0.0015628528488584909
-0.360100386982279, -0.3626852971625606, -0.5903035822900127, -0.0021648025080320396
-0.3601436925241941, -0.362637605557502, -0.5903003029761504, -0.0027483615086602623
-0.3601971876503979, -0.3625789196174999, -0.5902964219769298, -0.003308572626156468
-0.3602604838772441, -0.3625098038240231, -0.5902920708800821, -0.0038406771639812225
-0.36033311745601804, -0.36243091924046844, -0.5902873972112458, -0.004340155385918273
-0.3604145508078048, -0.36234301538685554, -0.5902825594317528, -0.004802764902073622
-0.36050417439956706, -0.36224692117759794, -0.5902777215657775, -0.005224576682965368
-0.36060130913660904, -0.3621435350908546, -0.5902730476390559, -0.0056020083974413016
-0.3607052093454446, -0.36203381474765284, -0.5902686961177308, -0.005931854793989189
-0.3608150664160896, -0.36191876608393314, -0.590264814535871, -0.006211314871006677
-0.36093001316403317, -0.36179943229882916, -0.5902615344937691, -0.006438015609483953
-0.3610491289597777, -0.36167688275805554, -0.5902589671965597, -0.0066100320710411825
-0.36117144565818293, -0.3615522020223775, -0.5902571996843411, -0.006725903695080306
-0.3612959543413603, -0.3614264791582781, -0.5902562918815581, -0.006784646660700515
-0.3614216128680974, -0.36130079747157784, -0.5902562745656225, -0.006785762211747301
-0.3615473542003593, -0.3611762247855079, -0.5902571483235991, -0.006729240876692628
-0.3616720954540602, -0.3610538043633188, -0.5902588835323038, -0.006615562548768059
-0.36179474759778885, -0.36093454655264945, -0.5902614213624925, -0.006445692425694404
-0.3619142257002731, -0.36081942120536914, -0.5902646757731128, -0.006221072842277284
-0.36202945960585386, -0.3607093509032282, -0.5902685364280521, -0.005943611062873355
-0.3621394048979367, -0.36060520499719617, -0.5902728724365508, -0.005615663134078726
-0.36224305399385526, -0.3605077944474899, -0.5902775367905293, -0.0052400139307394135
-0.36233944720160516, -0.36041786743273074, -0.5902823713484492, -0.004819853560309618
-0.3624276835598429, -0.36033610568087704, -0.5902872121967845, -0.004358750321447649
-0.3625069312779181, -0.3602631214621068, -0.5902918952073621, -0.003860620442284165
-0.3625764375926983, -0.3601994551748826, -0.5902962616021656, -0.0033296948517509903
-0.36263553786371205, -0.3601455734513149, -0.5903001633369146, -0.0027704832634389805
-0.3626836637376444, -0.36010186770661257, -0.590303468120859, -0.002187735875370706
-0.3627203502272771, -0.3600686530598214, -0.5903060639025393, -0.0015864030105431069
-0.3627452415682515, -0.3600461675589699, -0.5903078626693616, -0.0009715930418416215
-0.36275809573909834, -0.36003457165278163, -0.5903088034320912, -0.000348528960695425
-0.3627587875552163, -0.3600339478628609, -0.5903088542930218, 0.00027749603859088457
-0.36274731027522766, -0.360044300624073, -0.5903080135276497, 0.0009011635777169565
-0.3627237756875955, -0.36006555627613723, -0.590306309643151, 0.0015171753297177919
-0.36268841267577656, -0.3600975632055192, -0.5903038004116843, 0.0021202980819550452
-0.3626415642906009, -0.3601400921528045, -0.5903005709113129, 0.00270540823959481
-0.36258368338816194, -0.36019283671613667, -0.590296730641011, 0.003267535387638659
-0.3625153269195185, -0.3602554140953671, -0.5902924098076346, 0.003801904538357176
-0.36243714898403234, -0.3603273661335279, -0.5902877549108098, 0.004303976703164234
-0.3623498927806439, -0.36040816072164006, -0.590282923775495, 0.0047694874433860755
-0.36225438161011914, -0.36049719363915345, -0.5902780802006982, 0.005194483072799204
-0.3621515090958668, -0.36059379090514, -0.5902733884058126, 0.005575354205985109
-0.3620422288009508, -0.36069721171446967, -0.5902690074628852, 0.005908866370203501
-0.3619275434242406, -0.3608066520285027, -0.5902650859035778, 0.006192187424334818
-0.36180849375917823, -0.36092124888133403, -0.5902617566836383, 0.006422911556197901
-0.3616861475944966, -0.3610400854505206, -0.5902591326755522, 0.006599079658927078
-0.36156158872770217, -0.36116219692580975, -0.5902573028421396, 0.006719195917820207
-0.36143590624950916, -0.36128657719108137, -0.5902563292207519, 0.006782240470887175
-0.3613101842413239, -0.3614121863141091, -0.5902562448202658, 0.006787678038994573
-0.3611854920088, -0.3615379588164025, -0.5902570525021245, 0.0067354624547920575
-0.361062874953218, -0.3616628126720939, -0.5902587248833386, 0.006626037053307332
-0.3609433461596445, -0.3617856589613, -0.5902612052647332, 0.006460330921010624
-0.3608278787573669, -0.3619054120804156, -0.5902644095529924, 0.006239751034081328
-0.3607173990846536, -0.36202100039016516, -0.5902682291113754, 0.0059661703503663364
-0.3606127806673587, -0.3621313771627208, -0.5902725344425148, 0.005641911952902308
-0.3605148389998707, -0.36223553167246614, -0.5902771795784985, 0.0052697293756748045
-0.360424327098127, -0.36233250026167807, -0.5902820070294545, 0.0048527832742830375
-0.36034193177843865, -0.362421377203078, -0.5902868531229173, 0.004394614635131056
-0.36026827060309174, -0.36250132517619194, -0.5902915535529819, 0.0038991147464189947
-0.3602038894245073, -0.36257158517411936, -0.5902959489511178, 0.0033704921822909884
-0.36014926045433115, -0.3626314856617179, -0.5902998902897607, 0.002813237077726013
-0.360104780782196, -0.36268045081535827, -0.5903032439354329, 0.002232082995847891
-0.36007077127106846, -0.3627180076881442, -0.5903058961800267, 0.001631966710992725
-0.3600474757617287, -0.362743792162463, -0.5903077570965459, 0.0010179862498315734
-0.36003506052777823, -0.3627575535735469, -0.5903087635885161, 0.00039535754884542754
-0.36003361393410804, -0.3627591579127335, -0.590308881529604, -0.00023062990073772585
-0.36004314626547007, -0.3627485895467123, -0.5903081069208697, -0.00085465803999807
-0.36006358970697905, -0.3627259514183918, -0.5903064660263712, -0.001471425474909871
-0.36009479847442216, -0.3626914637253751, -0.5903040144825302, -0.0020756925656925957
-0.36013654910836046, -0.3626454611024664, -0.5903008354114787, -0.002662325985506355
-0.36018854096150765, -0.3625883883643375, -0.5902970366023864, -0.0032263423660418263
-0.3602503969230221, -0.36252079489261557, -0.5902927468564031, -0.0037629506560763657
-0.3603216644355298, -0.3624433277774193, -0.5902881116192054, -0.004267592831007323
-0.36040181687027273, -0.36235672384606965, -0.5902832880492838, -0.00473598260655525
-0.3604902553323396, -0.3622618007307582, -0.5902784396892443, -0.005164141828032831
-0.3605863109710019, -0.3621594471418256, -0.5902737309208239, -0.005548434227552586
-0.3606892478695969, -0.3620506125236973, -0.5902693213916431, -0.005885596265023892
-0.3607982665849566, -0.36193629627616974, -0.5902653606026383, -0.006172764794484781
-0.36091250839820277, -0.3618175367246619, -0.5902619828396602, -0.00640750132493617
-0.36103106032685384, -0.3616954000192394, -0.5902593026210283, -0.006587812674112689
-0.36115296093301996, -0.361570969133987, -0.590257410815322, -0.006712167844259483
-0.3612772069443677, -0.361445333126015, -0.5902563715609725, -0.006779510980729598
-0.36140276068405863, -0.36131957679749516, -0.590256220092028, -0.006789270306826968
-0.3615285582836498, -0.3611947708852724, -0.5902569615437647, -0.006741362961570727
-0.36165351862967576, -0.36107196288145416, -0.5902585707786087, -0.00663619570073415
-0.3617765529710978, -0.3609521685656778, -0.5902609932382638, -0.006474661455416266
-0.36189657509175843, -0.3608363643063087, -0.5902641467931826, -0.006258131776341566
-0.36201251193023076, -0.3607254801643701, -0.5902679245267086, -0.0059884452258595405
-0.3621233145097349, -0.36062039381134725, -0.5902721983595575, -0.005667891813033995
-0.3622279690238437, -0.36052192525087967, -0.5902768233918148, -0.005299193600063689
-0.3623255079101211, -0.3604308323153813, -0.5902816428153045, -0.004885481640340013
-0.36241502073419285, -0.3603478068924175, -0.5902864932298297, -0.00443026943948623
-0.3624956647014035, -0.3602734718226427, -0.5902912101830835, -0.003937423160482498
-0.362566674612526, -0.36020837840164543, -0.5902956337464134, -0.0034111288221903777
-0.36262737208402895, -0.360153004412332, -0.5902996139373882, -0.0028558567669698244
-0.3626771738622184, -0.360107752612596, -0.5903030158052883, -0.002276323697341047
-0.36271559907395656, -0.3600729496048908, -0.5903057240070416, -0.0016774526034978347
-0.36274227527434977, -0.36004884501971457, -0.5903076467184009, -0.0010643309226495905
-0.3627569431733252, -0.36003561095364445, -0.5903087187476828, -0.00044216728739895645
-0.36275945994781733, -0.36003334161390743, -0.5903089037464384, 0.00018375276657992825
-0.36274980107371146, -0.36004205313503346, -0.590308195442053, 0.0008081117536030755
-0.3627280606409382, -0.36006168354825707, -0.5903066178504567, 0.0014256054656353629
-0.362694450145419, -0.36009209290032096, -0.5903042244617251, 0.0020309880858270426
-0.362649295782019, -0.36013306353447905, -0.5903010964262064, 0.002619116800280319
-0.3625930342924556, -0.36018430056204687, -0.5902973398027085, 0.003184995525099551
-0.3625262074504002, -0.3602454325671651, -0.5902930819621129, 0.0037238173740381884
-0.3624494552919514, -0.3603160125997297, -0.5902884672684103, 0.0042310055037448864
-0.3623635082226381, -0.3603955195212937, -0.5902836521836535, 0.004702251988556581
-0.362269178151446, -0.36048335977550716, -0.5902787999628618, 0.005133554394772105
-0.3621673488175535, -0.3605788696580181, -0.5902740751187734, 0.005521249745118201
-0.36205896548620864, -0.36068131816044735, -0.5902696378441394, 0.005862045587420056
-0.3619450241961941, -0.36078991045891695, -0.5902656385806665, 0.006153047907026997
-0.3618265607425716, -0.3609037921096687, -0.5902622129187063, 0.0063917856500322725
-0.36170463957496846, -0.3610220540027471, -0.5902594770005768, 0.0065762316534784026
-0.36158034278374485, -0.3611437381097595, -0.590257523583294, 0.006704819809281864
-0.3614547593343709, -0.36126784404383994, -0.59025641889414, 0.0067764583202813145
-0.3613289746947169, -0.3613933364296209, -0.5902562003856175, 0.0067905389393674975
-0.361204060981302, -0.361519153058915, -0.5902568754658576, 0.006746942115863042
-0.3610810677295444, -0.3616442137845838, -0.5902584212474922, 0.006646038006973132
-0.3609610133704585, -0.36176743008153656, -0.5902607853235068, 0.006488683346022546
-0.36084487747281013, -0.3618877151806874, -0.5902638875437807, 0.006276214193136015
-0.36073359378627246, -0.3620039946598289, -0.5902676227321263, 0.0060104346278142505
-0.3606280440983718, -0.362115217355476, -0.5902718642517606, 0.005693601476309956
-0.36052905289676296, -0.3622203664425756, -0.5902764682983942, 0.0053284051996094015
-0.36043738280920223, -0.3623184705151077, -0.5902812787754464, 0.004917947099956698
-0.36035373077714383, -0.36240861449063777, -0.5902861325861467, 0.004465713034981927
-0.3602787249056363, -0.36248995015624774, -0.5902908651631441, 0.003975543858358853
-0.36021292192243304, -0.3625617061721714, -0.5902953160481595, 0.0034516028342532995
-0.36015680517325466, -0.3626231973531904, -0.5902993343324977, 0.002898340299349502
-0.3601107830779485, -0.36267383305627354, -0.5903027837739309, 0.0023204558706699185
-0.36007518797390203, -0.36271312451601334, -0.5903055474164202, 0.0017228585194480053
-0.36005027527820244, -0.3627406909867873, -0.5903075315559785, 0.0011106248506944632
-0.3600362229084273, -0.362756264571823, -0.5903086689181478, 0.000488955944555582
-0.3600331309131185, -0.36275969364394334, -0.5903089209392939, -0.00013686687113483292
-0.3600410212764146, -0.3627509447899988, -0.590308279074325, -0.0007615269377562593
-0.36005983787633034, -0.3627301032401572, -0.5903067650864633, -0.0013797174864512486
-0.3600894465921276, -0.36269737177344985, -0.5903044303092359, -0.001986186773671727
-0.3601296355723733, -0.3626530681214767, -0.5903013539057298, -0.002575782743867277
-0.36018011569091724, -0.3625976209220254, -0.5902976401841666, -0.0031434968358927057
-0.3602405212324181, -0.3625315643027839, -0.59029341506087, -0.0036845065577086654
-0.360310410861557, -0.3624555312014941, -0.5902888217906125, -0.004194216465386998
-0.3603892689400925, -0.3623702455520942, -0.5902840161091749, -0.004668297197141435
-0.3604765072629301, -0.3622765134860314, -0.5902791609528588, -0.005102722230870139
-0.3605714672880098, -0.36217521371344685, -0.5902744209340328, -0.005493802054275073
-0.360673422934775, -0.3620672872600268, -0.5902699567600367, -0.005838215459744467
-0.36078158402214144, -0.36195372674166604, -0.5902659197846615, -0.006133037701565211
-0.36089510040923556, -0.36183556536072903, -0.5902624468769083, -0.0063757652803845145
-0.3610130668908548, -0.3617138658045622, -0.5902596557809503, -0.006564337148877532
-0.36113452888489395, -0.36158970921935674, -0.590257641124555, -0.00669715216302544
-0.3612584889312972, -0.3614641844207114, -0.5902564712112299, -0.006773082635002627
-0.3613839140019304, -0.3613383774868848, -0.5902561857047923, -0.00679148387616808
-0.3615097435987724, -0.3612133618622685, -0.590256794284814, -0.006752199651823976
-0.3616348985946759, -0.3610901890777637, -0.5902582763184985, -0.006655563503031629
-0.3617582907473875, -0.3609698801722392, -0.5902605815601034, -0.0065023959246578505
-0.36187883279435196, -0.36085341787584047, -0.5902636318542157, -0.0062939974227696335
-0.36199544901384617, -0.3607417395924396, -0.5902673237851684, -0.00603213750830795
-0.36210708611789677, -0.3606357311956834, -0.5902715321828251, -0.005719039717456264
-0.3622127243250519, -0.3605362216316914, -0.5902761143659407, -0.00535736278206932
-0.3623113884469439, -0.3604439783021274, -0.5902809149792912, -0.004950178105724932
-0.3624021588123094, -0.3603597031846989, -0.590285771260631, -0.004500943732169447
-0.3624841818461544, -0.3602840296346338, -0.5902905185589468, -0.004013475022895677
-0.3625566801203055, -0.36021751980064354, -0.5902949959169302, -0.003491912289051621
-0.36261896169497043, -0.3601606625826381, -0.5902990515283989, -0.002940685649549739
-0.362670428578985, -0.36011387205596357, -0.5903025478855988, -0.002364477411841998
-0.36271058414917623, -0.36007748628827263, -0.5903053664418288, -0.0017681822940582982
-0.36273903938631824, -0.36005176648001636, -0.5903074116312322, -0.0011568658267954233
-0.362755517806156, -0.3600368963677155, -0.5903086141094065, -0.0005357212895293942
-0.3627598589883222, -0.36003298184014065, -0.5903089331048864, 8.997444982980835e-05
-0.36275202063304646, -0.360040050730809, -0.5903083578017333, 0.0007149058135128641
-0.3627320791045825, -0.3600580527651107, -0.59030690770631, 0.0013337637251506604
-0.3627002284504879, -0.36008685965631715, -0.5903046319858052, 0.001941290765153394
-0.36265677791636786, -0.360126265360848, -0.5903016078009482, 0.002532325882168729
-0.3626021480056534, -0.36017598651890426, -0.5902979376894812, 0.0031018482767396077
-0.3625368651625265, -0.3602356631210689, -0.5902937460891559, 0.0036450200810156292
-0.36246155518248213, -0.3603048594541618, -0.5902891751182106, 0.0041572274695575034
-0.3623769354784455, -0.360383065389848, -0.5902843797564548, 0.004634119850744718
-0.36228380635029767, -0.36046969808675944, -0.5902795225904025, 0.005071646805842102
-0.3621830414215028, -0.36056410418079055, -0.5902747683006656, 0.005466092463157409
-0.36207557741794505, -0.36066556253845616, -0.5902702780785284, 0.005814107017662992
-0.36196240347083974, -0.360773287644665, -0.5902662041610087, 0.006112735131675743
-0.36184455012751016, -0.3608864336888651, -0.5902626846696607, 0.006359440979404377
-0.3617230782511126, -0.36100409940249434, -0.590259838928065, 0.006552129727094088
-0.36159906798308994, -0.3611253336861826, -0.5902577634166987, 0.006689165270849978
-0.36147360793074745, -0.36124914204769054, -0.5902565285022728, 0.006769384085737597
-0.3613477847271802, -0.36137449385155307, -0.5902561760523571, 0.0067921050721962304
-0.36122267309257106, -0.3615003303595312, -0.5902567180161205, 0.006757135318925434
-0.36109932650516663, -0.3616255735178683, -0.5902581360192697, 0.0066647717350055225
-0.3609787685678334, -0.36174913542381315, -0.5902603819869146, 0.006515798537882972
-0.3608619851327325, -0.3618699283806339, -0.5902633797732495, 0.006311480617798838
-0.3607499172231481, -0.36198687542825336, -0.5902670277428453, 0.00605355283306765
-0.36064345476858983, -0.3620989212163853, -0.590271202216077, 0.005744205324130619
-0.36054343114776977, -0.3622050430694378, -0.5902757616619485, 0.005386064967304595
-0.3604506185145274, -0.3623042620780441, -0.5902805514962138, 0.004982173121409333
-0.3603657238649187, -0.36239565404152996, -0.5902854093221876, 0.004535959851746549
-0.36028938578989034, -0.3624783600792715, -0.590290170436589, 0.004051214845974049
-0.36022217184769534, -0.362551596727161, -0.5902946734137743, 0.003532055265000382
-0.3601645764836299, -0.3626146653383524, -0.5902987655790224, 0.002982890798840855
-0.3601170194219381, -0.36266696061522685, -0.5903023081852776, 0.0024083862221363716
-0.3600798444557429, -0.3627079781118723, -0.5903051811177815, 0.0018134217664559896
-0.3600533185655359, -0.36273732056315855, -0.5903072869670338, 0.001203051646300916
-0.36003763130464683, -0.3627547029171727, -0.590308554331912, 0.0005824610926389884
-0.3600328944009218, -0.362759955971911, -0.5903089402408969, -4.307773841199326e-05
-0.3600391415369605, -0.3627530285440328, -0.5903084316092644, -0.0006682506036695399
-0.36005632828606493, -0.3627339881263715, -0.5903070456827981, -0.0012877463726747944
-0.3600843321969346, -0.36270302002104926, -0.5903048294529721, -0.0018963022007266169
-0.36012295303629427, -0.3626604249655422, -0.5903018580634424, -0.0024887482869550095
-0.3601719132144091, -0.36260661529905525, -0.590298232261916, -0.0030600518331180986
-0.36023085843306224, -0.36254210974525214, -0.5902940749838429, -0.0036053598262759303
-0.360299358608406, -0.3624675269139368, -0.5902895271838245, -0.004120040279426958
-0.3603769091315221, -0.3623835776479829, -0.5902847430561455, -0.00459972157842421
-0.36046293253701767, -0.36229105636199044, -0.5902798848065293, -0.005040329600811691
-0.36055678065414787, -0.3621908315353366, -0.5902751171524288, -0.005438122292394846
-0.3606577373154718, -0.36208383553403023, -0.5902706017383385, -0.005789721410117597
-0.3607650216947812, -0.3619710539428902, -0.5902664916554764, -0.006092141164878887
-0.36087779233895734, -0.3618535145918669, -0.5902629262516155, -0.0063428135249969176
-0.3609951519476251, -0.3617322764579456, -0.5902600264069919, -0.006539609969832479
-0.3611161529402571, -0.36160841861711823, -0.5902578904364001, -0.006680859513336189
-0.36123980383309695, -0.36148302940978483, -0.5902565907563386, -0.006765362848723002
-0.36136507642846205, -0.36135719596808724, -0.5902561714301475, -0.006792402497853789
-0.3614909137972062, -0.3612319942356411, -0.5902566466743139, -0.006761748881984779
-0.36161623901209683, -0.36110847958959025, -0.5902580003765521, -0.006673662264117537
-0.36173996456632884, -0.36098767815261457, -0.5902601866419885, -0.006528890547038899
-0.3618610023881139, -0.36087057885918883, -0.5902631313489438, -0.006328662945088407
-0.3619782743400698, -0.36075812631687587, -0.5902667346616027, -0.00607467958153562
-0.3620907230717292, -0.3606512144804559, -0.5902708744144329, -0.005769097096996576
-0.3621973230756438, -0.3605506811350383, -0.5902754102536703, -0.005414510387362346
-0.3622970917829027, -0.3604573031646101, -0.5902801883955238, -0.005013930622036999
-0.362389100523015, -0.36037179256539287, -0.590285046839832, -0.00457075972465408
-0.36247248516643793, -0.36029479314935253, -0.5902898208624535, -0.0040887615286113
-0.3625464562659282, -0.3602268778726492, -0.5902943486001908, -0.00357202984846602
-0.36261030851551335, -0.3601685467169854, -0.590298476538899, -0.003024953735191728
-0.3626634293532577, -0.36012022504874364, -0.5903020647186773, -0.002452180208220489
-0.3627053065460658, -0.3600822623816068, -0.5903049914796193, -0.0018585747798004204
-0.3627355346111747, -0.3600549314726851, -0.5903071575871582, -0.0012491801072004956
-0.3627538199494379, -0.3600384276898978, -0.5903084895970674, -0.0006291731254305579
-0.3627599845894015, -0.36003286859894734, -0.5903089423459692, -3.821027175014919e-06
-0.36275396846784724, -0.36003829373115914, -0.5903085004828494, 0.0006215635326416373
-0.36273583020131694, -0.36005466450821655, -0.590307178989624, 0.001241667622991846
-0.36270574633316177, -0.36008186431559686, -0.5903050226730895, 0.0018512232252551621
-0.36266400907119367, -0.3601196987326971, -0.5903021046454976, 0.0024450520357499426
-0.3626110225610859, -0.3601678959434581, -0.5902985238453078, 0.0030181094975543594
-0.3625472977694776, -0.3602261073660076, -0.5902944016822228, 0.0035655276840891228
-0.36247344607749576, -0.36029390855286725, -0.5902898779203275, 0.0040826566676121084
-0.3623901717093102, -0.36037080042385883, -0.5902851059389778, 0.004565104019766634
-0.3622982631408438, -0.36045621090159496, -0.5902802475321766, 0.005008772108424356
-0.3621985836502202, -0.36054949702384864, -0.5902754674228088, 0.0054098928750332675
-0.36209206118365844, -0.36064994760791036, -0.5902709276777577, 0.005765059799255294
-0.3619796777179529, -0.36075678653904253, -0.5902667822132511, 0.006071256782576592
-0.3618624583033595, -0.36086917674834573, -0.5902631715767119, 0.0063258837095076185
-0.36174145996865925, -0.3609862249348452, -0.590260218181987, 0.0065267784736738
-0.3616177606635578, -0.36110698707261557, -0.5902580221594423, 0.006672235286251664
-0.36149244840275574, -0.36123047472671155, -0.5902566579615578, 0.006761019115564138
-0.36136661076142185, -0.3613556621820213, -0.5902561718390439, 0.0067923761389626375
-0.36124132485396787, -0.3614814943675011, -0.5902565802729958, 0.006766040121160373
-0.3611176479076823, -0.3616068955353041, -0.5902578694162067, 0.006682234666722463
-0.3609966085205455, -0.3617307786307883, -0.5902599955625701, 0.00654167132826161
-0.3608791986693013, -0.36185205526605246, -0.5902628866286632, 0.006345543585835656
-0.3607663665103159, -0.3619696461873416, -0.5902664445973195, 0.006095516746902683
-0.3606590099927125, -0.36208249210608967, -0.5902705488403911, 0.005793713849765406
-0.36055797128148115, -0.36218956474529984, -0.5902750602081066, 0.005442697686525598
-0.3604640319684249, -0.36228987793806766, -0.590279825746451, 0.005045449093954843
-0.36037790903147326, -0.36238249860385596, -0.5902846838826772, 0.004605341692140065
-0.36030025148866185, -0.36246655742116274, -0.5902894699031924, 0.0041261132810313265
-0.3602316376822129, -0.3625412590127385, -0.5902940215381108, 0.0036118341338421366
-0.3601725731210641, -0.36260589146180355, -0.5902981844631373, 0.0030668724533502653
-0.36012348880683576, -0.36265983498471566, -0.5903018175322186, 0.0024958572822344777
-0.3600847399687267, -0.3627025695972641, -0.5903047975634996, 0.0019036391813701968
-0.3600566051369398, -0.36273368162788555, -0.5903070235162712, 0.001295249010214232
-0.3600392854916905, -0.36275286895123826, -0.590308419917211, 0.0006758551607684441
-0.3600329044352437, -0.3627599448392249, -0.5903089394196958, 5.07196108821077e-05
-0.3600375073472334, -0.3627548403530855, -0.5903085644093491, -0.0005748468263729252
-0.360053061498133, -0.3627376052288406, -0.5903073076013614, -0.0011955296730082952
-0.3600794561114756, -0.36270840723836084, -0.5903052116093062, -0.0018060559879257505
-0.3601165025816193, -0.36266753003886176, -0.5903023475000888, -0.002401239211747826
-0.36016393486968257, -0.36261536955373774, -0.590298812384051, -0.0029760232695440767
-0.3602214101151602, -0.36255242895661954, -0.5902947261219955, -0.0035255255532636127
-0.3602885095138235, -0.36247931235742414, -0.5902902272608376, -0.004045078416107711
-0.36036473952337356, -0.362396717313363, -0.5902854683357561, -0.004530268824825729
-0.36044953346623687, -0.3623054263086025, -0.5902806106981794, -0.004976975832792378
-0.36054225360361514, -0.36220629736309584, -0.5902758190450169, -0.005381405556487573
-0.3606421937559423, -0.3621002539435286, -0.590271255834637, -0.005740123360389067
-0.3607485825422333, -0.36198827435713676, -0.5902670757789311, -0.006050082980021869
-0.3608605873042726, -0.36187138081217607, -0.5902634205981744, -0.0063086523397005885
-0.36097731877135886, -0.36175062832713323, -0.5902604142164851, -0.006513635850063195
-0.3610978365075883, -0.36162709366447554, -0.5902581585607112, -0.0066632930005476616
-0.3612211551668165, -0.3615018644542338, -0.5902567301051194, -0.006756353093240976
-0.36134625156096034, -0.3613760286583457, -0.5902561772789722, -0.006792025996780388
-0.3614720725257824, -0.36125066450911625, -0.5902565188248314, -0.006770008831976893
-0.36159754354541285, -0.36112683103491783, -0.5902577431632092, -0.006690488534342006
-0.3617215780733556, -0.36100555926419, -0.5902598087850977, -0.0065541402725262715
-0.361843087464362, -0.3608878441755641, -0.5902626456590743, -0.006362121735623732
-0.3619609914091172, -0.36077463743839266, -0.5902661576053088, -0.0061160633361701435
-0.36207422874298156, -0.36066684096487367, -0.5902702255560356, -0.005818054409266467
-0.3621817684817352, -0.36056530127304065, -0.590274711592008, -0.005470625521391647
-0.3622826209221205, -0.36047080463987413, -0.5902794636181493, -0.005076727034915572
-0.3623758486334967, -0.36038407300627984, -0.5902843205199358, -0.00463970410585268
-0.3624605771596051, -0.3603057605811628, -0.5902891176257303, -0.004163268322763818
-0.362536005246644, -0.3602364510807441, -0.5902936922899022, -0.0036514662236542656
-0.3626014144157397, -0.36017665553184364, -0.5902978894074353, -0.003108644954952863
-0.36265617770460257, -0.3601268105642541, -0.5903015666730379, -0.0025394153619046718
-0.3626997674144954, -0.36008727711752586, -0.5903045994063999, -0.001948612822679946
-0.36273176171445565, -0.36005833949132904, -0.5903068847799385, -0.0013412561589117033
-0.36275184997457677, -0.3600402046757927, -0.59030834530563, -0.0007225049729555994
-0.3627598367235566, -0.3600330019083835, -0.590308931462634, -9.76157766754989e-05
-0.3627556441520675, -0.3600367824165639, -0.5903086233765721, 0.0005281027122151005
-0.36273931311201746, -0.3600515193199416, -0.5903074314934836, 0.0011493347224495797
-0.3627110025917192, -0.36007710768131895, -0.5903053962255929, 0.0017608026421308534
-0.3626709876774571, -0.3601133647122132, -0.5903025865809038, 0.002357311903699423
-0.3626196560421737, -0.36016003015433184, -0.5902990978231215, 0.0029337951554422774
-0.3625575030310213, -0.3602167668734282, -0.5902950482412906, 0.0034853553407112534
-0.3624851254406426, -0.3602831617152562, -0.5902905751387357, 0.004007307316186624
-0.3624032141134301, -0.36035872668434665, -0.590285830177371, 0.004495217654028668
-0.36231254548904646, -0.36044290051453975, -0.5902809742352833, 0.004944942289408062
-0.3622139722726072, -0.3605350507051257, -0.5902761719519996, 0.005352661694462303
-0.3621084133916971, -0.36063447609781885, -0.5902715861463985, 0.005714913281926549
-0.361996843422557, -0.36074041006736823, -0.5902673722965346, 0.00602862076625604
-0.3618802816691633, -0.36085202439238395, -0.5902636732685158, 0.006291120236704889
-0.36175978107756623, -0.3609684338629754, -0.5902606144731035, 0.006500182725265509
-0.3616364171619295, -0.36108870166833706, -0.5902582996141946, 0.006654033082324218
-0.36151127710846276, -0.3612118455907716, -0.5902568071732633, 0.006751365004083255
-0.36138544920939597, -0.3613368450133577, -0.5902561877488917, 0.006791352087985368
-0.3612600127617488, -0.3614626487270618, -0.5902564623415343, 0.006773654825320054
-0.36113602854561555, -0.36158818350030253, -0.5902576216416295, 0.0066984234736693
-0.3610145299747326, -0.36171236335048396, -0.5902596263451833, 0.00656629678566135
-0.36089651498889264, -0.361834099433587, -0.5902624084861231, 0.006378396604445069
-0.3607829387342746, -0.3619523104454244, -0.5902658737402926, 0.006136318370182497
-0.36067470705454896, -0.3620659334072496, -0.5902699046230101, 0.005842117615488525
-0.36057267079362665, -0.3621739346899546, -0.5902743644718492, 0.005498292560921569
-0.36047762089072666, -0.3622753211156571, -0.5902791020796723, 0.005107762954134755
-0.36039028423071207, -0.36236915096371436, -0.5902839568208975, 0.004673845327904327
-0.3603113201979118, -0.36245454470056093, -0.5902887640972445, 0.004200224882714671
-0.3602413178702588, -0.3625306952496046, -0.5902933609183513, 0.0036909242286360306
-0.36018079378291445, -0.3625968776189813, -0.5902975914280585, 0.0031502692486055535
-0.3601301901866263, -0.36265245771127197, -0.5903013121889751, 0.0025828523706286715
-0.36008987372599677, -0.3626969001503081, -0.5903043970461108, 0.0019934935595686304
-0.3600601344664368, -0.3627297749756888, -0.5903067414046215, 0.0013871993598026488
-0.3600411852055192, -0.36275076307517184, -0.5903082657765576, 0.0007691203378256465
-0.36003316101448135, -0.36275966024831274, -0.5903089184763066, 0.00014450728862941498
-0.3600361189680724, -0.3627563798208302, -0.5903086773732792, -0.0004813334188355862
-0.36005003803531876, -0.36274095375757365, -0.5903075506423716, -0.0011030849737693814
-0.3600748191194323, -0.3627135322518438, -0.5903055764867505, -0.0017154653453802667
-0.3601102852512136, -0.3626743817992708, -0.5903028218423582, -0.0023132722058265896
-0.36015618195626564, -0.36262388179473837, -0.5902993801080959, -0.0028914271683820525
-0.36021217783137405, -0.3625625197199773, -0.5902953679786915, -0.0034450189613708295
-0.36027786537885, -0.36249088501675475, -0.5902909214876948, -0.003969345168328916
-0.3603527621588295, -0.3624096617651883, -0.5902861913948325, -0.004459952178111445
-0.3604363123279508, -0.36231962030802367, -0.5902813380741745, -0.0049126730050863595
-0.360527888638011, -0.36222160797913083, -0.5902765260764709, -0.00532366265890193
-0.3606267949698666, -0.36211653910760755, -0.5902719185500637, -0.0056894307653284435
-0.3607322694756835, -0.3620053844773683, -0.5902676717095272, -0.006006871164075833
-0.3608434883967164, -0.3618891604258545, -0.5902639295395612, -0.006273288235990528
-0.36095957061408934, -0.36176891776450104, -0.5902608189136606, -0.006486419740350599
-0.3610795829768282, -0.3616457306979859, -0.5902584452929992, -0.006644455972825185
-0.3612025464349915, -0.3615206859093808, -0.5902568891512964, -0.0067460550857750224
-0.3613274429866189, -0.3613948719645034, -0.5902562032468068, -0.006790354444690907
-0.361453223425968, -0.3612693691716439, -0.5902564108338737, -0.006776977927460884
-0.36157881585778573, -0.36114524001296, -0.590257504874638, -0.0067060391066028615
-0.36170313491888495, -0.36102352024199025, -0.5902594482776108, -0.006578140288392195
-0.3618250916248703, -0.360905210718631, -0.5902621751550299, -0.006394367416754397
-0.36194360373723766, -0.3607912700293834, -0.5902655930563944, -0.006156280883689299
-0.3620576065250344, -0.3606826079174468, -0.5902695861025062, -0.0058659023216503904
-0.3621660637766053, -0.3605800795251203, -0.590274018913815, -0.005525697486519072
-0.3622679789012513, -0.3604844804306112, -0.5902787411999528, -0.005138555372377369
-0.3623624059485907, -0.36039654244344677, -0.5902835928549078, -0.004707763730965266
-0.3624484603654291, -0.3603169301076732, -0.5902884093851414, -0.0042369811992660645
-0.36252532930646353, -0.3602462378504315, -0.5902930274866411, -0.0037302062678347798
-0.36259228131632193, -0.36018498770549046, -0.5902972905818245, -0.003191743349994535
-0.3626486752064173, -0.36013362753717026, -0.5903010541285533, -0.002626166237590218
-0.3626939679607588, -0.3600925296897044, -0.5903041905212173, -0.002038279252317577
-0.3627277215200184, -0.3600619899904015, -0.5903065934176559, -0.0014330764224573687
-0.36274960831244873, -0.3600422270417294, -0.5903081813451548, -0.0008156990328647394
-0.36275941542314993, -0.3600333817471967, -0.590308900463187, -0.00019139191104844083
-0.36275704731913705, -0.36003551702822845, -0.5903087263891706, 0.00043454117609548144
-0.3627425270758947, -0.36004861770349184, -0.590307665025301, 0.0010567826320287766
-0.3627159960808908, -0.3600725905176849, -0.590305752358402, 0.001670046259182464
-0.36267771221998624, -0.36010726432293527, -0.590303053239588, 0.0022691222177067065
-0.36262804658297065, -0.3601523904319488, -0.5902996591851442, 0.0028489213281628315
-0.3625674787537366, -0.36020764317719467, -0.5902956852732262, 0.003404518338101103
-0.36249659077804985, -0.36027262072397304, -0.5902912662416682, 0.003931193782120327
-0.3624160599267081, -0.3603468461966217, -0.5902865519192619, 0.004424474078023559
-0.36232665039345935, -0.3604297691857461, -0.590281702145475, 0.0048801695178762395
-0.36222920408478676, -0.36052076770982944, -0.590276881350906, 0.005294409831909652
-0.3621246306721023, -0.3606191507064611, -0.590272252982251, 0.005663677025035407
-0.36201389708577314, -0.36072416112660877, -0.5902679739608186, 0.005984835209968647
-0.36189801663448584, -0.36083497969967226, -0.5902641893624484, 0.006255157187312691
-0.3617780379328379, -0.36095072942765716, -0.5902610274991779, 0.006472347551146772
-0.36165503381473885, -0.3610704808538132, -0.5902585955693515, 0.00663456212840098
-0.36153009040063466, -0.36119325813491954, -0.5902569760235912, 0.006740423591327149
-0.36140429647300754, -0.36131804592744754, -0.5902562237697659, 0.006789033114427657
-0.36127873329771354, -0.3614437970767249, -0.5902563643116757, 0.006779977980047632
-0.36115446500901116, -0.3615694410755794, -0.5902573928845037, 0.006713335070248235
-0.3610325296544292, -0.36169389323550516, -0.5902592746163394, 0.006589670216352176
-0.36091393097256785, -0.36181606448992976, -0.5902619457102901, 0.006410033411489094
-0.3607996309534035, -0.36193487172645256, -0.5902653156071382, 0.006175949925374624
-0.36069054320738536, -0.36204924852374765, -0.590269270055262, 0.005889407394238861
-0.3605875271473806, -0.3621581561499524, -0.5902736749837993, 0.005552838992076578
-0.36049138296703154, -0.36226059466343574, -0.5902783810478077, 0.005169102822011533
-0.3604028473809444, -0.362355613944487, -0.5902832286913723, 0.004741457698324372
-0.36032259007692713, -0.36244232447819447, -0.5902880535570626, 0.004273535520343647
-0.3602512108185931, -0.36251990770492326, -0.5902926920583543, 0.0037693104686845687
-0.36018923712839535, -0.36258762575565584, -0.5902969869261007, 0.003233065281964102
-0.36013712247668783, -0.3626448303950466, -0.5903007925409816, 0.002669354897840979
-0.3600952449017705, -0.3626909710053874, -0.5903039798710997, 0.0020829677657356353
-0.3600639059889088, -0.3627256014594945, -0.5903064408472599, 0.001478885159594364
-0.3600433301428262, -0.3627483857495346, -0.5903080920275204, 0.0008622388373008157
-0.3600336640977263, -0.36275910226146024, -0.5903088774267071, 0.00023826740855745633
-0.36003497662104045, -0.3627576466104747, -0.5903087704148973, -0.0003877282149599438
-0.3600472583812371, -0.3627440329810303, -0.5903077746204587, -0.0010104299048078016
-0.3600704219655084, -0.36271839394457484, -0.5903059238070082, -0.0016245475489582012
-0.36010430204927135, -0.362680978758693, -0.5903032807284657, -0.0022248640441892785
-0.3601486557354514, -0.3626321501816231, -0.5902999350010457, -0.0028062796611708005
-0.36020316309673284, -0.3625723798655358, -0.5902960000643875, -0.0033638554016058586
-0.3602674279676894, -0.3625022424195433, -0.5902916093349134, -0.0038928549761828623
-0.36034097904527707, -0.36242240825848926, -0.5902869116819083, -0.0043887850448647734
-0.3604232713650378, -0.36233363537539365, -0.5902820663797592, -0.0048474333770043305
-0.36051368822607466, -0.3622367601934773, -0.5902772377075564, -0.005264904607698572
-0.3606115436400341, -0.362132687667464, -0.5902725893791873, -0.005637653288427121
-0.3607160853777712, -0.36202238081306315, -0.5902682789927723, -0.0059625139540802185
-0.3608264986820158, -0.3619068498480307, -0.5902644526876301, -0.00623672795468827
-0.36094191070518844, -0.36178714112787047, -0.5902612401898775, -0.006457966828226571
-0.36106139571881246, -0.36166432605433885, -0.5902587504145919, -0.006624352020503968
-0.36118398112501227, -0.3615394901256064, -0.5902570677735774, -0.006734470789082359
-0.361308654281829, -0.36141372228368307, -0.5902562493138509, -0.006787388160158326
-0.3614343701331255, -0.3612881046980214, -0.5902563227838052, -0.006782654840130366
-0.3615600596112797, -0.36116370310472456, -0.5902572856925752, -0.006720311016952287
-0.36168463875749524, -0.3610415577991768, -0.5902591053944763, -0.006600886020126559
-0.3618070184810275, -0.360922675356947, -0.5902617201956495, -0.006425393842122508
-0.36192611485585924, -0.36080802113429744, -0.5902650414454244, -0.006195324557919409
-0.36204085983204715, -0.36069851257630514, -0.5902689565415394, -0.005912631713079835
-0.3621502122198562, -0.36059501333825994, -0.5902733327473824, -0.005579715784054575
-0.36225316878867486, -0.3604983282053711, -0.5902780216919107, -0.005199403847095605
-0.3623487753100232, -0.3604091987774578, -0.5902828643997309, -0.0047749256239834415
-0.3624361373654036, -0.3603282998698716, -0.5902876966808587, -0.004309886103517278
-0.3625144307355326, -0.36025623656974204, -0.5902923546974536, -0.003808234967112661
-0.36258291118797725, -0.3601935418780826, -0.5902966805187931, -0.0032742330746281362
-0.3626409234854797, -0.3601406748635758, -0.5903005274761444, -0.002712416292416548
-0.36268790944722196, -0.3600980192528941, -0.5903037651359311, -0.0021275569692785646
-0.3627234149097843, -0.360065882385205, -0.5903062837225315, -0.0015246233872021559
-0.3627470954532577, -0.3600444944647605, -0.5903079978406904, -0.0009087375322268761
-0.3627587207803773, -0.360034008054812, -0.5903088493712646, -0.00028513154622551354
-0.36275817766206, -0.3600344977680632, -0.5903088094420686, 0.0003408967673745371
-0.3627454713907019, -0.36004596012288004, -0.5903078794069497, 0.0009640290020830276
-0.3627207257121777, -0.36006831354989144, -0.59030609079988, 0.0015789713839202523
-0.3626841812378995, -0.3601013985496929, -0.5903035042656155, 0.0021804997952785993
-0.3626361923686776, -0.3601449780184469, -0.5903002075032107, 0.002763504200265493
-0.3625772227916093, -0.360198737773468, -0.5902963122921531, 0.003323032090325213
-0.3625078396389849, -0.36026228732474463, -0.5902919507020118, 0.0038543305780714813
-0.36242870642347824, -0.36033516095009543, -0.5902872706141749, 0.0043528867797880105
-0.36234057488599836, -0.3604168191407586, -0.5902824307075767, 0.004814466142784753
-0.3622442759109086, -0.3605066504901602, -0.5902775950784762, 0.005235148392508933
-0.36214070967743217, -0.3606039741010536, -0.5902729276767312, 0.005611360795747677
-0.3620308352256416, -0.360708042584978, -0.5902685867472278, 0.00593990846014844
-0.361915659620225, -0.3608180457228586, -0.5902647194648987, 0.006218001416338659
-0.36179622689531177, -0.36093311484673285, -0.5902614569452067, 0.0064432782568587975
-0.36167360695902284, -0.36105232799010645, -0.590258909799197, 0.006613826135649926
-0.36154888462744716, -0.36117471583872907, -0.5902571643837631, 0.006728196962686359
-0.3614231489447708, -0.3612992684950198, -0.5902562798741926, 0.006785419660258636
-0.3612974829298161, -0.3614249430485216, -0.5902562862581812, 0.006785008380151719
-0.3611729538699825, -0.3615506719223526, -0.5902571833192916, 0.006726966614303682
-0.3610506042620536, -0.36167537194220356, -0.590258940644288, 0.00661178716526257
-0.36093144347649575, -0.36179795405095916, -0.5902614986541069, 0.006440447976683341
-0.3608164401983257, -0.36191733356912636, -0.5902647706235279, 0.006214403858029945
-0.3607065156742849, -0.362032440879816, -0.5902686456211158, 0.005935574171375511
-0.36060253777361284, -0.3621422323977489, -0.5902729922698181, 0.0056063265815271416
-0.360505315848906, -0.3622457016653464, -0.5902776632007807, 0.00522945700343137
-0.36041559636503995, -0.3623418904060577, -0.5902825000494433, 0.004808165912717434
-0.36033405924843565, -0.36242989935615144, -0.5902873388245772, 0.004346031216067848
-0.36026131489654656, -0.3625088986916669, -0.5902920154682647, 0.0038469779076121743
-0.3601979017786304, -0.3625781378673558, -0.5902963714183254, 0.0033152447654478884
-0.36014428455382685, -0.3626369546893311, -0.5903002589845829, 0.0027553483684183053
-0.36010085263134695, -0.362684783452764, -0.5903035463566552, 0.002172044737134299
-0.36006791910009484, -0.36272116199016313, -0.5903061220734298, 0.0015702889246271647
-0.36004571996103474, -0.3627457374941465, -0.5903078988026237, 0.0009551929006906463
-0.3600344136047434, -0.36275827100077473, -0.5903088163022079, 0.0003319820896563637
-0.36003408048839625, -0.3627586404448435, -0.5903088434632403, -0.0002940490661748718
-0.36004472298029677, -0.3627468422263125, -0.5903079793647911, -0.0009175821361381725
-0.3600662653553861, -0.36272299125656093, -0.5903062533051725, -0.0015333199369858632
-0.360098553941249, -0.36268731948354904, -0.5903037238084116, -0.0021360315860491
-0.3601413574302106, -0.36264017292536255, -0.5903004766396762, -0.0027205969846986937
-0.3601943673885166, -0.36258200727121426, -0.5902966218969862, -0.003282050350358895
-0.3602571990075676, -0.3625133821368871, -0.5902922902778706, -0.00381562242420264
-0.3603293921541183, -0.36243495408709436, -0.5902876286476205, -0.004316780993933845
-0.3604104127856621, -0.3623474685596061, -0.5902827950594594, -0.004781269386560191
-0.36049965480341106, -0.3622517508446108, -0.5902779533955226, -0.005205142604556502
-0.3605964424180176, -0.3621486962872329, -0.5902732678103797, -0.005584800800061712
-0.360700033102205, -0.3620392598910471, -0.5902688971655066, -0.005917019805467851
-0.3608096211996449, -0.36192444550559144, -0.5902649896433901, -0.00619897846466289
-0.3609243422508597, -0.3618052947813143, -0.5902616777238396, -0.006428282536990771
-0.3610432780847064, -0.36168287607113025, -0.5902590736927803, -0.006602984975409717
-0.3611654627085009, -0.36155827344908664, -0.5902572658357305, -0.006721602411089047
-0.3612898890115075, -0.36143257600398315, -0.590256315444967, -0.006783127708528164
-0.36141551627578705, -0.3613068675495351, -0.5902562547417721, -0.006787038487967416
-0.3615412784660912, -0.36118221687359353, -0.5902570857841759, -0.006733301545163105
-0.3616660932471276, -0.36105966862757044, -0.590258780397191, -0.006622373132309235
-0.36178887165300955, -0.36094023493442207, -0.5902612811279081, -0.006455195097804864
-0.36190852831075604, -0.36082488777004373, -0.5902645031930899, -0.0062331869164961515
-0.36202399209812497, -0.36071455214954184, -0.5902683373532792, -0.0059582336757713255
-0.3621342170965989, -0.3606101001272968, -0.5902726536160304, -0.005632670116257059
-0.3622381936837047, -0.3605123455988014, -0.5902773056427764, -0.005259260858647046
-0.3623349595956543, -0.3604220398735427, -0.5902821357099859, -0.004841176980164835
-0.36242361078204466, -0.3603398679722708, -0.5902869800564551, -0.004381969135084141
-0.3625033118695008, -0.36026644558934406, -0.5902916744354739, -0.0038855374433448124
-0.3625733060509182, -0.36020231665174374, -0.5902960596836391, -0.0033560983993397484
-0.36263292422148763, -0.36014795140102396, -0.5902999871174941, -0.002798149079125576
-0.3626815931919649, -0.36010374492296515, -0.5903033235749885, -0.0022164289483385825
-0.36271884282349554, -0.3600700160519308, -0.5903059559307763, -0.0016158795946919758
-0.3627443119464071, -0.36004700658268696, -0.5903077949322008, -0.0010016027278146116
-0.36275775294725077, -0.3600348807313398, -0.5903087782258369, -0.0003788168051092843
-0.3627590349335005, -0.3600337247986739, -0.5903088724719189, 0.0002471873449657992
-0.36274814541293776, -0.360043547002903, -0.5903080744749155, 0.0008710915214443736
-0.3627251904541632, -0.3600642774640931, -0.5903064112918908, 0.001487595384658964
-0.3626903933250196, -0.3600957683385536, -0.5903039393149817, 0.0020914615365302588
-0.3626440916361574, -0.36013779411760816, -0.5903007423591139, 0.002677560060003085
-0.3625867330466368, -0.3601900521206195, -0.5902969288198421, 0.0032409121353594904
-0.3625188696165347, -0.36025216322625697, -0.5902926279977304, 0.003776732359752845
-0.36244115091724416, -0.3603236728981186, -0.5902879857139672, 0.004280469408335099
-0.3623543160327275, -0.36040405257030794, -0.590283159365925, 0.00474784469061322
-0.36225918460396755, -0.3604927014650554, -0.5902783125903657, 0.0051748886739512445
-0.36215664708359907, -0.36058894891743976, -0.5902736097152689, 0.005557974567181023
-0.3620476543779748, -0.3606920572815786, -0.5902692101884113, 0.005893849080824706
-0.36193320705945686, -0.36080122548812943, -0.5902652631715799, 0.006179660006181627
-0.3618143443324924, -0.3609155933146395, -0.5902619024836727, 0.00641298038320143
-0.3616921329331261, -0.36103424641833937, -0.5902592420640848, 0.006591829056371812
-0.3615676561332566, -0.3611562221657112, -0.5902573721101295, 0.006714687448516749
-0.36144200300853213, -0.36128051627499935, -0.5902563560193865, 0.0067805124141723785
-0.36131625811282775, -0.361406090267298, -0.5902562282405819, 0.006788745066838111
-0.3611914916833183, -0.361531879699599, -0.5902569931058215, 0.0067393155076648096
-0.3610687504789525, -0.36165680312990023, -0.590258624683737, 0.006632643416828425
-0.36094904933243566, -0.36177977174093545, -0.5902610676585267, 0.006469634502745305
-0.3608333634723252, -0.36189969952607215, -0.5902642392051015, 0.006251672838221027
-0.36072262164844826, -0.3620155139192136, -0.5902680317968084, 0.005980609146394213
-0.3606177000711881, -0.36212616673089104, -0.5902723168505927, 0.005658745132742503
-0.3605194171541297, -0.362230645235865, -0.5902769490860779, 0.0052888139922516834
-0.3604285290306315, -0.36232798324406823, -0.5902817714508339, 0.00487395725288913
-0.36034572579876856, -0.3624172719771931, -0.5902866204449071, 0.004417698147531016
-0.36027162843614957, -0.36249767056799487, -0.5902913316641142, 0.003923911736214964
-0.36020678631675784, -0.3625684159988304, -0.5902957453741806, 0.003396792028754635
-0.3601516752563517, -0.36262883230010323, -0.5902997119267237, 0.0028408163840794504
-0.36010669601116674, -0.36267833883822975, -0.5903030968334184, 0.0022607074868624217
-0.3600721731566323, -0.36271645753624127, -0.5903057853262589, 0.001661393223785466
-0.36004835427831494, -0.3627428188879419, -0.5903076862492359, 0.001047964800887848
-0.3600354094159791, -0.3627571666481514, -0.5903087351494205, 0.00042563345959187164
-0.36003343071308624, -0.3627593611064548, -0.5903088964625816, -0.00020031383802865694
-0.3600424322376756, -0.36274938087935815, -0.5903081647191946, -0.0008245593745682219
-0.3600623499556842, -0.36272732318503276, -0.5903065647299168, -0.0014417999069400562
-0.3600930418538081, -0.3626934025951596, -0.5903041507442394, -0.0020467917716192456
-0.36013428822511406, -0.3626479482888304, -0.5903010046108615, -0.0026343954779083907
-0.36018579214615487, -0.3625913998632262, -0.5902972330022007, -0.0031996194064528856
-0.36024718018859536, -0.36252430178402273, -0.5902929637971994, -0.0037376622385842124
-0.3603180034206085, -0.3624472965843585, -0.5902883417451339, -0.004243953753848333
-0.360397738763068, -0.362361116944086, -0.5902835235575115, -0.004714193648104458
-0.360485790772226, -0.3622665768002463, -0.5902786725945177, -0.005144388042642728
-0.36058149392385375, -0.3621645616548099, -0.5902739533262089, -0.00553088337561779
-0.3606841154733852, -0.36205601825632194, -0.5902695257562595, -0.005870397390458423
-0.36079285896238855, -0.3619419438380026, -0.5902655399973162, -0.0061600469615072945
-0.3609068684336453, -0.3618233750959644, -0.5902621311818516, -0.006397372524680674
-0.3610252334054471, -0.36170137708764394, -0.5902594148810087, -0.006580358910131002
-0.36114699464069555, -0.3615770322225341, -0.590257483186698, -0.006707452404470471
-0.36127115072841465, -0.36145142950516573, -0.5902564015897159, -0.006777573901810596
-0.36139666547492766, -0.3613256541745956, -0.5902562067596643, -0.006790128035447168
-0.3615224760797803, -0.3612007778659033, -0.5902569053018993, -0.006745008215244164
-0.3616475020482768, -0.36107784939817156, -0.590258473533616, -0.006642597529432142
-0.36177065476895054, -0.3609578862707772, -0.5902608582866652, -0.0064837655034347096
-0.3618908476611977, -0.3608418669263832, -0.5902639787098969, -0.0062698607422768185
-0.3620070067764709, -0.36073072381555193, -0.5902677290099634, -0.006002699516917612
-0.362118081716611, -0.36062533727519985, -0.590271982037717, -0.00568455038829041
-0.3622230567157808, -0.3605265302118794, -0.59027659359867, -0.005318114995716593
-0.3623209617187193, -0.36043506356179045, -0.5902814073414405, -0.004906505168467794
-0.36241088327818194, -0.3603516324830617, -0.5902862600585005, -0.004453216550345121
-0.3624919750888753, -0.36027686322266017, -0.590290987219542, -0.003962098956971583
-0.36256346797428474, -0.3602113105906465, -0.5902954285498802, -0.0034373237137851564
-0.36262467914658003, -0.36015545596859677, -0.5902994334647428, -0.0028833482491944827
-0.3626750205683975, -0.3601097057769441, -0.5903028661751778, -0.002304878241727497
-0.3627140062584364, -0.36007439032767374, -0.5903056102924049, -0.0017068276419811433
-0.36274125840032656, -0.36004976299405955, -0.5903075727744491, -0.0010942769094864566
-0.3627565121355446, -0.3600359996375715, -0.5903086870811678, -0.0004724298209814291
-0.3627596189458565, -0.3600331982433562, -0.5903089154306481, 0.0001534307801997663
-0.3627505485580341, -0.3600413787291269, -0.5903082500804154, 0.0007779879140511958
-0.36272938933280907, -0.36006048290737536, -0.5903067135899877, 0.0013959356872073364
-0.362696347130274, -0.3600903745967736, -0.5903043580558645, 0.0020020244209646575
-0.36265174267442724, -0.360130839894786, -0.5903012633449088, 0.0025911052962287163
-0.36259600746939946, -0.36018158763912245, -0.5902975343860579, 0.003158174132130048
-0.36252967834825833, -0.3602422501000251, -0.5902932976122447, 0.0036984139231415122
-0.3624533907613978, -0.3603123839578176, -0.5902886966732308, 0.0042072357710567845
-0.3623678709346284, -0.3603914716301053, -0.5902838875647746, 0.004680317862982044
-0.36227392704661154, -0.360478923019938, -0.5902790333393345, 0.005113642164336839
-0.3621724395906992, -0.3605740777597852, -0.5902742985776822, 0.005503528516509164
-0.3620643510971888, -0.3606762080260344, -0.5902698438088815, 0.005846665851994599
-0.36195065539826343, -0.3607845219947805, -0.5902658200678179, 0.006140140265285965
-0.36183238661935824, -0.360898168001918, -0.5902623637747733, 0.006381459705180341
-0.3617106080774859, -0.3610162394591463, -0.5902595921106036, 0.00656857508324893
-0.3615864012593375, -0.3611377805626973, -0.5902575990442599, 0.006699897623696159
-0.36146085504016645, -0.3612617928138393, -0.590256452147269, 0.006774312311456054
-0.3613350552889837, -0.36138724234999897, -0.5902561903031187, 0.006791187327890512
-0.36121007498707414, -0.36151306806329186, -0.5902568223891548, 0.0067503793966373245
-0.3610869649659345, -0.3616381904600856, -0.5902583269756511, 0.006652234995791874
-0.36096674534820883, -0.3617615211916785, -0.5902606530522481, 0.006497587426493692
-0.360850397751763, -0.36188197316301196, -0.5902637217571488, 0.00628774976193289
-0.3607388582935692, -0.3619984711043924, -0.5902674290504812, 0.0060245037345981875
-0.3606330114072721, -0.36210996247119787, -0.5902716492412463, 0.005710084653061689
-0.36053368446695067, -0.3622154285192045, -0.5902762392483383, 0.005347162472528388
-0.36044164319032046, -0.36231389538916026, -0.5902810434512357, 0.004938819175552582
-0.3603575877780234, -0.36240444502404434, -0.590285898965955, 0.004488522650501889
-0.3602821497322555, -0.3624862257366088, -0.5902906411674388, 0.004000097285281033
-0.3602158892880176, -0.3625584622434749, -0.590295109271152, 0.0034776915222437593
-0.36015929338414454, -0.3626204649855499, -0.5902991517846503, 0.0029257426468412787
-0.36011277409886366, -0.3626716385627258, -0.5903026316442487, 0.002348939107092356
-0.36007666747609135, -0.36271148912368767, -0.5903054308625907, 0.0017521806831260333
-0.3600512326736123, -0.3627396305688111, -0.5903074545294767, 0.0011405368455642256
-0.3600366513725777, -0.3627557894452337, -0.590308634030243, 0.0005192036581166956
-0.3600330273987544, -0.3627598084375998, -0.5903089293724989, -0.00010654040677860741
-0.3600403865193226, -0.36275164838513363, -0.5903083305422975, -0.0007313793603185595
-0.3600586763939465, -0.3627313887847522, -0.5903068578437141, -0.0013500049121273133
-0.3600877666747897, -0.36269922677015565, -0.5903045612103213, -0.0019571616188798235
-0.3601274492662818, -0.3626554745873083, -0.5903015185119143, -0.0025476915787792627
-0.3601774387711484, -0.36260055561666804, -0.5902978329139391, -0.003116578288168046
-0.3602373731636619, -0.3625349990209954, -0.5902936293792085, -0.003658989284378243
-0.36030681474370496, -0.3624594331238896, -0.5902890504305749, -0.004170317210202362
-0.360385251435384, -0.36237457764756364, -0.5902842513183003, -0.00464621894992033
-0.36047209850109607, -0.362281234958164, -0.590279394756025, -0.005082652504441729
-0.36056670074576036, -0.36218028048269835, -0.5902746454038527, -0.005475911293570928
-0.3606683352860698, -0.36207265247292764, -0.5902701642856283, -0.005822655596406938
-0.36077621495595147, -0.3619593412981732, -0.5902661033296784, -0.006119940866167944
-0.3608894924119671, -0.36184137845085373, -0.5902626002180843, -0.0063652426829939246
-0.36100726499122926, -0.3617198254456673, -0.5902597737190737, -0.006556478137243044
-0.36112858035987017, -0.3615957627859743, -0.590257719660722, -0.006692023466183109
-0.361252442972527, -0.36147027915939345, -0.5902565076824046, -0.006770727798523958
-0.3613778213432822, -0.36134446100942497, -0.5902561788740814, -0.006791922893694465
-0.36150365610653956, -0.36121938261157427, -0.5902567443833965, -0.006755428795908779
-0.36162886882322476, -0.3610960967617255, -0.5902581850377874, -0.006661555356675663
-0.3617523714641463, -0.36097562616205037, -0.5902604519944095, -0.006511099613279908
-0.3618730764791409, -0.36085895556637504, -0.5902634683958538, -0.006305339044711331
-0.3619899073385697, -0.36074702472341347, -0.5902671319755597, -0.006046020760340235
-0.3621018094135362, -0.36064072213339904, -0.5902713185246409, -0.0057353467101439355
-0.36220776104368013, -0.3605408796121803, -0.5902758861026549, -0.005375955038269634
-0.362306784627066, -0.3604482676373595, -0.5902806798496114, -0.0049708977339575616
-0.3623979575562508, -0.36036359143428487, -0.5902855372361312, -0.004523614765110318
-0.36248042281838644, -0.36028748774600616, -0.5902902935737966, -0.004037904909828143
-0.3625533990755845, -0.3602205222211241, -0.5902947875988843, -0.0035178935297690782
-0.36261619004486445, -0.3601631873469894, -0.5902988669401651, -0.002967997555957493
-0.36266819300488695, -0.360115900853078, -0.5903023932853608, -0.0023928879823671718
-0.3627089062691631, -0.3600790045104827, -0.5903052470710378, -0.0017974501849583764
-0.3627379354823155, -0.36005276325821656, -0.5903073315368743, -0.001186742403572411
-0.36275499861674876, -0.3600373645950009, -0.590308576006769, -0.0005659527409187266
-0.3627599295713181, -0.3600329181860953, -0.5903089382854821, 5.9644953406766384e-05
-0.3627526803005259, -0.3600394556478731, -0.5903084060895032, 0.0006847359355591866
-0.3627333214317402, -0.3600569304877287, -0.5903069974635936, 0.001304009771536355
-0.3627020413580859, -0.36008521819276074, -0.5903047601688756, 0.0019122055042267742
-0.36265914382514974, -0.36012411647684783, -0.5903017700632254, 0.00250415639526374
-0.36260504405965055, -0.3601733457114804, -0.5902981285289237, 0.003074833857521693
-0.3625402635168451, -0.36023254958028017, -0.5902939590348312, 0.003619390201653342
-0.3624654233499396, -0.3603012960099419, -0.590289402949713, 0.004133199831088151
-0.36238123672837297, -0.3603790784406494, -0.5902846147487296, 0.004611898534228748
-0.362288500151951, -0.3604653175064746, -0.5902797567756749, 0.005051420539983801
-0.3621880839238477, -0.3605593632002837, -0.5902749937385879, 0.005448033023021311
-0.3620809219571508, -0.36066049759814256, -0.5902704871253917, 0.00579836776794933
-0.36196800109657734, -0.3607679382148108, -0.5902663897288849, 0.006099449726748587
-0.3618503501391931, -0.3608808420547439, -0.5902628404666985, 0.006348722230906379
-0.36172902873542745, -0.3609983104121367, -0.5902599596717878, 0.006544068648545853
-0.3616051163446464, -0.36111939445924524, -0.590257845013082, 0.006683830307132942
-0.36147970140829166, -0.3612431016448646, -0.590256568184529, 0.006766820533810274
-0.36135387088864623, -0.3613684029049614, -0.5902561724747274, 0.006792334697804248
-0.3612287003031742, -0.3614942406656442, -0.5902566712994929, 0.00676015617244957
-0.36110524436380775, -0.36161953759562515, -0.5902580477470828, 0.0066705581679560606
-0.36098452830818006, -0.36174320604174526, -0.5902602551514795, 0.006524301419905615
-0.36086753998649423, -0.3618641580579204, -0.590263218674315, 0.006322627752413849
-0.36075522274419236, -0.3619813159156511, -0.5902668378418368, 0.006067249568731469
-0.3606484691176257, -0.3620936229639182, -0.5902709899509538, 0.005760335355595823
-0.36054811533833064, -0.36220005468849936, -0.5902755342289494, 0.005404491320671312
-0.3604549366218732, -0.3622996298061939, -0.5902803166058916, 0.005002739314719058
-0.36036964320022236, -0.3623914212186684, -0.5902851749379963, 0.004558491221479789
-0.360292877042668, -0.3624745666440936, -0.5902899445048884, 0.004075520028389045
-0.3602252091998531, -0.3625482787427554, -0.5902944635944075, 0.003557927819904245
-0.36016713769872677, -0.36261185455556944, -0.5902985789855968, 0.0030101109621306884
-0.3601190859133093, -0.3626646840819404, -0.5903021511439593, 0.0024367227723004195
-0.3600814013370033, -0.3627062578355762, -0.5903050589527874, 0.0018426339891972645
-0.3600543546866598, -0.36273617323341345, -0.5903072038200896, 0.0012328913805513969
